window_id,sample_index,planned_at_utc,collected_at_utc,product_id,depth,status,error,sequence,snapshot_time_utc,bid_volume,ask_volume,imbalance,best_bid,best_ask,mid_price,spread,spread_bps,bids_json,asks_json
btc_usd_d10_20260704T001122Z,0,2026-07-04T00:11:22.600030Z,2026-07-04T00:11:22.600070Z,BTC-USD,10,ok,,131986213672,2026-07-04T00:11:22.159971419Z,0.55316691,0.44666734,0.10651722523,62780.910000000003,62780.919999999998,62780.915000000001,0.009999999995,0.001592840753,"[{""price"":62780.91,""size"":0.04193697,""num_orders"":3},{""price"":62780.9,""size"":0.03,""num_orders"":1},{""price"":62780.88,""size"":0.03,""num_orders"":1},{""price"":62777.7,""size"":0.00796461,""num_orders"":1},{""price"":62777.5,""size"":0.00398232,""num_orders"":1},{""price"":62776.76,""size"":0.18921381,""num_orders"":3},{""price"":62776.36,""size"":0.12743649,""num_orders"":1},{""price"":62776.01,""size"":0.09560989,""num_orders"":1},{""price"":62776.0,""size"":0.0256,""num_orders"":1},{""price"":62775.85,""size"":0.00142282,""num_orders"":1}]","[{""price"":62780.92,""size"":0.02000063,""num_orders"":2},{""price"":62781.58,""size"":0.00485,""num_orders"":1},{""price"":62781.94,""size"":0.16224473,""num_orders"":1},{""price"":62781.95,""size"":0.12742516,""num_orders"":1},{""price"":62782.72,""size"":1.8e-05,""num_orders"":1},{""price"":62782.74,""size"":0.09560989,""num_orders"":1},{""price"":62783.43,""size"":0.00014932,""num_orders"":2},{""price"":62783.55,""size"":2.391e-05,""num_orders"":1},{""price"":62784.0,""size"":0.0244,""num_orders"":1},{""price"":62784.06,""size"":0.0119457,""num_orders"":2}]"
btc_usd_d10_20260704T001122Z,1,2026-07-04T00:12:22.600030Z,2026-07-04T00:12:22.600140Z,BTC-USD,10,ok,,131986254615,2026-07-04T00:12:21.685296309Z,0.36734547,0.57184713,-0.217741983913,62783.419999999998,62783.43,62783.425000000003,0.010000000002,0.001592777075,"[{""price"":62783.42,""size"":0.00088229,""num_orders"":3},{""price"":62782.72,""size"":1.797e-05,""num_orders"":1},{""price"":62780.92,""size"":0.03977123,""num_orders"":1},{""price"":62780.91,""size"":0.0159284,""num_orders"":2},{""price"":62780.28,""size"":0.01194642,""num_orders"":2},{""price"":62779.64,""size"":1.8e-05,""num_orders"":1},{""price"":62779.32,""size"":0.027701,""num_orders"":1},{""price"":62778.66,""size"":0.09560989,""num_orders"":1},{""price"":62778.65,""size"":0.12743184,""num_orders"":1},{""price"":62778.02,""size"":0.04803843,""num_orders"":1}]","[{""price"":62783.43,""size"":0.05026621,""num_orders"":6},{""price"":62783.58,""size"":0.00159279,""num_orders"":1},{""price"":62783.59,""size"":0.00159279,""num_orders"":1},{""price"":62783.9,""size"":0.1274212,""num_orders"":1},{""price"":62783.97,""size"":0.19832696,""num_orders"":2},{""price"":62783.98,""size"":0.04803843,""num_orders"":1},{""price"":62784.0,""size"":0.0243,""num_orders"":1},{""price"":62785.0,""size"":0.02390248,""num_orders"":1},{""price"":62785.01,""size"":0.09560989,""num_orders"":1},{""price"":62785.3,""size"":0.00079638,""num_orders"":1}]"
btc_usd_d10_20260704T001122Z,2,2026-07-04T00:13:22.600030Z,2026-07-04T00:13:22.600139Z,BTC-USD,10,ok,,131986289625,2026-07-04T00:13:20.528750283Z,0.60146453,0.95202406,-0.225659546041,62761.160000000003,62761.169999999998,62761.165000000001,0.009999999995,0.001593341997,"[{""price"":62761.16,""size"":4.365e-05,""num_orders"":2},{""price"":62758.65,""size"":0.01593406,""num_orders"":2},{""price"":62758.08,""size"":1.8e-05,""num_orders"":1},{""price"":62758.02,""size"":0.01195066,""num_orders"":2},{""price"":62755.0,""size"":1.8e-05,""num_orders"":1},{""price"":62754.2,""size"":0.38843472,""num_orders"":1},{""price"":62752.18,""size"":0.00952153,""num_orders"":2},{""price"":62751.92,""size"":1.8e-05,""num_orders"":1},{""price"":62751.87,""size"":0.04803843,""num_orders"":1},{""price"":62751.25,""size"":0.12748748,""num_orders"":1}]","[{""price"":62761.17,""size"":0.33825543,""num_orders"":8},{""price"":62761.18,""size"":6.7e-07,""num_orders"":1},{""price"":62761.19,""size"":0.01,""num_orders"":1},{""price"":62761.2,""size"":0.25183393,""num_orders"":2},{""price"":62761.52,""size"":0.04803843,""num_orders"":1},{""price"":62761.53,""size"":0.09560989,""num_orders"":1},{""price"":62761.64,""size"":0.00159332,""num_orders"":1},{""price"":62761.73,""size"":0.02390248,""num_orders"":1},{""price"":62761.74,""size"":0.12746621,""num_orders"":1},{""price"":62761.86,""size"":0.0553237,""num_orders"":1}]"
btc_usd_d10_20260704T001122Z,3,2026-07-04T00:14:22.600030Z,2026-07-04T00:14:22.600140Z,BTC-USD,10,ok,,131986364925,2026-07-04T00:14:21.837189304Z,0.98981995,0.61211112,0.235783447287,62803.970000000001,62803.980000000003,62803.975000000006,0.010000000002,0.001592255905,"[{""price"":62803.97,""size"":0.06207555,""num_orders"":3},{""price"":62803.31,""size"":0.25724284,""num_orders"":1},{""price"":62802.74,""size"":0.12738295,""num_orders"":1},{""price"":62802.37,""size"":0.26998874,""num_orders"":1},{""price"":62802.02,""size"":0.09543932,""num_orders"":1},{""price"":62802.0,""size"":0.0264,""num_orders"":1},{""price"":62801.46,""size"":0.0159232,""num_orders"":2},{""price"":62801.2,""size"":1.8e-05,""num_orders"":1},{""price"":62800.83,""size"":0.00796168,""num_orders"":1},{""price"":62800.42,""size"":0.12738767,""num_orders"":1}]","[{""price"":62803.98,""size"":2.7e-07,""num_orders"":1},{""price"":62804.04,""size"":0.00019292,""num_orders"":1},{""price"":62804.83,""size"":0.00133656,""num_orders"":1},{""price"":62807.99,""size"":0.13856654,""num_orders"":1},{""price"":62808.0,""size"":0.0264,""num_orders"":1},{""price"":62808.54,""size"":0.09543932,""num_orders"":1},{""price"":62808.55,""size"":0.1273712,""num_orders"":1},{""price"":62808.75,""size"":0.00238838,""num_orders"":1},{""price"":62809.45,""size"":0.19401593,""num_orders"":1},{""price"":62810.0,""size"":0.0264,""num_orders"":1}]"
btc_usd_d10_20260704T001122Z,4,2026-07-04T00:15:22.600030Z,2026-07-04T00:15:22.600198Z,BTC-USD,10,ok,,131986414297,2026-07-04T00:15:21.014411086Z,0.81622412,0.42267713,0.317658078075,62773.470000000001,62773.480000000003,62773.475000000006,0.010000000002,0.00159302954,"[{""price"":62773.47,""size"":0.07267961,""num_orders"":2},{""price"":62773.17,""size"":0.14792606,""num_orders"":1},{""price"":62773.16,""size"":0.09543932,""num_orders"":1},{""price"":62773.14,""size"":0.12744303,""num_orders"":1},{""price"":62772.0,""size"":0.0249,""num_orders"":1},{""price"":62771.56,""size"":0.19154657,""num_orders"":3},{""price"":62771.42,""size"":0.00179255,""num_orders"":1},{""price"":62770.74,""size"":0.00314685,""num_orders"":1},{""price"":62770.68,""size"":0.12744803,""num_orders"":1},{""price"":62770.49,""size"":0.0239021,""num_orders"":1}]","[{""price"":62773.48,""size"":1.929e-05,""num_orders"":2},{""price"":62776.56,""size"":1.8e-05,""num_orders"":1},{""price"":62776.66,""size"":9.956e-05,""num_orders"":1},{""price"":62777.16,""size"":0.00796468,""num_orders"":1},{""price"":62777.99,""size"":0.09543932,""num_orders"":1},{""price"":62778.07,""size"":0.0478042,""num_orders"":1},{""price"":62778.76,""size"":0.00485,""num_orders"":1},{""price"":62779.45,""size"":0.13903386,""num_orders"":1},{""price"":62779.46,""size"":0.12743022,""num_orders"":1},{""price"":62779.64,""size"":1.8e-05,""num_orders"":1}]"
btc_usd_d10_20260704T001122Z,5,2026-07-04T00:16:22.600030Z,2026-07-04T00:16:22.600233Z,BTC-USD,10,ok,,131986449623,2026-07-04T00:16:21.686224770Z,0.3122813,0.83109766,-0.45375713403,62790.419999999998,62790.43,62790.425000000003,0.010000000002,0.001592599509,"[{""price"":62790.42,""size"":0.04940699,""num_orders"":8},{""price"":62790.4,""size"":0.02999993,""num_orders"":1},{""price"":62788.0,""size"":0.0289,""num_orders"":1},{""price"":62787.59,""size"":0.00026755,""num_orders"":1},{""price"":62786.3,""size"":0.00120255,""num_orders"":1},{""price"":62786.03,""size"":0.07570135,""num_orders"":1},{""price"":62786.02,""size"":0.09543932,""num_orders"":1},{""price"":62786.0,""size"":0.0289,""num_orders"":1},{""price"":62784.97,""size"":0.00238892,""num_orders"":1},{""price"":62784.49,""size"":7.469e-05,""num_orders"":1}]","[{""price"":62790.43,""size"":0.01535156,""num_orders"":3},{""price"":62790.44,""size"":0.12740793,""num_orders"":1},{""price"":62791.58,""size"":0.24896802,""num_orders"":2},{""price"":62791.59,""size"":0.09543932,""num_orders"":1},{""price"":62791.93,""size"":0.16828077,""num_orders"":1},{""price"":62791.96,""size"":1.8e-05,""num_orders"":1},{""price"":62792.01,""size"":6e-06,""num_orders"":1},{""price"":62792.44,""size"":0.0002986,""num_orders"":2},{""price"":62792.94,""size"":0.01607466,""num_orders"":4},{""price"":62793.25,""size"":0.1592528,""num_orders"":1}]"
btc_usd_d10_20260704T001122Z,6,2026-07-04T00:17:22.600030Z,2026-07-04T00:17:22.600187Z,BTC-USD,10,ok,,131986481987,2026-07-04T00:17:20.684907576Z,0.34448491,0.42632829,-0.106177968929,62769.709999999999,62769.720000000001,62769.714999999997,0.010000000002,0.001593124965,"[{""price"":62769.71,""size"":0.06786183,""num_orders"":4},{""price"":62768.34,""size"":0.00027147,""num_orders"":1},{""price"":62768.0,""size"":0.0274,""num_orders"":1},{""price"":62767.32,""size"":1.8e-05,""num_orders"":1},{""price"":62767.25,""size"":0.01,""num_orders"":1},{""price"":62767.24,""size"":0.0239021,""num_orders"":1},{""price"":62767.23,""size"":0.09171128,""num_orders"":1},{""price"":62767.22,""size"":0.09543932,""num_orders"":1},{""price"":62767.2,""size"":0.01593188,""num_orders"":2},{""price"":62766.57,""size"":0.01194903,""num_orders"":2}]","[{""price"":62769.72,""size"":0.00237396,""num_orders"":1},{""price"":62769.73,""size"":0.00024507,""num_orders"":1},{""price"":62771.13,""size"":0.00088424,""num_orders"":1},{""price"":62771.97,""size"":0.1759334,""num_orders"":1},{""price"":62772.0,""size"":0.0274,""num_orders"":1},{""price"":62772.34,""size"":0.09543932,""num_orders"":1},{""price"":62773.84,""size"":0.00159159,""num_orders"":1},{""price"":62774.0,""size"":0.0274,""num_orders"":1},{""price"":62774.23,""size"":0.09267103,""num_orders"":1},{""price"":62774.45,""size"":0.00238968,""num_orders"":1}]"
btc_usd_d10_20260704T001122Z,7,2026-07-04T00:18:22.600030Z,2026-07-04T00:18:22.600170Z,BTC-USD,10,ok,,131986514838,2026-07-04T00:18:22.100369134Z,0.32711135,0.76715407,-0.402135269887,62772.010000000002,62772.019999999997,62772.014999999999,0.009999999995,0.001593066591,"[{""price"":62772.01,""size"":6.69e-06,""num_orders"":1},{""price"":62770.74,""size"":0.00322624,""num_orders"":1},{""price"":62770.0,""size"":0.0273,""num_orders"":1},{""price"":62769.5,""size"":0.00796565,""num_orders"":1},{""price"":62768.87,""size"":0.0119486,""num_orders"":2},{""price"":62768.27,""size"":0.09543932,""num_orders"":1},{""price"":62768.0,""size"":0.0273,""num_orders"":1},{""price"":62767.92,""size"":0.05846753,""num_orders"":1},{""price"":62767.32,""size"":1.8e-05,""num_orders"":1},{""price"":62766.01,""size"":0.09543932,""num_orders"":1}]","[{""price"":62772.02,""size"":0.17894002,""num_orders"":6},{""price"":62772.04,""size"":0.03,""num_orders"":1},{""price"":62772.97,""size"":0.00159297,""num_orders"":1},{""price"":62774.0,""size"":0.0273,""num_orders"":1},{""price"":62774.03,""size"":0.0478042,""num_orders"":1},{""price"":62774.04,""size"":0.13591192,""num_orders"":1},{""price"":62774.05,""size"":0.22288051,""num_orders"":2},{""price"":62776.0,""size"":0.0273,""num_orders"":1},{""price"":62776.38,""size"":0.00159157,""num_orders"":1},{""price"":62776.55,""size"":0.09383288,""num_orders"":1}]"
btc_usd_d10_20260704T001122Z,8,2026-07-04T00:19:22.600030Z,2026-07-04T00:19:22.600176Z,BTC-USD,10,ok,,131986542514,2026-07-04T00:19:21.546545197Z,2.2755034,0.78439061,0.487308640472,62761.82,62761.830000000002,62761.824999999997,0.010000000002,0.001593325242,"[{""price"":62761.82,""size"":0.0297071,""num_orders"":4},{""price"":62761.02,""size"":0.01,""num_orders"":1},{""price"":62761.01,""size"":0.72186777,""num_orders"":1},{""price"":62761.0,""size"":0.95915874,""num_orders"":2},{""price"":62760.76,""size"":0.25,""num_orders"":1},{""price"":62759.31,""size"":0.0159339,""num_orders"":2},{""price"":62758.91,""size"":0.10318272,""num_orders"":2},{""price"":62758.9,""size"":0.04622972,""num_orders"":1},{""price"":62758.68,""size"":0.01195054,""num_orders"":2},{""price"":62758.43,""size"":0.12747291,""num_orders"":1}]","[{""price"":62761.83,""size"":0.00237421,""num_orders"":1},{""price"":62764.0,""size"":0.0315,""num_orders"":1},{""price"":62764.24,""size"":0.16349353,""num_orders"":1},{""price"":62764.25,""size"":0.15426079,""num_orders"":3},{""price"":62764.27,""size"":0.09543932,""num_orders"":1},{""price"":62764.28,""size"":0.00079667,""num_orders"":1},{""price"":62764.55,""size"":0.00159184,""num_orders"":1},{""price"":62766.0,""size"":0.0315,""num_orders"":1},{""price"":62766.27,""size"":0.20799493,""num_orders"":2},{""price"":62766.28,""size"":0.09543932,""num_orders"":1}]"
btc_usd_d10_20260704T001122Z,9,2026-07-04T00:20:22.600030Z,2026-07-04T00:20:22.600179Z,BTC-USD,10,ok,,131986579755,2026-07-04T00:20:20.098738825Z,0.63996371,0.46584491,0.157458349348,62768.410000000003,62768.949999999997,62768.68,0.539999999994,0.086030166636,"[{""price"":62768.41,""size"":0.01751722,""num_orders"":2},{""price"":62768.4,""size"":0.00706252,""num_orders"":1},{""price"":62766.38,""size"":0.05697727,""num_orders"":1},{""price"":62766.37,""size"":0.09543932,""num_orders"":1},{""price"":62766.0,""size"":0.0381,""num_orders"":1},{""price"":62765.43,""size"":0.17009806,""num_orders"":2},{""price"":62765.35,""size"":0.12745885,""num_orders"":1},{""price"":62764.59,""size"":0.00796628,""num_orders"":1},{""price"":62764.03,""size"":0.02390487,""num_orders"":1},{""price"":62764.01,""size"":0.09543932,""num_orders"":1}]","[{""price"":62768.95,""size"":0.00254167,""num_orders"":1},{""price"":62768.96,""size"":0.00238972,""num_orders"":1},{""price"":62769.95,""size"":4.978e-05,""num_orders"":1},{""price"":62770.0,""size"":0.0393589,""num_orders"":2},{""price"":62770.15,""size"":0.00062695,""num_orders"":1},{""price"":62770.4,""size"":1.8e-05,""num_orders"":1},{""price"":62770.58,""size"":0.01194828,""num_orders"":2},{""price"":62770.89,""size"":0.12744762,""num_orders"":1},{""price"":62772.0,""size"":0.0401,""num_orders"":1},{""price"":62772.49,""size"":0.24136399,""num_orders"":2}]"
btc_usd_d10_20260704T001122Z,10,2026-07-04T00:21:22.600030Z,2026-07-04T00:21:22.600162Z,BTC-USD,10,ok,,131986604098,2026-07-04T00:21:21.344417006Z,1.23762947,1.03838558,0.087540673336,62768.669999999998,62768.68,62768.675000000003,0.010000000002,0.001593151361,"[{""price"":62768.67,""size"":0.99655938,""num_orders"":4},{""price"":62767.32,""size"":1.8e-05,""num_orders"":1},{""price"":62767.22,""size"":0.07964794,""num_orders"":2},{""price"":62765.53,""size"":0.01194924,""num_orders"":2},{""price"":62765.42,""size"":7.667e-05,""num_orders"":1},{""price"":62765.26,""size"":0.00383017,""num_orders"":1},{""price"":62764.24,""size"":1.8e-05,""num_orders"":1},{""price"":62764.17,""size"":0.10727673,""num_orders"":2},{""price"":62763.4,""size"":0.00015334,""num_orders"":1},{""price"":62762.0,""size"":0.0381,""num_orders"":1}]","[{""price"":62768.68,""size"":0.27864371,""num_orders"":6},{""price"":62768.71,""size"":0.00049682,""num_orders"":1},{""price"":62769.21,""size"":0.241144,""num_orders"":1},{""price"":62769.22,""size"":0.09543932,""num_orders"":1},{""price"":62769.33,""size"":0.00159174,""num_orders"":1},{""price"":62770.0,""size"":0.0362,""num_orders"":1},{""price"":62771.47,""size"":0.09543932,""num_orders"":1},{""price"":62771.57,""size"":0.04780974,""num_orders"":1},{""price"":62771.58,""size"":0.12744622,""num_orders"":1},{""price"":62771.96,""size"":0.11417471,""num_orders"":2}]"
btc_usd_d10_20260704T001122Z,11,2026-07-04T00:22:22.600030Z,2026-07-04T00:22:22.600169Z,BTC-USD,10,ok,,131986641146,2026-07-04T00:22:22.059581224Z,0.71721399,0.73968914,-0.015426660522,62727.989999999998,62728,62727.994999999995,0.010000000002,0.001594184543,"[{""price"":62727.99,""size"":0.01910268,""num_orders"":3},{""price"":62725.48,""size"":0.00797124,""num_orders"":1},{""price"":62724.85,""size"":0.00797132,""num_orders"":1},{""price"":62724.66,""size"":0.00797135,""num_orders"":1},{""price"":62724.04,""size"":0.01,""num_orders"":1},{""price"":62724.03,""size"":0.33977866,""num_orders"":2},{""price"":62724.02,""size"":0.09543932,""num_orders"":1},{""price"":62724.01,""size"":0.04783471,""num_orders"":1},{""price"":62724.0,""size"":0.0536,""num_orders"":1},{""price"":62723.09,""size"":0.12754471,""num_orders"":1}]","[{""price"":62728.0,""size"":0.05519414,""num_orders"":2},{""price"":62728.61,""size"":0.15572495,""num_orders"":1},{""price"":62728.97,""size"":0.12753278,""num_orders"":1},{""price"":62730.0,""size"":0.0536,""num_orders"":1},{""price"":62730.59,""size"":0.00159273,""num_orders"":1},{""price"":62730.88,""size"":0.04783471,""num_orders"":1},{""price"":62730.89,""size"":0.15941111,""num_orders"":1},{""price"":62731.31,""size"":0.00159445,""num_orders"":1},{""price"":62731.42,""size"":0.13710464,""num_orders"":1},{""price"":62731.51,""size"":9.963e-05,""num_orders"":1}]"
btc_usd_d10_20260704T001122Z,12,2026-07-04T00:23:22.600030Z,2026-07-04T00:23:22.600135Z,BTC-USD,10,ok,,131986669859,2026-07-04T00:23:21.829245541Z,0.51223242,1.71221404,-0.539451787929,62730.470000000001,62730.480000000003,62730.475000000006,0.010000000002,0.001594121518,"[{""price"":62730.47,""size"":0.0723935,""num_orders"":4},{""price"":62730.36,""size"":1.8e-05,""num_orders"":1},{""price"":62728.19,""size"":0.09543932,""num_orders"":1},{""price"":62728.01,""size"":0.04783471,""num_orders"":1},{""price"":62727.99,""size"":0.001,""num_orders"":1},{""price"":62727.96,""size"":0.01594186,""num_orders"":2},{""price"":62727.33,""size"":0.01195651,""num_orders"":2},{""price"":62727.28,""size"":1.8e-05,""num_orders"":1},{""price"":62726.77,""size"":0.02391736,""num_orders"":1},{""price"":62726.31,""size"":0.24371316,""num_orders"":1}]","[{""price"":62730.48,""size"":0.01108132,""num_orders"":2},{""price"":62730.61,""size"":0.4315038,""num_orders"":1},{""price"":62730.62,""size"":0.8,""num_orders"":1},{""price"":62730.87,""size"":0.12752893,""num_orders"":1},{""price"":62734.0,""size"":0.0482,""num_orders"":1},{""price"":62734.14,""size"":0.1636877,""num_orders"":1},{""price"":62734.15,""size"":0.12752225,""num_orders"":1},{""price"":62735.34,""size"":0.00239117,""num_orders"":1},{""price"":62735.68,""size"":0.00019925,""num_orders"":1},{""price"":62735.75,""size"":9.962e-05,""num_orders"":1}]"
btc_usd_d10_20260704T001122Z,13,2026-07-04T00:24:22.600030Z,2026-07-04T00:24:22.600158Z,BTC-USD,10,ok,,131986706273,2026-07-04T00:24:21.029351828Z,0.60802228,0.81676583,-0.146508486795,62718.93,62718.940000000002,62718.934999999998,0.010000000002,0.001594414829,"[{""price"":62718.93,""size"":0.0041422,""num_orders"":2},{""price"":62717.33,""size"":0.00239061,""num_orders"":1},{""price"":62715.27,""size"":0.00239158,""num_orders"":1},{""price"":62714.59,""size"":0.28348606,""num_orders"":2},{""price"":62714.01,""size"":0.09543932,""num_orders"":1},{""price"":62714.0,""size"":0.0532,""num_orders"":1},{""price"":62713.88,""size"":0.0001164,""num_orders"":1},{""price"":62713.32,""size"":0.027718,""num_orders"":1},{""price"":62712.53,""size"":0.1275662,""num_orders"":1},{""price"":62712.52,""size"":0.01157191,""num_orders"":1}]","[{""price"":62718.94,""size"":0.16437365,""num_orders"":3},{""price"":62719.98,""size"":0.16296722,""num_orders"":1},{""price"":62719.99,""size"":0.09490922,""num_orders"":2},{""price"":62720.0,""size"":0.0505,""num_orders"":1},{""price"":62720.66,""size"":0.12754969,""num_orders"":1},{""price"":62720.95,""size"":0.0001993,""num_orders"":1},{""price"":62721.12,""size"":1.8e-05,""num_orders"":1},{""price"":62721.45,""size"":0.00797175,""num_orders"":1},{""price"":62722.0,""size"":0.0532,""num_orders"":1},{""price"":62722.49,""size"":0.155077,""num_orders"":1}]"
btc_usd_d10_20260704T001122Z,14,2026-07-04T00:25:22.600030Z,2026-07-04T00:25:22.600171Z,BTC-USD,10,ok,,131986736126,2026-07-04T00:25:20.179240836Z,0.96366401,0.39140009,0.42231501816,62709.470000000001,62709.480000000003,62709.475000000006,0.010000000002,0.001594655353,"[{""price"":62709.47,""size"":0.31428933,""num_orders"":8},{""price"":62708.26,""size"":0.21165668,""num_orders"":1},{""price"":62708.25,""size"":0.09543932,""num_orders"":1},{""price"":62708.0,""size"":0.0433,""num_orders"":1},{""price"":62707.56,""size"":0.12757631,""num_orders"":1},{""price"":62707.24,""size"":0.03,""num_orders"":1},{""price"":62707.22,""size"":0.03,""num_orders"":1},{""price"":62706.96,""size"":0.01409524,""num_orders"":3},{""price"":62706.66,""size"":0.00186781,""num_orders"":1},{""price"":62706.01,""size"":0.09543932,""num_orders"":1}]","[{""price"":62709.48,""size"":0.00852916,""num_orders"":4},{""price"":62710.11,""size"":0.0039866,""num_orders"":1},{""price"":62711.88,""size"":1.8e-05,""num_orders"":1},{""price"":62711.99,""size"":9.966e-05,""num_orders"":1},{""price"":62712.48,""size"":0.14121524,""num_orders"":2},{""price"":62712.62,""size"":0.00797288,""num_orders"":1},{""price"":62712.64,""size"":0.0097,""num_orders"":1},{""price"":62713.42,""size"":0.04181506,""num_orders"":1},{""price"":62713.87,""size"":0.12756349,""num_orders"":1},{""price"":62714.0,""size"":0.0505,""num_orders"":1}]"
btc_usd_d10_20260704T001122Z,15,2026-07-04T00:26:22.600030Z,2026-07-04T00:26:22.600178Z,BTC-USD,10,ok,,131986770759,2026-07-04T00:26:20.345589567Z,0.33311829,0.59540608,-0.282478089401,62711.870000000003,62711.879999999997,62711.875,0.009999999995,0.001594594324,"[{""price"":62711.87,""size"":0.03780442,""num_orders"":2},{""price"":62710.7,""size"":0.01290986,""num_orders"":1},{""price"":62710.0,""size"":0.0371,""num_orders"":1},{""price"":62709.99,""size"":5.613e-05,""num_orders"":1},{""price"":62708.62,""size"":0.0069031,""num_orders"":1},{""price"":62708.19,""size"":0.01594688,""num_orders"":2},{""price"":62708.0,""size"":0.0371,""num_orders"":1},{""price"":62707.68,""size"":0.1217965,""num_orders"":1},{""price"":62707.67,""size"":0.04785106,""num_orders"":1},{""price"":62707.66,""size"":0.01565034,""num_orders"":1}]","[{""price"":62711.88,""size"":1.8e-05,""num_orders"":1},{""price"":62713.38,""size"":0.15620646,""num_orders"":1},{""price"":62713.39,""size"":0.15945559,""num_orders"":1},{""price"":62714.86,""size"":0.09563863,""num_orders"":2},{""price"":62714.96,""size"":1.8e-05,""num_orders"":1},{""price"":62715.03,""size"":0.00485,""num_orders"":1},{""price"":62715.13,""size"":9.7e-05,""num_orders"":1},{""price"":62715.23,""size"":9.966e-05,""num_orders"":1},{""price"":62715.36,""size"":0.00807219,""num_orders"":2},{""price"":62715.39,""size"":0.17095055,""num_orders"":2}]"
btc_usd_d10_20260704T001122Z,16,2026-07-04T00:27:22.600030Z,2026-07-04T00:27:22.600175Z,BTC-USD,10,ok,,131986799124,2026-07-04T00:27:21.542894540Z,0.14340455,0.9428892,-0.735974638536,62691.989999999998,62692,62691.994999999995,0.010000000002,0.001595099981,"[{""price"":62691.99,""size"":0.00031131,""num_orders"":3},{""price"":62690.32,""size"":1.8e-05,""num_orders"":1},{""price"":62689.48,""size"":0.01595164,""num_orders"":2},{""price"":62689.12,""size"":0.00479794,""num_orders"":1},{""price"":62688.86,""size"":0.01196385,""num_orders"":2},{""price"":62688.0,""size"":0.0409,""num_orders"":1},{""price"":62687.86,""size"":0.00797582,""num_orders"":1},{""price"":62687.74,""size"":0.05146799,""num_orders"":1},{""price"":62687.24,""size"":1.8e-05,""num_orders"":1},{""price"":62686.44,""size"":0.01,""num_orders"":1}]","[{""price"":62692.0,""size"":0.24829912,""num_orders"":6},{""price"":62692.02,""size"":0.03,""num_orders"":1},{""price"":62692.05,""size"":0.03483909,""num_orders"":1},{""price"":62692.35,""size"":0.0015937,""num_orders"":1},{""price"":62693.81,""size"":0.09543932,""num_orders"":1},{""price"":62693.82,""size"":0.21472169,""num_orders"":2},{""price"":62693.83,""size"":0.12760426,""num_orders"":1},{""price"":62694.0,""size"":0.0409,""num_orders"":1},{""price"":62695.7,""size"":0.0061997,""num_orders"":1},{""price"":62696.32,""size"":0.14329232,""num_orders"":2}]"
btc_usd_d10_20260704T001122Z,17,2026-07-04T00:28:22.600030Z,2026-07-04T00:28:22.600126Z,BTC-USD,10,ok,,131986820911,2026-07-04T00:28:20.689989787Z,0.58539733,0.53920213,0.041077024881,62697.889999999999,62697.900000000001,62697.895000000004,0.010000000002,0.001594949879,"[{""price"":62697.89,""size"":0.2126187,""num_orders"":4},{""price"":62696.48,""size"":0.00510118,""num_orders"":1},{""price"":62696.47,""size"":2.689e-05,""num_orders"":1},{""price"":62696.0,""size"":0.037,""num_orders"":1},{""price"":62695.62,""size"":0.09543932,""num_orders"":1},{""price"":62694.68,""size"":0.12760253,""num_orders"":1},{""price"":62694.07,""size"":0.06,""num_orders"":2},{""price"":62694.0,""size"":0.037,""num_orders"":1},{""price"":62693.95,""size"":0.00263416,""num_orders"":1},{""price"":62693.85,""size"":0.00797455,""num_orders"":1}]","[{""price"":62697.9,""size"":0.00374475,""num_orders"":1},{""price"":62699.4,""size"":0.06379634,""num_orders"":1},{""price"":62699.46,""size"":0.00797455,""num_orders"":1},{""price"":62699.56,""size"":1.8e-05,""num_orders"":1},{""price"":62700.0,""size"":0.01,""num_orders"":1},{""price"":62700.65,""size"":0.12759039,""num_orders"":1},{""price"":62701.99,""size"":0.15757414,""num_orders"":1},{""price"":62702.0,""size"":0.0409,""num_orders"":1},{""price"":62702.64,""size"":1.8e-05,""num_orders"":1},{""price"":62702.82,""size"":0.12758596,""num_orders"":1}]"
btc_usd_d10_20260704T001122Z,18,2026-07-04T00:29:22.600030Z,2026-07-04T00:29:22.600164Z,BTC-USD,10,ok,,131986842925,2026-07-04T00:29:20.666921448Z,0.40111183,0.64850289,-0.235697018426,62702.940000000002,62702.949999999997,62702.945,0.009999999995,0.001594821423,"[{""price"":62702.94,""size"":0.02306244,""num_orders"":4},{""price"":62701.28,""size"":0.00263409,""num_orders"":1},{""price"":62700.13,""size"":0.01,""num_orders"":1},{""price"":62700.12,""size"":2.848e-05,""num_orders"":1},{""price"":62700.03,""size"":0.01,""num_orders"":1},{""price"":62700.02,""size"":0.19889836,""num_orders"":1},{""price"":62700.01,""size"":0.09543932,""num_orders"":1},{""price"":62700.0,""size"":0.0351,""num_orders"":1},{""price"":62699.82,""size"":0.01,""num_orders"":1},{""price"":62699.31,""size"":0.01594914,""num_orders"":2}]","[{""price"":62702.95,""size"":0.13015547,""num_orders"":3},{""price"":62703.84,""size"":0.00264697,""num_orders"":1},{""price"":62703.98,""size"":0.09543932,""num_orders"":1},{""price"":62704.0,""size"":0.0351,""num_orders"":1},{""price"":62704.03,""size"":9.7e-05,""num_orders"":1},{""price"":62704.14,""size"":0.00485,""num_orders"":1},{""price"":62704.49,""size"":0.06379202,""num_orders"":1},{""price"":62704.91,""size"":0.2682677,""num_orders"":1},{""price"":62704.92,""size"":0.04785539,""num_orders"":1},{""price"":62704.96,""size"":0.00029902,""num_orders"":2}]"
btc_usd_d10_20260704T001122Z,19,2026-07-04T00:30:22.600030Z,2026-07-04T00:30:22.600155Z,BTC-USD,10,ok,,131986873503,2026-07-04T00:30:21.181606031Z,0.48941119,0.71047535,-0.184237552994,62711.519999999997,62711.529999999999,62711.524999999994,0.010000000002,0.001594603225,"[{""price"":62711.52,""size"":0.01498645,""num_orders"":2},{""price"":62710.45,""size"":0.00365777,""num_orders"":1},{""price"":62709.01,""size"":0.01594668,""num_orders"":2},{""price"":62708.83,""size"":0.09543932,""num_orders"":1},{""price"":62708.82,""size"":0.1890487,""num_orders"":1},{""price"":62708.8,""size"":1.8e-05,""num_orders"":1},{""price"":62708.79,""size"":0.011,""num_orders"":1},{""price"":62708.38,""size"":3.891e-05,""num_orders"":1},{""price"":62708.03,""size"":0.12757536,""num_orders"":1},{""price"":62708.0,""size"":0.0317,""num_orders"":1}]","[{""price"":62711.53,""size"":0.00341767,""num_orders"":2},{""price"":62712.0,""size"":0.0301,""num_orders"":1},{""price"":62712.87,""size"":0.09543932,""num_orders"":1},{""price"":62713.23,""size"":0.04785539,""num_orders"":1},{""price"":62713.53,""size"":0.12756419,""num_orders"":1},{""price"":62713.55,""size"":0.06378376,""num_orders"":1},{""price"":62714.0,""size"":0.0301,""num_orders"":1},{""price"":62714.6,""size"":0.0007973,""num_orders"":1},{""price"":62715.97,""size"":0.2159784,""num_orders"":1},{""price"":62715.98,""size"":0.09543932,""num_orders"":1}]"
btc_usd_d10_20260704T001122Z,20,2026-07-04T00:31:22.600030Z,2026-07-04T00:31:22.600160Z,BTC-USD,10,ok,,131986917400,2026-07-04T00:31:22.604417543Z,0.0798628,1.03836973,-0.857162445453,62708.800000000003,62708.809999999998,62708.805,0.009999999995,0.00159467239,"[{""price"":62708.8,""size"":0.00049553,""num_orders"":1},{""price"":62708.79,""size"":0.01401573,""num_orders"":2},{""price"":62708.45,""size"":0.00286564,""num_orders"":1},{""price"":62706.86,""size"":0.00797361,""num_orders"":1},{""price"":62706.29,""size"":0.00797368,""num_orders"":1},{""price"":62705.72,""size"":1.8e-05,""num_orders"":1},{""price"":62705.66,""size"":0.00398688,""num_orders"":1},{""price"":62704.0,""size"":0.0285,""num_orders"":1},{""price"":62703.28,""size"":0.01401573,""num_orders"":1},{""price"":62702.64,""size"":1.8e-05,""num_orders"":1}]","[{""price"":62708.81,""size"":0.19202881,""num_orders"":6},{""price"":62708.82,""size"":0.03,""num_orders"":1},{""price"":62708.84,""size"":0.03,""num_orders"":1},{""price"":62709.03,""size"":0.00108551,""num_orders"":1},{""price"":62709.34,""size"":0.09543932,""num_orders"":1},{""price"":62709.35,""size"":0.31073655,""num_orders"":1},{""price"":62709.36,""size"":0.12757266,""num_orders"":1},{""price"":62710.0,""size"":0.0285,""num_orders"":1},{""price"":62711.87,""size"":0.12756756,""num_orders"":1},{""price"":62711.89,""size"":0.09543932,""num_orders"":1}]"
btc_usd_d10_20260704T001122Z,21,2026-07-04T00:32:22.600030Z,2026-07-04T00:32:22.600164Z,BTC-USD,10,ok,,131986945737,2026-07-04T00:32:20.544330083Z,0.25849666,0.89177255,-0.550545806577,62711.18,62711.190000000002,62711.184999999998,0.010000000002,0.001594611871,"[{""price"":62711.18,""size"":0.0333041,""num_orders"":4},{""price"":62710.39,""size"":0.00985357,""num_orders"":1},{""price"":62710.01,""size"":0.01970163,""num_orders"":2},{""price"":62710.0,""size"":0.033,""num_orders"":1},{""price"":62708.8,""size"":1.8e-05,""num_orders"":1},{""price"":62708.67,""size"":0.01594676,""num_orders"":2},{""price"":62708.07,""size"":0.01,""num_orders"":1},{""price"":62708.05,""size"":0.01,""num_orders"":1},{""price"":62708.04,""size"":0.01196019,""num_orders"":2},{""price"":62708.01,""size"":0.11471241,""num_orders"":2}]","[{""price"":62711.19,""size"":0.22129672,""num_orders"":2},{""price"":62712.87,""size"":0.00087519,""num_orders"":1},{""price"":62713.26,""size"":0.2772064,""num_orders"":2},{""price"":62713.27,""size"":0.09543932,""num_orders"":1},{""price"":62714.0,""size"":0.0314,""num_orders"":1},{""price"":62714.75,""size"":0.16184408,""num_orders"":2},{""price"":62714.78,""size"":0.00019932,""num_orders"":1},{""price"":62714.84,""size"":9.966e-05,""num_orders"":1},{""price"":62715.16,""size"":0.09543932,""num_orders"":1},{""price"":62715.28,""size"":0.00797254,""num_orders"":1}]"
btc_usd_d10_20260704T001122Z,22,2026-07-04T00:33:22.600030Z,2026-07-04T00:33:22.600157Z,BTC-USD,10,ok,,131986968490,2026-07-04T00:33:20.030673538Z,0.59236818,0.88784494,-0.199617714509,62721.400000000001,62722.889999999999,62722.145000000004,1.489999999998,0.237555651198,"[{""price"":62721.4,""size"":0.00705842,""num_orders"":3},{""price"":62721.39,""size"":0.05756155,""num_orders"":1},{""price"":62721.38,""size"":0.06,""num_orders"":2},{""price"":62721.12,""size"":1.8e-05,""num_orders"":1},{""price"":62720.0,""size"":0.0364,""num_orders"":1},{""price"":62718.67,""size"":0.01,""num_orders"":1},{""price"":62718.66,""size"":0.037731,""num_orders"":2},{""price"":62718.65,""size"":0.30374077,""num_orders"":2},{""price"":62718.64,""size"":0.06376503,""num_orders"":1},{""price"":62718.48,""size"":0.01609341,""num_orders"":1}]","[{""price"":62722.89,""size"":0.01308428,""num_orders"":1},{""price"":62722.9,""size"":0.09543932,""num_orders"":1},{""price"":62723.98,""size"":0.07614311,""num_orders"":1},{""price"":62723.99,""size"":0.1275429,""num_orders"":1},{""price"":62725.28,""size"":0.09543932,""num_orders"":1},{""price"":62725.99,""size"":0.04785539,""num_orders"":1},{""price"":62726.0,""size"":0.0382,""num_orders"":1},{""price"":62726.01,""size"":0.22840256,""num_orders"":4},{""price"":62726.38,""size"":0.12753806,""num_orders"":1},{""price"":62728.0,""size"":0.0382,""num_orders"":1}]"
btc_usd_d10_20260704T001122Z,23,2026-07-04T00:34:22.600030Z,2026-07-04T00:34:22.600154Z,BTC-USD,10,ok,,131986997968,2026-07-04T00:34:20.601929959Z,0.78085879,0.52118987,0.199431041233,62696.480000000003,62696.489999999998,62696.485000000001,0.009999999995,0.001594985747,"[{""price"":62696.48,""size"":0.0802134,""num_orders"":5},{""price"":62696.0,""size"":0.0422,""num_orders"":1},{""price"":62694.56,""size"":0.09543932,""num_orders"":1},{""price"":62694.0,""size"":0.0422,""num_orders"":1},{""price"":62693.97,""size"":0.14355446,""num_orders"":3},{""price"":62693.52,""size"":0.22197591,""num_orders"":3},{""price"":62693.4,""size"":1.8e-05,""num_orders"":1},{""price"":62693.35,""size"":0.01196299,""num_orders"":2},{""price"":62692.56,""size"":0.04785539,""num_orders"":1},{""price"":62692.55,""size"":0.09543932,""num_orders"":1}]","[{""price"":62696.49,""size"":0.00222112,""num_orders"":1},{""price"":62698.32,""size"":0.04785539,""num_orders"":1},{""price"":62698.33,""size"":0.1510107,""num_orders"":1},{""price"":62698.34,""size"":0.03482785,""num_orders"":1},{""price"":62698.46,""size"":0.00143729,""num_orders"":1},{""price"":62698.6,""size"":0.06379817,""num_orders"":1},{""price"":62700.0,""size"":0.0422,""num_orders"":1},{""price"":62700.11,""size"":0.12759149,""num_orders"":1},{""price"":62701.2,""size"":0.00239247,""num_orders"":1},{""price"":62703.52,""size"":0.04785539,""num_orders"":1}]"
btc_usd_d10_20260704T001122Z,24,2026-07-04T00:35:22.600030Z,2026-07-04T00:35:22.600171Z,BTC-USD,10,ok,,131987029023,2026-07-04T00:35:20.112905258Z,0.46070212,0.98047381,-0.360658042631,62699.559999999998,62699.57,62699.565000000002,0.010000000002,0.001594907397,"[{""price"":62699.56,""size"":0.00287174,""num_orders"":4},{""price"":62697.24,""size"":0.0353382,""num_orders"":1},{""price"":62697.23,""size"":0.04324325,""num_orders"":1},{""price"":62697.05,""size"":0.00797486,""num_orders"":1},{""price"":62696.6,""size"":0.21360189,""num_orders"":1},{""price"":62696.48,""size"":9.567e-05,""num_orders"":2},{""price"":62696.43,""size"":0.01196241,""num_orders"":2},{""price"":62696.01,""size"":0.09543932,""num_orders"":1},{""price"":62696.0,""size"":0.0422,""num_orders"":1},{""price"":62695.79,""size"":0.00797478,""num_orders"":1}]","[{""price"":62699.57,""size"":0.00753721,""num_orders"":1},{""price"":62700.0,""size"":0.0465,""num_orders"":1},{""price"":62700.39,""size"":0.22625683,""num_orders"":2},{""price"":62701.14,""size"":0.1275894,""num_orders"":1},{""price"":62701.58,""size"":0.09543932,""num_orders"":1},{""price"":62702.0,""size"":0.0465,""num_orders"":1},{""price"":62702.26,""size"":0.06378002,""num_orders"":1},{""price"":62703.19,""size"":0.04785539,""num_orders"":1},{""price"":62703.2,""size"":0.12758519,""num_orders"":1},{""price"":62703.66,""size"":0.19143045,""num_orders"":1}]"
btc_usd_d10_20260704T001122Z,25,2026-07-04T00:36:22.600030Z,2026-07-04T00:36:22.600155Z,BTC-USD,10,ok,,131987062758,2026-07-04T00:36:21.547768671Z,0.21026816,1.12703077,-0.685533046826,62666,62666.010000000002,62666.005000000005,0.010000000002,0.00159576153,"[{""price"":62666.0,""size"":0.05297256,""num_orders"":5},{""price"":62665.68,""size"":1.8e-05,""num_orders"":1},{""price"":62664.0,""size"":0.0536,""num_orders"":1},{""price"":62663.49,""size"":0.01595826,""num_orders"":2},{""price"":62662.87,""size"":0.01196881,""num_orders"":2},{""price"":62662.83,""size"":0.00786056,""num_orders"":1},{""price"":62662.6,""size"":1.8e-05,""num_orders"":1},{""price"":62662.04,""size"":0.01,""num_orders"":1},{""price"":62662.03,""size"":0.04787197,""num_orders"":1},{""price"":62662.01,""size"":0.01,""num_orders"":1}]","[{""price"":62666.01,""size"":0.21346222,""num_orders"":6},{""price"":62666.31,""size"":0.04787285,""num_orders"":1},{""price"":62666.32,""size"":0.20448347,""num_orders"":1},{""price"":62666.33,""size"":0.12766026,""num_orders"":1},{""price"":62667.06,""size"":0.09543932,""num_orders"":1},{""price"":62667.08,""size"":0.06382791,""num_orders"":1},{""price"":62667.44,""size"":0.00144498,""num_orders"":1},{""price"":62668.0,""size"":0.0536,""num_orders"":1},{""price"":62668.96,""size"":0.22380044,""num_orders"":2},{""price"":62669.8,""size"":0.09543932,""num_orders"":1}]"
btc_usd_d10_20260704T001122Z,26,2026-07-04T00:37:22.600030Z,2026-07-04T00:37:22.600141Z,BTC-USD,10,ok,,131987092490,2026-07-04T00:37:20.677571946Z,0.74545218,0.36999069,0.336603066009,62683.660000000003,62683.669999999998,62683.665000000001,0.009999999995,0.001595311952,"[{""price"":62683.66,""size"":0.04596701,""num_orders"":4},{""price"":62682.02,""size"":0.01,""num_orders"":1},{""price"":62682.01,""size"":0.10805898,""num_orders"":3},{""price"":62682.0,""size"":0.0536,""num_orders"":1},{""price"":62681.77,""size"":0.01,""num_orders"":1},{""price"":62681.53,""size"":0.12762929,""num_orders"":1},{""price"":62681.01,""size"":0.0536,""num_orders"":1},{""price"":62680.91,""size"":0.27198292,""num_orders"":1},{""price"":62680.86,""size"":0.00080495,""num_orders"":1},{""price"":62680.31,""size"":0.06380903,""num_orders"":1}]","[{""price"":62683.67,""size"":0.00053157,""num_orders"":1},{""price"":62684.16,""size"":1.8e-05,""num_orders"":1},{""price"":62685.0,""size"":0.01,""num_orders"":1},{""price"":62685.68,""size"":0.00029911,""num_orders"":2},{""price"":62686.18,""size"":0.01610203,""num_orders"":4},{""price"":62686.44,""size"":9.7e-05,""num_orders"":1},{""price"":62686.8,""size"":0.01196424,""num_orders"":2},{""price"":62687.24,""size"":1.8e-05,""num_orders"":1},{""price"":62688.0,""size"":0.0536,""num_orders"":1},{""price"":62688.01,""size"":0.27736074,""num_orders"":1}]"
btc_usd_d10_20260704T001122Z,27,2026-07-04T00:38:22.600030Z,2026-07-04T00:38:22.600152Z,BTC-USD,10,ok,,131987116813,2026-07-04T00:38:20.602238399Z,0.04376377,1.66560341,-0.948795354782,62670.269999999997,62670.279999999999,62670.274999999994,0.010000000002,0.001595652804,"[{""price"":62670.27,""size"":7.73e-05,""num_orders"":2},{""price"":62668.76,""size"":1.8e-05,""num_orders"":1},{""price"":62667.76,""size"":0.01595716,""num_orders"":2},{""price"":62667.7,""size"":0.00307048,""num_orders"":1},{""price"":62667.14,""size"":0.01196799,""num_orders"":2},{""price"":62666.75,""size"":0.00307048,""num_orders"":1},{""price"":62666.01,""size"":0.00158778,""num_orders"":1},{""price"":62665.68,""size"":1.8e-05,""num_orders"":1},{""price"":62665.29,""size"":0.00797858,""num_orders"":1},{""price"":62662.6,""size"":1.8e-05,""num_orders"":1}]","[{""price"":62670.28,""size"":1.01602759,""num_orders"":15},{""price"":62670.29,""size"":0.16663212,""num_orders"":1},{""price"":62670.3,""size"":0.03,""num_orders"":1},{""price"":62670.34,""size"":0.00195605,""num_orders"":1},{""price"":62671.01,""size"":0.09543932,""num_orders"":1},{""price"":62671.02,""size"":0.12765072,""num_orders"":1},{""price"":62671.23,""size"":0.00159557,""num_orders"":1},{""price"":62671.5,""size"":0.03484477,""num_orders"":1},{""price"":62671.58,""size"":0.00127633,""num_orders"":1},{""price"":62671.99,""size"":0.19018094,""num_orders"":2}]"
btc_usd_d10_20260704T001122Z,28,2026-07-04T00:39:22.600030Z,2026-07-04T00:39:22.600139Z,BTC-USD,10,ok,,131987148574,2026-07-04T00:39:22.538420325Z,0.29111219,1.14320344,-0.594075133937,62647.199999999997,62647.209999999999,62647.205000000002,0.010000000002,0.001596240407,"[{""price"":62647.2,""size"":0.00021431,""num_orders"":2},{""price"":62645.23,""size"":0.0159999,""num_orders"":2},{""price"":62644.69,""size"":0.01596304,""num_orders"":2},{""price"":62644.12,""size"":1.8e-05,""num_orders"":1},{""price"":62644.07,""size"":0.0119724,""num_orders"":2},{""price"":62643.5,""size"":0.05,""num_orders"":1},{""price"":62642.0,""size"":0.0536,""num_orders"":1},{""price"":62641.04,""size"":1.8e-05,""num_orders"":1},{""price"":62640.13,""size"":0.09543932,""num_orders"":1},{""price"":62640.12,""size"":0.04788722,""num_orders"":1}]","[{""price"":62647.21,""size"":0.4864818,""num_orders"":5},{""price"":62647.44,""size"":0.12769875,""num_orders"":1},{""price"":62647.55,""size"":0.22861763,""num_orders"":1},{""price"":62647.56,""size"":0.09543932,""num_orders"":1},{""price"":62647.99,""size"":0.01776754,""num_orders"":1},{""price"":62648.0,""size"":0.0536,""num_orders"":1},{""price"":62648.49,""size"":0.00159622,""num_orders"":1},{""price"":62648.51,""size"":0.00170235,""num_orders"":1},{""price"":62649.11,""size"":0.03486051,""num_orders"":1},{""price"":62649.5,""size"":0.09543932,""num_orders"":1}]"
btc_usd_d10_20260704T001122Z,29,2026-07-04T00:40:22.600030Z,2026-07-04T00:40:22.600150Z,BTC-USD,10,ok,,131987182086,2026-07-04T00:40:20.825210394Z,0.49661069,0.65319311,-0.136181859896,62632.279999999999,62632.290000000001,62632.285000000003,0.010000000002,0.001596620657,"[{""price"":62632.28,""size"":0.01804767,""num_orders"":3},{""price"":62631.8,""size"":1.8e-05,""num_orders"":1},{""price"":62631.69,""size"":0.0484,""num_orders"":1},{""price"":62630.01,""size"":0.0479037,""num_orders"":1},{""price"":62630.0,""size"":0.0484,""num_orders"":1},{""price"":62628.72,""size"":1.8e-05,""num_orders"":1},{""price"":62628.01,""size"":0.27677987,""num_orders"":2},{""price"":62628.0,""size"":0.0509,""num_orders"":1},{""price"":62627.85,""size"":0.00374852,""num_orders"":1},{""price"":62627.58,""size"":0.00239493,""num_orders"":1}]","[{""price"":62632.29,""size"":0.14999585,""num_orders"":3},{""price"":62634.02,""size"":0.07625248,""num_orders"":1},{""price"":62634.03,""size"":0.1277261,""num_orders"":1},{""price"":62634.56,""size"":0.08787124,""num_orders"":2},{""price"":62634.8,""size"":4.989e-05,""num_orders"":1},{""price"":62635.42,""size"":0.00399135,""num_orders"":1},{""price"":62635.57,""size"":0.09543932,""num_orders"":1},{""price"":62636.77,""size"":0.0638634,""num_orders"":1},{""price"":62637.07,""size"":9.978e-05,""num_orders"":1},{""price"":62637.66,""size"":0.0479037,""num_orders"":1}]"
btc_usd_d10_20260704T001122Z,30,2026-07-04T00:41:22.600030Z,2026-07-04T00:41:22.600146Z,BTC-USD,10,ok,,131987218368,2026-07-04T00:41:21.604835384Z,1.17658796,0.35459398,0.536836256049,62664.07,62664.080000000002,62664.074999999997,0.010000000002,0.001595810678,"[{""price"":62664.07,""size"":0.32233077,""num_orders"":10},{""price"":62664.06,""size"":0.00035012,""num_orders"":1},{""price"":62664.0,""size"":0.0459,""num_orders"":1},{""price"":62662.02,""size"":0.31780763,""num_orders"":4},{""price"":62662.01,""size"":0.09543932,""num_orders"":1},{""price"":62662.0,""size"":0.10974049,""num_orders"":2},{""price"":62660.79,""size"":0.12767154,""num_orders"":1},{""price"":62660.44,""size"":0.01600877,""num_orders"":1},{""price"":62660.0,""size"":0.0459,""num_orders"":1},{""price"":62659.51,""size"":0.09543932,""num_orders"":1}]","[{""price"":62664.08,""size"":0.00797634,""num_orders"":2},{""price"":62664.7,""size"":0.00398949,""num_orders"":1},{""price"":62665.68,""size"":1.8e-05,""num_orders"":1},{""price"":62666.09,""size"":9.973e-05,""num_orders"":1},{""price"":62666.59,""size"":0.00807846,""num_orders"":2},{""price"":62667.11,""size"":0.12765867,""num_orders"":1},{""price"":62667.21,""size"":0.00797865,""num_orders"":1},{""price"":62668.76,""size"":1.8e-05,""num_orders"":1},{""price"":62669.07,""size"":0.19392664,""num_orders"":1},{""price"":62669.52,""size"":0.00485,""num_orders"":1}]"
btc_usd_d10_20260704T001122Z,31,2026-07-04T00:42:22.600030Z,2026-07-04T00:42:22.600159Z,BTC-USD,10,ok,,131987244599,2026-07-04T00:42:20.630478825Z,0.65891019,0.62811576,0.023926813597,62686.779999999999,62686.790000000001,62686.785000000003,0.010000000002,0.001595232552,"[{""price"":62686.78,""size"":0.01739273,""num_orders"":2},{""price"":62686.0,""size"":0.0436,""num_orders"":1},{""price"":62684.17,""size"":0.14868661,""num_orders"":1},{""price"":62684.16,""size"":0.09543932,""num_orders"":1},{""price"":62684.0,""size"":0.0436,""num_orders"":1},{""price"":62683.58,""size"":0.06380703,""num_orders"":1},{""price"":62682.08,""size"":0.00239284,""num_orders"":1},{""price"":62682.0,""size"":0.04381711,""num_orders"":2},{""price"":62681.08,""size"":0.1999997,""num_orders"":1},{""price"":62681.07,""size"":0.00017485,""num_orders"":1}]","[{""price"":62686.79,""size"":0.12771559,""num_orders"":2},{""price"":62687.24,""size"":1.8e-05,""num_orders"":1},{""price"":62688.51,""size"":0.20108681,""num_orders"":1},{""price"":62688.74,""size"":0.02395187,""num_orders"":1},{""price"":62688.75,""size"":0.09543932,""num_orders"":1},{""price"":62688.8,""size"":0.0002991,""num_orders"":2},{""price"":62688.86,""size"":4.985e-05,""num_orders"":1},{""price"":62689.3,""size"":0.01605138,""num_orders"":3},{""price"":62689.48,""size"":0.00398791,""num_orders"":1},{""price"":62689.67,""size"":0.15951593,""num_orders"":1}]"
btc_usd_d10_20260704T001122Z,32,2026-07-04T00:43:22.600030Z,2026-07-04T00:43:22.600155Z,BTC-USD,10,ok,,131987267656,2026-07-04T00:43:20.159945128Z,0.53353285,1.10301027,-0.347975811355,62679.199999999997,62679.209999999999,62679.205000000002,0.010000000002,0.001595425469,"[{""price"":62679.2,""size"":0.01622339,""num_orders"":4},{""price"":62679.12,""size"":0.00033879,""num_orders"":2},{""price"":62678.63,""size"":0.06380973,""num_orders"":1},{""price"":62678.06,""size"":0.00146898,""num_orders"":1},{""price"":62678.04,""size"":0.22862494,""num_orders"":2},{""price"":62678.0,""size"":0.0436,""num_orders"":1},{""price"":62676.94,""size"":0.027746,""num_orders"":1},{""price"":62676.68,""size"":0.01610319,""num_orders"":1},{""price"":62676.28,""size"":0.0079775,""num_orders"":1},{""price"":62676.11,""size"":0.12764033,""num_orders"":1}]","[{""price"":62679.21,""size"":0.02101485,""num_orders"":4},{""price"":62681.22,""size"":0.00019942,""num_orders"":1},{""price"":62681.72,""size"":0.00812638,""num_orders"":3},{""price"":62681.98,""size"":0.12762839,""num_orders"":1},{""price"":62682.34,""size"":0.01196509,""num_orders"":2},{""price"":62682.7,""size"":0.09543932,""num_orders"":1},{""price"":62683.91,""size"":0.00239313,""num_orders"":1},{""price"":62684.16,""size"":1.8e-05,""num_orders"":1},{""price"":62684.98,""size"":0.14334305,""num_orders"":2},{""price"":62684.99,""size"":0.69288264,""num_orders"":1}]"
btc_usd_d10_20260704T001122Z,33,2026-07-04T00:44:22.600030Z,2026-07-04T00:44:22.600122Z,BTC-USD,10,ok,,131987293098,2026-07-04T00:44:21.540809646Z,1.05432445,0.50366366,0.35344351248,62654.010000000002,62654.019999999997,62654.014999999999,0.009999999995,0.001596066907,"[{""price"":62654.01,""size"":0.05071211,""num_orders"":5},{""price"":62654.0,""size"":0.0699379,""num_orders"":4},{""price"":62653.36,""size"":1.8e-05,""num_orders"":1},{""price"":62653.34,""size"":0.00374852,""num_orders"":1},{""price"":62652.17,""size"":0.34762943,""num_orders"":1},{""price"":62652.0,""size"":0.0436,""num_orders"":1},{""price"":62651.56,""size"":0.31921789,""num_orders"":1},{""price"":62651.49,""size"":0.01596132,""num_orders"":2},{""price"":62651.2,""size"":0.06383642,""num_orders"":1},{""price"":62650.87,""size"":0.13966286,""num_orders"":3}]","[{""price"":62654.02,""size"":0.02862955,""num_orders"":3},{""price"":62654.04,""size"":0.03,""num_orders"":1},{""price"":62654.21,""size"":0.00159609,""num_orders"":1},{""price"":62656.4,""size"":0.21619372,""num_orders"":2},{""price"":62656.41,""size"":0.12768048,""num_orders"":1},{""price"":62656.45,""size"":0.00025921,""num_orders"":1},{""price"":62657.39,""size"":0.00159552,""num_orders"":1},{""price"":62657.46,""size"":0.00159459,""num_orders"":1},{""price"":62657.91,""size"":0.09543932,""num_orders"":1},{""price"":62658.01,""size"":0.00067518,""num_orders"":1}]"
btc_usd_d10_20260704T001122Z,34,2026-07-04T00:45:22.600030Z,2026-07-04T00:45:22.600142Z,BTC-USD,10,ok,,131987315077,2026-07-04T00:45:20.101333937Z,0.15784398,0.98238233,-0.723135699263,62656.779999999999,62656.790000000001,62656.785000000003,0.010000000002,0.001595996348,"[{""price"":62656.78,""size"":0.00968869,""num_orders"":4},{""price"":62655.74,""size"":0.01736215,""num_orders"":1},{""price"":62654.0,""size"":0.0436,""num_orders"":1},{""price"":62653.98,""size"":0.00093442,""num_orders"":1},{""price"":62652.75,""size"":0.0079805,""num_orders"":1},{""price"":62652.73,""size"":0.0079805,""num_orders"":1},{""price"":62652.69,""size"":0.01,""num_orders"":1},{""price"":62652.53,""size"":0.01,""num_orders"":1},{""price"":62652.52,""size"":0.04790373,""num_orders"":1},{""price"":62652.08,""size"":0.00239399,""num_orders"":1}]","[{""price"":62656.79,""size"":0.34833522,""num_orders"":6},{""price"":62658.01,""size"":0.00067518,""num_orders"":1},{""price"":62658.79,""size"":0.10019065,""num_orders"":1},{""price"":62658.8,""size"":0.15989374,""num_orders"":3},{""price"":62659.3,""size"":0.01595932,""num_orders"":2},{""price"":62659.44,""size"":0.0638388,""num_orders"":1},{""price"":62659.52,""size"":1.8e-05,""num_orders"":1},{""price"":62659.73,""size"":0.14853382,""num_orders"":1},{""price"":62659.75,""size"":0.00159455,""num_orders"":1},{""price"":62659.78,""size"":0.14334305,""num_orders"":2}]"
btc_usd_d10_20260704T001122Z,35,2026-07-04T00:46:22.600030Z,2026-07-04T00:46:22.600129Z,BTC-USD,10,ok,,131987345656,2026-07-04T00:46:21.046728225Z,0.51034508,0.9221409,-0.287469354499,62664,62664.010000000002,62664.005000000005,0.010000000002,0.001595812461,"[{""price"":62664.0,""size"":0.0394,""num_orders"":1},{""price"":62663.41,""size"":0.01196871,""num_orders"":2},{""price"":62662.6,""size"":1.8e-05,""num_orders"":1},{""price"":62662.23,""size"":0.09543932,""num_orders"":1},{""price"":62662.0,""size"":0.0394,""num_orders"":1},{""price"":62660.12,""size"":0.02395187,""num_orders"":1},{""price"":62660.11,""size"":0.14334305,""num_orders"":2},{""price"":62660.0,""size"":0.0394,""num_orders"":1},{""price"":62659.9,""size"":0.06382413,""num_orders"":1},{""price"":62659.81,""size"":0.0536,""num_orders"":1}]","[{""price"":62664.01,""size"":0.01768769,""num_orders"":2},{""price"":62665.09,""size"":0.20420398,""num_orders"":2},{""price"":62665.1,""size"":0.12766278,""num_orders"":1},{""price"":62665.69,""size"":0.15797,""num_orders"":1},{""price"":62666.55,""size"":0.00014313,""num_orders"":4},{""price"":62666.62,""size"":0.1360963,""num_orders"":1},{""price"":62667.33,""size"":0.09543932,""num_orders"":1},{""price"":62668.0,""size"":0.0536,""num_orders"":1},{""price"":62668.18,""size"":0.00160665,""num_orders"":1},{""price"":62668.23,""size"":0.12773105,""num_orders"":3}]"
btc_usd_d10_20260704T001122Z,36,2026-07-04T00:47:22.600030Z,2026-07-04T00:47:22.600160Z,BTC-USD,10,ok,,131987369765,2026-07-04T00:47:22.343005948Z,0.75673665,0.72499335,0.021423133769,62681.07,62681.080000000002,62681.074999999997,0.010000000002,0.001595377872,"[{""price"":62681.07,""size"":0.09739546,""num_orders"":5},{""price"":62681.06,""size"":0.02999997,""num_orders"":1},{""price"":62681.05,""size"":0.06032275,""num_orders"":1},{""price"":62681.04,""size"":0.03,""num_orders"":1},{""price"":62680.5,""size"":0.03418512,""num_orders"":2},{""price"":62680.0,""size"":0.0536,""num_orders"":1},{""price"":62678.02,""size"":0.2383777,""num_orders"":1},{""price"":62678.01,""size"":0.09543932,""num_orders"":1},{""price"":62678.0,""size"":0.0536,""num_orders"":1},{""price"":62677.37,""size"":0.06381633,""num_orders"":1}]","[{""price"":62681.08,""size"":0.00035559,""num_orders"":2},{""price"":62682.07,""size"":0.12762821,""num_orders"":1},{""price"":62683.2,""size"":0.13318068,""num_orders"":1},{""price"":62683.21,""size"":0.12762589,""num_orders"":1},{""price"":62683.31,""size"":0.09543932,""num_orders"":1},{""price"":62683.59,""size"":0.00014956,""num_orders"":2},{""price"":62684.16,""size"":1.8e-05,""num_orders"":1},{""price"":62684.21,""size"":0.01196473,""num_orders"":2},{""price"":62684.81,""size"":0.21863137,""num_orders"":1},{""price"":62685.0,""size"":0.01,""num_orders"":1}]"
btc_usd_d10_20260704T001122Z,37,2026-07-04T00:48:22.600030Z,2026-07-04T00:48:22.600168Z,BTC-USD,10,ok,,131987413388,2026-07-04T00:48:21.547101335Z,0.39075501,0.51897847,-0.140946181293,62746.199999999997,62746.209999999999,62746.205000000002,0.010000000002,0.001593721884,"[{""price"":62746.2,""size"":0.015,""num_orders"":1},{""price"":62746.01,""size"":0.11333414,""num_orders"":1},{""price"":62746.0,""size"":0.0809,""num_orders"":2},{""price"":62745.98,""size"":0.03,""num_orders"":1},{""price"":62744.02,""size"":3.904e-05,""num_orders"":1},{""price"":62744.0,""size"":0.0509,""num_orders"":1},{""price"":62743.48,""size"":0.02800039,""num_orders"":1},{""price"":62743.24,""size"":0.04861157,""num_orders"":1},{""price"":62743.23,""size"":0.02395187,""num_orders"":1},{""price"":62742.68,""size"":1.8e-05,""num_orders"":1}]","[{""price"":62746.21,""size"":0.04790373,""num_orders"":1},{""price"":62746.33,""size"":0.09543932,""num_orders"":1},{""price"":62746.72,""size"":0.1274967,""num_orders"":1},{""price"":62747.66,""size"":9.961e-05,""num_orders"":1},{""price"":62748.16,""size"":0.00796836,""num_orders"":1},{""price"":62748.71,""size"":9.96e-05,""num_orders"":1},{""price"":62749.34,""size"":0.00796821,""num_orders"":1},{""price"":62749.91,""size"":0.18090374,""num_orders"":2},{""price"":62750.0,""size"":0.0509,""num_orders"":1},{""price"":62750.01,""size"":0.0001992,""num_orders"":1}]"
btc_usd_d10_20260704T001122Z,38,2026-07-04T00:49:22.600030Z,2026-07-04T00:49:22.600170Z,BTC-USD,10,ok,,131987451071,2026-07-04T00:49:22.343168175Z,0.33009133,0.98278228,-0.497146827409,62702.639999999999,62702.650000000001,62702.645000000004,0.010000000002,0.001594829054,"[{""price"":62702.64,""size"":1.794e-05,""num_orders"":1},{""price"":62701.88,""size"":0.00797424,""num_orders"":1},{""price"":62700.13,""size"":0.00797446,""num_orders"":1},{""price"":62700.01,""size"":0.02741305,""num_orders"":1},{""price"":62700.0,""size"":0.0459,""num_orders"":1},{""price"":62699.56,""size"":1.8e-05,""num_orders"":1},{""price"":62699.5,""size"":0.00398727,""num_orders"":1},{""price"":62698.41,""size"":0.06379203,""num_orders"":1},{""price"":62698.02,""size"":0.01,""num_orders"":1},{""price"":62698.01,""size"":0.16301434,""num_orders"":2}]","[{""price"":62702.65,""size"":0.22510003,""num_orders"":5},{""price"":62702.66,""size"":0.03,""num_orders"":1},{""price"":62702.68,""size"":0.03,""num_orders"":1},{""price"":62703.99,""size"":0.16054648,""num_orders"":1},{""price"":62704.38,""size"":0.09543932,""num_orders"":1},{""price"":62704.4,""size"":0.12758275,""num_orders"":1},{""price"":62707.21,""size"":0.15249011,""num_orders"":1},{""price"":62707.22,""size"":0.09543932,""num_orders"":1},{""price"":62707.36,""size"":0.00239224,""num_orders"":1},{""price"":62707.81,""size"":0.06379203,""num_orders"":1}]"
btc_usd_d10_20260704T001122Z,39,2026-07-04T00:50:22.600030Z,2026-07-04T00:50:22.600148Z,BTC-USD,10,ok,,131987481638,2026-07-04T00:50:22.528533890Z,1.48406816,0.28748301,0.675444870159,62704.010000000002,62704.019999999997,62704.014999999999,0.009999999995,0.001594794208,"[{""price"":62704.01,""size"":1.06338585,""num_orders"":6},{""price"":62704.0,""size"":0.00034973,""num_orders"":1},{""price"":62702.64,""size"":1.794e-05,""num_orders"":1},{""price"":62702.01,""size"":0.16331087,""num_orders"":2},{""price"":62702.0,""size"":0.0536,""num_orders"":1},{""price"":62701.81,""size"":0.00797425,""num_orders"":1},{""price"":62701.5,""size"":0.00797429,""num_orders"":1},{""price"":62700.87,""size"":0.01196156,""num_orders"":2},{""price"":62700.86,""size"":0.12758994,""num_orders"":1},{""price"":62700.29,""size"":0.04790373,""num_orders"":1}]","[{""price"":62704.02,""size"":0.02377773,""num_orders"":2},{""price"":62704.04,""size"":0.03,""num_orders"":1},{""price"":62706.04,""size"":0.00124761,""num_orders"":1},{""price"":62706.22,""size"":0.09543932,""num_orders"":1},{""price"":62706.72,""size"":9.967e-05,""num_orders"":1},{""price"":62707.16,""size"":0.00121903,""num_orders"":1},{""price"":62707.22,""size"":0.00797356,""num_orders"":1},{""price"":62707.23,""size"":9.967e-05,""num_orders"":1},{""price"":62707.24,""size"":4.983e-05,""num_orders"":1},{""price"":62707.43,""size"":0.12757659,""num_orders"":1}]"
btc_usd_d10_20260704T001122Z,40,2026-07-04T00:51:22.600030Z,2026-07-04T00:51:22.600120Z,BTC-USD,10,ok,,131987508153,2026-07-04T00:51:21.820585377Z,0.12671785,1.63947998,-0.856507750324,62704.010000000002,62704.019999999997,62704.014999999999,0.009999999995,0.001594794208,"[{""price"":62704.01,""size"":0.00022051,""num_orders"":1},{""price"":62702.64,""size"":1.794e-05,""num_orders"":1},{""price"":62701.81,""size"":0.00797425,""num_orders"":1},{""price"":62701.5,""size"":0.00797429,""num_orders"":1},{""price"":62700.87,""size"":0.01196156,""num_orders"":2},{""price"":62700.0,""size"":0.0459,""num_orders"":1},{""price"":62699.56,""size"":1.8e-05,""num_orders"":1},{""price"":62697.04,""size"":0.0426333,""num_orders"":1},{""price"":62696.48,""size"":1.8e-05,""num_orders"":1},{""price"":62695.01,""size"":0.01,""num_orders"":1}]","[{""price"":62704.02,""size"":0.89178964,""num_orders"":8},{""price"":62704.31,""size"":0.21096833,""num_orders"":1},{""price"":62704.32,""size"":0.12758291,""num_orders"":1},{""price"":62704.33,""size"":0.04790373,""num_orders"":1},{""price"":62705.37,""size"":0.00159346,""num_orders"":1},{""price"":62705.73,""size"":0.09543932,""num_orders"":1},{""price"":62706.58,""size"":0.0348259,""num_orders"":1},{""price"":62707.45,""size"":0.00079739,""num_orders"":1},{""price"":62707.84,""size"":0.13313998,""num_orders"":1},{""price"":62707.85,""size"":0.09543932,""num_orders"":1}]"
btc_usd_d10_20260704T001122Z,41,2026-07-04T00:52:22.600030Z,2026-07-04T00:52:22.600130Z,BTC-USD,10,ok,,131987543247,2026-07-04T00:52:21.058654081Z,0.17028022,1.42935335,-0.78710096713,62688.559999999998,62688.57,62688.565000000002,0.010000000002,0.001595187257,"[{""price"":62688.56,""size"":0.00080868,""num_orders"":2},{""price"":62687.24,""size"":3.278e-05,""num_orders"":2},{""price"":62686.05,""size"":0.01595252,""num_orders"":2},{""price"":62686.0,""size"":0.0536,""num_orders"":1},{""price"":62685.43,""size"":0.01196451,""num_orders"":2},{""price"":62684.63,""size"":0.01,""num_orders"":1},{""price"":62684.17,""size"":0.01,""num_orders"":1},{""price"":62684.16,""size"":1.8e-05,""num_orders"":1},{""price"":62684.02,""size"":0.01,""num_orders"":1},{""price"":62684.01,""size"":0.05790373,""num_orders"":2}]","[{""price"":62688.57,""size"":0.54638319,""num_orders"":8},{""price"":62689.26,""size"":0.28977933,""num_orders"":2},{""price"":62690.26,""size"":0.06380748,""num_orders"":1},{""price"":62690.56,""size"":0.04887995,""num_orders"":2},{""price"":62691.33,""size"":0.00159377,""num_orders"":1},{""price"":62691.8,""size"":0.12760839,""num_orders"":1},{""price"":62692.0,""size"":0.0536,""num_orders"":1},{""price"":62692.5,""size"":0.09543932,""num_orders"":1},{""price"":62693.99,""size"":0.14866192,""num_orders"":2},{""price"":62694.0,""size"":0.0536,""num_orders"":1}]"
btc_usd_d10_20260704T001122Z,42,2026-07-04T00:53:22.600030Z,2026-07-04T00:53:22.600268Z,BTC-USD,10,ok,,131987565984,2026-07-04T00:53:20.044408769Z,0.51758896,0.83301977,-0.23354714285,62693.839999999997,62693.849999999999,62693.845000000001,0.010000000002,0.001595052912,"[{""price"":62693.84,""size"":0.00368121,""num_orders"":4},{""price"":62692.5,""size"":0.00013231,""num_orders"":1},{""price"":62692.13,""size"":0.09543932,""num_orders"":1},{""price"":62692.0,""size"":0.0536,""num_orders"":1},{""price"":62691.33,""size"":0.00797558,""num_orders"":1},{""price"":62690.71,""size"":0.00398783,""num_orders"":1},{""price"":62690.02,""size"":0.20134086,""num_orders"":2},{""price"":62690.01,""size"":0.09543932,""num_orders"":1},{""price"":62690.0,""size"":0.0536,""num_orders"":1},{""price"":62689.14,""size"":0.00239253,""num_orders"":1}]","[{""price"":62693.85,""size"":0.04132074,""num_orders"":4},{""price"":62693.87,""size"":0.00091022,""num_orders"":1},{""price"":62693.98,""size"":0.14644848,""num_orders"":1},{""price"":62694.02,""size"":0.12760389,""num_orders"":1},{""price"":62694.84,""size"":0.06380439,""num_orders"":1},{""price"":62696.0,""size"":0.0536,""num_orders"":1},{""price"":62696.05,""size"":9.969e-05,""num_orders"":1},{""price"":62696.39,""size"":0.27161579,""num_orders"":1},{""price"":62696.4,""size"":0.12759904,""num_orders"":1},{""price"":62696.48,""size"":1.753e-05,""num_orders"":1}]"
btc_usd_d10_20260704T001122Z,43,2026-07-04T00:54:22.600030Z,2026-07-04T00:54:22.600145Z,BTC-USD,10,ok,,131987593144,2026-07-04T00:54:21.630531012Z,0.35756773,0.4161041,-0.075660464463,62683.010000000002,62683.019999999997,62683.014999999999,0.009999999995,0.001595328494,"[{""price"":62683.01,""size"":0.06699674,""num_orders"":4},{""price"":62682.0,""size"":0.0536,""num_orders"":1},{""price"":62680.01,""size"":0.08735106,""num_orders"":1},{""price"":62680.0,""size"":0.0536,""num_orders"":1},{""price"":62679.54,""size"":0.00140408,""num_orders"":1},{""price"":62678.64,""size"":0.0159544,""num_orders"":2},{""price"":62678.53,""size"":0.00708417,""num_orders"":1},{""price"":62678.04,""size"":0.00797728,""num_orders"":1},{""price"":62678.0,""size"":0.0536,""num_orders"":1},{""price"":62676.01,""size"":0.01,""num_orders"":1}]","[{""price"":62683.02,""size"":0.00256404,""num_orders"":3},{""price"":62683.26,""size"":0.09543932,""num_orders"":1},{""price"":62683.28,""size"":0.12762574,""num_orders"":1},{""price"":62684.16,""size"":1.8e-05,""num_orders"":1},{""price"":62684.51,""size"":0.00485,""num_orders"":1},{""price"":62684.96,""size"":0.06381623,""num_orders"":1},{""price"":62685.0,""size"":0.01,""num_orders"":1},{""price"":62685.03,""size"":0.00029911,""num_orders"":2},{""price"":62685.43,""size"":0.09543932,""num_orders"":1},{""price"":62685.53,""size"":0.01605234,""num_orders"":3}]"
btc_usd_d10_20260704T001122Z,44,2026-07-04T00:55:22.600030Z,2026-07-04T00:55:22.600144Z,BTC-USD,10,ok,,131987618405,2026-07-04T00:55:20.034450423Z,0.78650737,0.40354205,0.321806232215,62695.459999999999,62695.470000000001,62695.464999999997,0.010000000002,0.001595011697,"[{""price"":62695.46,""size"":0.20217154,""num_orders"":6},{""price"":62695.45,""size"":0.05689236,""num_orders"":1},{""price"":62695.44,""size"":0.03,""num_orders"":1},{""price"":62695.26,""size"":0.01169709,""num_orders"":1},{""price"":62694.0,""size"":0.0536,""num_orders"":1},{""price"":62692.02,""size"":0.15469099,""num_orders"":3},{""price"":62692.01,""size"":0.09543932,""num_orders"":1},{""price"":62692.0,""size"":0.0536,""num_orders"":1},{""price"":62691.93,""size"":0.12760811,""num_orders"":1},{""price"":62691.0,""size"":0.00080796,""num_orders"":1}]","[{""price"":62695.47,""size"":0.00066694,""num_orders"":2},{""price"":62696.48,""size"":1.753e-05,""num_orders"":1},{""price"":62697.98,""size"":9.968e-05,""num_orders"":1},{""price"":62698.26,""size"":0.12759525,""num_orders"":1},{""price"":62698.6,""size"":0.00797466,""num_orders"":1},{""price"":62698.77,""size"":0.09987507,""num_orders"":1},{""price"":62698.78,""size"":0.04790373,""num_orders"":1},{""price"":62698.79,""size"":0.02395187,""num_orders"":1},{""price"":62698.8,""size"":0.09543932,""num_orders"":1},{""price"":62699.56,""size"":1.8e-05,""num_orders"":1}]"
btc_usd_d10_20260704T001122Z,45,2026-07-04T00:56:22.600030Z,2026-07-04T00:56:22.600145Z,BTC-USD,10,ok,,131987650233,2026-07-04T00:56:21.541586176Z,1.0545265,0.14519378,0.757953945731,62714.379999999997,62714.389999999999,62714.384999999995,0.010000000002,0.001594530506,"[{""price"":62714.38,""size"":0.21202068,""num_orders"":11},{""price"":62714.35,""size"":0.18108689,""num_orders"":1},{""price"":62714.34,""size"":0.12756252,""num_orders"":1},{""price"":62714.0,""size"":0.0482,""num_orders"":1},{""price"":62712.82,""size"":0.1275656,""num_orders"":1},{""price"":62712.01,""size"":0.1638597,""num_orders"":2},{""price"":62712.0,""size"":0.0482,""num_orders"":1},{""price"":62711.45,""size"":0.09543932,""num_orders"":1},{""price"":62710.0,""size"":0.0482,""num_orders"":1},{""price"":62709.67,""size"":0.00239179,""num_orders"":1}]","[{""price"":62714.39,""size"":0.00316451,""num_orders"":2},{""price"":62714.96,""size"":1.8e-05,""num_orders"":1},{""price"":62716.4,""size"":0.00029896,""num_orders"":2},{""price"":62716.9,""size"":0.01609414,""num_orders"":4},{""price"":62717.53,""size"":0.01195838,""num_orders"":2},{""price"":62717.7,""size"":0.00485,""num_orders"":1},{""price"":62718.0,""size"":0.0482,""num_orders"":1},{""price"":62718.04,""size"":1.8e-05,""num_orders"":1},{""price"":62719.1,""size"":0.00239179,""num_orders"":1},{""price"":62720.0,""size"":0.0582,""num_orders"":2}]"
btc_usd_d10_20260704T001122Z,46,2026-07-04T00:57:22.600030Z,2026-07-04T00:57:22.600153Z,BTC-USD,10,ok,,131987675210,2026-07-04T00:57:22.045100550Z,0.31999718,0.9482681,-0.495378159371,62699.559999999998,62699.57,62699.565000000002,0.010000000002,0.001594907397,"[{""price"":62699.56,""size"":0.01503988,""num_orders"":3},{""price"":62698.32,""size"":9.56e-06,""num_orders"":1},{""price"":62697.06,""size"":0.01,""num_orders"":1},{""price"":62697.05,""size"":0.01594972,""num_orders"":2},{""price"":62697.01,""size"":0.01,""num_orders"":1},{""price"":62697.0,""size"":0.12759779,""num_orders"":1},{""price"":62696.87,""size"":0.09543932,""num_orders"":1},{""price"":62696.54,""size"":0.00024291,""num_orders"":1},{""price"":62696.48,""size"":1.8e-05,""num_orders"":1},{""price"":62696.0,""size"":0.0457,""num_orders"":1}]","[{""price"":62699.57,""size"":0.11414045,""num_orders"":3},{""price"":62699.58,""size"":0.03,""num_orders"":1},{""price"":62699.6,""size"":0.03,""num_orders"":1},{""price"":62700.0,""size"":0.19519172,""num_orders"":1},{""price"":62701.98,""size"":0.09543932,""num_orders"":1},{""price"":62701.99,""size"":0.04790373,""num_orders"":1},{""price"":62702.0,""size"":0.0457,""num_orders"":1},{""price"":62702.19,""size"":0.12758725,""num_orders"":1},{""price"":62703.1,""size"":0.06379281,""num_orders"":1},{""price"":62703.21,""size"":0.19851282,""num_orders"":1}]"
btc_usd_d10_20260704T001122Z,47,2026-07-04T00:58:22.600030Z,2026-07-04T00:58:22.600145Z,BTC-USD,10,ok,,131987698830,2026-07-04T00:58:22.007621847Z,0.5704082,0.72380919,-0.118527993199,62698.360000000001,62698.370000000003,62698.365000000005,0.010000000002,0.001594937923,"[{""price"":62698.36,""size"":0.00268904,""num_orders"":1},{""price"":62697.12,""size"":0.03948976,""num_orders"":2},{""price"":62696.02,""size"":0.01006874,""num_orders"":2},{""price"":62696.01,""size"":0.18604709,""num_orders"":2},{""price"":62696.0,""size"":0.048,""num_orders"":1},{""price"":62695.26,""size"":0.01067786,""num_orders"":1},{""price"":62694.01,""size"":0.09543932,""num_orders"":1},{""price"":62694.0,""size"":0.048,""num_orders"":1},{""price"":62693.95,""size"":0.12760401,""num_orders"":1},{""price"":62693.59,""size"":0.00239238,""num_orders"":1}]","[{""price"":62698.37,""size"":0.015,""num_orders"":1},{""price"":62698.67,""size"":0.0001929,""num_orders"":1},{""price"":62698.88,""size"":0.06380375,""num_orders"":1},{""price"":62699.32,""size"":0.20069855,""num_orders"":1},{""price"":62699.33,""size"":0.12759306,""num_orders"":1},{""price"":62699.5,""size"":0.09543932,""num_orders"":1},{""price"":62700.0,""size"":0.0457,""num_orders"":1},{""price"":62700.79,""size"":0.12732836,""num_orders"":1},{""price"":62700.8,""size"":0.04790373,""num_orders"":1},{""price"":62701.17,""size"":0.00014952,""num_orders"":2}]"
btc_usd_d10_20260704T001122Z,48,2026-07-04T00:59:22.600030Z,2026-07-04T00:59:22.600144Z,BTC-USD,10,ok,,131987723620,2026-07-04T00:59:22.343978289Z,0.2662755,0.48725011,-0.293254279705,62700.290000000001,62700.300000000003,62700.294999999998,0.010000000002,0.001594888828,"[{""price"":62700.29,""size"":0.03947734,""num_orders"":4},{""price"":62700.1,""size"":0.00144619,""num_orders"":1},{""price"":62699.98,""size"":0.00021355,""num_orders"":1},{""price"":62699.5,""size"":0.05848729,""num_orders"":1},{""price"":62698.02,""size"":0.09543932,""num_orders"":1},{""price"":62698.0,""size"":0.0433,""num_orders"":1},{""price"":62697.77,""size"":0.00797477,""num_orders"":1},{""price"":62697.76,""size"":0.00797477,""num_orders"":1},{""price"":62697.13,""size"":0.00797485,""num_orders"":1},{""price"":62697.12,""size"":0.00398742,""num_orders"":1}]","[{""price"":62700.3,""size"":0.00101867,""num_orders"":1},{""price"":62700.53,""size"":0.12759064,""num_orders"":1},{""price"":62702.0,""size"":0.0433,""num_orders"":1},{""price"":62702.31,""size"":0.00029903,""num_orders"":2},{""price"":62702.64,""size"":0.00016049,""num_orders"":1},{""price"":62702.68,""size"":0.09543932,""num_orders"":1},{""price"":62702.7,""size"":0.12758623,""num_orders"":1},{""price"":62702.81,""size"":0.01609776,""num_orders"":4},{""price"":62703.44,""size"":0.01196106,""num_orders"":2},{""price"":62703.92,""size"":0.06379691,""num_orders"":1}]"
btc_usd_d10_20260704T001122Z,49,2026-07-04T01:00:22.600030Z,2026-07-04T01:00:22.600225Z,BTC-USD,10,ok,,131987752845,2026-07-04T01:00:21.317241775Z,1.34861362,0.69317305,0.321013247677,62685.989999999998,62686,62685.994999999995,0.010000000002,0.001595252656,"[{""price"":62685.99,""size"":1.06143985,""num_orders"":5},{""price"":62684.17,""size"":0.0005965,""num_orders"":3},{""price"":62684.16,""size"":1.8e-05,""num_orders"":1},{""price"":62684.03,""size"":0.027742,""num_orders"":1},{""price"":62683.46,""size"":0.06042861,""num_orders"":1},{""price"":62682.14,""size"":0.00797675,""num_orders"":1},{""price"":62682.12,""size"":0.00797676,""num_orders"":1},{""price"":62681.82,""size"":0.05081766,""num_orders"":1},{""price"":62681.64,""size"":0.12762907,""num_orders"":1},{""price"":62681.48,""size"":0.00398842,""num_orders"":1}]","[{""price"":62686.0,""size"":0.06685323,""num_orders"":3},{""price"":62687.33,""size"":0.07618763,""num_orders"":1},{""price"":62687.34,""size"":0.12761747,""num_orders"":1},{""price"":62687.72,""size"":0.20387583,""num_orders"":2},{""price"":62687.73,""size"":0.09543932,""num_orders"":1},{""price"":62687.81,""size"":0.06381081,""num_orders"":1},{""price"":62688.0,""size"":0.0391,""num_orders"":1},{""price"":62688.01,""size"":0.0002991,""num_orders"":2},{""price"":62688.51,""size"":0.01600173,""num_orders"":3},{""price"":62689.13,""size"":0.00398793,""num_orders"":1}]"
btc_usd_d10_20260704T001122Z,50,2026-07-04T01:01:22.600030Z,2026-07-04T01:01:22.600161Z,BTC-USD,10,ok,,131987783091,2026-07-04T01:01:20.542759701Z,0.51279371,0.93624868,-0.292230905681,62665.68,62665.690000000002,62665.684999999998,0.010000000002,0.001595769679,"[{""price"":62665.68,""size"":0.08305687,""num_orders"":3},{""price"":62664.88,""size"":0.04790373,""num_orders"":1},{""price"":62664.87,""size"":0.2999,""num_orders"":1},{""price"":62664.33,""size"":0.00399047,""num_orders"":1},{""price"":62664.01,""size"":0.00151397,""num_orders"":1},{""price"":62664.0,""size"":0.02453159,""num_orders"":1},{""price"":62663.17,""size"":0.01595834,""num_orders"":2},{""price"":62662.6,""size"":1.8e-05,""num_orders"":1},{""price"":62662.55,""size"":0.01196887,""num_orders"":2},{""price"":62661.63,""size"":0.02395187,""num_orders"":1}]","[{""price"":62665.69,""size"":0.13032046,""num_orders"":3},{""price"":62665.72,""size"":0.00079788,""num_orders"":1},{""price"":62667.17,""size"":0.20329777,""num_orders"":1},{""price"":62667.18,""size"":0.09543932,""num_orders"":1},{""price"":62667.2,""size"":0.1276585,""num_orders"":1},{""price"":62668.0,""size"":0.0536,""num_orders"":1},{""price"":62669.11,""size"":0.04790373,""num_orders"":1},{""price"":62669.12,""size"":0.11795724,""num_orders"":1},{""price"":62669.13,""size"":0.09543932,""num_orders"":1},{""price"":62669.38,""size"":0.06383446,""num_orders"":1}]"
btc_usd_d10_20260704T001122Z,51,2026-07-04T01:02:22.600030Z,2026-07-04T01:02:22.600147Z,BTC-USD,10,ok,,131987837037,2026-07-04T01:02:20.183992824Z,0.4166732,0.26242238,0.227141546113,62547.980000000003,62547.989999999998,62547.985000000001,0.009999999995,0.001598772526,"[{""price"":62547.98,""size"":0.0452359,""num_orders"":2},{""price"":62545.55,""size"":0.09543932,""num_orders"":1},{""price"":62545.48,""size"":0.01598836,""num_orders"":2},{""price"":62544.85,""size"":0.00799426,""num_orders"":1},{""price"":62544.2,""size"":0.06395243,""num_orders"":1},{""price"":62544.01,""size"":0.04796731,""num_orders"":1},{""price"":62543.6,""size"":0.044614,""num_orders"":1},{""price"":62542.94,""size"":0.09543932,""num_orders"":1},{""price"":62542.6,""size"":2.43e-05,""num_orders"":1},{""price"":62542.48,""size"":1.8e-05,""num_orders"":1}]","[{""price"":62547.99,""size"":0.00064668,""num_orders"":2},{""price"":62548.0,""size"":0.0784,""num_orders"":2},{""price"":62548.02,""size"":0.03,""num_orders"":1},{""price"":62548.3,""size"":9.7e-05,""num_orders"":1},{""price"":62549.08,""size"":0.00187738,""num_orders"":1},{""price"":62549.83,""size"":0.00485,""num_orders"":1},{""price"":62550.0,""size"":0.0509,""num_orders"":1},{""price"":62551.39,""size"":0.09543932,""num_orders"":1},{""price"":62551.45,""size"":0.000194,""num_orders"":1},{""price"":62551.72,""size"":1.8e-05,""num_orders"":1}]"
btc_usd_d10_20260704T001122Z,52,2026-07-04T01:03:22.600030Z,2026-07-04T01:03:22.600171Z,BTC-USD,10,ok,,131987900318,2026-07-04T01:03:22.545980503Z,0.21704267,0.18661669,0.07537538582,62507.980000000003,62507.989999999998,62507.985000000001,0.009999999995,0.001599795609,"[{""price"":62507.98,""size"":0.03457947,""num_orders"":2},{""price"":62506.02,""size"":0.06697152,""num_orders"":1},{""price"":62506.0,""size"":0.0275,""num_orders"":1},{""price"":62505.48,""size"":0.0079993,""num_orders"":1},{""price"":62504.96,""size"":0.06399353,""num_orders"":1},{""price"":62504.88,""size"":0.00079991,""num_orders"":1},{""price"":62504.85,""size"":0.00399969,""num_orders"":1},{""price"":62504.76,""size"":0.00159981,""num_orders"":1},{""price"":62504.75,""size"":0.00799939,""num_orders"":1},{""price"":62504.73,""size"":0.00160005,""num_orders"":1}]","[{""price"":62507.99,""size"":0.0025926,""num_orders"":2},{""price"":62508.78,""size"":0.12798203,""num_orders"":1},{""price"":62510.0,""size"":0.0275,""num_orders"":1},{""price"":62510.15,""size"":0.00029995,""num_orders"":2},{""price"":62510.48,""size"":9.7e-05,""num_orders"":1},{""price"":62510.49,""size"":9.998e-05,""num_orders"":1},{""price"":62510.55,""size"":4.999e-05,""num_orders"":1},{""price"":62510.65,""size"":0.01599728,""num_orders"":2},{""price"":62511.12,""size"":0.00799858,""num_orders"":1},{""price"":62511.17,""size"":0.00399928,""num_orders"":1}]"
btc_usd_d10_20260704T001122Z,53,2026-07-04T01:04:22.600030Z,2026-07-04T01:04:22.600148Z,BTC-USD,10,ok,,131987960224,2026-07-04T01:04:21.601009664Z,0.19797814,0.43221908,-0.371694657745,62514.809999999998,62514.82,62514.815000000002,0.010000000002,0.001599620826,"[{""price"":62514.81,""size"":0.00239943,""num_orders"":1},{""price"":62514.76,""size"":1.774e-05,""num_orders"":1},{""price"":62512.27,""size"":0.00799843,""num_orders"":1},{""price"":62512.26,""size"":0.00799843,""num_orders"":1},{""price"":62512.01,""size"":0.04801706,""num_orders"":1},{""price"":62512.0,""size"":0.0235,""num_orders"":1},{""price"":62511.68,""size"":1.707e-05,""num_orders"":1},{""price"":62511.64,""size"":0.00399925,""num_orders"":1},{""price"":62511.63,""size"":0.00799851,""num_orders"":1},{""price"":62511.55,""size"":0.09603222,""num_orders"":1}]","[{""price"":62514.82,""size"":0.12956937,""num_orders"":2},{""price"":62515.75,""size"":0.00159972,""num_orders"":1},{""price"":62515.76,""size"":0.00159972,""num_orders"":1},{""price"":62517.47,""size"":0.06398996,""num_orders"":1},{""price"":62517.52,""size"":0.00292942,""num_orders"":1},{""price"":62517.69,""size"":0.12796378,""num_orders"":1},{""price"":62517.71,""size"":0.00159894,""num_orders"":1},{""price"":62518.0,""size"":0.0235,""num_orders"":1},{""price"":62519.26,""size"":0.05596817,""num_orders"":1},{""price"":62520.0,""size"":0.0235,""num_orders"":1}]"
btc_usd_d10_20260704T001122Z,54,2026-07-04T01:05:22.600030Z,2026-07-04T01:05:22.600161Z,BTC-USD,10,ok,,131987993001,2026-07-04T01:05:20.631237726Z,0.33395465,0.44091465,-0.13803618236,62505.419999999998,62505.43,62505.425000000003,0.010000000002,0.001599861132,"[{""price"":62505.42,""size"":0.01877786,""num_orders"":5},{""price"":62505.05,""size"":7.889e-05,""num_orders"":1},{""price"":62504.0,""size"":0.0235,""num_orders"":1},{""price"":62503.53,""size"":0.09603222,""num_orders"":1},{""price"":62502.92,""size"":0.01599926,""num_orders"":2},{""price"":62502.44,""size"":1.758e-05,""num_orders"":1},{""price"":62502.29,""size"":0.01199956,""num_orders"":2},{""price"":62502.01,""size"":0.04801706,""num_orders"":1},{""price"":62502.0,""size"":0.0235,""num_orders"":1},{""price"":62501.54,""size"":0.09603222,""num_orders"":1}]","[{""price"":62505.43,""size"":0.00228226,""num_orders"":2},{""price"":62505.44,""size"":0.00159979,""num_orders"":1},{""price"":62505.51,""size"":0.12798871,""num_orders"":1},{""price"":62508.24,""size"":0.06399933,""num_orders"":1},{""price"":62508.47,""size"":0.15997834,""num_orders"":1},{""price"":62508.56,""size"":0.00159979,""num_orders"":1},{""price"":62508.95,""size"":0.00159848,""num_orders"":1},{""price"":62508.96,""size"":0.05596817,""num_orders"":1},{""price"":62510.0,""size"":0.0235,""num_orders"":1},{""price"":62510.21,""size"":0.00239978,""num_orders"":1}]"
btc_usd_d10_20260704T001122Z,55,2026-07-04T01:06:22.600030Z,2026-07-04T01:06:22.600160Z,BTC-USD,10,ok,,131988031038,2026-07-04T01:06:20.838086263Z,0.4259558,0.49828784,-0.078260792793,62487.660000000003,62487.669999999998,62487.665000000001,0.009999999995,0.001600315837,"[{""price"":62487.66,""size"":0.19869489,""num_orders"":1},{""price"":62486.72,""size"":0.00011999,""num_orders"":2},{""price"":62486.43,""size"":0.00697572,""num_orders"":1},{""price"":62486.01,""size"":5.757e-05,""num_orders"":1},{""price"":62484.22,""size"":0.01600404,""num_orders"":2},{""price"":62483.96,""size"":1.8e-05,""num_orders"":1},{""price"":62483.6,""size"":0.01200315,""num_orders"":2},{""price"":62481.0,""size"":0.09603222,""num_orders"":1},{""price"":62480.88,""size"":1.8e-05,""num_orders"":1},{""price"":62478.59,""size"":0.09603222,""num_orders"":1}]","[{""price"":62487.67,""size"":0.03278056,""num_orders"":2},{""price"":62487.85,""size"":0.09603222,""num_orders"":1},{""price"":62487.86,""size"":0.08801743,""num_orders"":1},{""price"":62487.87,""size"":0.00240048,""num_orders"":1},{""price"":62487.88,""size"":0.12802483,""num_orders"":1},{""price"":62488.0,""size"":0.0259,""num_orders"":1},{""price"":62488.6,""size"":0.00160005,""num_orders"":1},{""price"":62488.81,""size"":0.00160005,""num_orders"":1},{""price"":62489.82,""size"":0.09603222,""num_orders"":1},{""price"":62490.0,""size"":0.0259,""num_orders"":1}]"
btc_usd_d10_20260704T001122Z,56,2026-07-04T01:07:22.600030Z,2026-07-04T01:07:22.600121Z,BTC-USD,10,ok,,131988076533,2026-07-04T01:07:21.037878208Z,0.52881756,0.31838575,0.24838407442,62445.449999999997,62445.459999999999,62445.455000000002,0.010000000002,0.001601397572,"[{""price"":62445.45,""size"":0.06927562,""num_orders"":3},{""price"":62445.41,""size"":0.04804447,""num_orders"":1},{""price"":62444.33,""size"":0.06405202,""num_orders"":1},{""price"":62444.24,""size"":0.09603222,""num_orders"":1},{""price"":62442.95,""size"":0.01601462,""num_orders"":2},{""price"":62442.81,""size"":0.12811721,""num_orders"":1},{""price"":62442.33,""size"":0.0080464,""num_orders"":2},{""price"":62442.18,""size"":0.09603222,""num_orders"":1},{""price"":62440.99,""size"":0.00080069,""num_orders"":1},{""price"":62440.76,""size"":0.00240209,""num_orders"":1}]","[{""price"":62445.46,""size"":0.00165225,""num_orders"":2},{""price"":62445.97,""size"":0.0002841,""num_orders"":1},{""price"":62448.0,""size"":0.0168,""num_orders"":1},{""price"":62448.6,""size"":0.00485,""num_orders"":1},{""price"":62449.6,""size"":0.12810331,""num_orders"":1},{""price"":62449.98,""size"":0.09603222,""num_orders"":1},{""price"":62449.99,""size"":0.04804447,""num_orders"":1},{""price"":62450.0,""size"":0.021,""num_orders"":1},{""price"":62450.08,""size"":1.8e-05,""num_orders"":1},{""price"":62450.68,""size"":0.0016014,""num_orders"":1}]"
btc_usd_d10_20260704T001122Z,57,2026-07-04T01:08:22.600030Z,2026-07-04T01:08:22.600158Z,BTC-USD,10,ok,,131988116428,2026-07-04T01:08:20.682188730Z,0.73182462,0.13468251,0.689136983789,62488.720000000001,62488.730000000003,62488.725000000006,0.010000000002,0.001600288692,"[{""price"":62488.72,""size"":0.23508504,""num_orders"":8},{""price"":62488.7,""size"":0.03,""num_orders"":1},{""price"":62488.66,""size"":0.00080014,""num_orders"":1},{""price"":62487.04,""size"":0.12802653,""num_orders"":1},{""price"":62486.84,""size"":0.09603222,""num_orders"":1},{""price"":62484.94,""size"":0.01,""num_orders"":1},{""price"":62484.93,""size"":0.04804447,""num_orders"":1},{""price"":62484.92,""size"":0.09603222,""num_orders"":1},{""price"":62484.91,""size"":0.027804,""num_orders"":1},{""price"":62484.82,""size"":0.06,""num_orders"":2}]","[{""price"":62488.73,""size"":0.00012818,""num_orders"":1},{""price"":62490.0,""size"":0.01,""num_orders"":1},{""price"":62490.12,""size"":1.8e-05,""num_orders"":1},{""price"":62490.13,""size"":0.03212,""num_orders"":1},{""price"":62490.73,""size"":0.00030004,""num_orders"":2},{""price"":62491.23,""size"":0.01615226,""num_orders"":4},{""price"":62491.85,""size"":0.01200156,""num_orders"":2},{""price"":62492.0,""size"":0.0159,""num_orders"":1},{""price"":62493.2,""size"":1.8e-05,""num_orders"":1},{""price"":62493.99,""size"":0.04804447,""num_orders"":1}]"
btc_usd_d10_20260704T001122Z,58,2026-07-04T01:09:22.600030Z,2026-07-04T01:09:22.600160Z,BTC-USD,10,ok,,131988150590,2026-07-04T01:09:20.690000877Z,0.38335673,0.32547935,0.081651289534,62514.760000000002,62514.769999999997,62514.764999999999,0.009999999995,0.001599622104,"[{""price"":62514.76,""size"":0.0039222,""num_orders"":4},{""price"":62514.01,""size"":0.04804447,""num_orders"":1},{""price"":62512.0,""size"":0.0236,""num_orders"":1},{""price"":62511.68,""size"":1.8e-05,""num_orders"":1},{""price"":62511.57,""size"":0.09603222,""num_orders"":1},{""price"":62511.48,""size"":0.00378198,""num_orders"":1},{""price"":62510.81,""size"":0.12797784,""num_orders"":1},{""price"":62510.77,""size"":0.00799862,""num_orders"":1},{""price"":62510.73,""size"":0.00799863,""num_orders"":1},{""price"":62510.41,""size"":0.06398277,""num_orders"":1}]","[{""price"":62514.77,""size"":0.02419433,""num_orders"":2},{""price"":62516.0,""size"":0.0236,""num_orders"":1},{""price"":62516.42,""size"":0.12796638,""num_orders"":1},{""price"":62516.77,""size"":0.00029992,""num_orders"":2},{""price"":62517.27,""size"":0.01599558,""num_orders"":2},{""price"":62517.52,""size"":0.00014996,""num_orders"":2},{""price"":62517.99,""size"":0.09603222,""num_orders"":1},{""price"":62518.0,""size"":0.0236,""num_orders"":1},{""price"":62518.15,""size"":0.01199652,""num_orders"":2},{""price"":62519.15,""size"":0.00164444,""num_orders"":1}]"
btc_usd_d10_20260704T001122Z,59,2026-07-04T01:10:22.600030Z,2026-07-04T01:10:22.600224Z,BTC-USD,10,ok,,131988202353,2026-07-04T01:10:21.046819635Z,0.18767156,0.58682232,-0.515369805117,62419.989999999998,62420,62419.994999999995,0.010000000002,0.001602050753,"[{""price"":62419.99,""size"":3.84e-05,""num_orders"":1},{""price"":62419.57,""size"":0.015,""num_orders"":1},{""price"":62418.58,""size"":0.01480266,""num_orders"":1},{""price"":62418.57,""size"":0.0013696,""num_orders"":1},{""price"":62418.0,""size"":0.0223,""num_orders"":1},{""price"":62417.49,""size"":0.00801057,""num_orders"":1},{""price"":62417.2,""size"":0.04806107,""num_orders"":1},{""price"":62417.19,""size"":0.06408393,""num_orders"":1},{""price"":62416.87,""size"":0.00400533,""num_orders"":1},{""price"":62416.35,""size"":0.01,""num_orders"":1}]","[{""price"":62420.0,""size"":0.03,""num_orders"":1},{""price"":62420.02,""size"":0.03,""num_orders"":1},{""price"":62420.59,""size"":0.12816283,""num_orders"":1},{""price"":62422.0,""size"":0.0223,""num_orders"":1},{""price"":62422.54,""size"":0.09603222,""num_orders"":1},{""price"":62423.24,""size"":0.00160196,""num_orders"":1},{""price"":62424.0,""size"":0.0223,""num_orders"":1},{""price"":62424.71,""size"":0.09603222,""num_orders"":1},{""price"":62424.76,""size"":0.16019285,""num_orders"":1},{""price"":62425.05,""size"":0.00020024,""num_orders"":1}]"
btc_usd_d10_20260704T043945Z,0,2026-07-04T04:39:45.571585Z,2026-07-04T04:39:45.571617Z,BTC-USD,10,ok,,131994782796,2026-07-04T04:39:42.674015331Z,0.12948695,1.1229772,-0.793228492808,62641.029999999999,62641.040000000001,62641.035000000003,0.010000000002,0.001596397633,"[{""price"":62641.03,""size"":0.00418403,""num_orders"":2},{""price"":62638.0,""size"":0.0287,""num_orders"":1},{""price"":62636.11,""size"":0.00084247,""num_orders"":1},{""price"":62636.0,""size"":0.0287,""num_orders"":1},{""price"":62635.64,""size"":0.00239462,""num_orders"":1},{""price"":62634.01,""size"":0.01,""num_orders"":1},{""price"":62634.0,""size"":0.0287,""num_orders"":1},{""price"":62633.8,""size"":0.00798291,""num_orders"":1},{""price"":62633.76,""size"":0.00798292,""num_orders"":1},{""price"":62633.66,""size"":0.01,""num_orders"":1}]","[{""price"":62641.04,""size"":0.17583933,""num_orders"":6},{""price"":62641.44,""size"":0.12773429,""num_orders"":1},{""price"":62641.46,""size"":0.35735049,""num_orders"":1},{""price"":62641.47,""size"":0.23975432,""num_orders"":1},{""price"":62641.48,""size"":0.12771091,""num_orders"":1},{""price"":62642.0,""size"":0.0287,""num_orders"":1},{""price"":62642.19,""size"":0.00159494,""num_orders"":1},{""price"":62642.9,""size"":0.06384893,""num_orders"":1},{""price"":62643.04,""size"":0.00029931,""num_orders"":2},{""price"":62643.12,""size"":0.00014468,""num_orders"":1}]"
btc_usd_d10_20260704T043945Z,1,2026-07-04T04:40:45.571585Z,2026-07-04T04:40:45.571719Z,BTC-USD,10,ok,,131994813193,2026-07-04T04:40:43.501100050Z,0.31275801,1.13588748,-0.568206283512,62620.459999999999,62620.470000000001,62620.464999999997,0.010000000002,0.001596922029,"[{""price"":62620.46,""size"":0.04317747,""num_orders"":4},{""price"":62619.48,""size"":1.8e-05,""num_orders"":1},{""price"":62619.43,""size"":0.00374123,""num_orders"":1},{""price"":62618.82,""size"":0.00030304,""num_orders"":3},{""price"":62618.0,""size"":0.0302,""num_orders"":1},{""price"":62617.96,""size"":0.01596986,""num_orders"":2},{""price"":62617.33,""size"":0.01197752,""num_orders"":2},{""price"":62617.26,""size"":0.16417537,""num_orders"":1},{""price"":62617.22,""size"":0.04317752,""num_orders"":1},{""price"":62616.4,""size"":1.8e-05,""num_orders"":1}]","[{""price"":62620.47,""size"":0.12779189,""num_orders"":2},{""price"":62621.15,""size"":0.12773429,""num_orders"":1},{""price"":62621.41,""size"":0.00319376,""num_orders"":2},{""price"":62621.75,""size"":0.37364647,""num_orders"":1},{""price"":62622.86,""size"":0.12774888,""num_orders"":1},{""price"":62623.32,""size"":0.12773429,""num_orders"":1},{""price"":62623.42,""size"":0.00019961,""num_orders"":1},{""price"":62623.44,""size"":9.98e-05,""num_orders"":1},{""price"":62623.62,""size"":0.23975432,""num_orders"":1},{""price"":62623.92,""size"":0.00798417,""num_orders"":1}]"
btc_usd_d10_20260704T043945Z,2,2026-07-04T04:41:45.571585Z,2026-07-04T04:41:45.571743Z,BTC-USD,10,ok,,131994848424,2026-07-04T04:41:45.539040143Z,0.40230819,0.67840633,-0.255477403968,62627.690000000002,62627.699999999997,62627.695,0.009999999995,0.001596737672,"[{""price"":62627.69,""size"":0.07407902,""num_orders"":4},{""price"":62626.01,""size"":0.0179697,""num_orders"":1},{""price"":62626.0,""size"":0.0301,""num_orders"":1},{""price"":62624.54,""size"":0.06,""num_orders"":2},{""price"":62624.53,""size"":0.0638707,""num_orders"":1},{""price"":62624.02,""size"":0.01,""num_orders"":1},{""price"":62624.01,""size"":0.11219677,""num_orders"":1},{""price"":62624.0,""size"":0.0301,""num_orders"":1},{""price"":62623.2,""size"":0.0015969,""num_orders"":1},{""price"":62622.94,""size"":0.0023951,""num_orders"":1}]","[{""price"":62627.7,""size"":0.12469459,""num_orders"":1},{""price"":62628.15,""size"":0.00798363,""num_orders"":1},{""price"":62629.06,""size"":0.23975432,""num_orders"":1},{""price"":62629.7,""size"":9.979e-05,""num_orders"":1},{""price"":62629.8,""size"":0.12773472,""num_orders"":1},{""price"":62629.89,""size"":0.12773429,""num_orders"":1},{""price"":62629.98,""size"":9.7e-05,""num_orders"":1},{""price"":62630.0,""size"":0.0302,""num_orders"":1},{""price"":62630.21,""size"":0.00813306,""num_orders"":3},{""price"":62630.83,""size"":0.01197493,""num_orders"":2}]"
btc_usd_d10_20260704T043945Z,3,2026-07-04T04:42:45.571585Z,2026-07-04T04:42:45.571713Z,BTC-USD,10,ok,,131994880774,2026-07-04T04:42:43.645981117Z,0.25836401,1.29656666,-0.667684206139,62613.32,62613.330000000002,62613.324999999997,0.010000000002,0.001597104131,"[{""price"":62613.32,""size"":0.00351127,""num_orders"":3},{""price"":62610.83,""size"":0.04812053,""num_orders"":1},{""price"":62610.82,""size"":0.01597168,""num_orders"":2},{""price"":62610.24,""size"":1.8e-05,""num_orders"":1},{""price"":62610.19,""size"":0.01197888,""num_orders"":2},{""price"":62610.0,""size"":0.0322,""num_orders"":1},{""price"":62608.62,""size"":0.00239565,""num_orders"":1},{""price"":62608.02,""size"":0.01,""num_orders"":1},{""price"":62608.01,""size"":0.102668,""num_orders"":3},{""price"":62608.0,""size"":0.0315,""num_orders"":1}]","[{""price"":62613.33,""size"":0.21231759,""num_orders"":5},{""price"":62613.97,""size"":0.19918366,""num_orders"":1},{""price"":62613.98,""size"":0.23975432,""num_orders"":1},{""price"":62614.0,""size"":0.03,""num_orders"":1},{""price"":62615.1,""size"":0.06388665,""num_orders"":1},{""price"":62615.69,""size"":0.12773429,""num_orders"":1},{""price"":62615.7,""size"":0.232394,""num_orders"":1},{""price"":62616.0,""size"":0.03,""num_orders"":1},{""price"":62616.88,""size"":0.00159557,""num_orders"":1},{""price"":62617.18,""size"":0.15970058,""num_orders"":1}]"
btc_usd_d10_20260704T043945Z,4,2026-07-04T04:43:45.571585Z,2026-07-04T04:43:45.571745Z,BTC-USD,10,ok,,131994909287,2026-07-04T04:43:44.034160799Z,0.39629443,0.56341165,-0.17413375145,62617.080000000002,62617.089999999997,62617.084999999999,0.009999999995,0.001597008228,"[{""price"":62617.08,""size"":0.00319363,""num_orders"":2},{""price"":62615.0,""size"":0.0200463,""num_orders"":2},{""price"":62614.68,""size"":0.01998983,""num_orders"":1},{""price"":62614.58,""size"":0.00798536,""num_orders"":1},{""price"":62614.08,""size"":0.04812053,""num_orders"":1},{""price"":62613.95,""size"":0.01197816,""num_orders"":2},{""price"":62613.31,""size"":5.605e-05,""num_orders"":1},{""price"":62613.24,""size"":0.06,""num_orders"":2},{""price"":62612.38,""size"":0.00239551,""num_orders"":1},{""price"":62612.35,""size"":0.22252906,""num_orders"":2}]","[{""price"":62617.09,""size"":0.02729263,""num_orders"":2},{""price"":62617.95,""size"":0.01,""num_orders"":1},{""price"":62617.96,""size"":0.16953601,""num_orders"":1},{""price"":62617.97,""size"":0.12773429,""num_orders"":1},{""price"":62618.0,""size"":0.15624562,""num_orders"":2},{""price"":62619.22,""size"":0.00019962,""num_orders"":1},{""price"":62619.47,""size"":0.00025138,""num_orders"":1},{""price"":62619.48,""size"":0.00028919,""num_orders"":1},{""price"":62619.6,""size"":0.0638782,""num_orders"":1},{""price"":62619.72,""size"":0.00798471,""num_orders"":1}]"
btc_usd_d10_20260704T043945Z,5,2026-07-04T04:44:45.571585Z,2026-07-04T04:44:45.571713Z,BTC-USD,10,ok,,131994937741,2026-07-04T04:44:43.184647697Z,0.30850078,1.14899246,-0.576669350453,62620.010000000002,62621.010000000002,62620.510000000002,1,0.159692088103,"[{""price"":62620.01,""size"":0.01998983,""num_orders"":3},{""price"":62620.0,""size"":0.0322,""num_orders"":1},{""price"":62619.48,""size"":0.01117964,""num_orders"":1},{""price"":62619.47,""size"":0.000256,""num_orders"":2},{""price"":62618.02,""size"":0.04812053,""num_orders"":1},{""price"":62618.0,""size"":0.0322,""num_orders"":1},{""price"":62617.47,""size"":0.00034135,""num_orders"":1},{""price"":62616.97,""size"":0.12773429,""num_orders"":1},{""price"":62616.0,""size"":0.0322,""num_orders"":1},{""price"":62615.17,""size"":0.00427914,""num_orders"":1}]","[{""price"":62621.01,""size"":0.02,""num_orders"":1},{""price"":62621.99,""size"":0.288541,""num_orders"":1},{""price"":62622.0,""size"":0.03261364,""num_orders"":1},{""price"":62623.63,""size"":0.03487531,""num_orders"":1},{""price"":62625.57,""size"":0.02,""num_orders"":2},{""price"":62626.43,""size"":0.0163,""num_orders"":1},{""price"":62626.44,""size"":0.12773429,""num_orders"":1},{""price"":62626.57,""size"":0.0248,""num_orders"":1},{""price"":62626.58,""size"":0.54610322,""num_orders"":1},{""price"":62626.61,""size"":0.038025,""num_orders"":1}]"
btc_usd_d10_20260704T043945Z,6,2026-07-04T04:45:45.571585Z,2026-07-04T04:45:45.571713Z,BTC-USD,10,ok,,131994977349,2026-07-04T04:45:43.187080107Z,0.48298254,0.317759,0.206338164996,62640.489999999998,62640.5,62640.494999999995,0.010000000002,0.001596411395,"[{""price"":62640.49,""size"":0.10681287,""num_orders"":6},{""price"":62640.36,""size"":0.00098,""num_orders"":1},{""price"":62640.29,""size"":0.0081355,""num_orders"":1},{""price"":62640.15,""size"":0.04812053,""num_orders"":1},{""price"":62640.06,""size"":0.00034135,""num_orders"":1},{""price"":62640.0,""size"":0.03231653,""num_orders"":2},{""price"":62638.0,""size"":0.0322,""num_orders"":1},{""price"":62637.95,""size"":0.00432144,""num_orders"":2},{""price"":62637.1,""size"":0.01,""num_orders"":1},{""price"":62637.09,""size"":0.23975432,""num_orders"":1}]","[{""price"":62640.5,""size"":0.00418792,""num_orders"":3},{""price"":62641.44,""size"":0.00159644,""num_orders"":1},{""price"":62641.57,""size"":0.12771072,""num_orders"":1},{""price"":62642.5,""size"":0.00019955,""num_orders"":1},{""price"":62643.01,""size"":0.00803163,""num_orders"":2},{""price"":62643.63,""size"":0.00399083,""num_orders"":1},{""price"":62644.12,""size"":1.8e-05,""num_orders"":1},{""price"":62645.14,""size"":0.01,""num_orders"":1},{""price"":62645.15,""size"":0.1596293,""num_orders"":1},{""price"":62645.2,""size"":0.00239461,""num_orders"":1}]"
btc_usd_d10_20260704T043945Z,7,2026-07-04T04:46:45.571585Z,2026-07-04T04:46:45.571714Z,BTC-USD,10,ok,,131995007309,2026-07-04T04:46:44.102375535Z,0.34283337,0.37391207,-0.043360861842,62656.419999999998,62656.43,62656.425000000003,0.010000000002,0.001596005518,"[{""price"":62656.42,""size"":0.02512011,""num_orders"":1},{""price"":62656.39,""size"":0.0015614,""num_orders"":1},{""price"":62656.0,""size"":0.0322,""num_orders"":1},{""price"":62655.02,""size"":0.0039868,""num_orders"":1},{""price"":62654.0,""size"":0.03226604,""num_orders"":2},{""price"":62653.46,""size"":0.01594721,""num_orders"":1},{""price"":62653.1,""size"":0.06384391,""num_orders"":1},{""price"":62652.92,""size"":0.00797361,""num_orders"":1},{""price"":62652.8,""size"":0.12773429,""num_orders"":1},{""price"":62652.0,""size"":0.0322,""num_orders"":1}]","[{""price"":62656.43,""size"":0.12766463,""num_orders"":1},{""price"":62656.44,""size"":0.00015575,""num_orders"":1},{""price"":62658.44,""size"":9.975e-05,""num_orders"":1},{""price"":62658.94,""size"":0.00797971,""num_orders"":1},{""price"":62659.52,""size"":0.010018,""num_orders"":2},{""price"":62659.72,""size"":0.01,""num_orders"":1},{""price"":62659.73,""size"":0.04812053,""num_orders"":1},{""price"":62659.74,""size"":0.1276737,""num_orders"":1},{""price"":62660.0,""size"":0.0322,""num_orders"":1},{""price"":62661.73,""size"":0.01,""num_orders"":1}]"
btc_usd_d10_20260704T043945Z,8,2026-07-04T04:47:45.571585Z,2026-07-04T04:47:45.571716Z,BTC-USD,10,ok,,131995036352,2026-07-04T04:47:45.144054121Z,0.44648583,0.7956221,-0.281083681673,62643.169999999998,62643.18,62643.175000000003,0.010000000002,0.001596343098,"[{""price"":62643.17,""size"":0.00199713,""num_orders"":3},{""price"":62642.92,""size"":7.791e-05,""num_orders"":1},{""price"":62642.64,""size"":0.12773429,""num_orders"":1},{""price"":62642.0,""size"":0.029,""num_orders"":1},{""price"":62641.55,""size"":3.895e-05,""num_orders"":1},{""price"":62641.04,""size"":1.8e-05,""num_orders"":1},{""price"":62640.79,""size"":0.09580065,""num_orders"":1},{""price"":62640.69,""size"":0.04812053,""num_orders"":1},{""price"":62640.68,""size"":0.12773429,""num_orders"":1},{""price"":62640.66,""size"":0.01596408,""num_orders"":2}]","[{""price"":62643.18,""size"":0.3940957,""num_orders"":7},{""price"":62644.57,""size"":0.00159482,""num_orders"":1},{""price"":62645.67,""size"":0.09300245,""num_orders"":1},{""price"":62645.69,""size"":0.12770232,""num_orders"":1},{""price"":62646.63,""size"":0.00159621,""num_orders"":1},{""price"":62647.88,""size"":0.00239451,""num_orders"":1},{""price"":62648.21,""size"":0.06317068,""num_orders"":2},{""price"":62648.86,""size"":0.06384512,""num_orders"":1},{""price"":62649.81,""size"":0.04812053,""num_orders"":1},{""price"":62649.96,""size"":9.976e-05,""num_orders"":1}]"
btc_usd_d10_20260704T043945Z,9,2026-07-04T04:48:45.571585Z,2026-07-04T04:48:45.571720Z,BTC-USD,10,ok,,131995056436,2026-07-04T04:48:44.047146708Z,0.26800161,0.5581234,-0.351183884386,62648.32,62648.330000000002,62648.324999999997,0.010000000002,0.00159621187,"[{""price"":62648.32,""size"":0.00247908,""num_orders"":2},{""price"":62648.0,""size"":0.0236,""num_orders"":1},{""price"":62646.67,""size"":0.00123754,""num_orders"":1},{""price"":62646.03,""size"":0.04812053,""num_orders"":1},{""price"":62646.0,""size"":0.0249,""num_orders"":1},{""price"":62645.93,""size"":0.00305791,""num_orders"":1},{""price"":62645.03,""size"":0.00798148,""num_orders"":1},{""price"":62644.99,""size"":0.12773429,""num_orders"":1},{""price"":62644.39,""size"":0.00399078,""num_orders"":1},{""price"":62644.0,""size"":0.0249,""num_orders"":1}]","[{""price"":62648.33,""size"":0.19236833,""num_orders"":7},{""price"":62648.78,""size"":0.00159469,""num_orders"":1},{""price"":62650.28,""size"":1.8e-05,""num_orders"":1},{""price"":62650.32,""size"":0.01,""num_orders"":1},{""price"":62650.33,""size"":0.00019952,""num_orders"":1},{""price"":62650.56,""size"":0.01,""num_orders"":1},{""price"":62650.57,""size"":0.17230647,""num_orders"":1},{""price"":62650.58,""size"":0.15961544,""num_orders"":1},{""price"":62650.84,""size"":0.00803062,""num_orders"":2},{""price"":62651.46,""size"":0.00399033,""num_orders"":1}]"
btc_usd_d10_20260704T043945Z,10,2026-07-04T04:49:45.571585Z,2026-07-04T04:49:45.571712Z,BTC-USD,10,ok,,131995092946,2026-07-04T04:49:43.547169049Z,0.55356017,0.33127059,0.251222708397,62637.989999999998,62638,62637.994999999995,0.010000000002,0.001596475111,"[{""price"":62637.99,""size"":0.12220274,""num_orders"":4},{""price"":62637.47,""size"":0.03825935,""num_orders"":1},{""price"":62637.46,""size"":0.04812053,""num_orders"":1},{""price"":62635.54,""size"":0.00159653,""num_orders"":1},{""price"":62635.53,""size"":0.01844303,""num_orders"":1},{""price"":62635.48,""size"":0.0159654,""num_orders"":2},{""price"":62634.86,""size"":0.01197417,""num_orders"":2},{""price"":62634.39,""size"":0.12772535,""num_orders"":1},{""price"":62632.93,""size"":0.01,""num_orders"":1},{""price"":62632.92,""size"":0.15927307,""num_orders"":1}]","[{""price"":62638.0,""size"":0.00389011,""num_orders"":1},{""price"":62640.0,""size"":0.01844303,""num_orders"":1},{""price"":62640.44,""size"":0.00079823,""num_orders"":1},{""price"":62641.81,""size"":0.01,""num_orders"":1},{""price"":62641.82,""size"":0.12771022,""num_orders"":1},{""price"":62642.0,""size"":0.0203,""num_orders"":1},{""price"":62642.69,""size"":0.01,""num_orders"":1},{""price"":62642.7,""size"":0.00239471,""num_orders"":1},{""price"":62642.82,""size"":0.01,""num_orders"":1},{""price"":62642.83,""size"":0.12773429,""num_orders"":1}]"
btc_usd_d10_20260704T043945Z,11,2026-07-04T04:50:45.571585Z,2026-07-04T04:50:45.571711Z,BTC-USD,10,ok,,131995127571,2026-07-04T04:50:44.690075401Z,1.41451643,0.47215727,0.499481791684,62659.330000000002,62659.339999999997,62659.334999999999,0.009999999995,0.001595931395,"[{""price"":62659.33,""size"":0.00357074,""num_orders"":2},{""price"":62657.14,""size"":0.00232229,""num_orders"":1},{""price"":62653.64,""size"":0.00239391,""num_orders"":1},{""price"":62651.65,""size"":9.312e-05,""num_orders"":1},{""price"":62651.19,""size"":0.90295755,""num_orders"":3},{""price"":62651.18,""size"":0.12773429,""num_orders"":1},{""price"":62651.17,""size"":0.23975432,""num_orders"":1},{""price"":62651.1,""size"":0.12769127,""num_orders"":1},{""price"":62650.28,""size"":1.8e-05,""num_orders"":1},{""price"":62649.25,""size"":0.00798094,""num_orders"":1}]","[{""price"":62659.34,""size"":0.03633347,""num_orders"":2},{""price"":62659.49,""size"":0.12773429,""num_orders"":1},{""price"":62659.52,""size"":1.8e-05,""num_orders"":1},{""price"":62660.0,""size"":0.0222,""num_orders"":1},{""price"":62660.38,""size"":0.12767239,""num_orders"":1},{""price"":62661.22,""size"":0.12767068,""num_orders"":1},{""price"":62661.35,""size"":0.00019949,""num_orders"":1},{""price"":62661.85,""size"":0.00797934,""num_orders"":1},{""price"":62662.0,""size"":0.0222,""num_orders"":1},{""price"":62662.03,""size"":0.00014961,""num_orders"":2}]"
btc_usd_d10_20260704T043945Z,12,2026-07-04T04:51:45.571585Z,2026-07-04T04:51:45.571721Z,BTC-USD,10,ok,,131995166009,2026-07-04T04:51:43.475778830Z,1.82131234,0.36391007,0.666935440224,62674.910000000003,62674.919999999998,62674.915000000001,0.009999999995,0.001595534672,"[{""price"":62674.91,""size"":0.80828571,""num_orders"":5},{""price"":62673.39,""size"":0.00605234,""num_orders"":1},{""price"":62671.68,""size"":0.12764936,""num_orders"":1},{""price"":62670.29,""size"":0.00153968,""num_orders"":1},{""price"":62670.28,""size"":0.33845148,""num_orders"":1},{""price"":62670.27,""size"":0.36748861,""num_orders"":2},{""price"":62670.25,""size"":0.02089923,""num_orders"":1},{""price"":62670.1,""size"":0.12765257,""num_orders"":1},{""price"":62670.01,""size"":0.0209,""num_orders"":1},{""price"":62668.68,""size"":0.00239336,""num_orders"":1}]","[{""price"":62674.92,""size"":1.8e-05,""num_orders"":1},{""price"":62675.9,""size"":9.972e-05,""num_orders"":1},{""price"":62676.52,""size"":0.00797747,""num_orders"":1},{""price"":62678.0,""size"":0.021118,""num_orders"":2},{""price"":62680.0,""size"":0.0311,""num_orders"":2},{""price"":62680.84,""size"":9.7e-05,""num_orders"":1},{""price"":62681.08,""size"":1.8e-05,""num_orders"":1},{""price"":62682.42,""size"":0.12773429,""num_orders"":1},{""price"":62682.63,""size"":0.12762706,""num_orders"":1},{""price"":62682.88,""size"":0.04812053,""num_orders"":1}]"
btc_usd_d10_20260704T043945Z,13,2026-07-04T04:52:45.571585Z,2026-07-04T04:52:45.571720Z,BTC-USD,10,ok,,131995209698,2026-07-04T04:52:43.689154940Z,0.18634313,1.11180593,-0.712909502088,62636.129999999997,62636.139999999999,62636.134999999995,0.010000000002,0.001596522519,"[{""price"":62636.13,""size"":8.412e-05,""num_orders"":2},{""price"":62634.88,""size"":1.8e-05,""num_orders"":1},{""price"":62633.62,""size"":0.01596586,""num_orders"":2},{""price"":62633.0,""size"":0.01197452,""num_orders"":2},{""price"":62632.0,""size"":0.02,""num_orders"":1},{""price"":62631.8,""size"":1.8e-05,""num_orders"":1},{""price"":62630.03,""size"":0.01,""num_orders"":1},{""price"":62630.02,""size"":0.0479621,""num_orders"":1},{""price"":62630.01,""size"":0.04812053,""num_orders"":1},{""price"":62630.0,""size"":0.0322,""num_orders"":2}]","[{""price"":62636.14,""size"":0.25385344,""num_orders"":8},{""price"":62637.08,""size"":0.0015965,""num_orders"":1},{""price"":62637.51,""size"":0.01,""num_orders"":1},{""price"":62637.94,""size"":0.00797437,""num_orders"":1},{""price"":62637.95,""size"":0.01,""num_orders"":1},{""price"":62637.96,""size"":0.48886034,""num_orders"":1},{""price"":62637.97,""size"":0.14368281,""num_orders"":1},{""price"":62638.0,""size"":0.02,""num_orders"":1},{""price"":62638.03,""size"":0.12771794,""num_orders"":1},{""price"":62639.21,""size"":0.04812053,""num_orders"":1}]"
btc_usd_d10_20260704T043945Z,14,2026-07-04T04:53:45.571585Z,2026-07-04T04:53:45.571715Z,BTC-USD,10,ok,,131995238989,2026-07-04T04:53:44.100877235Z,0.46536092,0.72040979,-0.215091221135,62621.080000000002,62621.089999999997,62621.084999999999,0.009999999995,0.001596906217,"[{""price"":62621.08,""size"":0.05309052,""num_orders"":3},{""price"":62619.48,""size"":1.8e-05,""num_orders"":1},{""price"":62618.58,""size"":0.0159697,""num_orders"":2},{""price"":62617.95,""size"":0.00798493,""num_orders"":1},{""price"":62616.4,""size"":1.8e-05,""num_orders"":1},{""price"":62616.39,""size"":0.00239528,""num_orders"":1},{""price"":62615.27,""size"":0.06082934,""num_orders"":1},{""price"":62615.0,""size"":0.012,""num_orders"":2},{""price"":62613.9,""size"":0.01,""num_orders"":1},{""price"":62613.89,""size"":0.30305515,""num_orders"":1}]","[{""price"":62621.09,""size"":0.13178992,""num_orders"":3},{""price"":62622.66,""size"":0.00079842,""num_orders"":1},{""price"":62624.0,""size"":0.0243,""num_orders"":1},{""price"":62624.68,""size"":0.15302217,""num_orders"":1},{""price"":62624.69,""size"":0.12773429,""num_orders"":1},{""price"":62624.88,""size"":0.12858425,""num_orders"":2},{""price"":62625.65,""size"":0.00086808,""num_orders"":1},{""price"":62625.79,""size"":0.00239535,""num_orders"":1},{""price"":62625.99,""size"":0.12661731,""num_orders"":2},{""price"":62626.0,""size"":0.0243,""num_orders"":1}]"
btc_usd_d10_20260704T043945Z,15,2026-07-04T04:54:45.571585Z,2026-07-04T04:54:45.571723Z,BTC-USD,10,ok,,131995265346,2026-07-04T04:54:44.046645902Z,0.37958186,0.91737411,-0.41465729172,62629.220000000001,62629.230000000003,62629.225000000006,0.010000000002,0.001596698666,"[{""price"":62629.22,""size"":0.00626637,""num_orders"":1},{""price"":62626.0,""size"":0.0231,""num_orders"":1},{""price"":62624.52,""size"":0.00239504,""num_orders"":1},{""price"":62624.15,""size"":0.031368,""num_orders"":1},{""price"":62624.0,""size"":0.0231,""num_orders"":1},{""price"":62622.56,""size"":1.8e-05,""num_orders"":1},{""price"":62622.0,""size"":0.02317628,""num_orders"":2},{""price"":62620.67,""size"":0.14066141,""num_orders"":2},{""price"":62620.66,""size"":0.12773429,""num_orders"":1},{""price"":62620.02,""size"":0.00176247,""num_orders"":1}]","[{""price"":62629.23,""size"":0.32388885,""num_orders"":4},{""price"":62630.14,""size"":0.0762572,""num_orders"":1},{""price"":62630.15,""size"":0.12773401,""num_orders"":1},{""price"":62631.23,""size"":0.00029937,""num_orders"":2},{""price"":62631.74,""size"":0.01606613,""num_orders"":3},{""price"":62631.8,""size"":1.8e-05,""num_orders"":1},{""price"":62632.0,""size"":0.0231,""num_orders"":1},{""price"":62632.36,""size"":0.00798309,""num_orders"":1},{""price"":62632.48,""size"":0.01159697,""num_orders"":2},{""price"":62632.49,""size"":0.33043049,""num_orders"":2}]"
btc_usd_d10_20260704T043945Z,16,2026-07-04T04:55:45.571585Z,2026-07-04T04:55:45.571717Z,BTC-USD,10,ok,,131995294681,2026-07-04T04:55:42.532205926Z,0.18019812,0.73696497,-0.60705326683,62627.459999999999,62627.470000000001,62627.464999999997,0.010000000002,0.001596743538,"[{""price"":62627.46,""size"":0.02482203,""num_orders"":2},{""price"":62626.07,""size"":0.0259592,""num_orders"":3},{""price"":62626.0,""size"":0.0254999,""num_orders"":1},{""price"":62624.01,""size"":0.030447,""num_orders"":1},{""price"":62624.0,""size"":0.0255,""num_orders"":1},{""price"":62622.76,""size"":0.00239511,""num_orders"":1},{""price"":62622.07,""size"":0.00209036,""num_orders"":1},{""price"":62622.0,""size"":0.0255,""num_orders"":1},{""price"":62621.18,""size"":0.01,""num_orders"":1},{""price"":62621.17,""size"":0.00798452,""num_orders"":1}]","[{""price"":62627.47,""size"":0.12773947,""num_orders"":1},{""price"":62628.18,""size"":0.12773429,""num_orders"":1},{""price"":62628.72,""size"":1.8e-05,""num_orders"":1},{""price"":62629.45,""size"":0.00019959,""num_orders"":1},{""price"":62629.47,""size"":9.979e-05,""num_orders"":1},{""price"":62629.96,""size"":0.0079834,""num_orders"":1},{""price"":62629.98,""size"":0.00813309,""num_orders"":3},{""price"":62629.99,""size"":0.31182305,""num_orders"":1},{""price"":62630.0,""size"":0.0255,""num_orders"":1},{""price"":62630.41,""size"":0.12773429,""num_orders"":1}]"
btc_usd_d10_20260704T043945Z,17,2026-07-04T04:56:45.571585Z,2026-07-04T04:56:45.571716Z,BTC-USD,10,ok,,131995327504,2026-07-04T04:56:44.546533582Z,0.12363545,1.06502312,-0.791974830922,62600,62600.010000000002,62600.005000000005,0.010000000002,0.001597443962,"[{""price"":62600.0,""size"":0.00328006,""num_orders"":1},{""price"":62597.5,""size"":0.00798754,""num_orders"":1},{""price"":62596.87,""size"":0.01198143,""num_orders"":2},{""price"":62596.01,""size"":0.02892232,""num_orders"":1},{""price"":62596.0,""size"":0.023,""num_orders"":1},{""price"":62595.61,""size"":0.00239615,""num_orders"":1},{""price"":62594.84,""size"":4.995e-05,""num_orders"":2},{""price"":62594.0,""size"":0.023,""num_orders"":1},{""price"":62592.0,""size"":0.023,""num_orders"":1},{""price"":62591.76,""size"":1.8e-05,""num_orders"":1}]","[{""price"":62600.01,""size"":0.21428221,""num_orders"":2},{""price"":62600.03,""size"":0.12779546,""num_orders"":1},{""price"":62600.24,""size"":0.00159593,""num_orders"":1},{""price"":62601.6,""size"":0.31779203,""num_orders"":1},{""price"":62601.61,""size"":0.12773429,""num_orders"":1},{""price"":62601.99,""size"":0.00014167,""num_orders"":1},{""price"":62602.0,""size"":0.023,""num_orders"":1},{""price"":62602.35,""size"":0.00798021,""num_orders"":1},{""price"":62602.47,""size"":0.004947,""num_orders"":2},{""price"":62602.63,""size"":0.23975432,""num_orders"":1}]"
btc_usd_d10_20260704T043945Z,18,2026-07-04T04:57:45.571585Z,2026-07-04T04:57:45.571723Z,BTC-USD,10,ok,,131995355088,2026-07-04T04:57:44.302292337Z,0.57615757,0.81973808,-0.174497649592,62585.160000000003,62585.169999999998,62585.165000000001,0.009999999995,0.001597822742,"[{""price"":62585.16,""size"":0.13707388,""num_orders"":11},{""price"":62584.01,""size"":0.07843306,""num_orders"":1},{""price"":62584.0,""size"":0.0266,""num_orders"":1},{""price"":62582.66,""size"":0.01597886,""num_orders"":2},{""price"":62582.52,""size"":8.451e-05,""num_orders"":2},{""price"":62582.03,""size"":0.01198427,""num_orders"":2},{""price"":62582.0,""size"":0.0266,""num_orders"":1},{""price"":62581.58,""size"":0.04812053,""num_orders"":1},{""price"":62581.14,""size"":0.01,""num_orders"":1},{""price"":62581.13,""size"":0.22128246,""num_orders"":1}]","[{""price"":62585.17,""size"":0.13181893,""num_orders"":3},{""price"":62586.0,""size"":8.835e-05,""num_orders"":3},{""price"":62586.47,""size"":0.12773429,""num_orders"":1},{""price"":62588.0,""size"":0.0266,""num_orders"":1},{""price"":62588.61,""size"":0.20422891,""num_orders"":1},{""price"":62588.62,""size"":0.12781878,""num_orders"":1},{""price"":62589.36,""size"":0.04812053,""num_orders"":1},{""price"":62589.37,""size"":0.12773429,""num_orders"":1},{""price"":62589.85,""size"":0.000194,""num_orders"":1},{""price"":62590.0,""size"":0.0254,""num_orders"":1}]"
btc_usd_d10_20260704T043945Z,19,2026-07-04T04:58:45.571585Z,2026-07-04T04:58:45.571718Z,BTC-USD,10,ok,,131995382775,2026-07-04T04:58:44.010194428Z,0.42283387,0.99477304,-0.403453994168,62600,62600.010000000002,62600.005000000005,0.010000000002,0.001597443962,"[{""price"":62600.0,""size"":0.00264281,""num_orders"":2},{""price"":62599.74,""size"":0.01099944,""num_orders"":2},{""price"":62597.38,""size"":0.00079872,""num_orders"":1},{""price"":62596.01,""size"":0.20746323,""num_orders"":2},{""price"":62596.0,""size"":0.0253,""num_orders"":1},{""price"":62595.04,""size"":0.00239617,""num_orders"":1},{""price"":62594.92,""size"":0.00019921,""num_orders"":1},{""price"":62594.03,""size"":0.12773429,""num_orders"":1},{""price"":62594.0,""size"":0.0253,""num_orders"":1},{""price"":62593.78,""size"":0.02,""num_orders"":1}]","[{""price"":62600.01,""size"":0.05721057,""num_orders"":6},{""price"":62600.44,""size"":0.01,""num_orders"":1},{""price"":62600.45,""size"":0.05812053,""num_orders"":2},{""price"":62600.46,""size"":0.23975432,""num_orders"":1},{""price"":62600.47,""size"":0.34724477,""num_orders"":1},{""price"":62600.48,""size"":0.12773429,""num_orders"":1},{""price"":62600.49,""size"":0.12779454,""num_orders"":1},{""price"":62600.67,""size"":0.00159602,""num_orders"":1},{""price"":62601.0,""size"":1.8e-05,""num_orders"":1},{""price"":62602.0,""size"":0.0253,""num_orders"":1}]"
btc_usd_d10_20260704T043945Z,20,2026-07-04T04:59:45.571585Z,2026-07-04T04:59:45.571727Z,BTC-USD,10,ok,,131995407514,2026-07-04T04:59:44.607827846Z,0.40701642,1.43927531,-0.559098474649,62594.919999999998,62594.93,62594.925000000003,0.010000000002,0.001597573606,"[{""price"":62594.92,""size"":0.02508175,""num_orders"":3},{""price"":62594.84,""size"":1.8e-05,""num_orders"":1},{""price"":62592.42,""size"":0.01597638,""num_orders"":2},{""price"":62592.0,""size"":0.0253,""num_orders"":1},{""price"":62591.79,""size"":0.0119824,""num_orders"":2},{""price"":62591.76,""size"":1.8e-05,""num_orders"":1},{""price"":62590.58,""size"":0.01,""num_orders"":1},{""price"":62590.57,""size"":0.1309056,""num_orders"":1},{""price"":62590.56,""size"":0.12773429,""num_orders"":1},{""price"":62590.09,""size"":0.06,""num_orders"":2}]","[{""price"":62594.93,""size"":0.46721135,""num_orders"":6},{""price"":62596.18,""size"":0.14313333,""num_orders"":1},{""price"":62596.19,""size"":0.23975432,""num_orders"":1},{""price"":62596.9,""size"":0.00159609,""num_orders"":1},{""price"":62597.33,""size"":0.21887784,""num_orders"":1},{""price"":62597.34,""size"":0.1597512,""num_orders"":1},{""price"":62597.37,""size"":0.12773429,""num_orders"":1},{""price"":62599.63,""size"":0.00239636,""num_orders"":1},{""price"":62599.65,""size"":0.04812053,""num_orders"":1},{""price"":62600.0,""size"":0.0307,""num_orders"":1}]"
btc_usd_d10_20260704T043945Z,21,2026-07-04T05:00:45.571585Z,2026-07-04T05:00:45.571703Z,BTC-USD,10,ok,,131995452802,2026-07-04T05:00:45.104103703Z,1.43069681,0.40930732,0.555101737734,62591.220000000001,62591.230000000003,62591.225000000006,0.010000000002,0.001597668044,"[{""price"":62591.22,""size"":0.5468509,""num_orders"":5},{""price"":62590.25,""size"":0.21712618,""num_orders"":3},{""price"":62590.24,""size"":0.09483977,""num_orders"":2},{""price"":62590.0,""size"":0.025,""num_orders"":1},{""price"":62588.34,""size"":0.04812053,""num_orders"":1},{""price"":62588.0,""size"":0.025,""num_orders"":1},{""price"":62587.69,""size"":0.12782065,""num_orders"":1},{""price"":62587.11,""size"":0.00399443,""num_orders"":1},{""price"":62586.55,""size"":0.24614085,""num_orders"":2},{""price"":62586.54,""size"":0.0958035,""num_orders"":1}]","[{""price"":62591.23,""size"":0.00320241,""num_orders"":1},{""price"":62594.65,""size"":0.00325784,""num_orders"":1},{""price"":62594.84,""size"":1.8e-05,""num_orders"":1},{""price"":62595.59,""size"":0.00325784,""num_orders"":1},{""price"":62595.96,""size"":0.00798042,""num_orders"":1},{""price"":62595.97,""size"":0.02043243,""num_orders"":1},{""price"":62596.0,""size"":0.025,""num_orders"":1},{""price"":62596.67,""size"":0.00124475,""num_orders"":1},{""price"":62596.9,""size"":0.0958035,""num_orders"":1},{""price"":62596.91,""size"":0.24911013,""num_orders"":2}]"
btc_usd_d10_20260704T043945Z,22,2026-07-04T05:01:45.571585Z,2026-07-04T05:01:45.571718Z,BTC-USD,10,ok,,131995485289,2026-07-04T05:01:43.477535113Z,0.19660372,1.53927843,-0.773482641088,62570.010000000002,62570.019999999997,62570.014999999999,0.009999999995,0.001598209621,"[{""price"":62570.01,""size"":3.863e-05,""num_orders"":1},{""price"":62567.51,""size"":0.01598274,""num_orders"":2},{""price"":62567.12,""size"":1.8e-05,""num_orders"":1},{""price"":62567.08,""size"":0.00799142,""num_orders"":1},{""price"":62566.88,""size"":0.00399572,""num_orders"":1},{""price"":62566.0,""size"":0.0226,""num_orders"":1},{""price"":62564.04,""size"":1.8e-05,""num_orders"":1},{""price"":62564.0,""size"":0.025,""num_orders"":1},{""price"":62563.97,""size"":0.0958035,""num_orders"":1},{""price"":62562.0,""size"":0.02515571,""num_orders"":2}]","[{""price"":62570.02,""size"":0.65396859,""num_orders"":5},{""price"":62570.21,""size"":0.07778311,""num_orders"":1},{""price"":62570.22,""size"":0.12785635,""num_orders"":1},{""price"":62572.38,""size"":0.00798294,""num_orders"":1},{""price"":62572.39,""size"":0.04812053,""num_orders"":1},{""price"":62572.41,""size"":0.20087332,""num_orders"":1},{""price"":62572.42,""size"":0.27144325,""num_orders"":2},{""price"":62572.45,""size"":0.0007991,""num_orders"":1},{""price"":62572.72,""size"":0.12785124,""num_orders"":1},{""price"":62574.0,""size"":0.0226,""num_orders"":1}]"
btc_usd_d10_20260704T043945Z,23,2026-07-04T05:02:45.571585Z,2026-07-04T05:02:45.571716Z,BTC-USD,10,ok,,131995521026,2026-07-04T05:02:45.105034918Z,0.32981767,0.57913912,-0.274294061877,62568.129999999997,62568.139999999999,62568.134999999995,0.010000000002,0.001598257644,"[{""price"":62568.13,""size"":0.00461515,""num_orders"":2},{""price"":62568.11,""size"":0.00031134,""num_orders"":1},{""price"":62566.0,""size"":0.0226,""num_orders"":1},{""price"":62564.25,""size"":0.04812053,""num_orders"":1},{""price"":62564.24,""size"":0.0958035,""num_orders"":1},{""price"":62564.0,""size"":0.0226,""num_orders"":1},{""price"":62563.6,""size"":0.0226,""num_orders"":1},{""price"":62563.29,""size"":0.00039959,""num_orders"":1},{""price"":62562.42,""size"":0.00239739,""num_orders"":1},{""price"":62562.01,""size"":0.11037017,""num_orders"":1}]","[{""price"":62568.14,""size"":0.02798294,""num_orders"":2},{""price"":62568.2,""size"":0.12786047,""num_orders"":1},{""price"":62568.42,""size"":0.00014468,""num_orders"":1},{""price"":62568.45,""size"":0.16858137,""num_orders"":1},{""price"":62569.63,""size"":0.0958035,""num_orders"":1},{""price"":62569.65,""size"":0.12785752,""num_orders"":1},{""price"":62570.0,""size"":0.0226,""num_orders"":1},{""price"":62570.14,""size"":0.00019978,""num_orders"":1},{""price"":62570.2,""size"":1.8e-05,""num_orders"":1},{""price"":62570.64,""size"":0.00809086,""num_orders"":2}]"
btc_usd_d10_20260704T043945Z,24,2026-07-04T05:03:45.571585Z,2026-07-04T05:03:45.571716Z,BTC-USD,10,ok,,131995550488,2026-07-04T05:03:44.612567097Z,0.68580171,0.61623678,0.053427706273,62570.190000000002,62570.199999999997,62570.195,0.009999999995,0.001598205023,"[{""price"":62570.19,""size"":0.13451357,""num_orders"":7},{""price"":62570.0,""size"":0.0215,""num_orders"":1},{""price"":62568.01,""size"":0.15811798,""num_orders"":2},{""price"":62568.0,""size"":0.0215,""num_orders"":1},{""price"":62567.26,""size"":0.00680005,""num_orders"":1},{""price"":62566.99,""size"":0.0958035,""num_orders"":1},{""price"":62566.0,""size"":0.0215,""num_orders"":1},{""price"":62565.59,""size"":0.12786581,""num_orders"":1},{""price"":62565.49,""size"":0.0023973,""num_orders"":1},{""price"":62565.03,""size"":0.0958035,""num_orders"":1}]","[{""price"":62570.2,""size"":0.00345217,""num_orders"":3},{""price"":62571.61,""size"":0.07632854,""num_orders"":1},{""price"":62571.62,""size"":0.1278535,""num_orders"":1},{""price"":62572.2,""size"":0.00029965,""num_orders"":2},{""price"":62572.34,""size"":0.15651462,""num_orders"":1},{""price"":62572.7,""size"":0.01613122,""num_orders"":4},{""price"":62573.28,""size"":1.8e-05,""num_orders"":1},{""price"":62573.33,""size"":0.01198593,""num_orders"":2},{""price"":62573.49,""size"":0.0958035,""num_orders"":1},{""price"":62573.5,""size"":0.12784965,""num_orders"":1}]"
btc_usd_d10_20260704T043945Z,25,2026-07-04T05:04:45.571585Z,2026-07-04T05:04:45.571714Z,BTC-USD,10,ok,,131995574986,2026-07-04T05:04:43.016128605Z,0.23503071,0.2811372,-0.089324595944,62561.730000000003,62561.739999999998,62561.735000000001,0.009999999995,0.001598421143,"[{""price"":62561.73,""size"":0.01763725,""num_orders"":4},{""price"":62560.0,""size"":0.0288,""num_orders"":1},{""price"":62558.61,""size"":0.01,""num_orders"":1},{""price"":62558.6,""size"":0.00799251,""num_orders"":1},{""price"":62558.2,""size"":0.01,""num_orders"":1},{""price"":62558.19,""size"":0.0958035,""num_orders"":1},{""price"":62558.0,""size"":0.00665892,""num_orders"":1},{""price"":62557.88,""size"":1.8e-05,""num_orders"":1},{""price"":62557.08,""size"":0.01,""num_orders"":1},{""price"":62557.07,""size"":0.04812053,""num_orders"":1}]","[{""price"":62561.74,""size"":0.00253051,""num_orders"":1},{""price"":62561.83,""size"":0.12787349,""num_orders"":1},{""price"":62562.81,""size"":0.00159854,""num_orders"":1},{""price"":62564.0,""size"":0.0288,""num_orders"":1},{""price"":62564.13,""size"":0.00798294,""num_orders"":1},{""price"":62564.14,""size"":0.00159832,""num_orders"":1},{""price"":62564.65,""size"":9.99e-05,""num_orders"":1},{""price"":62564.74,""size"":0.01,""num_orders"":1},{""price"":62564.75,""size"":0.0958035,""num_orders"":1},{""price"":62564.82,""size"":0.00485,""num_orders"":1}]"
btc_usd_d10_20260704T043945Z,26,2026-07-04T05:05:45.571585Z,2026-07-04T05:05:45.571715Z,BTC-USD,10,ok,,131995598344,2026-07-04T05:05:43.509751319Z,0.47184525,0.91256258,-0.318343569322,62554.400000000001,62554.410000000003,62554.404999999999,0.010000000002,0.001598608444,"[{""price"":62554.4,""size"":7.364e-05,""num_orders"":2},{""price"":62551.91,""size"":0.04812053,""num_orders"":1},{""price"":62551.9,""size"":0.01598672,""num_orders"":2},{""price"":62551.72,""size"":1.8e-05,""num_orders"":1},{""price"":62551.27,""size"":0.01199016,""num_orders"":2},{""price"":62550.9,""size"":0.0958035,""num_orders"":1},{""price"":62550.89,""size"":0.08882596,""num_orders"":1},{""price"":62550.0,""size"":0.02639728,""num_orders"":2},{""price"":62549.95,""size"":0.08882596,""num_orders"":1},{""price"":62549.02,""size"":0.0958035,""num_orders"":1}]","[{""price"":62554.41,""size"":0.01239791,""num_orders"":2},{""price"":62554.46,""size"":0.01,""num_orders"":1},{""price"":62554.47,""size"":0.0958035,""num_orders"":1},{""price"":62554.48,""size"":0.19673568,""num_orders"":1},{""price"":62554.49,""size"":0.17563975,""num_orders"":1},{""price"":62554.51,""size"":0.12788846,""num_orders"":1},{""price"":62554.81,""size"":1.23e-05,""num_orders"":1},{""price"":62556.0,""size"":0.026,""num_orders"":1},{""price"":62556.71,""size"":0.00798481,""num_orders"":1},{""price"":62556.72,""size"":0.26010017,""num_orders"":2}]"
btc_usd_d10_20260704T043945Z,27,2026-07-04T05:06:45.571585Z,2026-07-04T05:06:45.571721Z,BTC-USD,10,ok,,131995625020,2026-07-04T05:06:44.515654272Z,0.89820483,0.80675893,0.053635098965,62545.559999999998,62545.57,62545.565000000002,0.010000000002,0.001598834386,"[{""price"":62545.56,""size"":0.00023099,""num_orders"":3},{""price"":62544.46,""size"":0.00799431,""num_orders"":1},{""price"":62543.83,""size"":0.0039972,""num_orders"":1},{""price"":62543.31,""size"":0.0958035,""num_orders"":1},{""price"":62543.06,""size"":0.00799449,""num_orders"":1},{""price"":62542.75,""size"":0.06394912,""num_orders"":1},{""price"":62542.48,""size"":1.8e-05,""num_orders"":1},{""price"":62542.43,""size"":0.00799457,""num_orders"":1},{""price"":62542.0,""size"":0.0273,""num_orders"":1},{""price"":62541.04,""size"":0.68292265,""num_orders"":1}]","[{""price"":62545.57,""size"":0.08625274,""num_orders"":4},{""price"":62546.26,""size"":0.08351052,""num_orders"":1},{""price"":62547.45,""size"":0.00159883,""num_orders"":1},{""price"":62547.99,""size"":0.12790179,""num_orders"":1},{""price"":62549.9,""size"":0.00798481,""num_orders"":1},{""price"":62549.91,""size"":0.01,""num_orders"":1},{""price"":62549.93,""size"":0.23844996,""num_orders"":1},{""price"":62549.96,""size"":0.04812053,""num_orders"":1},{""price"":62549.98,""size"":0.17563975,""num_orders"":1},{""price"":62550.0,""size"":0.0273,""num_orders"":1}]"
btc_usd_d10_20260704T043945Z,28,2026-07-04T05:07:45.571585Z,2026-07-04T05:07:45.571748Z,BTC-USD,10,ok,,131995646852,2026-07-04T05:07:42.674670408Z,0.44502737,0.38015889,0.078610712689,62544.07,62544.080000000002,62544.074999999997,0.010000000002,0.001598872475,"[{""price"":62544.07,""size"":0.15866418,""num_orders"":8},{""price"":62544.01,""size"":0.02760893,""num_orders"":1},{""price"":62544.0,""size"":0.0234,""num_orders"":1},{""price"":62542.0,""size"":0.01884873,""num_orders"":1},{""price"":62541.57,""size"":0.01598936,""num_orders"":2},{""price"":62540.94,""size"":0.01199214,""num_orders"":2},{""price"":62540.02,""size"":0.01,""num_orders"":1},{""price"":62540.01,""size"":0.14392403,""num_orders"":2},{""price"":62540.0,""size"":0.0246,""num_orders"":1},{""price"":62539.52,""size"":0.01,""num_orders"":1}]","[{""price"":62544.08,""size"":0.0023983,""num_orders"":1},{""price"":62545.44,""size"":0.00798481,""num_orders"":1},{""price"":62545.45,""size"":0.12790699,""num_orders"":1},{""price"":62545.57,""size"":0.00159887,""num_orders"":1},{""price"":62547.3,""size"":0.00029977,""num_orders"":2},{""price"":62547.42,""size"":0.15987872,""num_orders"":1},{""price"":62547.5,""size"":0.06395377,""num_orders"":1},{""price"":62547.79,""size"":9.992e-05,""num_orders"":1},{""price"":62547.8,""size"":0.01598778,""num_orders"":2},{""price"":62547.83,""size"":4.996e-05,""num_orders"":1}]"
btc_usd_d10_20260704T043945Z,29,2026-07-04T05:08:45.571585Z,2026-07-04T05:08:45.571724Z,BTC-USD,10,ok,,131995669200,2026-07-04T05:08:42.835439665Z,0.65860933,0.28718888,0.392705807722,62544.599999999999,62544.610000000001,62544.604999999996,0.010000000002,0.001598858927,"[{""price"":62544.6,""size"":0.1095774,""num_orders"":7},{""price"":62544.07,""size"":0.00014528,""num_orders"":2},{""price"":62544.02,""size"":0.23291634,""num_orders"":1},{""price"":62544.01,""size"":0.0958035,""num_orders"":1},{""price"":62544.0,""size"":0.0222,""num_orders"":1},{""price"":62542.48,""size"":1.8e-05,""num_orders"":1},{""price"":62542.11,""size"":0.0958035,""num_orders"":1},{""price"":62542.1,""size"":0.01598924,""num_orders"":2},{""price"":62542.0,""size"":0.0222,""num_orders"":1},{""price"":62541.92,""size"":0.06395607,""num_orders"":1}]","[{""price"":62544.61,""size"":0.13086084,""num_orders"":3},{""price"":62545.26,""size"":0.12790738,""num_orders"":1},{""price"":62547.0,""size"":0.00159874,""num_orders"":1},{""price"":62549.29,""size"":0.00798684,""num_orders"":1},{""price"":62549.3,""size"":0.00239828,""num_orders"":1},{""price"":62549.69,""size"":9.992e-05,""num_orders"":1},{""price"":62549.7,""size"":0.00019984,""num_orders"":1},{""price"":62550.19,""size"":0.0080935,""num_orders"":2},{""price"":62550.2,""size"":0.00799358,""num_orders"":1},{""price"":62550.22,""size"":4.996e-05,""num_orders"":1}]"
btc_usd_d10_20260704T043945Z,30,2026-07-04T05:09:45.571585Z,2026-07-04T05:09:45.571716Z,BTC-USD,10,ok,,131995687934,2026-07-04T05:09:44.036805731Z,0.27663908,1.31527091,-0.652443816877,62544.660000000003,62544.669999999998,62544.665000000001,0.009999999995,0.001598857392,"[{""price"":62544.66,""size"":0.00370851,""num_orders"":2},{""price"":62544.07,""size"":0.00014528,""num_orders"":2},{""price"":62542.48,""size"":1.8e-05,""num_orders"":1},{""price"":62542.16,""size"":0.01598922,""num_orders"":2},{""price"":62541.53,""size"":0.01199203,""num_orders"":2},{""price"":62541.25,""size"":0.06218227,""num_orders"":1},{""price"":62540.51,""size"":0.0958035,""num_orders"":1},{""price"":62540.5,""size"":0.06218227,""num_orders"":1},{""price"":62540.0,""size"":0.0246,""num_orders"":1},{""price"":62539.4,""size"":1.8e-05,""num_orders"":1}]","[{""price"":62544.67,""size"":0.80936042,""num_orders"":12},{""price"":62544.72,""size"":0.00079942,""num_orders"":1},{""price"":62545.26,""size"":0.00051357,""num_orders"":1},{""price"":62546.52,""size"":0.00159743,""num_orders"":1},{""price"":62547.0,""size"":0.00159874,""num_orders"":1},{""price"":62547.03,""size"":0.00029977,""num_orders"":2},{""price"":62547.34,""size"":0.02148819,""num_orders"":1},{""price"":62547.53,""size"":0.01613772,""num_orders"":4},{""price"":62547.55,""size"":0.17563975,""num_orders"":1},{""price"":62547.65,""size"":0.2878359,""num_orders"":1}]"
btc_usd_d10_20260704T043945Z,31,2026-07-04T05:10:45.571585Z,2026-07-04T05:10:45.571720Z,BTC-USD,10,ok,,131995722454,2026-07-04T05:10:43.631487491Z,1.27237775,0.78630712,0.236107350417,62530.660000000003,62530.669999999998,62530.665000000001,0.009999999995,0.00159921536,"[{""price"":62530.66,""size"":0.03612929,""num_orders"":1},{""price"":62529.0,""size"":1.0,""num_orders"":1},{""price"":62528.0,""size"":0.0298,""num_orders"":1},{""price"":62527.53,""size"":0.0958035,""num_orders"":1},{""price"":62527.52,""size"":0.01,""num_orders"":1},{""price"":62527.51,""size"":0.04812053,""num_orders"":1},{""price"":62526.05,""size"":2.769e-05,""num_orders"":1},{""price"":62526.0,""size"":0.0245,""num_orders"":1},{""price"":62525.92,""size"":0.02,""num_orders"":1},{""price"":62525.5,""size"":0.00799674,""num_orders"":1}]","[{""price"":62530.67,""size"":0.32521372,""num_orders"":4},{""price"":62532.0,""size"":0.0298,""num_orders"":1},{""price"":62532.67,""size"":9.995e-05,""num_orders"":1},{""price"":62532.8,""size"":0.18607017,""num_orders"":1},{""price"":62532.81,""size"":0.0958035,""num_orders"":1},{""price"":62532.83,""size"":0.12793279,""num_orders"":1},{""price"":62532.95,""size"":0.00122979,""num_orders"":1},{""price"":62533.17,""size"":0.00814568,""num_orders"":3},{""price"":62533.24,""size"":1.8e-05,""num_orders"":1},{""price"":62533.8,""size"":0.01199352,""num_orders"":2}]"
btc_usd_d10_20260704T043945Z,32,2026-07-04T05:11:45.571585Z,2026-07-04T05:11:45.571722Z,BTC-USD,10,ok,,131995746217,2026-07-04T05:11:45.001933929Z,0.34041405,0.725858,-0.361487436532,62525.360000000001,62525.370000000003,62525.365000000005,0.010000000002,0.00159935092,"[{""price"":62525.36,""size"":0.15035156,""num_orders"":8},{""price"":62524.06,""size"":0.01,""num_orders"":1},{""price"":62524.05,""size"":0.00022407,""num_orders"":1},{""price"":62524.01,""size"":0.01,""num_orders"":1},{""price"":62524.0,""size"":0.0298,""num_orders"":1},{""price"":62522.87,""size"":0.01,""num_orders"":1},{""price"":62522.86,""size"":0.01599416,""num_orders"":2},{""price"":62522.47,""size"":0.01,""num_orders"":1},{""price"":62522.46,""size"":0.09404426,""num_orders"":1},{""price"":62522.31,""size"":0.01,""num_orders"":1}]","[{""price"":62525.37,""size"":0.00308806,""num_orders"":2},{""price"":62525.95,""size"":0.12794687,""num_orders"":1},{""price"":62526.06,""size"":0.00159925,""num_orders"":1},{""price"":62526.94,""size"":0.06397641,""num_orders"":1},{""price"":62528.02,""size"":0.26521944,""num_orders"":1},{""price"":62528.03,""size"":0.15992829,""num_orders"":1},{""price"":62528.25,""size"":9.995e-05,""num_orders"":1},{""price"":62528.26,""size"":0.00019991,""num_orders"":1},{""price"":62528.72,""size"":0.0958035,""num_orders"":1},{""price"":62528.75,""size"":0.00799632,""num_orders"":1}]"
btc_usd_d10_20260704T043945Z,33,2026-07-04T05:12:45.571585Z,2026-07-04T05:12:45.571730Z,BTC-USD,10,ok,,131995770224,2026-07-04T05:12:44.617634559Z,0.34658095,0.78812043,-0.389123947307,62523.709999999999,62523.720000000001,62523.714999999997,0.010000000002,0.001599393127,"[{""price"":62523.71,""size"":0.00558657,""num_orders"":3},{""price"":62522.0,""size"":0.01119135,""num_orders"":1},{""price"":62520.45,""size"":0.01599476,""num_orders"":2},{""price"":62520.27,""size"":0.12328896,""num_orders"":1},{""price"":62520.26,""size"":0.0958035,""num_orders"":1},{""price"":62520.01,""size"":0.04812053,""num_orders"":1},{""price"":62520.0,""size"":0.0322,""num_orders"":1},{""price"":62519.81,""size"":0.00399873,""num_orders"":1},{""price"":62519.8,""size"":0.00799747,""num_orders"":1},{""price"":62519.02,""size"":0.00239908,""num_orders"":1}]","[{""price"":62523.72,""size"":0.12870415,""num_orders"":3},{""price"":62523.93,""size"":0.06398446,""num_orders"":1},{""price"":62524.66,""size"":0.00159947,""num_orders"":1},{""price"":62525.36,""size"":0.00798684,""num_orders"":1},{""price"":62525.37,""size"":0.0008005,""num_orders"":1},{""price"":62525.67,""size"":0.04812053,""num_orders"":1},{""price"":62525.68,""size"":0.28088683,""num_orders"":1},{""price"":62525.69,""size"":0.15993427,""num_orders"":1},{""price"":62525.72,""size"":0.00029988,""num_orders"":2},{""price"":62525.99,""size"":0.0958035,""num_orders"":1}]"
btc_usd_d10_20260704T043945Z,34,2026-07-04T05:13:45.571585Z,2026-07-04T05:13:45.571709Z,BTC-USD,10,ok,,131995791198,2026-07-04T05:13:42.634837724Z,0.3607732,0.79587931,-0.376177033498,62524.050000000003,62524.059999999998,62524.055,0.009999999995,0.001599384428,"[{""price"":62524.05,""size"":0.00265401,""num_orders"":2},{""price"":62523.71,""size"":0.00025414,""num_orders"":1},{""price"":62522.35,""size"":0.029386,""num_orders"":1},{""price"":62521.73,""size"":0.06218228,""num_orders"":1},{""price"":62521.55,""size"":0.01599448,""num_orders"":2},{""price"":62520.92,""size"":0.01199598,""num_orders"":2},{""price"":62520.79,""size"":0.06218228,""num_orders"":1},{""price"":62520.02,""size"":0.04812053,""num_orders"":1},{""price"":62520.0,""size"":0.0322,""num_orders"":1},{""price"":62519.08,""size"":0.0958035,""num_orders"":1}]","[{""price"":62524.06,""size"":0.38478415,""num_orders"":7},{""price"":62525.98,""size"":0.1419375,""num_orders"":1},{""price"":62525.99,""size"":0.0958035,""num_orders"":1},{""price"":62526.0,""size"":0.03390387,""num_orders"":3},{""price"":62526.03,""size"":0.12794672,""num_orders"":1},{""price"":62526.59,""size"":0.00798684,""num_orders"":1},{""price"":62526.6,""size"":0.00319886,""num_orders"":2},{""price"":62527.08,""size"":1.8e-05,""num_orders"":1},{""price"":62527.55,""size"":9.996e-05,""num_orders"":1},{""price"":62527.58,""size"":0.00019991,""num_orders"":1}]"
btc_usd_d10_20260704T043945Z,35,2026-07-04T05:14:45.571585Z,2026-07-04T05:14:45.571710Z,BTC-USD,10,ok,,131995813910,2026-07-04T05:14:44.602876101Z,0.83417899,0.66395212,0.11362614985,62518.900000000001,62518.910000000003,62518.904999999999,0.010000000002,0.001599516179,"[{""price"":62518.9,""size"":0.03710559,""num_orders"":5},{""price"":62517.84,""size"":8.454e-05,""num_orders"":3},{""price"":62516.9,""size"":0.01,""num_orders"":1},{""price"":62516.89,""size"":0.0958035,""num_orders"":1},{""price"":62516.41,""size"":0.13531264,""num_orders"":2},{""price"":62516.4,""size"":0.0159958,""num_orders"":2},{""price"":62516.01,""size"":0.17563975,""num_orders"":1},{""price"":62516.0,""size"":0.0305,""num_orders"":1},{""price"":62515.77,""size"":0.01199697,""num_orders"":2},{""price"":62514.94,""size"":0.3217402,""num_orders"":3}]","[{""price"":62518.91,""size"":0.12935732,""num_orders"":2},{""price"":62519.84,""size"":0.00159949,""num_orders"":1},{""price"":62519.85,""size"":0.00159949,""num_orders"":1},{""price"":62520.0,""size"":0.0305,""num_orders"":1},{""price"":62520.2,""size"":0.15020458,""num_orders"":2},{""price"":62521.37,""size"":0.06398218,""num_orders"":1},{""price"":62521.52,""size"":0.04812053,""num_orders"":1},{""price"":62521.53,""size"":0.1599449,""num_orders"":1},{""price"":62521.99,""size"":0.04814363,""num_orders"":1},{""price"":62522.0,""size"":0.0305,""num_orders"":1}]"
btc_usd_d10_20260704T043945Z,36,2026-07-04T05:15:45.571585Z,2026-07-04T05:15:45.571726Z,BTC-USD,10,ok,,131995834589,2026-07-04T05:15:43.604744718Z,0.06247676,0.44928703,-0.755837512459,62521.839999999997,62521.849999999999,62521.845000000001,0.010000000002,0.001599440964,"[{""price"":62521.84,""size"":0.01559661,""num_orders"":3},{""price"":62519.44,""size"":0.0023599,""num_orders"":1},{""price"":62518.9,""size"":0.00404487,""num_orders"":3},{""price"":62518.86,""size"":0.00799759,""num_orders"":1},{""price"":62518.84,""size"":0.00799759,""num_orders"":1},{""price"":62518.23,""size"":0.00399883,""num_orders"":1},{""price"":62518.22,""size"":0.00799767,""num_orders"":1},{""price"":62517.84,""size"":8.454e-05,""num_orders"":3},{""price"":62517.15,""size"":0.00239916,""num_orders"":1},{""price"":62516.05,""size"":0.01,""num_orders"":1}]","[{""price"":62521.85,""size"":0.11377945,""num_orders"":6},{""price"":62521.98,""size"":0.11432653,""num_orders"":1},{""price"":62521.99,""size"":0.12795498,""num_orders"":1},{""price"":62522.0,""size"":0.0276,""num_orders"":1},{""price"":62523.11,""size"":0.00159803,""num_orders"":1},{""price"":62523.85,""size"":0.00029988,""num_orders"":2},{""price"":62524.0,""size"":0.0276,""num_orders"":1},{""price"":62524.35,""size"":0.0161437,""num_orders"":4},{""price"":62524.98,""size"":0.0119952,""num_orders"":2},{""price"":62525.45,""size"":0.00798926,""num_orders"":1}]"
btc_usd_d10_20260704T043945Z,37,2026-07-04T05:16:45.571585Z,2026-07-04T05:16:45.571728Z,BTC-USD,10,ok,,131995861305,2026-07-04T05:16:45.072767718Z,0.52352177,0.59477962,-0.063719718707,62514.790000000001,62514.800000000003,62514.794999999998,0.010000000002,0.001599621338,"[{""price"":62514.79,""size"":0.1260804,""num_orders"":8},{""price"":62514.76,""size"":1.8e-05,""num_orders"":1},{""price"":62512.77,""size"":0.08592265,""num_orders"":1},{""price"":62512.76,""size"":0.04812053,""num_orders"":1},{""price"":62512.75,""size"":0.0958035,""num_orders"":1},{""price"":62512.56,""size"":0.029665,""num_orders"":1},{""price"":62512.29,""size"":0.00799843,""num_orders"":1},{""price"":62512.01,""size"":0.10369526,""num_orders"":1},{""price"":62512.0,""size"":0.0262,""num_orders"":1},{""price"":62511.68,""size"":1.8e-05,""num_orders"":1}]","[{""price"":62514.8,""size"":0.00362287,""num_orders"":3},{""price"":62515.27,""size"":0.12796873,""num_orders"":1},{""price"":62516.56,""size"":0.04812053,""num_orders"":1},{""price"":62517.6,""size"":0.15523773,""num_orders"":1},{""price"":62517.61,""size"":0.06398738,""num_orders"":1},{""price"":62518.0,""size"":0.0262,""num_orders"":1},{""price"":62518.14,""size"":9.997e-05,""num_orders"":1},{""price"":62518.33,""size"":0.1599531,""num_orders"":1},{""price"":62518.4,""size"":0.00159955,""num_orders"":1},{""price"":62518.63,""size"":0.00798976,""num_orders"":1}]"
btc_usd_d10_20260704T043945Z,38,2026-07-04T05:17:45.571585Z,2026-07-04T05:17:45.571719Z,BTC-USD,10,ok,,131995885820,2026-07-04T05:17:44.100903516Z,0.40448158,0.67147195,-0.248143030861,62502.440000000002,62502.449999999997,62502.445,0.009999999995,0.00159993741,"[{""price"":62502.44,""size"":0.04390356,""num_orders"":5},{""price"":62502.12,""size"":0.00720452,""num_orders"":1},{""price"":62500.02,""size"":0.0958035,""num_orders"":1},{""price"":62500.0,""size"":0.14972364,""num_orders"":6},{""price"":62499.94,""size"":0.01600002,""num_orders"":2},{""price"":62499.36,""size"":1.8e-05,""num_orders"":1},{""price"":62499.31,""size"":0.01200013,""num_orders"":2},{""price"":62499.0,""size"":0.00395206,""num_orders"":1},{""price"":62498.33,""size"":7.225e-05,""num_orders"":1},{""price"":62498.01,""size"":0.0758039,""num_orders"":1}]","[{""price"":62502.45,""size"":0.0023999,""num_orders"":1},{""price"":62503.17,""size"":0.12799352,""num_orders"":1},{""price"":62503.39,""size"":0.00159986,""num_orders"":1},{""price"":62503.56,""size"":0.15515291,""num_orders"":1},{""price"":62504.0,""size"":0.0275,""num_orders"":1},{""price"":62504.19,""size"":0.00159986,""num_orders"":1},{""price"":62504.85,""size"":0.06399753,""num_orders"":1},{""price"":62505.53,""size"":0.12798867,""num_orders"":1},{""price"":62506.0,""size"":0.0275,""num_orders"":1},{""price"":62506.11,""size"":0.1357397,""num_orders"":1}]"
btc_usd_d10_20260704T043945Z,39,2026-07-04T05:18:45.571585Z,2026-07-04T05:18:45.571703Z,BTC-USD,10,ok,,131995910706,2026-07-04T05:18:43.007688253Z,0.47715542,0.5515956,-0.072359763007,62488.739999999998,62488.75,62488.744999999995,0.010000000002,0.00160028818,"[{""price"":62488.74,""size"":0.09081328,""num_orders"":5},{""price"":62487.77,""size"":0.0958035,""num_orders"":1},{""price"":62487.04,""size"":5.64e-05,""num_orders"":2},{""price"":62486.24,""size"":0.01600352,""num_orders"":2},{""price"":62486.03,""size"":0.01,""num_orders"":1},{""price"":62486.02,""size"":0.04812053,""num_orders"":1},{""price"":62486.01,""size"":0.08505285,""num_orders"":2},{""price"":62486.0,""size"":0.0275,""num_orders"":1},{""price"":62485.62,""size"":0.00800184,""num_orders"":1},{""price"":62485.61,""size"":0.0958035,""num_orders"":1}]","[{""price"":62488.75,""size"":0.00317784,""num_orders"":2},{""price"":62489.19,""size"":0.00799179,""num_orders"":1},{""price"":62489.2,""size"":0.12802213,""num_orders"":1},{""price"":62489.69,""size"":0.00176659,""num_orders"":1},{""price"":62489.9,""size"":0.0174723,""num_orders"":1},{""price"":62490.0,""size"":0.0275,""num_orders"":1},{""price"":62490.13,""size"":0.00176684,""num_orders"":1},{""price"":62490.78,""size"":0.21997408,""num_orders"":2},{""price"":62490.79,""size"":0.0958035,""num_orders"":1},{""price"":62491.84,""size"":0.04812053,""num_orders"":1}]"
btc_usd_d10_20260704T043945Z,40,2026-07-04T05:19:45.571585Z,2026-07-04T05:19:45.571726Z,BTC-USD,10,ok,,131995948293,2026-07-04T05:19:44.007762449Z,0.29232219,0.3836529,-0.13510957926,62489.339999999997,62489.349999999999,62489.345000000001,0.010000000002,0.001600272815,"[{""price"":62489.34,""size"":0.00676566,""num_orders"":1},{""price"":62488.0,""size"":0.0248,""num_orders"":1},{""price"":62486.22,""size"":0.01,""num_orders"":1},{""price"":62486.21,""size"":0.0958035,""num_orders"":1},{""price"":62486.0,""size"":0.0248,""num_orders"":1},{""price"":62484.68,""size"":0.01591499,""num_orders"":1},{""price"":62484.65,""size"":0.0024004,""num_orders"":1},{""price"":62484.56,""size"":0.01591499,""num_orders"":1},{""price"":62484.32,""size"":0.01,""num_orders"":1},{""price"":62484.31,""size"":0.08592265,""num_orders"":1}]","[{""price"":62489.35,""size"":0.02,""num_orders"":1},{""price"":62489.63,""size"":0.12802124,""num_orders"":1},{""price"":62489.64,""size"":0.15921934,""num_orders"":1},{""price"":62489.69,""size"":0.00799179,""num_orders"":1},{""price"":62489.7,""size"":0.0016006,""num_orders"":1},{""price"":62490.05,""size"":0.06401709,""num_orders"":1},{""price"":62490.12,""size"":1.8e-05,""num_orders"":1},{""price"":62490.45,""size"":0.00108724,""num_orders"":1},{""price"":62490.53,""size"":9.7e-05,""num_orders"":1},{""price"":62490.64,""size"":0.0016006,""num_orders"":1}]"
btc_usd_d10_20260704T043945Z,41,2026-07-04T05:20:45.571585Z,2026-07-04T05:20:45.571740Z,BTC-USD,10,ok,,131995984324,2026-07-04T05:20:44.683613973Z,0.61878272,0.84072174,-0.152064639802,62454.379999999997,62454.389999999999,62454.384999999995,0.010000000002,0.001601168597,"[{""price"":62454.38,""size"":0.35772749,""num_orders"":5},{""price"":62453.16,""size"":1.8e-05,""num_orders"":1},{""price"":62452.09,""size"":0.0958035,""num_orders"":1},{""price"":62451.88,""size"":0.01601232,""num_orders"":2},{""price"":62451.26,""size"":0.01200936,""num_orders"":2},{""price"":62450.96,""size"":0.00381266,""num_orders"":1},{""price"":62450.21,""size"":0.0958035,""num_orders"":1},{""price"":62450.08,""size"":1.8e-05,""num_orders"":1},{""price"":62450.0,""size"":0.03517614,""num_orders"":2},{""price"":62449.69,""size"":0.00240175,""num_orders"":1}]","[{""price"":62454.39,""size"":0.14218735,""num_orders"":5},{""price"":62454.4,""size"":0.07886058,""num_orders"":1},{""price"":62454.41,""size"":0.12809343,""num_orders"":1},{""price"":62454.45,""size"":0.00080058,""num_orders"":1},{""price"":62455.31,""size"":0.00159975,""num_orders"":1},{""price"":62455.33,""size"":0.0032022,""num_orders"":2},{""price"":62456.0,""size"":0.0317,""num_orders"":1},{""price"":62456.08,""size"":0.17563975,""num_orders"":1},{""price"":62456.09,""size"":0.1828346,""num_orders"":1},{""price"":62456.78,""size"":0.0958035,""num_orders"":1}]"
btc_usd_d10_20260704T043945Z,42,2026-07-04T05:21:45.571585Z,2026-07-04T05:21:45.571712Z,BTC-USD,10,ok,,131996015082,2026-07-04T05:21:43.689406195Z,0.50425383,6.51831355,-0.856390461575,62450.029999999999,62450.040000000001,62450.035000000003,0.010000000002,0.001601280128,"[{""price"":62450.03,""size"":0.02674366,""num_orders"":4},{""price"":62448.97,""size"":0.0958035,""num_orders"":1},{""price"":62448.0,""size"":0.0322,""num_orders"":1},{""price"":62447.87,""size"":5.388e-05,""num_orders"":1},{""price"":62447.77,""size"":0.0958035,""num_orders"":1},{""price"":62447.53,""size"":0.01601344,""num_orders"":2},{""price"":62447.0,""size"":1.8e-05,""num_orders"":1},{""price"":62446.91,""size"":0.0120102,""num_orders"":2},{""price"":62446.56,""size"":0.04812053,""num_orders"":1},{""price"":62446.55,""size"":0.17748712,""num_orders"":1}]","[{""price"":62450.04,""size"":5.90035933,""num_orders"":8},{""price"":62453.48,""size"":0.23915293,""num_orders"":1},{""price"":62453.49,""size"":0.0958035,""num_orders"":1},{""price"":62453.5,""size"":0.04812053,""num_orders"":1},{""price"":62453.52,""size"":0.16011909,""num_orders"":1},{""price"":62454.21,""size"":0.0640504,""num_orders"":1},{""price"":62454.73,""size"":0.00240192,""num_orders"":1},{""price"":62455.48,""size"":0.00010007,""num_orders"":1},{""price"":62455.59,""size"":0.00020014,""num_orders"":1},{""price"":62455.98,""size"":0.00800564,""num_orders"":1}]"
btc_usd_d10_20260704T043945Z,43,2026-07-04T05:22:45.571585Z,2026-07-04T05:22:45.571721Z,BTC-USD,10,ok,,131996051576,2026-07-04T05:22:45.033279275Z,0.68492041,0.46243465,0.193911865434,62443.529999999999,62443.540000000001,62443.535000000003,0.010000000002,0.001601446811,"[{""price"":62443.53,""size"":0.00263655,""num_orders"":1},{""price"":62442.3,""size"":0.01,""num_orders"":1},{""price"":62442.29,""size"":0.02783404,""num_orders"":1},{""price"":62442.28,""size"":0.030608,""num_orders"":1},{""price"":62441.03,""size"":0.0160151,""num_orders"":2},{""price"":62440.76,""size"":0.01,""num_orders"":1},{""price"":62440.41,""size"":0.01201146,""num_orders"":2},{""price"":62440.33,""size"":0.01,""num_orders"":1},{""price"":62440.32,""size"":0.39017551,""num_orders"":1},{""price"":62440.31,""size"":0.17563975,""num_orders"":1}]","[{""price"":62443.54,""size"":0.17342991,""num_orders"":3},{""price"":62443.82,""size"":0.00030046,""num_orders"":1},{""price"":62444.25,""size"":0.06406064,""num_orders"":1},{""price"":62445.71,""size"":0.00799179,""num_orders"":1},{""price"":62445.72,""size"":0.16013909,""num_orders"":1},{""price"":62445.98,""size"":0.0239945,""num_orders"":1},{""price"":62446.0,""size"":0.0322,""num_orders"":1},{""price"":62446.87,""size"":0.00010009,""num_orders"":1},{""price"":62446.99,""size"":0.00020017,""num_orders"":1},{""price"":62447.0,""size"":1.8e-05,""num_orders"":1}]"
btc_usd_d10_20260704T043945Z,44,2026-07-04T05:23:45.571585Z,2026-07-04T05:23:45.571717Z,BTC-USD,10,ok,,131996078208,2026-07-04T05:23:44.101170867Z,0.3215903,0.76683091,-0.409070133795,62445.199999999997,62445.209999999999,62445.205000000002,0.010000000002,0.001601403983,"[{""price"":62445.2,""size"":0.06474122,""num_orders"":6},{""price"":62443.94,""size"":0.030769,""num_orders"":1},{""price"":62443.92,""size"":1.8e-05,""num_orders"":1},{""price"":62443.83,""size"":0.00015155,""num_orders"":1},{""price"":62443.54,""size"":5.346e-05,""num_orders"":1},{""price"":62443.53,""size"":5.357e-05,""num_orders"":1},{""price"":62443.02,""size"":0.01,""num_orders"":1},{""price"":62443.01,""size"":0.0958035,""num_orders"":1},{""price"":62443.0,""size"":0.1,""num_orders"":1},{""price"":62442.71,""size"":0.02,""num_orders"":1}]","[{""price"":62445.21,""size"":0.1303994,""num_orders"":2},{""price"":62446.0,""size"":0.0322,""num_orders"":1},{""price"":62447.41,""size"":0.25741772,""num_orders"":1},{""price"":62447.42,""size"":0.14392403,""num_orders"":2},{""price"":62447.99,""size"":0.00010008,""num_orders"":1},{""price"":62448.0,""size"":0.0322,""num_orders"":1},{""price"":62448.49,""size"":0.0080066,""num_orders"":1},{""price"":62448.52,""size"":5.004e-05,""num_orders"":1},{""price"":62448.87,""size"":0.00240214,""num_orders"":1},{""price"":62448.91,""size"":0.1601309,""num_orders"":1}]"
btc_usd_d10_20260704T043945Z,45,2026-07-04T05:24:45.571585Z,2026-07-04T05:24:45.571712Z,BTC-USD,10,ok,,131996107182,2026-07-04T05:24:44.047278900Z,0.16592266,1.10999535,-0.739916423,62441.400000000001,62441.410000000003,62441.404999999999,0.010000000002,0.00160150144,"[{""price"":62441.4,""size"":2.75e-05,""num_orders"":2},{""price"":62440.84,""size"":1.8e-05,""num_orders"":1},{""price"":62440.0,""size"":6.367e-05,""num_orders"":1},{""price"":62438.28,""size"":0.01201186,""num_orders"":2},{""price"":62438.01,""size"":0.04812053,""num_orders"":1},{""price"":62438.0,""size"":0.1,""num_orders"":1},{""price"":62437.97,""size"":0.00034442,""num_orders"":1},{""price"":62437.76,""size"":1.8e-05,""num_orders"":1},{""price"":62437.39,""size"":0.00265934,""num_orders"":1},{""price"":62436.45,""size"":0.00265934,""num_orders"":1}]","[{""price"":62441.41,""size"":0.41360847,""num_orders"":11},{""price"":62442.0,""size"":0.0305,""num_orders"":1},{""price"":62442.36,""size"":0.09877104,""num_orders"":1},{""price"":62442.37,""size"":0.04812053,""num_orders"":1},{""price"":62442.38,""size"":0.0958035,""num_orders"":1},{""price"":62442.54,""size"":0.02152159,""num_orders"":1},{""price"":62443.54,""size"":0.2094279,""num_orders"":1},{""price"":62444.0,""size"":0.0305,""num_orders"":1},{""price"":62444.29,""size"":0.00160011,""num_orders"":1},{""price"":62444.5,""size"":0.16014221,""num_orders"":1}]"
btc_usd_d10_20260704T043945Z,46,2026-07-04T05:25:45.571585Z,2026-07-04T05:25:45.571714Z,BTC-USD,10,ok,,131996145104,2026-07-04T05:25:44.341711048Z,0.13948891,0.6403587,-0.642266237118,62449.489999999998,62449.5,62449.494999999995,0.010000000002,0.001601293974,"[{""price"":62449.49,""size"":0.01967509,""num_orders"":3},{""price"":62449.46,""size"":0.00080064,""num_orders"":1},{""price"":62448.37,""size"":0.01,""num_orders"":1},{""price"":62448.36,""size"":0.02574928,""num_orders"":1},{""price"":62447.0,""size"":0.01,""num_orders"":1},{""price"":62446.99,""size"":0.04794556,""num_orders"":1},{""price"":62446.86,""size"":0.01,""num_orders"":1},{""price"":62446.85,""size"":0.00265917,""num_orders"":1},{""price"":62446.25,""size"":0.01,""num_orders"":1},{""price"":62446.24,""size"":0.00265917,""num_orders"":1}]","[{""price"":62449.5,""size"":0.03718763,""num_orders"":4},{""price"":62449.63,""size"":0.22543684,""num_orders"":1},{""price"":62449.64,""size"":0.12810322,""num_orders"":1},{""price"":62450.0,""size"":0.0305,""num_orders"":1},{""price"":62450.08,""size"":1.8e-05,""num_orders"":1},{""price"":62451.5,""size"":0.00030024,""num_orders"":2},{""price"":62451.89,""size"":0.16012325,""num_orders"":1},{""price"":62452.0,""size"":0.04666242,""num_orders"":5},{""price"":62452.62,""size"":0.0120091,""num_orders"":2},{""price"":62453.16,""size"":1.8e-05,""num_orders"":1}]"
btc_usd_d10_20260704T043945Z,47,2026-07-04T05:26:45.571585Z,2026-07-04T05:26:45.571713Z,BTC-USD,10,ok,,131996170941,2026-07-04T05:26:42.841806421Z,0.64434437,0.20664136,0.514348237073,62441.830000000002,62441.839999999997,62441.834999999999,0.009999999995,0.00160149041,"[{""price"":62441.83,""size"":0.08609342,""num_orders"":7},{""price"":62440.06,""size"":0.31136078,""num_orders"":2},{""price"":62440.05,""size"":0.0958035,""num_orders"":1},{""price"":62440.01,""size"":0.01,""num_orders"":1},{""price"":62440.0,""size"":0.029,""num_orders"":1},{""price"":62439.71,""size"":0.06405935,""num_orders"":1},{""price"":62439.34,""size"":0.01,""num_orders"":1},{""price"":62439.33,""size"":0.01601554,""num_orders"":2},{""price"":62438.72,""size"":0.01,""num_orders"":1},{""price"":62438.71,""size"":0.01201178,""num_orders"":2}]","[{""price"":62441.84,""size"":0.00193055,""num_orders"":1},{""price"":62443.64,""size"":0.12811553,""num_orders"":1},{""price"":62444.9,""size"":0.00020018,""num_orders"":1},{""price"":62444.93,""size"":0.00010009,""num_orders"":1},{""price"":62445.39,""size"":5.004e-05,""num_orders"":1},{""price"":62445.4,""size"":0.00800699,""num_orders"":1},{""price"":62445.43,""size"":0.00810708,""num_orders"":2},{""price"":62445.99,""size"":0.04812053,""num_orders"":1},{""price"":62446.01,""size"":0.00400346,""num_orders"":1},{""price"":62446.06,""size"":0.00800691,""num_orders"":1}]"
btc_usd_d10_20260704T043945Z,48,2026-07-04T05:27:45.571585Z,2026-07-04T05:27:45.571718Z,BTC-USD,10,ok,,131996208734,2026-07-04T05:27:43.690470215Z,0.77399948,0.60559371,0.122069151414,62479.540000000001,62479.550000000003,62479.544999999998,0.010000000002,0.00160052382,"[{""price"":62479.54,""size"":0.00080023,""num_orders"":1},{""price"":62479.39,""size"":0.0958035,""num_orders"":1},{""price"":62479.28,""size"":0.04812053,""num_orders"":1},{""price"":62477.52,""size"":0.22766193,""num_orders"":2},{""price"":62477.51,""size"":0.0958035,""num_orders"":1},{""price"":62477.46,""size"":0.17563975,""num_orders"":1},{""price"":62476.85,""size"":0.00316571,""num_orders"":1},{""price"":62476.0,""size"":0.0288,""num_orders"":1},{""price"":62475.63,""size"":0.0958035,""num_orders"":1},{""price"":62474.31,""size"":0.00240083,""num_orders"":1}]","[{""price"":62479.55,""size"":0.02,""num_orders"":1},{""price"":62479.88,""size"":0.24462,""num_orders"":1},{""price"":62482.0,""size"":0.0288,""num_orders"":1},{""price"":62482.15,""size"":0.03100616,""num_orders"":1},{""price"":62482.16,""size"":0.03100616,""num_orders"":1},{""price"":62482.18,""size"":0.15809226,""num_orders"":1},{""price"":62482.6,""size"":0.01605447,""num_orders"":3},{""price"":62483.21,""size"":0.00799902,""num_orders"":1},{""price"":62483.22,""size"":0.00400107,""num_orders"":1},{""price"":62483.51,""size"":0.06401457,""num_orders"":1}]"
btc_usd_d10_20260704T043945Z,49,2026-07-04T05:28:45.571585Z,2026-07-04T05:28:45.571711Z,BTC-USD,10,ok,,131996248770,2026-07-04T05:28:43.163533950Z,0.82658555,0.34896871,0.406290765345,62440.5,62441.989999999998,62441.244999999995,1.489999999998,0.238624325956,"[{""price"":62440.5,""size"":0.01045306,""num_orders"":2},{""price"":62440.49,""size"":0.02,""num_orders"":2},{""price"":62440.48,""size"":0.19090436,""num_orders"":4},{""price"":62440.47,""size"":0.00240225,""num_orders"":1},{""price"":62440.44,""size"":0.17563975,""num_orders"":1},{""price"":62440.01,""size"":0.031524,""num_orders"":1},{""price"":62439.49,""size"":0.0160155,""num_orders"":2},{""price"":62438.87,""size"":0.00800783,""num_orders"":1},{""price"":62438.52,""size"":0.12812601,""num_orders"":1},{""price"":62436.82,""size"":0.24351279,""num_orders"":3}]","[{""price"":62441.99,""size"":0.01954693,""num_orders"":2},{""price"":62442.0,""size"":0.0322,""num_orders"":1},{""price"":62442.93,""size"":0.00042199,""num_orders"":1},{""price"":62443.92,""size"":1.8e-05,""num_orders"":1},{""price"":62443.99,""size"":0.0958035,""num_orders"":1},{""price"":62444.0,""size"":0.0302,""num_orders"":1},{""price"":62444.17,""size"":0.0640623,""num_orders"":1},{""price"":62444.94,""size"":0.00291312,""num_orders"":1},{""price"":62445.92,""size"":0.00799937,""num_orders"":1},{""price"":62445.93,""size"":0.0958035,""num_orders"":1}]"
btc_usd_d10_20260704T043945Z,50,2026-07-04T05:29:45.571585Z,2026-07-04T05:29:45.571713Z,BTC-USD,10,ok,,131996281959,2026-07-04T05:29:45.042536139Z,0.50228877,0.3745912,0.145627194563,62451.93,62451.940000000002,62451.934999999998,0.010000000002,0.001601231411,"[{""price"":62451.93,""size"":0.07372159,""num_orders"":5},{""price"":62448.85,""size"":0.01,""num_orders"":1},{""price"":62448.84,""size"":0.15673394,""num_orders"":2},{""price"":62448.82,""size"":0.01,""num_orders"":1},{""price"":62448.81,""size"":0.06,""num_orders"":2},{""price"":62448.44,""size"":0.01,""num_orders"":1},{""price"":62448.43,""size"":0.00160133,""num_orders"":1},{""price"":62448.27,""size"":0.12810602,""num_orders"":1},{""price"":62448.02,""size"":0.04411922,""num_orders"":1},{""price"":62447.93,""size"":0.00800667,""num_orders"":1}]","[{""price"":62451.94,""size"":0.00602107,""num_orders"":4},{""price"":62452.0,""size"":0.0322,""num_orders"":1},{""price"":62452.28,""size"":0.06404728,""num_orders"":1},{""price"":62452.62,""size"":0.0958035,""num_orders"":1},{""price"":62453.16,""size"":1.8e-05,""num_orders"":1},{""price"":62453.17,""size"":0.12809599,""num_orders"":1},{""price"":62453.94,""size"":0.00020015,""num_orders"":1},{""price"":62454.0,""size"":0.0322,""num_orders"":1},{""price"":62454.43,""size"":0.00799937,""num_orders"":1},{""price"":62454.44,""size"":0.00800584,""num_orders"":1}]"
btc_usd_d10_20260704T043945Z,51,2026-07-04T05:30:45.571585Z,2026-07-04T05:30:45.571712Z,BTC-USD,10,ok,,131996308457,2026-07-04T05:30:44.028649122Z,0.2496477,0.81906303,-0.532805851028,62453.160000000003,62453.169999999998,62453.165000000001,0.009999999995,0.001601199874,"[{""price"":62453.16,""size"":0.09996254,""num_orders"":4},{""price"":62450.08,""size"":1.8e-05,""num_orders"":1},{""price"":62450.04,""size"":0.0080064,""num_orders"":1},{""price"":62449.42,""size"":0.01,""num_orders"":1},{""price"":62449.41,""size"":0.00354023,""num_orders"":1},{""price"":62449.13,""size"":0.01,""num_orders"":1},{""price"":62449.12,""size"":0.01,""num_orders"":1},{""price"":62449.11,""size"":0.02,""num_orders"":1},{""price"":62449.02,""size"":0.04812053,""num_orders"":1},{""price"":62449.01,""size"":0.04,""num_orders"":1}]","[{""price"":62453.17,""size"":0.07756153,""num_orders"":3},{""price"":62453.56,""size"":0.11416856,""num_orders"":2},{""price"":62454.0,""size"":0.0322,""num_orders"":1},{""price"":62454.2,""size"":0.12809387,""num_orders"":1},{""price"":62455.99,""size"":0.00799937,""num_orders"":1},{""price"":62456.0,""size"":0.0322,""num_orders"":1},{""price"":62456.35,""size"":0.21708535,""num_orders"":1},{""price"":62456.36,""size"":0.16011181,""num_orders"":1},{""price"":62456.62,""size"":0.00152201,""num_orders"":1},{""price"":62456.7,""size"":0.04812053,""num_orders"":1}]"
btc_usd_d10_20260704T043945Z,52,2026-07-04T05:31:45.571585Z,2026-07-04T05:31:45.571708Z,BTC-USD,10,ok,,131996330553,2026-07-04T05:31:43.594870329Z,0.16342936,0.3881944,-0.407460766375,62453.739999999998,62453.75,62453.744999999995,0.010000000002,0.001601185005,"[{""price"":62453.74,""size"":0.0052432,""num_orders"":2},{""price"":62453.34,""size"":5.671e-05,""num_orders"":1},{""price"":62453.31,""size"":0.01528275,""num_orders"":1},{""price"":62453.29,""size"":0.02872788,""num_orders"":1},{""price"":62452.91,""size"":0.06,""num_orders"":2},{""price"":62450.89,""size"":0.00354041,""num_orders"":1},{""price"":62450.09,""size"":0.01,""num_orders"":1},{""price"":62450.08,""size"":7.841e-05,""num_orders"":1},{""price"":62450.01,""size"":0.01,""num_orders"":1},{""price"":62450.0,""size"":0.0305,""num_orders"":1}]","[{""price"":62453.75,""size"":0.02258989,""num_orders"":3},{""price"":62454.0,""size"":0.029,""num_orders"":1},{""price"":62455.09,""size"":0.12809205,""num_orders"":1},{""price"":62455.44,""size"":0.06404747,""num_orders"":1},{""price"":62455.74,""size"":0.0958035,""num_orders"":1},{""price"":62455.81,""size"":0.00010007,""num_orders"":1},{""price"":62455.93,""size"":0.00020014,""num_orders"":1},{""price"":62456.0,""size"":0.0322,""num_orders"":1},{""price"":62456.31,""size"":0.0080056,""num_orders"":1},{""price"":62456.43,""size"":0.00815568,""num_orders"":3}]"
btc_usd_d10_20260704T043945Z,53,2026-07-04T05:32:45.571585Z,2026-07-04T05:32:45.571710Z,BTC-USD,10,ok,,131996356564,2026-07-04T05:32:44.104254825Z,0.59738775,0.46255256,0.127210172807,62450.080000000002,62450.089999999997,62450.084999999999,0.009999999995,0.001601278844,"[{""price"":62450.08,""size"":0.15827359,""num_orders"":6},{""price"":62449.72,""size"":0.03081996,""num_orders"":1},{""price"":62449.71,""size"":0.02,""num_orders"":1},{""price"":62448.0,""size"":0.0236,""num_orders"":1},{""price"":62447.01,""size"":0.01,""num_orders"":1},{""price"":62447.0,""size"":1.8e-05,""num_orders"":1},{""price"":62446.97,""size"":0.01,""num_orders"":1},{""price"":62446.65,""size"":0.01,""num_orders"":1},{""price"":62446.64,""size"":0.05812053,""num_orders"":2},{""price"":62446.63,""size"":0.27655567,""num_orders"":1}]","[{""price"":62450.09,""size"":0.00203134,""num_orders"":1},{""price"":62451.19,""size"":0.12810006,""num_orders"":1},{""price"":62452.0,""size"":0.0236,""num_orders"":1},{""price"":62452.3,""size"":0.00080063,""num_orders"":1},{""price"":62453.85,""size"":0.12809459,""num_orders"":1},{""price"":62454.0,""size"":0.0236,""num_orders"":1},{""price"":62454.78,""size"":0.00240191,""num_orders"":1},{""price"":62455.48,""size"":0.0958035,""num_orders"":1},{""price"":62455.49,""size"":0.01,""num_orders"":1},{""price"":62455.5,""size"":0.04812053,""num_orders"":1}]"
btc_usd_d10_20260704T043945Z,54,2026-07-04T05:33:45.571585Z,2026-07-04T05:33:45.571714Z,BTC-USD,10,ok,,131996379837,2026-07-04T05:33:44.133205491Z,0.50701495,0.41102069,0.104564851099,62458.150000000001,62458.160000000003,62458.154999999999,0.010000000002,0.00160107195,"[{""price"":62458.15,""size"":0.0031211,""num_orders"":3},{""price"":62456.94,""size"":0.00160117,""num_orders"":1},{""price"":62456.17,""size"":0.00265969,""num_orders"":1},{""price"":62456.0,""size"":0.0225,""num_orders"":1},{""price"":62454.97,""size"":0.01,""num_orders"":1},{""price"":62454.96,""size"":0.18070896,""num_orders"":1},{""price"":62454.95,""size"":0.0958035,""num_orders"":1},{""price"":62454.93,""size"":0.04812053,""num_orders"":1},{""price"":62454.92,""size"":0.12,""num_orders"":2},{""price"":62454.0,""size"":0.0225,""num_orders"":1}]","[{""price"":62458.16,""size"":0.05060789,""num_orders"":4},{""price"":62458.33,""size"":0.12846496,""num_orders"":2},{""price"":62459.27,""size"":0.06404609,""num_orders"":1},{""price"":62459.32,""size"":1.8e-05,""num_orders"":1},{""price"":62459.71,""size"":0.00107029,""num_orders"":1},{""price"":62460.0,""size"":0.0225,""num_orders"":1},{""price"":62460.16,""size"":0.00010006,""num_orders"":1},{""price"":62460.38,""size"":0.00028937,""num_orders"":1},{""price"":62460.64,""size"":0.04812053,""num_orders"":1},{""price"":62460.65,""size"":0.0958035,""num_orders"":1}]"
btc_usd_d10_20260704T043945Z,55,2026-07-04T05:34:45.571585Z,2026-07-04T05:34:45.571725Z,BTC-USD,10,ok,,131996405528,2026-07-04T05:34:43.102248264Z,0.25769516,1.56907638,-0.717868212464,62469.139999999999,62469.150000000001,62469.145000000004,0.010000000002,0.001600790278,"[{""price"":62469.14,""size"":0.10241899,""num_orders"":3},{""price"":62465.48,""size"":1.8e-05,""num_orders"":1},{""price"":62465.34,""size"":0.01,""num_orders"":1},{""price"":62465.33,""size"":0.04812053,""num_orders"":1},{""price"":62465.32,""size"":0.06,""num_orders"":2},{""price"":62465.25,""size"":0.0016008,""num_orders"":1},{""price"":62465.03,""size"":0.00263581,""num_orders"":1},{""price"":62464.28,""size"":0.00160103,""num_orders"":1},{""price"":62464.0,""size"":0.0213,""num_orders"":1},{""price"":62463.71,""size"":0.01,""num_orders"":1}]","[{""price"":62469.15,""size"":0.64492032,""num_orders"":9},{""price"":62469.18,""size"":0.12292808,""num_orders"":1},{""price"":62469.19,""size"":0.12833026,""num_orders"":2},{""price"":62470.0,""size"":0.0213,""num_orders"":1},{""price"":62471.15,""size"":0.00030014,""num_orders"":2},{""price"":62471.49,""size"":0.0640303,""num_orders"":1},{""price"":62471.65,""size"":0.01605728,""num_orders"":3},{""price"":62471.91,""size"":0.1921755,""num_orders"":1},{""price"":62471.92,""size"":0.283231,""num_orders"":1},{""price"":62471.94,""size"":0.0958035,""num_orders"":1}]"
btc_usd_d10_20260704T043945Z,56,2026-07-04T05:35:45.571585Z,2026-07-04T05:35:45.571729Z,BTC-USD,10,ok,,131996439574,2026-07-04T05:35:44.843442491Z,0.56467019,0.37859761,0.197263788714,62462.019999999997,62462.029999999999,62462.024999999994,0.010000000002,0.001600972751,"[{""price"":62462.02,""size"":0.02243577,""num_orders"":4},{""price"":62460.28,""size"":0.01,""num_orders"":1},{""price"":62460.27,""size"":0.01013624,""num_orders"":2},{""price"":62460.26,""size"":0.10136652,""num_orders"":2},{""price"":62460.02,""size"":0.01,""num_orders"":1},{""price"":62460.01,""size"":0.0958035,""num_orders"":1},{""price"":62460.0,""size"":0.0224,""num_orders"":1},{""price"":62459.59,""size"":0.06403324,""num_orders"":1},{""price"":62458.15,""size"":0.01,""num_orders"":1},{""price"":62458.14,""size"":0.21849492,""num_orders"":2}]","[{""price"":62462.03,""size"":0.02328435,""num_orders"":2},{""price"":62463.59,""size"":0.00019292,""num_orders"":1},{""price"":62464.0,""size"":0.0224,""num_orders"":1},{""price"":62465.48,""size"":1.8e-05,""num_orders"":1},{""price"":62465.59,""size"":0.00030017,""num_orders"":2},{""price"":62466.0,""size"":0.0213,""num_orders"":1},{""price"":62466.09,""size"":0.01615876,""num_orders"":4},{""price"":62466.67,""size"":0.01,""num_orders"":1},{""price"":62466.68,""size"":0.18913991,""num_orders"":1},{""price"":62466.69,""size"":0.0958035,""num_orders"":1}]"
btc_usd_d10_20260704T043945Z,57,2026-07-04T05:36:45.571585Z,2026-07-04T05:36:45.571731Z,BTC-USD,10,ok,,131996467969,2026-07-04T05:36:42.502464880Z,0.3251494,0.7788406,-0.41095589634,62449.919999999998,62449.93,62449.925000000003,0.010000000002,0.001601282948,"[{""price"":62449.92,""size"":0.00240124,""num_orders"":1},{""price"":62448.12,""size"":9.589e-05,""num_orders"":2},{""price"":62447.43,""size"":0.02270082,""num_orders"":1},{""price"":62447.42,""size"":0.01601348,""num_orders"":2},{""price"":62447.0,""size"":1.8e-05,""num_orders"":1},{""price"":62446.82,""size"":0.01,""num_orders"":1},{""price"":62446.81,""size"":0.02,""num_orders"":1},{""price"":62446.8,""size"":0.01201023,""num_orders"":2},{""price"":62446.62,""size"":0.01,""num_orders"":1},{""price"":62446.61,""size"":0.23190974,""num_orders"":1}]","[{""price"":62449.93,""size"":0.18319732,""num_orders"":5},{""price"":62451.96,""size"":0.01,""num_orders"":1},{""price"":62451.97,""size"":0.0958035,""num_orders"":1},{""price"":62452.0,""size"":0.0284,""num_orders"":1},{""price"":62452.69,""size"":0.00799933,""num_orders"":1},{""price"":62452.7,""size"":0.1601212,""num_orders"":1},{""price"":62453.04,""size"":0.0640502,""num_orders"":1},{""price"":62454.0,""size"":0.0284,""num_orders"":1},{""price"":62454.43,""size"":0.19846713,""num_orders"":1},{""price"":62454.62,""size"":0.00240192,""num_orders"":1}]"
btc_usd_d10_20260704T043945Z,58,2026-07-04T05:37:45.571585Z,2026-07-04T05:37:45.571720Z,BTC-USD,10,ok,,131996490916,2026-07-04T05:37:44.508541008Z,0.61511068,0.36664091,0.253088227746,62457.290000000001,62457.300000000003,62457.294999999998,0.010000000002,0.001601093996,"[{""price"":62457.29,""size"":0.00158329,""num_orders"":3},{""price"":62456.05,""size"":0.01,""num_orders"":1},{""price"":62456.04,""size"":0.24343003,""num_orders"":2},{""price"":62456.03,""size"":0.0958035,""num_orders"":1},{""price"":62454.41,""size"":0.06,""num_orders"":2},{""price"":62454.19,""size"":0.06404165,""num_orders"":1},{""price"":62454.02,""size"":0.0958035,""num_orders"":1},{""price"":62454.0,""size"":0.03490589,""num_orders"":2},{""price"":62453.99,""size"":0.00800589,""num_orders"":1},{""price"":62453.91,""size"":0.00153693,""num_orders"":1}]","[{""price"":62457.3,""size"":0.02756163,""num_orders"":3},{""price"":62459.03,""size"":0.00057439,""num_orders"":1},{""price"":62459.3,""size"":0.0003002,""num_orders"":2},{""price"":62459.32,""size"":1.8e-05,""num_orders"":1},{""price"":62459.76,""size"":0.00799933,""num_orders"":1},{""price"":62459.77,""size"":0.01,""num_orders"":1},{""price"":62459.79,""size"":0.0958035,""num_orders"":1},{""price"":62459.8,""size"":0.01616039,""num_orders"":4},{""price"":62459.81,""size"":0.04812053,""num_orders"":1},{""price"":62459.82,""size"":0.16010294,""num_orders"":1}]"
btc_usd_d10_20260704T043945Z,59,2026-07-04T05:38:45.571585Z,2026-07-04T05:38:45.571721Z,BTC-USD,10,ok,,131996509255,2026-07-04T05:38:43.547288563Z,0.60690371,0.36609708,0.247488627424,62456.970000000001,62456.980000000003,62456.975000000006,0.010000000002,0.001601102199,"[{""price"":62456.97,""size"":0.00914108,""num_orders"":3},{""price"":62456.53,""size"":0.0958035,""num_orders"":1},{""price"":62454.88,""size"":0.01,""num_orders"":1},{""price"":62454.87,""size"":0.19023339,""num_orders"":1},{""price"":62454.62,""size"":0.00314689,""num_orders"":1},{""price"":62454.45,""size"":0.0958035,""num_orders"":1},{""price"":62454.44,""size"":0.10928804,""num_orders"":6},{""price"":62454.25,""size"":0.06404388,""num_orders"":1},{""price"":62454.0,""size"":0.0269,""num_orders"":1},{""price"":62453.89,""size"":0.00254343,""num_orders"":1}]","[{""price"":62456.98,""size"":0.12593356,""num_orders"":2},{""price"":62458.98,""size"":0.0003002,""num_orders"":2},{""price"":62459.03,""size"":0.00057439,""num_orders"":1},{""price"":62459.31,""size"":0.00799933,""num_orders"":1},{""price"":62459.32,""size"":1.8e-05,""num_orders"":1},{""price"":62459.48,""size"":0.01616047,""num_orders"":4},{""price"":62459.53,""size"":0.04812053,""num_orders"":1},{""price"":62459.54,""size"":0.12808293,""num_orders"":1},{""price"":62460.0,""size"":0.0269,""num_orders"":1},{""price"":62460.1,""size"":0.01200767,""num_orders"":2}]"
