window_id,sample_index,planned_at_utc,collected_at_utc,product_id,depth,status,error,sequence,snapshot_time_utc,bid_volume,ask_volume,imbalance,best_bid,best_ask,mid_price,spread,spread_bps,bids_json,asks_json
btc_usd_d10_20260708T000344Z,0,2026-07-08T00:03:44.744777Z,2026-07-08T00:03:44.744800Z,BTC-USD,10,ok,,132237361366,2026-07-08T00:03:43.684581354Z,1.00100108,0.67941748,0.191371130774,63342.589999999997,63342.599999999999,63342.595000000001,0.010000000002,0.001578716502,"[{""price"":63342.59,""size"":0.44575625,""num_orders"":9},{""price"":63342.0,""size"":0.0264,""num_orders"":1},{""price"":63341.01,""size"":0.02,""num_orders"":1},{""price"":63341.0,""size"":0.01432524,""num_orders"":1},{""price"":63340.7,""size"":0.02,""num_orders"":1},{""price"":63340.69,""size"":0.11124203,""num_orders"":2},{""price"":63340.68,""size"":0.12639586,""num_orders"":1},{""price"":63340.62,""size"":3.836e-05,""num_orders"":1},{""price"":63340.0,""size"":0.0264,""num_orders"":1},{""price"":63338.76,""size"":0.21044334,""num_orders"":1}]","[{""price"":63342.6,""size"":1.8e-05,""num_orders"":1},{""price"":63342.9,""size"":0.000125,""num_orders"":1},{""price"":63343.63,""size"":0.12629526,""num_orders"":1},{""price"":63345.13,""size"":0.00022201,""num_orders"":3},{""price"":63345.14,""size"":0.12629225,""num_orders"":1},{""price"":63345.77,""size"":0.01775968,""num_orders"":3},{""price"":63346.46,""size"":1.8e-05,""num_orders"":1},{""price"":63348.0,""size"":0.0264,""num_orders"":1},{""price"":63348.57,""size"":0.25589142,""num_orders"":1},{""price"":63348.58,""size"":0.12639586,""num_orders"":1}]"
btc_usd_d10_20260708T000344Z,1,2026-07-08T00:04:44.744777Z,2026-07-08T00:04:44.744877Z,BTC-USD,10,ok,,132237414708,2026-07-08T00:04:42.046718843Z,0.74257787,0.50128165,0.193989929023,63375.910000000003,63375.919999999998,63375.915000000001,0.009999999995,0.001577886488,"[{""price"":63375.91,""size"":0.06848971,""num_orders"":3},{""price"":63375.13,""size"":0.04551613,""num_orders"":1},{""price"":63375.12,""size"":0.04734142,""num_orders"":1},{""price"":63374.0,""size"":0.0289,""num_orders"":1},{""price"":63372.97,""size"":0.04742034,""num_orders"":1},{""price"":63372.96,""size"":0.18874855,""num_orders"":1},{""price"":63372.95,""size"":0.12639586,""num_orders"":1},{""price"":63372.93,""size"":0.03447,""num_orders"":1},{""price"":63372.0,""size"":0.0289,""num_orders"":1},{""price"":63371.0,""size"":0.12639586,""num_orders"":1}]","[{""price"":63375.92,""size"":0.19223749,""num_orders"":4},{""price"":63375.93,""size"":1.33e-06,""num_orders"":1},{""price"":63375.96,""size"":3.17e-06,""num_orders"":2},{""price"":63375.97,""size"":1.71e-06,""num_orders"":1},{""price"":63377.5,""size"":0.02,""num_orders"":1},{""price"":63377.51,""size"":0.05522602,""num_orders"":1},{""price"":63377.97,""size"":0.02,""num_orders"":1},{""price"":63377.98,""size"":0.18469006,""num_orders"":2},{""price"":63378.0,""size"":0.0289,""num_orders"":1},{""price"":63378.46,""size"":0.00022187,""num_orders"":3}]"
btc_usd_d10_20260708T000344Z,2,2026-07-08T00:05:44.744777Z,2026-07-08T00:05:44.744875Z,BTC-USD,10,ok,,132237475008,2026-07-08T00:05:44.104465007Z,2.4538747,0.51145053,0.655045912114,63408.199999999997,63408.209999999999,63408.205000000002,0.010000000002,0.001577082966,"[{""price"":63408.2,""size"":0.13251876,""num_orders"":3},{""price"":63408.17,""size"":3e-08,""num_orders"":1},{""price"":63405.35,""size"":0.08117305,""num_orders"":2},{""price"":63404.24,""size"":0.09461052,""num_orders"":1},{""price"":63404.09,""size"":0.00394296,""num_orders"":1},{""price"":63403.87,""size"":0.00788595,""num_orders"":1},{""price"":63402.77,""size"":0.02,""num_orders"":1},{""price"":63402.76,""size"":0.04742034,""num_orders"":1},{""price"":63402.18,""size"":0.02,""num_orders"":1},{""price"":63402.17,""size"":2.04632309,""num_orders"":2}]","[{""price"":63408.21,""size"":0.17782857,""num_orders"":4},{""price"":63408.22,""size"":0.00091642,""num_orders"":3},{""price"":63408.23,""size"":8.7e-07,""num_orders"":1},{""price"":63410.0,""size"":0.0223,""num_orders"":1},{""price"":63410.62,""size"":0.04731487,""num_orders"":1},{""price"":63410.72,""size"":0.10129741,""num_orders"":1},{""price"":63410.73,""size"":0.15770204,""num_orders"":1},{""price"":63410.75,""size"":4.928e-05,""num_orders"":1},{""price"":63410.76,""size"":9.856e-05,""num_orders"":1},{""price"":63411.38,""size"":0.00394251,""num_orders"":1}]"
btc_usd_d10_20260708T000344Z,3,2026-07-08T00:06:44.744777Z,2026-07-08T00:06:44.744887Z,BTC-USD,10,ok,,132237532751,2026-07-08T00:06:43.539318389Z,0.29854804,1.36749589,-0.641608441861,63415.940000000002,63415.949999999997,63415.945,0.009999999995,0.00157689048,"[{""price"":63415.94,""size"":0.04184736,""num_orders"":2},{""price"":63415.93,""size"":6.8e-07,""num_orders"":1},{""price"":63412.77,""size"":0.00591363,""num_orders"":2},{""price"":63412.08,""size"":1.8e-05,""num_orders"":1},{""price"":63411.01,""size"":0.04742034,""num_orders"":1},{""price"":63410.0,""size"":0.0422,""num_orders"":2},{""price"":63409.63,""size"":0.04651386,""num_orders"":1},{""price"":63409.24,""size"":0.09461052,""num_orders"":1},{""price"":63408.31,""size"":2.365e-05,""num_orders"":1},{""price"":63408.23,""size"":0.02,""num_orders"":1}]","[{""price"":63415.95,""size"":0.57501407,""num_orders"":6},{""price"":63415.96,""size"":0.21318047,""num_orders"":2},{""price"":63415.97,""size"":0.12615118,""num_orders"":1},{""price"":63416.0,""size"":0.0322,""num_orders"":1},{""price"":63417.54,""size"":0.05519116,""num_orders"":1},{""price"":63417.89,""size"":0.09461052,""num_orders"":1},{""price"":63417.9,""size"":0.04799883,""num_orders"":1},{""price"":63418.0,""size"":0.0322,""num_orders"":1},{""price"":63418.31,""size"":0.00078844,""num_orders"":1},{""price"":63419.43,""size"":0.19016122,""num_orders"":2}]"
btc_usd_d10_20260708T000344Z,4,2026-07-08T00:07:44.744777Z,2026-07-08T00:07:44.744881Z,BTC-USD,10,ok,,132237579283,2026-07-08T00:07:43.033406753Z,0.56958183,0.83900415,-0.191271476378,63398.360000000001,63398.370000000003,63398.365000000005,0.010000000002,0.001577327744,"[{""price"":63398.36,""size"":0.41475142,""num_orders"":9},{""price"":63398.35,""size"":6.5e-07,""num_orders"":1},{""price"":63398.34,""size"":6.9e-07,""num_orders"":1},{""price"":63398.33,""size"":7.2e-07,""num_orders"":1},{""price"":63398.32,""size"":7.5e-07,""num_orders"":1},{""price"":63398.31,""size"":7.9e-07,""num_orders"":1},{""price"":63397.07,""size"":0.04742034,""num_orders"":1},{""price"":63396.77,""size"":0.05520647,""num_orders"":1},{""price"":63396.01,""size"":0.02,""num_orders"":1},{""price"":63396.0,""size"":0.0322,""num_orders"":1}]","[{""price"":63398.37,""size"":0.00327862,""num_orders"":1},{""price"":63398.4,""size"":4e-08,""num_orders"":1},{""price"":63398.89,""size"":0.31194008,""num_orders"":1},{""price"":63398.9,""size"":0.17350832,""num_orders"":2},{""price"":63399.89,""size"":0.10801113,""num_orders"":1},{""price"":63400.18,""size"":0.10801551,""num_orders"":1},{""price"":63400.47,""size"":0.03949871,""num_orders"":1},{""price"":63400.5,""size"":1.8e-05,""num_orders"":1},{""price"":63400.91,""size"":0.00012322,""num_orders"":2},{""price"":63401.0,""size"":0.09461052,""num_orders"":1}]"
btc_usd_d10_20260708T000344Z,5,2026-07-08T00:08:44.744777Z,2026-07-08T00:08:44.744883Z,BTC-USD,10,ok,,132237625045,2026-07-08T00:08:41.654852278Z,0.44843268,1.12021914,-0.428257215167,63403.029999999999,63403.040000000001,63403.035000000003,0.010000000002,0.001577211564,"[{""price"":63403.03,""size"":0.09033509,""num_orders"":11},{""price"":63402.79,""size"":5.2e-07,""num_orders"":1},{""price"":63400.5,""size"":1.8e-05,""num_orders"":1},{""price"":63400.0,""size"":0.0422,""num_orders"":2},{""price"":63399.86,""size"":0.02168774,""num_orders"":4},{""price"":63398.17,""size"":0.04732053,""num_orders"":1},{""price"":63398.01,""size"":0.02,""num_orders"":1},{""price"":63398.0,""size"":0.0322,""num_orders"":1},{""price"":63397.95,""size"":0.02,""num_orders"":1},{""price"":63397.94,""size"":0.1746708,""num_orders"":1}]","[{""price"":63403.04,""size"":0.43061934,""num_orders"":4},{""price"":63404.34,""size"":0.10828188,""num_orders"":1},{""price"":63404.36,""size"":0.12617428,""num_orders"":1},{""price"":63404.63,""size"":0.0552024,""num_orders"":1},{""price"":63405.89,""size"":0.02,""num_orders"":1},{""price"":63405.9,""size"":0.09461052,""num_orders"":1},{""price"":63405.91,""size"":0.21353344,""num_orders"":1},{""price"":63405.95,""size"":0.03949871,""num_orders"":1},{""price"":63406.0,""size"":0.0322,""num_orders"":1},{""price"":63406.53,""size"":9.857e-05,""num_orders"":1}]"
btc_usd_d10_20260708T000344Z,6,2026-07-08T00:09:44.744777Z,2026-07-08T00:09:44.744875Z,BTC-USD,10,ok,,132237671636,2026-07-08T00:09:44.103332651Z,0.30619087,0.5165912,-0.255718175774,63404.389999999999,63404.870000000003,63404.630000000005,0.480000000003,0.075704250621,"[{""price"":63404.39,""size"":0.02991024,""num_orders"":2},{""price"":63404.38,""size"":0.15747714,""num_orders"":5},{""price"":63404.37,""size"":5.8e-07,""num_orders"":1},{""price"":63404.36,""size"":6.1e-07,""num_orders"":1},{""price"":63404.35,""size"":1.52e-06,""num_orders"":3},{""price"":63404.34,""size"":6.8e-07,""num_orders"":1},{""price"":63404.3,""size"":6.3e-07,""num_orders"":1},{""price"":63402.29,""size"":5.583e-05,""num_orders"":1},{""price"":63402.01,""size"":0.08824364,""num_orders"":2},{""price"":63402.0,""size"":0.0305,""num_orders"":1}]","[{""price"":63404.87,""size"":0.12617327,""num_orders"":1},{""price"":63405.99,""size"":0.03949871,""num_orders"":1},{""price"":63406.86,""size"":0.04731514,""num_orders"":1},{""price"":63407.08,""size"":0.00485,""num_orders"":1},{""price"":63407.59,""size"":0.02,""num_orders"":1},{""price"":63407.6,""size"":0.12184648,""num_orders"":1},{""price"":63407.61,""size"":0.12616782,""num_orders"":1},{""price"":63407.66,""size"":0.00022178,""num_orders"":3},{""price"":63408.0,""size"":0.0305,""num_orders"":1},{""price"":63408.22,""size"":1.8e-05,""num_orders"":1}]"
btc_usd_d10_20260708T000344Z,7,2026-07-08T00:10:44.744777Z,2026-07-08T00:10:44.744878Z,BTC-USD,10,ok,,132237736907,2026-07-08T00:10:44.045300575Z,0.27949792,0.52209499,-0.302643732216,63404.410000000003,63404.419999999998,63404.415000000001,0.009999999995,0.001577177235,"[{""price"":63404.41,""size"":0.03080465,""num_orders"":2},{""price"":63404.36,""size"":1.8e-05,""num_orders"":1},{""price"":63404.0,""size"":0.0249,""num_orders"":1},{""price"":63403.57,""size"":3.1e-07,""num_orders"":1},{""price"":63402.24,""size"":0.00197154,""num_orders"":1},{""price"":63402.04,""size"":4.8e-07,""num_orders"":1},{""price"":63402.01,""size"":0.09308814,""num_orders"":2},{""price"":63402.0,""size"":0.0262,""num_orders"":1},{""price"":63401.24,""size"":0.00788628,""num_orders"":1},{""price"":63400.5,""size"":0.09462852,""num_orders"":2}]","[{""price"":63404.42,""size"":0.00012068,""num_orders"":3},{""price"":63404.44,""size"":0.12617412,""num_orders"":1},{""price"":63407.0,""size"":0.03949871,""num_orders"":1},{""price"":63407.01,""size"":0.18136934,""num_orders"":2},{""price"":63407.69,""size"":0.00126139,""num_orders"":1},{""price"":63408.0,""size"":0.0262,""num_orders"":1},{""price"":63409.15,""size"":0.06900041,""num_orders"":1},{""price"":63410.0,""size"":0.0262,""num_orders"":1},{""price"":63410.25,""size"":0.00485,""num_orders"":1},{""price"":63410.37,""size"":0.04742034,""num_orders"":1}]"
btc_usd_d10_20260708T000344Z,8,2026-07-08T00:11:44.744777Z,2026-07-08T00:11:44.744877Z,BTC-USD,10,ok,,132237779962,2026-07-08T00:11:42.318287778Z,0.40301221,1.2031449,-0.498165892376,63415.900000000001,63415.910000000003,63415.904999999999,0.010000000002,0.001576891476,"[{""price"":63415.9,""size"":0.24549834,""num_orders"":5},{""price"":63415.89,""size"":3.8e-07,""num_orders"":1},{""price"":63415.88,""size"":0.03000039,""num_orders"":2},{""price"":63415.87,""size"":4.1e-07,""num_orders"":1},{""price"":63415.86,""size"":4.3e-07,""num_orders"":1},{""price"":63415.85,""size"":4.5e-07,""num_orders"":1},{""price"":63414.86,""size"":2.7e-07,""num_orders"":1},{""price"":63414.63,""size"":0.04742034,""num_orders"":1},{""price"":63414.31,""size"":0.0551912,""num_orders"":1},{""price"":63414.0,""size"":0.0249,""num_orders"":1}]","[{""price"":63415.91,""size"":0.48437107,""num_orders"":4},{""price"":63415.94,""size"":1.808e-05,""num_orders"":2},{""price"":63417.5,""size"":0.26542704,""num_orders"":1},{""price"":63417.51,""size"":0.12614813,""num_orders"":1},{""price"":63417.7,""size"":0.000194,""num_orders"":1},{""price"":63417.86,""size"":0.00485,""num_orders"":1},{""price"":63418.45,""size"":0.0001971,""num_orders"":2},{""price"":63418.64,""size"":0.09461052,""num_orders"":1},{""price"":63418.65,""size"":0.04731352,""num_orders"":1},{""price"":63418.73,""size"":0.18001544,""num_orders"":1}]"
btc_usd_d10_20260708T000344Z,9,2026-07-08T00:12:44.744777Z,2026-07-08T00:12:44.744877Z,BTC-USD,10,ok,,132237824035,2026-07-08T00:12:43.154352058Z,0.49637642,0.44922823,0.049860361833,63427.040000000001,63427.050000000003,63427.044999999998,0.010000000002,0.001576614519,"[{""price"":63427.04,""size"":0.18605516,""num_orders"":4},{""price"":63425.37,""size"":0.02,""num_orders"":1},{""price"":63425.36,""size"":0.13629618,""num_orders"":1},{""price"":63425.33,""size"":0.02,""num_orders"":1},{""price"":63425.32,""size"":0.04742034,""num_orders"":1},{""price"":63424.01,""size"":0.02,""num_orders"":1},{""price"":63424.0,""size"":0.0261,""num_orders"":1},{""price"":63423.8,""size"":0.02,""num_orders"":1},{""price"":63423.79,""size"":0.00050474,""num_orders"":2},{""price"":63423.67,""size"":0.02,""num_orders"":1}]","[{""price"":63427.05,""size"":0.17478915,""num_orders"":2},{""price"":63427.07,""size"":1.4e-07,""num_orders"":1},{""price"":63427.22,""size"":0.00172136,""num_orders"":1},{""price"":63428.12,""size"":0.12612702,""num_orders"":1},{""price"":63428.64,""size"":0.0551815,""num_orders"":1},{""price"":63429.0,""size"":0.03949871,""num_orders"":1},{""price"":63429.59,""size"":0.00017243,""num_orders"":3},{""price"":63429.73,""size"":0.01184323,""num_orders"":1},{""price"":63430.0,""size"":0.0261,""num_orders"":1},{""price"":63430.22,""size"":0.01379469,""num_orders"":3}]"
btc_usd_d10_20260708T000344Z,10,2026-07-08T00:13:44.744777Z,2026-07-08T00:13:44.744874Z,BTC-USD,10,ok,,132237867061,2026-07-08T00:13:43.546647743Z,0.65151589,0.39623623,0.243645090406,63460.389999999999,63460.400000000001,63460.395000000004,0.010000000002,0.001575785969,"[{""price"":63460.39,""size"":0.20780247,""num_orders"":5},{""price"":63460.0,""size"":0.05851286,""num_orders"":1},{""price"":63458.4,""size"":1.8e-05,""num_orders"":1},{""price"":63458.23,""size"":0.027497,""num_orders"":1},{""price"":63458.0,""size"":0.029,""num_orders"":1},{""price"":63457.61,""size"":7.674e-05,""num_orders"":1},{""price"":63457.37,""size"":0.09461052,""num_orders"":1},{""price"":63456.22,""size"":0.15437796,""num_orders"":2},{""price"":63456.0,""size"":0.0322,""num_orders"":1},{""price"":63455.19,""size"":0.04742034,""num_orders"":1}]","[{""price"":63460.4,""size"":0.0551525,""num_orders"":1},{""price"":63461.99,""size"":0.0551525,""num_orders"":1},{""price"":63463.0,""size"":2.462e-05,""num_orders"":1},{""price"":63463.06,""size"":0.02,""num_orders"":1},{""price"":63463.07,""size"":0.09461052,""num_orders"":1},{""price"":63463.08,""size"":0.15757194,""num_orders"":1},{""price"":63463.11,""size"":0.00014772,""num_orders"":2},{""price"":63463.4,""size"":9.848e-05,""num_orders"":1},{""price"":63463.6,""size"":0.01150832,""num_orders"":1},{""price"":63463.63,""size"":0.00196963,""num_orders"":1}]"
btc_usd_d10_20260708T000344Z,11,2026-07-08T00:14:44.744777Z,2026-07-08T00:14:44.744881Z,BTC-USD,10,ok,,132237913647,2026-07-08T00:14:44.017261011Z,0.52301689,0.73836676,-0.170725116026,63466.309999999998,63466.32,63466.315000000002,0.010000000002,0.001575638983,"[{""price"":63466.31,""size"":0.09463589,""num_orders"":2},{""price"":63466.12,""size"":1.8e-05,""num_orders"":1},{""price"":63466.0,""size"":0.0249,""num_orders"":1},{""price"":63465.64,""size"":0.027531,""num_orders"":1},{""price"":63465.01,""size"":0.14053313,""num_orders"":1},{""price"":63465.0,""size"":0.01,""num_orders"":1},{""price"":63464.73,""size"":0.04742034,""num_orders"":1},{""price"":63464.27,""size"":0.09461052,""num_orders"":1},{""price"":63464.19,""size"":0.05846801,""num_orders"":1},{""price"":63464.0,""size"":0.0249,""num_orders"":1}]","[{""price"":63466.32,""size"":0.00727622,""num_orders"":1},{""price"":63466.33,""size"":0.12605108,""num_orders"":1},{""price"":63469.0,""size"":0.15755725,""num_orders"":1},{""price"":63471.57,""size"":0.05514418,""num_orders"":1},{""price"":63471.72,""size"":0.09461052,""num_orders"":1},{""price"":63472.87,""size"":0.04726771,""num_orders"":1},{""price"":63473.02,""size"":0.03949871,""num_orders"":1},{""price"":63473.71,""size"":0.06893023,""num_orders"":1},{""price"":63473.97,""size"":0.04742034,""num_orders"":1},{""price"":63473.98,""size"":0.09461052,""num_orders"":1}]"
btc_usd_d10_20260708T000344Z,12,2026-07-08T00:15:44.744777Z,2026-07-08T00:15:44.744887Z,BTC-USD,10,ok,,132237956559,2026-07-08T00:15:43.536370423Z,1.17578425,0.72425841,0.237639843308,63470.440000000002,63470.449999999997,63470.445,0.009999999995,0.001575536456,"[{""price"":63470.44,""size"":0.14448813,""num_orders"":5},{""price"":63470.0,""size"":0.0258,""num_orders"":1},{""price"":63469.98,""size"":1.8e-05,""num_orders"":1},{""price"":63468.42,""size"":0.04726793,""num_orders"":1},{""price"":63468.03,""size"":0.04742034,""num_orders"":1},{""price"":63468.0,""size"":0.0272,""num_orders"":1},{""price"":63467.27,""size"":0.02166472,""num_orders"":4},{""price"":63467.06,""size"":0.09461052,""num_orders"":1},{""price"":63466.51,""size"":0.76729661,""num_orders"":2},{""price"":63466.12,""size"":1.8e-05,""num_orders"":1}]","[{""price"":63470.45,""size"":0.08532852,""num_orders"":2},{""price"":63470.67,""size"":0.12604248,""num_orders"":1},{""price"":63471.9,""size"":0.20997724,""num_orders"":1},{""price"":63471.98,""size"":0.12603987,""num_orders"":1},{""price"":63472.05,""size"":0.05514376,""num_orders"":1},{""price"":63472.62,""size"":0.00517958,""num_orders"":1},{""price"":63474.19,""size"":0.0689297,""num_orders"":1},{""price"":63475.47,""size"":0.04742034,""num_orders"":1},{""price"":63475.92,""size"":9.846e-05,""num_orders"":1},{""price"":63475.95,""size"":9.846e-05,""num_orders"":1}]"
btc_usd_d10_20260708T000344Z,13,2026-07-08T00:16:44.744777Z,2026-07-08T00:16:44.744874Z,BTC-USD,10,ok,,132238011138,2026-07-08T00:16:44.313840676Z,0.44144285,0.61131898,-0.161362356764,63424.669999999998,63424.68,63424.675000000003,0.010000000002,0.001576673432,"[{""price"":63424.67,""size"":0.07817429,""num_orders"":4},{""price"":63424.66,""size"":1.2e-07,""num_orders"":1},{""price"":63424.65,""size"":1.4e-07,""num_orders"":1},{""price"":63424.0,""size"":0.0322,""num_orders"":1},{""price"":63423.67,""size"":0.04742034,""num_orders"":1},{""price"":63422.01,""size"":0.1029571,""num_orders"":2},{""price"":63422.0,""size"":0.0322,""num_orders"":1},{""price"":63421.5,""size"":0.02168034,""num_orders"":4},{""price"":63420.67,""size"":0.09461052,""num_orders"":1},{""price"":63420.0,""size"":0.0322,""num_orders"":1}]","[{""price"":63424.68,""size"":0.04230611,""num_orders"":4},{""price"":63424.69,""size"":0.12613384,""num_orders"":1},{""price"":63424.7,""size"":0.03,""num_orders"":1},{""price"":63425.54,""size"":0.00517786,""num_orders"":1},{""price"":63426.2,""size"":9.7e-05,""num_orders"":1},{""price"":63426.43,""size"":0.04730592,""num_orders"":1},{""price"":63426.5,""size"":0.00517786,""num_orders"":1},{""price"":63427.44,""size"":0.29692804,""num_orders"":1},{""price"":63427.52,""size"":1.8e-05,""num_orders"":1},{""price"":63428.55,""size"":0.05817435,""num_orders"":1}]"
btc_usd_d10_20260708T000344Z,14,2026-07-08T00:17:44.744777Z,2026-07-08T00:17:44.744884Z,BTC-USD,10,ok,,132238061555,2026-07-08T00:17:42.536295831Z,0.38270721,0.58806192,-0.211538154288,63417.470000000001,63417.480000000003,63417.475000000006,0.010000000002,0.001576852437,"[{""price"":63417.47,""size"":0.0007883,""num_orders"":1},{""price"":63415.92,""size"":3.806e-05,""num_orders"":1},{""price"":63414.01,""size"":0.04742034,""num_orders"":1},{""price"":63414.0,""size"":0.0302,""num_orders"":1},{""price"":63413.01,""size"":0.09461052,""num_orders"":1},{""price"":63412.37,""size"":0.00197122,""num_orders"":1},{""price"":63412.31,""size"":0.02,""num_orders"":1},{""price"":63412.3,""size"":0.05949871,""num_orders"":2},{""price"":63412.29,""size"":0.12029515,""num_orders"":3},{""price"":63412.27,""size"":0.00788491,""num_orders"":1}]","[{""price"":63417.48,""size"":0.1734572,""num_orders"":2},{""price"":63421.98,""size"":0.09461052,""num_orders"":1},{""price"":63421.99,""size"":0.15767403,""num_orders"":1},{""price"":63422.07,""size"":0.02,""num_orders"":1},{""price"":63422.29,""size"":3.2e-07,""num_orders"":1},{""price"":63423.66,""size"":1.8e-05,""num_orders"":1},{""price"":63424.5,""size"":0.09461052,""num_orders"":1},{""price"":63424.51,""size"":0.04742034,""num_orders"":1},{""price"":63424.58,""size"":2.464e-05,""num_orders"":1},{""price"":63424.64,""size"":0.00024635,""num_orders"":3}]"
btc_usd_d10_20260708T000344Z,15,2026-07-08T00:18:44.744777Z,2026-07-08T00:18:44.744882Z,BTC-USD,10,ok,,132238116065,2026-07-08T00:18:44.345575346Z,0.54527044,0.28293227,0.316755990813,63396.529999999999,63397.550000000003,63397.040000000001,1.020000000004,0.160890792378,"[{""price"":63396.53,""size"":0.00403073,""num_orders"":1},{""price"":63396.52,""size"":0.10230952,""num_orders"":3},{""price"":63395.88,""size"":0.03949871,""num_orders"":1},{""price"":63395.01,""size"":0.00131874,""num_orders"":1},{""price"":63394.4,""size"":0.09461052,""num_orders"":1},{""price"":63394.01,""size"":0.04742034,""num_orders"":1},{""price"":63394.0,""size"":0.03049997,""num_orders"":1},{""price"":63392.55,""size"":8e-08,""num_orders"":1},{""price"":63392.48,""size"":0.04732281,""num_orders"":1},{""price"":63392.3,""size"":0.17825902,""num_orders"":2}]","[{""price"":63397.55,""size"":0.0378,""num_orders"":1},{""price"":63398.0,""size"":0.0305,""num_orders"":1},{""price"":63398.54,""size"":0.01596926,""num_orders"":1},{""price"":63398.55,""size"":0.12645695,""num_orders"":5},{""price"":63398.79,""size"":4e-08,""num_orders"":1},{""price"":63399.18,""size"":0.02168798,""num_orders"":4},{""price"":63400.0,""size"":0.0305,""num_orders"":1},{""price"":63400.49,""size"":0.02,""num_orders"":1},{""price"":63400.5,""size"":1.8e-05,""num_orders"":1},{""price"":63400.51,""size"":4e-08,""num_orders"":1}]"
btc_usd_d10_20260708T000344Z,16,2026-07-08T00:19:44.744777Z,2026-07-08T00:19:44.744889Z,BTC-USD,10,ok,,132238167859,2026-07-08T00:19:42.599485862Z,0.81163137,0.52467267,0.214740576553,63381.760000000002,63381.769999999997,63381.764999999999,0.009999999995,0.001577740853,"[{""price"":63381.76,""size"":0.18141,""num_orders"":2},{""price"":63381.52,""size"":0.269309,""num_orders"":1},{""price"":63381.45,""size"":0.0357,""num_orders"":1},{""price"":63381.44,""size"":0.07531985,""num_orders"":2},{""price"":63380.46,""size"":0.07321985,""num_orders"":2},{""price"":63380.44,""size"":0.0434,""num_orders"":2},{""price"":63380.0,""size"":0.0287,""num_orders"":1},{""price"":63378.0,""size"":0.0287,""num_orders"":1},{""price"":63377.36,""size"":0.07585467,""num_orders"":2},{""price"":63377.34,""size"":1.8e-05,""num_orders"":1}]","[{""price"":63381.77,""size"":0.12621926,""num_orders"":1},{""price"":63382.72,""size"":0.15777171,""num_orders"":1},{""price"":63386.98,""size"":0.000194,""num_orders"":1},{""price"":63387.04,""size"":0.00485,""num_orders"":1},{""price"":63388.01,""size"":0.00113262,""num_orders"":1},{""price"":63388.21,""size"":0.02830994,""num_orders"":1},{""price"":63388.22,""size"":0.04742034,""num_orders"":1},{""price"":63389.86,""size"":0.0097,""num_orders"":1},{""price"":63390.93,""size"":0.1489778,""num_orders"":1},{""price"":63391.29,""size"":9.7e-05,""num_orders"":1}]"
btc_usd_d10_20260708T000344Z,17,2026-07-08T00:20:44.744777Z,2026-07-08T00:20:44.744879Z,BTC-USD,10,ok,,132238217425,2026-07-08T00:20:42.533426173Z,0.46797391,0.35303703,0.139994334302,63460.010000000002,63460.169999999998,63460.089999999997,0.159999999996,0.025212696672,"[{""price"":63460.01,""size"":0.12725892,""num_orders"":3},{""price"":63460.0,""size"":0.0322,""num_orders"":1},{""price"":63459.95,""size"":0.00012433,""num_orders"":1},{""price"":63459.04,""size"":0.04742034,""num_orders"":1},{""price"":63459.03,""size"":0.0236678,""num_orders"":1},{""price"":63458.27,""size"":0.09461052,""num_orders"":1},{""price"":63458.0,""size"":0.0322,""num_orders"":1},{""price"":63456.75,""size"":0.07475758,""num_orders"":1},{""price"":63456.46,""size"":0.00353442,""num_orders"":1},{""price"":63456.0,""size"":0.0322,""num_orders"":1}]","[{""price"":63460.17,""size"":0.01984252,""num_orders"":3},{""price"":63462.64,""size"":0.02,""num_orders"":1},{""price"":63462.69,""size"":0.12605832,""num_orders"":1},{""price"":63464.0,""size"":0.0322,""num_orders"":1},{""price"":63465.11,""size"":0.02,""num_orders"":1},{""price"":63465.12,""size"":0.04726965,""num_orders"":1},{""price"":63465.22,""size"":0.02,""num_orders"":1},{""price"":63465.23,""size"":0.0002462,""num_orders"":3},{""price"":63465.39,""size"":0.02,""num_orders"":1},{""price"":63465.4,""size"":0.04742034,""num_orders"":1}]"
btc_usd_d10_20260708T000344Z,18,2026-07-08T00:21:44.744777Z,2026-07-08T00:21:44.744886Z,BTC-USD,10,ok,,132238270611,2026-07-08T00:21:44.037677779Z,0.33872028,2.28349062,-0.741652908239,63494.010000000002,63494.019999999997,63494.014999999999,0.009999999995,0.001574951591,"[{""price"":63494.01,""size"":0.0236676,""num_orders"":1},{""price"":63493.51,""size"":0.00094617,""num_orders"":1},{""price"":63493.06,""size"":1.2e-07,""num_orders"":1},{""price"":63493.05,""size"":0.09461052,""num_orders"":1},{""price"":63493.04,""size"":1.3e-07,""num_orders"":1},{""price"":63492.42,""size"":0.0551233,""num_orders"":1},{""price"":63492.0,""size"":0.03213803,""num_orders"":1},{""price"":63491.98,""size"":1.3e-07,""num_orders"":1},{""price"":63491.97,""size"":1.5e-07,""num_orders"":1},{""price"":63490.47,""size"":0.13223413,""num_orders"":1}]","[{""price"":63494.02,""size"":0.03363569,""num_orders"":1},{""price"":63494.05,""size"":0.12599606,""num_orders"":1},{""price"":63494.71,""size"":0.04742034,""num_orders"":1},{""price"":63496.56,""size"":7.383e-05,""num_orders"":2},{""price"":63497.19,""size"":0.00590577,""num_orders"":2},{""price"":63497.31,""size"":0.157487,""num_orders"":1},{""price"":63499.59,""size"":0.04724885,""num_orders"":1},{""price"":63499.97,""size"":0.09461052,""num_orders"":1},{""price"":63499.99,""size"":0.70197431,""num_orders"":2},{""price"":63500.0,""size"":1.06913825,""num_orders"":1}]"
btc_usd_d10_20260708T000344Z,19,2026-07-08T00:22:44.744777Z,2026-07-08T00:22:44.744876Z,BTC-USD,10,ok,,132238337699,2026-07-08T00:22:44.046102988Z,0.44622425,0.82508873,-0.298010392374,63525,63525.010000000002,63525.005000000005,0.010000000002,0.001574183269,"[{""price"":63525.0,""size"":0.0409333,""num_orders"":1},{""price"":63524.02,""size"":1.8e-05,""num_orders"":1},{""price"":63523.51,""size"":0.0078711,""num_orders"":1},{""price"":63522.11,""size"":0.09461052,""num_orders"":1},{""price"":63522.04,""size"":0.04742034,""num_orders"":1},{""price"":63522.02,""size"":0.0236678,""num_orders"":1},{""price"":63521.82,""size"":0.00393566,""num_orders"":1},{""price"":63520.2,""size"":0.09461052,""num_orders"":1},{""price"":63520.16,""size"":1.8e-05,""num_orders"":1},{""price"":63520.01,""size"":0.13313901,""num_orders"":1}]","[{""price"":63525.01,""size"":0.27909329,""num_orders"":5},{""price"":63525.39,""size"":0.09249399,""num_orders"":1},{""price"":63526.0,""size"":0.029,""num_orders"":1},{""price"":63526.6,""size"":0.05509641,""num_orders"":1},{""price"":63526.7,""size"":0.1259313,""num_orders"":1},{""price"":63527.7,""size"":0.08107962,""num_orders"":1},{""price"":63528.0,""size"":0.029,""num_orders"":1},{""price"":63528.63,""size"":0.04721061,""num_orders"":1},{""price"":63528.75,""size"":0.06887051,""num_orders"":1},{""price"":63530.34,""size"":0.017313,""num_orders"":1}]"
btc_usd_d10_20260708T000344Z,20,2026-07-08T00:23:44.744777Z,2026-07-08T00:23:44.744882Z,BTC-USD,10,ok,,132238404797,2026-07-08T00:23:43.046905910Z,0.81134291,0.54914453,0.192723851975,63522.449999999997,63524.019999999997,63523.235000000001,1.57,0.247153659602,"[{""price"":63522.45,""size"":0.0007871,""num_orders"":1},{""price"":63522.43,""size"":0.02415222,""num_orders"":1},{""price"":63522.42,""size"":0.04045598,""num_orders"":1},{""price"":63519.98,""size"":0.12532589,""num_orders"":1},{""price"":63519.97,""size"":0.09461052,""num_orders"":1},{""price"":63517.75,""size"":0.0236678,""num_orders"":1},{""price"":63517.74,""size"":0.12594905,""num_orders"":1},{""price"":63516.69,""size"":0.15583261,""num_orders"":1},{""price"":63516.65,""size"":0.12595122,""num_orders"":1},{""price"":63516.01,""size"":0.09461052,""num_orders"":1}]","[{""price"":63524.02,""size"":1.8e-05,""num_orders"":1},{""price"":63526.0,""size"":0.0236,""num_orders"":1},{""price"":63526.53,""size"":0.04742034,""num_orders"":1},{""price"":63526.54,""size"":0.12593162,""num_orders"":1},{""price"":63527.88,""size"":0.09462852,""num_orders"":2},{""price"":63528.0,""size"":0.0236,""num_orders"":1},{""price"":63529.8,""size"":0.09461052,""num_orders"":1},{""price"":63529.97,""size"":0.11571753,""num_orders"":2},{""price"":63530.0,""size"":0.0236,""num_orders"":1},{""price"":63531.74,""size"":1.8e-05,""num_orders"":1}]"
btc_usd_d10_20260708T000344Z,21,2026-07-08T00:24:44.744777Z,2026-07-08T00:24:44.744873Z,BTC-USD,10,ok,,132238453526,2026-07-08T00:24:42.344865891Z,1.06618657,0.49474064,0.366093900048,63547.93,63547.940000000002,63547.934999999998,0.010000000002,0.001573615256,"[{""price"":63547.93,""size"":0.60200422,""num_orders"":11},{""price"":63547.92,""size"":9e-08,""num_orders"":1},{""price"":63547.91,""size"":9e-08,""num_orders"":1},{""price"":63547.18,""size"":1.8e-05,""num_orders"":1},{""price"":63545.56,""size"":0.09461052,""num_orders"":1},{""price"":63545.55,""size"":0.18980527,""num_orders"":2},{""price"":63545.31,""size"":0.0236678,""num_orders"":1},{""price"":63545.0,""size"":0.01018533,""num_orders"":2},{""price"":63544.89,""size"":0.02,""num_orders"":1},{""price"":63544.88,""size"":0.12589525,""num_orders"":1}]","[{""price"":63547.94,""size"":0.04774839,""num_orders"":2},{""price"":63547.96,""size"":1.5e-07,""num_orders"":2},{""price"":63549.53,""size"":0.05507653,""num_orders"":1},{""price"":63550.0,""size"":0.0247,""num_orders"":1},{""price"":63550.48,""size"":0.00027046,""num_orders"":4},{""price"":63551.06,""size"":0.12588303,""num_orders"":1},{""price"":63551.12,""size"":0.02163612,""num_orders"":4},{""price"":63551.68,""size"":0.06884566,""num_orders"":1},{""price"":63552.0,""size"":0.0247,""num_orders"":1},{""price"":63552.44,""size"":0.1258803,""num_orders"":1}]"
btc_usd_d10_20260708T000344Z,22,2026-07-08T00:25:44.744777Z,2026-07-08T00:25:44.744879Z,BTC-USD,10,ok,,132238503095,2026-07-08T00:25:42.166968100Z,0.2792739,0.3966704,-0.17367777197,63565.160000000003,63565.169999999998,63565.165000000001,0.009999999995,0.00157318871,"[{""price"":63565.16,""size"":0.03784372,""num_orders"":2},{""price"":63564.91,""size"":0.02548579,""num_orders"":1},{""price"":63563.31,""size"":8e-08,""num_orders"":1},{""price"":63563.3,""size"":1e-07,""num_orders"":1},{""price"":63563.29,""size"":1e-07,""num_orders"":1},{""price"":63562.61,""size"":0.00015339,""num_orders"":1},{""price"":63561.88,""size"":0.00408412,""num_orders"":1},{""price"":63561.73,""size"":0.0284314,""num_orders"":1},{""price"":63561.37,""size"":0.1596074,""num_orders"":1},{""price"":63561.36,""size"":0.0236678,""num_orders"":1}]","[{""price"":63565.17,""size"":0.02,""num_orders"":1},{""price"":63565.84,""size"":0.12585377,""num_orders"":1},{""price"":63565.86,""size"":9.832e-05,""num_orders"":1},{""price"":63565.98,""size"":0.02,""num_orders"":1},{""price"":63565.99,""size"":0.07506204,""num_orders"":2},{""price"":63566.0,""size"":0.02034816,""num_orders"":1},{""price"":63566.48,""size"":1.8e-05,""num_orders"":1},{""price"":63566.5,""size"":0.00786578,""num_orders"":1},{""price"":63567.19,""size"":0.12585108,""num_orders"":1},{""price"":63567.29,""size"":0.00157325,""num_orders"":1}]"
btc_usd_d10_20260708T000344Z,23,2026-07-08T00:26:44.744777Z,2026-07-08T00:26:44.744868Z,BTC-USD,10,ok,,132238562412,2026-07-08T00:26:43.337720747Z,0.88594033,0.10488667,0.788284594586,63629.989999999998,63630,63629.994999999995,0.010000000002,0.001571585854,"[{""price"":63629.99,""size"":0.24361015,""num_orders"":3},{""price"":63629.14,""size"":0.04714493,""num_orders"":1},{""price"":63628.25,""size"":0.01089435,""num_orders"":1},{""price"":63628.24,""size"":0.02,""num_orders"":1},{""price"":63627.61,""size"":0.14203086,""num_orders"":2},{""price"":63627.01,""size"":0.15785175,""num_orders"":1},{""price"":63626.65,""size"":0.05500701,""num_orders"":1},{""price"":63626.64,""size"":0.14940128,""num_orders"":2},{""price"":63625.84,""size"":0.03,""num_orders"":1},{""price"":63625.82,""size"":0.03,""num_orders"":1}]","[{""price"":63630.0,""size"":3.143e-05,""num_orders"":1},{""price"":63630.79,""size"":0.00012278,""num_orders"":2},{""price"":63631.42,""size"":0.00982219,""num_orders"":2},{""price"":63632.1,""size"":1.8e-05,""num_orders"":1},{""price"":63635.96,""size"":1.8e-05,""num_orders"":1},{""price"":63637.16,""size"":9.7e-05,""num_orders"":1},{""price"":63638.68,""size"":0.04714493,""num_orders"":1},{""price"":63639.82,""size"":1.8e-05,""num_orders"":1},{""price"":63639.99,""size"":0.000194,""num_orders"":1},{""price"":63640.53,""size"":0.04742034,""num_orders"":1}]"
btc_usd_d10_20260708T000344Z,24,2026-07-08T00:27:44.744777Z,2026-07-08T00:27:44.744877Z,BTC-USD,10,ok,,132238625039,2026-07-08T00:27:44.047846517Z,0.50999944,0.46429475,0.046910564046,63600.389999999999,63600.400000000001,63600.395000000004,0.010000000002,0.001572317279,"[{""price"":63600.39,""size"":0.09229312,""num_orders"":1},{""price"":63600.0,""size"":0.0243,""num_orders"":1},{""price"":63599.4,""size"":0.00786171,""num_orders"":1},{""price"":63599.04,""size"":0.00899345,""num_orders"":1},{""price"":63598.72,""size"":0.0236678,""num_orders"":1},{""price"":63598.71,""size"":0.04742034,""num_orders"":1},{""price"":63598.49,""size"":0.18637494,""num_orders"":2},{""price"":63598.48,""size"":0.09461052,""num_orders"":1},{""price"":63598.19,""size"":0.00017756,""num_orders"":1},{""price"":63598.0,""size"":0.0243,""num_orders"":1}]","[{""price"":63600.4,""size"":0.0378,""num_orders"":1},{""price"":63601.56,""size"":0.00057643,""num_orders"":1},{""price"":63601.57,""size"":0.05503053,""num_orders"":1},{""price"":63602.59,""size"":0.12578104,""num_orders"":1},{""price"":63602.6,""size"":8e-08,""num_orders"":1},{""price"":63603.16,""size"":0.05503053,""num_orders"":1},{""price"":63603.99,""size"":0.02,""num_orders"":1},{""price"":63604.0,""size"":0.0243,""num_orders"":1},{""price"":63605.06,""size"":0.02,""num_orders"":1},{""price"":63605.07,""size"":0.12577614,""num_orders"":1}]"
btc_usd_d10_20260708T000344Z,25,2026-07-08T00:28:44.744777Z,2026-07-08T00:28:44.744871Z,BTC-USD,10,ok,,132238666377,2026-07-08T00:28:42.689852070Z,0.31319151,0.79636409,-0.435464955519,63579.769999999997,63579.779999999999,63579.774999999994,0.010000000002,0.001572827208,"[{""price"":63579.77,""size"":0.03805037,""num_orders"":4},{""price"":63579.75,""size"":9e-08,""num_orders"":1},{""price"":63579.51,""size"":0.10799971,""num_orders"":1},{""price"":63579.5,""size"":0.09461052,""num_orders"":1},{""price"":63579.39,""size"":0.04718007,""num_orders"":1},{""price"":63578.61,""size"":1e-07,""num_orders"":1},{""price"":63578.59,""size"":8.751e-05,""num_orders"":2},{""price"":63578.5,""size"":0.00444514,""num_orders"":1},{""price"":63578.06,""size"":1.8e-05,""num_orders"":1},{""price"":63578.0,""size"":0.0208,""num_orders"":1}]","[{""price"":63579.78,""size"":0.05361324,""num_orders"":1},{""price"":63581.37,""size"":0.03519862,""num_orders"":1},{""price"":63582.13,""size"":0.12582152,""num_orders"":1},{""price"":63583.55,""size"":0.04742034,""num_orders"":1},{""price"":63583.56,""size"":0.15727335,""num_orders"":1},{""price"":63584.0,""size"":0.0208,""num_orders"":1},{""price"":63586.0,""size"":0.0208,""num_orders"":1},{""price"":63587.02,""size"":0.02,""num_orders"":1},{""price"":63587.03,""size"":0.2208265,""num_orders"":1},{""price"":63587.04,""size"":0.09461052,""num_orders"":1}]"
btc_usd_d10_20260708T000344Z,26,2026-07-08T00:29:44.744777Z,2026-07-08T00:29:44.744881Z,BTC-USD,10,ok,,132238698039,2026-07-08T00:29:44.033726839Z,0.37723623,0.4496697,-0.087595780091,63582.459999999999,63582.470000000001,63582.464999999997,0.010000000002,0.001572760666,"[{""price"":63582.46,""size"":0.05720671,""num_orders"":4},{""price"":63582.45,""size"":1e-07,""num_orders"":1},{""price"":63582.44,""size"":1e-07,""num_orders"":1},{""price"":63582.0,""size"":0.0217,""num_orders"":1},{""price"":63581.52,""size"":0.11215874,""num_orders"":1},{""price"":63581.51,""size"":0.04907368,""num_orders"":1},{""price"":63580.11,""size"":0.00078638,""num_orders"":1},{""price"":63580.0,""size"":0.0217,""num_orders"":1},{""price"":63578.5,""size"":0.09461052,""num_orders"":1},{""price"":63578.01,""size"":0.02,""num_orders"":1}]","[{""price"":63582.47,""size"":0.13036118,""num_orders"":3},{""price"":63582.48,""size"":6e-08,""num_orders"":1},{""price"":63582.49,""size"":6e-08,""num_orders"":1},{""price"":63583.39,""size"":0.00314736,""num_orders"":1},{""price"":63584.59,""size"":0.15727081,""num_orders"":1},{""price"":63584.83,""size"":0.08498623,""num_orders"":1},{""price"":63585.01,""size"":0.00024573,""num_orders"":3},{""price"":63585.65,""size"":0.01965852,""num_orders"":3},{""price"":63585.71,""size"":0.03399975,""num_orders"":1},{""price"":63585.77,""size"":0.02,""num_orders"":1}]"
btc_usd_d10_20260708T000344Z,27,2026-07-08T00:30:44.744777Z,2026-07-08T00:30:44.744877Z,BTC-USD,10,ok,,132238760829,2026-07-08T00:30:43.535153687Z,0.90348805,0.31701807,0.480513756047,63562.610000000001,63562.620000000003,63562.615000000005,0.010000000002,0.001573251825,"[{""price"":63562.61,""size"":0.16062386,""num_orders"":3},{""price"":63562.0,""size"":0.0186,""num_orders"":1},{""price"":63561.97,""size"":0.04719664,""num_orders"":1},{""price"":63558.13,""size"":0.2531054,""num_orders"":1},{""price"":63558.12,""size"":0.12586904,""num_orders"":1},{""price"":63556.85,""size"":0.04742034,""num_orders"":1},{""price"":63556.83,""size"":0.09442543,""num_orders"":1},{""price"":63556.0,""size"":0.0186,""num_orders"":1},{""price"":63555.83,""size"":0.04909282,""num_orders"":1},{""price"":63555.6,""size"":0.08855452,""num_orders"":1}]","[{""price"":63562.62,""size"":1.8e-05,""num_orders"":1},{""price"":63562.92,""size"":0.00485,""num_orders"":1},{""price"":63564.03,""size"":0.04742034,""num_orders"":1},{""price"":63564.28,""size"":0.00078676,""num_orders"":1},{""price"":63564.36,""size"":0.12585669,""num_orders"":1},{""price"":63565.78,""size"":0.01061683,""num_orders"":1},{""price"":63565.79,""size"":0.12585386,""num_orders"":1},{""price"":63566.34,""size"":0.00157301,""num_orders"":1},{""price"":63566.48,""size"":1.8e-05,""num_orders"":1},{""price"":63567.4,""size"":2.458e-05,""num_orders"":1}]"
btc_usd_d10_20260708T000344Z,28,2026-07-08T00:31:44.744777Z,2026-07-08T00:31:44.744872Z,BTC-USD,10,ok,,132238809187,2026-07-08T00:31:44.547581218Z,0.70918223,0.55687433,0.120301023518,63582.910000000003,63585.029999999999,63583.970000000001,2.119999999995,0.333417369188,"[{""price"":63582.91,""size"":0.02678466,""num_orders"":1},{""price"":63582.9,""size"":0.15383423,""num_orders"":3},{""price"":63582.86,""size"":0.09442543,""num_orders"":1},{""price"":63582.73,""size"":0.0007863,""num_orders"":1},{""price"":63582.0,""size"":0.0215,""num_orders"":1},{""price"":63581.92,""size"":1.8e-05,""num_orders"":1},{""price"":63581.18,""size"":0.04717853,""num_orders"":1},{""price"":63580.56,""size"":0.23872965,""num_orders"":2},{""price"":63580.0,""size"":0.0315,""num_orders"":2},{""price"":63579.25,""size"":0.09442543,""num_orders"":1}]","[{""price"":63585.03,""size"":0.12581577,""num_orders"":1},{""price"":63586.0,""size"":0.0215,""num_orders"":1},{""price"":63586.99,""size"":0.02,""num_orders"":1},{""price"":63587.35,""size"":0.15726399,""num_orders"":1},{""price"":63588.0,""size"":0.0215,""num_orders"":1},{""price"":63588.7,""size"":0.09442543,""num_orders"":1},{""price"":63588.71,""size"":0.04742034,""num_orders"":1},{""price"":63590.0,""size"":0.0215,""num_orders"":1},{""price"":63590.71,""size"":0.04717853,""num_orders"":1},{""price"":63591.26,""size"":0.00027027,""num_orders"":4}]"
btc_usd_d10_20260708T000344Z,29,2026-07-08T00:32:44.744777Z,2026-07-08T00:32:44.744871Z,BTC-USD,10,ok,,132238863986,2026-07-08T00:32:43.689429753Z,1.07539139,0.41267481,0.445354232224,63554.010000000002,63554.019999999997,63554.014999999999,0.009999999995,0.001573464713,"[{""price"":63554.01,""size"":0.44647326,""num_orders"":7},{""price"":63554.0,""size"":0.0623,""num_orders"":3},{""price"":63553.99,""size"":0.04849778,""num_orders"":2},{""price"":63553.98,""size"":0.03,""num_orders"":1},{""price"":63552.42,""size"":0.05507126,""num_orders"":1},{""price"":63551.76,""size"":0.00121322,""num_orders"":1},{""price"":63551.49,""size"":0.04,""num_orders"":2},{""price"":63551.48,""size"":0.30073208,""num_orders"":4},{""price"":63551.47,""size"":0.09110371,""num_orders"":5},{""price"":63551.46,""size"":8e-08,""num_orders"":1}]","[{""price"":63554.02,""size"":0.00015514,""num_orders"":3},{""price"":63554.66,""size"":0.02163491,""num_orders"":4},{""price"":63554.9,""size"":1.8e-05,""num_orders"":1},{""price"":63558.0,""size"":0.0223,""num_orders"":1},{""price"":63558.76,""size"":1.8e-05,""num_orders"":1},{""price"":63559.89,""size"":9.7e-05,""num_orders"":1},{""price"":63560.0,""size"":0.0223,""num_orders"":1},{""price"":63560.27,""size"":0.1258648,""num_orders"":1},{""price"":63561.91,""size"":0.09442543,""num_orders"":1},{""price"":63561.92,""size"":0.12586153,""num_orders"":1}]"
btc_usd_d10_20260708T000344Z,30,2026-07-08T00:33:44.744777Z,2026-07-08T00:33:44.744872Z,BTC-USD,10,ok,,132238905221,2026-07-08T00:33:43.484708952Z,0.40553964,0.50221851,-0.10650289397,63558.339999999997,63558.349999999999,63558.345000000001,0.010000000002,0.001573357519,"[{""price"":63558.34,""size"":0.00131512,""num_orders"":2},{""price"":63558.32,""size"":9e-08,""num_orders"":1},{""price"":63558.27,""size"":0.00018749,""num_orders"":2},{""price"":63556.78,""size"":0.09442543,""num_orders"":1},{""price"":63556.77,""size"":0.02361374,""num_orders"":1},{""price"":63556.76,""size"":0.05506704,""num_orders"":1},{""price"":63556.0,""size"":0.0234,""num_orders"":1},{""price"":63555.12,""size"":0.04720038,""num_orders"":1},{""price"":63555.07,""size"":0.03052864,""num_orders"":1},{""price"":63554.62,""size"":0.12980171,""num_orders"":1}]","[{""price"":63558.35,""size"":0.21822577,""num_orders"":4},{""price"":63558.36,""size"":7e-08,""num_orders"":1},{""price"":63558.37,""size"":8e-08,""num_orders"":1},{""price"":63560.0,""size"":0.0234,""num_orders"":1},{""price"":63560.33,""size"":0.05506717,""num_orders"":1},{""price"":63560.89,""size"":0.00027041,""num_orders"":4},{""price"":63561.51,""size"":0.006295,""num_orders"":1},{""price"":63561.53,""size"":0.02163258,""num_orders"":4},{""price"":63561.7,""size"":0.02,""num_orders"":1},{""price"":63561.71,""size"":0.15732743,""num_orders"":1}]"
btc_usd_d10_20260708T000344Z,31,2026-07-08T00:34:44.744777Z,2026-07-08T00:34:44.744879Z,BTC-USD,10,ok,,132238954590,2026-07-08T00:34:44.178464619Z,0.71230368,0.41707302,0.261410262847,63527.489999999998,63527.5,63527.494999999995,0.010000000002,0.001574121568,"[{""price"":63527.49,""size"":0.14048345,""num_orders"":6},{""price"":63527.48,""size"":1e-07,""num_orders"":1},{""price"":63527.47,""size"":1.2e-07,""num_orders"":1},{""price"":63527.19,""size"":0.27563906,""num_orders"":1},{""price"":63527.18,""size"":0.09442543,""num_orders"":1},{""price"":63527.17,""size"":0.04742034,""num_orders"":1},{""price"":63526.0,""size"":0.0222,""num_orders"":1},{""price"":63524.82,""size"":0.02,""num_orders"":1},{""price"":63524.81,""size"":0.09442543,""num_orders"":1},{""price"":63524.31,""size"":0.01770975,""num_orders"":3}]","[{""price"":63527.5,""size"":0.00174674,""num_orders"":3},{""price"":63527.88,""size"":1.8e-05,""num_orders"":1},{""price"":63528.45,""size"":0.07498909,""num_orders"":1},{""price"":63529.61,""size"":0.07498909,""num_orders"":1},{""price"":63530.0,""size"":0.0222,""num_orders"":1},{""price"":63530.57,""size"":0.07498909,""num_orders"":1},{""price"":63530.89,""size"":0.12592301,""num_orders"":1},{""price"":63531.74,""size"":1.8e-05,""num_orders"":1},{""price"":63531.99,""size"":0.02,""num_orders"":1},{""price"":63532.0,""size"":0.0222,""num_orders"":1}]"
btc_usd_d10_20260708T000344Z,32,2026-07-08T00:35:44.744777Z,2026-07-08T00:35:44.744871Z,BTC-USD,10,ok,,132238994549,2026-07-08T00:35:42.539840996Z,1.07293016,0.32849787,0.531195519188,63516,63516.010000000002,63516.005000000005,0.010000000002,0.001574406325,"[{""price"":63516.0,""size"":0.47407808,""num_orders"":17},{""price"":63515.99,""size"":9e-08,""num_orders"":1},{""price"":63515.98,""size"":1e-07,""num_orders"":1},{""price"":63515.63,""size"":0.14730813,""num_orders"":2},{""price"":63515.62,""size"":0.09442543,""num_orders"":1},{""price"":63515.12,""size"":0.12595425,""num_orders"":1},{""price"":63514.41,""size"":0.04407455,""num_orders"":1},{""price"":63514.01,""size"":0.15947884,""num_orders"":2},{""price"":63514.0,""size"":0.0221,""num_orders"":1},{""price"":63512.91,""size"":0.00551069,""num_orders"":1}]","[{""price"":63516.01,""size"":5e-08,""num_orders"":1},{""price"":63516.03,""size"":1.2e-07,""num_orders"":2},{""price"":63516.99,""size"":0.04999973,""num_orders"":2},{""price"":63519.07,""size"":0.059,""num_orders"":1},{""price"":63520.03,""size"":0.059,""num_orders"":1},{""price"":63520.79,""size"":0.00243933,""num_orders"":1},{""price"":63521.99,""size"":0.12594064,""num_orders"":1},{""price"":63522.0,""size"":0.0221,""num_orders"":1},{""price"":63524.02,""size"":1.8e-05,""num_orders"":1},{""price"":63525.0,""size"":0.01,""num_orders"":1}]"
btc_usd_d10_20260708T000344Z,33,2026-07-08T00:36:44.744777Z,2026-07-08T00:36:44.744872Z,BTC-USD,10,ok,,132239038458,2026-07-08T00:36:43.328428498Z,0.40362855,0.29468175,0.156014883355,63543.309999999998,63543.32,63543.315000000002,0.010000000002,0.001573729668,"[{""price"":63543.31,""size"":0.05628662,""num_orders"":5},{""price"":63543.3,""size"":7e-08,""num_orders"":1},{""price"":63543.29,""size"":8e-08,""num_orders"":1},{""price"":63542.01,""size"":0.12542291,""num_orders"":3},{""price"":63542.0,""size"":0.0244,""num_orders"":1},{""price"":63541.97,""size"":8e-08,""num_orders"":1},{""price"":63540.97,""size"":1e-07,""num_orders"":1},{""price"":63540.34,""size"":0.04721385,""num_orders"":1},{""price"":63540.04,""size"":0.12590484,""num_orders"":1},{""price"":63540.0,""size"":0.0244,""num_orders"":1}]","[{""price"":63543.32,""size"":1.807e-05,""num_orders"":2},{""price"":63543.33,""size"":7e-08,""num_orders"":1},{""price"":63543.35,""size"":7e-08,""num_orders"":1},{""price"":63544.74,""size"":0.0378,""num_orders"":1},{""price"":63545.42,""size"":0.1258942,""num_orders"":1},{""price"":63545.86,""size"":0.00014753,""num_orders"":2},{""price"":63545.97,""size"":0.09442543,""num_orders"":1},{""price"":63546.0,""size"":0.0244,""num_orders"":1},{""price"":63546.5,""size"":0.01180238,""num_orders"":2},{""price"":63546.78,""size"":0.000194,""num_orders"":1}]"
btc_usd_d10_20260708T000344Z,34,2026-07-08T00:37:44.744777Z,2026-07-08T00:37:44.744872Z,BTC-USD,10,ok,,132239079297,2026-07-08T00:37:44.529658061Z,0.58428655,0.4341298,0.147441417255,63581.910000000003,63581.919999999998,63581.915000000001,0.009999999995,0.00157277427,"[{""price"":63581.91,""size"":0.16718194,""num_orders"":7},{""price"":63581.9,""size"":0.02999996,""num_orders"":2},{""price"":63581.89,""size"":0.00078647,""num_orders"":2},{""price"":63581.88,""size"":0.03,""num_orders"":1},{""price"":63581.77,""size"":0.04718846,""num_orders"":1},{""price"":63581.03,""size"":0.18486207,""num_orders"":2},{""price"":63580.33,""size"":0.02362056,""num_orders"":1},{""price"":63580.32,""size"":0.05504709,""num_orders"":1},{""price"":63580.01,""size"":0.02,""num_orders"":1},{""price"":63580.0,""size"":0.0256,""num_orders"":1}]","[{""price"":63581.92,""size"":0.04251754,""num_orders"":1},{""price"":63581.93,""size"":5e-08,""num_orders"":1},{""price"":63583.51,""size"":0.05504709,""num_orders"":1},{""price"":63583.93,""size"":0.12581795,""num_orders"":1},{""price"":63584.0,""size"":0.0256,""num_orders"":1},{""price"":63584.46,""size"":0.0002703,""num_orders"":4},{""price"":63584.68,""size"":0.09442543,""num_orders"":1},{""price"":63585.1,""size"":0.02162457,""num_orders"":4},{""price"":63585.66,""size"":0.06880887,""num_orders"":1},{""price"":63585.78,""size"":1.8e-05,""num_orders"":1}]"
btc_usd_d10_20260708T000344Z,35,2026-07-08T00:38:44.744777Z,2026-07-08T00:38:44.744886Z,BTC-USD,10,ok,,132239113092,2026-07-08T00:38:42.128059309Z,0.88522466,0.34337217,0.441033605792,63578.650000000001,63578.660000000003,63578.654999999999,0.010000000002,0.001572854915,"[{""price"":63578.65,""size"":0.38484381,""num_orders"":8},{""price"":63578.64,""size"":1e-07,""num_orders"":1},{""price"":63578.63,""size"":1e-07,""num_orders"":1},{""price"":63578.31,""size"":0.22227432,""num_orders"":1},{""price"":63578.3,""size"":0.12582909,""num_orders"":1},{""price"":63578.0,""size"":0.0254,""num_orders"":1},{""price"":63577.7,""size"":0.00078642,""num_orders"":1},{""price"":63577.06,""size"":0.05504992,""num_orders"":1},{""price"":63576.52,""size"":0.04742034,""num_orders"":1},{""price"":63576.25,""size"":0.02362056,""num_orders"":1}]","[{""price"":63578.66,""size"":5e-08,""num_orders"":1},{""price"":63578.67,""size"":6e-08,""num_orders"":1},{""price"":63578.68,""size"":6e-08,""num_orders"":1},{""price"":63581.19,""size"":0.09442543,""num_orders"":1},{""price"":63581.2,""size"":0.05022117,""num_orders"":4},{""price"":63581.84,""size"":0.01769373,""num_orders"":3},{""price"":63581.92,""size"":1.8e-05,""num_orders"":1},{""price"":63582.6,""size"":0.02699509,""num_orders"":1},{""price"":63583.62,""size"":0.12581858,""num_orders"":1},{""price"":63584.0,""size"":0.0282,""num_orders"":1}]"
btc_usd_d10_20260708T000344Z,36,2026-07-08T00:39:44.744777Z,2026-07-08T00:39:44.744879Z,BTC-USD,10,ok,,132239154342,2026-07-08T00:39:42.840786772Z,0.73618597,0.29014983,0.43459084249,63631.139999999999,63631.150000000001,63631.145000000004,0.010000000002,0.001571557451,"[{""price"":63631.14,""size"":0.23765995,""num_orders"":6},{""price"":63631.13,""size"":1.4e-07,""num_orders"":1},{""price"":63631.12,""size"":1.4e-07,""num_orders"":1},{""price"":63630.6,""size"":0.23765201,""num_orders"":2},{""price"":63630.35,""size"":0.04714674,""num_orders"":1},{""price"":63630.02,""size"":0.02,""num_orders"":1},{""price"":63630.01,""size"":0.02,""num_orders"":1},{""price"":63630.0,""size"":0.028,""num_orders"":1},{""price"":63629.95,""size"":0.02,""num_orders"":1},{""price"":63629.92,""size"":0.12572699,""num_orders"":1}]","[{""price"":63631.15,""size"":0.05953757,""num_orders"":4},{""price"":63631.16,""size"":5e-08,""num_orders"":1},{""price"":63631.17,""size"":6e-08,""num_orders"":1},{""price"":63631.85,""size"":0.05,""num_orders"":1},{""price"":63632.1,""size"":1.8e-05,""num_orders"":1},{""price"":63633.7,""size"":0.0002701,""num_orders"":4},{""price"":63634.0,""size"":0.028,""num_orders"":1},{""price"":63634.16,""size"":0.00499902,""num_orders"":1},{""price"":63634.33,""size"":0.02160783,""num_orders"":4},{""price"":63634.89,""size"":0.1257172,""num_orders"":1}]"
btc_usd_d10_20260708T000344Z,37,2026-07-08T00:40:44.744777Z,2026-07-08T00:40:44.744884Z,BTC-USD,10,ok,,132239196619,2026-07-08T00:40:42.547259568Z,0.86015165,0.48177599,0.281964279385,63599.989999999998,63600,63599.994999999995,0.010000000002,0.001572327168,"[{""price"":63599.99,""size"":0.36572522,""num_orders"":7},{""price"":63599.59,""size"":0.12578696,""num_orders"":1},{""price"":63598.96,""size"":0.02,""num_orders"":1},{""price"":63598.95,""size"":0.09442543,""num_orders"":1},{""price"":63598.4,""size"":0.04318289,""num_orders"":1},{""price"":63598.36,""size"":0.02,""num_orders"":1},{""price"":63598.03,""size"":0.12579005,""num_orders"":1},{""price"":63598.0,""size"":0.0252,""num_orders"":1},{""price"":63597.37,""size"":0.04,""num_orders"":2},{""price"":63597.36,""size"":4.11e-05,""num_orders"":2}]","[{""price"":63600.0,""size"":0.04999914,""num_orders"":2},{""price"":63603.2,""size"":0.00412893,""num_orders"":1},{""price"":63604.0,""size"":0.0265,""num_orders"":1},{""price"":63604.74,""size"":0.034,""num_orders"":1},{""price"":63605.49,""size"":0.0550338,""num_orders"":1},{""price"":63605.99,""size"":0.04742034,""num_orders"":1},{""price"":63606.0,""size"":0.0265,""num_orders"":1},{""price"":63606.25,""size"":0.01799612,""num_orders"":1},{""price"":63607.05,""size"":0.12577223,""num_orders"":1},{""price"":63608.75,""size"":0.09442543,""num_orders"":1}]"
btc_usd_d10_20260708T000344Z,38,2026-07-08T00:41:44.744777Z,2026-07-08T00:41:44.744885Z,BTC-USD,10,ok,,132239227184,2026-07-08T00:41:43.186902248Z,0.70110157,0.31268076,0.383140244711,63610.790000000001,63610.800000000003,63610.794999999998,0.010000000002,0.001572060214,"[{""price"":63610.79,""size"":0.07573241,""num_orders"":6},{""price"":63610.78,""size"":9e-08,""num_orders"":1},{""price"":63610.77,""size"":3e-08,""num_orders"":1},{""price"":63609.8,""size"":0.25547071,""num_orders"":2},{""price"":63609.79,""size"":0.09442543,""num_orders"":1},{""price"":63609.2,""size"":0.0550221,""num_orders"":1},{""price"":63608.41,""size"":0.12576951,""num_orders"":1},{""price"":63608.18,""size"":0.02362056,""num_orders"":1},{""price"":63608.17,""size"":0.04716073,""num_orders"":1},{""price"":63608.0,""size"":0.0239,""num_orders"":1}]","[{""price"":63610.8,""size"":0.04407359,""num_orders"":2},{""price"":63610.82,""size"":1.4e-07,""num_orders"":2},{""price"":63612.51,""size"":0.05502209,""num_orders"":1},{""price"":63613.83,""size"":0.05,""num_orders"":1},{""price"":63613.92,""size"":9.825e-05,""num_orders"":1},{""price"":63613.94,""size"":7.368e-05,""num_orders"":2},{""price"":63614.0,""size"":0.0239,""num_orders"":1},{""price"":63614.1,""size"":0.12575829,""num_orders"":1},{""price"":63614.55,""size"":0.00785984,""num_orders"":1},{""price"":63614.57,""size"":0.00589488,""num_orders"":2}]"
btc_usd_d10_20260708T000344Z,39,2026-07-08T00:42:44.744777Z,2026-07-08T00:42:44.744880Z,BTC-USD,10,ok,,132239271480,2026-07-08T00:42:42.527736329Z,0.44273624,0.44113506,0.001811553334,63618.290000000001,63618.300000000003,63618.294999999998,0.010000000002,0.001571874883,"[{""price"":63618.29,""size"":1e-07,""num_orders"":1},{""price"":63618.28,""size"":1e-07,""num_orders"":1},{""price"":63614.63,""size"":0.04742034,""num_orders"":1},{""price"":63614.62,""size"":0.09445534,""num_orders"":2},{""price"":63614.6,""size"":0.04715292,""num_orders"":1},{""price"":63612.8,""size"":1.8e-05,""num_orders"":1},{""price"":63612.44,""size"":0.09442543,""num_orders"":1},{""price"":63612.43,""size"":0.15132076,""num_orders"":2},{""price"":63612.24,""size"":8.311e-05,""num_orders"":1},{""price"":63612.09,""size"":0.00786014,""num_orders"":1}]","[{""price"":63618.3,""size"":0.11281562,""num_orders"":3},{""price"":63618.53,""size"":0.12574952,""num_orders"":1},{""price"":63618.71,""size"":7e-08,""num_orders"":1},{""price"":63620.0,""size"":0.025,""num_orders"":1},{""price"":63620.28,""size"":0.05501528,""num_orders"":1},{""price"":63620.84,""size"":9.824e-05,""num_orders"":1},{""price"":63621.21,""size"":0.00017192,""num_orders"":3},{""price"":63621.48,""size"":0.00785898,""num_orders"":1},{""price"":63621.83,""size"":0.02,""num_orders"":1},{""price"":63621.84,""size"":0.09442543,""num_orders"":1}]"
btc_usd_d10_20260708T000344Z,40,2026-07-08T00:43:44.744777Z,2026-07-08T00:43:44.744877Z,BTC-USD,10,ok,,132239311054,2026-07-08T00:43:41.603354865Z,0.94292264,0.17098832,0.692994635765,63657.239999999998,63657.25,63657.244999999995,0.010000000002,0.001570913099,"[{""price"":63657.24,""size"":0.18986245,""num_orders"":2},{""price"":63657.22,""size"":0.03,""num_orders"":1},{""price"":63656.0,""size"":0.0237,""num_orders"":1},{""price"":63655.65,""size"":0.05498195,""num_orders"":1},{""price"":63654.63,""size"":0.15954133,""num_orders"":1},{""price"":63654.35,""size"":0.09442543,""num_orders"":1},{""price"":63654.18,""size"":0.12567908,""num_orders"":1},{""price"":63654.0,""size"":0.0237,""num_orders"":1},{""price"":63653.51,""size"":0.17230496,""num_orders"":1},{""price"":63653.5,""size"":0.06872744,""num_orders"":1}]","[{""price"":63657.25,""size"":0.00341897,""num_orders"":1},{""price"":63657.77,""size"":9.7e-05,""num_orders"":1},{""price"":63659.12,""size"":1.8e-05,""num_orders"":1},{""price"":63659.8,""size"":2.454e-05,""num_orders"":1},{""price"":63659.96,""size"":0.12566769,""num_orders"":1},{""price"":63660.0,""size"":0.0237,""num_orders"":1},{""price"":63660.32,""size"":0.00019636,""num_orders"":2},{""price"":63660.43,""size"":0.00196354,""num_orders"":1},{""price"":63660.62,""size"":0.000194,""num_orders"":1},{""price"":63660.95,""size"":0.01570822,""num_orders"":2}]"
btc_usd_d10_20260708T000344Z,41,2026-07-08T00:44:44.744777Z,2026-07-08T00:44:44.744878Z,BTC-USD,10,ok,,132239366796,2026-07-08T00:44:43.545068227Z,0.62904444,0.6691853,-0.030919689145,63667.519999999997,63667.529999999999,63667.524999999994,0.010000000002,0.001570659453,"[{""price"":63667.52,""size"":0.05497103,""num_orders"":1},{""price"":63667.51,""size"":0.00981662,""num_orders"":2},{""price"":63665.92,""size"":0.01178025,""num_orders"":2},{""price"":63665.4,""size"":0.08071715,""num_orders"":1},{""price"":63665.39,""size"":0.04742034,""num_orders"":1},{""price"":63665.37,""size"":0.05908426,""num_orders"":1},{""price"":63664.0,""size"":0.0287,""num_orders"":1},{""price"":63662.97,""size"":0.21365653,""num_orders"":2},{""price"":63662.75,""size"":0.09419826,""num_orders"":1},{""price"":63662.0,""size"":0.0287,""num_orders"":1}]","[{""price"":63667.53,""size"":0.03971742,""num_orders"":2},{""price"":63667.99,""size"":0.12565183,""num_orders"":1},{""price"":63669.54,""size"":0.00109926,""num_orders"":1},{""price"":63669.99,""size"":0.19370776,""num_orders"":2},{""price"":63670.0,""size"":0.0287,""num_orders"":1},{""price"":63670.28,""size"":0.15705917,""num_orders"":1},{""price"":63670.71,""size"":1.2e-07,""num_orders"":2},{""price"":63670.81,""size"":0.04742034,""num_orders"":1},{""price"":63670.83,""size"":0.0471294,""num_orders"":1},{""price"":63672.0,""size"":0.0287,""num_orders"":1}]"
btc_usd_d10_20260708T000344Z,42,2026-07-08T00:45:44.744777Z,2026-07-08T00:45:44.744879Z,BTC-USD,10,ok,,132239419199,2026-07-08T00:45:44.122583001Z,0.10956299,0.3253424,-0.496152531014,63672.970000000001,63672.980000000003,63672.975000000006,0.010000000002,0.001570525015,"[{""price"":63672.97,""size"":0.00013078,""num_orders"":2},{""price"":63672.96,""size"":7.7e-07,""num_orders"":1},{""price"":63672.95,""size"":8.2e-07,""num_orders"":1},{""price"":63672.94,""size"":8.6e-07,""num_orders"":1},{""price"":63672.93,""size"":8.9e-07,""num_orders"":1},{""price"":63672.92,""size"":9.4e-07,""num_orders"":1},{""price"":63670.65,""size"":0.040907,""num_orders"":1},{""price"":63670.64,""size"":0.04742034,""num_orders"":1},{""price"":63670.63,""size"":5.9e-07,""num_orders"":1},{""price"":63670.0,""size"":0.0211,""num_orders"":1}]","[{""price"":63672.98,""size"":0.08002346,""num_orders"":2},{""price"":63673.01,""size"":4e-08,""num_orders"":1},{""price"":63673.57,""size"":0.12564083,""num_orders"":1},{""price"":63674.0,""size"":0.0211,""num_orders"":1},{""price"":63674.32,""size"":0.02356489,""num_orders"":1},{""price"":63675.53,""size"":0.00017177,""num_orders"":3},{""price"":63676.0,""size"":0.0211,""num_orders"":1},{""price"":63676.16,""size"":0.01374141,""num_orders"":3},{""price"":63676.47,""size"":0.02,""num_orders"":1},{""price"":63677.14,""size"":0.02,""num_orders"":1}]"
btc_usd_d10_20260708T000344Z,43,2026-07-08T00:46:44.744777Z,2026-07-08T00:46:44.744873Z,BTC-USD,10,ok,,132239462786,2026-07-08T00:46:43.544701291Z,0.39870673,0.43882198,-0.047897164027,63627.25,63627.260000000002,63627.255000000005,0.010000000002,0.001571653531,"[{""price"":63627.25,""size"":0.01006671,""num_orders"":4},{""price"":63627.24,""size"":6.1e-07,""num_orders"":1},{""price"":63627.23,""size"":6.4e-07,""num_orders"":1},{""price"":63627.22,""size"":6.7e-07,""num_orders"":1},{""price"":63626.3,""size"":0.04561134,""num_orders"":1},{""price"":63626.29,""size"":0.0583009,""num_orders"":1},{""price"":63626.0,""size"":0.0181,""num_orders"":1},{""price"":63625.0,""size"":0.01,""num_orders"":1},{""price"":63624.94,""size"":0.1624276,""num_orders"":1},{""price"":63624.93,""size"":0.09419826,""num_orders"":1}]","[{""price"":63627.26,""size"":0.0835018,""num_orders"":2},{""price"":63627.28,""size"":0.03,""num_orders"":1},{""price"":63627.62,""size"":0.00628813,""num_orders"":1},{""price"":63628.61,""size"":0.05,""num_orders"":1},{""price"":63628.64,""size"":6e-08,""num_orders"":1},{""price"":63628.85,""size"":0.05500787,""num_orders"":1},{""price"":63630.0,""size"":0.0181,""num_orders"":1},{""price"":63630.29,""size"":0.12572629,""num_orders"":1},{""price"":63631.0,""size"":0.06875984,""num_orders"":1},{""price"":63631.13,""size"":0.00143799,""num_orders"":1}]"
btc_usd_d10_20260708T000344Z,44,2026-07-08T00:47:44.744777Z,2026-07-08T00:47:44.744875Z,BTC-USD,10,ok,,132239509155,2026-07-08T00:47:42.843472677Z,1.20241258,0.2550604,0.649996393072,63617.800000000003,63617.809999999998,63617.805,0.009999999995,0.001571886989,"[{""price"":63617.8,""size"":0.64176155,""num_orders"":8},{""price"":63617.79,""size"":1.5e-07,""num_orders"":2},{""price"":63617.78,""size"":8e-08,""num_orders"":1},{""price"":63617.7,""size"":0.20478509,""num_orders"":1},{""price"":63617.69,""size"":0.12575118,""num_orders"":1},{""price"":63616.2,""size"":0.09419826,""num_orders"":1},{""price"":63616.0,""size"":0.0209,""num_orders"":1},{""price"":63615.94,""size"":0.05501627,""num_orders"":1},{""price"":63615.82,""size"":0.03,""num_orders"":1},{""price"":63615.8,""size"":0.03,""num_orders"":1}]","[{""price"":63617.81,""size"":0.02961007,""num_orders"":2},{""price"":63617.82,""size"":8e-08,""num_orders"":1},{""price"":63620.35,""size"":0.00027016,""num_orders"":4},{""price"":63620.52,""size"":0.01511298,""num_orders"":2},{""price"":63620.99,""size"":0.02161236,""num_orders"":4},{""price"":63622.0,""size"":0.0209,""num_orders"":1},{""price"":63624.0,""size"":0.0209,""num_orders"":1},{""price"":63624.38,""size"":1.8e-05,""num_orders"":1},{""price"":63625.0,""size"":0.12573675,""num_orders"":1},{""price"":63626.0,""size"":0.0209,""num_orders"":1}]"
btc_usd_d10_20260708T000344Z,45,2026-07-08T00:48:44.744777Z,2026-07-08T00:48:44.744871Z,BTC-USD,10,ok,,132239542600,2026-07-08T00:48:43.008726404Z,0.62543658,0.35919521,0.270396886129,63611.199999999997,63611.209999999999,63611.205000000002,0.010000000002,0.001572050082,"[{""price"":63611.2,""size"":0.06086319,""num_orders"":5},{""price"":63611.18,""size"":4e-08,""num_orders"":1},{""price"":63610.38,""size"":0.00876634,""num_orders"":1},{""price"":63609.37,""size"":0.05938393,""num_orders"":1},{""price"":63609.3,""size"":0.18185413,""num_orders"":1},{""price"":63609.29,""size"":0.04716166,""num_orders"":1},{""price"":63608.94,""size"":1.8e-05,""num_orders"":1},{""price"":63608.56,""size"":0.04742034,""num_orders"":1},{""price"":63608.54,""size"":0.09419826,""num_orders"":1},{""price"":63607.82,""size"":0.12577069,""num_orders"":1}]","[{""price"":63611.21,""size"":0.05361446,""num_orders"":2},{""price"":63611.22,""size"":1.3e-07,""num_orders"":1},{""price"":63611.23,""size"":1.3e-07,""num_orders"":1},{""price"":63612.0,""size"":0.0219,""num_orders"":1},{""price"":63612.45,""size"":0.12576154,""num_orders"":1},{""price"":63612.8,""size"":0.05502175,""num_orders"":1},{""price"":63613.99,""size"":0.02,""num_orders"":1},{""price"":63614.0,""size"":0.0219,""num_orders"":1},{""price"":63614.53,""size"":0.02,""num_orders"":1},{""price"":63614.54,""size"":0.0409972,""num_orders"":1}]"
btc_usd_d10_20260708T000344Z,46,2026-07-08T00:49:44.744777Z,2026-07-08T00:49:44.744875Z,BTC-USD,10,ok,,132239594172,2026-07-08T00:49:42.570655078Z,0.4522255,0.71359867,-0.224196046647,63587.959999999999,63587.970000000001,63587.964999999997,0.010000000002,0.001572624631,"[{""price"":63587.96,""size"":1.708e-05,""num_orders"":2},{""price"":63587.95,""size"":5e-08,""num_orders"":1},{""price"":63587.94,""size"":5e-08,""num_orders"":1},{""price"":63586.7,""size"":0.09421895,""num_orders"":2},{""price"":63586.03,""size"":0.04275708,""num_orders"":1},{""price"":63585.78,""size"":1.8e-05,""num_orders"":1},{""price"":63584.79,""size"":0.09419826,""num_orders"":1},{""price"":63584.78,""size"":0.02162468,""num_orders"":4},{""price"":63584.07,""size"":0.17859135,""num_orders"":2},{""price"":63584.0,""size"":0.0208,""num_orders"":1}]","[{""price"":63587.97,""size"":0.16078793,""num_orders"":5},{""price"":63587.98,""size"":0.12581005,""num_orders"":2},{""price"":63587.99,""size"":1.2e-07,""num_orders"":1},{""price"":63589.57,""size"":0.05504226,""num_orders"":1},{""price"":63589.8,""size"":0.15725794,""num_orders"":1},{""price"":63589.83,""size"":0.05,""num_orders"":1},{""price"":63590.0,""size"":0.0208,""num_orders"":1},{""price"":63590.1,""size"":0.04718124,""num_orders"":1},{""price"":63590.21,""size"":0.0008304,""num_orders"":1},{""price"":63590.78,""size"":0.09588873,""num_orders"":1}]"
btc_usd_d10_20260708T000344Z,47,2026-07-08T00:50:44.744777Z,2026-07-08T00:50:44.744877Z,BTC-USD,10,ok,,132239635091,2026-07-08T00:50:42.041284497Z,0.3949109,0.40918325,-0.017749600591,63583.150000000001,63583.989999999998,63583.57,0.839999999997,0.132109600011,"[{""price"":63583.15,""size"":0.00242984,""num_orders"":1},{""price"":63582.56,""size"":0.05504516,""num_orders"":1},{""price"":63580.85,""size"":0.1154355,""num_orders"":1},{""price"":63580.61,""size"":0.00786403,""num_orders"":1},{""price"":63580.41,""size"":0.05090897,""num_orders"":1},{""price"":63580.0,""size"":0.0218,""num_orders"":1},{""price"":63579.58,""size"":0.09419826,""num_orders"":1},{""price"":63578.97,""size"":5e-08,""num_orders"":1},{""price"":63578.91,""size"":0.0471791,""num_orders"":1},{""price"":63578.07,""size"":4.999e-05,""num_orders"":1}]","[{""price"":63583.99,""size"":0.0134484,""num_orders"":1},{""price"":63584.0,""size"":0.0218,""num_orders"":1},{""price"":63584.16,""size"":0.05504516,""num_orders"":1},{""price"":63584.17,""size"":0.12581747,""num_orders"":1},{""price"":63585.75,""size"":0.05504516,""num_orders"":1},{""price"":63585.99,""size"":9e-08,""num_orders"":1},{""price"":63586.0,""size"":0.0218,""num_orders"":1},{""price"":63587.31,""size"":0.04742034,""num_orders"":1},{""price"":63587.35,""size"":1.8e-07,""num_orders"":2},{""price"":63587.9,""size"":0.06880645,""num_orders"":1}]"
btc_usd_d10_20260708T000344Z,48,2026-07-08T00:51:44.744777Z,2026-07-08T00:51:44.744871Z,BTC-USD,10,ok,,132239668201,2026-07-08T00:51:42.976210837Z,0.61695766,0.30306103,0.341185057882,63597.559999999998,63597.57,63597.565000000002,0.010000000002,0.001572387245,"[{""price"":63597.56,""size"":0.18963179,""num_orders"":4},{""price"":63597.55,""size"":5e-08,""num_orders"":1},{""price"":63597.54,""size"":5e-08,""num_orders"":1},{""price"":63597.53,""size"":6e-08,""num_orders"":1},{""price"":63597.52,""size"":4e-08,""num_orders"":1},{""price"":63596.02,""size"":0.23013318,""num_orders"":1},{""price"":63596.01,""size"":0.09419826,""num_orders"":1},{""price"":63595.94,""size"":0.05503357,""num_orders"":1},{""price"":63595.71,""size"":0.00078619,""num_orders"":1},{""price"":63594.2,""size"":0.04717447,""num_orders"":1}]","[{""price"":63597.57,""size"":0.05657011,""num_orders"":3},{""price"":63597.58,""size"":1e-07,""num_orders"":1},{""price"":63597.6,""size"":1e-07,""num_orders"":1},{""price"":63598.1,""size"":0.12578992,""num_orders"":1},{""price"":63599.16,""size"":0.05503355,""num_orders"":1},{""price"":63600.0,""size"":0.0253,""num_orders"":1},{""price"":63600.1,""size"":0.02,""num_orders"":1},{""price"":63600.11,""size"":0.00027025,""num_orders"":4},{""price"":63600.42,""size"":0.02,""num_orders"":1},{""price"":63600.43,""size"":9.7e-05,""num_orders"":1}]"
btc_usd_d10_20260708T000344Z,49,2026-07-08T00:52:44.744777Z,2026-07-08T00:52:44.744872Z,BTC-USD,10,ok,,132239703096,2026-07-08T00:52:42.546709765Z,0.10777205,1.19577305,-0.834647761708,63595.660000000003,63595.669999999998,63595.665000000001,0.009999999995,0.001572434221,"[{""price"":63595.66,""size"":0.00111153,""num_orders"":2},{""price"":63595.65,""size"":1e-07,""num_orders"":2},{""price"":63595.64,""size"":4e-08,""num_orders"":1},{""price"":63591.75,""size"":0.00393133,""num_orders"":1},{""price"":63591.7,""size"":0.0157714,""num_orders"":3},{""price"":63591.69,""size"":0.00196567,""num_orders"":1},{""price"":63590.0,""size"":0.0378,""num_orders"":2},{""price"":63589.64,""size"":1.8e-05,""num_orders"":1},{""price"":63589.63,""size"":6e-08,""num_orders"":1},{""price"":63589.09,""size"":0.04717392,""num_orders"":1}]","[{""price"":63595.67,""size"":0.61823325,""num_orders"":8},{""price"":63595.68,""size"":1.4e-07,""num_orders"":1},{""price"":63595.96,""size"":0.02,""num_orders"":1},{""price"":63595.97,""size"":0.09419826,""num_orders"":1},{""price"":63595.98,""size"":0.02359572,""num_orders"":1},{""price"":63595.99,""size"":0.3092199,""num_orders"":2},{""price"":63596.0,""size"":0.0278,""num_orders"":1},{""price"":63597.26,""size"":0.05503519,""num_orders"":1},{""price"":63598.21,""size"":0.00027025,""num_orders"":4},{""price"":63598.32,""size"":0.04742034,""num_orders"":1}]"
btc_usd_d10_20260708T000344Z,50,2026-07-08T00:53:44.744777Z,2026-07-08T00:53:44.744878Z,BTC-USD,10,ok,,132239738859,2026-07-08T00:53:43.530230589Z,1.17405331,0.4235848,0.469736234572,63584.449999999997,63584.459999999999,63584.455000000002,0.010000000002,0.001572711444,"[{""price"":63584.45,""size"":0.63592858,""num_orders"":10},{""price"":63584.43,""size"":5e-08,""num_orders"":1},{""price"":63584.06,""size"":0.09419826,""num_orders"":1},{""price"":63584.05,""size"":0.24936564,""num_orders"":1},{""price"":63584.0,""size"":0.0292,""num_orders"":1},{""price"":63583.89,""size"":0.00125786,""num_orders"":1},{""price"":63583.76,""size"":0.04905802,""num_orders"":1},{""price"":63582.86,""size"":0.0550449,""num_orders"":1},{""price"":63582.84,""size"":0.03,""num_orders"":1},{""price"":63582.82,""size"":0.03,""num_orders"":1}]","[{""price"":63584.46,""size"":9e-08,""num_orders"":1},{""price"":63584.47,""size"":1e-07,""num_orders"":1},{""price"":63584.48,""size"":1e-07,""num_orders"":1},{""price"":63589.93,""size"":0.044,""num_orders"":1},{""price"":63590.76,""size"":0.00107461,""num_orders"":1},{""price"":63592.0,""size"":0.0292,""num_orders"":1},{""price"":63593.5,""size"":1.8e-05,""num_orders"":1},{""price"":63593.67,""size"":0.02,""num_orders"":1},{""price"":63593.68,""size"":0.28187156,""num_orders"":1},{""price"":63593.88,""size"":0.04742034,""num_orders"":1}]"
btc_usd_d10_20260708T000344Z,51,2026-07-08T00:54:44.744777Z,2026-07-08T00:54:44.744877Z,BTC-USD,10,ok,,132239773581,2026-07-08T00:54:43.630160365Z,1.83718667,0.11827008,0.879035851854,63605.07,63605.080000000002,63605.074999999997,0.010000000002,0.00157220159,"[{""price"":63605.07,""size"":1.02118629,""num_orders"":10},{""price"":63605.06,""size"":1.1e-07,""num_orders"":1},{""price"":63605.05,""size"":0.07922644,""num_orders"":1},{""price"":63604.0,""size"":0.0305,""num_orders"":1},{""price"":63603.48,""size"":0.05502705,""num_orders"":1},{""price"":63603.18,""size"":0.04742034,""num_orders"":1},{""price"":63603.17,""size"":0.31506003,""num_orders"":2},{""price"":63603.16,""size"":0.09419826,""num_orders"":1},{""price"":63601.14,""size"":0.12578389,""num_orders"":1},{""price"":63600.92,""size"":0.06878426,""num_orders"":1}]","[{""price"":63605.08,""size"":1.8e-05,""num_orders"":1},{""price"":63607.21,""size"":9.826e-05,""num_orders"":1},{""price"":63607.62,""size"":4.913e-05,""num_orders"":1},{""price"":63607.85,""size"":0.00786066,""num_orders"":1},{""price"":63608.0,""size"":0.0322,""num_orders"":1},{""price"":63608.26,""size"":0.00393031,""num_orders"":1},{""price"":63608.94,""size"":1.8e-05,""num_orders"":1},{""price"":63610.0,""size"":0.0305,""num_orders"":1},{""price"":63611.57,""size"":0.02359572,""num_orders"":1},{""price"":63611.78,""size"":0.02,""num_orders"":1}]"
btc_usd_d10_20260708T000344Z,52,2026-07-08T00:55:44.744777Z,2026-07-08T00:55:44.744877Z,BTC-USD,10,ok,,132239832083,2026-07-08T00:55:43.341573410Z,0.59776017,0.39411171,0.205317303682,63624.370000000003,63624.379999999997,63624.375,0.009999999995,0.001571724672,"[{""price"":63624.37,""size"":0.08213735,""num_orders"":3},{""price"":63624.36,""size"":0.03000012,""num_orders"":3},{""price"":63624.35,""size"":0.05539961,""num_orders"":3},{""price"":63624.34,""size"":0.03,""num_orders"":1},{""price"":63624.13,""size"":0.04500262,""num_orders"":1},{""price"":63624.0,""size"":0.0248,""num_orders"":1},{""price"":63622.3,""size"":0.001348,""num_orders"":1},{""price"":63622.0,""size"":0.0248,""num_orders"":1},{""price"":63620.81,""size"":0.21007421,""num_orders"":2},{""price"":63620.8,""size"":0.09419826,""num_orders"":1}]","[{""price"":63624.38,""size"":0.12745142,""num_orders"":2},{""price"":63624.39,""size"":1.9e-07,""num_orders"":2},{""price"":63626.92,""size"":0.0001719,""num_orders"":3},{""price"":63627.04,""size"":0.15716589,""num_orders"":1},{""price"":63627.56,""size"":0.0137519,""num_orders"":3},{""price"":63628.0,""size"":0.0248,""num_orders"":1},{""price"":63628.24,""size"":1.8e-05,""num_orders"":1},{""price"":63629.26,""size"":6.9e-07,""num_orders"":1},{""price"":63630.0,""size"":0.0236,""num_orders"":1},{""price"":63630.08,""size"":0.04715172,""num_orders"":1}]"
btc_usd_d10_20260708T000344Z,53,2026-07-08T00:56:44.744777Z,2026-07-08T00:56:44.744873Z,BTC-USD,10,ok,,132239880463,2026-07-08T00:56:43.542481046Z,0.68749366,0.60123641,0.06693197591,63562.620000000003,63562.629999999997,63562.625,0.009999999995,0.001573251576,"[{""price"":63562.62,""size"":0.01007638,""num_orders"":4},{""price"":63560.03,""size"":0.08916168,""num_orders"":1},{""price"":63560.02,""size"":0.09419826,""num_orders"":1},{""price"":63560.0,""size"":0.0335,""num_orders"":2},{""price"":63559.44,""size"":0.02163329,""num_orders"":4},{""price"":63558.76,""size"":1.8e-05,""num_orders"":1},{""price"":63558.5,""size"":0.29760066,""num_orders"":2},{""price"":63558.01,""size"":0.02360713,""num_orders"":1},{""price"":63558.0,""size"":0.0235,""num_orders"":1},{""price"":63557.98,""size"":0.09419826,""num_orders"":1}]","[{""price"":63562.63,""size"":0.07720152,""num_orders"":3},{""price"":63562.64,""size"":2.4e-07,""num_orders"":2},{""price"":63563.22,""size"":0.04718638,""num_orders"":1},{""price"":63563.54,""size"":0.00112285,""num_orders"":1},{""price"":63563.61,""size"":0.12585818,""num_orders"":1},{""price"":63564.21,""size"":0.03287309,""num_orders"":1},{""price"":63564.22,""size"":0.0550638,""num_orders"":1},{""price"":63566.0,""size"":0.0235,""num_orders"":1},{""price"":63566.74,""size"":0.02,""num_orders"":1},{""price"":63566.75,""size"":0.21843035,""num_orders"":2}]"
btc_usd_d10_20260708T000344Z,54,2026-07-08T00:57:44.744777Z,2026-07-08T00:57:44.744880Z,BTC-USD,10,ok,,132239928952,2026-07-08T00:57:42.172418080Z,0.21274943,1.17256927,-0.692851283968,63605.629999999997,63605.639999999999,63605.634999999995,0.010000000002,0.001572187748,"[{""price"":63605.63,""size"":9.55e-05,""num_orders"":2},{""price"":63605.62,""size"":7e-08,""num_orders"":1},{""price"":63605.61,""size"":7e-08,""num_orders"":1},{""price"":63604.05,""size"":0.05507267,""num_orders"":2},{""price"":63604.0,""size"":0.0202,""num_orders"":1},{""price"":63603.12,""size"":0.00078609,""num_orders"":1},{""price"":63603.06,""size"":0.00019172,""num_orders"":1},{""price"":63602.01,""size"":0.04742034,""num_orders"":1},{""price"":63602.0,""size"":0.0202,""num_orders"":1},{""price"":63601.9,""size"":0.06878297,""num_orders"":1}]","[{""price"":63605.64,""size"":0.5490787,""num_orders"":9},{""price"":63606.03,""size"":0.18198864,""num_orders"":2},{""price"":63606.08,""size"":0.12577413,""num_orders"":1},{""price"":63608.18,""size"":0.00019652,""num_orders"":2},{""price"":63608.82,""size"":0.0157211,""num_orders"":2},{""price"":63609.11,""size"":0.02360713,""num_orders"":1},{""price"":63609.12,""size"":0.12576813,""num_orders"":1},{""price"":63611.48,""size"":0.05623647,""num_orders"":1},{""price"":63611.49,""size"":0.09419826,""num_orders"":1},{""price"":63612.07,""size"":1.9e-07,""num_orders"":2}]"
btc_usd_d10_20260708T000344Z,55,2026-07-08T00:58:44.744777Z,2026-07-08T00:58:44.744874Z,BTC-USD,10,ok,,132239967726,2026-07-08T00:58:42.547592935Z,1.31547869,0.35477792,0.575181540518,63574.190000000002,63574.199999999997,63574.195,0.009999999995,0.001572965257,"[{""price"":63574.19,""size"":0.61200324,""num_orders"":6},{""price"":63574.01,""size"":0.14772595,""num_orders"":1},{""price"":63574.0,""size"":0.0222,""num_orders"":1},{""price"":63572.6,""size"":0.05505378,""num_orders"":1},{""price"":63572.0,""size"":0.0222,""num_orders"":1},{""price"":63571.45,""size"":0.09419826,""num_orders"":1},{""price"":63571.43,""size"":0.12584268,""num_orders"":1},{""price"":63571.33,""size"":0.16739155,""num_orders"":2},{""price"":63571.32,""size"":4.6e-05,""num_orders"":1},{""price"":63570.45,""size"":0.06881723,""num_orders"":1}]","[{""price"":63574.2,""size"":1.8e-05,""num_orders"":1},{""price"":63577.78,""size"":0.12583012,""num_orders"":1},{""price"":63578.06,""size"":1.8e-05,""num_orders"":1},{""price"":63578.86,""size"":0.04719392,""num_orders"":1},{""price"":63579.59,""size"":2.458e-05,""num_orders"":1},{""price"":63579.85,""size"":4.915e-05,""num_orders"":1},{""price"":63579.91,""size"":9.83e-05,""num_orders"":1},{""price"":63580.0,""size"":0.0222983,""num_orders"":2},{""price"":63580.23,""size"":0.00196602,""num_orders"":1},{""price"":63580.26,""size"":0.15728153,""num_orders"":1}]"
btc_usd_d10_20260708T000344Z,56,2026-07-08T00:59:44.744777Z,2026-07-08T00:59:44.744871Z,BTC-USD,10,ok,,132240001274,2026-07-08T00:59:44.046989781Z,0.47649202,0.47603753,0.000477140053,63572.019999999997,63572.029999999999,63572.024999999994,0.010000000002,0.00157301895,"[{""price"":63572.02,""size"":0.08892178,""num_orders"":4},{""price"":63572.0,""size"":1.1e-07,""num_orders"":2},{""price"":63570.01,""size"":0.07447513,""num_orders"":2},{""price"":63570.0,""size"":0.0233,""num_orders"":1},{""price"":63568.98,""size"":0.09419826,""num_orders"":1},{""price"":63568.84,""size"":0.00589911,""num_orders"":2},{""price"":63568.32,""size"":0.00583,""num_orders"":1},{""price"":63568.07,""size"":0.1604531,""num_orders"":2},{""price"":63568.0,""size"":0.0233,""num_orders"":1},{""price"":63567.45,""size"":0.00011453,""num_orders"":1}]","[{""price"":63572.03,""size"":0.13187633,""num_orders"":6},{""price"":63572.04,""size"":9e-08,""num_orders"":1},{""price"":63572.05,""size"":9e-08,""num_orders"":1},{""price"":63572.58,""size"":0.12584042,""num_orders"":1},{""price"":63573.62,""size"":0.05505566,""num_orders"":1},{""price"":63574.58,""size"":2.458e-05,""num_orders"":1},{""price"":63574.61,""size"":4.915e-05,""num_orders"":1},{""price"":63575.21,""size"":0.00196618,""num_orders"":1},{""price"":63575.24,""size"":0.00393235,""num_orders"":1},{""price"":63575.75,""size"":0.15729268,""num_orders"":1}]"
btc_usd_d10_20260708T000344Z,57,2026-07-08T01:00:44.744777Z,2026-07-08T01:00:44.744887Z,BTC-USD,10,ok,,132240051683,2026-07-08T01:00:44.046083355Z,0.27875142,0.7625256,-0.464597000326,63542.510000000002,63542.519999999997,63542.514999999999,0.009999999995,0.00157374948,"[{""price"":63542.51,""size"":0.03165067,""num_orders"":2},{""price"":63542.0,""size"":0.02,""num_orders"":1},{""price"":63540.05,""size"":0.0193978,""num_orders"":1},{""price"":63540.04,""size"":4e-08,""num_orders"":1},{""price"":63540.03,""size"":4e-08,""num_orders"":1},{""price"":63540.02,""size"":5e-08,""num_orders"":1},{""price"":63540.0,""size"":0.02,""num_orders"":1},{""price"":63539.89,""size"":0.04742034,""num_orders"":1},{""price"":63539.87,""size"":0.09419826,""num_orders"":1},{""price"":63539.85,""size"":0.04608422,""num_orders"":1}]","[{""price"":63542.52,""size"":0.01,""num_orders"":1},{""price"":63542.59,""size"":0.1258998,""num_orders"":1},{""price"":63542.83,""size"":0.0550813,""num_orders"":1},{""price"":63543.88,""size"":0.04720859,""num_orders"":1},{""price"":63543.99,""size"":0.133042,""num_orders"":2},{""price"":63544.42,""size"":0.0550813,""num_orders"":1},{""price"":63545.08,""size"":0.15736861,""num_orders"":1},{""price"":63546.56,""size"":0.08999238,""num_orders"":1},{""price"":63546.57,""size"":0.06885162,""num_orders"":1},{""price"":63548.0,""size"":0.02,""num_orders"":1}]"
btc_usd_d10_20260708T000344Z,58,2026-07-08T01:01:44.744777Z,2026-07-08T01:01:44.744876Z,BTC-USD,10,ok,,132240093703,2026-07-08T01:01:42.545790690Z,0.48776549,0.68882861,-0.170885711564,63556.230000000003,63556.239999999998,63556.235000000001,0.009999999995,0.001573409752,"[{""price"":63556.23,""size"":0.00281718,""num_orders"":2},{""price"":63556.22,""size"":8e-08,""num_orders"":2},{""price"":63556.21,""size"":4e-08,""num_orders"":1},{""price"":63554.0,""size"":0.0221,""num_orders"":1},{""price"":63553.05,""size"":0.02163546,""num_orders"":4},{""price"":63552.99,""size"":0.09419826,""num_orders"":1},{""price"":63552.0,""size"":0.0221,""num_orders"":1},{""price"":63551.08,""size"":0.18329587,""num_orders"":1},{""price"":63551.07,""size"":0.09419826,""num_orders"":1},{""price"":63551.06,""size"":0.04742034,""num_orders"":1}]","[{""price"":63556.24,""size"":0.27653792,""num_orders"":5},{""price"":63556.25,""size"":1.2e-07,""num_orders"":1},{""price"":63557.65,""size"":0.02,""num_orders"":1},{""price"":63557.66,""size"":0.14078578,""num_orders"":1},{""price"":63557.71,""size"":0.12586985,""num_orders"":1},{""price"":63557.77,""size"":0.00039336,""num_orders"":1},{""price"":63557.83,""size"":0.05506934,""num_orders"":1},{""price"":63558.0,""size"":0.0221,""num_orders"":1},{""price"":63558.44,""size"":0.04720121,""num_orders"":1},{""price"":63559.62,""size"":0.00087103,""num_orders"":1}]"
btc_usd_d10_20260708T000344Z,59,2026-07-08T01:02:44.744777Z,2026-07-08T01:02:44.744882Z,BTC-USD,10,ok,,132240132651,2026-07-08T01:02:44.188649886Z,1.04839207,0.31791778,0.534632967771,63508.610000000001,63508.620000000003,63508.615000000005,0.010000000002,0.001574589526,"[{""price"":63508.61,""size"":0.38976821,""num_orders"":13},{""price"":63508.6,""size"":5e-08,""num_orders"":1},{""price"":63508.59,""size"":3.847e-05,""num_orders"":2},{""price"":63508.35,""size"":0.04742034,""num_orders"":1},{""price"":63508.18,""size"":1.575e-05,""num_orders"":1},{""price"":63507.68,""size"":0.09419826,""num_orders"":1},{""price"":63507.67,""size"":0.28863769,""num_orders"":1},{""price"":63507.33,""size"":0.1259697,""num_orders"":1},{""price"":63507.0,""size"":0.05511065,""num_orders"":1},{""price"":63506.16,""size"":0.04723295,""num_orders"":1}]","[{""price"":63508.62,""size"":0.05135515,""num_orders"":2},{""price"":63508.64,""size"":2e-07,""num_orders"":2},{""price"":63509.14,""size"":0.02999959,""num_orders"":4},{""price"":63509.16,""size"":0.0299993,""num_orders"":2},{""price"":63509.31,""size"":0.02248306,""num_orders"":1},{""price"":63509.56,""size"":0.08499999,""num_orders"":1},{""price"":63510.21,""size"":0.05511063,""num_orders"":1},{""price"":63511.8,""size"":0.0016895,""num_orders"":1},{""price"":63512.0,""size"":0.02212004,""num_orders"":2},{""price"":63512.34,""size"":0.02016032,""num_orders"":2}]"
btc_usd_d10_20260708T041903Z,0,2026-07-08T04:19:03.843459Z,2026-07-08T04:19:03.843508Z,BTC-USD,10,ok,,132250171152,2026-07-08T04:19:02.190207558Z,0.37136284,0.86712946,-0.400298508113,62775.949999999997,62775.959999999999,62775.955000000002,0.010000000002,0.001592966607,"[{""price"":62775.95,""size"":5.3e-07,""num_orders"":3},{""price"":62773.11,""size"":0.00079648,""num_orders"":1},{""price"":62772.78,""size"":2.4e-07,""num_orders"":1},{""price"":62771.32,""size"":1.8e-05,""num_orders"":1},{""price"":62771.31,""size"":0.02319835,""num_orders"":2},{""price"":62770.99,""size"":0.12984815,""num_orders"":1},{""price"":62770.98,""size"":0.12744741,""num_orders"":1},{""price"":62770.61,""size"":7.824e-05,""num_orders"":1},{""price"":62770.0,""size"":0.0422,""num_orders"":2},{""price"":62769.16,""size"":0.04777544,""num_orders"":1}]","[{""price"":62775.96,""size"":0.14215508,""num_orders"":3},{""price"":62776.0,""size"":0.0322,""num_orders"":1},{""price"":62776.97,""size"":0.12743527,""num_orders"":1},{""price"":62777.84,""size"":0.10491551,""num_orders"":1},{""price"":62777.85,""size"":0.09562032,""num_orders"":1},{""price"":62777.99,""size"":0.04791756,""num_orders"":1},{""price"":62778.0,""size"":0.0322,""num_orders"":1},{""price"":62778.57,""size"":0.04777544,""num_orders"":1},{""price"":62779.99,""size"":0.20471028,""num_orders"":1},{""price"":62780.0,""size"":0.0322,""num_orders"":1}]"
btc_usd_d10_20260708T041903Z,1,2026-07-08T04:20:03.843459Z,2026-07-08T04:20:03.843620Z,BTC-USD,10,ok,,132250206408,2026-07-08T04:20:01.545704041Z,1.32443366,0.40426014,0.532294105526,62767.449999999997,62767.459999999999,62767.455000000002,0.010000000002,0.001593182327,"[{""price"":62767.45,""size"":0.45726764,""num_orders"":6},{""price"":62767.02,""size"":0.16417692,""num_orders"":1},{""price"":62767.01,""size"":0.12745548,""num_orders"":1},{""price"":62767.0,""size"":0.00031035,""num_orders"":1},{""price"":62766.0,""size"":0.029,""num_orders"":1},{""price"":62765.88,""size"":0.05576138,""num_orders"":1},{""price"":62765.54,""size"":0.09562032,""num_orders"":1},{""price"":62764.53,""size"":0.0876499,""num_orders"":1},{""price"":62764.52,""size"":0.17973106,""num_orders"":1},{""price"":62764.48,""size"":0.12746061,""num_orders"":1}]","[{""price"":62767.46,""size"":2.23e-06,""num_orders"":1},{""price"":62769.97,""size"":0.00019914,""num_orders"":2},{""price"":62770.6,""size"":0.01593102,""num_orders"":2},{""price"":62771.32,""size"":1.8e-05,""num_orders"":1},{""price"":62772.0,""size"":0.0276,""num_orders"":1},{""price"":62775.0,""size"":0.01,""num_orders"":1},{""price"":62775.18,""size"":1.8e-05,""num_orders"":1},{""price"":62775.88,""size"":0.12743748,""num_orders"":1},{""price"":62776.73,""size"":0.09562032,""num_orders"":1},{""price"":62777.62,""size"":0.12743395,""num_orders"":1}]"
btc_usd_d10_20260708T041903Z,2,2026-07-08T04:21:03.843459Z,2026-07-08T04:21:03.843629Z,BTC-USD,10,ok,,132250237563,2026-07-08T04:21:01.840262141Z,0.25260672,0.65290002,-0.442065511296,62778,62778.010000000002,62778.005000000005,0.010000000002,0.001592914589,"[{""price"":62778.0,""size"":0.1106059,""num_orders"":2},{""price"":62777.99,""size"":2.6e-07,""num_orders"":1},{""price"":62777.98,""size"":0.03,""num_orders"":1},{""price"":62776.43,""size"":0.05575201,""num_orders"":1},{""price"":62774.32,""size"":0.02148368,""num_orders"":1},{""price"":62774.31,""size"":0.00978499,""num_orders"":1},{""price"":62774.26,""size"":7.947e-05,""num_orders"":1},{""price"":62774.0,""size"":0.0249,""num_orders"":1},{""price"":62773.74,""size"":2.3e-07,""num_orders"":1},{""price"":62773.3,""size"":1.8e-07,""num_orders"":1}]","[{""price"":62778.01,""size"":0.05628949,""num_orders"":3},{""price"":62778.47,""size"":0.12743222,""num_orders"":1},{""price"":62779.04,""size"":1.8e-05,""num_orders"":1},{""price"":62780.0,""size"":0.0249,""num_orders"":1},{""price"":62780.44,""size"":0.04778061,""num_orders"":1},{""price"":62780.52,""size"":0.0001991,""num_orders"":2},{""price"":62780.93,""size"":0.09562032,""num_orders"":1},{""price"":62780.94,""size"":0.0876499,""num_orders"":1},{""price"":62780.95,""size"":0.08558323,""num_orders"":1},{""price"":62780.97,""size"":0.12742715,""num_orders"":1}]"
btc_usd_d10_20260708T041903Z,3,2026-07-08T04:22:03.843459Z,2026-07-08T04:22:03.843616Z,BTC-USD,10,ok,,132250274445,2026-07-08T04:22:02.189451582Z,0.80243658,0.46955801,0.261698102034,62823.849999999999,62823.860000000001,62823.854999999996,0.010000000002,0.001591752051,"[{""price"":62823.85,""size"":0.1539684,""num_orders"":3},{""price"":62823.84,""size"":0.02999924,""num_orders"":1},{""price"":62823.82,""size"":0.03,""num_orders"":1},{""price"":62822.27,""size"":0.05571133,""num_orders"":1},{""price"":62820.16,""size"":0.09869027,""num_orders"":1},{""price"":62820.15,""size"":0.06963916,""num_orders"":1},{""price"":62820.08,""size"":0.04791756,""num_orders"":1},{""price"":62819.55,""size"":0.04775362,""num_orders"":1},{""price"":62818.7,""size"":0.09562032,""num_orders"":1},{""price"":62818.69,""size"":0.17313668,""num_orders"":1}]","[{""price"":62823.86,""size"":0.04398934,""num_orders"":3},{""price"":62824.0,""size"":0.0236,""num_orders"":1},{""price"":62824.14,""size"":0.12733959,""num_orders"":1},{""price"":62825.36,""size"":1.8e-05,""num_orders"":1},{""price"":62825.75,""size"":0.09562032,""num_orders"":1},{""price"":62826.0,""size"":0.0236,""num_orders"":1},{""price"":62826.37,""size"":9.948e-05,""num_orders"":1},{""price"":62827.0,""size"":0.00795836,""num_orders"":1},{""price"":62827.43,""size"":0.12733292,""num_orders"":1},{""price"":62827.98,""size"":0.02,""num_orders"":1}]"
btc_usd_d10_20260708T041903Z,4,2026-07-08T04:23:03.843459Z,2026-07-08T04:23:03.843625Z,BTC-USD,10,ok,,132250324807,2026-07-08T04:23:01.630817069Z,0.24124435,1.14520295,-0.651996365098,62805.209999999999,62805.220000000001,62805.214999999997,0.010000000002,0.001592224468,"[{""price"":62805.21,""size"":0.06876782,""num_orders"":4},{""price"":62805.2,""size"":0.0300002,""num_orders"":2},{""price"":62805.19,""size"":2.2e-07,""num_orders"":1},{""price"":62805.18,""size"":0.03,""num_orders"":1},{""price"":62803.64,""size"":0.04186754,""num_orders"":1},{""price"":62801.55,""size"":0.00079611,""num_orders"":1},{""price"":62800.93,""size"":0.04791756,""num_orders"":1},{""price"":62800.08,""size"":0.00398089,""num_orders"":1},{""price"":62800.03,""size"":0.00796178,""num_orders"":1},{""price"":62799.99,""size"":0.00995223,""num_orders"":2}]","[{""price"":62805.22,""size"":0.45468876,""num_orders"":5},{""price"":62805.23,""size"":1.2e-07,""num_orders"":1},{""price"":62805.24,""size"":1.4e-07,""num_orders"":1},{""price"":62805.56,""size"":0.09562032,""num_orders"":1},{""price"":62805.96,""size"":0.12737645,""num_orders"":1},{""price"":62806.0,""size"":0.0259,""num_orders"":1},{""price"":62806.06,""size"":1.8e-05,""num_orders"":1},{""price"":62806.19,""size"":0.34570518,""num_orders"":2},{""price"":62807.73,""size"":0.00027366,""num_orders"":4},{""price"":62807.76,""size"":0.09562032,""num_orders"":1}]"
btc_usd_d10_20260708T041903Z,5,2026-07-08T04:24:03.843459Z,2026-07-08T04:24:03.843622Z,BTC-USD,10,ok,,132250373966,2026-07-08T04:24:01.541357280Z,1.31213431,0.26366655,0.665355494222,62829.669999999998,62829.68,62829.675000000003,0.010000000002,0.001591604604,"[{""price"":62829.67,""size"":0.55253503,""num_orders"":9},{""price"":62829.66,""size"":1.8e-07,""num_orders"":1},{""price"":62829.65,""size"":1.8e-07,""num_orders"":1},{""price"":62829.25,""size"":0.41857498,""num_orders"":2},{""price"":62829.23,""size"":0.12732927,""num_orders"":1},{""price"":62829.22,""size"":6.891e-05,""num_orders"":1},{""price"":62828.66,""size"":0.04774635,""num_orders"":1},{""price"":62828.1,""size"":0.03975909,""num_orders"":1},{""price"":62828.0,""size"":0.0305,""num_orders"":1},{""price"":62827.57,""size"":0.09562032,""num_orders"":1}]","[{""price"":62829.68,""size"":0.05658945,""num_orders"":2},{""price"":62829.69,""size"":1.7e-07,""num_orders"":1},{""price"":62831.24,""size"":0.05570636,""num_orders"":1},{""price"":62831.74,""size"":2.487e-05,""num_orders"":1},{""price"":62832.0,""size"":0.0305,""num_orders"":1},{""price"":62832.19,""size"":0.00024868,""num_orders"":3},{""price"":62832.37,""size"":0.00198942,""num_orders"":1},{""price"":62832.82,""size"":0.01989405,""num_orders"":3},{""price"":62833.09,""size"":0.00309323,""num_orders"":1},{""price"":62833.69,""size"":0.09562032,""num_orders"":1}]"
btc_usd_d10_20260708T041903Z,6,2026-07-08T04:25:03.843459Z,2026-07-08T04:25:03.843609Z,BTC-USD,10,ok,,132250413021,2026-07-08T04:25:01.624199774Z,0.67254415,0.61081112,0.048102837494,62837.110000000001,62837.120000000003,62837.115000000005,0.010000000002,0.001591416156,"[{""price"":62837.11,""size"":0.00079581,""num_orders"":2},{""price"":62837.1,""size"":1.5e-07,""num_orders"":1},{""price"":62837.09,""size"":1.5e-07,""num_orders"":1},{""price"":62836.56,""size"":0.04793858,""num_orders"":2},{""price"":62835.21,""size"":0.18033703,""num_orders"":2},{""price"":62834.73,""size"":0.00015723,""num_orders"":1},{""price"":62833.99,""size"":0.04773374,""num_orders"":1},{""price"":62833.97,""size"":0.02188307,""num_orders"":4},{""price"":62833.16,""size"":0.24637709,""num_orders"":1},{""price"":62833.15,""size"":0.1273213,""num_orders"":1}]","[{""price"":62837.12,""size"":0.11397476,""num_orders"":3},{""price"":62837.14,""size"":0.03,""num_orders"":1},{""price"":62837.97,""size"":0.01497944,""num_orders"":1},{""price"":62837.98,""size"":0.00038666,""num_orders"":1},{""price"":62838.0,""size"":0.0276,""num_orders"":1},{""price"":62838.68,""size"":0.22076117,""num_orders"":1},{""price"":62838.69,""size"":0.05569956,""num_orders"":1},{""price"":62838.71,""size"":0.12731007,""num_orders"":1},{""price"":62839.97,""size"":9.946e-05,""num_orders"":1},{""price"":62839.98,""size"":0.02,""num_orders"":1}]"
btc_usd_d10_20260708T041903Z,7,2026-07-08T04:26:03.843459Z,2026-07-08T04:26:03.843620Z,BTC-USD,10,ok,,132250448783,2026-07-08T04:26:02.528106291Z,0.53520857,0.59447929,-0.052466457416,62826.959999999999,62827.510000000002,62827.235000000001,0.550000000003,0.087541652916,"[{""price"":62826.96,""size"":0.02970836,""num_orders"":3},{""price"":62826.59,""size"":0.04791756,""num_orders"":1},{""price"":62825.98,""size"":0.12739504,""num_orders"":2},{""price"":62825.59,""size"":0.04869094,""num_orders"":1},{""price"":62825.58,""size"":0.06043478,""num_orders"":1},{""price"":62824.37,""size"":0.01392772,""num_orders"":3},{""price"":62824.03,""size"":0.02,""num_orders"":1},{""price"":62823.88,""size"":0.00795876,""num_orders"":1},{""price"":62823.78,""size"":0.02,""num_orders"":1},{""price"":62823.77,""size"":0.15917541,""num_orders"":1}]","[{""price"":62827.51,""size"":0.00029162,""num_orders"":1},{""price"":62827.53,""size"":3.8e-07,""num_orders"":2},{""price"":62828.0,""size"":0.0289,""num_orders"":1},{""price"":62828.72,""size"":0.09562032,""num_orders"":1},{""price"":62828.73,""size"":0.16809717,""num_orders"":1},{""price"":62828.74,""size"":0.05570838,""num_orders"":1},{""price"":62830.0,""size"":0.0289,""num_orders"":1},{""price"":62830.86,""size"":0.06963548,""num_orders"":1},{""price"":62830.88,""size"":0.12732594,""num_orders"":1},{""price"":62831.53,""size"":0.02,""num_orders"":1}]"
btc_usd_d10_20260708T041903Z,8,2026-07-08T04:27:03.843459Z,2026-07-08T04:27:03.843617Z,BTC-USD,10,ok,,132250483922,2026-07-08T04:27:02.544242782Z,0.13782868,1.20815468,-0.79520002387,62817.639999999999,62817.650000000001,62817.645000000004,0.010000000002,0.001591909407,"[{""price"":62817.64,""size"":0.00025051,""num_orders"":3},{""price"":62817.63,""size"":1.1e-07,""num_orders"":1},{""price"":62817.62,""size"":1.1e-07,""num_orders"":1},{""price"":62816.24,""size"":0.05953077,""num_orders"":1},{""price"":62815.0,""size"":0.01,""num_orders"":1},{""price"":62814.5,""size"":0.02188986,""num_orders"":4},{""price"":62813.78,""size"":1.8e-05,""num_orders"":1},{""price"":62813.77,""size"":3.932e-05,""num_orders"":1},{""price"":62812.0,""size"":0.0261,""num_orders"":1},{""price"":62810.92,""size"":0.02,""num_orders"":1}]","[{""price"":62817.65,""size"":0.6097564,""num_orders"":8},{""price"":62817.66,""size"":0.03000032,""num_orders"":2},{""price"":62817.67,""size"":3.4e-07,""num_orders"":1},{""price"":62817.68,""size"":0.03,""num_orders"":1},{""price"":62818.57,""size"":0.23173808,""num_orders"":2},{""price"":62819.22,""size"":0.05571682,""num_orders"":1},{""price"":62819.99,""size"":0.09562032,""num_orders"":1},{""price"":62820.0,""size"":0.0261,""num_orders"":1},{""price"":62820.01,""size"":0.12734795,""num_orders"":1},{""price"":62820.3,""size"":0.00187445,""num_orders"":1}]"
btc_usd_d10_20260708T041903Z,9,2026-07-08T04:28:03.843459Z,2026-07-08T04:28:03.843619Z,BTC-USD,10,ok,,132250518561,2026-07-08T04:28:03.113887175Z,0.65817891,0.480711,0.15582534224,62825.349999999999,62825.360000000001,62825.354999999996,0.010000000002,0.001591714046,"[{""price"":62825.35,""size"":0.1856979,""num_orders"":5},{""price"":62825.34,""size"":2.4e-07,""num_orders"":1},{""price"":62825.33,""size"":2.5e-07,""num_orders"":1},{""price"":62824.47,""size"":0.00079585,""num_orders"":1},{""price"":62823.78,""size"":0.05570999,""num_orders"":1},{""price"":62822.88,""size"":0.027691,""num_orders"":1},{""price"":62821.68,""size"":0.02,""num_orders"":1},{""price"":62821.66,""size"":0.06963748,""num_orders"":1},{""price"":62821.24,""size"":0.25090005,""num_orders"":1},{""price"":62821.23,""size"":0.04774615,""num_orders"":1}]","[{""price"":62825.36,""size"":0.03281187,""num_orders"":3},{""price"":62825.37,""size"":1.4e-07,""num_orders"":1},{""price"":62826.0,""size"":0.0273,""num_orders"":1},{""price"":62826.94,""size"":0.12733391,""num_orders"":1},{""price"":62826.97,""size"":0.10215363,""num_orders"":1},{""price"":62826.98,""size"":0.09562032,""num_orders"":1},{""price"":62827.87,""size"":0.00027357,""num_orders"":4},{""price"":62827.99,""size"":0.04791756,""num_orders"":1},{""price"":62828.0,""size"":0.0273,""num_orders"":1},{""price"":62828.49,""size"":0.02,""num_orders"":1}]"
btc_usd_d10_20260708T041903Z,10,2026-07-08T04:29:03.843459Z,2026-07-08T04:29:03.843574Z,BTC-USD,10,ok,,132250548817,2026-07-08T04:29:02.684177609Z,0.25738339,1.00875032,-0.593434108946,62821.970000000001,62821.980000000003,62821.975000000006,0.010000000002,0.001591799685,"[{""price"":62821.97,""size"":0.00241281,""num_orders"":3},{""price"":62821.96,""size"":1.3e-07,""num_orders"":1},{""price"":62821.95,""size"":1.3e-07,""num_orders"":1},{""price"":62820.4,""size"":0.05571298,""num_orders"":1},{""price"":62818.55,""size"":0.02,""num_orders"":1},{""price"":62818.54,""size"":0.04774546,""num_orders"":1},{""price"":62818.3,""size"":0.02,""num_orders"":1},{""price"":62818.29,""size"":0.06791756,""num_orders"":2},{""price"":62818.28,""size"":0.02359432,""num_orders"":1},{""price"":62818.02,""size"":0.02,""num_orders"":1}]","[{""price"":62821.98,""size"":0.0794369,""num_orders"":3},{""price"":62821.99,""size"":2.6e-07,""num_orders"":1},{""price"":62822.0,""size"":0.03010027,""num_orders"":2},{""price"":62822.05,""size"":0.00079589,""num_orders"":1},{""price"":62822.42,""size"":0.09562032,""num_orders"":1},{""price"":62822.43,""size"":0.34125595,""num_orders"":1},{""price"":62822.44,""size"":0.12734304,""num_orders"":1},{""price"":62823.46,""size"":0.24838471,""num_orders"":1},{""price"":62823.55,""size"":0.05571298,""num_orders"":1},{""price"":62824.0,""size"":0.0301,""num_orders"":1}]"
btc_usd_d10_20260708T041903Z,11,2026-07-08T04:30:03.843459Z,2026-07-08T04:30:03.843623Z,BTC-USD,10,ok,,132250576046,2026-07-08T04:30:02.631377755Z,1.78546153,0.31254588,0.702054550894,62836.93,62836.940000000002,62836.934999999998,0.010000000002,0.001591420715,"[{""price"":62836.93,""size"":0.85514175,""num_orders"":9},{""price"":62836.92,""size"":1.1e-07,""num_orders"":1},{""price"":62836.91,""size"":1.6e-07,""num_orders"":1},{""price"":62836.01,""size"":0.1463788,""num_orders"":1},{""price"":62836.0,""size"":0.0301,""num_orders"":1},{""price"":62835.37,""size"":0.04791756,""num_orders"":1},{""price"":62835.36,""size"":0.10344434,""num_orders"":2},{""price"":62835.15,""size"":0.12731725,""num_orders"":1},{""price"":62834.49,""size"":0.37954124,""num_orders"":1},{""price"":62834.02,""size"":0.09562032,""num_orders"":1}]","[{""price"":62836.94,""size"":1.813e-05,""num_orders"":2},{""price"":62836.96,""size"":3.1e-07,""num_orders"":2},{""price"":62840.32,""size"":0.09562032,""num_orders"":1},{""price"":62840.8,""size"":1.8e-05,""num_orders"":1},{""price"":62841.09,""size"":0.12730524,""num_orders"":1},{""price"":62841.22,""size"":0.00499941,""num_orders"":1},{""price"":62841.23,""size"":0.00499991,""num_orders"":1},{""price"":62842.0,""size"":0.0301,""num_orders"":1},{""price"":62843.18,""size"":0.001567,""num_orders"":1},{""price"":62843.31,""size"":0.04791756,""num_orders"":1}]"
btc_usd_d10_20260708T041903Z,12,2026-07-08T04:31:03.843459Z,2026-07-08T04:31:03.843558Z,BTC-USD,10,ok,,132250609828,2026-07-08T04:31:01.604517305Z,0.76175543,0.4828538,0.224087708236,62830,62830.010000000002,62830.005000000005,0.010000000002,0.001591596245,"[{""price"":62830.0,""size"":0.01,""num_orders"":1},{""price"":62829.22,""size"":1.8e-05,""num_orders"":1},{""price"":62828.13,""size"":0.10586354,""num_orders"":2},{""price"":62828.0,""size"":0.0272,""num_orders"":1},{""price"":62826.0,""size"":0.0301,""num_orders"":1},{""price"":62825.97,""size"":0.12733586,""num_orders"":1},{""price"":62825.36,""size"":1.8e-05,""num_orders"":1},{""price"":62825.0,""size"":0.01,""num_orders"":1},{""price"":62824.76,""size"":0.04791756,""num_orders"":1},{""price"":62824.74,""size"":0.40330247,""num_orders"":2}]","[{""price"":62830.01,""size"":0.0227,""num_orders"":1},{""price"":62830.97,""size"":0.00107377,""num_orders"":1},{""price"":62830.98,""size"":0.0227,""num_orders"":1},{""price"":62831.97,""size"":0.0434481,""num_orders"":3},{""price"":62831.98,""size"":0.03934878,""num_orders"":1},{""price"":62832.08,""size"":0.12732349,""num_orders"":1},{""price"":62832.55,""size"":0.04773572,""num_orders"":1},{""price"":62833.08,""size"":0.05570362,""num_orders"":1},{""price"":62834.0,""size"":0.0272,""num_orders"":1},{""price"":62834.64,""size"":0.09562032,""num_orders"":1}]"
btc_usd_d10_20260708T041903Z,13,2026-07-08T04:32:03.843459Z,2026-07-08T04:32:03.843622Z,BTC-USD,10,ok,,132250642195,2026-07-08T04:32:03.315635078Z,1.50505357,0.43587248,0.550861322099,62840.790000000001,62840.800000000003,62840.794999999998,0.010000000002,0.001591322962,"[{""price"":62840.79,""size"":0.95642515,""num_orders"":10},{""price"":62840.78,""size"":0.03000019,""num_orders"":2},{""price"":62840.77,""size"":2e-07,""num_orders"":1},{""price"":62840.76,""size"":0.03,""num_orders"":1},{""price"":62840.31,""size"":0.1814706,""num_orders"":1},{""price"":62840.26,""size"":0.1273069,""num_orders"":1},{""price"":62840.05,""size"":0.04791756,""num_orders"":1},{""price"":62840.0,""size"":0.0285,""num_orders"":1},{""price"":62839.45,""size"":0.04773667,""num_orders"":1},{""price"":62839.22,""size"":0.0556963,""num_orders"":1}]","[{""price"":62840.8,""size"":0.00072012,""num_orders"":2},{""price"":62843.31,""size"":0.00017418,""num_orders"":4},{""price"":62843.32,""size"":0.00636666,""num_orders"":2},{""price"":62843.94,""size"":0.01392338,""num_orders"":3},{""price"":62844.66,""size"":1.8e-05,""num_orders"":1},{""price"":62845.42,""size"":0.13556746,""num_orders"":2},{""price"":62845.48,""size"":0.12729636,""num_orders"":1},{""price"":62845.99,""size"":0.09562032,""num_orders"":1},{""price"":62846.0,""size"":0.0285,""num_orders"":1},{""price"":62846.84,""size"":0.027686,""num_orders"":1}]"
btc_usd_d10_20260708T041903Z,14,2026-07-08T04:33:03.843459Z,2026-07-08T04:33:03.843631Z,BTC-USD,10,ok,,132250676190,2026-07-08T04:33:01.683344952Z,0.74117273,0.36571809,0.339197537116,62827.279999999999,62827.290000000001,62827.285000000003,0.010000000002,0.00159166515,"[{""price"":62827.28,""size"":0.2309953,""num_orders"":5},{""price"":62826.42,""size"":0.02563837,""num_orders"":1},{""price"":62826.08,""size"":0.01392734,""num_orders"":3},{""price"":62826.0,""size"":0.029,""num_orders"":1},{""price"":62825.36,""size"":1.8e-05,""num_orders"":1},{""price"":62825.03,""size"":0.02,""num_orders"":1},{""price"":62825.02,""size"":0.28282217,""num_orders"":1},{""price"":62825.01,""size"":0.09562032,""num_orders"":1},{""price"":62825.0,""size"":0.01415123,""num_orders"":2},{""price"":62824.0,""size"":0.029,""num_orders"":1}]","[{""price"":62827.29,""size"":0.0557088,""num_orders"":1},{""price"":62827.3,""size"":0.03,""num_orders"":1},{""price"":62827.32,""size"":0.03,""num_orders"":1},{""price"":62828.86,""size"":0.0557088,""num_orders"":1},{""price"":62829.23,""size"":2.4e-07,""num_orders"":1},{""price"":62829.24,""size"":2.5e-07,""num_orders"":1},{""price"":62830.98,""size"":0.069636,""num_orders"":1},{""price"":62831.47,""size"":0.04774644,""num_orders"":1},{""price"":62832.0,""size"":0.029,""num_orders"":1},{""price"":62832.73,""size"":0.04791756,""num_orders"":1}]"
btc_usd_d10_20260708T041903Z,15,2026-07-08T04:34:03.843459Z,2026-07-08T04:34:03.843610Z,BTC-USD,10,ok,,132250725117,2026-07-08T04:34:01.182834140Z,0.42077698,0.40959205,0.013469830396,62790.660000000003,62790.669999999998,62790.665000000001,0.009999999995,0.00159259342,"[{""price"":62790.66,""size"":0.04240104,""num_orders"":4},{""price"":62790.65,""size"":2.3e-07,""num_orders"":2},{""price"":62790.64,""size"":1.4e-07,""num_orders"":1},{""price"":62790.62,""size"":1.792e-05,""num_orders"":1},{""price"":62790.01,""size"":0.13281736,""num_orders"":2},{""price"":62790.0,""size"":0.0236,""num_orders"":1},{""price"":62788.39,""size"":0.06097265,""num_orders"":1},{""price"":62788.0,""size"":0.0236,""num_orders"":1},{""price"":62787.72,""size"":0.12741343,""num_orders"":1},{""price"":62787.52,""size"":0.00995421,""num_orders"":2}]","[{""price"":62790.67,""size"":0.06694393,""num_orders"":1},{""price"":62790.68,""size"":0.03000026,""num_orders"":2},{""price"":62790.7,""size"":0.03,""num_orders"":1},{""price"":62792.33,""size"":0.05574068,""num_orders"":1},{""price"":62794.41,""size"":0.02,""num_orders"":1},{""price"":62794.42,""size"":0.09562032,""num_orders"":1},{""price"":62794.44,""size"":0.02,""num_orders"":1},{""price"":62794.45,""size"":0.06967586,""num_orders"":1},{""price"":62794.65,""size"":0.02,""num_orders"":1},{""price"":62794.66,""size"":0.001611,""num_orders"":1}]"
btc_usd_d10_20260708T041903Z,16,2026-07-08T04:35:03.843459Z,2026-07-08T04:35:03.843607Z,BTC-USD,10,ok,,132250790728,2026-07-08T04:35:02.844871944Z,1.49372642,0.01226241,0.983715138179,62744.290000000001,62744.300000000003,62744.294999999998,0.010000000002,0.001593770398,"[{""price"":62744.29,""size"":0.81996725,""num_orders"":9},{""price"":62744.28,""size"":1.3e-07,""num_orders"":1},{""price"":62744.27,""size"":1.5e-07,""num_orders"":1},{""price"":62744.1,""size"":0.09562032,""num_orders"":1},{""price"":62744.09,""size"":0.05579257,""num_orders"":1},{""price"":62744.07,""size"":0.31896102,""num_orders"":1},{""price"":62744.0,""size"":0.0201,""num_orders"":1},{""price"":62743.66,""size"":0.1275029,""num_orders"":1},{""price"":62743.53,""size"":1.2e-07,""num_orders"":1},{""price"":62742.72,""size"":0.05578196,""num_orders"":1}]","[{""price"":62744.3,""size"":1.8e-05,""num_orders"":1},{""price"":62748.16,""size"":1.8e-05,""num_orders"":1},{""price"":62749.21,""size"":4.98e-05,""num_orders"":1},{""price"":62749.33,""size"":1.5e-07,""num_orders"":1},{""price"":62749.34,""size"":9.96e-05,""num_orders"":1},{""price"":62749.35,""size"":1.6e-07,""num_orders"":1},{""price"":62749.39,""size"":9.96e-05,""num_orders"":1},{""price"":62749.58,""size"":2.49e-05,""num_orders"":1},{""price"":62749.84,""size"":0.00398407,""num_orders"":1},{""price"":62749.97,""size"":0.00796813,""num_orders"":1}]"
btc_usd_d10_20260708T041903Z,17,2026-07-08T04:36:03.843459Z,2026-07-08T04:36:03.843612Z,BTC-USD,10,ok,,132250831675,2026-07-08T04:36:02.685431967Z,0.65455641,0.63101904,0.018308820381,62785.389999999999,62785.400000000001,62785.395000000004,0.010000000002,0.001592727099,"[{""price"":62785.39,""size"":0.13243734,""num_orders"":3},{""price"":62785.38,""size"":0.0300002,""num_orders"":2},{""price"":62785.37,""size"":7e-08,""num_orders"":1},{""price"":62785.36,""size"":0.03,""num_orders"":1},{""price"":62783.82,""size"":0.05574544,""num_orders"":1},{""price"":62782.0,""size"":0.0232,""num_orders"":1},{""price"":62781.7,""size"":0.06968181,""num_orders"":1},{""price"":62780.07,""size"":0.02,""num_orders"":1},{""price"":62780.06,""size"":0.19349155,""num_orders"":1},{""price"":62780.05,""size"":0.1,""num_orders"":1}]","[{""price"":62785.4,""size"":0.23387465,""num_orders"":8},{""price"":62785.41,""size"":1.6e-07,""num_orders"":1},{""price"":62785.42,""size"":1.7e-07,""num_orders"":1},{""price"":62785.69,""size"":0.09562032,""num_orders"":1},{""price"":62785.7,""size"":0.12741756,""num_orders"":1},{""price"":62786.0,""size"":0.0232,""num_orders"":1},{""price"":62786.76,""size"":1.8e-05,""num_orders"":1},{""price"":62787.24,""size"":0.12741444,""num_orders"":1},{""price"":62787.91,""size"":0.00027374,""num_orders"":4},{""price"":62788.0,""size"":0.0232,""num_orders"":1}]"
btc_usd_d10_20260708T041903Z,18,2026-07-08T04:37:03.843459Z,2026-07-08T04:37:03.843585Z,BTC-USD,10,ok,,132250869505,2026-07-08T04:37:03.628175796Z,0.28080656,1.29645022,-0.643930444858,62754.519999999997,62754.529999999999,62754.524999999994,0.010000000002,0.001593510588,"[{""price"":62754.52,""size"":7e-08,""num_orders"":1},{""price"":62754.51,""size"":1.9e-07,""num_orders"":1},{""price"":62754.5,""size"":1.8e-07,""num_orders"":1},{""price"":62751.38,""size"":0.02193788,""num_orders"":5},{""price"":62750.0,""size"":0.022,""num_orders"":1},{""price"":62748.24,""size"":3e-08,""num_orders"":1},{""price"":62748.0,""size"":0.022,""num_orders"":1},{""price"":62746.01,""size"":0.001557,""num_orders"":1},{""price"":62746.0,""size"":0.0209,""num_orders"":1},{""price"":62745.02,""size"":0.19241121,""num_orders"":1}]","[{""price"":62754.53,""size"":0.28231924,""num_orders"":8},{""price"":62754.54,""size"":0.12748081,""num_orders"":1},{""price"":62754.56,""size"":0.02,""num_orders"":1},{""price"":62754.57,""size"":0.5,""num_orders"":1},{""price"":62755.69,""size"":0.05579257,""num_orders"":1},{""price"":62755.7,""size"":0.12747846,""num_orders"":1},{""price"":62756.0,""size"":0.022,""num_orders"":1},{""price"":62756.1,""size"":0.05577287,""num_orders"":1},{""price"":62757.05,""size"":0.09562032,""num_orders"":1},{""price"":62757.73,""size"":0.00998595,""num_orders"":1}]"
btc_usd_d10_20260708T041903Z,19,2026-07-08T04:38:03.843459Z,2026-07-08T04:38:03.843622Z,BTC-USD,10,ok,,132250907251,2026-07-08T04:38:02.154325366Z,0.35744973,1.43657506,-0.601510824162,62699.879999999997,62699.889999999999,62699.884999999995,0.010000000002,0.001594899257,"[{""price"":62699.88,""size"":0.09247062,""num_orders"":7},{""price"":62699.87,""size"":1.4e-07,""num_orders"":1},{""price"":62699.86,""size"":0.03000015,""num_orders"":2},{""price"":62698.31,""size"":0.02800243,""num_orders"":1},{""price"":62698.0,""size"":0.0294,""num_orders"":1},{""price"":62697.73,""size"":0.09562032,""num_orders"":1},{""price"":62696.75,""size"":0.01395607,""num_orders"":3},{""price"":62696.01,""size"":0.02,""num_orders"":1},{""price"":62696.0,""size"":0.028,""num_orders"":1},{""price"":62695.73,""size"":0.02,""num_orders"":1}]","[{""price"":62699.89,""size"":0.36497369,""num_orders"":8},{""price"":62699.9,""size"":0.50079768,""num_orders"":3},{""price"":62699.91,""size"":2.3e-07,""num_orders"":1},{""price"":62700.53,""size"":9.7e-05,""num_orders"":1},{""price"":62701.46,""size"":0.05582147,""num_orders"":1},{""price"":62703.15,""size"":0.00485,""num_orders"":1},{""price"":62703.47,""size"":0.04811156,""num_orders"":2},{""price"":62703.48,""size"":0.23266583,""num_orders"":1},{""price"":62703.49,""size"":0.15948076,""num_orders"":1},{""price"":62703.58,""size"":0.06977684,""num_orders"":1}]"
btc_usd_d10_20260708T041903Z,20,2026-07-08T04:39:03.843459Z,2026-07-08T04:39:03.843626Z,BTC-USD,10,ok,,132250955743,2026-07-08T04:39:02.113551128Z,0.49398512,0.39795009,0.107670410276,62662.019999999997,62662.029999999999,62662.024999999994,0.010000000002,0.001595862885,"[{""price"":62662.02,""size"":3e-08,""num_orders"":1},{""price"":62662.0,""size"":7e-08,""num_orders"":1},{""price"":62661.8,""size"":3.877e-05,""num_orders"":1},{""price"":62660.91,""size"":0.0181,""num_orders"":1},{""price"":62660.47,""size"":0.21974079,""num_orders"":1},{""price"":62660.46,""size"":0.12767221,""num_orders"":1},{""price"":62660.0,""size"":0.0308,""num_orders"":1},{""price"":62659.69,""size"":0.09562032,""num_orders"":1},{""price"":62659.38,""size"":1.8e-05,""num_orders"":1},{""price"":62658.91,""size"":0.00199493,""num_orders"":1}]","[{""price"":62662.03,""size"":0.0658552,""num_orders"":2},{""price"":62662.04,""size"":0.03,""num_orders"":1},{""price"":62662.06,""size"":0.03,""num_orders"":1},{""price"":62662.07,""size"":2.2e-07,""num_orders"":1},{""price"":62662.08,""size"":2.4e-07,""num_orders"":1},{""price"":62663.64,""size"":0.05585516,""num_orders"":1},{""price"":62664.0,""size"":0.0308,""num_orders"":1},{""price"":62665.75,""size"":0.06981895,""num_orders"":1},{""price"":62665.96,""size"":0.09562032,""num_orders"":1},{""price"":62665.97,""size"":0.02,""num_orders"":1}]"
btc_usd_d10_20260708T041903Z,21,2026-07-08T04:40:03.843459Z,2026-07-08T04:40:03.843587Z,BTC-USD,10,ok,,132250989677,2026-07-08T04:40:03.103113839Z,0.46638875,0.60676414,-0.13080651537,62681.18,62681.190000000002,62681.184999999998,0.010000000002,0.001595375072,"[{""price"":62681.18,""size"":0.0341457,""num_orders"":6},{""price"":62681.17,""size"":1.3e-07,""num_orders"":1},{""price"":62681.16,""size"":0.00113025,""num_orders"":2},{""price"":62678.57,""size"":0.01587464,""num_orders"":1},{""price"":62678.56,""size"":2.2e-07,""num_orders"":1},{""price"":62678.41,""size"":0.1,""num_orders"":1},{""price"":62678.0,""size"":0.0322,""num_orders"":1},{""price"":62677.51,""size"":0.21512025,""num_orders"":1},{""price"":62677.5,""size"":0.04791756,""num_orders"":1},{""price"":62676.34,""size"":0.02,""num_orders"":1}]","[{""price"":62681.19,""size"":0.03999057,""num_orders"":4},{""price"":62681.2,""size"":0.15762998,""num_orders"":2},{""price"":62681.21,""size"":3.5e-07,""num_orders"":2},{""price"":62681.22,""size"":0.03,""num_orders"":1},{""price"":62682.0,""size"":0.0322,""num_orders"":1},{""price"":62682.61,""size"":0.09562032,""num_orders"":1},{""price"":62682.63,""size"":0.04785906,""num_orders"":1},{""price"":62682.76,""size"":0.05583812,""num_orders"":1},{""price"":62683.28,""size"":0.12762574,""num_orders"":1},{""price"":62683.42,""size"":0.02,""num_orders"":1}]"
btc_usd_d10_20260708T041903Z,22,2026-07-08T04:41:03.843459Z,2026-07-08T04:41:03.843620Z,BTC-USD,10,ok,,132251042104,2026-07-08T04:41:03.679653628Z,1.2480507,0.28231938,0.631044302696,62732.879999999997,62732.889999999999,62732.884999999995,0.010000000002,0.001594060277,"[{""price"":62732.88,""size"":0.70082872,""num_orders"":14},{""price"":62732.87,""size"":1.3e-07,""num_orders"":1},{""price"":62732.86,""size"":1.3e-07,""num_orders"":1},{""price"":62732.57,""size"":0.05734758,""num_orders"":2},{""price"":62732.01,""size"":0.02,""num_orders"":1},{""price"":62732.0,""size"":0.0274,""num_orders"":1},{""price"":62731.31,""size"":0.05579257,""num_orders"":1},{""price"":62730.61,""size"":0.02,""num_orders"":1},{""price"":62730.6,""size"":0.11562032,""num_orders"":2},{""price"":62730.59,""size"":0.25106125,""num_orders"":1}]","[{""price"":62732.89,""size"":0.07979587,""num_orders"":1},{""price"":62734.0,""size"":1.6e-07,""num_orders"":1},{""price"":62734.01,""size"":1.6e-07,""num_orders"":1},{""price"":62734.03,""size"":1.6e-07,""num_orders"":1},{""price"":62734.66,""size"":0.05579193,""num_orders"":1},{""price"":62735.4,""size"":0.00027396,""num_orders"":4},{""price"":62736.03,""size"":0.02191723,""num_orders"":4},{""price"":62736.78,""size"":0.06973991,""num_orders"":1},{""price"":62738.0,""size"":0.0274,""num_orders"":1},{""price"":62740.0,""size"":0.0274,""num_orders"":1}]"
btc_usd_d10_20260708T041903Z,23,2026-07-08T04:42:03.843459Z,2026-07-08T04:42:03.843610Z,BTC-USD,10,ok,,132251072651,2026-07-08T04:42:02.015552380Z,0.86861357,0.68882416,0.115439228508,62746.790000000001,62746.800000000003,62746.794999999998,0.010000000002,0.001593706898,"[{""price"":62746.79,""size"":0.11233708,""num_orders"":6},{""price"":62746.78,""size"":1.8e-07,""num_orders"":1},{""price"":62746.77,""size"":1.8e-07,""num_orders"":1},{""price"":62746.42,""size"":0.40224137,""num_orders"":2},{""price"":62746.41,""size"":0.04791756,""num_orders"":1},{""price"":62746.38,""size"":0.09562032,""num_orders"":1},{""price"":62746.33,""size"":0.05954332,""num_orders"":1},{""price"":62746.32,""size"":0.05579257,""num_orders"":1},{""price"":62745.41,""size"":0.04780902,""num_orders"":1},{""price"":62745.22,""size"":0.04735197,""num_orders"":1}]","[{""price"":62746.8,""size"":0.03260017,""num_orders"":2},{""price"":62746.81,""size"":1.8e-07,""num_orders"":1},{""price"":62746.82,""size"":1.9e-07,""num_orders"":1},{""price"":62748.16,""size"":1.8e-05,""num_orders"":1},{""price"":62749.31,""size"":0.0001494,""num_orders"":2},{""price"":62749.54,""size"":0.02,""num_orders"":1},{""price"":62749.55,""size"":0.12749095,""num_orders"":1},{""price"":62749.94,""size"":0.01195221,""num_orders"":2},{""price"":62749.99,""size"":0.02,""num_orders"":1},{""price"":62750.0,""size"":0.47661306,""num_orders"":1}]"
btc_usd_d10_20260708T041903Z,24,2026-07-08T04:43:03.843459Z,2026-07-08T04:43:03.843620Z,BTC-USD,10,ok,,132251103791,2026-07-08T04:43:02.560720892Z,0.42258038,0.91768994,-0.369410224648,62725,62725.010000000002,62725.005000000005,0.010000000002,0.001594260535,"[{""price"":62725.0,""size"":0.03063921,""num_orders"":5},{""price"":62724.99,""size"":1.1e-07,""num_orders"":1},{""price"":62724.98,""size"":1.2e-07,""num_orders"":1},{""price"":62722.02,""size"":0.06233983,""num_orders"":1},{""price"":62722.01,""size"":0.05579257,""num_orders"":1},{""price"":62722.0,""size"":0.0287,""num_orders"":1},{""price"":62721.86,""size"":0.02192218,""num_orders"":4},{""price"":62721.46,""size"":0.12754804,""num_orders"":1},{""price"":62721.14,""size"":1.8e-05,""num_orders"":1},{""price"":62720.92,""size"":0.09562032,""num_orders"":1}]","[{""price"":62725.01,""size"":0.12422,""num_orders"":4},{""price"":62725.02,""size"":0.03,""num_orders"":1},{""price"":62725.03,""size"":5.9e-07,""num_orders"":2},{""price"":62725.04,""size"":0.03,""num_orders"":1},{""price"":62725.05,""size"":0.00143271,""num_orders"":1},{""price"":62725.71,""size"":0.5,""num_orders"":1},{""price"":62726.58,""size"":0.05579911,""num_orders"":1},{""price"":62726.64,""size"":0.12753753,""num_orders"":1},{""price"":62727.99,""size"":0.02,""num_orders"":1},{""price"":62728.0,""size"":0.0287,""num_orders"":1}]"
btc_usd_d10_20260708T041903Z,25,2026-07-08T04:44:03.843459Z,2026-07-08T04:44:03.843608Z,BTC-USD,10,ok,,132251142730,2026-07-08T04:44:03.545984827Z,0.3292107,1.16456814,-0.559224309269,62686.400000000001,62686.410000000003,62686.404999999999,0.010000000002,0.001595242222,"[{""price"":62686.4,""size"":1.765e-05,""num_orders"":2},{""price"":62686.39,""size"":1.4e-07,""num_orders"":1},{""price"":62686.38,""size"":1.3e-07,""num_orders"":1},{""price"":62685.0,""size"":0.01,""num_orders"":1},{""price"":62684.63,""size"":0.05901269,""num_orders"":2},{""price"":62684.0,""size"":0.0322,""num_orders"":1},{""price"":62683.27,""size"":0.02193568,""num_orders"":4},{""price"":62682.54,""size"":1.8e-05,""num_orders"":1},{""price"":62682.0,""size"":0.0322,""num_orders"":1},{""price"":62681.87,""size"":0.17382641,""num_orders"":1}]","[{""price"":62686.41,""size"":0.6483419,""num_orders"":6},{""price"":62686.42,""size"":0.03,""num_orders"":1},{""price"":62686.43,""size"":0.02000027,""num_orders"":2},{""price"":62686.44,""size"":0.03,""num_orders"":1},{""price"":62686.7,""size"":0.12761877,""num_orders"":1},{""price"":62687.17,""size"":0.00159494,""num_orders"":1},{""price"":62687.45,""size"":0.02,""num_orders"":1},{""price"":62687.46,""size"":0.19897879,""num_orders"":1},{""price"":62687.98,""size"":0.05583347,""num_orders"":1},{""price"":62688.0,""size"":0.0322,""num_orders"":1}]"
btc_usd_d10_20260708T041903Z,26,2026-07-08T04:45:03.843459Z,2026-07-08T04:45:03.843621Z,BTC-USD,10,ok,,132251172016,2026-07-08T04:45:02.008086332Z,1.63824608,0.44305584,0.574251255195,62690.239999999998,62690.25,62690.244999999995,0.010000000002,0.001595144508,"[{""price"":62690.24,""size"":1.12955555,""num_orders"":8},{""price"":62690.23,""size"":1.7e-07,""num_orders"":1},{""price"":62690.22,""size"":1.9e-07,""num_orders"":1},{""price"":62688.86,""size"":0.00168388,""num_orders"":1},{""price"":62688.68,""size"":0.04166359,""num_orders"":1},{""price"":62688.67,""size"":0.05583005,""num_orders"":1},{""price"":62687.11,""size"":0.01794627,""num_orders"":3},{""price"":62686.79,""size"":0.19416021,""num_orders"":1},{""price"":62686.78,""size"":0.1276186,""num_orders"":1},{""price"":62686.55,""size"":0.06978757,""num_orders"":1}]","[{""price"":62690.25,""size"":0.0919683,""num_orders"":4},{""price"":62690.26,""size"":1.818e-05,""num_orders"":2},{""price"":62690.28,""size"":1.7e-07,""num_orders"":1},{""price"":62690.41,""size"":0.13211608,""num_orders"":2},{""price"":62690.99,""size"":0.00159514,""num_orders"":1},{""price"":62691.82,""size"":0.05583005,""num_orders"":1},{""price"":62691.91,""size"":0.12760817,""num_orders"":1},{""price"":62691.94,""size"":0.00159514,""num_orders"":1},{""price"":62692.0,""size"":0.0322,""num_orders"":1},{""price"":62692.81,""size"":0.00012461,""num_orders"":2}]"
btc_usd_d10_20260708T041903Z,27,2026-07-08T04:46:03.843459Z,2026-07-08T04:46:03.843629Z,BTC-USD,10,ok,,132251217754,2026-07-08T04:46:02.545624828Z,0.58728525,0.520285,0.060493002588,62666.010000000002,62666.019999999997,62666.014999999999,0.009999999995,0.001595761274,"[{""price"":62666.01,""size"":0.01002104,""num_orders"":2},{""price"":62665.11,""size"":0.01196838,""num_orders"":2},{""price"":62664.87,""size"":0.00997377,""num_orders"":3},{""price"":62664.01,""size"":0.03844685,""num_orders"":1},{""price"":62664.0,""size"":0.0322,""num_orders"":1},{""price"":62662.0,""size"":0.0322,""num_orders"":1},{""price"":62661.02,""size"":0.12767107,""num_orders"":1},{""price"":62660.98,""size"":0.18126626,""num_orders"":1},{""price"":62660.97,""size"":0.09562032,""num_orders"":1},{""price"":62660.95,""size"":0.04791756,""num_orders"":1}]","[{""price"":62666.02,""size"":0.11885057,""num_orders"":4},{""price"":62668.0,""size"":0.0322,""num_orders"":1},{""price"":62668.21,""size"":0.09562032,""num_orders"":1},{""price"":62668.23,""size"":0.11211302,""num_orders"":2},{""price"":62668.25,""size"":3.4e-07,""num_orders"":1},{""price"":62668.26,""size"":3.5e-07,""num_orders"":1},{""price"":62668.28,""size"":3.8e-07,""num_orders"":1},{""price"":62669.9,""size"":0.001648,""num_orders"":1},{""price"":62670.0,""size"":0.0322,""num_orders"":1},{""price"":62670.38,""size"":0.12765202,""num_orders"":1}]"
btc_usd_d10_20260708T041903Z,28,2026-07-08T04:47:03.843459Z,2026-07-08T04:47:03.843623Z,BTC-USD,10,ok,,132251255119,2026-07-08T04:47:01.845110134Z,0.93230107,0.39265553,0.407292993597,62682.529999999999,62682.540000000001,62682.535000000003,0.010000000002,0.001595340712,"[{""price"":62682.53,""size"":0.41225601,""num_orders"":8},{""price"":62682.52,""size"":0.03,""num_orders"":1},{""price"":62682.34,""size"":4.5e-07,""num_orders"":2},{""price"":62682.33,""size"":0.10059231,""num_orders"":1},{""price"":62682.32,""size"":2.4e-07,""num_orders"":1},{""price"":62682.29,""size"":0.12762774,""num_orders"":1},{""price"":62682.0,""size"":0.0305,""num_orders"":1},{""price"":62681.54,""size"":0.12762928,""num_orders"":1},{""price"":62680.76,""size"":0.05583701,""num_orders"":1},{""price"":62680.61,""size"":0.04785803,""num_orders"":1}]","[{""price"":62682.54,""size"":1.8e-05,""num_orders"":1},{""price"":62685.05,""size"":0.00012463,""num_orders"":2},{""price"":62685.67,""size"":0.00997038,""num_orders"":2},{""price"":62686.4,""size"":1.8e-05,""num_orders"":1},{""price"":62689.79,""size"":9.7e-07,""num_orders"":1},{""price"":62690.07,""size"":0.12761193,""num_orders"":1},{""price"":62690.26,""size"":1.8e-05,""num_orders"":1},{""price"":62690.94,""size"":0.09528584,""num_orders"":1},{""price"":62691.07,""size"":9.7e-05,""num_orders"":1},{""price"":62691.69,""size"":0.15951078,""num_orders"":1}]"
btc_usd_d10_20260708T041903Z,29,2026-07-08T04:48:03.843459Z,2026-07-08T04:48:03.843618Z,BTC-USD,10,ok,,132251299419,2026-07-08T04:48:03.547575352Z,0.48691358,0.2799362,0.269906030357,62701.82,62701.860000000001,62701.839999999997,0.040000000001,0.006379398117,"[{""price"":62701.82,""size"":2.1e-07,""num_orders"":1},{""price"":62701.81,""size"":2.3e-07,""num_orders"":1},{""price"":62698.8,""size"":0.04784895,""num_orders"":1},{""price"":62698.15,""size"":0.03381289,""num_orders"":1},{""price"":62698.0,""size"":0.0289,""num_orders"":1},{""price"":62696.83,""size"":0.027738,""num_orders"":1},{""price"":62696.04,""size"":0.21588658,""num_orders"":2},{""price"":62696.02,""size"":0.04791756,""num_orders"":1},{""price"":62696.0,""size"":0.02901659,""num_orders"":2},{""price"":62695.2,""size"":0.05579257,""num_orders"":1}]","[{""price"":62701.86,""size"":0.01970233,""num_orders"":1},{""price"":62701.87,""size"":0.0281,""num_orders"":2},{""price"":62702.0,""size"":0.0289,""num_orders"":1},{""price"":62703.38,""size"":0.03579148,""num_orders"":1},{""price"":62703.99,""size"":0.09562032,""num_orders"":1},{""price"":62704.0,""size"":0.0289,""num_orders"":1},{""price"":62704.35,""size"":4.984e-05,""num_orders"":1},{""price"":62704.98,""size"":0.01395423,""num_orders"":3},{""price"":62705.7,""size"":1.8e-05,""num_orders"":1},{""price"":62706.0,""size"":0.0289,""num_orders"":1}]"
btc_usd_d10_20260708T041903Z,30,2026-07-08T04:49:03.843459Z,2026-07-08T04:49:03.843621Z,BTC-USD,10,ok,,132251332264,2026-07-08T04:49:01.189951029Z,0.72731942,0.46962774,0.215290773571,62715.629999999997,62715.639999999999,62715.634999999995,0.010000000002,0.001594498725,"[{""price"":62715.63,""size"":0.23162053,""num_orders"":4},{""price"":62715.62,""size"":1.6e-07,""num_orders"":1},{""price"":62715.61,""size"":1.7e-07,""num_orders"":1},{""price"":62714.09,""size"":0.06203968,""num_orders"":1},{""price"":62714.08,""size"":0.04791756,""num_orders"":1},{""price"":62714.06,""size"":0.05580745,""num_orders"":1},{""price"":62713.58,""size"":0.00019405,""num_orders"":1},{""price"":62712.0,""size"":0.0304,""num_orders"":1},{""price"":62711.21,""size"":0.2037195,""num_orders"":2},{""price"":62711.2,""size"":0.09562032,""num_orders"":1}]","[{""price"":62715.64,""size"":0.01810015,""num_orders"":2},{""price"":62715.65,""size"":1.6e-07,""num_orders"":1},{""price"":62715.66,""size"":1.7e-07,""num_orders"":1},{""price"":62715.69,""size"":0.1275598,""num_orders"":1},{""price"":62716.0,""size"":0.0304,""num_orders"":1},{""price"":62716.36,""size"":0.01823391,""num_orders"":1},{""price"":62717.28,""size"":1.8e-05,""num_orders"":1},{""price"":62718.0,""size"":0.0304,""num_orders"":1},{""price"":62718.15,""size"":0.00012456,""num_orders"":2},{""price"":62718.63,""size"":0.24479099,""num_orders"":1}]"
btc_usd_d10_20260708T041903Z,31,2026-07-08T04:50:03.843459Z,2026-07-08T04:50:03.843633Z,BTC-USD,10,ok,,132251375850,2026-07-08T04:50:02.183811337Z,0.11851869,1.08389067,-0.802864658339,62640.809999999998,62640.82,62640.815000000002,0.010000000002,0.00159640324,"[{""price"":62640.81,""size"":3.899e-05,""num_orders"":2},{""price"":62640.8,""size"":2.6e-07,""num_orders"":2},{""price"":62640.03,""size"":0.00430524,""num_orders"":1},{""price"":62637.56,""size"":0.04791756,""num_orders"":1},{""price"":62636.22,""size"":1.8e-05,""num_orders"":1},{""price"":62636.0,""size"":0.0322,""num_orders"":1},{""price"":62635.98,""size"":3.193e-05,""num_orders"":1},{""price"":62635.0,""size"":0.01,""num_orders"":1},{""price"":62632.63,""size"":0.00400671,""num_orders"":1},{""price"":62632.39,""size"":0.02,""num_orders"":1}]","[{""price"":62640.82,""size"":0.46319476,""num_orders"":9},{""price"":62640.84,""size"":0.03,""num_orders"":1},{""price"":62640.97,""size"":0.001625,""num_orders"":1},{""price"":62641.84,""size"":0.01523451,""num_orders"":1},{""price"":62641.99,""size"":0.21451492,""num_orders"":1},{""price"":62642.0,""size"":0.0322,""num_orders"":1},{""price"":62642.11,""size"":0.12770963,""num_orders"":1},{""price"":62642.52,""size"":0.09562032,""num_orders"":1},{""price"":62642.53,""size"":0.04791756,""num_orders"":1},{""price"":62642.54,""size"":0.05587397,""num_orders"":1}]"
btc_usd_d10_20260708T041903Z,32,2026-07-08T04:51:03.843459Z,2026-07-08T04:51:03.843626Z,BTC-USD,10,ok,,132251424341,2026-07-08T04:51:03.543394255Z,0.44524843,1.40689534,-0.519207485713,62648.059999999998,62648.07,62648.065000000002,0.010000000002,0.001596218495,"[{""price"":62648.06,""size"":0.04912337,""num_orders"":3},{""price"":62648.05,""size"":1.8e-07,""num_orders"":1},{""price"":62648.04,""size"":1.9e-07,""num_orders"":1},{""price"":62648.01,""size"":1.8e-07,""num_orders"":1},{""price"":62646.0,""size"":0.0322,""num_orders"":1},{""price"":62645.24,""size"":0.13604268,""num_orders"":1},{""price"":62645.21,""size"":0.12770328,""num_orders"":1},{""price"":62644.96,""size"":0.04791756,""num_orders"":1},{""price"":62644.0,""size"":0.03226099,""num_orders"":2},{""price"":62643.49,""size"":0.02,""num_orders"":1}]","[{""price"":62648.07,""size"":0.05250056,""num_orders"":3},{""price"":62648.08,""size"":1.7e-07,""num_orders"":1},{""price"":62648.95,""size"":0.40332153,""num_orders"":1},{""price"":62648.96,""size"":0.5,""num_orders"":1},{""price"":62649.28,""size"":0.04788668,""num_orders"":1},{""price"":62649.89,""size"":0.12769377,""num_orders"":1},{""price"":62650.5,""size"":0.15982243,""num_orders"":1},{""price"":62650.51,""size"":0.09562032,""num_orders"":1},{""price"":62650.52,""size"":0.02,""num_orders"":1},{""price"":62650.58,""size"":4.988e-05,""num_orders"":1}]"
btc_usd_d10_20260708T041903Z,33,2026-07-08T04:52:03.843459Z,2026-07-08T04:52:03.843625Z,BTC-USD,10,ok,,132251465325,2026-07-08T04:52:03.054157406Z,0.85579382,0.37281364,0.393111873177,62687.970000000001,62687.980000000003,62687.975000000006,0.010000000002,0.00159520227,"[{""price"":62687.97,""size"":0.09579649,""num_orders"":3},{""price"":62687.96,""size"":1.5e-07,""num_orders"":1},{""price"":62687.95,""size"":1.5e-07,""num_orders"":1},{""price"":62686.42,""size"":0.09041708,""num_orders"":1},{""price"":62686.41,""size"":0.09562032,""num_orders"":1},{""price"":62686.4,""size"":0.05583207,""num_orders"":1},{""price"":62684.28,""size"":0.03786733,""num_orders"":1},{""price"":62684.22,""size"":0.25838642,""num_orders"":2},{""price"":62684.21,""size"":0.09424969,""num_orders"":1},{""price"":62684.07,""size"":0.12762412,""num_orders"":1}]","[{""price"":62687.98,""size"":0.10297932,""num_orders"":5},{""price"":62687.99,""size"":2e-07,""num_orders"":1},{""price"":62688.0,""size"":0.03220021,""num_orders"":2},{""price"":62689.21,""size"":0.12761368,""num_orders"":1},{""price"":62689.55,""size"":0.05583207,""num_orders"":1},{""price"":62690.0,""size"":0.0322,""num_orders"":1},{""price"":62690.34,""size"":0.00014352,""num_orders"":1},{""price"":62690.49,""size"":0.00014955,""num_orders"":2},{""price"":62691.11,""size"":0.01196342,""num_orders"":2},{""price"":62691.39,""size"":0.00973167,""num_orders"":1}]"
btc_usd_d10_20260708T041903Z,34,2026-07-08T04:53:03.843459Z,2026-07-08T04:53:03.843623Z,BTC-USD,10,ok,,132251502755,2026-07-08T04:53:03.682682593Z,0.25704254,1.58048211,-0.720229559914,62659.580000000002,62659.589999999997,62659.584999999999,0.009999999995,0.001595925028,"[{""price"":62659.58,""size"":3.875e-05,""num_orders"":1},{""price"":62659.57,""size"":8e-08,""num_orders"":1},{""price"":62659.56,""size"":1e-07,""num_orders"":1},{""price"":62659.38,""size"":3.978e-05,""num_orders"":2},{""price"":62657.24,""size"":0.05926289,""num_orders"":1},{""price"":62656.45,""size"":0.02194506,""num_orders"":4},{""price"":62656.09,""size"":0.04791756,""num_orders"":1},{""price"":62656.01,""size"":0.09562032,""num_orders"":1},{""price"":62656.0,""size"":0.0322,""num_orders"":1},{""price"":62655.52,""size"":1.8e-05,""num_orders"":1}]","[{""price"":62659.59,""size"":0.94239488,""num_orders"":8},{""price"":62659.6,""size"":0.03000056,""num_orders"":3},{""price"":62659.62,""size"":0.03,""num_orders"":1},{""price"":62660.0,""size"":0.0322,""num_orders"":1},{""price"":62660.11,""size"":0.05257025,""num_orders"":1},{""price"":62661.16,""size"":0.05585737,""num_orders"":1},{""price"":62662.0,""size"":0.0322,""num_orders"":1},{""price"":62662.61,""size"":0.09562032,""num_orders"":1},{""price"":62662.62,""size"":0.0497886,""num_orders"":1},{""price"":62662.69,""size"":0.25985013,""num_orders"":1}]"
btc_usd_d10_20260708T041903Z,35,2026-07-08T04:54:03.843459Z,2026-07-08T04:54:03.843588Z,BTC-USD,10,ok,,132251532275,2026-07-08T04:54:02.339942696Z,0.46763031,0.61080664,-0.132762819375,62682.529999999999,62682.540000000001,62682.535000000003,0.010000000002,0.001595340712,"[{""price"":62682.53,""size"":0.1611789,""num_orders"":3},{""price"":62682.52,""size"":1.4e-07,""num_orders"":1},{""price"":62682.51,""size"":2.1e-07,""num_orders"":1},{""price"":62680.96,""size"":0.05583692,""num_orders"":1},{""price"":62680.0,""size"":0.0322,""num_orders"":1},{""price"":62678.84,""size"":0.06979615,""num_orders"":1},{""price"":62678.16,""size"":0.00079767,""num_orders"":1},{""price"":62678.0,""size"":0.0322,""num_orders"":1},{""price"":62677.41,""size"":0.02,""num_orders"":1},{""price"":62677.4,""size"":0.09562032,""num_orders"":1}]","[{""price"":62682.54,""size"":0.16258253,""num_orders"":7},{""price"":62682.55,""size"":1.4e-07,""num_orders"":1},{""price"":62682.56,""size"":1.8e-07,""num_orders"":1},{""price"":62682.58,""size"":0.15250214,""num_orders"":1},{""price"":62682.59,""size"":0.12762715,""num_orders"":1},{""price"":62683.81,""size"":0.02,""num_orders"":1},{""price"":62683.82,""size"":0.09562032,""num_orders"":1},{""price"":62684.0,""size"":0.0322,""num_orders"":1},{""price"":62685.05,""size"":0.00027418,""num_orders"":4},{""price"":62685.66,""size"":0.02,""num_orders"":1}]"
btc_usd_d10_20260708T041903Z,36,2026-07-08T04:55:03.843459Z,2026-07-08T04:55:03.843611Z,BTC-USD,10,ok,,132251561334,2026-07-08T04:55:01.623385439Z,0.35645995,0.7927521,-0.379644600838,62668.879999999997,62668.889999999999,62668.884999999995,0.010000000002,0.001595688196,"[{""price"":62668.88,""size"":0.0156321,""num_orders"":6},{""price"":62668.87,""size"":1.1e-07,""num_orders"":1},{""price"":62668.86,""size"":1.2e-07,""num_orders"":1},{""price"":62667.8,""size"":0.09562032,""num_orders"":1},{""price"":62667.79,""size"":0.12519841,""num_orders"":1},{""price"":62667.31,""size"":0.05584908,""num_orders"":1},{""price"":62667.1,""size"":1.8e-05,""num_orders"":1},{""price"":62666.88,""size"":0.01,""num_orders"":1},{""price"":62666.0,""size"":0.0322,""num_orders"":1},{""price"":62665.75,""size"":0.02194181,""num_orders"":4}]","[{""price"":62668.89,""size"":0.36337442,""num_orders"":9},{""price"":62668.9,""size"":0.0300003,""num_orders"":2},{""price"":62668.91,""size"":3e-07,""num_orders"":1},{""price"":62668.92,""size"":0.03,""num_orders"":1},{""price"":62669.04,""size"":0.13288062,""num_orders"":2},{""price"":62670.0,""size"":0.0322,""num_orders"":1},{""price"":62670.46,""size"":0.05584908,""num_orders"":1},{""price"":62670.87,""size"":0.00079784,""num_orders"":1},{""price"":62671.56,""size"":0.02,""num_orders"":1},{""price"":62671.59,""size"":0.12764954,""num_orders"":1}]"
btc_usd_d10_20260708T041903Z,37,2026-07-08T04:56:03.843459Z,2026-07-08T04:56:03.843618Z,BTC-USD,10,ok,,132251590421,2026-07-08T04:56:03.544211387Z,0.8280728,0.07595395,0.831965259878,62664.449999999997,62664.459999999999,62664.455000000002,0.010000000002,0.001595801001,"[{""price"":62664.45,""size"":0.31601135,""num_orders"":10},{""price"":62664.43,""size"":1.7e-07,""num_orders"":1},{""price"":62664.24,""size"":0.02,""num_orders"":1},{""price"":62664.23,""size"":0.14072339,""num_orders"":1},{""price"":62664.22,""size"":0.12766454,""num_orders"":1},{""price"":62664.0,""size"":0.0322,""num_orders"":1},{""price"":62662.89,""size"":0.02,""num_orders"":1},{""price"":62662.88,""size"":0.05585303,""num_orders"":1},{""price"":62662.5,""size"":0.09562032,""num_orders"":1},{""price"":62662.49,""size"":0.02,""num_orders"":1}]","[{""price"":62664.46,""size"":0.00196704,""num_orders"":3},{""price"":62664.47,""size"":1.2e-07,""num_orders"":1},{""price"":62664.48,""size"":1.7e-07,""num_orders"":1},{""price"":62666.97,""size"":0.00027426,""num_orders"":4},{""price"":62667.51,""size"":0.00565121,""num_orders"":1},{""price"":62667.59,""size"":0.02194117,""num_orders"":4},{""price"":62667.9,""size"":0.00825077,""num_orders"":1},{""price"":62668.57,""size"":0.00565121,""num_orders"":1},{""price"":62670.0,""size"":0.0322,""num_orders"":1},{""price"":62670.96,""size"":1.8e-05,""num_orders"":1}]"
btc_usd_d10_20260708T041903Z,38,2026-07-08T04:57:03.843459Z,2026-07-08T04:57:03.843625Z,BTC-USD,10,ok,,132251628851,2026-07-08T04:57:03.186526849Z,0.87358737,0.40532173,0.366144583692,62709.559999999998,62709.57,62709.565000000002,0.010000000002,0.001594653065,"[{""price"":62709.56,""size"":0.35031779,""num_orders"":8},{""price"":62709.55,""size"":0.10789,""num_orders"":1},{""price"":62709.54,""size"":1.6e-07,""num_orders"":2},{""price"":62709.53,""size"":1.5e-07,""num_orders"":1},{""price"":62708.82,""size"":0.04540865,""num_orders"":2},{""price"":62708.0,""size"":0.0322,""num_orders"":1},{""price"":62707.5,""size"":0.04784251,""num_orders"":1},{""price"":62707.28,""size"":0.00015547,""num_orders"":2},{""price"":62706.05,""size"":0.09577464,""num_orders"":2},{""price"":62706.04,""size"":0.193998,""num_orders"":1}]","[{""price"":62709.57,""size"":2e-07,""num_orders"":1},{""price"":62712.07,""size"":0.00014949,""num_orders"":2},{""price"":62712.7,""size"":0.0119593,""num_orders"":2},{""price"":62713.09,""size"":0.15945634,""num_orders"":1},{""price"":62713.42,""size"":1.8e-05,""num_orders"":1},{""price"":62714.25,""size"":0.00395592,""num_orders"":1},{""price"":62714.29,""size"":0.00395592,""num_orders"":1},{""price"":62715.66,""size"":0.0480252,""num_orders"":1},{""price"":62716.72,""size"":0.001648,""num_orders"":1},{""price"":62716.77,""size"":0.17615336,""num_orders"":1}]"
btc_usd_d10_20260708T041903Z,39,2026-07-08T04:58:03.843459Z,2026-07-08T04:58:03.843626Z,BTC-USD,10,ok,,132251667558,2026-07-08T04:58:02.688617473Z,0.8088943,0.99509282,-0.103214994129,62697.139999999999,62697.150000000001,62697.145000000004,0.010000000002,0.001594968958,"[{""price"":62697.14,""size"":0.43110164,""num_orders"":12},{""price"":62697.13,""size"":1.4e-07,""num_orders"":1},{""price"":62697.12,""size"":1.5e-07,""num_orders"":1},{""price"":62696.03,""size"":0.1122735,""num_orders"":1},{""price"":62696.02,""size"":0.09562032,""num_orders"":1},{""price"":62696.0,""size"":0.0322,""num_orders"":1},{""price"":62695.75,""size"":0.12760035,""num_orders"":1},{""price"":62695.0,""size"":0.01,""num_orders"":1},{""price"":62694.23,""size"":8.02e-05,""num_orders"":1},{""price"":62694.12,""size"":1.8e-05,""num_orders"":1}]","[{""price"":62697.15,""size"":0.55738677,""num_orders"":3},{""price"":62698.72,""size"":0.05582391,""num_orders"":1},{""price"":62700.84,""size"":0.06977989,""num_orders"":1},{""price"":62701.83,""size"":0.00395587,""num_orders"":1},{""price"":62702.0,""size"":0.032,""num_orders"":1},{""price"":62702.57,""size"":0.001663,""num_orders"":1},{""price"":62703.35,""size"":0.04784963,""num_orders"":1},{""price"":62703.48,""size"":0.04791756,""num_orders"":1},{""price"":62703.49,""size"":0.17861651,""num_orders"":2},{""price"":62703.75,""size"":9.968e-05,""num_orders"":1}]"
btc_usd_d10_20260708T041903Z,40,2026-07-08T04:59:03.843459Z,2026-07-08T04:59:03.843624Z,BTC-USD,10,ok,,132251701947,2026-07-08T04:59:01.547090682Z,0.63220612,0.76788963,-0.096910164894,62735.980000000003,62735.989999999998,62735.985000000001,0.009999999995,0.001593981508,"[{""price"":62735.98,""size"":1.8e-07,""num_orders"":1},{""price"":62734.01,""size"":0.05417543,""num_orders"":1},{""price"":62734.0,""size"":0.0322,""num_orders"":1},{""price"":62732.83,""size"":0.07654074,""num_orders"":2},{""price"":62732.72,""size"":0.04791756,""num_orders"":1},{""price"":62732.71,""size"":0.05986124,""num_orders"":2},{""price"":62732.0,""size"":0.0322,""num_orders"":1},{""price"":62730.99,""size"":0.06,""num_orders"":2},{""price"":62730.81,""size"":0.09562032,""num_orders"":1},{""price"":62730.8,""size"":0.17369065,""num_orders"":1}]","[{""price"":62735.99,""size"":0.0281,""num_orders"":2},{""price"":62736.0,""size"":0.05578934,""num_orders"":1},{""price"":62736.01,""size"":1.5e-07,""num_orders"":1},{""price"":62736.03,""size"":3.5e-07,""num_orders"":2},{""price"":62736.06,""size"":0.04791756,""num_orders"":1},{""price"":62736.07,""size"":0.49999974,""num_orders"":13},{""price"":62736.75,""size"":0.04781921,""num_orders"":1},{""price"":62737.58,""size"":0.05578933,""num_orders"":1},{""price"":62738.0,""size"":0.0322,""num_orders"":1},{""price"":62738.53,""size"":0.00027395,""num_orders"":4}]"
btc_usd_d10_20260708T041903Z,41,2026-07-08T05:00:03.843459Z,2026-07-08T05:00:03.843594Z,BTC-USD,10,ok,,132251746496,2026-07-08T05:00:03.630836003Z,0.29263626,0.99095461,-0.544034993019,62745.019999999997,62745.029999999999,62745.024999999994,0.010000000002,0.001593751856,"[{""price"":62745.02,""size"":0.0194472,""num_orders"":4},{""price"":62745.0,""size"":1.3e-07,""num_orders"":1},{""price"":62744.31,""size"":0.00039872,""num_orders"":2},{""price"":62742.23,""size"":0.027718,""num_orders"":1},{""price"":62740.58,""size"":0.09562032,""num_orders"":1},{""price"":62740.57,""size"":0.04791756,""num_orders"":1},{""price"":62740.56,""size"":0.06093488,""num_orders"":1},{""price"":62740.44,""size"":1.8e-05,""num_orders"":1},{""price"":62740.0,""size"":0.0405,""num_orders"":2},{""price"":62739.88,""size"":8.145e-05,""num_orders"":1}]","[{""price"":62745.03,""size"":0.31864256,""num_orders"":7},{""price"":62745.04,""size"":1.7e-07,""num_orders"":1},{""price"":62745.05,""size"":1.8e-07,""num_orders"":1},{""price"":62745.08,""size"":0.0011861,""num_orders"":1},{""price"":62745.49,""size"":0.21236206,""num_orders"":1},{""price"":62745.52,""size"":0.12749915,""num_orders"":1},{""price"":62745.83,""size"":0.04781441,""num_orders"":1},{""price"":62746.0,""size"":0.029,""num_orders"":1},{""price"":62746.6,""size"":0.05578131,""num_orders"":1},{""price"":62747.97,""size"":0.19866867,""num_orders"":1}]"
btc_usd_d10_20260708T041903Z,42,2026-07-08T05:01:03.843459Z,2026-07-08T05:01:03.843582Z,BTC-USD,10,ok,,132251783222,2026-07-08T05:01:02.603553592Z,0.26194041,0.66420505,-0.434342829905,62757.010000000002,62757.019999999997,62757.014999999999,0.009999999995,0.001593447361,"[{""price"":62757.01,""size"":0.06053003,""num_orders"":1},{""price"":62757.0,""size"":1.7e-07,""num_orders"":1},{""price"":62756.99,""size"":1.4e-07,""num_orders"":1},{""price"":62756.51,""size"":0.00274733,""num_orders"":1},{""price"":62755.82,""size"":0.00023296,""num_orders"":1},{""price"":62755.44,""size"":0.02540601,""num_orders"":1},{""price"":62754.52,""size"":0.027714,""num_orders"":1},{""price"":62754.43,""size"":0.11762913,""num_orders"":1},{""price"":62754.0,""size"":0.0276,""num_orders"":1},{""price"":62753.97,""size"":8.064e-05,""num_orders"":1}]","[{""price"":62757.02,""size"":0.24610603,""num_orders"":7},{""price"":62757.03,""size"":3.7e-07,""num_orders"":2},{""price"":62757.04,""size"":0.02999958,""num_orders"":2},{""price"":62757.2,""size"":0.12747542,""num_orders"":1},{""price"":62758.0,""size"":0.0276,""num_orders"":1},{""price"":62758.61,""size"":0.05577063,""num_orders"":1},{""price"":62759.53,""size"":0.00027387,""num_orders"":4},{""price"":62759.7,""size"":0.12747034,""num_orders"":1},{""price"":62760.0,""size"":0.0276,""num_orders"":1},{""price"":62760.16,""size"":0.02190881,""num_orders"":4}]"
btc_usd_d10_20260708T041903Z,43,2026-07-08T05:02:03.843459Z,2026-07-08T05:02:03.843618Z,BTC-USD,10,ok,,132251825524,2026-07-08T05:02:03.098107961Z,0.7437477,0.89111603,-0.090141048025,62722.290000000001,62722.300000000003,62722.294999999998,0.010000000002,0.001594329417,"[{""price"":62722.29,""size"":0.16963725,""num_orders"":5},{""price"":62722.28,""size"":0.03000015,""num_orders"":2},{""price"":62722.27,""size"":0.15619671,""num_orders"":3},{""price"":62722.26,""size"":0.03,""num_orders"":1},{""price"":62722.0,""size"":0.0261,""num_orders"":1},{""price"":62720.72,""size"":0.04462053,""num_orders"":1},{""price"":62720.0,""size"":0.0261,""num_orders"":1},{""price"":62719.21,""size"":0.09562032,""num_orders"":1},{""price"":62719.15,""size"":0.00797205,""num_orders"":1},{""price"":62718.26,""size"":0.15750069,""num_orders"":1}]","[{""price"":62722.3,""size"":0.54364988,""num_orders"":5},{""price"":62722.31,""size"":1.9e-07,""num_orders"":1},{""price"":62722.32,""size"":2e-07,""num_orders"":1},{""price"":62724.92,""size"":0.00485,""num_orders"":1},{""price"":62724.98,""size"":0.12754089,""num_orders"":1},{""price"":62725.0,""size"":1.8e-05,""num_orders"":1},{""price"":62726.0,""size"":0.0261,""num_orders"":1},{""price"":62726.01,""size"":0.09562032,""num_orders"":1},{""price"":62726.02,""size"":0.04791756,""num_orders"":1},{""price"":62726.03,""size"":0.04541899,""num_orders"":1}]"
btc_usd_d10_20260708T041903Z,44,2026-07-08T05:03:03.843459Z,2026-07-08T05:03:03.843616Z,BTC-USD,10,ok,,132251858208,2026-07-08T05:03:02.544270444Z,0.5374264,1.04193389,-0.319437871899,62712.599999999999,62712.610000000001,62712.604999999996,0.010000000002,0.001594575764,"[{""price"":62712.6,""size"":0.17888692,""num_orders"":5},{""price"":62712.59,""size"":1.8e-07,""num_orders"":1},{""price"":62712.58,""size"":0.03000019,""num_orders"":2},{""price"":62711.03,""size"":0.05581015,""num_orders"":1},{""price"":62709.54,""size"":0.00160981,""num_orders"":1},{""price"":62708.91,""size"":0.06976268,""num_orders"":1},{""price"":62708.9,""size"":3.89e-05,""num_orders"":1},{""price"":62708.72,""size"":0.17939079,""num_orders"":1},{""price"":62708.71,""size"":0.01196006,""num_orders"":2},{""price"":62708.67,""size"":0.00996672,""num_orders"":2}]","[{""price"":62712.61,""size"":0.66370042,""num_orders"":6},{""price"":62712.62,""size"":1.5e-07,""num_orders"":1},{""price"":62712.64,""size"":1.6e-07,""num_orders"":1},{""price"":62712.73,""size"":0.00027131,""num_orders"":1},{""price"":62713.08,""size"":0.12756509,""num_orders"":1},{""price"":62713.13,""size"":0.0037969,""num_orders"":1},{""price"":62713.18,""size"":0.023,""num_orders"":1},{""price"":62713.42,""size"":0.00041643,""num_orders"":2},{""price"":62714.05,""size"":0.09562032,""num_orders"":1},{""price"":62714.06,""size"":0.12756311,""num_orders"":1}]"
btc_usd_d10_20260708T041903Z,45,2026-07-08T05:04:03.843459Z,2026-07-08T05:04:03.843590Z,BTC-USD,10,ok,,132251911281,2026-07-08T05:04:03.684497985Z,1.29619367,0.33592905,0.588353196872,62762.610000000001,62762.620000000003,62762.615000000005,0.010000000002,0.001593305187,"[{""price"":62762.61,""size"":0.53299852,""num_orders"":12},{""price"":62762.6,""size"":1.8e-07,""num_orders"":1},{""price"":62762.59,""size"":1.9e-07,""num_orders"":1},{""price"":62762.49,""size"":0.04791756,""num_orders"":1},{""price"":62762.48,""size"":0.37868957,""num_orders"":2},{""price"":62762.47,""size"":0.09562032,""num_orders"":1},{""price"":62762.0,""size"":0.0429,""num_orders"":1},{""price"":62761.59,""size"":0.04,""num_orders"":1},{""price"":62761.16,""size"":0.12746735,""num_orders"":1},{""price"":62760.85,""size"":0.03059998,""num_orders"":1}]","[{""price"":62762.62,""size"":0.06398207,""num_orders"":4},{""price"":62762.64,""size"":0.03000037,""num_orders"":3},{""price"":62763.58,""size"":0.00146511,""num_orders"":1},{""price"":62763.6,""size"":1.117e-05,""num_orders"":1},{""price"":62765.13,""size"":0.00027384,""num_orders"":4},{""price"":62765.76,""size"":0.02190685,""num_orders"":4},{""price"":62767.46,""size"":1.8e-05,""num_orders"":1},{""price"":62767.7,""size"":0.04791756,""num_orders"":1},{""price"":62767.71,""size"":0.12745408,""num_orders"":1},{""price"":62768.0,""size"":0.0429,""num_orders"":1}]"
btc_usd_d10_20260708T041903Z,46,2026-07-08T05:05:03.843459Z,2026-07-08T05:05:03.843613Z,BTC-USD,10,ok,,132251957345,2026-07-08T05:05:02.605048727Z,0.56134625,0.46234615,0.096708835584,62742.879999999997,62742.889999999999,62742.884999999995,0.010000000002,0.001593806214,"[{""price"":62742.88,""size"":0.13789968,""num_orders"":9},{""price"":62742.87,""size"":1.1e-07,""num_orders"":1},{""price"":62742.86,""size"":1.5e-07,""num_orders"":1},{""price"":62742.75,""size"":0.02388313,""num_orders"":1},{""price"":62742.17,""size"":0.00159362,""num_orders"":1},{""price"":62742.0,""size"":0.0368,""num_orders"":1},{""price"":62741.22,""size"":0.00159362,""num_orders"":1},{""price"":62740.44,""size"":1.8e-05,""num_orders"":1},{""price"":62740.05,""size"":0.31275794,""num_orders"":2},{""price"":62740.0,""size"":0.0468,""num_orders"":2}]","[{""price"":62742.89,""size"":0.07210013,""num_orders"":5},{""price"":62742.9,""size"":2.7e-07,""num_orders"":1},{""price"":62742.91,""size"":2.9e-07,""num_orders"":1},{""price"":62743.72,""size"":0.00212251,""num_orders"":1},{""price"":62746.0,""size"":0.0368,""num_orders"":1},{""price"":62748.0,""size"":0.0368,""num_orders"":1},{""price"":62748.73,""size"":0.12749263,""num_orders"":1},{""price"":62749.99,""size"":0.09562032,""num_orders"":1},{""price"":62750.0,""size"":0.0368,""num_orders"":1},{""price"":62750.21,""size"":0.05461,""num_orders"":1}]"
btc_usd_d10_20260708T041903Z,47,2026-07-08T05:06:03.843459Z,2026-07-08T05:06:03.843592Z,BTC-USD,10,ok,,132251994447,2026-07-08T05:06:03.684784914Z,1.65070898,0.20341091,0.780584943728,62767.449999999997,62767.459999999999,62767.455000000002,0.010000000002,0.001593182327,"[{""price"":62767.45,""size"":0.78962294,""num_orders"":14},{""price"":62767.44,""size"":0.05,""num_orders"":2},{""price"":62767.43,""size"":0.05119975,""num_orders"":2},{""price"":62767.42,""size"":0.03,""num_orders"":1},{""price"":62766.0,""size"":0.0429,""num_orders"":1},{""price"":62765.88,""size"":0.05576138,""num_orders"":1},{""price"":62765.12,""size"":0.03059376,""num_orders"":1},{""price"":62764.69,""size"":0.34568556,""num_orders"":1},{""price"":62764.68,""size"":0.15932527,""num_orders"":1},{""price"":62764.53,""size"":0.09562032,""num_orders"":1}]","[{""price"":62767.46,""size"":0.07037809,""num_orders"":3},{""price"":62767.47,""size"":1.4e-07,""num_orders"":1},{""price"":62767.48,""size"":1.5e-07,""num_orders"":1},{""price"":62769.97,""size"":0.00027381,""num_orders"":4},{""price"":62770.6,""size"":0.02190516,""num_orders"":4},{""price"":62771.32,""size"":1.8e-05,""num_orders"":1},{""price"":62772.0,""size"":0.0429,""num_orders"":1},{""price"":62773.55,""size"":0.04791756,""num_orders"":1},{""price"":62775.17,""size"":0.02,""num_orders"":1},{""price"":62775.18,""size"":1.8e-05,""num_orders"":1}]"
btc_usd_d10_20260708T041903Z,48,2026-07-08T05:07:03.843459Z,2026-07-08T05:07:03.843609Z,BTC-USD,10,ok,,132252044745,2026-07-08T05:07:02.043563296Z,0.87091606,0.39667623,0.374126470902,62806.209999999999,62806.220000000001,62806.214999999997,0.010000000002,0.001592199116,"[{""price"":62806.21,""size"":0.33973348,""num_orders"":9},{""price"":62806.2,""size"":1.4e-07,""num_orders"":1},{""price"":62806.19,""size"":1.5e-07,""num_orders"":1},{""price"":62806.0,""size"":0.0429,""num_orders"":1},{""price"":62805.34,""size"":0.00011655,""num_orders"":1},{""price"":62805.33,""size"":0.01057091,""num_orders"":1},{""price"":62804.16,""size"":0.19457446,""num_orders"":1},{""price"":62804.15,""size"":0.12738011,""num_orders"":1},{""price"":62804.14,""size"":0.09562032,""num_orders"":1},{""price"":62804.11,""size"":0.06001994,""num_orders"":1}]","[{""price"":62806.22,""size"":0.09543009,""num_orders"":4},{""price"":62806.23,""size"":1.9e-07,""num_orders"":1},{""price"":62806.24,""size"":2e-07,""num_orders"":1},{""price"":62807.79,""size"":0.05572735,""num_orders"":1},{""price"":62808.73,""size"":4.975e-05,""num_orders"":1},{""price"":62809.36,""size"":0.0039803,""num_orders"":1},{""price"":62809.55,""size"":0.12736917,""num_orders"":1},{""price"":62809.91,""size"":0.06965918,""num_orders"":1},{""price"":62810.0,""size"":0.0429,""num_orders"":1},{""price"":62811.24,""size"":0.00156,""num_orders"":1}]"
btc_usd_d10_20260708T041903Z,49,2026-07-08T05:08:03.843459Z,2026-07-08T05:08:03.843619Z,BTC-USD,10,ok,,132252083653,2026-07-08T05:08:03.190336875Z,0.49112231,0.63775291,-0.129890883777,62763.599999999999,62763.610000000001,62763.604999999996,0.010000000002,0.001593280055,"[{""price"":62763.6,""size"":0.08906194,""num_orders"":3},{""price"":62762.0,""size"":0.0387,""num_orders"":1},{""price"":62760.91,""size"":0.12746786,""num_orders"":1},{""price"":62760.46,""size"":0.0159336,""num_orders"":2},{""price"":62760.0,""size"":0.0487,""num_orders"":2},{""price"":62759.74,""size"":1.8e-05,""num_orders"":1},{""price"":62759.44,""size"":0.09562032,""num_orders"":1},{""price"":62759.43,""size"":0.04791756,""num_orders"":1},{""price"":62759.41,""size"":0.027702,""num_orders"":1},{""price"":62758.17,""size"":1.03e-06,""num_orders"":1}]","[{""price"":62763.61,""size"":0.13588494,""num_orders"":3},{""price"":62763.62,""size"":0.03,""num_orders"":1},{""price"":62763.64,""size"":0.03,""num_orders"":1},{""price"":62765.18,""size"":0.0557648,""num_orders"":1},{""price"":62765.83,""size"":0.05579257,""num_orders"":1},{""price"":62765.85,""size"":0.17252925,""num_orders"":2},{""price"":62766.0,""size"":0.0387,""num_orders"":1},{""price"":62766.15,""size"":0.04779635,""num_orders"":1},{""price"":62767.26,""size"":0.001579,""num_orders"":1},{""price"":62767.3,""size"":0.069706,""num_orders"":1}]"
btc_usd_d10_20260708T041903Z,50,2026-07-08T05:09:03.843459Z,2026-07-08T05:09:03.843628Z,BTC-USD,10,ok,,132252120326,2026-07-08T05:09:01.678328652Z,1.22666599,0.16752709,0.759678781364,62776.349999999999,62776.360000000001,62776.354999999996,0.010000000002,0.001592956457,"[{""price"":62776.35,""size"":0.269314,""num_orders"":5},{""price"":62776.32,""size"":0.09562032,""num_orders"":1},{""price"":62776.31,""size"":0.3675448,""num_orders"":2},{""price"":62776.0,""size"":0.0406,""num_orders"":1},{""price"":62775.34,""size"":1.6e-07,""num_orders"":1},{""price"":62774.0,""size"":0.23390184,""num_orders"":2},{""price"":62773.11,""size"":0.09562032,""num_orders"":1},{""price"":62772.71,""size"":0.027709,""num_orders"":1},{""price"":62772.43,""size"":0.05575555,""num_orders"":1},{""price"":62772.0,""size"":0.0406,""num_orders"":1}]","[{""price"":62776.36,""size"":1.6e-07,""num_orders"":1},{""price"":62776.53,""size"":7.467e-05,""num_orders"":2},{""price"":62777.16,""size"":0.00597351,""num_orders"":2},{""price"":62779.94,""size"":0.01536619,""num_orders"":1},{""price"":62779.96,""size"":3.3e-07,""num_orders"":2},{""price"":62782.0,""size"":0.0406,""num_orders"":1},{""price"":62782.45,""size"":0.0001991,""num_orders"":2},{""price"":62782.65,""size"":0.05579257,""num_orders"":1},{""price"":62782.66,""size"":0.04791756,""num_orders"":1},{""price"":62782.76,""size"":0.001603,""num_orders"":1}]"
btc_usd_d10_20260708T041903Z,51,2026-07-08T05:10:03.843459Z,2026-07-08T05:10:03.843597Z,BTC-USD,10,ok,,132252154201,2026-07-08T05:10:02.547844517Z,0.44495796,0.66712489,-0.199775520322,62782.900000000001,62782.910000000003,62782.904999999999,0.010000000002,0.001592790267,"[{""price"":62782.9,""size"":0.05706002,""num_orders"":4},{""price"":62782.89,""size"":1.2e-07,""num_orders"":1},{""price"":62782.88,""size"":1.3e-07,""num_orders"":1},{""price"":62781.3,""size"":0.04792758,""num_orders"":2},{""price"":62780.02,""size"":0.09562032,""num_orders"":1},{""price"":62780.0,""size"":0.0486,""num_orders"":2},{""price"":62779.04,""size"":1.8e-05,""num_orders"":1},{""price"":62778.85,""size"":0.027698,""num_orders"":1},{""price"":62778.0,""size"":0.0406,""num_orders"":1},{""price"":62777.69,""size"":0.12743379,""num_orders"":1}]","[{""price"":62782.91,""size"":0.36635725,""num_orders"":8},{""price"":62782.92,""size"":3e-07,""num_orders"":1},{""price"":62782.93,""size"":3.1e-07,""num_orders"":1},{""price"":62783.99,""size"":0.02,""num_orders"":1},{""price"":62784.0,""size"":0.0386,""num_orders"":1},{""price"":62784.47,""size"":0.02,""num_orders"":1},{""price"":62784.48,""size"":0.05574765,""num_orders"":1},{""price"":62784.53,""size"":0.02,""num_orders"":1},{""price"":62784.54,""size"":0.1274199,""num_orders"":1},{""price"":62785.56,""size"":0.01899948,""num_orders"":1}]"
btc_usd_d10_20260708T041903Z,52,2026-07-08T05:11:03.843459Z,2026-07-08T05:11:03.843624Z,BTC-USD,10,ok,,132252189231,2026-07-08T05:11:02.620119928Z,0.31835952,0.65035898,-0.342720263936,62786.040000000001,62786.050000000003,62786.044999999998,0.010000000002,0.00159271061,"[{""price"":62786.04,""size"":0.00371664,""num_orders"":3},{""price"":62786.03,""size"":0.02770354,""num_orders"":2},{""price"":62784.01,""size"":0.10849692,""num_orders"":2},{""price"":62784.0,""size"":0.0405,""num_orders"":1},{""price"":62782.97,""size"":0.001654,""num_orders"":1},{""price"":62782.92,""size"":0.04791756,""num_orders"":1},{""price"":62782.9,""size"":1.8e-05,""num_orders"":1},{""price"":62782.89,""size"":7.756e-05,""num_orders"":1},{""price"":62782.0,""size"":0.0405,""num_orders"":1},{""price"":62781.52,""size"":0.0477753,""num_orders"":1}]","[{""price"":62786.05,""size"":0.29995231,""num_orders"":6},{""price"":62786.06,""size"":2.4e-07,""num_orders"":1},{""price"":62786.07,""size"":2.5e-07,""num_orders"":1},{""price"":62787.72,""size"":0.12741345,""num_orders"":1},{""price"":62788.0,""size"":0.0426,""num_orders"":1},{""price"":62788.56,""size"":0.00027374,""num_orders"":4},{""price"":62789.19,""size"":0.02189867,""num_orders"":4},{""price"":62789.99,""size"":0.02,""num_orders"":1},{""price"":62790.0,""size"":0.0426,""num_orders"":1},{""price"":62790.22,""size"":0.09562032,""num_orders"":1}]"
btc_usd_d10_20260708T041903Z,53,2026-07-08T05:12:03.843459Z,2026-07-08T05:12:03.843587Z,BTC-USD,10,ok,,132252221648,2026-07-08T05:12:02.546285912Z,0.38345146,1.20089387,-0.51594964464,62768.900000000001,62768.910000000003,62768.904999999999,0.010000000002,0.001593145524,"[{""price"":62768.9,""size"":0.06946814,""num_orders"":7},{""price"":62768.89,""size"":1.3e-07,""num_orders"":1},{""price"":62768.88,""size"":1.4e-07,""num_orders"":1},{""price"":62767.46,""size"":1.8e-05,""num_orders"":1},{""price"":62766.05,""size"":0.09562032,""num_orders"":1},{""price"":62766.01,""size"":0.04791756,""num_orders"":1},{""price"":62766.0,""size"":0.0429,""num_orders"":1},{""price"":62765.76,""size"":0.02190685,""num_orders"":4},{""price"":62765.0,""size"":0.01,""num_orders"":1},{""price"":62764.13,""size"":0.09562032,""num_orders"":1}]","[{""price"":62768.91,""size"":0.52513085,""num_orders"":10},{""price"":62768.92,""size"":0.03000025,""num_orders"":2},{""price"":62768.93,""size"":2.6e-07,""num_orders"":1},{""price"":62768.94,""size"":0.03,""num_orders"":1},{""price"":62770.48,""size"":0.05576009,""num_orders"":1},{""price"":62771.41,""size"":0.04791756,""num_orders"":1},{""price"":62771.44,""size"":0.1303347,""num_orders"":3},{""price"":62772.0,""size"":0.0429,""num_orders"":1},{""price"":62772.39,""size"":0.24322984,""num_orders"":1},{""price"":62772.4,""size"":0.09562032,""num_orders"":1}]"
btc_usd_d10_20260708T041903Z,54,2026-07-08T05:13:03.843459Z,2026-07-08T05:13:03.843631Z,BTC-USD,10,ok,,132252254645,2026-07-08T05:13:03.033976464Z,0.34367765,1.13424724,-0.534918652057,62752.029999999999,62752.040000000001,62752.035000000003,0.010000000002,0.001593573818,"[{""price"":62752.03,""size"":0.01971171,""num_orders"":3},{""price"":62752.02,""size"":0.05274795,""num_orders"":4},{""price"":62752.01,""size"":1.4e-07,""num_orders"":1},{""price"":62750.27,""size"":0.0315813,""num_orders"":1},{""price"":62750.0,""size"":0.0529,""num_orders"":2},{""price"":62749.52,""size"":0.13136305,""num_orders"":1},{""price"":62749.51,""size"":0.04780478,""num_orders"":1},{""price"":62749.0,""size"":0.00157452,""num_orders"":1},{""price"":62748.88,""size"":0.0059762,""num_orders"":2},{""price"":62748.16,""size"":1.8e-05,""num_orders"":1}]","[{""price"":62752.04,""size"":0.10325526,""num_orders"":3},{""price"":62753.13,""size"":0.12748369,""num_orders"":1},{""price"":62753.27,""size"":0.09562032,""num_orders"":1},{""price"":62753.28,""size"":0.05579257,""num_orders"":1},{""price"":62753.61,""size"":0.05577508,""num_orders"":1},{""price"":62754.47,""size"":0.02,""num_orders"":1},{""price"":62755.87,""size"":0.02,""num_orders"":1},{""price"":62755.88,""size"":0.11562032,""num_orders"":2},{""price"":62755.89,""size"":0.5,""num_orders"":2},{""price"":62756.0,""size"":0.0407,""num_orders"":1}]"
btc_usd_d10_20260708T041903Z,55,2026-07-08T05:14:03.843459Z,2026-07-08T05:14:03.843593Z,BTC-USD,10,ok,,132252284238,2026-07-08T05:14:01.533245152Z,0.37676783,0.64443298,-0.262108242942,62749,62749.010000000002,62749.005000000005,0.010000000002,0.001593650768,"[{""price"":62749.0,""size"":0.00171323,""num_orders"":3},{""price"":62748.86,""size"":0.01195241,""num_orders"":2},{""price"":62748.16,""size"":1.8e-05,""num_orders"":1},{""price"":62747.65,""size"":0.04780001,""num_orders"":1},{""price"":62747.15,""size"":0.00037652,""num_orders"":1},{""price"":62746.96,""size"":0.09562032,""num_orders"":1},{""price"":62746.0,""size"":0.0429,""num_orders"":1},{""price"":62745.86,""size"":0.00996081,""num_orders"":2},{""price"":62745.0,""size"":0.01,""num_orders"":1},{""price"":62744.72,""size"":0.15642653,""num_orders"":1}]","[{""price"":62749.01,""size"":0.19963579,""num_orders"":4},{""price"":62749.02,""size"":0.03,""num_orders"":1},{""price"":62749.03,""size"":2.3e-07,""num_orders"":1},{""price"":62749.04,""size"":0.03,""num_orders"":1},{""price"":62749.39,""size"":0.12749128,""num_orders"":1},{""price"":62750.57,""size"":0.02,""num_orders"":1},{""price"":62750.58,""size"":0.05577777,""num_orders"":1},{""price"":62751.9,""size"":0.00217039,""num_orders"":1},{""price"":62751.97,""size"":0.02,""num_orders"":1},{""price"":62751.98,""size"":0.15935752,""num_orders"":1}]"
btc_usd_d10_20260708T041903Z,56,2026-07-08T05:15:03.843459Z,2026-07-08T05:15:03.843620Z,BTC-USD,10,ok,,132252320290,2026-07-08T05:15:01.683928267Z,0.62244721,0.96313927,-0.214868166636,62746,62746.010000000002,62746.005000000005,0.010000000002,0.001593726963,"[{""price"":62746.0,""size"":0.07814672,""num_orders"":6},{""price"":62745.99,""size"":1.4e-07,""num_orders"":1},{""price"":62745.98,""size"":0.03000015,""num_orders"":2},{""price"":62745.13,""size"":1.7e-07,""num_orders"":1},{""price"":62742.86,""size"":0.02191484,""num_orders"":4},{""price"":62742.54,""size"":0.4,""num_orders"":2},{""price"":62742.0,""size"":0.0429,""num_orders"":1},{""price"":62740.92,""size"":0.04780657,""num_orders"":1},{""price"":62740.67,""size"":0.001621,""num_orders"":1},{""price"":62740.44,""size"":5.762e-05,""num_orders"":2}]","[{""price"":62746.01,""size"":0.20505112,""num_orders"":6},{""price"":62746.03,""size"":3.3e-07,""num_orders"":2},{""price"":62746.26,""size"":0.12749765,""num_orders"":1},{""price"":62747.7,""size"":0.02,""num_orders"":1},{""price"":62747.71,""size"":0.09562032,""num_orders"":1},{""price"":62747.72,""size"":0.12749468,""num_orders"":1},{""price"":62748.0,""size"":0.0429,""num_orders"":1},{""price"":62749.81,""size"":0.20605485,""num_orders"":1},{""price"":62749.82,""size"":0.09562032,""num_orders"":1},{""price"":62750.0,""size"":0.0429,""num_orders"":1}]"
btc_usd_d10_20260708T041903Z,57,2026-07-08T05:16:03.843459Z,2026-07-08T05:16:03.843595Z,BTC-USD,10,ok,,132252344785,2026-07-08T05:16:02.008626559Z,1.61757906,1.01152389,0.230517854008,62740.440000000002,62740.449999999997,62740.445,0.009999999995,0.001593868197,"[{""price"":62740.44,""size"":0.60905321,""num_orders"":14},{""price"":62740.43,""size"":9e-08,""num_orders"":1},{""price"":62740.42,""size"":0.03000013,""num_orders"":2},{""price"":62740.04,""size"":0.00015939,""num_orders"":1},{""price"":62740.01,""size"":0.30926896,""num_orders"":1},{""price"":62740.0,""size"":0.0429,""num_orders"":1},{""price"":62739.24,""size"":0.1275119,""num_orders"":1},{""price"":62738.87,""size"":0.05578538,""num_orders"":1},{""price"":62738.0,""size"":0.0429,""num_orders"":1},{""price"":62737.89,""size"":0.4,""num_orders"":2}]","[{""price"":62740.45,""size"":0.16107195,""num_orders"":5},{""price"":62740.46,""size"":1.14e-06,""num_orders"":4},{""price"":62742.02,""size"":0.05578538,""num_orders"":1},{""price"":62742.46,""size"":0.09562032,""num_orders"":1},{""price"":62742.47,""size"":0.5,""num_orders"":2},{""price"":62744.14,""size"":0.06973173,""num_orders"":1},{""price"":62744.23,""size"":0.00166266,""num_orders"":1},{""price"":62744.46,""size"":0.1275013,""num_orders"":1},{""price"":62744.72,""size"":4.98e-05,""num_orders"":1},{""price"":62744.73,""size"":9.961e-05,""num_orders"":1}]"
btc_usd_d10_20260708T041903Z,58,2026-07-08T05:17:03.843459Z,2026-07-08T05:17:03.843623Z,BTC-USD,10,ok,,132252376192,2026-07-08T05:17:03.035306862Z,0.91284458,0.57299139,0.22872860589,62747.300000000003,62747.309999999998,62747.305,0.009999999995,0.001593693943,"[{""price"":62747.3,""size"":0.60665058,""num_orders"":12},{""price"":62747.29,""size"":2.7e-07,""num_orders"":2},{""price"":62747.28,""size"":0.03000012,""num_orders"":2},{""price"":62746.9,""size"":0.12749633,""num_orders"":1},{""price"":62746.0,""size"":0.0429,""num_orders"":1},{""price"":62745.73,""size"":0.05577928,""num_orders"":1},{""price"":62745.0,""size"":0.01,""num_orders"":1},{""price"":62744.31,""size"":0.02,""num_orders"":1},{""price"":62744.3,""size"":1.8e-05,""num_orders"":1},{""price"":62744.17,""size"":0.02,""num_orders"":1}]","[{""price"":62747.31,""size"":0.16549218,""num_orders"":3},{""price"":62747.32,""size"":1.8e-07,""num_orders"":1},{""price"":62748.88,""size"":0.05577928,""num_orders"":1},{""price"":62749.93,""size"":0.00079684,""num_orders"":1},{""price"":62751.0,""size"":0.06972411,""num_orders"":1},{""price"":62752.0,""size"":0.0429,""num_orders"":1},{""price"":62754.0,""size"":0.0429,""num_orders"":1},{""price"":62754.32,""size"":0.02,""num_orders"":1},{""price"":62754.33,""size"":0.12748124,""num_orders"":1},{""price"":62754.57,""size"":0.04791756,""num_orders"":1}]"
btc_usd_d10_20260708T041903Z,59,2026-07-08T05:18:03.843459Z,2026-07-08T05:18:03.843616Z,BTC-USD,10,ok,,132252408374,2026-07-08T05:18:01.689119850Z,0.33624675,0.85801935,-0.436898108386,62724.989999999998,62725,62724.994999999995,0.010000000002,0.001594260789,"[{""price"":62724.99,""size"":3.274e-05,""num_orders"":2},{""price"":62724.98,""size"":1.1e-07,""num_orders"":1},{""price"":62724.97,""size"":1.1e-07,""num_orders"":1},{""price"":62724.0,""size"":0.0429,""num_orders"":1},{""price"":62722.0,""size"":0.0429,""num_orders"":1},{""price"":62721.85,""size"":0.02192218,""num_orders"":4},{""price"":62721.15,""size"":0.04791756,""num_orders"":1},{""price"":62721.14,""size"":0.12267385,""num_orders"":2},{""price"":62721.13,""size"":0.0050002,""num_orders"":1},{""price"":62720.0,""size"":0.0529,""num_orders"":2}]","[{""price"":62725.0,""size"":0.51623712,""num_orders"":10},{""price"":62725.01,""size"":2e-07,""num_orders"":1},{""price"":62725.02,""size"":0.03,""num_orders"":1},{""price"":62725.03,""size"":2.1e-07,""num_orders"":1},{""price"":62725.26,""size"":0.02,""num_orders"":1},{""price"":62725.27,""size"":0.12754031,""num_orders"":1},{""price"":62726.13,""size"":0.02,""num_orders"":1},{""price"":62726.14,""size"":0.09562032,""num_orders"":1},{""price"":62726.25,""size"":0.00079713,""num_orders"":1},{""price"":62726.55,""size"":0.04782406,""num_orders"":1}]"
btc_usd_d10_20260708T073345Z,0,2026-07-08T07:33:45.453766Z,2026-07-08T07:33:45.453825Z,BTC-USD,10,ok,,132257960776,2026-07-08T07:33:43.167491041Z,1.11447916,0.1566638,0.753507190096,62782.129999999997,62782.139999999999,62782.134999999995,0.010000000002,0.001592809802,"[{""price"":62782.13,""size"":0.47096694,""num_orders"":11},{""price"":62782.12,""size"":1.8e-07,""num_orders"":1},{""price"":62782.11,""size"":1.9e-07,""num_orders"":1},{""price"":62782.02,""size"":0.19808609,""num_orders"":1},{""price"":62782.01,""size"":0.12742503,""num_orders"":1},{""price"":62782.0,""size"":0.0429,""num_orders"":1},{""price"":62778.75,""size"":0.02,""num_orders"":1},{""price"":62778.74,""size"":0.09562684,""num_orders"":1},{""price"":62778.73,""size"":0.1592896,""num_orders"":1},{""price"":62778.7,""size"":0.00018429,""num_orders"":1}]","[{""price"":62782.14,""size"":0.00131849,""num_orders"":2},{""price"":62782.81,""size"":1.9e-07,""num_orders"":1},{""price"":62784.13,""size"":0.00163922,""num_orders"":2},{""price"":62784.65,""size"":0.00164789,""num_orders"":2},{""price"":62784.76,""size"":0.00796372,""num_orders"":1},{""price"":62785.28,""size"":0.00199091,""num_orders"":1},{""price"":62787.95,""size"":0.00319954,""num_orders"":1},{""price"":62787.96,""size"":0.09562684,""num_orders"":1},{""price"":62788.0,""size"":0.0429,""num_orders"":1},{""price"":62788.38,""size"":0.000377,""num_orders"":1}]"
btc_usd_d10_20260708T073345Z,1,2026-07-08T07:34:45.453766Z,2026-07-08T07:34:45.453923Z,BTC-USD,10,ok,,132258009889,2026-07-08T07:34:44.684069487Z,0.56180986,0.21403316,0.448256530039,62828.5,62828.510000000002,62828.505000000005,0.010000000002,0.001591634243,"[{""price"":62828.5,""size"":0.29150067,""num_orders"":9},{""price"":62828.49,""size"":1.8e-07,""num_orders"":1},{""price"":62828.48,""size"":1.9e-07,""num_orders"":1},{""price"":62828.01,""size"":0.11459798,""num_orders"":2},{""price"":62828.0,""size"":0.0429,""num_orders"":1},{""price"":62826.93,""size"":0.01782707,""num_orders"":1},{""price"":62826.83,""size"":0.04774552,""num_orders"":1},{""price"":62826.0,""size"":0.0429,""num_orders"":1},{""price"":62825.76,""size"":0.00113871,""num_orders"":1},{""price"":62825.01,""size"":0.00319954,""num_orders"":1}]","[{""price"":62828.51,""size"":0.00014922,""num_orders"":2},{""price"":62829.14,""size"":0.01193714,""num_orders"":2},{""price"":62829.7,""size"":1.8e-05,""num_orders"":1},{""price"":62829.88,""size"":0.12732796,""num_orders"":1},{""price"":62831.02,""size"":0.00012434,""num_orders"":2},{""price"":62831.03,""size"":2.9e-07,""num_orders"":2},{""price"":62831.65,""size"":0.00994721,""num_orders"":2},{""price"":62832.0,""size"":0.0429,""num_orders"":1},{""price"":62832.04,""size"":0.001629,""num_orders"":1},{""price"":62832.29,""size"":0.02,""num_orders"":1}]"
btc_usd_d10_20260708T073345Z,2,2026-07-08T07:35:45.453766Z,2026-07-08T07:35:45.453899Z,BTC-USD,10,ok,,132258053457,2026-07-08T07:35:43.131090602Z,0.36654258,0.8747646,-0.409424861298,62790.019999999997,62790.029999999999,62790.024999999994,0.010000000002,0.001592609654,"[{""price"":62790.02,""size"":0.01000015,""num_orders"":2},{""price"":62790.01,""size"":4.236e-05,""num_orders"":1},{""price"":62790.0,""size"":0.04070012,""num_orders"":2},{""price"":62789.56,""size"":1.3e-07,""num_orders"":1},{""price"":62789.0,""size"":1.8e-05,""num_orders"":1},{""price"":62788.01,""size"":0.04805891,""num_orders"":1},{""price"":62788.0,""size"":0.0407,""num_orders"":1},{""price"":62787.28,""size"":0.09562684,""num_orders"":1},{""price"":62787.27,""size"":0.12741435,""num_orders"":1},{""price"":62786.86,""size"":0.00398172,""num_orders"":1}]","[{""price"":62790.03,""size"":2.1e-07,""num_orders"":1},{""price"":62791.07,""size"":0.00319954,""num_orders"":1},{""price"":62792.42,""size"":0.02,""num_orders"":1},{""price"":62792.43,""size"":0.15924097,""num_orders"":1},{""price"":62792.44,""size"":0.08199442,""num_orders"":1},{""price"":62792.7,""size"":0.05574015,""num_orders"":1},{""price"":62792.72,""size"":2.5e-07,""num_orders"":1},{""price"":62793.26,""size"":0.12740221,""num_orders"":1},{""price"":62793.32,""size"":0.001598,""num_orders"":1},{""price"":62793.98,""size"":0.42558885,""num_orders"":3}]"
btc_usd_d10_20260708T073345Z,3,2026-07-08T07:36:45.453766Z,2026-07-08T07:36:45.453895Z,BTC-USD,10,ok,,132258084881,2026-07-08T07:36:43.676686237Z,0.15429267,1.56835034,-0.820865183205,62792.699999999997,62792.709999999999,62792.705000000002,0.010000000002,0.001592541682,"[{""price"":62792.7,""size"":5.74e-05,""num_orders"":3},{""price"":62792.68,""size"":1e-07,""num_orders"":1},{""price"":62790.67,""size"":1.245e-05,""num_orders"":1},{""price"":62790.01,""size"":0.00319937,""num_orders"":1},{""price"":62790.0,""size"":0.0487,""num_orders"":2},{""price"":62789.56,""size"":0.01393544,""num_orders"":3},{""price"":62789.0,""size"":1.8e-05,""num_orders"":1},{""price"":62788.76,""size"":0.001611,""num_orders"":1},{""price"":62788.01,""size"":0.04805891,""num_orders"":1},{""price"":62788.0,""size"":0.0387,""num_orders"":1}]","[{""price"":62792.71,""size"":0.82355083,""num_orders"":9},{""price"":62792.72,""size"":0.03000031,""num_orders"":2},{""price"":62792.74,""size"":0.03,""num_orders"":1},{""price"":62793.39,""size"":0.09562684,""num_orders"":1},{""price"":62794.0,""size"":0.0387,""num_orders"":1},{""price"":62794.26,""size"":0.02,""num_orders"":1},{""price"":62794.27,""size"":0.34273714,""num_orders"":1},{""price"":62794.28,""size"":0.05573895,""num_orders"":1},{""price"":62794.5,""size"":0.1312,""num_orders"":1},{""price"":62794.84,""size"":0.00079627,""num_orders"":1}]"
btc_usd_d10_20260708T073345Z,4,2026-07-08T07:37:45.453766Z,2026-07-08T07:37:45.453930Z,BTC-USD,10,ok,,132258113340,2026-07-08T07:37:44.105055488Z,0.20804902,0.6982657,-0.540890122583,62771.059999999998,62771.07,62771.065000000002,0.010000000002,0.001593090702,"[{""price"":62771.06,""size"":1e-07,""num_orders"":1},{""price"":62771.05,""size"":1e-07,""num_orders"":1},{""price"":62771.04,""size"":1.1e-07,""num_orders"":1},{""price"":62770.5,""size"":1.8e-05,""num_orders"":1},{""price"":62770.03,""size"":0.00133987,""num_orders"":1},{""price"":62770.02,""size"":0.027832,""num_orders"":1},{""price"":62770.0,""size"":0.0387,""num_orders"":1},{""price"":62768.41,""size"":0.001632,""num_orders"":1},{""price"":62768.11,""size"":0.09562684,""num_orders"":1},{""price"":62768.0,""size"":0.0429,""num_orders"":1}]","[{""price"":62771.07,""size"":0.1349089,""num_orders"":6},{""price"":62771.08,""size"":0.0300003,""num_orders"":2},{""price"":62771.1,""size"":0.03,""num_orders"":1},{""price"":62771.99,""size"":0.02,""num_orders"":1},{""price"":62772.0,""size"":0.09562684,""num_orders"":1},{""price"":62772.33,""size"":0.12744469,""num_orders"":1},{""price"":62772.64,""size"":0.05575817,""num_orders"":1},{""price"":62774.0,""size"":0.0429,""num_orders"":1},{""price"":62774.19,""size"":0.09562684,""num_orders"":1},{""price"":62774.31,""size"":0.06599996,""num_orders"":1}]"
btc_usd_d10_20260708T073345Z,5,2026-07-08T07:38:45.453766Z,2026-07-08T07:38:45.453924Z,BTC-USD,10,ok,,132258142422,2026-07-08T07:38:43.180850373Z,0.37441363,0.55645309,-0.195559102167,62744,62744.010000000002,62744.005000000005,0.010000000002,0.001593777764,"[{""price"":62744.0,""size"":0.04072092,""num_orders"":2},{""price"":62743.08,""size"":0.00159982,""num_orders"":1},{""price"":62743.07,""size"":0.04781558,""num_orders"":1},{""price"":62743.04,""size"":0.01019708,""num_orders"":1},{""price"":62742.68,""size"":0.01019708,""num_orders"":1},{""price"":62742.02,""size"":0.09562684,""num_orders"":1},{""price"":62742.01,""size"":1.5e-07,""num_orders"":1},{""price"":62742.0,""size"":0.0407,""num_orders"":1},{""price"":62741.94,""size"":0.12750641,""num_orders"":1},{""price"":62741.46,""size"":4.975e-05,""num_orders"":2}]","[{""price"":62744.01,""size"":0.09718222,""num_orders"":3},{""price"":62744.8,""size"":0.00079688,""num_orders"":1},{""price"":62745.58,""size"":0.05578222,""num_orders"":1},{""price"":62746.42,""size"":0.001617,""num_orders"":1},{""price"":62746.97,""size"":0.00159972,""num_orders"":1},{""price"":62747.53,""size"":0.12749506,""num_orders"":1},{""price"":62747.69,""size"":0.06592538,""num_orders"":1},{""price"":62747.7,""size"":0.06972777,""num_orders"":1},{""price"":62748.0,""size"":0.0407,""num_orders"":1},{""price"":62749.8,""size"":0.09562684,""num_orders"":1}]"
btc_usd_d10_20260708T073345Z,6,2026-07-08T07:39:45.453766Z,2026-07-08T07:39:45.453896Z,BTC-USD,10,ok,,132258171032,2026-07-08T07:39:45.155673936Z,0.33141354,0.66951816,-0.337789901149,62723.360000000001,62723.370000000003,62723.365000000005,0.010000000002,0.001594302219,"[{""price"":62723.36,""size"":0.12551094,""num_orders"":3},{""price"":62723.35,""size"":1.2e-07,""num_orders"":1},{""price"":62723.34,""size"":1.3e-07,""num_orders"":1},{""price"":62722.66,""size"":1.4e-07,""num_orders"":1},{""price"":62722.14,""size"":6e-08,""num_orders"":1},{""price"":62721.74,""size"":0.05580058,""num_orders"":1},{""price"":62720.22,""size"":0.01395085,""num_orders"":3},{""price"":62720.0,""size"":0.0332,""num_orders"":1},{""price"":62719.62,""size"":0.06975072,""num_orders"":1},{""price"":62718.0,""size"":0.0332,""num_orders"":1}]","[{""price"":62723.37,""size"":0.33223588,""num_orders"":17},{""price"":62723.39,""size"":4.3e-07,""num_orders"":2},{""price"":62723.4,""size"":0.02,""num_orders"":1},{""price"":62723.41,""size"":0.12754408,""num_orders"":1},{""price"":62724.0,""size"":0.0332,""num_orders"":1},{""price"":62724.88,""size"":0.02,""num_orders"":1},{""price"":62724.89,""size"":0.00091093,""num_orders"":1},{""price"":62724.94,""size"":0.02,""num_orders"":1},{""price"":62724.95,""size"":0.09562684,""num_orders"":1},{""price"":62724.96,""size"":0.02,""num_orders"":1}]"
btc_usd_d10_20260708T073345Z,7,2026-07-08T07:40:45.453766Z,2026-07-08T07:40:45.453900Z,BTC-USD,10,ok,,132258199487,2026-07-08T07:40:43.520798980Z,0.36213914,0.83388705,-0.394429414627,62750.019999999997,62750.029999999999,62750.024999999994,0.010000000002,0.001593624863,"[{""price"":62750.02,""size"":0.09369862,""num_orders"":5},{""price"":62750.0,""size"":1.6e-07,""num_orders"":1},{""price"":62748.1,""size"":0.05577703,""num_orders"":1},{""price"":62748.0,""size"":0.0348,""num_orders"":1},{""price"":62747.4,""size"":0.00204606,""num_orders"":1},{""price"":62746.12,""size"":0.09562684,""num_orders"":1},{""price"":62746.0,""size"":0.03479996,""num_orders"":1},{""price"":62745.98,""size"":0.02379547,""num_orders"":1},{""price"":62745.27,""size"":0.001595,""num_orders"":1},{""price"":62744.16,""size"":0.02,""num_orders"":1}]","[{""price"":62750.03,""size"":0.35848743,""num_orders"":11},{""price"":62750.04,""size"":1.6e-07,""num_orders"":1},{""price"":62750.05,""size"":1.6e-07,""num_orders"":1},{""price"":62750.77,""size"":2.305e-05,""num_orders"":1},{""price"":62750.79,""size"":0.00966797,""num_orders"":1},{""price"":62750.82,""size"":0.04780976,""num_orders"":1},{""price"":62751.22,""size"":0.16794693,""num_orders"":2},{""price"":62751.6,""size"":0.05577687,""num_orders"":1},{""price"":62752.0,""size"":0.034818,""num_orders"":2},{""price"":62752.3,""size"":0.15935672,""num_orders"":1}]"
btc_usd_d10_20260708T073345Z,8,2026-07-08T07:41:45.453766Z,2026-07-08T07:41:45.453892Z,BTC-USD,10,ok,,132258224709,2026-07-08T07:41:43.124339554Z,0.15190641,1.09131607,-0.755624737416,62740.900000000001,62740.910000000003,62740.904999999999,0.010000000002,0.001593856512,"[{""price"":62740.9,""size"":0.00032225,""num_orders"":4},{""price"":62740.89,""size"":1.2e-07,""num_orders"":1},{""price"":62740.88,""size"":1.1e-07,""num_orders"":1},{""price"":62738.02,""size"":0.0031994,""num_orders"":1},{""price"":62738.01,""size"":0.04805891,""num_orders"":1},{""price"":62738.0,""size"":0.0384,""num_orders"":1},{""price"":62737.76,""size"":0.02191662,""num_orders"":4},{""price"":62737.2,""size"":1.8e-05,""num_orders"":1},{""price"":62737.17,""size"":0.001591,""num_orders"":1},{""price"":62736.0,""size"":0.0384,""num_orders"":1}]","[{""price"":62740.91,""size"":0.75082088,""num_orders"":9},{""price"":62740.92,""size"":3.1e-07,""num_orders"":1},{""price"":62740.93,""size"":3.2e-07,""num_orders"":1},{""price"":62741.1,""size"":0.10650367,""num_orders"":1},{""price"":62741.71,""size"":0.04781748,""num_orders"":1},{""price"":62742.0,""size"":0.0384,""num_orders"":1},{""price"":62742.48,""size"":0.05578497,""num_orders"":1},{""price"":62742.55,""size"":0.03599422,""num_orders"":1},{""price"":62743.49,""size"":0.03599422,""num_orders"":1},{""price"":62744.23,""size"":0.02,""num_orders"":1}]"
btc_usd_d10_20260708T073345Z,9,2026-07-08T07:42:45.453766Z,2026-07-08T07:42:45.453911Z,BTC-USD,10,ok,,132258249610,2026-07-08T07:42:45.047117496Z,0.12627139,1.43569296,-0.838317193347,62732.93,62732.940000000002,62732.934999999998,0.010000000002,0.001594059006,"[{""price"":62732.93,""size"":0.01255069,""num_orders"":3},{""price"":62732.92,""size"":1.8e-07,""num_orders"":1},{""price"":62732.91,""size"":2e-07,""num_orders"":1},{""price"":62730.36,""size"":2.82e-06,""num_orders"":1},{""price"":62730.02,""size"":0.00319954,""num_orders"":1},{""price"":62730.01,""size"":0.04805891,""num_orders"":1},{""price"":62730.0,""size"":0.0429,""num_orders"":1},{""price"":62729.8,""size"":1.8e-05,""num_orders"":1},{""price"":62729.79,""size"":0.01793405,""num_orders"":3},{""price"":62728.42,""size"":0.001607,""num_orders"":1}]","[{""price"":62732.94,""size"":0.74382464,""num_orders"":8},{""price"":62732.96,""size"":3.7e-07,""num_orders"":2},{""price"":62733.28,""size"":0.06199613,""num_orders"":1},{""price"":62733.97,""size"":0.25149955,""num_orders"":1},{""price"":62734.51,""size"":0.05579206,""num_orders"":1},{""price"":62734.6,""size"":0.04899939,""num_orders"":1},{""price"":62735.36,""size"":0.15939974,""num_orders"":1},{""price"":62736.0,""size"":0.0429,""num_orders"":1},{""price"":62736.63,""size"":0.06974008,""num_orders"":1},{""price"":62736.74,""size"":0.001541,""num_orders"":1}]"
btc_usd_d10_20260708T073345Z,10,2026-07-08T07:43:45.453766Z,2026-07-08T07:43:45.453911Z,BTC-USD,10,ok,,132258277117,2026-07-08T07:43:42.557374128Z,0.41809208,0.39281861,0.031166773742,62746.019999999997,62746.029999999999,62746.024999999994,0.010000000002,0.001593726456,"[{""price"":62746.02,""size"":0.26129371,""num_orders"":7},{""price"":62746.0,""size"":0.04290014,""num_orders"":2},{""price"":62744.52,""size"":5.131e-05,""num_orders"":1},{""price"":62744.51,""size"":0.027716,""num_orders"":1},{""price"":62744.44,""size"":0.0417964,""num_orders"":1},{""price"":62744.01,""size"":0.00020523,""num_orders"":1},{""price"":62744.0,""size"":0.0429,""num_orders"":1},{""price"":62743.85,""size"":0.00041046,""num_orders"":1},{""price"":62743.84,""size"":0.00019396,""num_orders"":1},{""price"":62743.68,""size"":0.00062487,""num_orders"":1}]","[{""price"":62746.03,""size"":1.9e-07,""num_orders"":1},{""price"":62746.05,""size"":1.7e-07,""num_orders"":1},{""price"":62747.47,""size"":0.09562684,""num_orders"":1},{""price"":62747.48,""size"":0.12749516,""num_orders"":1},{""price"":62748.3,""size"":1.8e-05,""num_orders"":1},{""price"":62748.53,""size"":2.49e-05,""num_orders"":1},{""price"":62748.54,""size"":0.000249,""num_orders"":3},{""price"":62749.16,""size"":0.02199206,""num_orders"":2},{""price"":62749.17,""size"":0.01992058,""num_orders"":3},{""price"":62749.18,""size"":0.12749171,""num_orders"":1}]"
btc_usd_d10_20260708T073345Z,11,2026-07-08T07:44:45.453766Z,2026-07-08T07:44:45.453895Z,BTC-USD,10,ok,,132258312651,2026-07-08T07:44:45.088312582Z,0.40917509,0.3428561,0.088186488648,62766.18,62766.190000000002,62766.184999999998,0.010000000002,0.001593214563,"[{""price"":62766.18,""size"":0.16733648,""num_orders"":5},{""price"":62766.17,""size"":1.7e-07,""num_orders"":1},{""price"":62766.16,""size"":1.8e-07,""num_orders"":1},{""price"":62766.14,""size"":1.7e-07,""num_orders"":1},{""price"":62766.13,""size"":1.8e-07,""num_orders"":1},{""price"":62764.46,""size"":0.00319859,""num_orders"":1},{""price"":62764.45,""size"":0.14070866,""num_orders"":1},{""price"":62764.44,""size"":0.05576266,""num_orders"":1},{""price"":62764.0,""size"":0.0406,""num_orders"":1},{""price"":62763.72,""size"":0.001568,""num_orders"":1}]","[{""price"":62766.19,""size"":0.05576272,""num_orders"":2},{""price"":62766.21,""size"":4.8e-07,""num_orders"":2},{""price"":62766.34,""size"":0.00026609,""num_orders"":1},{""price"":62767.06,""size"":0.09562684,""num_orders"":1},{""price"":62767.07,""size"":0.12745538,""num_orders"":1},{""price"":62767.16,""size"":0.00053214,""num_orders"":1},{""price"":62767.18,""size"":0.00106428,""num_orders"":1},{""price"":62767.19,""size"":0.00212856,""num_orders"":1},{""price"":62767.76,""size"":0.0557625,""num_orders"":1},{""price"":62768.19,""size"":0.00425711,""num_orders"":1}]"
btc_usd_d10_20260708T073345Z,12,2026-07-08T07:45:45.453766Z,2026-07-08T07:45:45.453911Z,BTC-USD,10,ok,,132258341143,2026-07-08T07:45:45.047567798Z,0.37449389,0.822729,-0.374395706718,62754,62754.010000000002,62754.005000000005,0.010000000002,0.001593523792,"[{""price"":62754.0,""size"":0.13685531,""num_orders"":4},{""price"":62753.99,""size"":8e-08,""num_orders"":1},{""price"":62753.98,""size"":1.5e-07,""num_orders"":1},{""price"":62752.43,""size"":0.05577333,""num_orders"":1},{""price"":62752.0,""size"":0.0406,""num_orders"":1},{""price"":62750.32,""size"":0.00319954,""num_orders"":1},{""price"":62750.31,""size"":0.06971666,""num_orders"":1},{""price"":62750.0,""size"":0.0406,""num_orders"":1},{""price"":62749.98,""size"":0.02771,""num_orders"":1},{""price"":62749.13,""size"":3.882e-05,""num_orders"":1}]","[{""price"":62754.01,""size"":0.06333328,""num_orders"":4},{""price"":62754.03,""size"":3.5e-07,""num_orders"":2},{""price"":62754.18,""size"":0.12748155,""num_orders"":1},{""price"":62755.58,""size"":0.05577333,""num_orders"":1},{""price"":62756.0,""size"":0.0386,""num_orders"":1},{""price"":62756.87,""size"":0.09562684,""num_orders"":1},{""price"":62756.88,""size"":0.02,""num_orders"":1},{""price"":62756.9,""size"":0.02,""num_orders"":1},{""price"":62756.91,""size"":0.27443845,""num_orders"":1},{""price"":62757.31,""size"":0.1274752,""num_orders"":1}]"
btc_usd_d10_20260708T073345Z,13,2026-07-08T07:46:45.453766Z,2026-07-08T07:46:45.453904Z,BTC-USD,10,ok,,132258368589,2026-07-08T07:46:44.128938398Z,0.14251864,0.63685394,-0.634273404897,62756.870000000003,62756.879999999997,62756.875,0.009999999995,0.001593450916,"[{""price"":62756.87,""size"":0.01356393,""num_orders"":3},{""price"":62756.86,""size"":2.1e-07,""num_orders"":2},{""price"":62756.85,""size"":1.1e-07,""num_orders"":1},{""price"":62755.94,""size"":0.00319798,""num_orders"":1},{""price"":62755.93,""size"":0.04779941,""num_orders"":1},{""price"":62755.7,""size"":1.8e-05,""num_orders"":1},{""price"":62755.44,""size"":0.027707,""num_orders"":1},{""price"":62755.0,""size"":0.01,""num_orders"":1},{""price"":62754.45,""size"":0.001632,""num_orders"":1},{""price"":62754.0,""size"":0.0386,""num_orders"":1}]","[{""price"":62756.88,""size"":0.05577078,""num_orders"":1},{""price"":62756.89,""size"":4.9e-07,""num_orders"":2},{""price"":62758.0,""size"":0.0385,""num_orders"":1},{""price"":62758.38,""size"":3.677e-05,""num_orders"":1},{""price"":62758.44,""size"":0.02,""num_orders"":1},{""price"":62758.45,""size"":0.05577078,""num_orders"":1},{""price"":62759.17,""size"":0.02,""num_orders"":1},{""price"":62759.18,""size"":0.31923025,""num_orders"":1},{""price"":62759.21,""size"":0.12747133,""num_orders"":1},{""price"":62759.38,""size"":7.354e-05,""num_orders"":1}]"
btc_usd_d10_20260708T073345Z,14,2026-07-08T07:47:45.453766Z,2026-07-08T07:47:45.453920Z,BTC-USD,10,ok,,132258389219,2026-07-08T07:47:42.671500366Z,1.54220808,0.55072395,0.47372973216,62774.190000000002,62774.199999999997,62774.195,0.009999999995,0.001593011268,"[{""price"":62774.19,""size"":0.81347002,""num_orders"":10},{""price"":62774.18,""size"":0.03000025,""num_orders"":2},{""price"":62774.17,""size"":2.8e-07,""num_orders"":1},{""price"":62774.16,""size"":0.0300003,""num_orders"":2},{""price"":62774.01,""size"":0.12826738,""num_orders"":3},{""price"":62774.0,""size"":0.0424,""num_orders"":1},{""price"":62772.62,""size"":0.05575539,""num_orders"":1},{""price"":62772.27,""size"":0.12744479,""num_orders"":1},{""price"":62771.52,""size"":0.21924283,""num_orders"":1},{""price"":62771.51,""size"":0.09562684,""num_orders"":1}]","[{""price"":62774.2,""size"":1.8e-05,""num_orders"":1},{""price"":62776.71,""size"":0.00017423,""num_orders"":3},{""price"":62777.34,""size"":0.01393815,""num_orders"":3},{""price"":62777.9,""size"":1.8e-05,""num_orders"":1},{""price"":62778.05,""size"":0.12743307,""num_orders"":1},{""price"":62778.98,""size"":0.09562684,""num_orders"":1},{""price"":62779.61,""size"":0.12742991,""num_orders"":1},{""price"":62780.0,""size"":0.0424,""num_orders"":1},{""price"":62780.9,""size"":0.09562684,""num_orders"":1},{""price"":62781.23,""size"":0.04805891,""num_orders"":1}]"
btc_usd_d10_20260708T073345Z,15,2026-07-08T07:48:45.453766Z,2026-07-08T07:48:45.453932Z,BTC-USD,10,ok,,132258417323,2026-07-08T07:48:44.036394662Z,1.00854677,0.26935011,0.578447816541,62776.220000000001,62776.230000000003,62776.225000000006,0.010000000002,0.001592959755,"[{""price"":62776.22,""size"":0.45439956,""num_orders"":9},{""price"":62776.21,""size"":1.3e-07,""num_orders"":1},{""price"":62776.2,""size"":1.4e-07,""num_orders"":1},{""price"":62776.03,""size"":0.00319798,""num_orders"":1},{""price"":62776.02,""size"":0.04805891,""num_orders"":1},{""price"":62776.0,""size"":0.0429,""num_orders"":1},{""price"":62775.53,""size"":0.027702,""num_orders"":1},{""price"":62774.8,""size"":0.18284505,""num_orders"":1},{""price"":62774.79,""size"":0.201655,""num_orders"":2},{""price"":62774.39,""size"":0.047788,""num_orders"":1}]","[{""price"":62776.23,""size"":0.05198661,""num_orders"":2},{""price"":62776.24,""size"":2.6e-07,""num_orders"":1},{""price"":62776.25,""size"":2.4e-07,""num_orders"":1},{""price"":62777.8,""size"":0.05575359,""num_orders"":1},{""price"":62778.01,""size"":0.12743316,""num_orders"":1},{""price"":62778.74,""size"":0.00014934,""num_orders"":2},{""price"":62779.13,""size"":0.001627,""num_orders"":1},{""price"":62779.37,""size"":0.0119466,""num_orders"":2},{""price"":62779.87,""size"":0.00079647,""num_orders"":1},{""price"":62779.92,""size"":0.01965684,""num_orders"":1}]"
btc_usd_d10_20260708T073345Z,16,2026-07-08T07:49:45.453766Z,2026-07-08T07:49:45.453926Z,BTC-USD,10,ok,,132258451229,2026-07-08T07:49:45.027694459Z,0.18244096,0.88588878,-0.658455712372,62810,62810.010000000002,62810.005000000005,0.010000000002,0.001592103042,"[{""price"":62810.0,""size"":0.00020053,""num_orders"":3},{""price"":62809.99,""size"":1.4e-07,""num_orders"":1},{""price"":62809.98,""size"":1.4e-07,""num_orders"":1},{""price"":62808.37,""size"":0.001636,""num_orders"":1},{""price"":62808.01,""size"":0.00012613,""num_orders"":1},{""price"":62808.0,""size"":0.0407,""num_orders"":1},{""price"":62806.02,""size"":0.00319893,""num_orders"":1},{""price"":62806.01,""size"":0.00025225,""num_orders"":1},{""price"":62806.0,""size"":0.0407,""num_orders"":1},{""price"":62805.61,""size"":0.09562684,""num_orders"":1}]","[{""price"":62810.01,""size"":0.15616277,""num_orders"":6},{""price"":62810.03,""size"":4.8e-07,""num_orders"":2},{""price"":62810.22,""size"":0.13334892,""num_orders"":1},{""price"":62810.23,""size"":0.12736779,""num_orders"":1},{""price"":62811.57,""size"":0.02,""num_orders"":1},{""price"":62811.58,""size"":0.0557236,""num_orders"":1},{""price"":62812.51,""size"":0.02,""num_orders"":1},{""price"":62812.52,""size"":9.95e-05,""num_orders"":1},{""price"":62812.57,""size"":0.02,""num_orders"":1},{""price"":62812.58,""size"":0.35318572,""num_orders"":2}]"
btc_usd_d10_20260708T073345Z,17,2026-07-08T07:50:45.453766Z,2026-07-08T07:50:45.453911Z,BTC-USD,10,ok,,132258489659,2026-07-08T07:50:43.540534240Z,0.10734236,1.13337309,-0.826966997147,62788.239999999998,62788.25,62788.244999999995,0.010000000002,0.001592654804,"[{""price"":62788.24,""size"":0.027698,""num_orders"":1},{""price"":62787.98,""size"":0.00199083,""num_orders"":1},{""price"":62787.96,""size"":0.00796331,""num_orders"":1},{""price"":62787.88,""size"":0.01194498,""num_orders"":2},{""price"":62786.86,""size"":3.87e-05,""num_orders"":1},{""price"":62786.0,""size"":0.0429,""num_orders"":1},{""price"":62785.41,""size"":0.001589,""num_orders"":1},{""price"":62785.3,""size"":1.8e-05,""num_orders"":1},{""price"":62785.0,""size"":0.01,""num_orders"":1},{""price"":62784.29,""size"":0.00319954,""num_orders"":1}]","[{""price"":62788.25,""size"":0.36327806,""num_orders"":7},{""price"":62788.73,""size"":0.1474114,""num_orders"":2},{""price"":62789.48,""size"":0.02,""num_orders"":1},{""price"":62790.0,""size"":0.0429,""num_orders"":1},{""price"":62791.63,""size"":0.09562684,""num_orders"":1},{""price"":62792.04,""size"":0.03100123,""num_orders"":1},{""price"":62792.05,""size"":0.0865332,""num_orders"":1},{""price"":62792.06,""size"":0.12740464,""num_orders"":1},{""price"":62793.54,""size"":0.09562684,""num_orders"":1},{""price"":62793.62,""size"":0.12359088,""num_orders"":3}]"
btc_usd_d10_20260708T073345Z,18,2026-07-08T07:51:45.453766Z,2026-07-08T07:51:45.453931Z,BTC-USD,10,ok,,132258523553,2026-07-08T07:51:45.046161432Z,2.49765128,0.35426408,0.751560593299,62826.800000000003,62826.809999999998,62826.805,0.009999999995,0.00159167731,"[{""price"":62826.8,""size"":0.4617705,""num_orders"":10},{""price"":62826.79,""size"":0.02742278,""num_orders"":4},{""price"":62826.78,""size"":1.5e-07,""num_orders"":1},{""price"":62826.76,""size"":1.5e-07,""num_orders"":1},{""price"":62826.58,""size"":0.09562684,""num_orders"":1},{""price"":62826.57,""size"":0.12733464,""num_orders"":1},{""price"":62826.32,""size"":0.64527708,""num_orders"":2},{""price"":62826.0,""size"":1.0429,""num_orders"":2},{""price"":62825.48,""size"":0.04775041,""num_orders"":1},{""price"":62825.22,""size"":0.04956873,""num_orders"":1}]","[{""price"":62826.81,""size"":0.05647844,""num_orders"":2},{""price"":62826.82,""size"":1.5e-07,""num_orders"":1},{""price"":62828.37,""size"":0.05570871,""num_orders"":1},{""price"":62829.32,""size"":0.00014922,""num_orders"":2},{""price"":62829.7,""size"":1.8e-05,""num_orders"":1},{""price"":62829.95,""size"":0.01193698,""num_orders"":2},{""price"":62830.49,""size"":0.06963589,""num_orders"":1},{""price"":62832.06,""size"":0.001608,""num_orders"":1},{""price"":62833.4,""size"":1.8e-05,""num_orders"":1},{""price"":62833.68,""size"":0.15871069,""num_orders"":1}]"
btc_usd_d10_20260708T073345Z,19,2026-07-08T07:52:45.453766Z,2026-07-08T07:52:45.453899Z,BTC-USD,10,ok,,132258551940,2026-07-08T07:52:44.564606029Z,1.22996555,0.7461007,0.244862665915,62814.110000000001,62814.120000000003,62814.115000000005,0.010000000002,0.001591998869,"[{""price"":62814.11,""size"":0.07088975,""num_orders"":5},{""price"":62814.1,""size"":1.3e-07,""num_orders"":1},{""price"":62814.09,""size"":1.4e-07,""num_orders"":1},{""price"":62814.01,""size"":0.00177953,""num_orders"":1},{""price"":62814.0,""size"":1.0429,""num_orders"":2},{""price"":62812.51,""size"":0.04805891,""num_orders"":1},{""price"":62812.0,""size"":0.0429,""num_orders"":1},{""price"":62810.97,""size"":0.01393069,""num_orders"":3},{""price"":62810.93,""size"":0.0079604,""num_orders"":1},{""price"":62810.2,""size"":0.001546,""num_orders"":1}]","[{""price"":62814.12,""size"":0.08554006,""num_orders"":3},{""price"":62814.14,""size"":0.03,""num_orders"":1},{""price"":62814.32,""size"":1.9e-07,""num_orders"":1},{""price"":62815.32,""size"":0.12735747,""num_orders"":1},{""price"":62815.87,""size"":0.04776457,""num_orders"":1},{""price"":62815.88,""size"":0.23443825,""num_orders"":1},{""price"":62815.89,""size"":0.05572046,""num_orders"":1},{""price"":62816.04,""size"":0.09562684,""num_orders"":1},{""price"":62816.06,""size"":2.6e-07,""num_orders"":1},{""price"":62817.12,""size"":0.0696526,""num_orders"":1}]"
btc_usd_d10_20260708T073345Z,20,2026-07-08T07:53:45.453766Z,2026-07-08T07:53:45.453856Z,BTC-USD,10,ok,,132258581555,2026-07-08T07:53:44.041604522Z,2.38546502,0.39050034,0.71865618669,62814.889999999999,62814.900000000001,62814.895000000004,0.010000000002,0.0015919791,"[{""price"":62814.89,""size"":0.27203017,""num_orders"":6},{""price"":62814.4,""size"":0.00107122,""num_orders"":1},{""price"":62814.39,""size"":0.00079599,""num_orders"":1},{""price"":62814.32,""size"":0.00159976,""num_orders"":1},{""price"":62814.02,""size"":0.04805891,""num_orders"":1},{""price"":62814.01,""size"":0.77785016,""num_orders"":1},{""price"":62814.0,""size"":1.0429,""num_orders"":2},{""price"":62813.83,""size"":0.00214244,""num_orders"":1},{""price"":62813.82,""size"":0.12873445,""num_orders"":1},{""price"":62813.81,""size"":0.11028192,""num_orders"":5}]","[{""price"":62814.9,""size"":1.8e-05,""num_orders"":1},{""price"":62816.33,""size"":0.00017412,""num_orders"":3},{""price"":62816.96,""size"":0.01392936,""num_orders"":3},{""price"":62817.69,""size"":0.15919084,""num_orders"":1},{""price"":62818.15,""size"":0.001546,""num_orders"":1},{""price"":62818.6,""size"":1.8e-05,""num_orders"":1},{""price"":62818.61,""size"":0.00047727,""num_orders"":1},{""price"":62819.59,""size"":9.7e-05,""num_orders"":1},{""price"":62819.71,""size"":0.11942291,""num_orders"":1},{""price"":62819.72,""size"":0.09562684,""num_orders"":1}]"
btc_usd_d10_20260708T073345Z,21,2026-07-08T07:54:45.453766Z,2026-07-08T07:54:45.453898Z,BTC-USD,10,ok,,132258616646,2026-07-08T07:54:43.016435870Z,1.85038282,0.73807533,0.429718166392,62844,62844.010000000002,62844.005000000005,0.010000000002,0.001591241679,"[{""price"":62844.0,""size"":1.382573,""num_orders"":9},{""price"":62843.99,""size"":1.6e-07,""num_orders"":1},{""price"":62843.98,""size"":1.7e-07,""num_orders"":1},{""price"":62842.45,""size"":0.00159971,""num_orders"":1},{""price"":62842.44,""size"":0.05886029,""num_orders"":1},{""price"":62842.43,""size"":0.05569345,""num_orders"":1},{""price"":62842.0,""size"":0.0429,""num_orders"":1},{""price"":62840.48,""size"":0.0477352,""num_orders"":1},{""price"":62840.3,""size"":0.06961682,""num_orders"":1},{""price"":62840.01,""size"":0.19140402,""num_orders"":1}]","[{""price"":62844.01,""size"":0.22446188,""num_orders"":4},{""price"":62844.03,""size"":3.6e-07,""num_orders"":2},{""price"":62845.57,""size"":0.00159983,""num_orders"":1},{""price"":62845.58,""size"":0.05569345,""num_orders"":1},{""price"":62846.44,""size"":0.2,""num_orders"":1},{""price"":62846.52,""size"":0.00012431,""num_orders"":2},{""price"":62846.81,""size"":0.03100088,""num_orders"":1},{""price"":62846.82,""size"":0.16719095,""num_orders"":1},{""price"":62847.15,""size"":0.00994476,""num_orders"":2},{""price"":62847.51,""size"":0.04805891,""num_orders"":1}]"
btc_usd_d10_20260708T073345Z,22,2026-07-08T07:55:45.453766Z,2026-07-08T07:55:45.453931Z,BTC-USD,10,ok,,132258647731,2026-07-08T07:55:43.540650738Z,1.02793586,0.40214487,0.437591372901,62839.93,62839.940000000002,62839.934999999998,0.010000000002,0.00159134474,"[{""price"":62839.93,""size"":0.33586876,""num_orders"":5},{""price"":62839.92,""size"":2.1e-07,""num_orders"":1},{""price"":62839.91,""size"":2.3e-07,""num_orders"":1},{""price"":62838.4,""size"":0.1478755,""num_orders"":2},{""price"":62838.39,""size"":0.04811452,""num_orders"":2},{""price"":62838.37,""size"":0.09562684,""num_orders"":1},{""price"":62838.35,""size"":0.05569707,""num_orders"":1},{""price"":62838.0,""size"":0.0429,""num_orders"":1},{""price"":62836.37,""size"":0.20622589,""num_orders"":2},{""price"":62836.36,""size"":0.09562684,""num_orders"":1}]","[{""price"":62839.94,""size"":1.5e-07,""num_orders"":1},{""price"":62839.96,""size"":0.12730785,""num_orders"":3},{""price"":62842.01,""size"":0.00161,""num_orders"":1},{""price"":62842.45,""size"":0.00027351,""num_orders"":4},{""price"":62842.67,""size"":0.12730205,""num_orders"":1},{""price"":62843.08,""size"":0.0218799,""num_orders"":4},{""price"":62843.62,""size"":0.03800512,""num_orders"":1},{""price"":62844.44,""size"":0.04774317,""num_orders"":1},{""price"":62844.5,""size"":1.8e-05,""num_orders"":1},{""price"":62844.57,""size"":0.03800512,""num_orders"":1}]"
btc_usd_d10_20260708T073345Z,23,2026-07-08T07:56:45.453766Z,2026-07-08T07:56:45.453937Z,BTC-USD,10,ok,,132258669634,2026-07-08T07:56:43.189845565Z,0.78589319,0.28105112,0.473166279878,62822.300000000003,62822.309999999998,62822.305,0.009999999995,0.001591791322,"[{""price"":62822.3,""size"":0.39961736,""num_orders"":10},{""price"":62822.29,""size"":2.4e-07,""num_orders"":2},{""price"":62822.28,""size"":1.1e-07,""num_orders"":1},{""price"":62822.0,""size"":0.0429,""num_orders"":1},{""price"":62820.79,""size"":0.00319908,""num_orders"":1},{""price"":62820.75,""size"":0.02,""num_orders"":1},{""price"":62820.74,""size"":0.15739408,""num_orders"":1},{""price"":62820.73,""size"":0.01909657,""num_orders"":1},{""price"":62820.34,""size"":0.09562684,""num_orders"":1},{""price"":62820.01,""size"":0.04805891,""num_orders"":1}]","[{""price"":62822.31,""size"":0.00147873,""num_orders"":1},{""price"":62822.32,""size"":2.5e-07,""num_orders"":1},{""price"":62823.92,""size"":0.12734004,""num_orders"":1},{""price"":62824.99,""size"":1.598e-05,""num_orders"":1},{""price"":62825.73,""size"":0.02999317,""num_orders"":1},{""price"":62825.85,""size"":0.001542,""num_orders"":1},{""price"":62825.99,""size"":3.196e-05,""num_orders"":1},{""price"":62826.68,""size"":0.02999317,""num_orders"":1},{""price"":62827.28,""size"":0.04775582,""num_orders"":1},{""price"":62828.0,""size"":0.0429,""num_orders"":1}]"
btc_usd_d10_20260708T073345Z,24,2026-07-08T07:57:45.453766Z,2026-07-08T07:57:45.453898Z,BTC-USD,10,ok,,132258687938,2026-07-08T07:57:43.165551154Z,1.12965436,0.68862773,0.242551269919,62824.599999999999,62824.610000000001,62824.604999999996,0.010000000002,0.001591733048,"[{""price"":62824.6,""size"":0.10489627,""num_orders"":4},{""price"":62824.59,""size"":2.1e-07,""num_orders"":1},{""price"":62824.58,""size"":2.2e-07,""num_orders"":1},{""price"":62824.01,""size"":0.00319897,""num_orders"":1},{""price"":62824.0,""size"":0.0429,""num_orders"":1},{""price"":62823.2,""size"":0.00084373,""num_orders"":1},{""price"":62823.03,""size"":0.05571065,""num_orders"":1},{""price"":62822.0,""size"":0.0429,""num_orders"":1},{""price"":62820.93,""size"":0.78357747,""num_orders"":2},{""price"":62820.92,""size"":0.09562684,""num_orders"":1}]","[{""price"":62824.61,""size"":0.18304926,""num_orders"":3},{""price"":62824.62,""size"":1.3e-07,""num_orders"":1},{""price"":62824.64,""size"":2e-07,""num_orders"":1},{""price"":62826.18,""size"":0.05571065,""num_orders"":1},{""price"":62827.1,""size"":0.13694263,""num_orders"":1},{""price"":62827.12,""size"":0.00012435,""num_orders"":2},{""price"":62827.13,""size"":0.15916692,""num_orders"":1},{""price"":62827.75,""size"":0.00994784,""num_orders"":2},{""price"":62828.25,""size"":0.04805891,""num_orders"":1},{""price"":62828.26,""size"":0.09562684,""num_orders"":1}]"
btc_usd_d10_20260708T073345Z,25,2026-07-08T07:58:45.453766Z,2026-07-08T07:58:45.453928Z,BTC-USD,10,ok,,132258713631,2026-07-08T07:58:43.040594472Z,0.59639392,0.52505137,0.063616612095,62841.370000000003,62841.379999999997,62841.375,0.009999999995,0.001591308273,"[{""price"":62841.37,""size"":0.29573948,""num_orders"":7},{""price"":62841.36,""size"":3.9e-07,""num_orders"":2},{""price"":62841.35,""size"":2.1e-07,""num_orders"":1},{""price"":62840.99,""size"":0.04774149,""num_orders"":1},{""price"":62840.81,""size"":0.00013579,""num_orders"":1},{""price"":62840.12,""size"":0.00054316,""num_orders"":1},{""price"":62840.01,""size"":0.14905969,""num_orders"":2},{""price"":62840.0,""size"":0.04313265,""num_orders"":2},{""price"":62839.8,""size"":0.05569578,""num_orders"":1},{""price"":62839.54,""size"":0.00434528,""num_orders"":1}]","[{""price"":62841.38,""size"":0.12986666,""num_orders"":2},{""price"":62841.39,""size"":2.5e-07,""num_orders"":2},{""price"":62841.97,""size"":1.4e-07,""num_orders"":1},{""price"":62843.89,""size"":2.486e-05,""num_orders"":1},{""price"":62844.0,""size"":0.0429,""num_orders"":1},{""price"":62844.2,""size"":0.09562684,""num_orders"":1},{""price"":62844.21,""size"":0.15912365,""num_orders"":1},{""price"":62844.36,""size"":0.09550193,""num_orders"":1},{""price"":62844.5,""size"":1.8e-05,""num_orders"":1},{""price"":62844.52,""size"":0.00198904,""num_orders"":1}]"
btc_usd_d10_20260708T073345Z,26,2026-07-08T07:59:45.453766Z,2026-07-08T07:59:45.453910Z,BTC-USD,10,ok,,132258743329,2026-07-08T07:59:42.671886660Z,1.30311117,0.87567528,0.19618071794,62840.919999999998,62840.93,62840.925000000003,0.010000000002,0.00159131967,"[{""price"":62840.92,""size"":0.20121303,""num_orders"":3},{""price"":62840.91,""size"":1.4e-07,""num_orders"":1},{""price"":62840.9,""size"":1.5e-07,""num_orders"":1},{""price"":62840.79,""size"":1.5e-07,""num_orders"":1},{""price"":62840.56,""size"":2.036e-05,""num_orders"":1},{""price"":62840.01,""size"":0.00319954,""num_orders"":1},{""price"":62840.0,""size"":0.0429,""num_orders"":1},{""price"":62839.5,""size"":1.0,""num_orders"":1},{""price"":62839.16,""size"":0.05569635,""num_orders"":1},{""price"":62839.14,""size"":8.145e-05,""num_orders"":1}]","[{""price"":62840.93,""size"":0.18049091,""num_orders"":4},{""price"":62840.94,""size"":1.6e-07,""num_orders"":1},{""price"":62840.96,""size"":1.7e-07,""num_orders"":1},{""price"":62841.39,""size"":0.0006405,""num_orders"":1},{""price"":62841.97,""size"":1.4e-07,""num_orders"":1},{""price"":62843.44,""size"":0.00027349,""num_orders"":4},{""price"":62844.06,""size"":0.09562684,""num_orders"":1},{""price"":62844.07,""size"":0.02187955,""num_orders"":4},{""price"":62844.14,""size"":0.41763971,""num_orders"":1},{""price"":62844.15,""size"":0.15912381,""num_orders"":1}]"
btc_usd_d10_20260708T073345Z,27,2026-07-08T08:00:45.453766Z,2026-07-08T08:00:45.453895Z,BTC-USD,10,ok,,132258783004,2026-07-08T08:00:43.845666541Z,0.64725215,0.85035767,-0.135619783797,62818.07,62818.080000000002,62818.074999999997,0.010000000002,0.00159189851,"[{""price"":62818.07,""size"":0.44539705,""num_orders"":9},{""price"":62818.06,""size"":0.03000015,""num_orders"":2},{""price"":62818.05,""size"":1.6e-07,""num_orders"":1},{""price"":62818.04,""size"":0.03,""num_orders"":1},{""price"":62816.5,""size"":0.05571644,""num_orders"":1},{""price"":62816.0,""size"":0.0429,""num_orders"":1},{""price"":62815.8,""size"":3.884e-05,""num_orders"":1},{""price"":62814.53,""size"":0.00319951,""num_orders"":1},{""price"":62814.52,""size"":0.02,""num_orders"":1},{""price"":62814.48,""size"":0.02,""num_orders"":1}]","[{""price"":62818.08,""size"":0.01534046,""num_orders"":2},{""price"":62818.1,""size"":3.7e-07,""num_orders"":2},{""price"":62819.9,""size"":0.13630707,""num_orders"":2},{""price"":62819.91,""size"":0.09562684,""num_orders"":1},{""price"":62819.92,""size"":0.12734815,""num_orders"":1},{""price"":62820.59,""size"":0.00024872,""num_orders"":3},{""price"":62821.22,""size"":0.01989773,""num_orders"":3},{""price"":62822.0,""size"":0.0429,""num_orders"":1},{""price"":62822.19,""size"":0.31706149,""num_orders"":2},{""price"":62822.2,""size"":0.09562684,""num_orders"":1}]"
btc_usd_d10_20260708T073345Z,28,2026-07-08T08:01:45.453766Z,2026-07-08T08:01:45.453902Z,BTC-USD,10,ok,,132258821063,2026-07-08T08:01:43.046760451Z,1.73171443,0.64036967,0.460078443256,62835.209999999999,62835.220000000001,62835.214999999997,0.010000000002,0.001591464277,"[{""price"":62835.21,""size"":0.53224356,""num_orders"":6},{""price"":62834.65,""size"":0.0003557,""num_orders"":1},{""price"":62834.02,""size"":0.00266836,""num_orders"":1},{""price"":62834.01,""size"":0.0007114,""num_orders"":1},{""price"":62834.0,""size"":0.0429,""num_orders"":1},{""price"":62833.64,""size"":0.05570124,""num_orders"":1},{""price"":62833.5,""size"":1.0,""num_orders"":1},{""price"":62833.18,""size"":0.0014228,""num_orders"":1},{""price"":62833.13,""size"":0.001582,""num_orders"":1},{""price"":62833.07,""size"":0.09412937,""num_orders"":2}]","[{""price"":62835.22,""size"":0.00075439,""num_orders"":2},{""price"":62836.34,""size"":0.12731486,""num_orders"":1},{""price"":62837.1,""size"":1.8e-05,""num_orders"":1},{""price"":62838.39,""size"":0.1591384,""num_orders"":1},{""price"":62838.5,""size"":0.04805891,""num_orders"":1},{""price"":62840.01,""size"":0.04805891,""num_orders"":1},{""price"":62840.15,""size"":0.04774685,""num_orders"":1},{""price"":62840.8,""size"":1.8e-05,""num_orders"":1},{""price"":62842.19,""size"":0.11363451,""num_orders"":1},{""price"":62842.2,""size"":0.09562684,""num_orders"":1}]"
btc_usd_d10_20260708T073345Z,29,2026-07-08T08:02:45.453766Z,2026-07-08T08:02:45.453895Z,BTC-USD,10,ok,,132258871082,2026-07-08T08:02:43.047538569Z,0.29764793,1.40546743,-0.650466507448,62835.959999999999,62835.970000000001,62835.964999999997,0.010000000002,0.001591445282,"[{""price"":62835.96,""size"":3e-08,""num_orders"":1},{""price"":62835.21,""size"":0.003181,""num_orders"":3},{""price"":62835.2,""size"":1.4e-07,""num_orders"":1},{""price"":62833.4,""size"":1.8e-05,""num_orders"":1},{""price"":62832.01,""size"":0.00183337,""num_orders"":1},{""price"":62832.0,""size"":0.0429,""num_orders"":1},{""price"":62831.52,""size"":0.09562684,""num_orders"":1},{""price"":62831.51,""size"":0.07700289,""num_orders"":1},{""price"":62831.17,""size"":8.277e-05,""num_orders"":1},{""price"":62830.56,""size"":0.07700289,""num_orders"":1}]","[{""price"":62835.97,""size"":0.5500967,""num_orders"":9},{""price"":62835.98,""size"":0.09015306,""num_orders"":3},{""price"":62835.99,""size"":0.11950207,""num_orders"":3},{""price"":62836.21,""size"":0.00123482,""num_orders"":1},{""price"":62837.79,""size"":0.05570036,""num_orders"":1},{""price"":62838.45,""size"":0.04912933,""num_orders"":2},{""price"":62838.46,""size"":0.28409192,""num_orders"":1},{""price"":62838.47,""size"":0.09562684,""num_orders"":1},{""price"":62838.9,""size"":0.00079572,""num_orders"":1},{""price"":62839.1,""size"":0.15913661,""num_orders"":1}]"
btc_usd_d10_20260708T073345Z,30,2026-07-08T08:03:45.453766Z,2026-07-08T08:03:45.453904Z,BTC-USD,10,ok,,132258915279,2026-07-08T08:03:44.538864076Z,0.47284075,0.8337124,-0.276201278149,62841.25,62841.260000000002,62841.255000000005,0.010000000002,0.001591311313,"[{""price"":62841.25,""size"":0.17145116,""num_orders"":7},{""price"":62841.24,""size"":1.5e-07,""num_orders"":1},{""price"":62841.23,""size"":1.6e-07,""num_orders"":1},{""price"":62840.02,""size"":0.00319954,""num_orders"":1},{""price"":62840.01,""size"":0.1126604,""num_orders"":1},{""price"":62840.0,""size"":0.0429,""num_orders"":1},{""price"":62839.65,""size"":0.0040845,""num_orders"":3},{""price"":62838.02,""size"":0.09562684,""num_orders"":1},{""price"":62838.0,""size"":0.0429,""num_orders"":1},{""price"":62837.1,""size"":1.8e-05,""num_orders"":1}]","[{""price"":62841.26,""size"":0.27393596,""num_orders"":6},{""price"":62841.28,""size"":3.3e-07,""num_orders"":2},{""price"":62842.06,""size"":0.04774006,""num_orders"":1},{""price"":62842.68,""size"":0.00134954,""num_orders"":1},{""price"":62842.81,""size"":0.19832861,""num_orders"":1},{""price"":62842.82,""size"":0.0556966,""num_orders"":1},{""price"":62843.02,""size"":0.001661,""num_orders"":1},{""price"":62843.74,""size"":0.09562684,""num_orders"":1},{""price"":62843.75,""size"":0.15912483,""num_orders"":1},{""price"":62843.77,""size"":0.00024863,""num_orders"":3}]"
btc_usd_d10_20260708T073345Z,31,2026-07-08T08:04:45.453766Z,2026-07-08T08:04:45.453930Z,BTC-USD,10,ok,,132258966109,2026-07-08T08:04:45.042101304Z,0.36006577,0.69728928,-0.318931195344,62801.209999999999,62801.220000000001,62801.214999999997,0.010000000002,0.001592325881,"[{""price"":62801.21,""size"":0.05908033,""num_orders"":4},{""price"":62801.2,""size"":1.5e-07,""num_orders"":1},{""price"":62801.19,""size"":1.6e-07,""num_orders"":1},{""price"":62800.0,""size"":0.0429,""num_orders"":1},{""price"":62798.85,""size"":0.00157,""num_orders"":1},{""price"":62798.12,""size"":0.00319954,""num_orders"":1},{""price"":62798.11,""size"":0.09886469,""num_orders"":1},{""price"":62798.1,""size"":0.09562684,""num_orders"":1},{""price"":62798.07,""size"":0.01592406,""num_orders"":2},{""price"":62798.0,""size"":0.0429,""num_orders"":1}]","[{""price"":62801.22,""size"":0.32482458,""num_orders"":7},{""price"":62801.23,""size"":2e-07,""num_orders"":1},{""price"":62801.24,""size"":2.1e-07,""num_orders"":1},{""price"":62802.69,""size"":0.02851802,""num_orders"":1},{""price"":62802.7,""size"":0.04776888,""num_orders"":1},{""price"":62803.54,""size"":0.02,""num_orders"":1},{""price"":62803.56,""size"":0.09430049,""num_orders"":1},{""price"":62803.58,""size"":0.12738127,""num_orders"":1},{""price"":62805.51,""size"":0.030576,""num_orders"":1},{""price"":62807.29,""size"":0.02391963,""num_orders"":1}]"
btc_usd_d10_20260708T073345Z,32,2026-07-08T08:05:45.453766Z,2026-07-08T08:05:45.453884Z,BTC-USD,10,ok,,132259014628,2026-07-08T08:05:42.468442544Z,0.62805886,0.4639922,0.150237169313,62843.43,62843.440000000002,62843.434999999998,0.010000000002,0.001591256112,"[{""price"":62843.43,""size"":0.30824213,""num_orders"":16},{""price"":62843.42,""size"":2.5e-07,""num_orders"":1},{""price"":62843.41,""size"":2.6e-07,""num_orders"":1},{""price"":62842.82,""size"":0.00149243,""num_orders"":1},{""price"":62842.07,""size"":0.00319954,""num_orders"":1},{""price"":62842.01,""size"":0.05886059,""num_orders"":1},{""price"":62842.0,""size"":0.0429,""num_orders"":1},{""price"":62841.86,""size"":0.05569396,""num_orders"":1},{""price"":62840.73,""size"":0.14452051,""num_orders"":1},{""price"":62840.29,""size"":0.01314919,""num_orders"":3}]","[{""price"":62843.44,""size"":0.2478833,""num_orders"":6},{""price"":62843.46,""size"":2.8e-07,""num_orders"":2},{""price"":62844.5,""size"":1.8e-05,""num_orders"":1},{""price"":62845.01,""size"":0.05569396,""num_orders"":1},{""price"":62845.32,""size"":0.001562,""num_orders"":1},{""price"":62845.95,""size"":0.00024862,""num_orders"":3},{""price"":62846.0,""size"":0.0429,""num_orders"":1},{""price"":62846.58,""size"":0.0198897,""num_orders"":3},{""price"":62846.65,""size"":0.04773743,""num_orders"":1},{""price"":62847.13,""size"":0.04805891,""num_orders"":1}]"
btc_usd_d10_20260708T073345Z,33,2026-07-08T08:06:45.453766Z,2026-07-08T08:06:45.453882Z,BTC-USD,10,ok,,132259076829,2026-07-08T08:06:43.534410417Z,0.41179969,1.17671846,-0.481529764076,62870.379999999997,62870.389999999999,62870.384999999995,0.010000000002,0.001590574004,"[{""price"":62870.38,""size"":0.1195118,""num_orders"":2},{""price"":62870.37,""size"":1.7e-07,""num_orders"":1},{""price"":62870.36,""size"":1.9e-07,""num_orders"":1},{""price"":62870.02,""size"":1.5e-07,""num_orders"":1},{""price"":62868.23,""size"":0.00079356,""num_orders"":1},{""price"":62868.22,""size"":0.00095227,""num_orders"":1},{""price"":62867.29,""size"":0.001547,""num_orders"":1},{""price"":62866.0,""size"":0.0429,""num_orders"":1},{""price"":62865.39,""size"":0.24504307,""num_orders"":1},{""price"":62865.23,""size"":0.00105148,""num_orders"":2}]","[{""price"":62870.39,""size"":0.92258601,""num_orders"":16},{""price"":62870.4,""size"":1.82e-05,""num_orders"":2},{""price"":62870.41,""size"":2e-07,""num_orders"":1},{""price"":62871.98,""size"":0.00319954,""num_orders"":1},{""price"":62871.99,""size"":0.0256113,""num_orders"":1},{""price"":62872.0,""size"":0.0429,""num_orders"":1},{""price"":62872.9,""size"":0.04689519,""num_orders"":4},{""price"":62873.36,""size"":0.09562684,""num_orders"":1},{""price"":62873.53,""size"":0.01988118,""num_orders"":3},{""price"":62873.91,""size"":0.02,""num_orders"":1}]"
btc_usd_d10_20260708T073345Z,34,2026-07-08T08:07:45.453766Z,2026-07-08T08:07:45.453863Z,BTC-USD,10,ok,,132259114067,2026-07-08T08:07:44.547379475Z,0.12194277,1.61720611,-0.859767301808,62856.160000000003,62856.169999999998,62856.165000000001,0.009999999995,0.00159093384,"[{""price"":62856.16,""size"":0.03757287,""num_orders"":3},{""price"":62856.15,""size"":2.7e-07,""num_orders"":2},{""price"":62856.14,""size"":1.5e-07,""num_orders"":1},{""price"":62855.6,""size"":1.8e-05,""num_orders"":1},{""price"":62854.05,""size"":0.01193241,""num_orders"":2},{""price"":62853.96,""size"":0.001546,""num_orders"":1},{""price"":62853.02,""size"":0.00795507,""num_orders"":1},{""price"":62852.0,""size"":0.0429,""num_orders"":1},{""price"":62851.9,""size"":1.8e-05,""num_orders"":1},{""price"":62850.73,""size"":0.02,""num_orders"":1}]","[{""price"":62856.17,""size"":0.94241277,""num_orders"":10},{""price"":62856.18,""size"":0.03,""num_orders"":1},{""price"":62856.2,""size"":0.03,""num_orders"":1},{""price"":62856.97,""size"":0.00159984,""num_orders"":1},{""price"":62856.98,""size"":0.38297651,""num_orders"":1},{""price"":62857.17,""size"":0.03054408,""num_orders"":1},{""price"":62857.19,""size"":0.00030448,""num_orders"":1},{""price"":62857.2,""size"":0.09562684,""num_orders"":1},{""price"":62857.54,""size"":0.04805891,""num_orders"":1},{""price"":62857.74,""size"":0.05568268,""num_orders"":1}]"
btc_usd_d10_20260708T073345Z,35,2026-07-08T08:08:45.453766Z,2026-07-08T08:08:45.453902Z,BTC-USD,10,ok,,132259183123,2026-07-08T08:08:43.343929286Z,0.6246609,0.53270619,0.079451637077,62755.690000000002,62755.699999999997,62755.695,0.009999999995,0.001593480878,"[{""price"":62755.69,""size"":0.22584915,""num_orders"":2},{""price"":62755.68,""size"":1.4e-07,""num_orders"":1},{""price"":62755.52,""size"":1.2e-07,""num_orders"":1},{""price"":62754.12,""size"":0.05577183,""num_orders"":1},{""price"":62754.0,""size"":0.0429,""num_orders"":1},{""price"":62752.55,""size"":0.0199195,""num_orders"":3},{""price"":62752.02,""size"":0.04805891,""num_orders"":1},{""price"":62752.01,""size"":0.02391963,""num_orders"":1},{""price"":62752.0,""size"":0.11261478,""num_orders"":2},{""price"":62751.43,""size"":0.09562684,""num_orders"":1}]","[{""price"":62755.7,""size"":0.24547307,""num_orders"":5},{""price"":62755.71,""size"":0.00022648,""num_orders"":2},{""price"":62756.58,""size"":9.7e-05,""num_orders"":1},{""price"":62757.37,""size"":0.00319954,""num_orders"":1},{""price"":62757.38,""size"":0.12747506,""num_orders"":1},{""price"":62757.98,""size"":0.06519339,""num_orders"":1},{""price"":62757.99,""size"":0.04805891,""num_orders"":1},{""price"":62758.0,""size"":0.0429,""num_orders"":1},{""price"":62758.53,""size"":2.758e-05,""num_orders"":1},{""price"":62758.54,""size"":5.516e-05,""num_orders"":1}]"
btc_usd_d10_20260708T073345Z,36,2026-07-08T08:09:45.453766Z,2026-07-08T08:09:45.453905Z,BTC-USD,10,ok,,132259259830,2026-07-08T08:09:44.541577825Z,0.4393571,0.49801896,-0.062580924032,62787.75,62787.760000000002,62787.755000000005,0.010000000002,0.001592667233,"[{""price"":62787.75,""size"":0.05897159,""num_orders"":3},{""price"":62787.74,""size"":1.8e-07,""num_orders"":1},{""price"":62787.73,""size"":1.9e-07,""num_orders"":1},{""price"":62786.0,""size"":0.0429,""num_orders"":1},{""price"":62784.61,""size"":0.01990933,""num_orders"":3},{""price"":62783.15,""size"":0.09567611,""num_orders"":2},{""price"":62782.0,""size"":0.0429,""num_orders"":1},{""price"":62781.98,""size"":0.0477817,""num_orders"":1},{""price"":62781.6,""size"":1.8e-05,""num_orders"":1},{""price"":62781.47,""size"":0.1312,""num_orders"":1}]","[{""price"":62787.76,""size"":0.07657125,""num_orders"":5},{""price"":62787.78,""size"":1.7e-07,""num_orders"":1},{""price"":62788.02,""size"":0.00215521,""num_orders"":1},{""price"":62788.03,""size"":0.12741282,""num_orders"":1},{""price"":62790.33,""size"":0.04805891,""num_orders"":1},{""price"":62790.34,""size"":0.01152014,""num_orders"":1},{""price"":62790.35,""size"":0.00485,""num_orders"":1},{""price"":62790.38,""size"":0.001562,""num_orders"":1},{""price"":62791.21,""size"":0.03500587,""num_orders"":1},{""price"":62791.37,""size"":0.19088259,""num_orders"":2}]"
btc_usd_d10_20260708T073345Z,37,2026-07-08T08:10:45.453766Z,2026-07-08T08:10:45.453913Z,BTC-USD,10,ok,,132259325086,2026-07-08T08:10:43.038340484Z,0.23722893,0.46429835,-0.323678674335,62777.870000000003,62777.879999999997,62777.875,0.009999999995,0.001592917886,"[{""price"":62777.87,""size"":0.03177278,""num_orders"":2},{""price"":62777.86,""size"":1.4e-07,""num_orders"":1},{""price"":62774.21,""size"":0.02,""num_orders"":1},{""price"":62774.2,""size"":1.8e-05,""num_orders"":1},{""price"":62773.9,""size"":0.001557,""num_orders"":1},{""price"":62772.41,""size"":0.00319954,""num_orders"":1},{""price"":62772.4,""size"":0.05708922,""num_orders"":1},{""price"":62772.39,""size"":0.09562684,""num_orders"":1},{""price"":62771.45,""size"":0.02,""num_orders"":1},{""price"":62771.44,""size"":0.00796541,""num_orders"":1}]","[{""price"":62777.88,""size"":0.14574657,""num_orders"":3},{""price"":62777.89,""size"":0.05142923,""num_orders"":4},{""price"":62777.9,""size"":2.3e-07,""num_orders"":1},{""price"":62777.91,""size"":2.4e-07,""num_orders"":1},{""price"":62778.0,""size"":0.0407,""num_orders"":1},{""price"":62778.41,""size"":0.12743235,""num_orders"":1},{""price"":62779.46,""size"":0.05575211,""num_orders"":1},{""price"":62779.47,""size"":0.00212607,""num_orders"":1},{""price"":62780.0,""size"":0.0407,""num_orders"":1},{""price"":62780.39,""size"":0.00041155,""num_orders"":1}]"
btc_usd_d10_20260708T073345Z,38,2026-07-08T08:11:45.453766Z,2026-07-08T08:11:45.453894Z,BTC-USD,10,ok,,132259371629,2026-07-08T08:11:44.547025034Z,0.71348171,0.42417893,0.254296202073,62755.980000000003,62755.989999999998,62755.985000000001,0.009999999995,0.001593473514,"[{""price"":62755.98,""size"":0.49757019,""num_orders"":10},{""price"":62755.97,""size"":3.8e-07,""num_orders"":2},{""price"":62755.96,""size"":2.1e-07,""num_orders"":1},{""price"":62755.87,""size"":7.812e-05,""num_orders"":1},{""price"":62754.92,""size"":0.00015624,""num_orders"":1},{""price"":62754.02,""size"":0.00159976,""num_orders"":1},{""price"":62754.01,""size"":0.07809897,""num_orders"":2},{""price"":62754.0,""size"":0.0387,""num_orders"":1},{""price"":62753.49,""size"":0.001651,""num_orders"":1},{""price"":62752.91,""size"":0.09562684,""num_orders"":1}]","[{""price"":62755.99,""size"":0.06152281,""num_orders"":3},{""price"":62756.0,""size"":1.5e-07,""num_orders"":1},{""price"":62757.55,""size"":0.000194,""num_orders"":1},{""price"":62758.0,""size"":0.0387,""num_orders"":1},{""price"":62758.15,""size"":0.1274735,""num_orders"":1},{""price"":62758.39,""size"":0.02000225,""num_orders"":1},{""price"":62759.14,""size"":9.7e-05,""num_orders"":1},{""price"":62759.27,""size"":0.12747122,""num_orders"":1},{""price"":62759.4,""size"":1.8e-05,""num_orders"":1},{""price"":62760.0,""size"":0.0487,""num_orders"":2}]"
btc_usd_d10_20260708T073345Z,39,2026-07-08T08:12:45.453766Z,2026-07-08T08:12:45.453894Z,BTC-USD,10,ok,,132259434000,2026-07-08T08:12:44.174866832Z,0.0992764,0.60663392,-0.718728010663,62745.720000000001,62745.730000000003,62745.725000000006,0.010000000002,0.001593734075,"[{""price"":62745.72,""size"":0.02400219,""num_orders"":3},{""price"":62745.35,""size"":1.01e-06,""num_orders"":1},{""price"":62744.6,""size"":1.8e-05,""num_orders"":1},{""price"":62742.6,""size"":1.1e-07,""num_orders"":1},{""price"":62742.59,""size"":0.02391975,""num_orders"":2},{""price"":62742.58,""size"":0.0059768,""num_orders"":2},{""price"":62742.0,""size"":0.0406,""num_orders"":1},{""price"":62740.9,""size"":1.8e-05,""num_orders"":1},{""price"":62740.16,""size"":0.001541,""num_orders"":1},{""price"":62740.01,""size"":0.00319954,""num_orders"":1}]","[{""price"":62745.73,""size"":0.23803833,""num_orders"":7},{""price"":62745.79,""size"":0.1274986,""num_orders"":1},{""price"":62745.8,""size"":0.09562684,""num_orders"":1},{""price"":62745.81,""size"":0.05222382,""num_orders"":1},{""price"":62745.82,""size"":0.05222382,""num_orders"":1},{""price"":62745.97,""size"":2.817e-05,""num_orders"":1},{""price"":62745.98,""size"":5.633e-05,""num_orders"":1},{""price"":62745.99,""size"":0.00011267,""num_orders"":1},{""price"":62746.0,""size"":0.0406,""num_orders"":1},{""price"":62746.42,""size"":0.00022534,""num_orders"":1}]"
btc_usd_d10_20260708T073345Z,40,2026-07-08T08:13:45.453766Z,2026-07-08T08:13:45.453898Z,BTC-USD,10,ok,,132259478036,2026-07-08T08:13:44.038897612Z,0.11055595,0.740508,-0.740193554198,62740.900000000001,62740.910000000003,62740.904999999999,0.010000000002,0.001593856512,"[{""price"":62740.9,""size"":0.02860464,""num_orders"":5},{""price"":62740.89,""size"":1.6e-07,""num_orders"":1},{""price"":62740.88,""size"":1.7e-07,""num_orders"":1},{""price"":62738.81,""size"":0.001619,""num_orders"":1},{""price"":62738.0,""size"":0.0427,""num_orders"":1},{""price"":62737.76,""size"":0.01394694,""num_orders"":3},{""price"":62737.2,""size"":1.8e-05,""num_orders"":1},{""price"":62736.27,""size"":0.0004675,""num_orders"":1},{""price"":62736.02,""size"":0.00319954,""num_orders"":1},{""price"":62736.01,""size"":0.02,""num_orders"":1}]","[{""price"":62740.91,""size"":0.57448349,""num_orders"":8},{""price"":62740.92,""size"":2.1e-07,""num_orders"":1},{""price"":62740.93,""size"":2.2e-07,""num_orders"":1},{""price"":62741.46,""size"":0.0003033,""num_orders"":1},{""price"":62741.59,""size"":0.00060661,""num_orders"":1},{""price"":62741.6,""size"":0.04805891,""num_orders"":1},{""price"":62742.47,""size"":0.0079576,""num_orders"":1},{""price"":62742.48,""size"":0.0126739,""num_orders"":1},{""price"":62742.53,""size"":0.00079692,""num_orders"":1},{""price"":62743.11,""size"":0.09562684,""num_orders"":1}]"
btc_usd_d10_20260708T073345Z,41,2026-07-08T08:14:45.453766Z,2026-07-08T08:14:45.453906Z,BTC-USD,10,ok,,132259520282,2026-07-08T08:14:44.101899808Z,0.40751737,0.48022032,-0.081896883301,62765.629999999997,62765.639999999999,62765.634999999995,0.010000000002,0.001593228524,"[{""price"":62765.63,""size"":0.29907949,""num_orders"":4},{""price"":62765.62,""size"":1.7e-07,""num_orders"":1},{""price"":62765.61,""size"":1.8e-07,""num_orders"":1},{""price"":62765.59,""size"":0.00079661,""num_orders"":1},{""price"":62765.13,""size"":0.00031249,""num_orders"":1},{""price"":62764.49,""size"":0.00249994,""num_orders"":1},{""price"":62764.05,""size"":0.055763,""num_orders"":1},{""price"":62762.56,""size"":0.001601,""num_orders"":1},{""price"":62762.0,""size"":0.0429,""num_orders"":1},{""price"":62761.97,""size"":0.00456449,""num_orders"":3}]","[{""price"":62765.64,""size"":0.12458328,""num_orders"":9},{""price"":62765.65,""size"":2e-07,""num_orders"":1},{""price"":62765.66,""size"":2e-07,""num_orders"":1},{""price"":62765.74,""size"":0.00319954,""num_orders"":1},{""price"":62765.75,""size"":0.09562684,""num_orders"":1},{""price"":62765.87,""size"":0.12745782,""num_orders"":1},{""price"":62766.0,""size"":0.0536,""num_orders"":1},{""price"":62767.0,""size"":0.04779484,""num_orders"":1},{""price"":62767.89,""size"":0.0079576,""num_orders"":1},{""price"":62767.9,""size"":0.02,""num_orders"":1}]"
btc_usd_d10_20260708T073345Z,42,2026-07-08T08:15:45.453766Z,2026-07-08T08:15:45.453893Z,BTC-USD,10,ok,,132259571187,2026-07-08T08:15:43.556807420Z,0.52567204,0.52072688,0.004725884083,62768.610000000001,62768.620000000003,62768.615000000005,0.010000000002,0.001593152884,"[{""price"":62768.61,""size"":0.075928,""num_orders"":8},{""price"":62768.6,""size"":1.1e-07,""num_orders"":1},{""price"":62768.59,""size"":1.1e-07,""num_orders"":1},{""price"":62766.8,""size"":1.8e-05,""num_orders"":1},{""price"":62766.0,""size"":0.0536,""num_orders"":1},{""price"":62765.99,""size"":1.6e-07,""num_orders"":1},{""price"":62765.47,""size"":0.02190694,""num_orders"":4},{""price"":62764.29,""size"":0.02,""num_orders"":1},{""price"":62764.28,""size"":0.25859188,""num_orders"":3},{""price"":62764.27,""size"":0.09562684,""num_orders"":1}]","[{""price"":62768.62,""size"":0.25577601,""num_orders"":8},{""price"":62768.64,""size"":6.2e-07,""num_orders"":2},{""price"":62768.95,""size"":0.12745155,""num_orders"":1},{""price"":62769.63,""size"":0.00114951,""num_orders"":1},{""price"":62769.89,""size"":0.001632,""num_orders"":1},{""price"":62770.53,""size"":0.04779959,""num_orders"":1},{""price"":62770.54,""size"":0.05576004,""num_orders"":1},{""price"":62771.79,""size"":0.00795802,""num_orders"":1},{""price"":62771.8,""size"":0.00319954,""num_orders"":1},{""price"":62771.82,""size"":0.02,""num_orders"":1}]"
btc_usd_d10_20260708T073345Z,43,2026-07-08T08:16:45.453766Z,2026-07-08T08:16:45.453885Z,BTC-USD,10,ok,,132259663124,2026-07-08T08:16:43.770625638Z,0.25355497,0.41373785,-0.24004885891,62669.900000000001,62673.209999999999,62671.555,3.309999999998,0.528150290829,"[{""price"":62669.9,""size"":0.00319951,""num_orders"":1},{""price"":62668.0,""size"":0.0374,""num_orders"":1},{""price"":62666.0,""size"":0.0374,""num_orders"":1},{""price"":62665.01,""size"":0.00165,""num_orders"":1},{""price"":62664.65,""size"":0.001639,""num_orders"":1},{""price"":62664.0,""size"":0.0394,""num_orders"":1},{""price"":62661.96,""size"":0.001616,""num_orders"":1},{""price"":62661.95,""size"":1.682e-05,""num_orders"":1},{""price"":62661.93,""size"":3.364e-05,""num_orders"":1},{""price"":62661.69,""size"":0.1312,""num_orders"":1}]","[{""price"":62673.21,""size"":0.10917948,""num_orders"":4},{""price"":62673.22,""size"":0.05282343,""num_orders"":2},{""price"":62673.23,""size"":0.02,""num_orders"":1},{""price"":62673.24,""size"":0.02,""num_orders"":1},{""price"":62673.25,""size"":0.04805891,""num_orders"":1},{""price"":62674.23,""size"":0.1312,""num_orders"":1},{""price"":62674.24,""size"":0.03241888,""num_orders"":2},{""price"":62674.3,""size"":1.8e-05,""num_orders"":1},{""price"":62675.23,""size"":2.115e-05,""num_orders"":1},{""price"":62678.0,""size"":1.8e-05,""num_orders"":1}]"
btc_usd_d10_20260708T073345Z,44,2026-07-08T08:17:45.453766Z,2026-07-08T08:17:45.453899Z,BTC-USD,10,ok,,132259850102,2026-07-08T08:17:45.180985309Z,0.40095472,0.27115446,0.193123771944,62529.980000000003,62529.989999999998,62529.985000000001,0.009999999995,0.001599232751,"[{""price"":62529.98,""size"":0.00019968,""num_orders"":1},{""price"":62529.97,""size"":1.6e-07,""num_orders"":1},{""price"":62529.96,""size"":1.7e-07,""num_orders"":1},{""price"":62528.98,""size"":0.00079959,""num_orders"":1},{""price"":62528.0,""size"":0.0201,""num_orders"":1},{""price"":62527.52,""size"":0.00399824,""num_orders"":1},{""price"":62526.84,""size"":0.00999571,""num_orders"":2},{""price"":62526.34,""size"":0.21871324,""num_orders"":1},{""price"":62526.0,""size"":0.0192,""num_orders"":1},{""price"":62525.43,""size"":0.12794793,""num_orders"":1}]","[{""price"":62529.99,""size"":0.0151,""num_orders"":1},{""price"":62530.28,""size"":0.00845133,""num_orders"":1},{""price"":62530.51,""size"":0.00845133,""num_orders"":1},{""price"":62531.98,""size"":0.0001143,""num_orders"":1},{""price"":62532.86,""size"":0.12793275,""num_orders"":1},{""price"":62533.67,""size"":0.00319954,""num_orders"":1},{""price"":62533.7,""size"":0.01184974,""num_orders"":2},{""price"":62533.9,""size"":0.04805891,""num_orders"":1},{""price"":62534.31,""size"":0.04797856,""num_orders"":1},{""price"":62537.4,""size"":1.8e-05,""num_orders"":1}]"
btc_usd_d10_20260708T073345Z,45,2026-07-08T08:18:45.453766Z,2026-07-08T08:18:45.453895Z,BTC-USD,10,ok,,132260048068,2026-07-08T08:18:43.044879765Z,0.48047618,0.85383726,-0.279815123499,62393.089999999997,62393.099999999999,62393.095000000001,0.010000000002,0.001602741458,"[{""price"":62393.09,""size"":0.14102251,""num_orders"":2},{""price"":62391.53,""size"":0.05609595,""num_orders"":1},{""price"":62390.0,""size"":0.0206,""num_orders"":1},{""price"":62389.42,""size"":0.07011993,""num_orders"":1},{""price"":62389.41,""size"":1.4e-07,""num_orders"":1},{""price"":62389.4,""size"":1.5e-07,""num_orders"":1},{""price"":62388.45,""size"":3.91e-05,""num_orders"":1},{""price"":62388.0,""size"":0.0206,""num_orders"":1},{""price"":62387.34,""size"":0.0719984,""num_orders"":1},{""price"":62387.33,""size"":0.1,""num_orders"":1}]","[{""price"":62393.1,""size"":0.30246182,""num_orders"":5},{""price"":62395.56,""size"":0.09619209,""num_orders"":1},{""price"":62395.6,""size"":0.00027546,""num_orders"":4},{""price"":62395.62,""size"":0.12821414,""num_orders"":1},{""price"":62396.22,""size"":0.0220366,""num_orders"":4},{""price"":62396.8,""size"":1.8e-05,""num_orders"":1},{""price"":62397.53,""size"":0.03206403,""num_orders"":1},{""price"":62397.54,""size"":0.1282102,""num_orders"":1},{""price"":62398.07,""size"":0.09619209,""num_orders"":1},{""price"":62398.09,""size"":0.04817283,""num_orders"":1}]"
btc_usd_d10_20260708T073345Z,46,2026-07-08T08:19:45.453766Z,2026-07-08T08:19:45.453893Z,BTC-USD,10,ok,,132260224036,2026-07-08T08:19:45.185294612Z,0.08495522,0.75757091,-0.798332141936,62444.900000000001,62444.910000000003,62444.904999999999,0.010000000002,0.001601411677,"[{""price"":62444.9,""size"":1.8e-05,""num_orders"":1},{""price"":62444.02,""size"":0.01732382,""num_orders"":1},{""price"":62443.54,""size"":0.00119405,""num_orders"":1},{""price"":62442.43,""size"":0.00408551,""num_orders"":1},{""price"":62442.0,""size"":2.123e-05,""num_orders"":1},{""price"":62441.2,""size"":1.8e-05,""num_orders"":1},{""price"":62440.0,""size"":0.0203,""num_orders"":1},{""price"":62439.13,""size"":8.003e-05,""num_orders"":1},{""price"":62438.83,""size"":0.03374357,""num_orders"":1},{""price"":62438.31,""size"":0.00817101,""num_orders"":1}]","[{""price"":62444.91,""size"":0.30865382,""num_orders"":3},{""price"":62445.43,""size"":0.00021286,""num_orders"":1},{""price"":62445.44,""size"":0.13131137,""num_orders"":2},{""price"":62446.0,""size"":0.00085146,""num_orders"":1},{""price"":62448.0,""size"":0.0193,""num_orders"":1},{""price"":62448.95,""size"":0.16013081,""num_orders"":1},{""price"":62448.97,""size"":0.02,""num_orders"":1},{""price"":62449.96,""size"":0.00170291,""num_orders"":1},{""price"":62450.0,""size"":0.0193,""num_orders"":1},{""price"":62450.08,""size"":0.09610768,""num_orders"":1}]"
btc_usd_d10_20260708T073345Z,47,2026-07-08T08:20:45.453766Z,2026-07-08T08:20:45.453887Z,BTC-USD,10,ok,,132260361511,2026-07-08T08:20:45.064166391Z,0.20659269,0.69608482,-0.542266894408,62377.029999999999,62377.080000000002,62377.055,0.050000000003,0.008015767978,"[{""price"":62377.03,""size"":1.896e-05,""num_orders"":1},{""price"":62376.03,""size"":3.793e-05,""num_orders"":1},{""price"":62376.02,""size"":0.00121698,""num_orders"":1},{""price"":62375.37,""size"":0.05611048,""num_orders"":1},{""price"":62374.0,""size"":0.0192,""num_orders"":1},{""price"":62373.87,""size"":1.1e-07,""num_orders"":1},{""price"":62373.86,""size"":0.00013436,""num_orders"":3},{""price"":62373.82,""size"":0.05572768,""num_orders"":1},{""price"":62373.81,""size"":0.00400809,""num_orders"":1},{""price"":62373.26,""size"":0.0701381,""num_orders"":1}]","[{""price"":62377.08,""size"":0.12825225,""num_orders"":1},{""price"":62377.96,""size"":0.1463,""num_orders"":2},{""price"":62381.02,""size"":0.16030517,""num_orders"":1},{""price"":62381.99,""size"":0.00159976,""num_orders"":1},{""price"":62382.0,""size"":1.8e-05,""num_orders"":1},{""price"":62382.71,""size"":0.09610768,""num_orders"":1},{""price"":62384.69,""size"":0.09610768,""num_orders"":1},{""price"":62385.0,""size"":0.01,""num_orders"":1},{""price"":62385.7,""size"":1.8e-05,""num_orders"":1},{""price"":62386.71,""size"":0.05737628,""num_orders"":1}]"
btc_usd_d10_20260708T073345Z,48,2026-07-08T08:21:45.453766Z,2026-07-08T08:21:45.453924Z,BTC-USD,10,ok,,132260493128,2026-07-08T08:21:43.838019909Z,0.69200861,0.23035308,0.500514640846,62282.260000000002,62282.279999999999,62282.270000000004,0.019999999997,0.003211186747,"[{""price"":62282.26,""size"":0.09610768,""num_orders"":1},{""price"":62280.51,""size"":0.22293322,""num_orders"":1},{""price"":62280.5,""size"":0.12845111,""num_orders"":1},{""price"":62280.0,""size"":0.0199,""num_orders"":1},{""price"":62279.07,""size"":0.09610768,""num_orders"":1},{""price"":62279.06,""size"":0.12845408,""num_orders"":1},{""price"":62279.03,""size"":1.82e-05,""num_orders"":1},{""price"":62279.02,""size"":3.64e-05,""num_orders"":1},{""price"":62279.01,""size"":1.2e-07,""num_orders"":1},{""price"":62278.99,""size"":1.2e-07,""num_orders"":1}]","[{""price"":62282.28,""size"":0.01752382,""num_orders"":1},{""price"":62284.0,""size"":0.0199,""num_orders"":1},{""price"":62285.9,""size"":0.00309954,""num_orders"":1},{""price"":62285.93,""size"":0.00015058,""num_orders"":1},{""price"":62286.0,""size"":0.0199,""num_orders"":1},{""price"":62286.63,""size"":0.01792382,""num_orders"":1},{""price"":62286.66,""size"":0.01792382,""num_orders"":1},{""price"":62287.67,""size"":0.01792382,""num_orders"":1},{""price"":62288.0,""size"":0.0199,""num_orders"":1},{""price"":62288.86,""size"":0.09610768,""num_orders"":1}]"
btc_usd_d10_20260708T073345Z,49,2026-07-08T08:22:45.453766Z,2026-07-08T08:22:45.453906Z,BTC-USD,10,ok,,132260660935,2026-07-08T08:22:44.473289336Z,0.47608563,0.14526142,0.532430644034,62252.459999999999,62252.470000000001,62252.464999999997,0.010000000002,0.001606362094,"[{""price"":62252.46,""size"":0.0044,""num_orders"":1},{""price"":62252.02,""size"":0.001553,""num_orders"":1},{""price"":62252.0,""size"":0.0214,""num_orders"":1},{""price"":62250.92,""size"":0.09639938,""num_orders"":1},{""price"":62250.44,""size"":0.001595,""num_orders"":1},{""price"":62250.42,""size"":0.05622288,""num_orders"":1},{""price"":62250.0,""size"":0.0214,""num_orders"":1},{""price"":62248.82,""size"":0.09639938,""num_orders"":1},{""price"":62248.54,""size"":0.12851705,""num_orders"":1},{""price"":62248.39,""size"":0.04819894,""num_orders"":1}]","[{""price"":62252.47,""size"":0.01462382,""num_orders"":1},{""price"":62252.48,""size"":0.01472382,""num_orders"":1},{""price"":62252.49,""size"":0.01486084,""num_orders"":2},{""price"":62252.5,""size"":1.8e-05,""num_orders"":1},{""price"":62256.0,""size"":0.0214,""num_orders"":1},{""price"":62256.2,""size"":1.8e-05,""num_orders"":1},{""price"":62257.72,""size"":0.04819894,""num_orders"":1},{""price"":62258.0,""size"":0.0214,""num_orders"":1},{""price"":62259.9,""size"":1.8e-05,""num_orders"":1},{""price"":62260.0,""size"":0.01,""num_orders"":1}]"
btc_usd_d10_20260708T073345Z,50,2026-07-08T08:23:45.453766Z,2026-07-08T08:23:45.453902Z,BTC-USD,10,ok,,132260784111,2026-07-08T08:23:43.176664083Z,0.0305039,0.51239495,-0.887625844114,62168.839999999997,62168.849999999999,62168.845000000001,0.010000000002,0.001608522726,"[{""price"":62168.84,""size"":3.934e-05,""num_orders"":2},{""price"":62168.49,""size"":2.063e-05,""num_orders"":1},{""price"":62167.87,""size"":2.011e-05,""num_orders"":1},{""price"":62167.4,""size"":4.178e-05,""num_orders"":2},{""price"":62166.56,""size"":0.0012,""num_orders"":1},{""price"":62166.1,""size"":8e-08,""num_orders"":1},{""price"":62166.0,""size"":0.0221,""num_orders"":1},{""price"":62165.71,""size"":0.00603226,""num_orders"":2},{""price"":62165.39,""size"":0.00079948,""num_orders"":1},{""price"":62164.85,""size"":0.00025022,""num_orders"":1}]","[{""price"":62168.85,""size"":0.01952411,""num_orders"":3},{""price"":62168.86,""size"":2.6e-07,""num_orders"":1},{""price"":62168.87,""size"":2.7e-07,""num_orders"":1},{""price"":62168.89,""size"":2.9e-07,""num_orders"":1},{""price"":62169.69,""size"":0.21355487,""num_orders"":1},{""price"":62169.7,""size"":0.12868005,""num_orders"":1},{""price"":62169.96,""size"":0.09639938,""num_orders"":1},{""price"":62169.98,""size"":0.03213541,""num_orders"":1},{""price"":62170.0,""size"":0.0221,""num_orders"":1},{""price"":62170.03,""size"":3.1e-07,""num_orders"":1}]"
btc_usd_d10_20260708T073345Z,51,2026-07-08T08:24:45.453766Z,2026-07-08T08:24:45.453893Z,BTC-USD,10,ok,,132260935464,2026-07-08T08:24:44.343889296Z,1.09088072,0.17378069,0.725174361096,62145.190000000002,62145.199999999997,62145.195,0.009999999995,0.001609134865,"[{""price"":62145.19,""size"":0.25697824,""num_orders"":3},{""price"":62145.18,""size"":1.5e-07,""num_orders"":1},{""price"":62145.17,""size"":2.1e-07,""num_orders"":1},{""price"":62145.01,""size"":0.47612767,""num_orders"":2},{""price"":62145.0,""size"":0.12873118,""num_orders"":1},{""price"":62144.72,""size"":0.04827817,""num_orders"":1},{""price"":62144.0,""size"":0.0265,""num_orders"":1},{""price"":62143.63,""size"":0.05631972,""num_orders"":1},{""price"":62143.13,""size"":0.001546,""num_orders"":1},{""price"":62142.82,""size"":0.09639938,""num_orders"":1}]","[{""price"":62145.2,""size"":1.8e-05,""num_orders"":1},{""price"":62148.9,""size"":1.8e-05,""num_orders"":1},{""price"":62150.0,""size"":0.0379,""num_orders"":2},{""price"":62151.28,""size"":0.00491494,""num_orders"":1},{""price"":62152.0,""size"":0.0279,""num_orders"":1},{""price"":62152.6,""size"":1.8e-05,""num_orders"":1},{""price"":62152.76,""size"":0.001546,""num_orders"":1},{""price"":62153.51,""size"":0.00186683,""num_orders"":1},{""price"":62153.61,""size"":0.00319954,""num_orders"":1},{""price"":62153.62,""size"":0.09639938,""num_orders"":1}]"
btc_usd_d10_20260708T073345Z,52,2026-07-08T08:25:45.453766Z,2026-07-08T08:25:45.453929Z,BTC-USD,10,ok,,132261081747,2026-07-08T08:25:42.683935097Z,0.04789608,0.45029016,-0.80771817383,62176.010000000002,62176.019999999997,62176.014999999999,0.009999999995,0.001608337233,"[{""price"":62176.01,""size"":0.00020288,""num_orders"":2},{""price"":62174.23,""size"":0.00020288,""num_orders"":2},{""price"":62174.0,""size"":0.0221,""num_orders"":1},{""price"":62173.83,""size"":0.00046374,""num_orders"":1},{""price"":62173.07,""size"":0.00092748,""num_orders"":1},{""price"":62172.83,""size"":0.00185496,""num_orders"":1},{""price"":62172.0,""size"":0.0221,""num_orders"":1},{""price"":62171.19,""size"":1.1e-07,""num_orders"":1},{""price"":62170.13,""size"":4.391e-05,""num_orders"":1},{""price"":62170.12,""size"":1.2e-07,""num_orders"":1}]","[{""price"":62176.02,""size"":0.2116294,""num_orders"":5},{""price"":62177.54,""size"":0.00088161,""num_orders"":1},{""price"":62177.55,""size"":0.00319954,""num_orders"":1},{""price"":62177.57,""size"":0.00176321,""num_orders"":1},{""price"":62177.89,""size"":2.5e-07,""num_orders"":1},{""price"":62177.97,""size"":0.04200034,""num_orders"":1},{""price"":62178.0,""size"":0.0221,""num_orders"":1},{""price"":62178.5,""size"":1.8e-05,""num_orders"":1},{""price"":62179.91,""size"":0.07229843,""num_orders"":1},{""price"":62179.92,""size"":0.09639938,""num_orders"":1}]"
btc_usd_d10_20260708T073345Z,53,2026-07-08T08:26:45.453766Z,2026-07-08T08:26:45.453937Z,BTC-USD,10,ok,,132261209759,2026-07-08T08:26:42.685154650Z,0.32172225,0.18288628,0.275135995026,62134.089999999997,62134.099999999999,62134.095000000001,0.010000000002,0.001609422331,"[{""price"":62134.09,""size"":0.02500905,""num_orders"":4},{""price"":62134.07,""size"":1.4e-07,""num_orders"":1},{""price"":62134.0,""size"":0.0207,""num_orders"":1},{""price"":62133.64,""size"":0.12800241,""num_orders"":1},{""price"":62133.63,""size"":0.09639938,""num_orders"":1},{""price"":62133.54,""size"":1.1e-07,""num_orders"":1},{""price"":62132.87,""size"":1.987e-05,""num_orders"":1},{""price"":62132.09,""size"":0.00319954,""num_orders"":1},{""price"":62132.08,""size"":0.04828578,""num_orders"":1},{""price"":62132.01,""size"":0.00010597,""num_orders"":1}]","[{""price"":62134.1,""size"":1.8e-05,""num_orders"":1},{""price"":62136.91,""size"":0.000194,""num_orders"":1},{""price"":62137.8,""size"":1.8e-05,""num_orders"":1},{""price"":62138.85,""size"":0.00262412,""num_orders"":1},{""price"":62139.25,""size"":9.7e-05,""num_orders"":1},{""price"":62139.99,""size"":0.09639938,""num_orders"":1},{""price"":62140.0,""size"":0.0207,""num_orders"":1},{""price"":62140.08,""size"":0.00485,""num_orders"":1},{""price"":62141.4,""size"":0.04828578,""num_orders"":1},{""price"":62141.42,""size"":0.0097,""num_orders"":1}]"
btc_usd_d10_20260708T073345Z,54,2026-07-08T08:27:45.453766Z,2026-07-08T08:27:45.453916Z,BTC-USD,10,ok,,132261340400,2026-07-08T08:27:45.045787791Z,0.47940573,0.3299329,0.184685154593,62097.5,62097.510000000002,62097.505000000005,0.010000000002,0.001610370659,"[{""price"":62097.5,""size"":0.10742678,""num_orders"":4},{""price"":62097.49,""size"":1.2e-07,""num_orders"":1},{""price"":62097.1,""size"":1.8e-05,""num_orders"":1},{""price"":62096.87,""size"":0.12883096,""num_orders"":1},{""price"":62096.0,""size"":0.032,""num_orders"":1},{""price"":62095.63,""size"":0.09668625,""num_orders"":1},{""price"":62095.09,""size"":0.04831477,""num_orders"":1},{""price"":62094.4,""size"":0.03222875,""num_orders"":1},{""price"":62094.2,""size"":0.00014078,""num_orders"":1},{""price"":62094.0,""size"":0.03375932,""num_orders"":2}]","[{""price"":62097.51,""size"":0.06014325,""num_orders"":2},{""price"":62098.0,""size"":2.077e-05,""num_orders"":1},{""price"":62099.07,""size"":0.05636297,""num_orders"":1},{""price"":62099.99,""size"":0.01920464,""num_orders"":2},{""price"":62100.0,""size"":0.032,""num_orders"":1},{""price"":62100.61,""size"":0.00805145,""num_orders"":1},{""price"":62100.92,""size"":0.02,""num_orders"":1},{""price"":62100.93,""size"":0.06211111,""num_orders"":1},{""price"":62101.16,""size"":0.07045371,""num_orders"":1},{""price"":62101.42,""size"":0.001585,""num_orders"":1}]"
btc_usd_d10_20260708T073345Z,55,2026-07-08T08:28:45.453766Z,2026-07-08T08:28:45.453930Z,BTC-USD,10,ok,,132261427070,2026-07-08T08:28:43.545724909Z,0.52510266,1.58376466,-0.502005028937,62041.620000000003,62041.629999999997,62041.625,0.009999999995,0.001611821095,"[{""price"":62041.62,""size"":0.05,""num_orders"":1},{""price"":62041.6,""size"":1.8e-05,""num_orders"":1},{""price"":62039.47,""size"":0.001639,""num_orders"":1},{""price"":62039.14,""size"":0.00319954,""num_orders"":1},{""price"":62039.13,""size"":0.09668625,""num_orders"":1},{""price"":62038.0,""size"":0.0471,""num_orders"":1},{""price"":62037.9,""size"":1.8e-05,""num_orders"":1},{""price"":62036.01,""size"":0.18145562,""num_orders"":1},{""price"":62036.0,""size"":0.0483,""num_orders"":2},{""price"":62035.46,""size"":0.09668625,""num_orders"":1}]","[{""price"":62041.63,""size"":0.68305114,""num_orders"":3},{""price"":62042.09,""size"":0.0281187,""num_orders"":1},{""price"":62044.0,""size"":0.0471,""num_orders"":1},{""price"":62044.61,""size"":0.23773217,""num_orders"":2},{""price"":62044.79,""size"":0.12893912,""num_orders"":1},{""price"":62046.0,""size"":0.0471,""num_orders"":1},{""price"":62047.04,""size"":0.09668625,""num_orders"":1},{""price"":62047.05,""size"":0.16116803,""num_orders"":1},{""price"":62047.64,""size"":0.10676925,""num_orders"":2},{""price"":62048.0,""size"":0.0471,""num_orders"":1}]"
btc_usd_d10_20260708T073345Z,56,2026-07-08T08:29:45.453766Z,2026-07-08T08:29:45.453938Z,BTC-USD,10,ok,,132261538716,2026-07-08T08:29:45.096978521Z,0.24758435,0.64521132,-0.445372870144,62037.900000000001,62037.910000000003,62037.904999999999,0.010000000002,0.001611917746,"[{""price"":62037.9,""size"":2.352e-05,""num_orders"":2},{""price"":62037.89,""size"":1.2e-07,""num_orders"":1},{""price"":62037.88,""size"":1.3e-07,""num_orders"":1},{""price"":62035.73,""size"":0.0151,""num_orders"":1},{""price"":62034.8,""size"":0.002015,""num_orders"":1},{""price"":62034.41,""size"":0.00158,""num_orders"":1},{""price"":62034.2,""size"":1.8e-05,""num_orders"":1},{""price"":62034.1,""size"":0.00319954,""num_orders"":1},{""price"":62034.09,""size"":0.09668625,""num_orders"":1},{""price"":62033.87,""size"":0.12896179,""num_orders"":1}]","[{""price"":62037.91,""size"":0.04473089,""num_orders"":2},{""price"":62037.92,""size"":0.03,""num_orders"":1},{""price"":62037.94,""size"":0.03,""num_orders"":1},{""price"":62038.0,""size"":0.0509,""num_orders"":1},{""price"":62039.44,""size"":0.02,""num_orders"":1},{""price"":62039.45,""size"":0.20108698,""num_orders"":1},{""price"":62040.0,""size"":0.0509,""num_orders"":1},{""price"":62040.38,""size"":0.12894829,""num_orders"":1},{""price"":62040.99,""size"":0.03222875,""num_orders"":1},{""price"":62041.0,""size"":0.05641641,""num_orders"":1}]"
btc_usd_d10_20260708T073345Z,57,2026-07-08T08:30:45.453766Z,2026-07-08T08:30:45.453932Z,BTC-USD,10,ok,,132261652741,2026-07-08T08:30:44.345424566Z,0.27414983,0.32737463,-0.088483184873,62034.190000000002,62034.199999999997,62034.195,0.009999999995,0.001612014147,"[{""price"":62034.19,""size"":0.0724463,""num_orders"":3},{""price"":62032.64,""size"":0.05642049,""num_orders"":1},{""price"":62031.79,""size"":0.09676405,""num_orders"":1},{""price"":62031.62,""size"":1.6e-07,""num_orders"":1},{""price"":62031.61,""size"":1.7e-07,""num_orders"":1},{""price"":62031.55,""size"":5.023e-05,""num_orders"":1},{""price"":62031.53,""size"":0.00010046,""num_orders"":1},{""price"":62031.52,""size"":1.6e-07,""num_orders"":1},{""price"":62031.07,""size"":1.9e-07,""num_orders"":1},{""price"":62031.01,""size"":0.04836762,""num_orders"":1}]","[{""price"":62034.2,""size"":0.015118,""num_orders"":2},{""price"":62034.22,""size"":5.038e-05,""num_orders"":1},{""price"":62034.27,""size"":2.519e-05,""num_orders"":1},{""price"":62034.83,""size"":0.12895982,""num_orders"":1},{""price"":62034.84,""size"":0.00402999,""num_orders"":1},{""price"":62034.89,""size"":0.002015,""num_orders"":1},{""price"":62035.59,""size"":0.12895825,""num_orders"":1},{""price"":62036.0,""size"":0.0235,""num_orders"":1},{""price"":62037.9,""size"":1.8e-05,""num_orders"":1},{""price"":62038.0,""size"":0.0247,""num_orders"":1}]"
btc_usd_d10_20260708T073345Z,58,2026-07-08T08:31:45.453766Z,2026-07-08T08:31:45.453929Z,BTC-USD,10,ok,,132261784170,2026-07-08T08:31:44.688575619Z,0.67593626,0.38005604,0.280191645337,62020,62021.629999999997,62020.815000000002,1.629999999997,0.262814992031,"[{""price"":62020.0,""size"":0.022,""num_orders"":1},{""price"":62019.2,""size"":0.09668738,""num_orders"":1},{""price"":62018.0,""size"":0.022,""num_orders"":1},{""price"":62016.23,""size"":0.09668738,""num_orders"":1},{""price"":62016.0,""size"":0.022,""num_orders"":1},{""price"":62015.7,""size"":0.23915571,""num_orders"":3},{""price"":62015.69,""size"":0.12899961,""num_orders"":1},{""price"":62015.68,""size"":1.2e-07,""num_orders"":1},{""price"":62015.66,""size"":1.5e-07,""num_orders"":1},{""price"":62015.57,""size"":0.04840591,""num_orders"":1}]","[{""price"":62021.63,""size"":0.0151,""num_orders"":1},{""price"":62021.83,""size"":0.01992382,""num_orders"":1},{""price"":62021.84,""size"":0.01992382,""num_orders"":1},{""price"":62021.85,""size"":0.01992382,""num_orders"":1},{""price"":62021.86,""size"":0.00319954,""num_orders"":1},{""price"":62022.41,""size"":0.12898564,""num_orders"":1},{""price"":62023.1,""size"":1.8e-05,""num_orders"":1},{""price"":62024.0,""size"":0.022,""num_orders"":1},{""price"":62024.45,""size"":0.1289814,""num_orders"":1},{""price"":62026.0,""size"":0.022,""num_orders"":1}]"
btc_usd_d10_20260708T073345Z,59,2026-07-08T08:32:45.453766Z,2026-07-08T08:32:45.453927Z,BTC-USD,10,ok,,132261899496,2026-07-08T08:32:43.629524013Z,0.73663022,1.32876536,-0.286693331647,61904.389999999999,61904.400000000001,61904.395000000004,0.010000000002,0.00161539419,"[{""price"":61904.39,""size"":0.0151,""num_orders"":1},{""price"":61903.39,""size"":0.04949061,""num_orders"":2},{""price"":61902.9,""size"":0.00201929,""num_orders"":1},{""price"":61902.74,""size"":1.62e-06,""num_orders"":1},{""price"":61902.0,""size"":0.0373,""num_orders"":1},{""price"":61901.58,""size"":8.077e-05,""num_orders"":1},{""price"":61901.31,""size"":0.04796619,""num_orders"":1},{""price"":61901.0,""size"":1.8e-05,""num_orders"":1},{""price"":61900.41,""size"":0.39087696,""num_orders"":1},{""price"":61900.4,""size"":0.19377678,""num_orders"":1}]","[{""price"":61904.4,""size"":0.57408462,""num_orders"":3},{""price"":61905.89,""size"":0.27813495,""num_orders"":3},{""price"":61907.1,""size"":0.1292259,""num_orders"":1},{""price"":61910.0,""size"":0.0373,""num_orders"":1},{""price"":61910.43,""size"":0.19377678,""num_orders"":1},{""price"":61911.78,""size"":2.9e-07,""num_orders"":1},{""price"":61911.8,""size"":3.3e-07,""num_orders"":1},{""price"":61912.35,""size"":0.06459226,""num_orders"":1},{""price"":61912.69,""size"":0.04845069,""num_orders"":1},{""price"":61912.7,""size"":0.00319954,""num_orders"":1}]"
btc_usd_d10_20260708T102510Z,0,2026-07-08T10:25:10.415120Z,2026-07-08T10:25:10.415155Z,BTC-USD,10,ok,,132269505387,2026-07-08T10:25:09.034148115Z,0.52146266,0.45196514,0.071394632452,62004.480000000003,62004.489999999998,62004.485000000001,0.009999999995,0.001612786558,"[{""price"":62004.48,""size"":0.12691784,""num_orders"":7},{""price"":62004.47,""size"":1.8e-07,""num_orders"":1},{""price"":62004.27,""size"":0.12902337,""num_orders"":1},{""price"":62004.21,""size"":1.7e-07,""num_orders"":1},{""price"":62004.19,""size"":1.8e-07,""num_orders"":1},{""price"":62002.71,""size"":0.0483837,""num_orders"":1},{""price"":62002.65,""size"":0.00760888,""num_orders"":1},{""price"":62002.01,""size"":0.1527288,""num_orders"":2},{""price"":62002.0,""size"":0.0536,""num_orders"":1},{""price"":62000.59,""size"":0.00319954,""num_orders"":1}]","[{""price"":62004.49,""size"":9.7e-05,""num_orders"":1},{""price"":62004.6,""size"":1.8e-05,""num_orders"":1},{""price"":62004.99,""size"":0.00485,""num_orders"":1},{""price"":62005.97,""size"":0.1152125,""num_orders"":3},{""price"":62005.98,""size"":0.12907976,""num_orders"":2},{""price"":62005.99,""size"":1.7e-07,""num_orders"":1},{""price"":62006.0,""size"":0.0536,""num_orders"":1},{""price"":62006.89,""size"":0.12905731,""num_orders"":1},{""price"":62006.97,""size"":5.04e-05,""num_orders"":1},{""price"":62007.31,""size"":0.02,""num_orders"":1}]"
btc_usd_d10_20260708T102510Z,1,2026-07-08T10:26:10.415120Z,2026-07-08T10:26:10.415255Z,BTC-USD,10,ok,,132269539743,2026-07-08T10:26:08.112599885Z,1.27031959,0.30534871,0.612420063284,62019.269999999997,62019.279999999999,62019.274999999994,0.010000000002,0.001612401951,"[{""price"":62019.27,""size"":0.19621264,""num_orders"":6},{""price"":62019.26,""size"":0.00319954,""num_orders"":1},{""price"":62019.25,""size"":0.13052939,""num_orders"":3},{""price"":62019.23,""size"":1.5e-07,""num_orders"":1},{""price"":62018.9,""size"":0.04837386,""num_orders"":1},{""price"":62018.0,""size"":0.0536,""num_orders"":1},{""price"":62017.73,""size"":0.45788585,""num_orders"":1},{""price"":62017.72,""size"":0.05643406,""num_orders"":1},{""price"":62017.67,""size"":0.3224461,""num_orders"":1},{""price"":62017.46,""size"":0.001638,""num_orders"":1}]","[{""price"":62019.28,""size"":0.04474042,""num_orders"":2},{""price"":62019.29,""size"":1.8e-07,""num_orders"":1},{""price"":62019.3,""size"":1.8e-07,""num_orders"":1},{""price"":62020.83,""size"":0.05643406,""num_orders"":1},{""price"":62021.12,""size"":0.0008062,""num_orders"":1},{""price"":62021.76,""size"":0.00012596,""num_orders"":2},{""price"":62022.38,""size"":0.01007701,""num_orders"":2},{""price"":62022.91,""size"":0.048509,""num_orders"":1},{""price"":62022.92,""size"":0.07411312,""num_orders"":1},{""price"":62022.93,""size"":0.07054258,""num_orders"":1}]"
btc_usd_d10_20260708T102510Z,2,2026-07-08T10:27:10.415120Z,2026-07-08T10:27:10.415244Z,BTC-USD,10,ok,,132269571045,2026-07-08T10:27:09.151864174Z,1.23227466,0.40678152,0.503639320038,62019.220000000001,62019.230000000003,62019.225000000006,0.010000000002,0.001612403251,"[{""price"":62019.22,""size"":0.0974725,""num_orders"":8},{""price"":62019.21,""size"":1.7e-07,""num_orders"":1},{""price"":62019.2,""size"":1.8e-07,""num_orders"":1},{""price"":62018.24,""size"":0.10491777,""num_orders"":2},{""price"":62018.22,""size"":0.12899432,""num_orders"":1},{""price"":62016.0,""size"":0.0536,""num_orders"":1},{""price"":62015.29,""size"":0.35370112,""num_orders"":1},{""price"":62015.28,""size"":0.316,""num_orders"":1},{""price"":62015.07,""size"":0.1290796,""num_orders"":1},{""price"":62015.06,""size"":0.048509,""num_orders"":1}]","[{""price"":62019.23,""size"":0.07350733,""num_orders"":3},{""price"":62019.24,""size"":1.7e-07,""num_orders"":1},{""price"":62019.25,""size"":1.8e-07,""num_orders"":1},{""price"":62020.35,""size"":0.0008062,""num_orders"":1},{""price"":62020.93,""size"":0.00319954,""num_orders"":1},{""price"":62020.95,""size"":0.05643402,""num_orders"":1},{""price"":62022.0,""size"":0.0536,""num_orders"":1},{""price"":62022.26,""size"":0.001576,""num_orders"":1},{""price"":62022.96,""size"":2.519e-05,""num_orders"":1},{""price"":62022.98,""size"":0.21763289,""num_orders"":1}]"
btc_usd_d10_20260708T102510Z,3,2026-07-08T10:28:10.415120Z,2026-07-08T10:28:10.415272Z,BTC-USD,10,ok,,132269598165,2026-07-08T10:28:09.102348368Z,1.19085797,1.03529638,0.06987906746,62027.650000000001,62027.660000000003,62027.654999999999,0.010000000002,0.001612184114,"[{""price"":62027.65,""size"":0.04853886,""num_orders"":2},{""price"":62025.32,""size"":0.07700095,""num_orders"":1},{""price"":62025.31,""size"":0.12897959,""num_orders"":1},{""price"":62025.17,""size"":2.2e-07,""num_orders"":1},{""price"":62024.47,""size"":0.1290796,""num_orders"":1},{""price"":62024.46,""size"":0.34740366,""num_orders"":1},{""price"":62023.65,""size"":0.001585,""num_orders"":1},{""price"":62023.5,""size"":0.1612292,""num_orders"":1},{""price"":62023.1,""size"":1.8e-05,""num_orders"":1},{""price"":62022.21,""size"":0.29702289,""num_orders"":1}]","[{""price"":62027.66,""size"":0.04828636,""num_orders"":3},{""price"":62027.98,""size"":0.06042382,""num_orders"":1},{""price"":62027.99,""size"":0.06042382,""num_orders"":1},{""price"":62028.0,""size"":0.1848,""num_orders"":2},{""price"":62029.76,""size"":0.00090662,""num_orders"":1},{""price"":62029.77,""size"":0.31198816,""num_orders"":1},{""price"":62029.78,""size"":0.15524,""num_orders"":1},{""price"":62029.92,""size"":0.1290796,""num_orders"":1},{""price"":62030.0,""size"":0.0536,""num_orders"":1},{""price"":62030.7,""size"":0.030548,""num_orders"":1}]"
btc_usd_d10_20260708T102510Z,4,2026-07-08T10:29:10.415120Z,2026-07-08T10:29:10.415254Z,BTC-USD,10,ok,,132269632465,2026-07-08T10:29:07.491623160Z,0.49283186,0.4957048,-0.002906255394,62039.989999999998,62040,62039.994999999995,0.010000000002,0.001611863444,"[{""price"":62039.99,""size"":0.048458,""num_orders"":4},{""price"":62039.98,""size"":2e-07,""num_orders"":1},{""price"":62039.97,""size"":2e-07,""num_orders"":1},{""price"":62039.66,""size"":0.17087486,""num_orders"":1},{""price"":62039.65,""size"":0.12894978,""num_orders"":1},{""price"":62038.79,""size"":0.12895156,""num_orders"":1},{""price"":62038.77,""size"":0.01272395,""num_orders"":1},{""price"":62037.9,""size"":1.8e-05,""num_orders"":1},{""price"":62037.89,""size"":0.00285508,""num_orders"":3},{""price"":62037.87,""size"":2.3e-07,""num_orders"":1}]","[{""price"":62040.0,""size"":0.16317207,""num_orders"":4},{""price"":62040.01,""size"":2e-07,""num_orders"":1},{""price"":62040.03,""size"":2.1e-07,""num_orders"":1},{""price"":62041.55,""size"":0.05641522,""num_orders"":1},{""price"":62042.0,""size"":0.0536,""num_orders"":1},{""price"":62042.07,""size"":0.00163466,""num_orders"":1},{""price"":62042.48,""size"":0.00027703,""num_orders"":4},{""price"":62043.1,""size"":0.02216201,""num_orders"":4},{""price"":62043.56,""size"":0.00250639,""num_orders"":1},{""price"":62043.58,""size"":0.19593701,""num_orders"":1}]"
btc_usd_d10_20260708T102510Z,5,2026-07-08T10:30:10.415120Z,2026-07-08T10:30:10.415258Z,BTC-USD,10,ok,,132269671513,2026-07-08T10:30:09.520728362Z,0.95945574,0.45510731,0.35654008494,62008.540000000001,62008.550000000003,62008.544999999998,0.010000000002,0.001612680962,"[{""price"":62008.54,""size"":0.45959012,""num_orders"":8},{""price"":62008.53,""size"":1.7e-07,""num_orders"":1},{""price"":62008.52,""size"":1.7e-07,""num_orders"":1},{""price"":62008.34,""size"":0.18638034,""num_orders"":1},{""price"":62008.32,""size"":0.12901494,""num_orders"":1},{""price"":62008.3,""size"":0.00034101,""num_orders"":3},{""price"":62008.29,""size"":0.00015933,""num_orders"":1},{""price"":62008.0,""size"":0.0536,""num_orders"":1},{""price"":62006.68,""size"":0.00129006,""num_orders"":1},{""price"":62006.4,""size"":0.1290796,""num_orders"":1}]","[{""price"":62008.55,""size"":0.05644401,""num_orders"":2},{""price"":62008.56,""size"":2e-07,""num_orders"":1},{""price"":62008.57,""size"":2.1e-07,""num_orders"":1},{""price"":62009.65,""size"":0.00159977,""num_orders"":1},{""price"":62009.66,""size"":0.048509,""num_orders"":1},{""price"":62009.68,""size"":0.08397776,""num_orders"":1},{""price"":62010.11,""size"":0.05644382,""num_orders"":1},{""price"":62010.62,""size"":0.08397776,""num_orders"":1},{""price"":62012.0,""size"":0.0536,""num_orders"":1},{""price"":62012.21,""size"":0.07055478,""num_orders"":1}]"
btc_usd_d10_20260708T102510Z,6,2026-07-08T10:31:10.415120Z,2026-07-08T10:31:10.415251Z,BTC-USD,10,ok,,132269723774,2026-07-08T10:31:08.687364731Z,0.46744489,1.05877949,-0.38744932118,62023.089999999997,62023.099999999999,62023.095000000001,0.010000000002,0.001612302643,"[{""price"":62023.09,""size"":0.08496101,""num_orders"":3},{""price"":62023.07,""size"":1.8e-07,""num_orders"":1},{""price"":62022.36,""size"":0.12898573,""num_orders"":1},{""price"":62021.54,""size"":0.05050361,""num_orders"":1},{""price"":62021.12,""size"":0.12898831,""num_orders"":1},{""price"":62021.06,""size"":0.00146874,""num_orders"":1},{""price"":62020.08,""size"":0.00039293,""num_orders"":2},{""price"":62019.99,""size"":0.02217028,""num_orders"":4},{""price"":62019.54,""size"":0.04837433,""num_orders"":1},{""price"":62019.25,""size"":0.00159977,""num_orders"":1}]","[{""price"":62023.1,""size"":0.56352429,""num_orders"":11},{""price"":62023.11,""size"":1.9e-07,""num_orders"":1},{""price"":62023.12,""size"":2.1e-07,""num_orders"":1},{""price"":62023.98,""size"":0.00159977,""num_orders"":1},{""price"":62023.99,""size"":0.0319992,""num_orders"":1},{""price"":62024.0,""size"":0.0536,""num_orders"":1},{""price"":62024.9,""size"":0.02901502,""num_orders"":1},{""price"":62025.14,""size"":0.1290796,""num_orders"":1},{""price"":62025.15,""size"":0.20145221,""num_orders"":2},{""price"":62025.16,""size"":0.048509,""num_orders"":1}]"
btc_usd_d10_20260708T102510Z,7,2026-07-08T10:32:10.415120Z,2026-07-08T10:32:10.415252Z,BTC-USD,10,ok,,132269787909,2026-07-08T10:32:09.684337020Z,0.87016036,0.43950071,0.328832901783,62067.860000000001,62067.870000000003,62067.865000000005,0.010000000002,0.001611139678,"[{""price"":62067.86,""size"":0.42226004,""num_orders"":11},{""price"":62067.85,""size"":0.05402399,""num_orders"":2},{""price"":62067.84,""size"":1.8e-07,""num_orders"":1},{""price"":62063.99,""size"":0.00047161,""num_orders"":1},{""price"":62063.79,""size"":0.00319954,""num_orders"":1},{""price"":62063.78,""size"":0.1290796,""num_orders"":1},{""price"":62063.51,""size"":0.02,""num_orders"":1},{""price"":62063.5,""size"":0.06,""num_orders"":2},{""price"":62063.45,""size"":0.1611254,""num_orders"":1},{""price"":62061.9,""size"":0.02,""num_orders"":1}]","[{""price"":62067.87,""size"":0.00458118,""num_orders"":1},{""price"":62067.93,""size"":1.5e-07,""num_orders"":1},{""price"":62069.1,""size"":0.01951192,""num_orders"":1},{""price"":62070.0,""size"":0.0536,""num_orders"":1},{""price"":62070.04,""size"":0.01951192,""num_orders"":1},{""price"":62070.35,""size"":0.00017621,""num_orders"":3},{""price"":62070.97,""size"":0.01409676,""num_orders"":3},{""price"":62071.2,""size"":1.8e-05,""num_orders"":1},{""price"":62071.95,""size"":0.19892497,""num_orders"":1},{""price"":62071.96,""size"":0.1290796,""num_orders"":1}]"
btc_usd_d10_20260708T102510Z,8,2026-07-08T10:33:10.415120Z,2026-07-08T10:33:10.415247Z,BTC-USD,10,ok,,132269838876,2026-07-08T10:33:10.095910682Z,0.4047075,0.59692999,-0.191908242173,62061.540000000001,62061.550000000003,62061.544999999998,0.010000000002,0.001611303747,"[{""price"":62061.54,""size"":0.04523,""num_orders"":1},{""price"":62061.37,""size"":0.001607,""num_orders"":1},{""price"":62060.11,""size"":0.00319954,""num_orders"":1},{""price"":62060.1,""size"":0.08076006,""num_orders"":1},{""price"":62058.86,""size"":3e-07,""num_orders"":2},{""price"":62058.85,""size"":1.5e-07,""num_orders"":1},{""price"":62058.76,""size"":0.12891008,""num_orders"":1},{""price"":62058.55,""size"":0.04305552,""num_orders"":1},{""price"":62058.03,""size"":0.04834485,""num_orders"":1},{""price"":62058.0,""size"":0.0536,""num_orders"":1}]","[{""price"":62061.55,""size"":0.1290796,""num_orders"":1},{""price"":62061.98,""size"":0.01409881,""num_orders"":3},{""price"":62062.0,""size"":0.0536,""num_orders"":1},{""price"":62063.01,""size"":0.25736288,""num_orders"":1},{""price"":62063.02,""size"":0.048509,""num_orders"":1},{""price"":62063.62,""size"":0.000194,""num_orders"":1},{""price"":62063.8,""size"":1.8e-05,""num_orders"":1},{""price"":62063.99,""size"":0.040367,""num_orders"":1},{""price"":62064.0,""size"":0.0536,""num_orders"":1},{""price"":62064.02,""size"":0.0001007,""num_orders"":1}]"
btc_usd_d10_20260708T102510Z,9,2026-07-08T10:34:10.415120Z,2026-07-08T10:34:10.415252Z,BTC-USD,10,ok,,132269885197,2026-07-08T10:34:09.092207813Z,0.73997296,0.48947444,0.203748871241,62077.449999999997,62077.459999999999,62077.455000000002,0.010000000002,0.001610890782,"[{""price"":62077.45,""size"":0.31407149,""num_orders"":9},{""price"":62077.43,""size"":1.4e-07,""num_orders"":1},{""price"":62076.01,""size"":0.00319954,""num_orders"":1},{""price"":62076.0,""size"":0.0484,""num_orders"":1},{""price"":62075.57,""size"":0.04832933,""num_orders"":1},{""price"":62075.28,""size"":0.1290796,""num_orders"":1},{""price"":62075.02,""size"":0.1288763,""num_orders"":1},{""price"":62074.9,""size"":1.8e-05,""num_orders"":1},{""price"":62074.49,""size"":0.02,""num_orders"":1},{""price"":62074.48,""size"":0.04799856,""num_orders"":1}]","[{""price"":62077.46,""size"":0.00080564,""num_orders"":2},{""price"":62077.47,""size"":2.1e-07,""num_orders"":1},{""price"":62077.48,""size"":2.3e-07,""num_orders"":1},{""price"":62079.94,""size"":0.00017619,""num_orders"":3},{""price"":62080.56,""size"":0.01409459,""num_orders"":3},{""price"":62082.0,""size"":0.0484,""num_orders"":1},{""price"":62082.06,""size"":0.00491871,""num_orders"":1},{""price"":62082.92,""size"":0.001552,""num_orders"":1},{""price"":62083.67,""size"":0.1312,""num_orders"":1},{""price"":62083.99,""size"":0.28832687,""num_orders"":2}]"
btc_usd_d10_20260708T102510Z,10,2026-07-08T10:35:10.415120Z,2026-07-08T10:35:10.415241Z,BTC-USD,10,ok,,132269923151,2026-07-08T10:35:09.040094333Z,0.6007528,1.22805984,-0.343013289759,62089.099999999999,62089.110000000001,62089.104999999996,0.010000000002,0.001610588525,"[{""price"":62089.1,""size"":1.7e-07,""num_orders"":2},{""price"":62086.64,""size"":0.02934749,""num_orders"":2},{""price"":62085.44,""size"":0.12885467,""num_orders"":1},{""price"":62084.55,""size"":0.04831908,""num_orders"":1},{""price"":62084.37,""size"":0.00805356,""num_orders"":1},{""price"":62084.34,""size"":0.1290796,""num_orders"":1},{""price"":62084.0,""size"":0.0459,""num_orders"":1},{""price"":62083.56,""size"":0.16107323,""num_orders"":1},{""price"":62083.39,""size"":0.001616,""num_orders"":1},{""price"":62082.49,""size"":0.048509,""num_orders"":1}]","[{""price"":62089.11,""size"":0.41920658,""num_orders"":6},{""price"":62089.12,""size"":0.37508292,""num_orders"":1},{""price"":62089.13,""size"":0.00080528,""num_orders"":1},{""price"":62089.14,""size"":4.4e-07,""num_orders"":2},{""price"":62089.98,""size"":0.1290796,""num_orders"":1},{""price"":62090.0,""size"":0.0459,""num_orders"":1},{""price"":62090.69,""size"":0.05637058,""num_orders"":1},{""price"":62090.99,""size"":0.12884317,""num_orders"":1},{""price"":62091.55,""size"":0.07267061,""num_orders"":2},{""price"":62091.6,""size"":0.00010066,""num_orders"":1}]"
btc_usd_d10_20260708T102510Z,11,2026-07-08T10:36:10.415120Z,2026-07-08T10:36:10.415256Z,BTC-USD,10,ok,,132269970178,2026-07-08T10:36:09.513382880Z,0.37839008,0.46071877,-0.09811443414,62091.980000000003,62091.989999999998,62091.985000000001,0.009999999995,0.00161051382,"[{""price"":62091.98,""size"":0.00622851,""num_orders"":2},{""price"":62091.52,""size"":7.843e-05,""num_orders"":1},{""price"":62090.3,""size"":0.00027927,""num_orders"":1},{""price"":62090.03,""size"":0.1290796,""num_orders"":1},{""price"":62090.0,""size"":0.0434,""num_orders"":1},{""price"":62089.87,""size"":0.12884547,""num_orders"":1},{""price"":62089.7,""size"":1.8e-05,""num_orders"":1},{""price"":62089.63,""size"":0.0483152,""num_orders"":1},{""price"":62089.17,""size"":0.01409263,""num_orders"":3},{""price"":62088.88,""size"":0.00805297,""num_orders"":1}]","[{""price"":62091.99,""size"":0.15733777,""num_orders"":3},{""price"":62092.28,""size"":0.0032004,""num_orders"":2},{""price"":62092.29,""size"":2.6e-07,""num_orders"":1},{""price"":62092.3,""size"":2.7e-07,""num_orders"":1},{""price"":62092.58,""size"":0.00080525,""num_orders"":1},{""price"":62093.82,""size"":0.00161191,""num_orders"":1},{""price"":62093.83,""size"":0.12753554,""num_orders"":1},{""price"":62093.84,""size"":0.05636772,""num_orders"":1},{""price"":62094.0,""size"":0.0434,""num_orders"":1},{""price"":62095.93,""size"":0.07045965,""num_orders"":1}]"
btc_usd_d10_20260708T102510Z,12,2026-07-08T10:37:10.415120Z,2026-07-08T10:37:10.415284Z,BTC-USD,10,ok,,132270021006,2026-07-08T10:37:08.548463092Z,0.912195,0.1860104,0.661246611973,62052.690000000002,62052.699999999997,62052.695,0.009999999995,0.001611533551,"[{""price"":62052.69,""size"":0.43948674,""num_orders"":8},{""price"":62052.68,""size"":0.12892289,""num_orders"":2},{""price"":62052.67,""size"":2e-07,""num_orders"":1},{""price"":62052.52,""size"":0.04834645,""num_orders"":1},{""price"":62052.03,""size"":4.592e-05,""num_orders"":1},{""price"":62051.14,""size"":0.02128206,""num_orders"":1},{""price"":62050.01,""size"":0.10171662,""num_orders"":1},{""price"":62050.0,""size"":0.0413,""num_orders"":1},{""price"":62049.79,""size"":0.1290796,""num_orders"":1},{""price"":62049.59,""size"":0.00201452,""num_orders"":1}]","[{""price"":62052.7,""size"":1.8e-05,""num_orders"":1},{""price"":62052.71,""size"":2.9e-07,""num_orders"":2},{""price"":62055.68,""size"":0.00485,""num_orders"":1},{""price"":62055.99,""size"":0.13787469,""num_orders"":2},{""price"":62056.0,""size"":0.0413,""num_orders"":1},{""price"":62056.37,""size"":0.001651,""num_orders"":1},{""price"":62056.4,""size"":1.8e-05,""num_orders"":1},{""price"":62056.83,""size"":0.00010071,""num_orders"":1},{""price"":62056.86,""size"":9.7e-05,""num_orders"":1},{""price"":62056.92,""size"":0.00010071,""num_orders"":1}]"
btc_usd_d10_20260708T102510Z,13,2026-07-08T10:38:10.415120Z,2026-07-08T10:38:10.415281Z,BTC-USD,10,ok,,132270069734,2026-07-08T10:38:09.626804063Z,1.31436743,0.27008643,0.659079463507,62059,62059.010000000002,62059.005000000005,0.010000000002,0.001611369696,"[{""price"":62059.0,""size"":0.59064782,""num_orders"":11},{""price"":62058.99,""size"":2e-07,""num_orders"":1},{""price"":62058.98,""size"":2e-07,""num_orders"":1},{""price"":62058.4,""size"":0.00183913,""num_orders"":1},{""price"":62058.39,""size"":0.34761686,""num_orders"":1},{""price"":62058.38,""size"":0.12891087,""num_orders"":1},{""price"":62058.0,""size"":0.0502,""num_orders"":1},{""price"":62057.35,""size"":0.001616,""num_orders"":1},{""price"":62056.95,""size"":0.1290796,""num_orders"":1},{""price"":62056.68,""size"":0.06445675,""num_orders"":1}]","[{""price"":62059.01,""size"":1.6e-07,""num_orders"":1},{""price"":62059.03,""size"":3.3e-07,""num_orders"":2},{""price"":62060.1,""size"":1.8e-05,""num_orders"":1},{""price"":62061.49,""size"":0.00027695,""num_orders"":4},{""price"":62062.11,""size"":0.02215523,""num_orders"":4},{""price"":62063.8,""size"":1.8e-05,""num_orders"":1},{""price"":62064.0,""size"":0.0502,""num_orders"":1},{""price"":62065.71,""size"":0.001616,""num_orders"":1},{""price"":62066.35,""size"":0.13134501,""num_orders"":2},{""price"":62066.36,""size"":0.06445675,""num_orders"":1}]"
btc_usd_d10_20260708T102510Z,14,2026-07-08T10:39:10.415120Z,2026-07-08T10:39:10.415281Z,BTC-USD,10,ok,,132270104414,2026-07-08T10:39:09.185023696Z,0.28198531,1.51044116,-0.685359132194,62034.830000000002,62034.839999999997,62034.834999999999,0.009999999995,0.001611997516,"[{""price"":62034.83,""size"":0.00070341,""num_orders"":4},{""price"":62034.82,""size"":1.2e-07,""num_orders"":1},{""price"":62034.81,""size"":1.2e-07,""num_orders"":1},{""price"":62034.2,""size"":1.8e-05,""num_orders"":1},{""price"":62033.44,""size"":0.03499999,""num_orders"":1},{""price"":62032.5,""size"":0.03499999,""num_orders"":1},{""price"":62031.73,""size"":0.02216608,""num_orders"":4},{""price"":62030.5,""size"":1.8e-05,""num_orders"":1},{""price"":62030.01,""size"":0.1290796,""num_orders"":1},{""price"":62030.0,""size"":0.06,""num_orders"":2}]","[{""price"":62034.84,""size"":0.86218038,""num_orders"":12},{""price"":62034.85,""size"":4e-07,""num_orders"":2},{""price"":62035.46,""size"":0.12268321,""num_orders"":1},{""price"":62035.47,""size"":0.1290796,""num_orders"":1},{""price"":62036.39,""size"":0.05641991,""num_orders"":1},{""price"":62037.31,""size"":0.00319954,""num_orders"":1},{""price"":62037.32,""size"":0.12895465,""num_orders"":1},{""price"":62037.36,""size"":0.00163,""num_orders"":1},{""price"":62037.57,""size"":0.20548748,""num_orders"":1},{""price"":62037.71,""size"":0.00080599,""num_orders"":1}]"
btc_usd_d10_20260708T102510Z,15,2026-07-08T10:40:10.415120Z,2026-07-08T10:40:10.415271Z,BTC-USD,10,ok,,132270141331,2026-07-08T10:40:08.601807585Z,1.07686569,0.24506293,0.629234247156,62069.360000000001,62069.370000000003,62069.365000000005,0.010000000002,0.001611100742,"[{""price"":62069.36,""size"":0.23407914,""num_orders"":8},{""price"":62069.35,""size"":2e-07,""num_orders"":1},{""price"":62069.34,""size"":2.1e-07,""num_orders"":1},{""price"":62068.0,""size"":0.0536,""num_orders"":1},{""price"":62067.91,""size"":0.03399988,""num_orders"":1},{""price"":62067.07,""size"":0.2823082,""num_orders"":1},{""price"":62067.06,""size"":0.1290796,""num_orders"":1},{""price"":62066.0,""size"":0.0536,""num_orders"":1},{""price"":62065.97,""size"":0.16111886,""num_orders"":1},{""price"":62065.19,""size"":0.1290796,""num_orders"":1}]","[{""price"":62069.37,""size"":0.10027556,""num_orders"":4},{""price"":62069.38,""size"":9.7e-05,""num_orders"":1},{""price"":62069.39,""size"":3.3e-07,""num_orders"":2},{""price"":62070.9,""size"":0.01288369,""num_orders"":1},{""price"":62071.2,""size"":1.8e-05,""num_orders"":1},{""price"":62071.9,""size"":0.00240964,""num_orders"":1},{""price"":62071.91,""size"":0.06588471,""num_orders"":2},{""price"":62072.0,""size"":0.0536,""num_orders"":1},{""price"":62072.45,""size"":0.000194,""num_orders"":1},{""price"":62072.48,""size"":0.0097,""num_orders"":1}]"
btc_usd_d10_20260708T102510Z,16,2026-07-08T10:41:10.415120Z,2026-07-08T10:41:10.415263Z,BTC-USD,10,ok,,132270177384,2026-07-08T10:41:09.537195048Z,0.45227415,0.62990069,-0.164138486162,62072.93,62072.940000000002,62072.934999999998,0.010000000002,0.001611008083,"[{""price"":62072.93,""size"":0.08908708,""num_orders"":6},{""price"":62072.92,""size"":1.1e-07,""num_orders"":1},{""price"":62072.91,""size"":1e-07,""num_orders"":1},{""price"":62072.41,""size"":0.00319954,""num_orders"":1},{""price"":62072.4,""size"":0.1290796,""num_orders"":1},{""price"":62072.39,""size"":0.12888175,""num_orders"":1},{""price"":62072.3,""size"":0.04833028,""num_orders"":1},{""price"":62072.0,""size"":0.0536,""num_orders"":1},{""price"":62071.2,""size"":1.8e-05,""num_orders"":1},{""price"":62070.51,""size"":7.769e-05,""num_orders"":1}]","[{""price"":62072.94,""size"":0.00090199,""num_orders"":2},{""price"":62072.96,""size"":6.7e-07,""num_orders"":2},{""price"":62074.48,""size"":0.10773873,""num_orders"":1},{""price"":62074.49,""size"":0.05638528,""num_orders"":1},{""price"":62075.99,""size"":0.02418166,""num_orders"":1},{""price"":62076.0,""size"":0.0536,""num_orders"":1},{""price"":62076.59,""size"":0.0704816,""num_orders"":1},{""price"":62077.47,""size"":0.00012585,""num_orders"":2},{""price"":62077.51,""size"":0.02,""num_orders"":1},{""price"":62077.52,""size"":0.29648491,""num_orders"":1}]"
btc_usd_d10_20260708T102510Z,17,2026-07-08T10:42:10.415120Z,2026-07-08T10:42:10.415283Z,BTC-USD,10,ok,,132270199892,2026-07-08T10:42:08.170710914Z,0.67655328,0.43551037,0.216752800076,62068.269999999997,62068.279999999999,62068.274999999994,0.010000000002,0.001611129035,"[{""price"":62068.27,""size"":0.30583593,""num_orders"":11},{""price"":62068.25,""size"":1.6e-07,""num_orders"":1},{""price"":62068.01,""size"":0.00319954,""num_orders"":1},{""price"":62068.0,""size"":0.0536,""num_orders"":1},{""price"":62067.5,""size"":0.00031868,""num_orders"":2},{""price"":62067.28,""size"":0.06445675,""num_orders"":1},{""price"":62066.96,""size"":0.04833651,""num_orders"":1},{""price"":62066.01,""size"":0.1290796,""num_orders"":1},{""price"":62066.0,""size"":0.0536,""num_orders"":1},{""price"":62065.17,""size"":0.01812611,""num_orders"":3}]","[{""price"":62068.28,""size"":0.06726691,""num_orders"":3},{""price"":62068.29,""size"":1.8e-07,""num_orders"":1},{""price"":62068.3,""size"":1.9e-07,""num_orders"":1},{""price"":62069.53,""size"":0.00161115,""num_orders"":1},{""price"":62069.83,""size"":0.05638951,""num_orders"":1},{""price"":62071.41,""size"":0.18602968,""num_orders"":2},{""price"":62071.93,""size"":0.07048689,""num_orders"":1},{""price"":62072.0,""size"":0.0536,""num_orders"":1},{""price"":62073.03,""size"":0.00010069,""num_orders"":1},{""price"":62073.05,""size"":2.517e-05,""num_orders"":1}]"
btc_usd_d10_20260708T102510Z,18,2026-07-08T10:43:10.415120Z,2026-07-08T10:43:10.415291Z,BTC-USD,10,ok,,132270236623,2026-07-08T10:43:08.153353597Z,0.4386756,0.76086246,-0.268592444662,62075.5,62075.510000000002,62075.505000000005,0.010000000002,0.001610941385,"[{""price"":62075.5,""size"":0.05957058,""num_orders"":9},{""price"":62075.49,""size"":1.1e-07,""num_orders"":1},{""price"":62075.48,""size"":1.1e-07,""num_orders"":1},{""price"":62074.9,""size"":1.8e-05,""num_orders"":1},{""price"":62074.0,""size"":0.0508,""num_orders"":1},{""price"":62073.96,""size"":0.0483294,""num_orders"":1},{""price"":62073.74,""size"":0.00387298,""num_orders"":1},{""price"":62072.85,""size"":0.12888082,""num_orders"":1},{""price"":62072.4,""size"":0.018124,""num_orders"":3},{""price"":62072.2,""size"":0.1290796,""num_orders"":1}]","[{""price"":62075.51,""size"":0.057173,""num_orders"":3},{""price"":62075.53,""size"":6.1e-07,""num_orders"":2},{""price"":62077.05,""size"":0.03366062,""num_orders"":1},{""price"":62077.06,""size"":0.05638294,""num_orders"":1},{""price"":62077.99,""size"":0.00319954,""num_orders"":1},{""price"":62078.0,""size"":0.0508,""num_orders"":1},{""price"":62078.43,""size"":0.23724018,""num_orders"":1},{""price"":62078.44,""size"":0.12886922,""num_orders"":1},{""price"":62078.67,""size"":0.06445675,""num_orders"":1},{""price"":62078.68,""size"":0.1290796,""num_orders"":1}]"
btc_usd_d10_20260708T102510Z,19,2026-07-08T10:44:10.415120Z,2026-07-08T10:44:10.415291Z,BTC-USD,10,ok,,132270272943,2026-07-08T10:44:08.496209746Z,0.12103883,0.87920249,-0.757980744087,62088,62088.010000000002,62088.005000000005,0.010000000002,0.001610617059,"[{""price"":62088.0,""size"":0.00037883,""num_orders"":3},{""price"":62087.99,""size"":1.7e-07,""num_orders"":1},{""price"":62087.98,""size"":1.7e-07,""num_orders"":1},{""price"":62087.24,""size"":0.04837789,""num_orders"":2},{""price"":62087.04,""size"":0.00108562,""num_orders"":1},{""price"":62086.38,""size"":0.001549,""num_orders"":1},{""price"":62086.0,""size"":0.053618,""num_orders"":2},{""price"":62084.98,""size"":0.00387298,""num_orders"":1},{""price"":62084.66,""size"":0.00812941,""num_orders"":2},{""price"":62084.63,""size"":0.00402676,""num_orders"":1}]","[{""price"":62088.01,""size"":0.25204054,""num_orders"":7},{""price"":62088.03,""size"":4.1e-07,""num_orders"":2},{""price"":62088.99,""size"":0.07692184,""num_orders"":1},{""price"":62089.0,""size"":0.12884731,""num_orders"":1},{""price"":62089.57,""size"":0.05637159,""num_orders"":1},{""price"":62090.01,""size"":0.20141688,""num_orders"":2},{""price"":62090.02,""size"":0.1290796,""num_orders"":1},{""price"":62090.49,""size"":0.00012582,""num_orders"":2},{""price"":62090.5,""size"":0.00015099,""num_orders"":2},{""price"":62091.11,""size"":0.03424751,""num_orders"":3}]"
btc_usd_d10_20260708T102510Z,20,2026-07-08T10:45:10.415120Z,2026-07-08T10:45:10.415280Z,BTC-USD,10,ok,,132270304272,2026-07-08T10:45:07.779699279Z,1.02905154,0.7980852,0.126408897016,62082.440000000002,62082.449999999997,62082.445,0.009999999995,0.001610761302,"[{""price"":62082.44,""size"":0.43781602,""num_orders"":7},{""price"":62082.43,""size"":1.5e-07,""num_orders"":1},{""price"":62082.42,""size"":1.7e-07,""num_orders"":1},{""price"":62082.0,""size"":0.0536,""num_orders"":1},{""price"":62081.97,""size"":0.001612,""num_orders"":1},{""price"":62080.88,""size"":0.05637664,""num_orders"":1},{""price"":62080.11,""size"":0.00275976,""num_orders"":1},{""price"":62080.1,""size"":0.1290796,""num_orders"":1},{""price"":62080.09,""size"":0.3148091,""num_orders"":1},{""price"":62080.07,""size"":0.0329981,""num_orders"":1}]","[{""price"":62082.45,""size"":0.05479664,""num_orders"":1},{""price"":62082.46,""size"":3.1e-07,""num_orders"":2},{""price"":62084.01,""size"":0.05637664,""num_orders"":1},{""price"":62084.93,""size"":0.00027684,""num_orders"":4},{""price"":62085.55,""size"":0.02214685,""num_orders"":4},{""price"":62086.0,""size"":0.0536,""num_orders"":1},{""price"":62086.1,""size"":0.0704708,""num_orders"":1},{""price"":62087.43,""size"":0.35773752,""num_orders"":1},{""price"":62087.44,""size"":0.1290796,""num_orders"":1},{""price"":62088.0,""size"":0.0536,""num_orders"":1}]"
btc_usd_d10_20260708T102510Z,21,2026-07-08T10:46:10.415120Z,2026-07-08T10:46:10.415283Z,BTC-USD,10,ok,,132270345440,2026-07-08T10:46:08.842624973Z,0.1474029,0.85694372,-0.706470063094,62086.099999999999,62086.110000000001,62086.104999999996,0.010000000002,0.001610666348,"[{""price"":62086.1,""size"":0.00148111,""num_orders"":3},{""price"":62086.09,""size"":1.2e-07,""num_orders"":1},{""price"":62086.08,""size"":1.1e-07,""num_orders"":1},{""price"":62084.25,""size"":0.0031994,""num_orders"":1},{""price"":62084.24,""size"":0.04831994,""num_orders"":1},{""price"":62084.0,""size"":0.0436,""num_orders"":1},{""price"":62083.0,""size"":0.02214778,""num_orders"":4},{""price"":62082.3,""size"":1.8e-05,""num_orders"":1},{""price"":62082.16,""size"":0.001639,""num_orders"":1},{""price"":62082.04,""size"":0.02699744,""num_orders"":1}]","[{""price"":62086.11,""size"":0.08438552,""num_orders"":3},{""price"":62086.12,""size"":2e-07,""num_orders"":1},{""price"":62086.14,""size"":2.1e-07,""num_orders"":1},{""price"":62086.8,""size"":0.12885186,""num_orders"":1},{""price"":62087.47,""size"":0.5424471,""num_orders"":3},{""price"":62087.49,""size"":0.00110935,""num_orders"":1},{""price"":62087.67,""size"":0.05637332,""num_orders"":1},{""price"":62088.0,""size"":0.0436,""num_orders"":1},{""price"":62088.99,""size"":2.517e-05,""num_orders"":1},{""price"":62089.05,""size"":0.00015099,""num_orders"":2}]"
btc_usd_d10_20260708T102510Z,22,2026-07-08T10:47:10.415120Z,2026-07-08T10:47:10.415248Z,BTC-USD,10,ok,,132270378237,2026-07-08T10:47:08.484567936Z,0.18010429,1.03906496,-0.704545878269,62099.57,62099.580000000002,62099.574999999997,0.010000000002,0.001610316979,"[{""price"":62099.57,""size"":0.0752412,""num_orders"":4},{""price"":62099.56,""size"":2.3e-07,""num_orders"":1},{""price"":62099.55,""size"":2.5e-07,""num_orders"":1},{""price"":62097.06,""size"":2.4e-07,""num_orders"":1},{""price"":62096.98,""size"":0.02600152,""num_orders"":1},{""price"":62096.95,""size"":8.5e-07,""num_orders"":1},{""price"":62095.29,""size"":0.02600079,""num_orders"":1},{""price"":62095.17,""size"":0.001648,""num_orders"":1},{""price"":62094.44,""size"":0.00289923,""num_orders"":1},{""price"":62094.43,""size"":0.04831198,""num_orders"":1}]","[{""price"":62099.58,""size"":0.30151721,""num_orders"":9},{""price"":62099.6,""size"":2.9e-07,""num_orders"":2},{""price"":62099.82,""size"":0.02,""num_orders"":1},{""price"":62099.83,""size"":0.028009,""num_orders"":1},{""price"":62099.98,""size"":0.02,""num_orders"":1},{""price"":62099.99,""size"":0.37037297,""num_orders"":3},{""price"":62100.0,""size"":0.0415,""num_orders"":1},{""price"":62100.03,""size"":0.12882441,""num_orders"":1},{""price"":62100.68,""size"":0.12882308,""num_orders"":1},{""price"":62100.8,""size"":1.8e-05,""num_orders"":1}]"
btc_usd_d10_20260708T102510Z,23,2026-07-08T10:48:10.415120Z,2026-07-08T10:48:10.415248Z,BTC-USD,10,ok,,132270422203,2026-07-08T10:48:09.604188936Z,0.42068058,0.66674353,-0.226280572352,62054.589999999997,62054.599999999999,62054.595000000001,0.010000000002,0.00161148421,"[{""price"":62054.59,""size"":0.04994486,""num_orders"":3},{""price"":62054.57,""size"":1e-07,""num_orders"":1},{""price"":62051.49,""size"":0.0181301,""num_orders"":3},{""price"":62050.33,""size"":0.04835102,""num_orders"":1},{""price"":62050.0,""size"":0.0536,""num_orders"":1},{""price"":62049.11,""size"":0.06445675,""num_orders"":1},{""price"":62049.09,""size"":0.00031861,""num_orders"":2},{""price"":62048.63,""size"":0.00319954,""num_orders"":1},{""price"":62048.62,""size"":0.1290796,""num_orders"":1},{""price"":62048.0,""size"":0.0536,""num_orders"":1}]","[{""price"":62054.6,""size"":0.19340435,""num_orders"":4},{""price"":62054.61,""size"":2.3e-07,""num_orders"":1},{""price"":62054.62,""size"":2.4e-07,""num_orders"":1},{""price"":62054.74,""size"":0.12891843,""num_orders"":1},{""price"":62055.65,""size"":0.18604626,""num_orders"":1},{""price"":62055.88,""size"":0.001616,""num_orders"":1},{""price"":62055.9,""size"":0.02955802,""num_orders"":2},{""price"":62056.0,""size"":0.0536,""num_orders"":1},{""price"":62058.0,""size"":0.0536,""num_orders"":1},{""price"":62058.78,""size"":0.02,""num_orders"":1}]"
btc_usd_d10_20260708T102510Z,24,2026-07-08T10:49:10.415120Z,2026-07-08T10:49:10.415265Z,BTC-USD,10,ok,,132270458867,2026-07-08T10:49:08.108781972Z,0.07550648,1.18134632,-0.879848332279,62060.75,62060.760000000002,62060.755000000005,0.010000000002,0.001611324258,"[{""price"":62060.75,""size"":0.00135328,""num_orders"":3},{""price"":62060.74,""size"":1.1e-07,""num_orders"":1},{""price"":62060.73,""size"":1.2e-07,""num_orders"":1},{""price"":62060.1,""size"":1.8e-05,""num_orders"":1},{""price"":62058.19,""size"":1.2e-07,""num_orders"":1},{""price"":62058.18,""size"":8e-08,""num_orders"":1},{""price"":62057.65,""size"":0.00805702,""num_orders"":1},{""price"":62056.4,""size"":1.8e-05,""num_orders"":1},{""price"":62055.1,""size"":0.001603,""num_orders"":1},{""price"":62055.01,""size"":0.06445675,""num_orders"":1}]","[{""price"":62060.76,""size"":0.35395326,""num_orders"":9},{""price"":62060.78,""size"":5.7e-07,""num_orders"":2},{""price"":62060.89,""size"":0.00159977,""num_orders"":1},{""price"":62060.9,""size"":0.02,""num_orders"":1},{""price"":62060.92,""size"":0.02,""num_orders"":1},{""price"":62060.93,""size"":0.1490796,""num_orders"":2},{""price"":62060.94,""size"":0.43272592,""num_orders"":1},{""price"":62060.95,""size"":0.12890554,""num_orders"":1},{""price"":62061.72,""size"":0.02418166,""num_orders"":1},{""price"":62062.0,""size"":0.0509,""num_orders"":1}]"
btc_usd_d10_20260708T102510Z,25,2026-07-08T10:50:10.415120Z,2026-07-08T10:50:10.415282Z,BTC-USD,10,ok,,132270508880,2026-07-08T10:50:08.190012666Z,0.21332335,1.09687448,-0.674364672089,62130,62130.010000000002,62130.005000000005,0.010000000002,0.001609528279,"[{""price"":62130.0,""size"":0.00100335,""num_orders"":3},{""price"":62129.99,""size"":1.5e-07,""num_orders"":1},{""price"":62129.98,""size"":1.6e-07,""num_orders"":1},{""price"":62129.65,""size"":0.04828401,""num_orders"":1},{""price"":62128.82,""size"":0.06138915,""num_orders"":1},{""price"":62128.55,""size"":0.01932476,""num_orders"":2},{""price"":62127.88,""size"":0.06138915,""num_orders"":1},{""price"":62127.83,""size"":0.00080479,""num_orders"":1},{""price"":62127.71,""size"":0.01901146,""num_orders"":1},{""price"":62127.54,""size"":0.00211637,""num_orders"":1}]","[{""price"":62130.01,""size"":0.34357994,""num_orders"":10},{""price"":62130.03,""size"":4.7e-07,""num_orders"":2},{""price"":62130.84,""size"":0.00319954,""num_orders"":1},{""price"":62130.85,""size"":0.16855749,""num_orders"":1},{""price"":62130.86,""size"":0.1290796,""num_orders"":1},{""price"":62131.09,""size"":0.02418166,""num_orders"":1},{""price"":62132.0,""size"":0.0484,""num_orders"":1},{""price"":62133.24,""size"":0.1290796,""num_orders"":1},{""price"":62134.12,""size"":0.18633943,""num_orders"":1},{""price"":62134.13,""size"":0.06445675,""num_orders"":1}]"
btc_usd_d10_20260708T102510Z,26,2026-07-08T10:51:10.415120Z,2026-07-08T10:51:10.415271Z,BTC-USD,10,ok,,132270569477,2026-07-08T10:51:08.544780766Z,0.29494064,1.09154916,-0.574550580899,62097.129999999997,62097.139999999999,62097.134999999995,0.010000000002,0.001610380254,"[{""price"":62097.13,""size"":0.00833146,""num_orders"":2},{""price"":62097.09,""size"":1.5e-07,""num_orders"":1},{""price"":62096.0,""size"":0.0415,""num_orders"":1},{""price"":62095.98,""size"":1.5e-07,""num_orders"":1},{""price"":62095.58,""size"":0.05636189,""num_orders"":1},{""price"":62095.54,""size"":0.001537,""num_orders"":1},{""price"":62094.03,""size"":0.01409153,""num_orders"":3},{""price"":62094.0,""size"":0.0415,""num_orders"":1},{""price"":62093.49,""size"":0.07045237,""num_orders"":1},{""price"":62093.22,""size"":0.06116609,""num_orders"":1}]","[{""price"":62097.14,""size"":0.17834063,""num_orders"":4},{""price"":62097.99,""size"":0.03921195,""num_orders"":1},{""price"":62098.0,""size"":0.0415,""num_orders"":1},{""price"":62098.7,""size"":0.02418166,""num_orders"":1},{""price"":62099.99,""size"":0.00319954,""num_orders"":1},{""price"":62100.0,""size"":0.0415,""num_orders"":1},{""price"":62100.21,""size"":0.16103005,""num_orders"":1},{""price"":62100.24,""size"":0.31930313,""num_orders"":1},{""price"":62100.25,""size"":0.2602796,""num_orders"":2},{""price"":62101.02,""size"":0.0230026,""num_orders"":1}]"
btc_usd_d10_20260708T102510Z,27,2026-07-08T10:52:10.415120Z,2026-07-08T10:52:10.415276Z,BTC-USD,10,ok,,132270598455,2026-07-08T10:52:08.491470381Z,0.33247736,0.82205558,-0.42404872398,62104.059999999998,62104.07,62104.065000000002,0.010000000002,0.001610200556,"[{""price"":62104.06,""size"":0.0917458,""num_orders"":4},{""price"":62104.05,""size"":0.04392396,""num_orders"":2},{""price"":62104.04,""size"":1.4e-07,""num_orders"":1},{""price"":62104.0,""size"":0.048,""num_orders"":1},{""price"":62102.0,""size"":0.048,""num_orders"":1},{""price"":62100.67,""size"":0.00162,""num_orders"":1},{""price"":62100.29,""size"":0.00159978,""num_orders"":1},{""price"":62100.28,""size"":0.04830629,""num_orders"":1},{""price"":62100.0,""size"":0.048,""num_orders"":1},{""price"":62099.83,""size"":0.00128139,""num_orders"":1}]","[{""price"":62104.07,""size"":0.37454232,""num_orders"":8},{""price"":62104.08,""size"":0.20617192,""num_orders"":2},{""price"":62104.1,""size"":0.02057674,""num_orders"":2},{""price"":62104.5,""size"":1.8e-05,""num_orders"":1},{""price"":62105.66,""size"":0.05635699,""num_orders"":1},{""price"":62106.55,""size"":0.00027674,""num_orders"":4},{""price"":62106.6,""size"":0.1290796,""num_orders"":1},{""price"":62106.83,""size"":0.00804412,""num_orders"":1},{""price"":62106.84,""size"":0.00485,""num_orders"":1},{""price"":62107.18,""size"":0.02213915,""num_orders"":4}]"
btc_usd_d10_20260708T102510Z,28,2026-07-08T10:53:10.415120Z,2026-07-08T10:53:10.415260Z,BTC-USD,10,ok,,132270624933,2026-07-08T10:53:08.600126907Z,0.09692098,1.07557947,-0.834676430188,62106.379999999997,62106.389999999999,62106.384999999995,0.010000000002,0.001610140407,"[{""price"":62106.38,""size"":3.779e-05,""num_orders"":2},{""price"":62106.37,""size"":2.4e-07,""num_orders"":1},{""price"":62105.0,""size"":0.03299844,""num_orders"":2},{""price"":62104.99,""size"":0.0100636,""num_orders"":2},{""price"":62104.5,""size"":1.8e-05,""num_orders"":1},{""price"":62104.18,""size"":0.001545,""num_orders"":1},{""price"":62103.27,""size"":0.00402555,""num_orders"":1},{""price"":62103.2,""size"":7.745e-05,""num_orders"":1},{""price"":62102.0,""size"":0.048,""num_orders"":1},{""price"":62101.18,""size"":0.00015491,""num_orders"":1}]","[{""price"":62106.39,""size"":0.75502913,""num_orders"":13},{""price"":62106.58,""size"":0.00080507,""num_orders"":1},{""price"":62107.3,""size"":0.02,""num_orders"":1},{""price"":62107.95,""size"":0.05635491,""num_orders"":1},{""price"":62108.0,""size"":0.0504,""num_orders"":1},{""price"":62108.1,""size"":0.16880767,""num_orders"":3},{""price"":62108.11,""size"":3.2e-07,""num_orders"":1},{""price"":62108.12,""size"":3.4e-07,""num_orders"":1},{""price"":62108.14,""size"":3.7e-07,""num_orders"":1},{""price"":62108.45,""size"":0.02418166,""num_orders"":1}]"
btc_usd_d10_20260708T102510Z,29,2026-07-08T10:54:10.415120Z,2026-07-08T10:54:10.415276Z,BTC-USD,10,ok,,132270655868,2026-07-08T10:54:09.153640743Z,0.21827584,1.24178669,-0.701004805596,62093.400000000001,62093.410000000003,62093.404999999999,0.010000000002,0.001610476991,"[{""price"":62093.4,""size"":0.03984159,""num_orders"":2},{""price"":62092.0,""size"":0.0536,""num_orders"":1},{""price"":62091.46,""size"":7.745e-05,""num_orders"":1},{""price"":62090.3,""size"":0.00805279,""num_orders"":1},{""price"":62090.26,""size"":2.416e-05,""num_orders"":1},{""price"":62090.01,""size"":0.00319954,""num_orders"":1},{""price"":62090.0,""size"":0.0636,""num_orders"":2},{""price"":62089.7,""size"":1.8e-05,""num_orders"":1},{""price"":62089.31,""size"":0.001552,""num_orders"":1},{""price"":62088.54,""size"":0.04831031,""num_orders"":1}]","[{""price"":62093.41,""size"":0.63270291,""num_orders"":7},{""price"":62094.97,""size"":0.05636669,""num_orders"":1},{""price"":62095.15,""size"":0.07691422,""num_orders"":1},{""price"":62095.18,""size"":2.4e-07,""num_orders"":1},{""price"":62095.27,""size"":0.1288343,""num_orders"":1},{""price"":62096.28,""size"":0.11862014,""num_orders"":1},{""price"":62096.29,""size"":0.1290796,""num_orders"":1},{""price"":62096.83,""size"":0.00080523,""num_orders"":1},{""price"":62097.06,""size"":0.07045836,""num_orders"":1},{""price"":62097.1,""size"":0.028005,""num_orders"":1}]"
btc_usd_d10_20260708T102510Z,30,2026-07-08T10:55:10.415120Z,2026-07-08T10:55:10.415253Z,BTC-USD,10,ok,,132270685837,2026-07-08T10:55:09.054201642Z,0.35382145,0.83701825,-0.405761413564,62107.379999999997,62107.389999999999,62107.384999999995,0.010000000002,0.001610114482,"[{""price"":62107.38,""size"":0.09040095,""num_orders"":5},{""price"":62107.37,""size"":2e-07,""num_orders"":1},{""price"":62107.36,""size"":2.1e-07,""num_orders"":1},{""price"":62106.0,""size"":0.0484,""num_orders"":1},{""price"":62105.82,""size"":0.05520608,""num_orders"":1},{""price"":62104.98,""size"":0.03882382,""num_orders"":1},{""price"":62104.03,""size"":0.00128567,""num_orders"":1},{""price"":62104.02,""size"":0.04830271,""num_orders"":1},{""price"":62104.0,""size"":0.0484,""num_orders"":1},{""price"":62102.63,""size"":0.02300181,""num_orders"":1}]","[{""price"":62107.39,""size"":0.05102676,""num_orders"":2},{""price"":62107.4,""size"":1.3e-07,""num_orders"":1},{""price"":62107.41,""size"":1.5e-07,""num_orders"":1},{""price"":62107.71,""size"":0.00191387,""num_orders"":1},{""price"":62107.72,""size"":0.1290796,""num_orders"":1},{""price"":62107.73,""size"":0.34870585,""num_orders"":1},{""price"":62107.74,""size"":0.12880842,""num_orders"":1},{""price"":62108.55,""size"":0.12880674,""num_orders"":1},{""price"":62109.87,""size"":0.00027673,""num_orders"":4},{""price"":62110.0,""size"":0.0484,""num_orders"":1}]"
btc_usd_d10_20260708T102510Z,31,2026-07-08T10:56:10.415120Z,2026-07-08T10:56:10.415278Z,BTC-USD,10,ok,,132270712769,2026-07-08T10:56:08.683790305Z,0.59853152,0.29130232,0.345265808277,62117.18,62117.190000000002,62117.184999999998,0.010000000002,0.00160986046,"[{""price"":62117.18,""size"":0.33073806,""num_orders"":7},{""price"":62117.17,""size"":1.8e-07,""num_orders"":1},{""price"":62117.16,""size"":1.9e-07,""num_orders"":1},{""price"":62116.84,""size"":0.00111708,""num_orders"":1},{""price"":62116.05,""size"":0.12879118,""num_orders"":1},{""price"":62116.04,""size"":0.00319954,""num_orders"":1},{""price"":62116.03,""size"":0.03539903,""num_orders"":2},{""price"":62116.0,""size"":0.0484,""num_orders"":1},{""price"":62115.91,""size"":0.04829428,""num_orders"":1},{""price"":62115.73,""size"":0.00259198,""num_orders"":1}]","[{""price"":62117.19,""size"":0.05358047,""num_orders"":3},{""price"":62117.21,""size"":3.5e-07,""num_orders"":2},{""price"":62118.0,""size"":0.02405895,""num_orders"":1},{""price"":62118.72,""size"":0.06445675,""num_orders"":1},{""price"":62118.75,""size"":0.05634511,""num_orders"":1},{""price"":62119.3,""size"":1.8e-05,""num_orders"":1},{""price"":62119.35,""size"":1.5e-07,""num_orders"":1},{""price"":62119.67,""size"":0.00027668,""num_orders"":4},{""price"":62120.3,""size"":0.02213447,""num_orders"":4},{""price"":62120.84,""size"":0.07043139,""num_orders"":1}]"
btc_usd_d10_20260708T102510Z,32,2026-07-08T10:57:10.415120Z,2026-07-08T10:57:10.415265Z,BTC-USD,10,ok,,132270743246,2026-07-08T10:57:09.526498474Z,0.26821696,1.86820294,-0.748909884241,62108.790000000001,62108.800000000003,62108.794999999998,0.010000000002,0.001610077929,"[{""price"":62108.79,""size"":2.393e-05,""num_orders"":3},{""price"":62108.78,""size"":1e-07,""num_orders"":1},{""price"":62108.77,""size"":1.1e-07,""num_orders"":1},{""price"":62108.2,""size"":1.8e-05,""num_orders"":1},{""price"":62106.0,""size"":0.0536,""num_orders"":1},{""price"":62105.68,""size"":0.02213968,""num_orders"":4},{""price"":62105.0,""size"":0.01,""num_orders"":1},{""price"":62104.5,""size"":1.8e-05,""num_orders"":1},{""price"":62104.0,""size"":0.0536,""num_orders"":1},{""price"":62103.53,""size"":0.12881714,""num_orders"":1}]","[{""price"":62108.8,""size"":1.02985191,""num_orders"":12},{""price"":62109.1,""size"":0.00159977,""num_orders"":1},{""price"":62109.11,""size"":0.171377,""num_orders"":1},{""price"":62109.12,""size"":0.12880556,""num_orders"":1},{""price"":62109.74,""size"":0.00160986,""num_orders"":1},{""price"":62110.0,""size"":0.0536,""num_orders"":1},{""price"":62110.36,""size"":0.05635272,""num_orders"":1},{""price"":62111.38,""size"":0.04830537,""num_orders"":1},{""price"":62111.76,""size"":0.001651,""num_orders"":1},{""price"":62111.89,""size"":0.37504975,""num_orders"":2}]"
btc_usd_d10_20260708T102510Z,33,2026-07-08T10:58:10.415120Z,2026-07-08T10:58:10.415219Z,BTC-USD,10,ok,,132270773028,2026-07-08T10:58:09.034568203Z,0.64442227,0.66150824,-0.013083368425,62093.400000000001,62093.410000000003,62093.404999999999,0.010000000002,0.001610476991,"[{""price"":62093.4,""size"":0.17065269,""num_orders"":11},{""price"":62093.39,""size"":1e-07,""num_orders"":1},{""price"":62093.38,""size"":1.2e-07,""num_orders"":1},{""price"":62092.49,""size"":0.12884004,""num_orders"":1},{""price"":62092.0,""size"":0.0536,""num_orders"":1},{""price"":62091.84,""size"":0.01030655,""num_orders"":1},{""price"":62091.33,""size"":0.04831362,""num_orders"":1},{""price"":62090.3,""size"":0.00805279,""num_orders"":1},{""price"":62090.06,""size"":0.16105636,""num_orders"":1},{""price"":62090.0,""size"":0.0636,""num_orders"":2}]","[{""price"":62093.41,""size"":0.05132849,""num_orders"":2},{""price"":62093.42,""size"":2.7e-07,""num_orders"":1},{""price"":62093.43,""size"":3.1e-07,""num_orders"":1},{""price"":62094.92,""size"":0.00164224,""num_orders"":1},{""price"":62094.93,""size"":0.1290796,""num_orders"":1},{""price"":62094.95,""size"":0.06445675,""num_orders"":1},{""price"":62094.97,""size"":0.05636669,""num_orders"":1},{""price"":62095.77,""size"":0.00080523,""num_orders"":1},{""price"":62096.9,""size"":0.22899777,""num_orders"":1},{""price"":62096.91,""size"":0.12883089,""num_orders"":1}]"
btc_usd_d10_20260708T102510Z,34,2026-07-08T10:59:10.415120Z,2026-07-08T10:59:10.415255Z,BTC-USD,10,ok,,132270804897,2026-07-08T10:59:08.687297141Z,1.1128656,0.25015969,0.632934631756,62074.900000000001,62074.910000000003,62074.904999999999,0.010000000002,0.001610956956,"[{""price"":62074.9,""size"":0.6170882,""num_orders"":10},{""price"":62074.89,""size"":1e-07,""num_orders"":1},{""price"":62074.09,""size"":0.04832936,""num_orders"":1},{""price"":62074.0,""size"":0.0536,""num_orders"":1},{""price"":62073.78,""size"":0.10726719,""num_orders"":1},{""price"":62073.09,""size"":7.591e-05,""num_orders"":1},{""price"":62072.6,""size"":0.1290796,""num_orders"":1},{""price"":62072.59,""size"":0.1,""num_orders"":1},{""price"":62072.0,""size"":0.0536,""num_orders"":1},{""price"":62071.99,""size"":0.00382524,""num_orders"":1}]","[{""price"":62074.91,""size"":0.05638349,""num_orders"":1},{""price"":62075.01,""size"":2.8e-07,""num_orders"":1},{""price"":62075.03,""size"":2.9e-07,""num_orders"":1},{""price"":62076.46,""size"":0.05638349,""num_orders"":1},{""price"":62078.56,""size"":0.07047936,""num_orders"":1},{""price"":62079.72,""size"":0.00080546,""num_orders"":1},{""price"":62080.03,""size"":2.7e-07,""num_orders"":1},{""price"":62080.67,""size"":0.06445675,""num_orders"":1},{""price"":62082.23,""size"":0.001602,""num_orders"":1},{""price"":62083.0,""size"":4.83e-05,""num_orders"":1}]"
btc_usd_d10_20260708T102510Z,35,2026-07-08T11:00:10.415120Z,2026-07-08T11:00:10.415282Z,BTC-USD,10,ok,,132270852508,2026-07-08T11:00:08.041665342Z,0.63704086,0.72953253,-0.067681451049,62130.389999999999,62130.400000000001,62130.395000000004,0.010000000002,0.001609518176,"[{""price"":62130.39,""size"":0.05688639,""num_orders"":6},{""price"":62130.38,""size"":0.04372382,""num_orders"":1},{""price"":62130.3,""size"":0.04372382,""num_orders"":1},{""price"":62129.69,""size"":0.12876291,""num_orders"":1},{""price"":62128.83,""size"":0.03974501,""num_orders"":4},{""price"":62128.0,""size"":0.0508,""num_orders"":1},{""price"":62127.26,""size"":0.06034789,""num_orders"":1},{""price"":62126.0,""size"":0.0508,""num_orders"":1},{""price"":62125.89,""size"":0.16096346,""num_orders"":1},{""price"":62125.07,""size"":0.00128756,""num_orders"":1}]","[{""price"":62130.4,""size"":0.04434239,""num_orders"":2},{""price"":62132.0,""size"":0.0508,""num_orders"":1},{""price"":62133.47,""size"":0.00317579,""num_orders"":1},{""price"":62134.0,""size"":0.0508,""num_orders"":1},{""price"":62134.1,""size"":1.8e-05,""num_orders"":1},{""price"":62135.09,""size"":0.20518832,""num_orders"":2},{""price"":62135.1,""size"":0.06445675,""num_orders"":1},{""price"":62135.11,""size"":0.1312,""num_orders"":1},{""price"":62135.31,""size"":0.12875128,""num_orders"":1},{""price"":62136.0,""size"":0.0508,""num_orders"":1}]"
btc_usd_d10_20260708T102510Z,36,2026-07-08T11:01:10.415120Z,2026-07-08T11:01:10.415247Z,BTC-USD,10,ok,,132270905316,2026-07-08T11:01:08.162413499Z,0.4537919,0.48481725,-0.03305459999,62106.089999999997,62106.099999999999,62106.095000000001,0.010000000002,0.001610147925,"[{""price"":62106.09,""size"":0.0738394,""num_orders"":4},{""price"":62106.07,""size"":1.5e-07,""num_orders"":1},{""price"":62106.0,""size"":0.0337,""num_orders"":1},{""price"":62105.42,""size"":0.00171636,""num_orders"":1},{""price"":62104.0,""size"":0.0337,""num_orders"":1},{""price"":62103.88,""size"":0.09659586,""num_orders"":1},{""price"":62102.81,""size"":0.0483069,""num_orders"":1},{""price"":62102.16,""size"":0.03383737,""num_orders"":1},{""price"":62102.01,""size"":0.09659586,""num_orders"":1},{""price"":62102.0,""size"":0.0355,""num_orders"":1}]","[{""price"":62106.1,""size"":0.01,""num_orders"":1},{""price"":62108.49,""size"":0.001662,""num_orders"":1},{""price"":62108.58,""size"":0.00012579,""num_orders"":2},{""price"":62109.21,""size"":0.01006292,""num_orders"":2},{""price"":62109.86,""size"":0.00100819,""num_orders"":1},{""price"":62109.87,""size"":0.02,""num_orders"":1},{""price"":62109.88,""size"":0.24540574,""num_orders"":1},{""price"":62109.89,""size"":0.09659586,""num_orders"":1},{""price"":62110.0,""size"":0.0355,""num_orders"":1},{""price"":62110.01,""size"":0.06445675,""num_orders"":1}]"
btc_usd_d10_20260708T102510Z,37,2026-07-08T11:02:10.415120Z,2026-07-08T11:02:10.415286Z,BTC-USD,10,ok,,132270959449,2026-07-08T11:02:08.680241918Z,0.07270377,1.32978557,-0.896321821598,62112.25,62112.260000000002,62112.255000000005,0.010000000002,0.001609988239,"[{""price"":62112.25,""size"":2.741e-05,""num_orders"":2},{""price"":62112.24,""size"":2.4e-07,""num_orders"":2},{""price"":62112.23,""size"":1.4e-07,""num_orders"":1},{""price"":62111.9,""size"":0.000578,""num_orders"":2},{""price"":62110.0,""size"":0.01,""num_orders"":1},{""price"":62109.14,""size"":0.02213844,""num_orders"":4},{""price"":62108.2,""size"":1.8e-05,""num_orders"":1},{""price"":62108.0,""size"":0.0352,""num_orders"":1},{""price"":62106.48,""size"":0.001542,""num_orders"":1},{""price"":62106.05,""size"":0.00319954,""num_orders"":1}]","[{""price"":62112.26,""size"":0.81403518,""num_orders"":11},{""price"":62112.28,""size"":5e-07,""num_orders"":2},{""price"":62113.17,""size"":0.20525975,""num_orders"":1},{""price"":62113.2,""size"":0.09659586,""num_orders"":1},{""price"":62113.24,""size"":0.06445675,""num_orders"":1},{""price"":62113.82,""size"":0.05634958,""num_orders"":1},{""price"":62114.0,""size"":0.0352,""num_orders"":1},{""price"":62114.38,""size"":0.04830477,""num_orders"":1},{""price"":62115.03,""size"":0.00804118,""num_orders"":1},{""price"":62115.04,""size"":0.001542,""num_orders"":1}]"
btc_usd_d10_20260708T102510Z,38,2026-07-08T11:03:10.415120Z,2026-07-08T11:03:10.415257Z,BTC-USD,10,ok,,132271006348,2026-07-08T11:03:10.040109644Z,0.31210561,0.3523936,-0.060629101425,62089.690000000002,62089.699999999997,62089.695,0.009999999995,0.001610573219,"[{""price"":62089.69,""size"":0.12518249,""num_orders"":5},{""price"":62089.68,""size"":2.4e-07,""num_orders"":2},{""price"":62088.74,""size"":0.09659586,""num_orders"":1},{""price"":62088.18,""size"":1e-07,""num_orders"":1},{""price"":62088.12,""size"":0.00027928,""num_orders"":1},{""price"":62088.01,""size"":0.00319954,""num_orders"":1},{""price"":62088.0,""size"":0.0369,""num_orders"":1},{""price"":62087.76,""size"":0.04831799,""num_orders"":1},{""price"":62087.2,""size"":1.1e-07,""num_orders"":1},{""price"":62086.78,""size"":0.00163,""num_orders"":1}]","[{""price"":62089.7,""size"":0.03381128,""num_orders"":2},{""price"":62089.71,""size"":4.9e-07,""num_orders"":2},{""price"":62089.73,""size"":2.7e-07,""num_orders"":1},{""price"":62091.57,""size"":3.222e-05,""num_orders"":1},{""price"":62093.4,""size"":1.8e-05,""num_orders"":1},{""price"":62093.99,""size"":0.0220293,""num_orders"":1},{""price"":62094.0,""size"":0.0369,""num_orders"":1},{""price"":62095.56,""size"":0.02,""num_orders"":1},{""price"":62095.57,""size"":0.14300618,""num_orders"":2},{""price"":62095.58,""size"":0.09659586,""num_orders"":1}]"
btc_usd_d10_20260708T102510Z,39,2026-07-08T11:04:10.415120Z,2026-07-08T11:04:10.415284Z,BTC-USD,10,ok,,132271053928,2026-07-08T11:04:08.044913599Z,0.07312963,0.96717099,-0.859406735718,62092.639999999999,62092.650000000001,62092.645000000004,0.010000000002,0.001610496702,"[{""price"":62092.64,""size"":0.00027967,""num_orders"":3},{""price"":62092.63,""size"":3e-07,""num_orders"":2},{""price"":62092.62,""size"":1.3e-07,""num_orders"":1},{""price"":62090.0,""size"":0.01,""num_orders"":1},{""price"":62089.7,""size"":1.8e-05,""num_orders"":1},{""price"":62089.54,""size"":0.01409255,""num_orders"":3},{""price"":62089.29,""size"":0.00392389,""num_orders"":1},{""price"":62089.15,""size"":0.00162,""num_orders"":1},{""price"":62088.63,""size"":0.00319908,""num_orders"":1},{""price"":62088.62,""size"":0.03999601,""num_orders"":1}]","[{""price"":62092.65,""size"":0.33947121,""num_orders"":10},{""price"":62092.66,""size"":2.4e-07,""num_orders"":1},{""price"":62092.67,""size"":2.6e-07,""num_orders"":1},{""price"":62092.73,""size"":0.14694343,""num_orders"":2},{""price"":62092.74,""size"":0.05950165,""num_orders"":1},{""price"":62094.0,""size"":0.0302,""num_orders"":1},{""price"":62094.21,""size"":0.05636738,""num_orders"":1},{""price"":62094.8,""size"":0.02418166,""num_orders"":1},{""price"":62094.81,""size"":0.2139093,""num_orders"":1},{""price"":62094.82,""size"":0.09659586,""num_orders"":1}]"
btc_usd_d10_20260708T102510Z,40,2026-07-08T11:05:10.415120Z,2026-07-08T11:05:10.415277Z,BTC-USD,10,ok,,132271108897,2026-07-08T11:05:09.593870176Z,0.4473649,0.94667168,-0.358173370171,62083.980000000003,62083.989999999998,62083.985000000001,0.009999999995,0.001610721347,"[{""price"":62083.98,""size"":0.08802487,""num_orders"":4},{""price"":62083.97,""size"":2.3e-07,""num_orders"":2},{""price"":62083.96,""size"":1.2e-07,""num_orders"":1},{""price"":62082.3,""size"":1.8e-05,""num_orders"":1},{""price"":62080.88,""size"":0.02214853,""num_orders"":4},{""price"":62080.76,""size"":0.04832072,""num_orders"":1},{""price"":62080.52,""size"":0.08802487,""num_orders"":1},{""price"":62080.0,""size"":0.01,""num_orders"":1},{""price"":62078.6,""size"":1.858e-05,""num_orders"":2},{""price"":62077.86,""size"":0.19080898,""num_orders"":1}]","[{""price"":62083.99,""size"":0.33909624,""num_orders"":8},{""price"":62084.0,""size"":2.5e-07,""num_orders"":1},{""price"":62086.36,""size"":0.02,""num_orders"":1},{""price"":62086.37,""size"":0.00319954,""num_orders"":1},{""price"":62086.38,""size"":0.15788023,""num_orders"":2},{""price"":62086.39,""size"":0.0676195,""num_orders"":1},{""price"":62086.4,""size"":0.06445675,""num_orders"":1},{""price"":62086.76,""size"":0.09659586,""num_orders"":1},{""price"":62087.95,""size"":0.05637415,""num_orders"":1},{""price"":62088.57,""size"":0.14144916,""num_orders"":1}]"
btc_usd_d10_20260708T102510Z,41,2026-07-08T11:06:10.415120Z,2026-07-08T11:06:10.415281Z,BTC-USD,10,ok,,132271156781,2026-07-08T11:06:08.114808995Z,0.52831029,0.64731071,-0.101223455518,62121.769999999997,62121.779999999999,62121.774999999994,0.010000000002,0.001609741512,"[{""price"":62121.77,""size"":0.21160278,""num_orders"":5},{""price"":62121.75,""size"":1.9e-07,""num_orders"":1},{""price"":62120.21,""size"":0.05634095,""num_orders"":1},{""price"":62119.26,""size"":0.04829166,""num_orders"":1},{""price"":62118.67,""size"":0.0560025,""num_orders"":1},{""price"":62118.42,""size"":0.001572,""num_orders"":1},{""price"":62118.12,""size"":0.04940021,""num_orders"":1},{""price"":62118.0,""size"":0.0415,""num_orders"":1},{""price"":62116.01,""size"":0.02,""num_orders"":1},{""price"":62116.0,""size"":0.0436,""num_orders"":1}]","[{""price"":62121.78,""size"":0.15176676,""num_orders"":7},{""price"":62121.79,""size"":1.6e-07,""num_orders"":1},{""price"":62121.8,""size"":1.8e-07,""num_orders"":1},{""price"":62121.96,""size"":0.00259726,""num_orders"":1},{""price"":62121.97,""size"":0.23405497,""num_orders"":1},{""price"":62121.98,""size"":0.09659586,""num_orders"":1},{""price"":62122.0,""size"":0.0415,""num_orders"":1},{""price"":62123.0,""size"":1.8e-05,""num_orders"":1},{""price"":62123.85,""size"":0.09659586,""num_orders"":1},{""price"":62123.94,""size"":0.02418166,""num_orders"":1}]"
btc_usd_d10_20260708T102510Z,42,2026-07-08T11:07:10.415120Z,2026-07-08T11:07:10.415261Z,BTC-USD,10,ok,,132271189988,2026-07-08T11:07:07.675512210Z,0.3860108,0.84846193,-0.374614293829,62102.529999999999,62102.540000000001,62102.535000000003,0.010000000002,0.001610240226,"[{""price"":62102.53,""size"":0.04102382,""num_orders"":1},{""price"":62102.52,""size"":0.04102358,""num_orders"":1},{""price"":62102.51,""size"":0.04102382,""num_orders"":1},{""price"":62102.5,""size"":0.08565543,""num_orders"":2},{""price"":62102.29,""size"":0.1,""num_orders"":1},{""price"":62101.98,""size"":0.022141,""num_orders"":4},{""price"":62100.8,""size"":1.8e-05,""num_orders"":1},{""price"":62100.0,""size"":0.0535,""num_orders"":2},{""price"":62099.54,""size"":2.415e-05,""num_orders"":1},{""price"":62098.95,""size"":0.001601,""num_orders"":1}]","[{""price"":62102.54,""size"":0.22476211,""num_orders"":4},{""price"":62103.96,""size"":0.09659586,""num_orders"":1},{""price"":62103.97,""size"":0.06877136,""num_orders"":1},{""price"":62103.98,""size"":0.21646426,""num_orders"":1},{""price"":62103.99,""size"":0.00319954,""num_orders"":1},{""price"":62104.0,""size"":0.0435,""num_orders"":1},{""price"":62105.1,""size"":0.13881052,""num_orders"":4},{""price"":62105.11,""size"":2.6e-07,""num_orders"":1},{""price"":62105.12,""size"":2.7e-07,""num_orders"":1},{""price"":62105.53,""size"":0.05635775,""num_orders"":1}]"
btc_usd_d10_20260708T102510Z,43,2026-07-08T11:08:10.415120Z,2026-07-08T11:08:10.415282Z,BTC-USD,10,ok,,132271228562,2026-07-08T11:08:08.544061854Z,0.21287174,0.55420838,-0.444981731504,62108.5,62108.510000000002,62108.505000000005,0.010000000002,0.001610085447,"[{""price"":62108.5,""size"":0.00130802,""num_orders"":1},{""price"":62108.49,""size"":1.3e-07,""num_orders"":1},{""price"":62108.48,""size"":1.7e-07,""num_orders"":1},{""price"":62108.33,""size"":0.00023523,""num_orders"":1},{""price"":62108.31,""size"":0.10639158,""num_orders"":2},{""price"":62108.28,""size"":2.3e-07,""num_orders"":1},{""price"":62107.64,""size"":2.4e-07,""num_orders"":1},{""price"":62106.74,""size"":0.05635317,""num_orders"":1},{""price"":62105.91,""size"":0.04830361,""num_orders"":1},{""price"":62105.19,""size"":0.00027936,""num_orders"":1}]","[{""price"":62108.51,""size"":0.0121,""num_orders"":1},{""price"":62108.95,""size"":0.04775533,""num_orders"":1},{""price"":62109.95,""size"":0.09752166,""num_orders"":3},{""price"":62109.98,""size"":0.2464501,""num_orders"":1},{""price"":62109.99,""size"":0.09659586,""num_orders"":1},{""price"":62110.0,""size"":0.0435,""num_orders"":1},{""price"":62110.16,""size"":0.00010063,""num_orders"":1},{""price"":62110.79,""size"":0.00807529,""num_orders"":2},{""price"":62111.42,""size"":0.00201251,""num_orders"":1},{""price"":62111.88,""size"":9.7e-05,""num_orders"":1}]"
btc_usd_d10_20260708T102510Z,44,2026-07-08T11:09:10.415120Z,2026-07-08T11:09:10.415277Z,BTC-USD,10,ok,,132271266882,2026-07-08T11:09:08.153310514Z,0.31837726,0.58214138,-0.292902454523,62115.529999999999,62115.540000000001,62115.535000000003,0.010000000002,0.001609903223,"[{""price"":62115.53,""size"":0.06911995,""num_orders"":3},{""price"":62115.52,""size"":1.6e-07,""num_orders"":1},{""price"":62115.51,""size"":1.7e-07,""num_orders"":1},{""price"":62113.97,""size"":0.01849879,""num_orders"":2},{""price"":62113.96,""size"":1.7e-07,""num_orders"":1},{""price"":62112.45,""size"":0.04829557,""num_orders"":1},{""price"":62112.05,""size"":0.00081578,""num_orders"":2},{""price"":62111.98,""size"":0.1,""num_orders"":1},{""price"":62111.91,""size"":0.001627,""num_orders"":1},{""price"":62110.46,""size"":0.08001967,""num_orders"":1}]","[{""price"":62115.54,""size"":0.37462926,""num_orders"":7},{""price"":62115.55,""size"":2.2e-07,""num_orders"":1},{""price"":62115.56,""size"":2.3e-07,""num_orders"":1},{""price"":62115.6,""size"":1.8e-05,""num_orders"":1},{""price"":62116.0,""size"":0.0455,""num_orders"":1},{""price"":62117.98,""size"":0.00319954,""num_orders"":1},{""price"":62117.99,""size"":0.09699469,""num_orders"":1},{""price"":62118.0,""size"":0.0455,""num_orders"":1},{""price"":62118.02,""size"":0.00020122,""num_orders"":2},{""price"":62118.65,""size"":0.01609822,""num_orders"":2}]"
btc_usd_d10_20260708T102510Z,45,2026-07-08T11:10:10.415120Z,2026-07-08T11:10:10.415278Z,BTC-USD,10,ok,,132271304452,2026-07-08T11:10:09.621529335Z,0.35731143,1.22164394,-0.547407815586,62107.989999999998,62108,62107.994999999995,0.010000000002,0.001610098668,"[{""price"":62107.99,""size"":0.13854596,""num_orders"":3},{""price"":62107.98,""size"":1.9e-07,""num_orders"":1},{""price"":62107.97,""size"":2e-07,""num_orders"":1},{""price"":62106.13,""size"":0.0563535,""num_orders"":1},{""price"":62104.63,""size"":0.00080504,""num_orders"":1},{""price"":62103.4,""size"":1.3e-07,""num_orders"":1},{""price"":62102.5,""size"":0.0780077,""num_orders"":1},{""price"":62102.45,""size"":0.001599,""num_orders"":1},{""price"":62102.0,""size"":0.0454,""num_orders"":1},{""price"":62101.85,""size"":0.03659971,""num_orders"":2}]","[{""price"":62108.0,""size"":0.84185281,""num_orders"":13},{""price"":62108.01,""size"":1.6e-07,""num_orders"":1},{""price"":62108.03,""size"":1.7e-07,""num_orders"":1},{""price"":62108.2,""size"":1.8e-05,""num_orders"":1},{""price"":62108.7,""size"":0.00316415,""num_orders"":1},{""price"":62108.71,""size"":0.0288389,""num_orders"":1},{""price"":62108.72,""size"":0.04830637,""num_orders"":1},{""price"":62109.89,""size"":0.18955752,""num_orders"":1},{""price"":62109.9,""size"":0.09659586,""num_orders"":1},{""price"":62109.92,""size"":0.01331,""num_orders"":1}]"
btc_usd_d10_20260708T102510Z,46,2026-07-08T11:11:10.415120Z,2026-07-08T11:11:10.415247Z,BTC-USD,10,ok,,132271338777,2026-07-08T11:11:10.092698401Z,0.33460395,0.57081472,-0.260885685072,62050.550000000003,62050.559999999998,62050.555,0.009999999995,0.00161158913,"[{""price"":62050.55,""size"":0.05201213,""num_orders"":4},{""price"":62049.0,""size"":1.8e-05,""num_orders"":1},{""price"":62046.01,""size"":0.02418166,""num_orders"":1},{""price"":62046.0,""size"":0.0536,""num_orders"":1},{""price"":62045.3,""size"":1.8e-05,""num_orders"":1},{""price"":62045.0,""size"":0.01,""num_orders"":1},{""price"":62044.92,""size"":0.09659586,""num_orders"":1},{""price"":62043.98,""size"":0.001549,""num_orders"":1},{""price"":62041.77,""size"":0.09659586,""num_orders"":1},{""price"":62041.6,""size"":3.344e-05,""num_orders"":2}]","[{""price"":62050.56,""size"":0.26661157,""num_orders"":3},{""price"":62051.74,""size"":0.06445675,""num_orders"":1},{""price"":62051.92,""size"":0.03094639,""num_orders"":1},{""price"":62052.0,""size"":0.0536,""num_orders"":1},{""price"":62052.38,""size"":9.7e-05,""num_orders"":1},{""price"":62053.68,""size"":0.001549,""num_orders"":1},{""price"":62054.55,""size"":0.00316415,""num_orders"":1},{""price"":62054.56,""size"":0.09659586,""num_orders"":1},{""price"":62055.54,""size"":0.000194,""num_orders"":1},{""price"":62056.0,""size"":0.0536,""num_orders"":1}]"
btc_usd_d10_20260708T102510Z,47,2026-07-08T11:12:10.415120Z,2026-07-08T11:12:10.415261Z,BTC-USD,10,ok,,132271385445,2026-07-08T11:12:07.667847614Z,0.74005371,0.71546281,0.016894964545,62022.980000000003,62022.989999999998,62022.985000000001,0.009999999995,0.001612305502,"[{""price"":62022.98,""size"":0.35589936,""num_orders"":9},{""price"":62022.97,""size"":3.1e-07,""num_orders"":2},{""price"":62022.08,""size"":0.1246163,""num_orders"":1},{""price"":62022.0,""size"":0.0536,""num_orders"":1},{""price"":62021.43,""size"":0.05643069,""num_orders"":1},{""price"":62020.53,""size"":0.0161237,""num_orders"":2},{""price"":62020.01,""size"":0.00319928,""num_orders"":1},{""price"":62020.0,""size"":0.0536,""num_orders"":1},{""price"":62019.98,""size"":0.07053762,""num_orders"":1},{""price"":62019.88,""size"":0.00604645,""num_orders"":2}]","[{""price"":62022.99,""size"":0.05694235,""num_orders"":3},{""price"":62023.62,""size"":0.02418828,""num_orders"":1},{""price"":62025.14,""size"":0.0609634,""num_orders"":1},{""price"":62025.18,""size"":0.10211625,""num_orders"":1},{""price"":62025.95,""size"":0.24204992,""num_orders"":1},{""price"":62025.96,""size"":0.09659586,""num_orders"":1},{""price"":62025.97,""size"":0.06445675,""num_orders"":1},{""price"":62026.0,""size"":0.0536,""num_orders"":1},{""price"":62026.33,""size"":0.0097,""num_orders"":1},{""price"":62026.53,""size"":0.00485,""num_orders"":1}]"
btc_usd_d10_20260708T102510Z,48,2026-07-08T11:13:10.415120Z,2026-07-08T11:13:10.415266Z,BTC-USD,10,ok,,132271430141,2026-07-08T11:13:09.845224469Z,0.44044276,0.57721966,-0.134403017456,62078.769999999997,62078.779999999999,62078.774999999994,0.010000000002,0.001610856529,"[{""price"":62078.77,""size"":0.0874368,""num_orders"":4},{""price"":62078.75,""size"":2.1e-07,""num_orders"":1},{""price"":62077.23,""size"":0.00319954,""num_orders"":1},{""price"":62077.22,""size"":0.05238385,""num_orders"":1},{""price"":62076.0,""size"":0.0536,""num_orders"":1},{""price"":62075.35,""size"":0.00196795,""num_orders"":2},{""price"":62074.92,""size"":0.12497095,""num_orders"":2},{""price"":62074.89,""size"":0.06169147,""num_orders"":1},{""price"":62074.0,""size"":0.0536,""num_orders"":1},{""price"":62072.09,""size"":0.00159199,""num_orders"":1}]","[{""price"":62078.78,""size"":0.19358522,""num_orders"":6},{""price"":62078.79,""size"":1.6e-07,""num_orders"":1},{""price"":62078.8,""size"":2.1e-07,""num_orders"":1},{""price"":62079.08,""size"":1.19e-06,""num_orders"":1},{""price"":62079.67,""size"":0.17966171,""num_orders"":1},{""price"":62079.68,""size"":0.06445675,""num_orders"":1},{""price"":62079.7,""size"":0.02418828,""num_orders"":1},{""price"":62080.33,""size"":0.05637997,""num_orders"":1},{""price"":62080.41,""size"":0.04832934,""num_orders"":1},{""price"":62080.83,""size"":0.01061683,""num_orders"":1}]"
btc_usd_d10_20260708T102510Z,49,2026-07-08T11:14:10.415120Z,2026-07-08T11:14:10.415255Z,BTC-USD,10,ok,,132271461657,2026-07-08T11:14:08.654487364Z,0.28671482,0.96106818,-0.540441214538,62057.269999999997,62057.279999999999,62057.274999999994,0.010000000002,0.001611414617,"[{""price"":62057.27,""size"":0.05451675,""num_orders"":5},{""price"":62057.25,""size"":1.4e-07,""num_orders"":1},{""price"":62056.4,""size"":1.8e-05,""num_orders"":1},{""price"":62055.0,""size"":0.01,""num_orders"":1},{""price"":62054.17,""size"":0.02215807,""num_orders"":4},{""price"":62054.0,""size"":0.0509,""num_orders"":1},{""price"":62052.7,""size"":1.8e-05,""num_orders"":1},{""price"":62052.01,""size"":0.09659586,""num_orders"":1},{""price"":62052.0,""size"":0.0509,""num_orders"":1},{""price"":62051.46,""size"":0.001608,""num_orders"":1}]","[{""price"":62057.28,""size"":0.56984046,""num_orders"":12},{""price"":62057.29,""size"":1.8e-07,""num_orders"":1},{""price"":62057.3,""size"":1.8e-07,""num_orders"":1},{""price"":62057.93,""size"":0.16535197,""num_orders"":1},{""price"":62057.94,""size"":0.06445675,""num_orders"":1},{""price"":62058.0,""size"":0.0509,""num_orders"":1},{""price"":62058.22,""size"":0.00161113,""num_orders"":1},{""price"":62058.83,""size"":0.05639951,""num_orders"":1},{""price"":62059.91,""size"":0.001608,""num_orders"":1},{""price"":62060.0,""size"":0.0509,""num_orders"":1}]"
btc_usd_d10_20260708T102510Z,50,2026-07-08T11:15:10.415120Z,2026-07-08T11:15:10.415271Z,BTC-USD,10,ok,,132271485863,2026-07-08T11:15:09.325942951Z,0.47037022,0.48132848,-0.011514421529,62058.059999999998,62058.07,62058.065000000002,0.010000000002,0.001611394104,"[{""price"":62058.06,""size"":0.30302472,""num_orders"":9},{""price"":62058.05,""size"":1.5e-07,""num_orders"":1},{""price"":62058.04,""size"":1.6e-07,""num_orders"":1},{""price"":62058.02,""size"":0.00109967,""num_orders"":1},{""price"":62056.51,""size"":0.05639879,""num_orders"":1},{""price"":62056.0,""size"":0.0536,""num_orders"":1},{""price"":62055.95,""size"":0.02116066,""num_orders"":1},{""price"":62055.7,""size"":0.023,""num_orders"":1},{""price"":62054.95,""size"":0.00402869,""num_orders"":1},{""price"":62054.93,""size"":0.00805738,""num_orders"":1}]","[{""price"":62058.07,""size"":0.1827116,""num_orders"":7},{""price"":62058.08,""size"":1.4e-07,""num_orders"":1},{""price"":62058.1,""size"":1.8e-07,""num_orders"":1},{""price"":62058.22,""size"":0.00161113,""num_orders"":1},{""price"":62059.6,""size"":0.00274971,""num_orders"":1},{""price"":62059.62,""size"":0.05639879,""num_orders"":1},{""price"":62060.0,""size"":0.05764025,""num_orders"":2},{""price"":62060.11,""size"":0.00164336,""num_orders"":2},{""price"":62060.55,""size"":0.00015106,""num_orders"":2},{""price"":62060.89,""size"":0.17842226,""num_orders"":1}]"
btc_usd_d10_20260708T102510Z,51,2026-07-08T11:16:10.415120Z,2026-07-08T11:16:10.415285Z,BTC-USD,10,ok,,132271514053,2026-07-08T11:16:09.178582280Z,0.39635277,0.74949909,-0.308195441599,62054.169999999998,62054.18,62054.175000000003,0.010000000002,0.001611495117,"[{""price"":62054.17,""size"":0.12599921,""num_orders"":9},{""price"":62054.16,""size"":1.1e-07,""num_orders"":1},{""price"":62054.15,""size"":1.2e-07,""num_orders"":1},{""price"":62052.88,""size"":0.06109707,""num_orders"":1},{""price"":62052.7,""size"":1.8e-05,""num_orders"":1},{""price"":62052.62,""size"":0.05640232,""num_orders"":1},{""price"":62051.07,""size"":0.01813023,""num_orders"":3},{""price"":62050.52,""size"":0.06948771,""num_orders"":1},{""price"":62050.0,""size"":0.0636,""num_orders"":2},{""price"":62049.38,""size"":0.001618,""num_orders"":1}]","[{""price"":62054.18,""size"":0.50615798,""num_orders"":12},{""price"":62054.19,""size"":3.4e-07,""num_orders"":1},{""price"":62054.21,""size"":3.5e-07,""num_orders"":1},{""price"":62054.33,""size"":0.00080574,""num_orders"":1},{""price"":62055.68,""size"":0.00165617,""num_orders"":1},{""price"":62055.69,""size"":0.02,""num_orders"":1},{""price"":62055.7,""size"":0.02418828,""num_orders"":1},{""price"":62055.72,""size"":0.08668791,""num_orders"":1},{""price"":62055.73,""size"":0.05640232,""num_orders"":1},{""price"":62056.0,""size"":0.0536,""num_orders"":1}]"
btc_usd_d10_20260708T102510Z,52,2026-07-08T11:17:10.415120Z,2026-07-08T11:17:10.415281Z,BTC-USD,10,ok,,132271548734,2026-07-08T11:17:07.845271174Z,0.3239071,0.83968598,-0.443263963034,62034.199999999997,62034.209999999999,62034.205000000002,0.010000000002,0.001612013888,"[{""price"":62034.2,""size"":0.00032761,""num_orders"":5},{""price"":62034.18,""size"":1.2e-07,""num_orders"":1},{""price"":62032.08,""size"":0.00314246,""num_orders"":3},{""price"":62032.0,""size"":0.0536,""num_orders"":1},{""price"":62031.1,""size"":0.0221663,""num_orders"":4},{""price"":62030.5,""size"":1.8e-05,""num_orders"":1},{""price"":62030.01,""size"":0.06445675,""num_orders"":1},{""price"":62030.0,""size"":0.0636,""num_orders"":2},{""price"":62028.02,""size"":0.02,""num_orders"":1},{""price"":62028.01,""size"":0.09659586,""num_orders"":1}]","[{""price"":62034.21,""size"":0.53845238,""num_orders"":11},{""price"":62034.22,""size"":3.1e-07,""num_orders"":1},{""price"":62034.23,""size"":3.1e-07,""num_orders"":1},{""price"":62034.58,""size"":0.000806,""num_orders"":1},{""price"":62034.8,""size"":0.13369546,""num_orders"":1},{""price"":62035.76,""size"":0.05642048,""num_orders"":1},{""price"":62036.75,""size"":0.03094776,""num_orders"":1},{""price"":62037.36,""size"":0.001575,""num_orders"":1},{""price"":62037.91,""size"":0.02418828,""num_orders"":1},{""price"":62038.0,""size"":0.0536,""num_orders"":1}]"
btc_usd_d10_20260708T102510Z,53,2026-07-08T11:18:10.415120Z,2026-07-08T11:18:10.415269Z,BTC-USD,10,ok,,132271573921,2026-07-08T11:18:08.825934048Z,1.30017744,0.76200213,0.260974028561,62032.349999999999,62032.360000000001,62032.354999999996,0.010000000002,0.001612061964,"[{""price"":62032.35,""size"":0.12583694,""num_orders"":6},{""price"":62032.34,""size"":1.3e-07,""num_orders"":1},{""price"":62032.33,""size"":1.5e-07,""num_orders"":1},{""price"":62030.0,""size"":0.0536,""num_orders"":1},{""price"":62029.53,""size"":0.001638,""num_orders"":1},{""price"":62029.25,""size"":0.02216696,""num_orders"":4},{""price"":62028.01,""size"":0.09659586,""num_orders"":1},{""price"":62028.0,""size"":1.0,""num_orders"":1},{""price"":62027.99,""size"":0.0003214,""num_orders"":3},{""price"":62026.8,""size"":1.8e-05,""num_orders"":1}]","[{""price"":62032.36,""size"":0.27984923,""num_orders"":7},{""price"":62032.37,""size"":1.9e-07,""num_orders"":1},{""price"":62032.39,""size"":2e-07,""num_orders"":1},{""price"":62033.96,""size"":0.00088962,""num_orders"":1},{""price"":62033.97,""size"":0.02418828,""num_orders"":1},{""price"":62033.98,""size"":0.03368399,""num_orders"":1},{""price"":62033.99,""size"":0.05642209,""num_orders"":1},{""price"":62035.19,""size"":0.028022,""num_orders"":1},{""price"":62035.4,""size"":0.02,""num_orders"":1},{""price"":62035.41,""size"":0.31894653,""num_orders"":1}]"
btc_usd_d10_20260708T102510Z,54,2026-07-08T11:19:10.415120Z,2026-07-08T11:19:10.415242Z,BTC-USD,10,ok,,132271610889,2026-07-08T11:19:09.179475876Z,0.7618814,0.42781749,0.280797025876,62089.690000000002,62089.699999999997,62089.695,0.009999999995,0.001610573219,"[{""price"":62089.69,""size"":0.41924199,""num_orders"":4},{""price"":62088.0,""size"":0.0536,""num_orders"":1},{""price"":62087.5,""size"":0.09659586,""num_orders"":1},{""price"":62087.48,""size"":0.00319954,""num_orders"":1},{""price"":62087.47,""size"":0.1312,""num_orders"":1},{""price"":62086.77,""size"":0.001585,""num_orders"":1},{""price"":62085.99,""size"":8.756e-05,""num_orders"":2},{""price"":62085.98,""size"":1.8e-07,""num_orders"":1},{""price"":62085.97,""size"":2e-07,""num_orders"":1},{""price"":62085.92,""size"":0.05637107,""num_orders"":1}]","[{""price"":62089.7,""size"":1.8e-05,""num_orders"":1},{""price"":62093.4,""size"":1.8e-05,""num_orders"":1},{""price"":62095.8,""size"":0.06445675,""num_orders"":1},{""price"":62097.1,""size"":1.8e-05,""num_orders"":1},{""price"":62099.37,""size"":0.06363773,""num_orders"":1},{""price"":62099.38,""size"":0.09659586,""num_orders"":1},{""price"":62099.43,""size"":0.04831411,""num_orders"":1},{""price"":62100.0,""size"":0.01,""num_orders"":1},{""price"":62100.52,""size"":2.417e-05,""num_orders"":1},{""price"":62100.76,""size"":0.14473487,""num_orders"":1}]"
btc_usd_d10_20260708T102510Z,55,2026-07-08T11:20:10.415120Z,2026-07-08T11:20:10.415290Z,BTC-USD,10,ok,,132271638396,2026-07-08T11:20:06.815691865Z,0.30568504,0.54005094,-0.277114732662,62105.129999999997,62105.139999999999,62105.134999999995,0.010000000002,0.001610172815,"[{""price"":62105.13,""size"":0.0255584,""num_orders"":4},{""price"":62105.12,""size"":1.3e-07,""num_orders"":1},{""price"":62105.11,""size"":1.3e-07,""num_orders"":1},{""price"":62104.49,""size"":0.00101248,""num_orders"":1},{""price"":62103.84,""size"":0.00215566,""num_orders"":1},{""price"":62103.83,""size"":0.11181458,""num_orders"":2},{""price"":62103.59,""size"":0.05635566,""num_orders"":1},{""price"":62102.19,""size"":0.001588,""num_orders"":1},{""price"":62102.0,""size"":0.0536,""num_orders"":1},{""price"":62100.0,""size"":0.0536,""num_orders"":1}]","[{""price"":62105.14,""size"":0.23558658,""num_orders"":6},{""price"":62105.15,""size"":2.2e-07,""num_orders"":1},{""price"":62105.16,""size"":2.4e-07,""num_orders"":1},{""price"":62105.97,""size"":0.00104388,""num_orders"":1},{""price"":62105.98,""size"":0.00472209,""num_orders"":1},{""price"":62106.0,""size"":0.0536,""num_orders"":1},{""price"":62106.68,""size"":0.02,""num_orders"":1},{""price"":62106.69,""size"":0.16702565,""num_orders"":1},{""price"":62106.7,""size"":0.05635604,""num_orders"":1},{""price"":62107.68,""size"":0.00171624,""num_orders"":1}]"
btc_usd_d10_20260708T102510Z,56,2026-07-08T11:21:10.415120Z,2026-07-08T11:21:10.415290Z,BTC-USD,10,ok,,132271676347,2026-07-08T11:21:09.843979664Z,0.17484408,0.85967231,-0.661979101172,62067.5,62067.510000000002,62067.505000000005,0.010000000002,0.001611149023,"[{""price"":62067.5,""size"":4.17e-05,""num_orders"":3},{""price"":62067.49,""size"":1.1e-07,""num_orders"":1},{""price"":62067.48,""size"":1.1e-07,""num_orders"":1},{""price"":62066.0,""size"":0.0509,""num_orders"":1},{""price"":62065.33,""size"":0.00402801,""num_orders"":1},{""price"":62065.0,""size"":0.01,""num_orders"":1},{""price"":62064.4,""size"":0.00805615,""num_orders"":1},{""price"":62064.0,""size"":0.0509,""num_orders"":1},{""price"":62063.8,""size"":1.8e-05,""num_orders"":1},{""price"":62062.0,""size"":0.0509,""num_orders"":1}]","[{""price"":62067.51,""size"":0.15512356,""num_orders"":3},{""price"":62067.52,""size"":0.15572626,""num_orders"":1},{""price"":62068.02,""size"":0.06445675,""num_orders"":1},{""price"":62068.55,""size"":0.04833285,""num_orders"":1},{""price"":62069.06,""size"":0.05639021,""num_orders"":1},{""price"":62069.88,""size"":0.00319954,""num_orders"":1},{""price"":62069.89,""size"":0.09659586,""num_orders"":1},{""price"":62071.16,""size"":0.07048776,""num_orders"":1},{""price"":62071.63,""size"":0.001568,""num_orders"":1},{""price"":62071.71,""size"":0.20779152,""num_orders"":1}]"
btc_usd_d10_20260708T102510Z,57,2026-07-08T11:22:10.415120Z,2026-07-08T11:22:10.415282Z,BTC-USD,10,ok,,132271709511,2026-07-08T11:22:08.045181197Z,0.20677357,0.86133703,-0.612823672006,62041.599999999999,62041.610000000001,62041.604999999996,0.010000000002,0.001611821616,"[{""price"":62041.6,""size"":0.02846062,""num_orders"":5},{""price"":62041.59,""size"":1.2e-07,""num_orders"":1},{""price"":62041.58,""size"":1.3e-07,""num_orders"":1},{""price"":62040.0,""size"":0.01,""num_orders"":1},{""price"":62039.24,""size"":0.00805942,""num_orders"":1},{""price"":62038.5,""size"":0.01007439,""num_orders"":2},{""price"":62038.0,""size"":0.0509,""num_orders"":1},{""price"":62037.9,""size"":1.8e-05,""num_orders"":1},{""price"":62036.0,""size"":0.0509,""num_orders"":1},{""price"":62035.77,""size"":0.04836089,""num_orders"":1}]","[{""price"":62041.61,""size"":0.31905416,""num_orders"":7},{""price"":62041.62,""size"":2.5e-07,""num_orders"":1},{""price"":62041.64,""size"":2.6e-07,""num_orders"":1},{""price"":62041.98,""size"":0.00159977,""num_orders"":1},{""price"":62041.99,""size"":0.06502144,""num_orders"":1},{""price"":62042.0,""size"":0.0509,""num_orders"":1},{""price"":62042.69,""size"":0.001628,""num_orders"":1},{""price"":62043.16,""size"":0.05641375,""num_orders"":1},{""price"":62043.59,""size"":0.27012354,""num_orders"":1},{""price"":62043.6,""size"":0.09659586,""num_orders"":1}]"
btc_usd_d10_20260708T102510Z,58,2026-07-08T11:23:10.415120Z,2026-07-08T11:23:10.415282Z,BTC-USD,10,ok,,132271739842,2026-07-08T11:23:09.095773495Z,0.12961573,0.54426444,-0.615315197656,62057.75,62057.760000000002,62057.755000000005,0.010000000002,0.001611402153,"[{""price"":62057.75,""size"":0.03800969,""num_orders"":4},{""price"":62057.74,""size"":1.7e-07,""num_orders"":1},{""price"":62057.73,""size"":1.7e-07,""num_orders"":1},{""price"":62056.72,""size"":0.00031744,""num_orders"":2},{""price"":62054.66,""size"":0.00086131,""num_orders"":1},{""price"":62054.65,""size"":0.01208612,""num_orders"":2},{""price"":62054.59,""size"":0.04834103,""num_orders"":1},{""price"":62053.65,""size"":1.7e-07,""num_orders"":1},{""price"":62053.31,""size"":0.02999949,""num_orders"":1},{""price"":62052.73,""size"":1.4e-07,""num_orders"":1}]","[{""price"":62057.76,""size"":0.1219278,""num_orders"":5},{""price"":62057.78,""size"":3.7e-07,""num_orders"":2},{""price"":62058.0,""size"":0.0508,""num_orders"":1},{""price"":62059.96,""size"":0.02,""num_orders"":1},{""price"":62059.97,""size"":0.19032551,""num_orders"":1},{""price"":62059.98,""size"":0.09659586,""num_orders"":1},{""price"":62060.0,""size"":0.0508,""num_orders"":1},{""price"":62060.62,""size"":0.00015106,""num_orders"":2},{""price"":62061.17,""size"":0.001579,""num_orders"":1},{""price"":62061.24,""size"":0.01208484,""num_orders"":2}]"
btc_usd_d10_20260708T102510Z,59,2026-07-08T11:24:10.415120Z,2026-07-08T11:24:10.415290Z,BTC-USD,10,ok,,132271768551,2026-07-08T11:24:09.593399090Z,0.50631116,0.88132394,-0.270253166701,62025.669999999998,62025.68,62025.675000000003,0.010000000002,0.001612235579,"[{""price"":62025.67,""size"":0.00392628,""num_orders"":2},{""price"":62023.1,""size"":1.8e-05,""num_orders"":1},{""price"":62022.95,""size"":7.403e-05,""num_orders"":1},{""price"":62020.0,""size"":0.01,""num_orders"":1},{""price"":62019.91,""size"":0.02339357,""num_orders"":1},{""price"":62019.4,""size"":1.8e-05,""num_orders"":1},{""price"":62019.28,""size"":0.00766328,""num_orders"":1},{""price"":62016.77,""size"":0.1312,""num_orders"":1},{""price"":62015.7,""size"":1.8e-05,""num_orders"":1},{""price"":62015.58,""size"":0.33,""num_orders"":1}]","[{""price"":62025.68,""size"":0.43424889,""num_orders"":5},{""price"":62026.0,""size"":0.0536,""num_orders"":1},{""price"":62027.85,""size"":0.07463416,""num_orders"":2},{""price"":62028.0,""size"":0.0536,""num_orders"":1},{""price"":62028.92,""size"":0.08864503,""num_orders"":2},{""price"":62028.93,""size"":0.09659586,""num_orders"":1},{""price"":62028.94,""size"":0.02,""num_orders"":1},{""price"":62028.95,""size"":0.02,""num_orders"":1},{""price"":62028.96,""size"":0.02,""num_orders"":1},{""price"":62028.97,""size"":0.02,""num_orders"":1}]"
btc_usd_d10_20260708T122525Z,0,2026-07-08T12:25:25.745599Z,2026-07-08T12:25:25.745633Z,BTC-USD,10,ok,,132274549917,2026-07-08T12:25:25.345531974Z,0.79370507,0.73301941,0.039748927062,62196.610000000001,62196.620000000003,62196.615000000005,0.010000000002,0.001607804541,"[{""price"":62196.61,""size"":0.26772069,""num_orders"":6},{""price"":62196.6,""size"":1.3e-07,""num_orders"":1},{""price"":62196.59,""size"":1.1e-07,""num_orders"":1},{""price"":62196.01,""size"":0.09631298,""num_orders"":1},{""price"":62195.99,""size"":0.04834027,""num_orders"":1},{""price"":62195.22,""size"":0.12862723,""num_orders"":1},{""price"":62195.07,""size"":0.1,""num_orders"":1},{""price"":62195.05,""size"":0.05627315,""num_orders"":1},{""price"":62195.02,""size"":0.00011753,""num_orders"":1},{""price"":62194.08,""size"":0.09631298,""num_orders"":1}]","[{""price"":62196.62,""size"":0.05619523,""num_orders"":2},{""price"":62196.64,""size"":5.6e-07,""num_orders"":2},{""price"":62197.98,""size"":0.00319954,""num_orders"":1},{""price"":62197.99,""size"":0.14192729,""num_orders"":1},{""price"":62198.0,""size"":0.0643,""num_orders"":1},{""price"":62198.19,""size"":0.05627314,""num_orders"":1},{""price"":62198.65,""size"":0.0008039,""num_orders"":1},{""price"":62199.76,""size"":0.05205712,""num_orders"":2},{""price"":62200.0,""size"":0.0643,""num_orders"":1},{""price"":62200.02,""size"":0.29396263,""num_orders"":1}]"
btc_usd_d10_20260708T122525Z,1,2026-07-08T12:26:25.745599Z,2026-07-08T12:26:25.745740Z,BTC-USD,10,ok,,132274587275,2026-07-08T12:26:24.547360994Z,0.93221541,0.25031063,0.576650963221,62183.940000000002,62183.949999999997,62183.945,0.009999999995,0.00160813213,"[{""price"":62183.94,""size"":0.0648374,""num_orders"":3},{""price"":62183.41,""size"":0.12865167,""num_orders"":1},{""price"":62182.01,""size"":0.02,""num_orders"":1},{""price"":62182.0,""size"":0.0643,""num_orders"":1},{""price"":62181.88,""size"":0.04834027,""num_orders"":1},{""price"":62181.87,""size"":0.02211255,""num_orders"":4},{""price"":62181.48,""size"":0.1,""num_orders"":1},{""price"":62181.25,""size"":0.25900435,""num_orders"":1},{""price"":62181.24,""size"":0.09631298,""num_orders"":1},{""price"":62181.22,""size"":0.12865619,""num_orders"":1}]","[{""price"":62183.95,""size"":0.00319954,""num_orders"":1},{""price"":62183.96,""size"":0.03,""num_orders"":1},{""price"":62183.98,""size"":0.03,""num_orders"":1},{""price"":62184.99,""size"":0.00080405,""num_orders"":1},{""price"":62185.0,""size"":0.00782523,""num_orders"":1},{""price"":62186.0,""size"":0.0643,""num_orders"":1},{""price"":62187.15,""size"":0.001542,""num_orders"":1},{""price"":62187.16,""size"":9.7e-05,""num_orders"":1},{""price"":62187.88,""size"":0.04824281,""num_orders"":1},{""price"":62188.0,""size"":0.0643,""num_orders"":1}]"
btc_usd_d10_20260708T122525Z,2,2026-07-08T12:27:25.745599Z,2026-07-08T12:27:25.745755Z,BTC-USD,10,ok,,132274623880,2026-07-08T12:27:24.190191978Z,0.1185769,0.81045433,-0.744730002241,62181.169999999998,62181.18,62181.175000000003,0.010000000002,0.001608203769,"[{""price"":62181.17,""size"":0.00015993,""num_orders"":2},{""price"":62181.16,""size"":1.2e-07,""num_orders"":1},{""price"":62181.15,""size"":1.2e-07,""num_orders"":1},{""price"":62178.5,""size"":1.8e-05,""num_orders"":1},{""price"":62178.28,""size"":0.1,""num_orders"":1},{""price"":62178.05,""size"":0.00804142,""num_orders"":1},{""price"":62178.03,""size"":0.00804143,""num_orders"":1},{""price"":62178.02,""size"":0.00201036,""num_orders"":1},{""price"":62177.98,""size"":0.00022551,""num_orders"":1},{""price"":62177.93,""size"":8.001e-05,""num_orders"":1}]","[{""price"":62181.18,""size"":0.26309172,""num_orders"":4},{""price"":62181.2,""size"":0.03,""num_orders"":1},{""price"":62181.97,""size"":0.00159979,""num_orders"":1},{""price"":62181.98,""size"":0.02412685,""num_orders"":1},{""price"":62182.0,""size"":0.0643,""num_orders"":1},{""price"":62182.06,""size"":0.22626423,""num_orders"":2},{""price"":62182.74,""size"":0.05628713,""num_orders"":1},{""price"":62182.97,""size"":0.04824548,""num_orders"":1},{""price"":62183.05,""size"":0.09631298,""num_orders"":1},{""price"":62183.67,""size"":0.00022615,""num_orders"":3}]"
btc_usd_d10_20260708T122525Z,3,2026-07-08T12:28:25.745599Z,2026-07-08T12:28:25.745729Z,BTC-USD,10,ok,,132274654487,2026-07-08T12:28:24.042102599Z,0.89021814,1.11247663,-0.1109797126,62199.480000000003,62199.489999999998,62199.485000000001,0.009999999995,0.001607730353,"[{""price"":62199.48,""size"":0.38566123,""num_orders"":9},{""price"":62199.47,""size"":4.5e-07,""num_orders"":2},{""price"":62199.46,""size"":2.5e-07,""num_orders"":1},{""price"":62197.93,""size"":0.07074043,""num_orders"":2},{""price"":62197.92,""size"":0.05627056,""num_orders"":1},{""price"":62197.67,""size"":0.02300351,""num_orders"":1},{""price"":62197.21,""size"":0.04834027,""num_orders"":1},{""price"":62196.74,""size"":0.18688495,""num_orders"":2},{""price"":62196.73,""size"":0.02300351,""num_orders"":1},{""price"":62196.01,""size"":0.09631298,""num_orders"":1}]","[{""price"":62199.49,""size"":0.23047071,""num_orders"":3},{""price"":62199.5,""size"":1.4e-07,""num_orders"":1},{""price"":62199.79,""size"":0.12861781,""num_orders"":1},{""price"":62200.0,""size"":0.5,""num_orders"":1},{""price"":62200.7,""size"":1.8e-05,""num_orders"":1},{""price"":62201.05,""size"":0.05627056,""num_orders"":1},{""price"":62201.98,""size"":0.00015072,""num_orders"":2},{""price"":62202.6,""size"":0.01205737,""num_orders"":2},{""price"":62202.79,""size"":0.02412685,""num_orders"":1},{""price"":62202.8,""size"":0.16076447,""num_orders"":1}]"
btc_usd_d10_20260708T122525Z,4,2026-07-08T12:29:25.745599Z,2026-07-08T12:29:25.745737Z,BTC-USD,10,ok,,132274687409,2026-07-08T12:29:24.542827679Z,1.07177455,0.2881235,0.576257205457,62207.510000000002,62207.519999999997,62207.514999999999,0.009999999995,0.00160752282,"[{""price"":62207.51,""size"":0.19664018,""num_orders"":5},{""price"":62207.01,""size"":0.12860286,""num_orders"":1},{""price"":62206.97,""size"":0.31516802,""num_orders"":1},{""price"":62206.0,""size"":0.0643,""num_orders"":1},{""price"":62204.42,""size"":0.09631298,""num_orders"":1},{""price"":62204.41,""size"":0.0812453,""num_orders"":1},{""price"":62204.4,""size"":0.17888813,""num_orders"":3},{""price"":62204.39,""size"":1.4e-07,""num_orders"":1},{""price"":62204.38,""size"":1.1e-07,""num_orders"":1},{""price"":62204.03,""size"":0.01061683,""num_orders"":1}]","[{""price"":62207.52,""size"":0.0562654,""num_orders"":1},{""price"":62209.61,""size"":0.00319954,""num_orders"":1},{""price"":62209.62,""size"":0.07033175,""num_orders"":1},{""price"":62210.0,""size"":0.0643,""num_orders"":1},{""price"":62211.35,""size"":0.001597,""num_orders"":1},{""price"":62211.75,""size"":0.027954,""num_orders"":1},{""price"":62212.0,""size"":0.0643,""num_orders"":1},{""price"":62212.18,""size"":2.512e-05,""num_orders"":1},{""price"":62212.23,""size"":0.00010046,""num_orders"":1},{""price"":62212.24,""size"":5.023e-05,""num_orders"":1}]"
btc_usd_d10_20260708T122525Z,5,2026-07-08T12:30:25.745599Z,2026-07-08T12:30:25.745739Z,BTC-USD,10,ok,,132274745586,2026-07-08T12:30:25.045477720Z,0.7893971,0.78081529,0.005465381661,62222.900000000001,62222.910000000003,62222.904999999999,0.010000000002,0.001607125222,"[{""price"":62222.9,""size"":0.06898074,""num_orders"":4},{""price"":62220.98,""size"":0.12397334,""num_orders"":1},{""price"":62220.05,""size"":0.11797463,""num_orders"":1},{""price"":62220.0,""size"":0.01,""num_orders"":1},{""price"":62219.79,""size"":0.01205404,""num_orders"":2},{""price"":62219.2,""size"":1.8e-05,""num_orders"":1},{""price"":62218.75,""size"":0.04821046,""num_orders"":1},{""price"":62218.46,""size"":0.23126641,""num_orders"":1},{""price"":62218.45,""size"":0.12857921,""num_orders"":1},{""price"":62218.3,""size"":0.04834027,""num_orders"":1}]","[{""price"":62222.91,""size"":0.11055655,""num_orders"":3},{""price"":62223.55,""size"":0.00159977,""num_orders"":1},{""price"":62223.56,""size"":0.11920395,""num_orders"":2},{""price"":62223.82,""size"":0.027948,""num_orders"":1},{""price"":62224.46,""size"":0.02412685,""num_orders"":1},{""price"":62224.47,""size"":0.05624938,""num_orders"":1},{""price"":62224.68,""size"":0.12856635,""num_orders"":1},{""price"":62225.47,""size"":0.001638,""num_orders"":1},{""price"":62225.7,""size"":0.09631298,""num_orders"":1},{""price"":62225.71,""size"":0.21461346,""num_orders"":1}]"
btc_usd_d10_20260708T122525Z,6,2026-07-08T12:31:25.745599Z,2026-07-08T12:31:25.745700Z,BTC-USD,10,ok,,132274789996,2026-07-08T12:31:23.343461523Z,1.25789217,0.512397,0.421114913108,62182.800000000003,62182.809999999998,62182.805,0.009999999995,0.001608161612,"[{""price"":62182.8,""size"":0.65050877,""num_orders"":9},{""price"":62182.79,""size"":2.1e-07,""num_orders"":2},{""price"":62182.78,""size"":1.1e-07,""num_orders"":1},{""price"":62182.45,""size"":0.09631298,""num_orders"":1},{""price"":62182.44,""size"":0.2937724,""num_orders"":1},{""price"":62182.43,""size"":0.12865369,""num_orders"":1},{""price"":62182.21,""size"":1.2e-07,""num_orders"":1},{""price"":62182.2,""size"":0.00027177,""num_orders"":3},{""price"":62180.0,""size"":0.0743,""num_orders"":2},{""price"":62179.69,""size"":0.01407212,""num_orders"":3}]","[{""price"":62182.81,""size"":0.22277165,""num_orders"":2},{""price"":62182.9,""size"":0.00080408,""num_orders"":1},{""price"":62184.37,""size"":0.05628565,""num_orders"":1},{""price"":62185.91,""size"":0.027956,""num_orders"":1},{""price"":62186.0,""size"":0.0643,""num_orders"":1},{""price"":62186.47,""size"":0.07035707,""num_orders"":1},{""price"":62186.62,""size"":0.001551,""num_orders"":1},{""price"":62187.17,""size"":0.00087201,""num_orders"":1},{""price"":62188.0,""size"":0.0643,""num_orders"":1},{""price"":62189.99,""size"":0.00319954,""num_orders"":1}]"
btc_usd_d10_20260708T122525Z,7,2026-07-08T12:32:25.745599Z,2026-07-08T12:32:25.745724Z,BTC-USD,10,ok,,132274840868,2026-07-08T12:32:24.105175833Z,0.09143404,1.50813845,-0.885676903583,62189.599999999999,62189.610000000001,62189.604999999996,0.010000000002,0.001607985772,"[{""price"":62189.6,""size"":0.00013666,""num_orders"":4},{""price"":62189.59,""size"":1.2e-07,""num_orders"":1},{""price"":62189.58,""size"":1.3e-07,""num_orders"":1},{""price"":62187.34,""size"":0.04834027,""num_orders"":1},{""price"":62186.49,""size"":0.00402017,""num_orders"":1},{""price"":62186.18,""size"":2.4e-07,""num_orders"":2},{""price"":62185.9,""size"":1.794e-05,""num_orders"":1},{""price"":62185.47,""size"":0.001569,""num_orders"":1},{""price"":62185.01,""size"":0.00319932,""num_orders"":1},{""price"":62185.0,""size"":0.03415019,""num_orders"":2}]","[{""price"":62189.61,""size"":0.75103206,""num_orders"":6},{""price"":62189.62,""size"":2.9e-07,""num_orders"":1},{""price"":62189.64,""size"":3.1e-07,""num_orders"":1},{""price"":62189.84,""size"":0.00211972,""num_orders"":1},{""price"":62189.97,""size"":0.39336683,""num_orders"":1},{""price"":62189.98,""size"":0.12863808,""num_orders"":1},{""price"":62189.99,""size"":0.09631298,""num_orders"":1},{""price"":62190.0,""size"":0.0643,""num_orders"":1},{""price"":62190.44,""size"":0.02412685,""num_orders"":1},{""price"":62190.69,""size"":0.04824133,""num_orders"":1}]"
btc_usd_d10_20260708T122525Z,8,2026-07-08T12:33:25.745599Z,2026-07-08T12:33:25.745718Z,BTC-USD,10,ok,,132274888878,2026-07-08T12:33:24.629554431Z,0.36797579,1.04927549,-0.480719057809,62144.389999999999,62144.400000000001,62144.395000000004,0.010000000002,0.001609155581,"[{""price"":62144.39,""size"":0.13681156,""num_orders"":3},{""price"":62144.38,""size"":1.3e-07,""num_orders"":1},{""price"":62143.21,""size"":0.04834027,""num_orders"":1},{""price"":62142.59,""size"":0.0001235,""num_orders"":2},{""price"":62142.0,""size"":0.0643,""num_orders"":1},{""price"":62141.5,""size"":1.8e-05,""num_orders"":1},{""price"":62141.28,""size"":0.00804618,""num_orders"":1},{""price"":62140.79,""size"":0.09631298,""num_orders"":1},{""price"":62140.04,""size"":0.00402317,""num_orders"":1},{""price"":62140.0,""size"":0.01,""num_orders"":1}]","[{""price"":62144.4,""size"":0.23328803,""num_orders"":4},{""price"":62144.89,""size"":0.00319954,""num_orders"":1},{""price"":62144.9,""size"":0.17263557,""num_orders"":2},{""price"":62145.9,""size"":0.25722466,""num_orders"":2},{""price"":62145.96,""size"":0.05632044,""num_orders"":1},{""price"":62146.91,""size"":0.001656,""num_orders"":1},{""price"":62147.49,""size"":0.04826738,""num_orders"":1},{""price"":62147.98,""size"":0.04834027,""num_orders"":1},{""price"":62147.99,""size"":0.1640436,""num_orders"":2},{""price"":62148.0,""size"":0.0643,""num_orders"":1}]"
btc_usd_d10_20260708T122525Z,9,2026-07-08T12:34:25.745599Z,2026-07-08T12:34:25.745741Z,BTC-USD,10,ok,,132274952544,2026-07-08T12:34:24.332410932Z,0.23406859,1.16904121,-0.666357415507,62090.290000000001,62090.300000000003,62090.294999999998,0.010000000002,0.001610557657,"[{""price"":62090.29,""size"":0.00402652,""num_orders"":2},{""price"":62090.28,""size"":1.3e-07,""num_orders"":1},{""price"":62090.27,""size"":1.4e-07,""num_orders"":1},{""price"":62087.19,""size"":0.01613482,""num_orders"":3},{""price"":62086.01,""size"":0.0031995,""num_orders"":1},{""price"":62086.0,""size"":0.0643,""num_orders"":1},{""price"":62085.28,""size"":3.93e-05,""num_orders"":1},{""price"":62085.23,""size"":0.00014193,""num_orders"":1},{""price"":62085.03,""size"":0.14465325,""num_orders"":2},{""price"":62084.67,""size"":0.001573,""num_orders"":1}]","[{""price"":62090.3,""size"":0.39602224,""num_orders"":7},{""price"":62091.98,""size"":0.02,""num_orders"":1},{""price"":62091.99,""size"":0.37189656,""num_orders"":1},{""price"":62092.0,""size"":0.0643,""num_orders"":1},{""price"":62092.21,""size"":0.1312,""num_orders"":1},{""price"":62092.71,""size"":0.023,""num_orders"":1},{""price"":62092.91,""size"":0.16104899,""num_orders"":1},{""price"":62093.41,""size"":2e-07,""num_orders"":1},{""price"":62093.42,""size"":2.2e-07,""num_orders"":1},{""price"":62093.67,""size"":0.001573,""num_orders"":1}]"
btc_usd_d10_20260708T122525Z,10,2026-07-08T12:35:25.745599Z,2026-07-08T12:35:25.745735Z,BTC-USD,10,ok,,132275001954,2026-07-08T12:35:23.546000674Z,1.11691074,0.3541083,0.518553750331,62089.699999999997,62089.709999999999,62089.705000000002,0.010000000002,0.001610572961,"[{""price"":62089.7,""size"":0.53251009,""num_orders"":12},{""price"":62089.68,""size"":1.2e-07,""num_orders"":1},{""price"":62089.39,""size"":0.18766018,""num_orders"":2},{""price"":62089.38,""size"":0.09631298,""num_orders"":1},{""price"":62089.27,""size"":0.12884673,""num_orders"":1},{""price"":62088.94,""size"":0.03,""num_orders"":1},{""price"":62088.92,""size"":0.03,""num_orders"":1},{""price"":62088.14,""size"":0.05637005,""num_orders"":1},{""price"":62088.0,""size"":0.0536,""num_orders"":1},{""price"":62087.95,""size"":0.00161059,""num_orders"":1}]","[{""price"":62089.71,""size"":0.06462287,""num_orders"":2},{""price"":62089.72,""size"":2.4e-07,""num_orders"":1},{""price"":62089.73,""size"":2.5e-07,""num_orders"":1},{""price"":62090.13,""size"":0.00080528,""num_orders"":1},{""price"":62091.52,""size"":0.001631,""num_orders"":1},{""price"":62094.0,""size"":0.0536,""num_orders"":1},{""price"":62095.52,""size"":0.12883377,""num_orders"":1},{""price"":62095.97,""size"":0.00267462,""num_orders"":1},{""price"":62095.98,""size"":0.04834027,""num_orders"":1},{""price"":62096.0,""size"":0.0536,""num_orders"":1}]"
btc_usd_d10_20260708T122525Z,11,2026-07-08T12:36:25.745599Z,2026-07-08T12:36:25.745706Z,BTC-USD,10,ok,,132275066869,2026-07-08T12:36:24.160228607Z,0.26581207,0.7059222,-0.452912018838,62067.550000000003,62067.559999999998,62067.555,0.009999999995,0.001611147724,"[{""price"":62067.55,""size"":0.07554518,""num_orders"":3},{""price"":62066.85,""size"":0.00159939,""num_orders"":1},{""price"":62066.83,""size"":1.5e-07,""num_orders"":1},{""price"":62066.82,""size"":1.6e-07,""num_orders"":1},{""price"":62065.14,""size"":0.02486074,""num_orders"":1},{""price"":62064.27,""size"":0.00158,""num_orders"":1},{""price"":62064.17,""size"":0.06064445,""num_orders"":1},{""price"":62064.16,""size"":0.02,""num_orders"":1},{""price"":62064.0,""size"":0.0536,""num_orders"":1},{""price"":62063.39,""size"":0.027982,""num_orders"":1}]","[{""price"":62067.56,""size"":0.02418021,""num_orders"":1},{""price"":62068.02,""size"":0.12889085,""num_orders"":1},{""price"":62069.32,""size"":0.0002769,""num_orders"":4},{""price"":62069.44,""size"":0.20326316,""num_orders"":1},{""price"":62069.45,""size"":0.12888789,""num_orders"":1},{""price"":62069.94,""size"":0.02215243,""num_orders"":4},{""price"":62070.0,""size"":0.0536,""num_orders"":1},{""price"":62070.29,""size"":0.09631298,""num_orders"":1},{""price"":62071.19,""size"":0.04833978,""num_orders"":1},{""price"":62071.2,""size"":1.8e-05,""num_orders"":1}]"
btc_usd_d10_20260708T122525Z,12,2026-07-08T12:37:25.745599Z,2026-07-08T12:37:25.745729Z,BTC-USD,10,ok,,132275115793,2026-07-08T12:37:25.083240138Z,0.6494227,0.92175648,-0.173330822777,62072.949999999997,62072.959999999999,62072.955000000002,0.010000000002,0.001611007564,"[{""price"":62072.95,""size"":0.05638316,""num_orders"":1},{""price"":62071.54,""size"":0.07455579,""num_orders"":1},{""price"":62071.53,""size"":0.0704786,""num_orders"":1},{""price"":62070.34,""size"":0.00080547,""num_orders"":1},{""price"":62070.0,""size"":0.0536,""num_orders"":1},{""price"":62069.24,""size"":0.09631298,""num_orders"":1},{""price"":62069.23,""size"":0.22626477,""num_orders"":1},{""price"":62068.0,""size"":0.0536,""num_orders"":1},{""price"":62067.97,""size"":0.01740393,""num_orders"":1},{""price"":62067.5,""size"":1.8e-05,""num_orders"":1}]","[{""price"":62072.96,""size"":0.20624,""num_orders"":2},{""price"":62073.45,""size"":0.00159977,""num_orders"":1},{""price"":62073.46,""size"":0.12887956,""num_orders"":1},{""price"":62074.0,""size"":0.0536,""num_orders"":1},{""price"":62075.2,""size"":0.04833015,""num_orders"":1},{""price"":62075.91,""size"":0.09631298,""num_orders"":1},{""price"":62075.97,""size"":0.001559,""num_orders"":1},{""price"":62075.99,""size"":0.2027607,""num_orders"":1},{""price"":62076.0,""size"":0.0536,""num_orders"":1},{""price"":62076.05,""size"":0.12887432,""num_orders"":2}]"
btc_usd_d10_20260708T122525Z,13,2026-07-08T12:38:25.745599Z,2026-07-08T12:38:25.745725Z,BTC-USD,10,ok,,132275154440,2026-07-08T12:38:23.337397006Z,0.58108471,0.4629457,0.113156675197,62071.32,62071.330000000002,62071.324999999997,0.010000000002,0.001611049869,"[{""price"":62071.32,""size"":0.19548431,""num_orders"":3},{""price"":62071.31,""size"":2.7e-07,""num_orders"":2},{""price"":62071.3,""size"":1.2e-07,""num_orders"":1},{""price"":62070.01,""size"":0.0319992,""num_orders"":1},{""price"":62070.0,""size"":0.0536,""num_orders"":1},{""price"":62069.02,""size"":0.00083702,""num_orders"":2},{""price"":62068.25,""size"":0.18068118,""num_orders"":1},{""price"":62068.24,""size"":0.09631298,""num_orders"":1},{""price"":62068.22,""size"":0.02215304,""num_orders"":4},{""price"":62068.13,""size"":1.659e-05,""num_orders"":1}]","[{""price"":62071.33,""size"":0.08357525,""num_orders"":3},{""price"":62071.35,""size"":4.6e-07,""num_orders"":2},{""price"":62072.35,""size"":0.00319954,""num_orders"":1},{""price"":62072.36,""size"":0.12888185,""num_orders"":1},{""price"":62072.61,""size"":0.00098888,""num_orders"":1},{""price"":62072.88,""size"":0.05638674,""num_orders"":1},{""price"":62073.96,""size"":0.02,""num_orders"":1},{""price"":62074.0,""size"":0.0536,""num_orders"":1},{""price"":62074.47,""size"":0.02,""num_orders"":1},{""price"":62074.48,""size"":0.09631298,""num_orders"":1}]"
btc_usd_d10_20260708T122525Z,14,2026-07-08T12:39:25.745599Z,2026-07-08T12:39:25.745723Z,BTC-USD,10,ok,,132275187046,2026-07-08T12:39:25.344480198Z,1.38103487,0.36948641,0.577855563115,62095.639999999999,62095.650000000001,62095.645000000004,0.010000000002,0.001610418895,"[{""price"":62095.64,""size"":0.93233919,""num_orders"":16},{""price"":62095.63,""size"":1.3e-07,""num_orders"":1},{""price"":62095.62,""size"":1.2e-07,""num_orders"":1},{""price"":62095.6,""size"":0.04831442,""num_orders"":1},{""price"":62095.41,""size"":0.00319954,""num_orders"":1},{""price"":62095.4,""size"":0.128834,""num_orders"":1},{""price"":62094.01,""size"":0.16638688,""num_orders"":1},{""price"":62094.0,""size"":0.0536,""num_orders"":1},{""price"":62093.39,""size"":1.7e-07,""num_orders"":1},{""price"":62093.02,""size"":0.04836042,""num_orders"":1}]","[{""price"":62095.65,""size"":0.08884799,""num_orders"":3},{""price"":62095.66,""size"":2.9e-07,""num_orders"":1},{""price"":62095.67,""size"":3e-07,""num_orders"":1},{""price"":62097.21,""size"":0.05636466,""num_orders"":1},{""price"":62097.76,""size"":0.019,""num_orders"":1},{""price"":62098.13,""size"":0.00027678,""num_orders"":4},{""price"":62098.75,""size"":0.02214215,""num_orders"":4},{""price"":62099.29,""size"":0.04836042,""num_orders"":1},{""price"":62099.3,""size"":0.07045582,""num_orders"":1},{""price"":62099.64,""size"":0.064038,""num_orders"":1}]"
btc_usd_d10_20260708T122525Z,15,2026-07-08T12:40:25.745599Z,2026-07-08T12:40:25.745729Z,BTC-USD,10,ok,,132275226190,2026-07-08T12:40:24.043705823Z,0.53891037,1.00386493,-0.301375423887,62082.300000000003,62082.309999999998,62082.305,0.009999999995,0.001610764935,"[{""price"":62082.3,""size"":1.8e-05,""num_orders"":1},{""price"":62080.1,""size"":0.00805411,""num_orders"":1},{""price"":62079.48,""size"":7.598e-05,""num_orders"":1},{""price"":62078.6,""size"":1.8e-05,""num_orders"":1},{""price"":62078.05,""size"":0.2501616,""num_orders"":1},{""price"":62078.04,""size"":0.09631298,""num_orders"":1},{""price"":62078.0,""size"":0.0536,""num_orders"":1},{""price"":62077.96,""size"":0.12887021,""num_orders"":1},{""price"":62077.52,""size"":0.00015349,""num_orders"":1},{""price"":62076.69,""size"":0.001646,""num_orders"":1}]","[{""price"":62082.31,""size"":0.31365037,""num_orders"":6},{""price"":62083.21,""size"":0.12885931,""num_orders"":1},{""price"":62083.98,""size"":0.04832199,""num_orders"":1},{""price"":62084.0,""size"":0.0536,""num_orders"":1},{""price"":62085.16,""size"":0.1610691,""num_orders"":1},{""price"":62085.65,""size"":0.03493233,""num_orders"":1},{""price"":62086.62,""size"":0.001554,""num_orders"":1},{""price"":62086.75,""size"":0.00159977,""num_orders"":1},{""price"":62086.76,""size"":0.16396508,""num_orders"":1},{""price"":62086.77,""size"":0.09631298,""num_orders"":1}]"
btc_usd_d10_20260708T122525Z,16,2026-07-08T12:41:25.745599Z,2026-07-08T12:41:25.745734Z,BTC-USD,10,ok,,132275268934,2026-07-08T12:41:25.130823282Z,0.51156104,1.12240208,-0.373840163541,62045.900000000001,62045.910000000003,62045.904999999999,0.010000000002,0.001611709911,"[{""price"":62045.9,""size"":0.01410247,""num_orders"":3},{""price"":62045.3,""size"":1.8e-05,""num_orders"":1},{""price"":62043.2,""size"":0.0484364,""num_orders"":2},{""price"":62042.85,""size"":0.1,""num_orders"":1},{""price"":62041.6,""size"":1.8e-05,""num_orders"":1},{""price"":62041.22,""size"":0.12894652,""num_orders"":1},{""price"":62041.21,""size"":0.00015196,""num_orders"":1},{""price"":62040.8,""size"":0.00644859,""num_orders"":1},{""price"":62040.0,""size"":0.01,""num_orders"":1},{""price"":62039.7,""size"":0.2034391,""num_orders"":1}]","[{""price"":62045.91,""size"":0.4062872,""num_orders"":6},{""price"":62045.94,""size"":0.12893673,""num_orders"":1},{""price"":62046.0,""size"":0.0509,""num_orders"":1},{""price"":62046.22,""size"":0.04834512,""num_orders"":1},{""price"":62048.21,""size"":0.1312,""num_orders"":1},{""price"":62048.62,""size"":0.12893116,""num_orders"":1},{""price"":62048.99,""size"":0.02418021,""num_orders"":1},{""price"":62049.0,""size"":0.05640843,""num_orders"":1},{""price"":62049.01,""size"":0.09631323,""num_orders"":2},{""price"":62050.0,""size"":0.0509,""num_orders"":1}]"
btc_usd_d10_20260708T122525Z,17,2026-07-08T12:42:25.745599Z,2026-07-08T12:42:25.745744Z,BTC-USD,10,ok,,132275309042,2026-07-08T12:42:24.689974373Z,0.55513047,0.54040567,0.013440725013,62065.989999999998,62066,62065.994999999995,0.010000000002,0.00161118822,"[{""price"":62065.99,""size"":0.13680361,""num_orders"":3},{""price"":62065.98,""size"":1.3e-07,""num_orders"":1},{""price"":62065.97,""size"":1.5e-07,""num_orders"":1},{""price"":62064.52,""size"":1.4e-07,""num_orders"":1},{""price"":62064.44,""size"":0.05639158,""num_orders"":1},{""price"":62064.18,""size"":0.12889882,""num_orders"":1},{""price"":62063.92,""size"":0.00141761,""num_orders"":1},{""price"":62063.6,""size"":1.5e-07,""num_orders"":1},{""price"":62062.34,""size"":0.07048948,""num_orders"":1},{""price"":62062.14,""size"":0.1611288,""num_orders"":1}]","[{""price"":62066.0,""size"":0.20608432,""num_orders"":4},{""price"":62066.01,""size"":2e-07,""num_orders"":1},{""price"":62066.03,""size"":2.2e-07,""num_orders"":1},{""price"":62067.5,""size"":1.8e-05,""num_orders"":1},{""price"":62067.55,""size"":0.05639158,""num_orders"":1},{""price"":62067.94,""size"":0.001632,""num_orders"":1},{""price"":62068.0,""size"":0.0508,""num_orders"":1},{""price"":62068.48,""size"":0.00027692,""num_orders"":4},{""price"":62068.69,""size"":0.09631298,""num_orders"":1},{""price"":62068.7,""size"":0.12888945,""num_orders"":1}]"
btc_usd_d10_20260708T122525Z,18,2026-07-08T12:43:25.745599Z,2026-07-08T12:43:25.745730Z,BTC-USD,10,ok,,132275343398,2026-07-08T12:43:23.506739005Z,0.54128571,0.25843087,0.35369385489,62042.199999999997,62042.209999999999,62042.205000000002,0.010000000002,0.001611806028,"[{""price"":62042.2,""size"":0.13123391,""num_orders"":3},{""price"":62042.01,""size"":1e-07,""num_orders"":1},{""price"":62041.6,""size"":1.8e-05,""num_orders"":1},{""price"":62041.01,""size"":0.07793642,""num_orders"":1},{""price"":62041.0,""size"":0.12894697,""num_orders"":1},{""price"":62040.32,""size"":0.0015998,""num_orders"":1},{""price"":62040.0,""size"":0.0481,""num_orders"":1},{""price"":62039.71,""size"":0.00387143,""num_orders"":1},{""price"":62039.59,""size"":0.12741564,""num_orders"":1},{""price"":62039.1,""size"":0.02216344,""num_orders"":4}]","[{""price"":62042.21,""size"":0.10476957,""num_orders"":3},{""price"":62042.22,""size"":3.5e-07,""num_orders"":1},{""price"":62042.23,""size"":4e-07,""num_orders"":1},{""price"":62043.76,""size"":0.05641321,""num_orders"":1},{""price"":62043.89,""size"":0.01395505,""num_orders"":1},{""price"":62044.02,""size"":0.0008059,""num_orders"":1},{""price"":62044.03,""size"":0.04836042,""num_orders"":1},{""price"":62045.41,""size"":0.00159974,""num_orders"":1},{""price"":62045.42,""size"":0.03093923,""num_orders"":1},{""price"":62045.72,""size"":0.001587,""num_orders"":1}]"
btc_usd_d10_20260708T122525Z,19,2026-07-08T12:44:25.745599Z,2026-07-08T12:44:25.745751Z,BTC-USD,10,ok,,132275382111,2026-07-08T12:44:25.129744768Z,0.52381833,1.24050372,-0.406210073722,62045.269999999997,62045.279999999999,62045.274999999994,0.010000000002,0.001611726276,"[{""price"":62045.27,""size"":0.07778383,""num_orders"":4},{""price"":62045.25,""size"":1.1e-07,""num_orders"":1},{""price"":62043.72,""size"":0.05641041,""num_orders"":1},{""price"":62042.14,""size"":0.00805904,""num_orders"":1},{""price"":62042.13,""size"":0.00402952,""num_orders"":1},{""price"":62041.62,""size"":0.03135675,""num_orders"":1},{""price"":62041.6,""size"":1.66e-05,""num_orders"":1},{""price"":62039.07,""size"":0.18694707,""num_orders"":2},{""price"":62039.06,""size"":0.1312,""num_orders"":1},{""price"":62038.55,""size"":0.028015,""num_orders"":1}]","[{""price"":62045.28,""size"":0.39232059,""num_orders"":11},{""price"":62045.29,""size"":2.7e-07,""num_orders"":1},{""price"":62045.3,""size"":2.8e-07,""num_orders"":1},{""price"":62045.31,""size"":0.00319954,""num_orders"":1},{""price"":62045.32,""size"":0.02418021,""num_orders"":1},{""price"":62045.34,""size"":0.48874149,""num_orders"":2},{""price"":62045.35,""size"":0.12893795,""num_orders"":1},{""price"":62045.98,""size"":0.09631298,""num_orders"":1},{""price"":62046.0,""size"":0.0504,""num_orders"":1},{""price"":62046.83,""size"":0.05641041,""num_orders"":1}]"
btc_usd_d10_20260708T122525Z,20,2026-07-08T12:45:25.745599Z,2026-07-08T12:45:25.745731Z,BTC-USD,10,ok,,132275414576,2026-07-08T12:45:25.157722867Z,0.93124796,1.01412072,-0.042600027877,62023.099999999999,62023.110000000001,62023.104999999996,0.010000000002,0.001612302383,"[{""price"":62023.1,""size"":0.05037465,""num_orders"":3},{""price"":62020.0,""size"":0.51410836,""num_orders"":4},{""price"":62019.4,""size"":1.8e-05,""num_orders"":1},{""price"":62018.27,""size"":8e-08,""num_orders"":1},{""price"":62018.03,""size"":0.13348381,""num_orders"":2},{""price"":62018.02,""size"":0.04836908,""num_orders"":1},{""price"":62018.0,""size"":0.0536,""num_orders"":1},{""price"":62017.07,""size"":7.598e-05,""num_orders"":1},{""price"":62016.89,""size"":0.1312,""num_orders"":1},{""price"":62015.7,""size"":1.8e-05,""num_orders"":1}]","[{""price"":62023.11,""size"":0.38424172,""num_orders"":9},{""price"":62023.12,""size"":3.8e-07,""num_orders"":1},{""price"":62023.35,""size"":0.00166837,""num_orders"":1},{""price"":62023.36,""size"":0.12898366,""num_orders"":1},{""price"":62023.98,""size"":0.02418067,""num_orders"":1},{""price"":62024.0,""size"":0.0536,""num_orders"":1},{""price"":62024.63,""size"":0.06697672,""num_orders"":1},{""price"":62024.66,""size"":0.05643058,""num_orders"":1},{""price"":62024.88,""size"":0.06697672,""num_orders"":1},{""price"":62024.97,""size"":0.2310619,""num_orders"":1}]"
btc_usd_d10_20260708T122525Z,21,2026-07-08T12:46:25.745599Z,2026-07-08T12:46:25.745744Z,BTC-USD,10,ok,,132275454685,2026-07-08T12:46:23.047514269Z,0.64800765,0.79791552,-0.103676234748,62039.029999999999,62039.040000000001,62039.035000000003,0.010000000002,0.001611888386,"[{""price"":62039.03,""size"":0.12310627,""num_orders"":3},{""price"":62039.02,""size"":1.4e-07,""num_orders"":1},{""price"":62039.01,""size"":1.5e-07,""num_orders"":1},{""price"":62037.61,""size"":0.0036599,""num_orders"":1},{""price"":62037.48,""size"":0.05641609,""num_orders"":1},{""price"":62037.17,""size"":1.5e-07,""num_orders"":1},{""price"":62036.05,""size"":0.25089407,""num_orders"":1},{""price"":62036.04,""size"":0.09631298,""num_orders"":1},{""price"":62036.01,""size"":0.04836908,""num_orders"":1},{""price"":62035.38,""size"":0.06924882,""num_orders"":1}]","[{""price"":62039.04,""size"":0.42284966,""num_orders"":8},{""price"":62039.05,""size"":2e-07,""num_orders"":1},{""price"":62039.06,""size"":2.1e-07,""num_orders"":1},{""price"":62039.08,""size"":0.00319954,""num_orders"":1},{""price"":62039.09,""size"":0.12895096,""num_orders"":1},{""price"":62039.96,""size"":0.12894916,""num_orders"":1},{""price"":62040.0,""size"":0.0536,""num_orders"":1},{""price"":62040.59,""size"":0.05641609,""num_orders"":1},{""price"":62041.05,""size"":0.00379859,""num_orders"":1},{""price"":62041.52,""size"":0.00015111,""num_orders"":2}]"
btc_usd_d10_20260708T122525Z,22,2026-07-08T12:47:25.745599Z,2026-07-08T12:47:25.745744Z,BTC-USD,10,ok,,132275496539,2026-07-08T12:47:25.015683932Z,0.613524,1.13401899,-0.297843883085,62023.860000000001,62023.870000000003,62023.865000000005,0.010000000002,0.001612282627,"[{""price"":62023.86,""size"":0.05667593,""num_orders"":3},{""price"":62023.85,""size"":0.05662392,""num_orders"":2},{""price"":62023.84,""size"":1.1e-07,""num_orders"":1},{""price"":62023.0,""size"":0.04678807,""num_orders"":1},{""price"":62020.76,""size"":0.00201545,""num_orders"":1},{""price"":62020.22,""size"":0.04837147,""num_orders"":1},{""price"":62020.21,""size"":0.03946784,""num_orders"":1},{""price"":62020.04,""size"":0.0001,""num_orders"":1},{""price"":62020.03,""size"":0.00650627,""num_orders"":2},{""price"":62020.02,""size"":0.35697494,""num_orders"":1}]","[{""price"":62023.87,""size"":0.61010811,""num_orders"":10},{""price"":62023.89,""size"":4.2e-07,""num_orders"":2},{""price"":62024.79,""size"":0.00080615,""num_orders"":1},{""price"":62025.41,""size"":0.00159977,""num_orders"":1},{""price"":62025.42,""size"":0.05642989,""num_orders"":1},{""price"":62025.97,""size"":0.09631298,""num_orders"":1},{""price"":62025.98,""size"":0.2651522,""num_orders"":1},{""price"":62025.99,""size"":0.04837147,""num_orders"":1},{""price"":62026.0,""size"":0.0536,""num_orders"":1},{""price"":62027.1,""size"":0.001638,""num_orders"":1}]"
btc_usd_d10_20260708T122525Z,23,2026-07-08T12:48:25.745599Z,2026-07-08T12:48:25.745779Z,BTC-USD,10,ok,,132275527697,2026-07-08T12:48:23.345586912Z,0.57637559,0.62987287,-0.044350133305,62052.68,62052.690000000002,62052.684999999998,0.010000000002,0.001611533812,"[{""price"":62052.68,""size"":0.21970106,""num_orders"":3},{""price"":62052.67,""size"":2.5e-07,""num_orders"":1},{""price"":62052.66,""size"":1.6e-07,""num_orders"":1},{""price"":62050.5,""size"":1.5e-07,""num_orders"":1},{""price"":62050.01,""size"":0.03296216,""num_orders"":1},{""price"":62050.0,""size"":0.0536,""num_orders"":1},{""price"":62049.78,""size"":0.001613,""num_orders"":1},{""price"":62048.46,""size"":0.11858583,""num_orders"":2},{""price"":62048.45,""size"":0.09631298,""num_orders"":1},{""price"":62048.0,""size"":0.0536,""num_orders"":1}]","[{""price"":62052.69,""size"":0.13176797,""num_orders"":6},{""price"":62052.7,""size"":0.18028229,""num_orders"":2},{""price"":62052.71,""size"":4e-07,""num_orders"":2},{""price"":62052.75,""size"":0.12892257,""num_orders"":1},{""price"":62054.24,""size"":0.00265877,""num_orders"":1},{""price"":62054.85,""size"":1.2e-06,""num_orders"":1},{""price"":62055.17,""size"":0.00027698,""num_orders"":4},{""price"":62055.18,""size"":0.00265877,""num_orders"":1},{""price"":62055.36,""size"":0.16114643,""num_orders"":1},{""price"":62055.79,""size"":0.02215749,""num_orders"":4}]"
btc_usd_d10_20260708T122525Z,24,2026-07-08T12:49:25.745599Z,2026-07-08T12:49:25.745726Z,BTC-USD,10,ok,,132275566068,2026-07-08T12:49:25.044007698Z,0.15420113,0.82188981,-0.684043517503,62012.599999999999,62012.610000000001,62012.604999999996,0.010000000002,0.001612575379,"[{""price"":62012.6,""size"":3.953e-05,""num_orders"":2},{""price"":62012.59,""size"":1e-07,""num_orders"":1},{""price"":62012.58,""size"":1e-07,""num_orders"":1},{""price"":62012.0,""size"":1.8e-05,""num_orders"":1},{""price"":62011.99,""size"":0.00159324,""num_orders"":1},{""price"":62010.01,""size"":0.04572462,""num_orders"":1},{""price"":62010.0,""size"":0.05439664,""num_orders"":2},{""price"":62009.62,""size"":1.999e-05,""num_orders"":1},{""price"":62009.5,""size"":0.00403164,""num_orders"":1},{""price"":62008.84,""size"":0.04837727,""num_orders"":1}]","[{""price"":62012.61,""size"":0.21998374,""num_orders"":7},{""price"":62012.62,""size"":0.19818325,""num_orders"":3},{""price"":62012.64,""size"":0.03000026,""num_orders"":2},{""price"":62013.09,""size"":0.12900504,""num_orders"":1},{""price"":62013.11,""size"":0.00265865,""num_orders"":1},{""price"":62014.16,""size"":0.05644013,""num_orders"":1},{""price"":62014.29,""size"":0.00175625,""num_orders"":1},{""price"":62014.73,""size"":0.01699934,""num_orders"":1},{""price"":62014.81,""size"":0.09631298,""num_orders"":1},{""price"":62016.26,""size"":0.07055017,""num_orders"":1}]"
btc_usd_d10_20260708T122525Z,25,2026-07-08T12:50:25.745599Z,2026-07-08T12:50:25.745727Z,BTC-USD,10,ok,,132275610488,2026-07-08T12:50:23.082157337Z,0.34729175,0.72689391,-0.353385987298,62014.550000000003,62014.559999999998,62014.555,0.009999999995,0.001612524672,"[{""price"":62014.55,""size"":0.01294908,""num_orders"":2},{""price"":62014.54,""size"":2.7e-07,""num_orders"":2},{""price"":62014.53,""size"":1.5e-07,""num_orders"":1},{""price"":62013.99,""size"":1.4e-07,""num_orders"":1},{""price"":62013.24,""size"":0.0030653,""num_orders"":1},{""price"":62012.04,""size"":0.00236381,""num_orders"":1},{""price"":62012.03,""size"":0.09631298,""num_orders"":1},{""price"":62012.02,""size"":0.17892171,""num_orders"":1},{""price"":62012.0,""size"":0.053618,""num_orders"":2},{""price"":62011.93,""size"":6.031e-05,""num_orders"":2}]","[{""price"":62014.56,""size"":0.33169639,""num_orders"":4},{""price"":62014.57,""size"":2e-07,""num_orders"":1},{""price"":62016.21,""size"":0.00083573,""num_orders"":1},{""price"":62016.22,""size"":0.05643855,""num_orders"":1},{""price"":62016.49,""size"":0.12899795,""num_orders"":1},{""price"":62016.84,""size"":0.001564,""num_orders"":1},{""price"":62016.95,""size"":0.04837846,""num_orders"":1},{""price"":62017.04,""size"":0.00017636,""num_orders"":3},{""price"":62017.66,""size"":0.01410888,""num_orders"":3},{""price"":62017.99,""size"":0.14469739,""num_orders"":2}]"
btc_usd_d10_20260708T122525Z,26,2026-07-08T12:51:25.745599Z,2026-07-08T12:51:25.745743Z,BTC-USD,10,ok,,132275658021,2026-07-08T12:51:24.542660768Z,0.87881607,0.40579684,0.368219271594,62052.699999999997,62052.709999999999,62052.705000000002,0.010000000002,0.001611533293,"[{""price"":62052.7,""size"":2.647e-05,""num_orders"":4},{""price"":62052.68,""size"":1.9e-07,""num_orders"":1},{""price"":62052.1,""size"":0.1939808,""num_orders"":1},{""price"":62052.09,""size"":0.09631298,""num_orders"":1},{""price"":62052.0,""size"":0.0536,""num_orders"":1},{""price"":62050.01,""size"":0.09631298,""num_orders"":1},{""price"":62050.0,""size"":0.0636,""num_orders"":2},{""price"":62049.39,""size"":0.27490875,""num_orders"":1},{""price"":62049.38,""size"":0.1,""num_orders"":1},{""price"":62049.28,""size"":7.39e-05,""num_orders"":1}]","[{""price"":62052.71,""size"":0.07072527,""num_orders"":2},{""price"":62052.72,""size"":1.9e-07,""num_orders"":1},{""price"":62052.73,""size"":2e-07,""num_orders"":1},{""price"":62054.25,""size"":0.00159993,""num_orders"":1},{""price"":62054.26,""size"":0.05640366,""num_orders"":1},{""price"":62054.9,""size"":0.00161106,""num_orders"":1},{""price"":62055.19,""size"":0.12919448,""num_orders"":5},{""price"":62055.81,""size"":0.02215747,""num_orders"":4},{""price"":62056.0,""size"":0.0536,""num_orders"":1},{""price"":62056.36,""size"":0.07050458,""num_orders"":1}]"
btc_usd_d10_20260708T122525Z,27,2026-07-08T12:52:25.745599Z,2026-07-08T12:52:25.745735Z,BTC-USD,10,ok,,132275703320,2026-07-08T12:52:24.168881517Z,0.23009622,1.1353924,-0.662983320945,62049,62049.010000000002,62049.005000000005,0.010000000002,0.001611629389,"[{""price"":62049.0,""size"":1.8e-05,""num_orders"":1},{""price"":62046.01,""size"":1.1e-07,""num_orders"":1},{""price"":62046.0,""size"":1.1e-07,""num_orders"":1},{""price"":62045.9,""size"":0.01208783,""num_orders"":2},{""price"":62045.3,""size"":0.00011547,""num_orders"":3},{""price"":62045.0,""size"":0.01801031,""num_orders"":2},{""price"":62042.0,""size"":0.0536,""num_orders"":1},{""price"":62041.6,""size"":1.8e-05,""num_orders"":1},{""price"":62041.3,""size"":0.14469739,""num_orders"":2},{""price"":62040.92,""size"":0.001549,""num_orders"":1}]","[{""price"":62049.01,""size"":0.63866346,""num_orders"":9},{""price"":62049.83,""size"":0.00080581,""num_orders"":1},{""price"":62049.99,""size"":0.00319954,""num_orders"":1},{""price"":62050.0,""size"":0.0536,""num_orders"":1},{""price"":62050.35,""size"":0.19052912,""num_orders"":1},{""price"":62050.36,""size"":0.12892753,""num_orders"":1},{""price"":62050.56,""size"":0.05640702,""num_orders"":1},{""price"":62050.63,""size"":0.00804992,""num_orders"":1},{""price"":62050.64,""size"":0.00161,""num_orders"":1},{""price"":62052.0,""size"":0.0536,""num_orders"":1}]"
btc_usd_d10_20260708T122525Z,28,2026-07-08T12:53:25.745599Z,2026-07-08T12:53:25.745718Z,BTC-USD,10,ok,,132275744562,2026-07-08T12:53:25.616340522Z,0.48527734,0.82941953,-0.261765428863,62034.199999999997,62034.209999999999,62034.205000000002,0.010000000002,0.001612013888,"[{""price"":62034.2,""size"":0.01224423,""num_orders"":4},{""price"":62034.18,""size"":1e-07,""num_orders"":1},{""price"":62032.0,""size"":0.0536,""num_orders"":1},{""price"":62031.64,""size"":0.00027018,""num_orders"":1},{""price"":62031.11,""size"":0.09631298,""num_orders"":1},{""price"":62031.1,""size"":0.0221663,""num_orders"":4},{""price"":62030.82,""size"":0.04838441,""num_orders"":1},{""price"":62030.5,""size"":1.8e-05,""num_orders"":1},{""price"":62030.01,""size"":0.18868114,""num_orders"":2},{""price"":62030.0,""size"":0.0636,""num_orders"":2}]","[{""price"":62034.21,""size"":0.34006448,""num_orders"":7},{""price"":62034.22,""size"":3e-07,""num_orders"":1},{""price"":62034.23,""size"":3.1e-07,""num_orders"":1},{""price"":62035.75,""size"":0.00209299,""num_orders"":1},{""price"":62035.76,""size"":0.05642048,""num_orders"":1},{""price"":62036.0,""size"":0.0536,""num_orders"":1},{""price"":62036.37,""size"":0.12895662,""num_orders"":1},{""price"":62036.69,""size"":0.04838441,""num_orders"":1},{""price"":62037.11,""size"":0.00154,""num_orders"":1},{""price"":62037.85,""size"":0.19835994,""num_orders"":1}]"
btc_usd_d10_20260708T122525Z,29,2026-07-08T12:54:25.745599Z,2026-07-08T12:54:25.745721Z,BTC-USD,10,ok,,132275771945,2026-07-08T12:54:24.845706980Z,1.22467585,0.69635117,0.275021993184,62048.989999999998,62049,62048.994999999995,0.010000000002,0.001611629649,"[{""price"":62048.99,""size"":0.89488001,""num_orders"":20},{""price"":62048.98,""size"":0.03000012,""num_orders"":2},{""price"":62048.97,""size"":1.3e-07,""num_orders"":1},{""price"":62048.96,""size"":0.03,""num_orders"":1},{""price"":62048.64,""size"":0.0648523,""num_orders"":1},{""price"":62048.0,""size"":0.0509,""num_orders"":1},{""price"":62047.99,""size"":0.00035327,""num_orders"":1},{""price"":62047.68,""size"":0.00097001,""num_orders"":1},{""price"":62047.44,""size"":0.05640703,""num_orders"":1},{""price"":62046.05,""size"":0.09631298,""num_orders"":1}]","[{""price"":62049.0,""size"":0.54335542,""num_orders"":3},{""price"":62049.01,""size"":1.9e-07,""num_orders"":1},{""price"":62049.03,""size"":1.8e-07,""num_orders"":1},{""price"":62050.49,""size"":3.3e-07,""num_orders"":1},{""price"":62050.5,""size"":3.4e-07,""num_orders"":1},{""price"":62051.48,""size"":0.00027698,""num_orders"":4},{""price"":62052.1,""size"":0.02215879,""num_orders"":4},{""price"":62052.7,""size"":1.8e-05,""num_orders"":1},{""price"":62053.35,""size"":0.001622,""num_orders"":1},{""price"":62054.5,""size"":0.12891894,""num_orders"":1}]"
btc_usd_d10_20260708T122525Z,30,2026-07-08T12:55:25.745599Z,2026-07-08T12:55:25.745743Z,BTC-USD,10,ok,,132275807613,2026-07-08T12:55:24.046971702Z,1.28585162,0.13373468,0.811586403729,62067.489999999998,62067.5,62067.494999999995,0.010000000002,0.001611149282,"[{""price"":62067.49,""size"":0.67746968,""num_orders"":6},{""price"":62066.31,""size"":0.22520737,""num_orders"":2},{""price"":62066.27,""size"":0.00010178,""num_orders"":2},{""price"":62066.25,""size"":1.9e-07,""num_orders"":1},{""price"":62066.0,""size"":0.0536,""num_orders"":1},{""price"":62064.73,""size"":0.00319926,""num_orders"":1},{""price"":62064.72,""size"":0.05639133,""num_orders"":1},{""price"":62064.4,""size"":0.09631298,""num_orders"":1},{""price"":62063.81,""size"":0.15886481,""num_orders"":1},{""price"":62063.79,""size"":0.01470422,""num_orders"":1}]","[{""price"":62067.5,""size"":1.8e-05,""num_orders"":1},{""price"":62068.76,""size"":7.552e-05,""num_orders"":2},{""price"":62069.38,""size"":0.00604163,""num_orders"":2},{""price"":62070.0,""size"":0.0054768,""num_orders"":1},{""price"":62070.49,""size"":0.001579,""num_orders"":1},{""price"":62071.2,""size"":1.8e-05,""num_orders"":1},{""price"":62071.38,""size"":0.04833937,""num_orders"":1},{""price"":62071.5,""size"":0.07207136,""num_orders"":1},{""price"":62074.63,""size"":9.7e-05,""num_orders"":1},{""price"":62074.9,""size"":1.8e-05,""num_orders"":1}]"
btc_usd_d10_20260708T122525Z,31,2026-07-08T12:56:25.745599Z,2026-07-08T12:56:25.745731Z,BTC-USD,10,ok,,132275870152,2026-07-08T12:56:25.684736235Z,0.34794986,0.61720011,-0.278972448189,62070.620000000003,62070.629999999997,62070.625,0.009999999995,0.001611068037,"[{""price"":62070.62,""size"":0.00011899,""num_orders"":2},{""price"":62070.61,""size"":0.00099563,""num_orders"":3},{""price"":62070.6,""size"":1.2e-07,""num_orders"":1},{""price"":62070.01,""size"":0.03053032,""num_orders"":1},{""price"":62070.0,""size"":0.0415,""num_orders"":1},{""price"":62069.8,""size"":0.001584,""num_orders"":1},{""price"":62068.9,""size"":0.00805556,""num_orders"":1},{""price"":62068.02,""size"":0.20956769,""num_orders"":2},{""price"":62068.0,""size"":0.0415,""num_orders"":1},{""price"":62067.52,""size"":0.01409755,""num_orders"":3}]","[{""price"":62070.63,""size"":0.11142898,""num_orders"":3},{""price"":62070.64,""size"":0.04222404,""num_orders"":2},{""price"":62072.17,""size"":0.0016,""num_orders"":1},{""price"":62072.18,""size"":0.05638738,""num_orders"":1},{""price"":62073.54,""size"":0.04838441,""num_orders"":1},{""price"":62073.99,""size"":0.09631298,""num_orders"":1},{""price"":62074.0,""size"":0.0415,""num_orders"":1},{""price"":62074.16,""size"":0.1288781,""num_orders"":1},{""price"":62074.28,""size"":0.07048422,""num_orders"":1},{""price"":62075.12,""size"":0.02,""num_orders"":1}]"
btc_usd_d10_20260708T122525Z,32,2026-07-08T12:57:25.745599Z,2026-07-08T12:57:25.745732Z,BTC-USD,10,ok,,132275978375,2026-07-08T12:57:23.047084574Z,1.11533343,0.28158154,0.596852283715,61963.529999999999,61963.540000000001,61963.535000000003,0.010000000002,0.001613852406,"[{""price"":61963.53,""size"":0.33060383,""num_orders"":12},{""price"":61963.52,""size"":2.8e-07,""num_orders"":2},{""price"":61963.51,""size"":1.4e-07,""num_orders"":1},{""price"":61963.14,""size"":0.04842075,""num_orders"":1},{""price"":61962.42,""size"":0.09676703,""num_orders"":1},{""price"":61962.41,""size"":0.28759742,""num_orders"":2},{""price"":61962.0,""size"":0.0373,""num_orders"":1},{""price"":61961.98,""size"":0.05648483,""num_orders"":1},{""price"":61960.89,""size"":0.16139212,""num_orders"":1},{""price"":61960.2,""size"":0.09676703,""num_orders"":1}]","[{""price"":61963.54,""size"":0.14328953,""num_orders"":2},{""price"":61963.6,""size"":0.00082873,""num_orders"":1},{""price"":61963.9,""size"":1.8e-05,""num_orders"":1},{""price"":61967.33,""size"":0.00159988,""num_orders"":1},{""price"":61967.36,""size"":0.04675464,""num_orders"":1},{""price"":61967.4,""size"":0.001645,""num_orders"":1},{""price"":61967.6,""size"":1.8e-05,""num_orders"":1},{""price"":61967.68,""size"":0.00170292,""num_orders"":1},{""price"":61968.0,""size"":0.0373,""num_orders"":1},{""price"":61969.71,""size"":0.04842484,""num_orders"":1}]"
btc_usd_d10_20260708T122525Z,33,2026-07-08T12:58:25.745599Z,2026-07-08T12:58:25.745727Z,BTC-USD,10,ok,,132276045061,2026-07-08T12:58:24.033640643Z,0.49626305,0.72407096,-0.186676686983,61925.959999999999,61925.970000000001,61925.964999999997,0.010000000002,0.001614831517,"[{""price"":61925.96,""size"":0.00807416,""num_orders"":1},{""price"":61925.45,""size"":0.09676703,""num_orders"":1},{""price"":61925.12,""size"":0.0484439,""num_orders"":1},{""price"":61924.06,""size"":0.04844375,""num_orders"":1},{""price"":61923.44,""size"":0.00015955,""num_orders"":1},{""price"":61923.38,""size"":0.1291919,""num_orders"":1},{""price"":61923.22,""size"":0.04417585,""num_orders"":1},{""price"":61923.2,""size"":1.8e-05,""num_orders"":1},{""price"":61922.8,""size"":0.02422188,""num_orders"":1},{""price"":61922.79,""size"":0.09676703,""num_orders"":1}]","[{""price"":61925.97,""size"":0.06934254,""num_orders"":4},{""price"":61925.99,""size"":0.00159977,""num_orders"":1},{""price"":61926.0,""size"":0.08940582,""num_orders"":2},{""price"":61926.22,""size"":0.03,""num_orders"":1},{""price"":61926.24,""size"":0.03,""num_orders"":1},{""price"":61926.91,""size"":0.19114,""num_orders"":1},{""price"":61928.0,""size"":0.0372,""num_orders"":1},{""price"":61929.14,""size"":0.10900459,""num_orders"":1},{""price"":61929.94,""size"":0.12917824,""num_orders"":1},{""price"":61930.0,""size"":0.0372,""num_orders"":1}]"
btc_usd_d10_20260708T122525Z,34,2026-07-08T12:59:25.745599Z,2026-07-08T12:59:25.745740Z,BTC-USD,10,ok,,132276100088,2026-07-08T12:59:23.832687027Z,0.86928022,0.22685022,0.586089005976,61899.699999999997,61899.709999999999,61899.705000000002,0.010000000002,0.001615516585,"[{""price"":61899.7,""size"":0.15383263,""num_orders"":5},{""price"":61899.68,""size"":1.1e-07,""num_orders"":1},{""price"":61899.18,""size"":0.09652911,""num_orders"":1},{""price"":61898.51,""size"":0.04514784,""num_orders"":1},{""price"":61898.2,""size"":0.03,""num_orders"":1},{""price"":61898.18,""size"":0.03,""num_orders"":1},{""price"":61898.17,""size"":0.05654246,""num_orders"":1},{""price"":61897.6,""size"":0.04846842,""num_orders"":1},{""price"":61897.59,""size"":0.09676703,""num_orders"":1},{""price"":61897.58,""size"":0.31199262,""num_orders"":1}]","[{""price"":61899.71,""size"":0.06357829,""num_orders"":4},{""price"":61899.72,""size"":2.8e-07,""num_orders"":1},{""price"":61899.73,""size"":2.9e-07,""num_orders"":1},{""price"":61899.8,""size"":0.03222382,""num_orders"":1},{""price"":61900.0,""size"":0.0431,""num_orders"":1},{""price"":61902.0,""size"":0.0431,""num_orders"":1},{""price"":61902.77,""size"":0.001648,""num_orders"":1},{""price"":61903.97,""size"":0.00319954,""num_orders"":1},{""price"":61903.98,""size"":0.02,""num_orders"":1},{""price"":61903.99,""size"":0.02,""num_orders"":1}]"
btc_usd_d10_20260708T122525Z,35,2026-07-08T13:00:25.745599Z,2026-07-08T13:00:25.745714Z,BTC-USD,10,ok,,132276151877,2026-07-08T13:00:22.843246551Z,1.58830079,0.38475168,0.60999346358,61904.690000000002,61904.699999999997,61904.695,0.009999999995,0.00161538636,"[{""price"":61904.69,""size"":0.59353295,""num_orders"":6},{""price"":61904.46,""size"":0.09676703,""num_orders"":1},{""price"":61904.45,""size"":0.40663517,""num_orders"":2},{""price"":61904.44,""size"":0.12923143,""num_orders"":1},{""price"":61904.15,""size"":0.03325,""num_orders"":1},{""price"":61904.0,""size"":0.0536,""num_orders"":1},{""price"":61902.78,""size"":0.12923488,""num_orders"":1},{""price"":61902.44,""size"":0.00080771,""num_orders"":1},{""price"":61902.32,""size"":0.04847459,""num_orders"":1},{""price"":61901.58,""size"":0.09676703,""num_orders"":1}]","[{""price"":61904.7,""size"":1.8e-05,""num_orders"":1},{""price"":61908.4,""size"":1.8e-05,""num_orders"":1},{""price"":61908.43,""size"":0.001634,""num_orders"":1},{""price"":61909.97,""size"":0.00216282,""num_orders"":1},{""price"":61909.98,""size"":0.09676703,""num_orders"":1},{""price"":61910.0,""size"":0.0636,""num_orders"":2},{""price"":61910.17,""size"":0.04847607,""num_orders"":1},{""price"":61910.18,""size"":0.08601264,""num_orders"":1},{""price"":61911.11,""size"":0.08601264,""num_orders"":1},{""price"":61911.33,""size"":5.048e-05,""num_orders"":1}]"
btc_usd_d10_20260708T122525Z,36,2026-07-08T13:01:25.745599Z,2026-07-08T13:01:25.745737Z,BTC-USD,10,ok,,132276224355,2026-07-08T13:01:24.098267919Z,0.3931778,0.43813247,-0.054076885156,61905.089999999997,61905.099999999999,61905.095000000001,0.010000000002,0.001615375924,"[{""price"":61905.09,""size"":9.44e-06,""num_orders"":2},{""price"":61904.17,""size"":0.00319954,""num_orders"":1},{""price"":61903.48,""size"":0.00040385,""num_orders"":1},{""price"":61903.32,""size"":0.03,""num_orders"":1},{""price"":61902.16,""size"":0.12923618,""num_orders"":1},{""price"":61901.04,""size"":0.00256867,""num_orders"":1},{""price"":61900.19,""size"":0.12924029,""num_orders"":1},{""price"":61900.0,""size"":0.0484,""num_orders"":1},{""price"":61898.22,""size"":0.001634,""num_orders"":1},{""price"":61898.03,""size"":0.04848583,""num_orders"":1}]","[{""price"":61905.1,""size"":0.10467047,""num_orders"":6},{""price"":61905.11,""size"":0.03892382,""num_orders"":1},{""price"":61905.12,""size"":0.03892382,""num_orders"":1},{""price"":61905.13,""size"":0.15872017,""num_orders"":2},{""price"":61905.14,""size"":3.01e-06,""num_orders"":2},{""price"":61905.16,""size"":1.7e-06,""num_orders"":1},{""price"":61905.17,""size"":1.78e-06,""num_orders"":1},{""price"":61905.18,""size"":1.87e-06,""num_orders"":1},{""price"":61906.0,""size"":0.0484,""num_orders"":1},{""price"":61907.2,""size"":0.04848583,""num_orders"":1}]"
btc_usd_d10_20260708T122525Z,37,2026-07-08T13:02:25.745599Z,2026-07-08T13:02:25.745729Z,BTC-USD,10,ok,,132276278229,2026-07-08T13:02:24.630984279Z,0.63944188,0.21704762,0.493169221572,61891.989999999998,61892,61891.994999999995,0.010000000002,0.001615717833,"[{""price"":61891.99,""size"":0.24069098,""num_orders"":4},{""price"":61891.98,""size"":0.02999984,""num_orders"":1},{""price"":61891.96,""size"":0.03000011,""num_orders"":2},{""price"":61891.92,""size"":0.12925756,""num_orders"":1},{""price"":61890.96,""size"":0.09676703,""num_orders"":1},{""price"":61890.95,""size"":5.716e-05,""num_orders"":1},{""price"":61890.56,""size"":0.04848583,""num_orders"":1},{""price"":61890.44,""size"":0.05655012,""num_orders"":1},{""price"":61889.08,""size"":0.001574,""num_orders"":1},{""price"":61888.9,""size"":0.00605925,""num_orders"":2}]","[{""price"":61892.0,""size"":0.01521533,""num_orders"":2},{""price"":61892.01,""size"":1.38e-06,""num_orders"":1},{""price"":61892.03,""size"":2.97e-06,""num_orders"":2},{""price"":61892.04,""size"":1.59e-06,""num_orders"":1},{""price"":61892.05,""size"":1.68e-06,""num_orders"":1},{""price"":61893.6,""size"":1.8e-05,""num_orders"":1},{""price"":61893.86,""size"":0.04291259,""num_orders"":1},{""price"":61895.72,""size"":0.07100825,""num_orders"":1},{""price"":61895.99,""size"":0.04848583,""num_orders"":1},{""price"":61896.0,""size"":0.0394,""num_orders"":1}]"
btc_usd_d10_20260708T122525Z,38,2026-07-08T13:03:25.745599Z,2026-07-08T13:03:25.745756Z,BTC-USD,10,ok,,132276325628,2026-07-08T13:03:23.683769240Z,1.28660974,0.54370661,0.405887829172,61886.480000000003,61886.489999999998,61886.485000000001,0.009999999995,0.001615861685,"[{""price"":61886.48,""size"":0.31251116,""num_orders"":9},{""price"":61886.46,""size"":0.03,""num_orders"":1},{""price"":61886.27,""size"":0.09676703,""num_orders"":1},{""price"":61886.26,""size"":0.40353059,""num_orders"":1},{""price"":61886.25,""size"":0.12926941,""num_orders"":1},{""price"":61886.2,""size"":1.8e-05,""num_orders"":1},{""price"":61885.32,""size"":0.12927135,""num_orders"":1},{""price"":61884.98,""size"":0.04847517,""num_orders"":1},{""price"":61884.07,""size"":0.09676703,""num_orders"":1},{""price"":61884.01,""size"":0.04,""num_orders"":1}]","[{""price"":61886.49,""size"":0.23040802,""num_orders"":5},{""price"":61887.44,""size"":0.04169488,""num_orders"":1},{""price"":61888.17,""size"":0.05655504,""num_orders"":1},{""price"":61890.0,""size"":0.0479,""num_orders"":1},{""price"":61890.26,""size"":0.0706938,""num_orders"":1},{""price"":61891.07,""size"":0.001588,""num_orders"":1},{""price"":61891.85,""size"":0.00208115,""num_orders"":1},{""price"":61892.0,""size"":0.0479,""num_orders"":1},{""price"":61893.15,""size"":0.00319954,""num_orders"":1},{""price"":61893.16,""size"":0.04168618,""num_orders"":1}]"
btc_usd_d10_20260708T122525Z,39,2026-07-08T13:04:25.745599Z,2026-07-08T13:04:25.745750Z,BTC-USD,10,ok,,132276374609,2026-07-08T13:04:25.042989581Z,0.43961304,0.366408,0.090822740806,61876.040000000001,61876.050000000003,61876.044999999998,0.010000000002,0.001616134322,"[{""price"":61876.04,""size"":0.14286238,""num_orders"":3},{""price"":61876.01,""size"":7.221e-05,""num_orders"":1},{""price"":61875.86,""size"":0.09697745,""num_orders"":1},{""price"":61875.51,""size"":0.1,""num_orders"":1},{""price"":61875.1,""size"":1.8e-05,""num_orders"":1},{""price"":61875.0,""size"":0.01,""num_orders"":1},{""price"":61874.95,""size"":0.001604,""num_orders"":1},{""price"":61874.79,""size"":0.028079,""num_orders"":1},{""price"":61874.75,""size"":0.02,""num_orders"":1},{""price"":61874.55,""size"":0.04,""num_orders"":1}]","[{""price"":61876.05,""size"":0.1334291,""num_orders"":4},{""price"":61876.06,""size"":0.03,""num_orders"":1},{""price"":61876.08,""size"":0.03,""num_orders"":1},{""price"":61877.05,""size"":2.11e-06,""num_orders"":1},{""price"":61877.06,""size"":2.22e-06,""num_orders"":1},{""price"":61877.07,""size"":2.32e-06,""num_orders"":1},{""price"":61877.4,""size"":0.00159977,""num_orders"":1},{""price"":61877.41,""size"":0.06120903,""num_orders"":1},{""price"":61878.0,""size"":0.0536,""num_orders"":1},{""price"":61878.96,""size"":0.05656345,""num_orders"":1}]"
btc_usd_d10_20260708T122525Z,40,2026-07-08T13:05:25.745599Z,2026-07-08T13:05:25.745717Z,BTC-USD,10,ok,,132276422028,2026-07-08T13:05:24.680121137Z,0.8684575,0.39074938,0.379372228335,61870.830000000002,61870.839999999997,61870.834999999999,0.009999999995,0.001616270412,"[{""price"":61870.83,""size"":0.30220452,""num_orders"":3},{""price"":61870.68,""size"":0.00080813,""num_orders"":1},{""price"":61870.02,""size"":0.1,""num_orders"":1},{""price"":61869.72,""size"":0.09676703,""num_orders"":1},{""price"":61869.6,""size"":0.16168248,""num_orders"":2},{""price"":61869.28,""size"":0.05656946,""num_orders"":1},{""price"":61868.61,""size"":0.09698654,""num_orders"":1},{""price"":61868.01,""size"":0.04849299,""num_orders"":1},{""price"":61867.74,""size"":0.00404088,""num_orders"":1},{""price"":61867.7,""size"":0.00090547,""num_orders"":2}]","[{""price"":61870.84,""size"":0.26924097,""num_orders"":5},{""price"":61870.85,""size"":3.67e-06,""num_orders"":2},{""price"":61870.87,""size"":2.09e-06,""num_orders"":1},{""price"":61872.0,""size"":0.0536,""num_orders"":1},{""price"":61874.23,""size"":0.03300144,""num_orders"":1},{""price"":61874.77,""size"":0.001604,""num_orders"":1},{""price"":61874.83,""size"":0.03300144,""num_orders"":1},{""price"":61875.1,""size"":1.8e-05,""num_orders"":1},{""price"":61875.3,""size"":0.00015151,""num_orders"":2},{""price"":61875.34,""size"":0.00012626,""num_orders"":2}]"
btc_usd_d10_20260708T122525Z,41,2026-07-08T13:06:25.745599Z,2026-07-08T13:06:25.745730Z,BTC-USD,10,ok,,132276497793,2026-07-08T13:06:23.686177822Z,0.38608068,1.02574338,-0.453075364079,61798.029999999999,61798.040000000001,61798.035000000003,0.010000000002,0.001618174429,"[{""price"":61798.03,""size"":2e-08,""num_orders"":1},{""price"":61797.98,""size"":8e-08,""num_orders"":1},{""price"":61796.46,""size"":0.00159969,""num_orders"":1},{""price"":61796.45,""size"":0.00404554,""num_orders"":1},{""price"":61795.57,""size"":0.0485466,""num_orders"":1},{""price"":61795.42,""size"":0.12945942,""num_orders"":1},{""price"":61794.96,""size"":0.09676703,""num_orders"":1},{""price"":61794.94,""size"":0.00202282,""num_orders"":1},{""price"":61794.73,""size"":0.05003948,""num_orders"":2},{""price"":61794.0,""size"":0.0536,""num_orders"":1}]","[{""price"":61798.04,""size"":0.3033797,""num_orders"":7},{""price"":61798.05,""size"":0.18252708,""num_orders"":2},{""price"":61799.56,""size"":1.83e-06,""num_orders"":1},{""price"":61799.57,""size"":1.97e-06,""num_orders"":1},{""price"":61800.0,""size"":0.0536,""num_orders"":1},{""price"":61801.62,""size"":0.20481949,""num_orders"":1},{""price"":61801.63,""size"":0.12944643,""num_orders"":1},{""price"":61801.99,""size"":0.00159985,""num_orders"":1},{""price"":61802.0,""size"":0.0536,""num_orders"":1},{""price"":61802.93,""size"":0.09676703,""num_orders"":1}]"
btc_usd_d10_20260708T122525Z,42,2026-07-08T13:07:25.745599Z,2026-07-08T13:07:25.745723Z,BTC-USD,10,ok,,132276560163,2026-07-08T13:07:24.831534131Z,0.90541879,0.69606069,0.13072793165,61797.269999999997,61797.279999999999,61797.274999999994,0.010000000002,0.00161819433,"[{""price"":61797.27,""size"":0.24017708,""num_orders"":7},{""price"":61797.26,""size"":0.18710092,""num_orders"":2},{""price"":61797.25,""size"":0.12945558,""num_orders"":1},{""price"":61797.24,""size"":0.0881864,""num_orders"":3},{""price"":61796.0,""size"":0.0536,""num_orders"":1},{""price"":61795.9,""size"":0.04854369,""num_orders"":1},{""price"":61795.7,""size"":0.00606838,""num_orders"":2},{""price"":61795.16,""size"":0.02730071,""num_orders"":1},{""price"":61795.1,""size"":0.028219,""num_orders"":1},{""price"":61794.89,""size"":0.09676703,""num_orders"":1}]","[{""price"":61797.28,""size"":0.52270146,""num_orders"":4},{""price"":61801.1,""size"":0.09723276,""num_orders"":1},{""price"":61801.65,""size"":0.00010113,""num_orders"":1},{""price"":61801.68,""size"":0.00015169,""num_orders"":2},{""price"":61801.75,""size"":2.528e-05,""num_orders"":1},{""price"":61802.0,""size"":0.0536,""num_orders"":1},{""price"":61802.27,""size"":0.00809032,""num_orders"":1},{""price"":61802.29,""size"":0.00404516,""num_orders"":1},{""price"":61802.3,""size"":0.00809031,""num_orders"":1},{""price"":61802.37,""size"":0.00202258,""num_orders"":1}]"
btc_usd_d10_20260708T122525Z,43,2026-07-08T13:08:25.745599Z,2026-07-08T13:08:25.745735Z,BTC-USD,10,ok,,132276607153,2026-07-08T13:08:24.040280114Z,0.6332696,0.93206004,-0.190880203354,61845.629999999997,61845.639999999999,61845.634999999995,0.010000000002,0.001616928988,"[{""price"":61845.63,""size"":8.48e-06,""num_orders"":1},{""price"":61844.07,""size"":0.12935758,""num_orders"":1},{""price"":61843.29,""size"":0.00319954,""num_orders"":1},{""price"":61843.28,""size"":0.04850823,""num_orders"":1},{""price"":61842.95,""size"":0.01331,""num_orders"":1},{""price"":61842.94,""size"":0.00968892,""num_orders"":1},{""price"":61842.58,""size"":0.1293607,""num_orders"":1},{""price"":61842.0,""size"":0.0536,""num_orders"":1},{""price"":61840.09,""size"":0.14946912,""num_orders"":1},{""price"":61840.08,""size"":0.09676703,""num_orders"":1}]","[{""price"":61845.64,""size"":0.51964252,""num_orders"":7},{""price"":61848.0,""size"":0.0536,""num_orders"":1},{""price"":61848.11,""size"":0.00012631,""num_orders"":2},{""price"":61848.73,""size"":0.0101053,""num_orders"":2},{""price"":61849.01,""size"":0.001552,""num_orders"":1},{""price"":61849.02,""size"":0.02,""num_orders"":1},{""price"":61849.03,""size"":0.05236738,""num_orders"":2},{""price"":61849.04,""size"":0.09676703,""num_orders"":1},{""price"":61849.18,""size"":0.04855291,""num_orders"":1},{""price"":61849.33,""size"":0.12934659,""num_orders"":1}]"
btc_usd_d10_20260708T122525Z,44,2026-07-08T13:09:25.745599Z,2026-07-08T13:09:25.745723Z,BTC-USD,10,ok,,132276666037,2026-07-08T13:09:25.092672143Z,0.60361782,0.73652496,-0.099173865638,61897.559999999998,61897.57,61897.565000000002,0.010000000002,0.001615572438,"[{""price"":61897.56,""size"":0.07846352,""num_orders"":2},{""price"":61897.54,""size"":0.03000008,""num_orders"":2},{""price"":61897.22,""size"":0.04300873,""num_orders"":1},{""price"":61896.97,""size"":0.12924702,""num_orders"":1},{""price"":61896.59,""size"":0.001556,""num_orders"":1},{""price"":61896.51,""size"":0.00080778,""num_orders"":1},{""price"":61896.02,""size"":0.05654502,""num_orders"":1},{""price"":61895.39,""size"":0.04855291,""num_orders"":1},{""price"":61894.0,""size"":0.05371179,""num_orders"":2},{""price"":61893.59,""size"":0.16172497,""num_orders"":2}]","[{""price"":61897.57,""size"":0.27953678,""num_orders"":5},{""price"":61897.58,""size"":0.38495933,""num_orders"":4},{""price"":61897.6,""size"":3.57e-06,""num_orders"":2},{""price"":61897.61,""size"":1.85e-06,""num_orders"":1},{""price"":61897.62,""size"":1.94e-06,""num_orders"":1},{""price"":61897.64,""size"":2.03e-06,""num_orders"":1},{""price"":61900.0,""size"":0.0536,""num_orders"":1},{""price"":61900.06,""size"":0.00022718,""num_orders"":3},{""price"":61900.67,""size"":0.01817428,""num_orders"":3},{""price"":61901.0,""size"":1.8e-05,""num_orders"":1}]"
btc_usd_d10_20260708T122525Z,45,2026-07-08T13:10:25.745599Z,2026-07-08T13:10:25.745722Z,BTC-USD,10,ok,,132276738665,2026-07-08T13:10:25.108497964Z,0.36963422,0.88901832,-0.412650897284,61878.800000000003,61878.809999999998,61878.805,0.009999999995,0.001616062236,"[{""price"":61878.8,""size"":4.412e-05,""num_orders"":2},{""price"":61877.31,""size"":0.12928808,""num_orders"":1},{""price"":61876.47,""size"":0.001636,""num_orders"":1},{""price"":61876.38,""size"":0.04,""num_orders"":1},{""price"":61875.99,""size"":0.02906,""num_orders"":1},{""price"":61875.9,""size"":0.09696914,""num_orders"":1},{""price"":61875.75,""size"":0.04847762,""num_orders"":1},{""price"":61875.71,""size"":0.01414126,""num_orders"":3},{""price"":61875.1,""size"":1.8e-05,""num_orders"":1},{""price"":61875.0,""size"":0.01,""num_orders"":1}]","[{""price"":61878.81,""size"":0.24255708,""num_orders"":5},{""price"":61878.82,""size"":0.08342382,""num_orders"":2},{""price"":61878.83,""size"":0.05342382,""num_orders"":1},{""price"":61878.84,""size"":0.08342382,""num_orders"":2},{""price"":61878.85,""size"":0.05342382,""num_orders"":1},{""price"":61878.99,""size"":1.89e-06,""num_orders"":1},{""price"":61879.01,""size"":2.09e-06,""num_orders"":1},{""price"":61879.07,""size"":0.1054,""num_orders"":1},{""price"":61879.08,""size"":0.1054,""num_orders"":1},{""price"":61879.22,""size"":0.16196198,""num_orders"":2}]"
btc_usd_d10_20260708T122525Z,46,2026-07-08T13:11:25.745599Z,2026-07-08T13:11:25.745719Z,BTC-USD,10,ok,,132276793679,2026-07-08T13:11:23.631335986Z,0.56366489,1.16913366,-0.349416710904,61855,61855.010000000002,61855.005000000005,0.010000000002,0.00161668405,"[{""price"":61855.0,""size"":0.1609917,""num_orders"":5},{""price"":61854.0,""size"":0.0536,""num_orders"":1},{""price"":61852.72,""size"":0.1293395,""num_orders"":1},{""price"":61852.0,""size"":0.0536,""num_orders"":1},{""price"":61851.91,""size"":0.02223053,""num_orders"":4},{""price"":61851.9,""size"":0.00015649,""num_orders"":2},{""price"":61851.54,""size"":0.04850167,""num_orders"":1},{""price"":61851.02,""size"":0.001645,""num_orders"":1},{""price"":61850.01,""size"":0.04,""num_orders"":1},{""price"":61850.0,""size"":0.0536,""num_orders"":1}]","[{""price"":61855.01,""size"":0.71628739,""num_orders"":6},{""price"":61856.77,""size"":0.06399068,""num_orders"":1},{""price"":61856.96,""size"":0.07199999,""num_orders"":1},{""price"":61857.89,""size"":0.09676703,""num_orders"":1},{""price"":61858.0,""size"":0.0536,""num_orders"":1},{""price"":61859.12,""size"":0.008072,""num_orders"":1},{""price"":61859.13,""size"":0.00485,""num_orders"":1},{""price"":61859.79,""size"":0.00319954,""num_orders"":1},{""price"":61859.8,""size"":0.09676703,""num_orders"":1},{""price"":61860.0,""size"":0.0536,""num_orders"":1}]"
btc_usd_d10_20260708T122525Z,47,2026-07-08T13:12:25.745599Z,2026-07-08T13:12:25.745721Z,BTC-USD,10,ok,,132276838844,2026-07-08T13:12:24.653545545Z,0.86742893,0.82902201,0.022639570113,61858.730000000003,61858.739999999998,61858.735000000001,0.009999999995,0.001616586565,"[{""price"":61858.73,""size"":0.22130539,""num_orders"":2},{""price"":61858.72,""size"":0.03,""num_orders"":1},{""price"":61858.7,""size"":0.03,""num_orders"":1},{""price"":61858.13,""size"":0.12932817,""num_orders"":1},{""price"":61857.11,""size"":0.1,""num_orders"":1},{""price"":61856.0,""size"":0.0536,""num_orders"":1},{""price"":61855.77,""size"":0.04849337,""num_orders"":1},{""price"":61855.64,""size"":0.02230645,""num_orders"":6},{""price"":61855.09,""size"":0.07072566,""num_orders"":1},{""price"":61854.43,""size"":0.16166989,""num_orders"":1}]","[{""price"":61858.74,""size"":0.72417762,""num_orders"":9},{""price"":61859.22,""size"":0.00100837,""num_orders"":1},{""price"":61859.4,""size"":0.001571,""num_orders"":1},{""price"":61861.98,""size"":2.526e-05,""num_orders"":1},{""price"":61861.99,""size"":0.00010103,""num_orders"":1},{""price"":61862.01,""size"":5.052e-05,""num_orders"":1},{""price"":61862.03,""size"":0.00010103,""num_orders"":1},{""price"":61862.4,""size"":0.00319954,""num_orders"":1},{""price"":61862.42,""size"":0.09676703,""num_orders"":1},{""price"":61862.6,""size"":0.00202061,""num_orders"":1}]"
btc_usd_d10_20260708T122525Z,48,2026-07-08T13:13:25.745599Z,2026-07-08T13:13:25.745747Z,BTC-USD,10,ok,,132276892365,2026-07-08T13:13:25.544718481Z,0.60622279,0.61432792,-0.006640551624,61889.900000000001,61889.910000000003,61889.904999999999,0.010000000002,0.001615772395,"[{""price"":61889.9,""size"":0.11356602,""num_orders"":5},{""price"":61889.78,""size"":0.12926204,""num_orders"":1},{""price"":61886.3,""size"":0.04264113,""num_orders"":1},{""price"":61886.2,""size"":1.8e-05,""num_orders"":1},{""price"":61886.01,""size"":0.09676703,""num_orders"":1},{""price"":61886.0,""size"":0.0536,""num_orders"":1},{""price"":61885.91,""size"":0.16158764,""num_orders"":1},{""price"":61885.74,""size"":0.001566,""num_orders"":1},{""price"":61885.59,""size"":0.00714292,""num_orders"":1},{""price"":61885.08,""size"":7.201e-05,""num_orders"":1}]","[{""price"":61889.91,""size"":0.06795018,""num_orders"":2},{""price"":61889.97,""size"":0.00159977,""num_orders"":1},{""price"":61889.98,""size"":0.05502382,""num_orders"":1},{""price"":61889.99,""size"":0.05502382,""num_orders"":1},{""price"":61890.0,""size"":0.05502382,""num_orders"":1},{""price"":61892.0,""size"":0.0536,""num_orders"":1},{""price"":61893.09,""size"":0.09676703,""num_orders"":1},{""price"":61893.52,""size"":0.04855291,""num_orders"":1},{""price"":61893.6,""size"":0.07058363,""num_orders"":1},{""price"":61893.61,""size"":0.11020294,""num_orders"":2}]"
btc_usd_d10_20260708T122525Z,49,2026-07-08T13:14:25.745599Z,2026-07-08T13:14:25.745766Z,BTC-USD,10,ok,,132276954483,2026-07-08T13:14:24.034442395Z,0.69802458,0.3305226,0.357302015062,61865.650000000001,61865.660000000003,61865.654999999999,0.010000000002,0.001616405743,"[{""price"":61865.65,""size"":0.27134404,""num_orders"":5},{""price"":61865.64,""size"":0.03,""num_orders"":1},{""price"":61865.62,""size"":0.03,""num_orders"":1},{""price"":61865.55,""size"":0.09698811,""num_orders"":1},{""price"":61864.92,""size"":0.04848688,""num_orders"":1},{""price"":61864.2,""size"":0.1,""num_orders"":1},{""price"":61864.09,""size"":0.05657421,""num_orders"":1},{""price"":61863.48,""size"":0.001614,""num_orders"":1},{""price"":61862.01,""size"":0.00319954,""num_orders"":1},{""price"":61862.0,""size"":0.0598178,""num_orders"":2}]","[{""price"":61865.66,""size"":0.2666618,""num_orders"":8},{""price"":61865.67,""size"":2.22e-06,""num_orders"":1},{""price"":61865.68,""size"":2.32e-06,""num_orders"":1},{""price"":61865.69,""size"":2.45e-06,""num_orders"":1},{""price"":61865.71,""size"":5.26e-06,""num_orders"":2},{""price"":61866.4,""size"":2.24e-06,""num_orders"":1},{""price"":61867.7,""size"":1.8e-05,""num_orders"":1},{""price"":61868.0,""size"":0.0536,""num_orders"":1},{""price"":61868.13,""size"":0.00012628,""num_orders"":2},{""price"":61868.75,""size"":0.01010203,""num_orders"":2}]"
btc_usd_d10_20260708T122525Z,50,2026-07-08T13:15:25.745599Z,2026-07-08T13:15:25.745731Z,BTC-USD,10,ok,,132277002269,2026-07-08T13:15:24.184588139Z,0.83733812,0.72637748,0.070959604163,61861.730000000003,61861.739999999998,61861.735000000001,0.009999999995,0.001616508169,"[{""price"":61861.73,""size"":0.3665191,""num_orders"":2},{""price"":61861.72,""size"":0.03,""num_orders"":1},{""price"":61861.7,""size"":0.03,""num_orders"":1},{""price"":61860.18,""size"":0.05659923,""num_orders"":2},{""price"":61859.95,""size"":0.029516,""num_orders"":1},{""price"":61859.7,""size"":0.1293249,""num_orders"":1},{""price"":61859.04,""size"":0.09676703,""num_orders"":1},{""price"":61858.82,""size"":0.04855291,""num_orders"":1},{""price"":61858.54,""size"":0.00156537,""num_orders"":1},{""price"":61858.44,""size"":0.04849358,""num_orders"":1}]","[{""price"":61861.74,""size"":0.46192527,""num_orders"":7},{""price"":61861.75,""size"":2.9e-06,""num_orders"":2},{""price"":61861.78,""size"":4.14e-06,""num_orders"":2},{""price"":61861.79,""size"":2.22e-06,""num_orders"":1},{""price"":61863.99,""size"":0.09676703,""num_orders"":1},{""price"":61864.0,""size"":0.053618,""num_orders"":2},{""price"":61864.21,""size"":0.00025257,""num_orders"":3},{""price"":61864.83,""size"":0.02020535,""num_orders"":3},{""price"":61865.99,""size"":0.04,""num_orders"":1},{""price"":61866.0,""size"":0.0536,""num_orders"":1}]"
btc_usd_d10_20260708T122525Z,51,2026-07-08T13:16:25.745599Z,2026-07-08T13:16:25.745735Z,BTC-USD,10,ok,,132277046644,2026-07-08T13:16:24.042541476Z,0.31984345,0.90787296,-0.478962002308,61843.07,61843.080000000002,61843.074999999997,0.010000000002,0.001616995921,"[{""price"":61843.07,""size"":0.03289696,""num_orders"":4},{""price"":61843.04,""size"":1e-07,""num_orders"":1},{""price"":61842.94,""size"":0.0040425,""num_orders"":1},{""price"":61842.79,""size"":0.12936025,""num_orders"":1},{""price"":61841.8,""size"":1.8e-05,""num_orders"":1},{""price"":61840.64,""size"":0.04855291,""num_orders"":1},{""price"":61840.0,""size"":0.0636,""num_orders"":2},{""price"":61839.98,""size"":0.01010673,""num_orders"":2},{""price"":61839.8,""size"":0.001563,""num_orders"":1},{""price"":61839.68,""size"":0.029703,""num_orders"":1}]","[{""price"":61843.08,""size"":0.69044443,""num_orders"":9},{""price"":61843.1,""size"":0.03000291,""num_orders"":3},{""price"":61843.11,""size"":1.56e-06,""num_orders"":1},{""price"":61843.12,""size"":1.64e-06,""num_orders"":1},{""price"":61843.14,""size"":1.76e-06,""num_orders"":1},{""price"":61843.53,""size"":1.65e-06,""num_orders"":1},{""price"":61844.01,""size"":0.00648059,""num_orders"":1},{""price"":61844.63,""size"":0.05659485,""num_orders"":1},{""price"":61846.0,""size"":0.0536,""num_orders"":1},{""price"":61846.72,""size"":0.07074357,""num_orders"":1}]"
btc_usd_d10_20260708T122525Z,52,2026-07-08T13:17:25.745599Z,2026-07-08T13:17:25.745727Z,BTC-USD,10,ok,,132277112811,2026-07-08T13:17:25.187824414Z,0.54907482,0.50292117,0.043872458107,61845.720000000001,61845.730000000003,61845.725000000006,0.010000000002,0.001616926635,"[{""price"":61845.72,""size"":0.08059125,""num_orders"":2},{""price"":61845.5,""size"":3.939e-05,""num_orders"":2},{""price"":61845.03,""size"":0.12935558,""num_orders"":1},{""price"":61843.33,""size"":6.93e-05,""num_orders"":1},{""price"":61842.0,""size"":0.0509,""num_orders"":1},{""price"":61841.8,""size"":1.8e-05,""num_orders"":1},{""price"":61841.53,""size"":0.00013859,""num_orders"":1},{""price"":61841.51,""size"":0.04850206,""num_orders"":1},{""price"":61840.94,""size"":0.08497986,""num_orders"":1},{""price"":61840.62,""size"":0.15448079,""num_orders"":1}]","[{""price"":61845.73,""size"":0.01220013,""num_orders"":4},{""price"":61845.74,""size"":0.04742382,""num_orders"":1},{""price"":61845.75,""size"":0.04742382,""num_orders"":1},{""price"":61845.76,""size"":0.04742382,""num_orders"":1},{""price"":61845.77,""size"":0.14419085,""num_orders"":2},{""price"":61848.0,""size"":0.0509,""num_orders"":1},{""price"":61849.02,""size"":0.09676703,""num_orders"":1},{""price"":61849.2,""size"":0.05658933,""num_orders"":1},{""price"":61849.21,""size"":1.16e-06,""num_orders"":1},{""price"":61849.22,""size"":1.21e-06,""num_orders"":1}]"
btc_usd_d10_20260708T122525Z,53,2026-07-08T13:18:25.745599Z,2026-07-08T13:18:25.745736Z,BTC-USD,10,ok,,132277156191,2026-07-08T13:18:25.129812112Z,0.51823765,0.57942676,-0.055744824595,61848.110000000001,61848.120000000003,61848.115000000005,0.010000000002,0.001616864152,"[{""price"":61848.11,""size"":0.12934912,""num_orders"":1},{""price"":61848.05,""size"":0.00808433,""num_orders"":1},{""price"":61846.62,""size"":0.04855291,""num_orders"":1},{""price"":61846.61,""size"":0.16169033,""num_orders"":1},{""price"":61845.66,""size"":0.0101058,""num_orders"":2},{""price"":61845.5,""size"":1.8e-05,""num_orders"":1},{""price"":61845.0,""size"":0.01,""num_orders"":1},{""price"":61844.15,""size"":7.013e-05,""num_orders"":1},{""price"":61844.01,""size"":0.09676703,""num_orders"":1},{""price"":61844.0,""size"":0.0536,""num_orders"":1}]","[{""price"":61848.12,""size"":0.11806452,""num_orders"":4},{""price"":61849.2,""size"":0.05658945,""num_orders"":1},{""price"":61849.21,""size"":0.09676703,""num_orders"":1},{""price"":61849.22,""size"":2.88e-06,""num_orders"":1},{""price"":61850.0,""size"":0.0536,""num_orders"":1},{""price"":61850.74,""size"":0.00319954,""num_orders"":1},{""price"":61850.75,""size"":0.05658945,""num_orders"":1},{""price"":61852.16,""size"":0.1312,""num_orders"":1},{""price"":61852.38,""size"":0.06341258,""num_orders"":2},{""price"":61852.39,""size"":1.31e-06,""num_orders"":1}]"
btc_usd_d10_20260708T122525Z,54,2026-07-08T13:19:25.745599Z,2026-07-08T13:19:25.745752Z,BTC-USD,10,ok,,132277201669,2026-07-08T13:19:25.630002827Z,1.22541061,0.49832922,0.421804600292,61817.709999999999,61817.720000000001,61817.714999999997,0.010000000002,0.001617659275,"[{""price"":61817.71,""size"":0.58830314,""num_orders"":6},{""price"":61817.57,""size"":0.00164179,""num_orders"":1},{""price"":61816.5,""size"":0.02224326,""num_orders"":4},{""price"":61816.18,""size"":0.17305377,""num_orders"":1},{""price"":61816.17,""size"":0.12941597,""num_orders"":1},{""price"":61816.15,""size"":0.05661808,""num_orders"":1},{""price"":61816.06,""size"":0.04860767,""num_orders"":2},{""price"":61816.0,""size"":0.0536,""num_orders"":1},{""price"":61815.74,""size"":0.001633,""num_orders"":1},{""price"":61815.39,""size"":0.15029393,""num_orders"":1}]","[{""price"":61817.72,""size"":0.02915612,""num_orders"":1},{""price"":61817.74,""size"":0.03,""num_orders"":1},{""price"":61819.59,""size"":0.00319954,""num_orders"":1},{""price"":61819.6,""size"":0.33382818,""num_orders"":4},{""price"":61819.61,""size"":2.22e-06,""num_orders"":1},{""price"":61819.62,""size"":4.64e-06,""num_orders"":2},{""price"":61819.64,""size"":5.02e-06,""num_orders"":2},{""price"":61819.65,""size"":2.69e-06,""num_orders"":1},{""price"":61820.0,""size"":0.0536,""num_orders"":1},{""price"":61820.52,""size"":0.04853081,""num_orders"":1}]"
btc_usd_d10_20260708T122525Z,55,2026-07-08T13:20:25.745599Z,2026-07-08T13:20:25.745761Z,BTC-USD,10,ok,,132277238473,2026-07-08T13:20:23.547108804Z,2.88790471,0.81290281,0.560688954718,61800,61800.010000000002,61800.005000000005,0.010000000002,0.001618122847,"[{""price"":61800.0,""size"":2.2838903,""num_orders"":9},{""price"":61797.4,""size"":1.8e-05,""num_orders"":1},{""price"":61797.38,""size"":0.04853861,""num_orders"":1},{""price"":61797.23,""size"":0.06622301,""num_orders"":1},{""price"":61797.22,""size"":0.09676703,""num_orders"":1},{""price"":61796.91,""size"":0.01415928,""num_orders"":3},{""price"":61796.27,""size"":0.14208378,""num_orders"":1},{""price"":61796.26,""size"":0.12945767,""num_orders"":1},{""price"":61795.1,""size"":0.09676703,""num_orders"":1},{""price"":61795.0,""size"":0.01,""num_orders"":1}]","[{""price"":61800.01,""size"":0.17740734,""num_orders"":4},{""price"":61800.02,""size"":0.03,""num_orders"":1},{""price"":61800.03,""size"":4.54e-06,""num_orders"":2},{""price"":61800.04,""size"":0.03000245,""num_orders"":2},{""price"":61800.05,""size"":2.57e-06,""num_orders"":1},{""price"":61800.06,""size"":2.69e-06,""num_orders"":1},{""price"":61801.14,""size"":0.07064368,""num_orders"":1},{""price"":61801.99,""size"":0.00319954,""num_orders"":1},{""price"":61802.0,""size"":0.5,""num_orders"":1},{""price"":61802.33,""size"":0.00164,""num_orders"":1}]"
btc_usd_d10_20260708T122525Z,56,2026-07-08T13:21:25.745599Z,2026-07-08T13:21:25.745735Z,BTC-USD,10,ok,,132277288481,2026-07-08T13:21:23.548013913Z,0.78753268,0.49816651,0.225065219182,61807.220000000001,61807.230000000003,61807.225000000006,0.010000000002,0.001617933826,"[{""price"":61807.22,""size"":0.31785595,""num_orders"":6},{""price"":61807.21,""size"":0.12943473,""num_orders"":1},{""price"":61806.3,""size"":0.04598257,""num_orders"":1},{""price"":61806.0,""size"":0.0536,""num_orders"":1},{""price"":61805.33,""size"":0.00087921,""num_orders"":1},{""price"":61805.0,""size"":0.01,""num_orders"":1},{""price"":61804.84,""size"":0.09676703,""num_orders"":1},{""price"":61804.8,""size"":1.8e-05,""num_orders"":1},{""price"":61804.55,""size"":0.12944029,""num_orders"":1},{""price"":61804.5,""size"":0.0035549,""num_orders"":1}]","[{""price"":61807.23,""size"":0.25555103,""num_orders"":3},{""price"":61807.24,""size"":1.12e-06,""num_orders"":1},{""price"":61807.25,""size"":1.24e-06,""num_orders"":1},{""price"":61807.26,""size"":9.8e-07,""num_orders"":1},{""price"":61807.95,""size"":0.00159977,""num_orders"":1},{""price"":61807.96,""size"":0.03,""num_orders"":1},{""price"":61807.98,""size"":0.03,""num_orders"":1},{""price"":61808.74,""size"":0.05662772,""num_orders"":1},{""price"":61810.0,""size"":0.0536,""num_orders"":1},{""price"":61810.82,""size"":0.07078465,""num_orders"":1}]"
btc_usd_d10_20260708T122525Z,57,2026-07-08T13:22:25.745599Z,2026-07-08T13:22:25.745727Z,BTC-USD,10,ok,,132277331941,2026-07-08T13:22:23.044744041Z,0.85458687,0.11229359,0.767719806852,61805.349999999999,61805.360000000001,61805.354999999996,0.010000000002,0.001617982779,"[{""price"":61805.35,""size"":0.24186479,""num_orders"":5},{""price"":61805.21,""size"":0.2290514,""num_orders"":1},{""price"":61805.2,""size"":0.12943894,""num_orders"":1},{""price"":61804.8,""size"":1.8e-05,""num_orders"":1},{""price"":61804.79,""size"":0.04853387,""num_orders"":1},{""price"":61804.77,""size"":0.00097721,""num_orders"":1},{""price"":61804.76,""size"":0.001661,""num_orders"":1},{""price"":61804.5,""size"":0.02,""num_orders"":1},{""price"":61804.0,""size"":0.0536,""num_orders"":1},{""price"":61803.9,""size"":0.12944166,""num_orders"":1}]","[{""price"":61805.36,""size"":0.03,""num_orders"":1},{""price"":61805.37,""size"":1.75e-06,""num_orders"":1},{""price"":61805.38,""size"":0.03,""num_orders"":1},{""price"":61805.39,""size"":3.76e-06,""num_orders"":2},{""price"":61805.44,""size"":2.15e-06,""num_orders"":1},{""price"":61807.9,""size"":0.00010112,""num_orders"":1},{""price"":61807.91,""size"":5.056e-05,""num_orders"":1},{""price"":61807.99,""size"":0.04,""num_orders"":1},{""price"":61808.52,""size"":0.0080895,""num_orders"":1},{""price"":61808.53,""size"":0.00404475,""num_orders"":1}]"
btc_usd_d10_20260708T122525Z,58,2026-07-08T13:23:25.745599Z,2026-07-08T13:23:25.745733Z,BTC-USD,10,ok,,132277367537,2026-07-08T13:23:24.047036266Z,0.64496223,0.48261526,0.143978548206,61799.279999999999,61799.290000000001,61799.285000000003,0.010000000002,0.001618141699,"[{""price"":61799.28,""size"":0.19324197,""num_orders"":5},{""price"":61799.27,""size"":0.04855291,""num_orders"":1},{""price"":61799.25,""size"":8e-08,""num_orders"":1},{""price"":61799.0,""size"":0.12945191,""num_orders"":1},{""price"":61798.27,""size"":0.12945344,""num_orders"":1},{""price"":61797.4,""size"":1.8e-05,""num_orders"":1},{""price"":61796.93,""size"":0.03209826,""num_orders"":1},{""price"":61796.0,""size"":0.0536,""num_orders"":1},{""price"":61795.1,""size"":0.04854566,""num_orders"":1},{""price"":61795.0,""size"":0.01,""num_orders"":1}]","[{""price"":61799.29,""size"":0.32435289,""num_orders"":5},{""price"":61799.3,""size"":1.96e-06,""num_orders"":1},{""price"":61799.31,""size"":2.06e-06,""num_orders"":1},{""price"":61799.32,""size"":2.17e-06,""num_orders"":1},{""price"":61799.33,""size"":2.27e-06,""num_orders"":1},{""price"":61799.35,""size"":2.39e-06,""num_orders"":1},{""price"":61800.84,""size"":0.05663495,""num_orders"":1},{""price"":61801.86,""size"":0.00165,""num_orders"":1},{""price"":61801.93,""size"":0.00319954,""num_orders"":1},{""price"":61801.94,""size"":0.09676703,""num_orders"":1}]"
btc_usd_d10_20260708T122525Z,59,2026-07-08T13:24:25.745599Z,2026-07-08T13:24:25.745728Z,BTC-USD,10,ok,,132277409255,2026-07-08T13:24:24.586739100Z,0.83631106,0.58330426,0.17822208343,61812.199999999997,61812.209999999999,61812.205000000002,0.010000000002,0.001617803475,"[{""price"":61812.2,""size"":0.12249894,""num_orders"":5},{""price"":61812.19,""size"":0.22199657,""num_orders"":2},{""price"":61812.18,""size"":0.15942433,""num_orders"":2},{""price"":61812.0,""size"":0.0536,""num_orders"":1},{""price"":61811.29,""size"":0.04853049,""num_orders"":1},{""price"":61810.64,""size"":0.05662313,""num_orders"":1},{""price"":61810.0,""size"":0.0536,""num_orders"":1},{""price"":61809.16,""size"":7.56e-05,""num_orders"":1},{""price"":61809.05,""size"":0.001644,""num_orders"":1},{""price"":61808.82,""size"":0.118318,""num_orders"":1}]","[{""price"":61812.21,""size"":0.2586037,""num_orders"":4},{""price"":61812.23,""size"":1.52e-06,""num_orders"":1},{""price"":61814.68,""size"":0.00017694,""num_orders"":3},{""price"":61815.29,""size"":0.04,""num_orders"":1},{""price"":61815.3,""size"":0.01415507,""num_orders"":3},{""price"":61815.7,""size"":0.04,""num_orders"":1},{""price"":61815.71,""size"":0.09676703,""num_orders"":1},{""price"":61815.99,""size"":0.04,""num_orders"":1},{""price"":61816.0,""size"":0.0536,""num_orders"":1},{""price"":61817.59,""size"":0.04,""num_orders"":1}]"
btc_usd_d10_20260708T152620Z,0,2026-07-08T15:26:20.954335Z,2026-07-08T15:26:20.954385Z,BTC-USD,10,ok,,132289363486,2026-07-08T15:26:20.189518055Z,0.58635575,0.17453382,0.541237449214,61502.169999999998,61502.18,61502.175000000003,0.010000000002,0.001625958757,"[{""price"":61502.17,""size"":0.047,""num_orders"":2},{""price"":61500.49,""size"":0.04880362,""num_orders"":1},{""price"":61500.48,""size"":0.0088026,""num_orders"":1},{""price"":61500.47,""size"":0.001654,""num_orders"":1},{""price"":61500.46,""size"":0.09380169,""num_orders"":1},{""price"":61500.45,""size"":0.09746664,""num_orders"":1},{""price"":61499.89,""size"":0.02863096,""num_orders"":1},{""price"":61498.16,""size"":0.02,""num_orders"":1},{""price"":61498.15,""size"":0.1427296,""num_orders"":1},{""price"":61498.14,""size"":0.09746664,""num_orders"":1}]","[{""price"":61502.18,""size"":0.02162382,""num_orders"":1},{""price"":61502.19,""size"":0.02162382,""num_orders"":1},{""price"":61502.2,""size"":0.02162382,""num_orders"":1},{""price"":61502.21,""size"":0.02162382,""num_orders"":1},{""price"":61502.22,""size"":0.03612382,""num_orders"":1},{""price"":61503.46,""size"":0.01768592,""num_orders"":2},{""price"":61503.47,""size"":1.6e-07,""num_orders"":1},{""price"":61504.0,""size"":0.017,""num_orders"":1},{""price"":61505.92,""size"":0.00022864,""num_orders"":3},{""price"":61506.0,""size"":0.017,""num_orders"":1}]"
btc_usd_d10_20260708T152620Z,1,2026-07-08T15:27:20.954335Z,2026-07-08T15:27:20.954474Z,BTC-USD,10,ok,,132289444261,2026-07-08T15:27:20.130804508Z,0.26882599,0.43471816,-0.235794967523,61514.379999999997,61514.389999999999,61514.384999999995,0.010000000002,0.00162563602,"[{""price"":61514.38,""size"":0.0151,""num_orders"":1},{""price"":61512.0,""size"":0.0113,""num_orders"":1},{""price"":61510.0,""size"":0.0113,""num_orders"":1},{""price"":61508.77,""size"":0.04880362,""num_orders"":1},{""price"":61508.0,""size"":0.0113,""num_orders"":1},{""price"":61507.03,""size"":0.09746664,""num_orders"":1},{""price"":61506.11,""size"":3.95e-05,""num_orders"":1},{""price"":61506.1,""size"":0.00136623,""num_orders"":1},{""price"":61506.0,""size"":0.0113,""num_orders"":1},{""price"":61505.18,""size"":0.06085,""num_orders"":1}]","[{""price"":61514.39,""size"":0.00039476,""num_orders"":1},{""price"":61514.4,""size"":0.05689999,""num_orders"":1},{""price"":61515.03,""size"":0.19502324,""num_orders"":3},{""price"":61516.2,""size"":1.8e-05,""num_orders"":1},{""price"":61516.48,""size"":0.07112499,""num_orders"":1},{""price"":61518.46,""size"":0.00811696,""num_orders"":1},{""price"":61518.47,""size"":5.08e-05,""num_orders"":1},{""price"":61518.73,""size"":0.09746664,""num_orders"":1},{""price"":61519.09,""size"":0.00406378,""num_orders"":1},{""price"":61519.84,""size"":0.001559,""num_orders"":1}]"
btc_usd_d10_20260708T152620Z,2,2026-07-08T15:28:20.954335Z,2026-07-08T15:28:20.954464Z,BTC-USD,10,ok,,132289533732,2026-07-08T15:28:19.684131094Z,0.23790322,0.68752635,-0.485853429127,61580.440000000002,61582.760000000002,61581.600000000006,2.32,0.376735908128,"[{""price"":61580.44,""size"":0.16238922,""num_orders"":1},{""price"":61579.59,""size"":6.692e-05,""num_orders"":1},{""price"":61579.1,""size"":1.8e-05,""num_orders"":1},{""price"":61578.89,""size"":0.00342237,""num_orders"":1},{""price"":61578.0,""size"":0.0096,""num_orders"":1},{""price"":61577.86,""size"":0.00013383,""num_orders"":1},{""price"":61577.12,""size"":0.00684475,""num_orders"":1},{""price"":61576.03,""size"":0.04466859,""num_orders"":1},{""price"":61576.0,""size"":0.0096,""num_orders"":1},{""price"":61575.55,""size"":0.00115954,""num_orders"":1}]","[{""price"":61582.76,""size"":0.00479992,""num_orders"":1},{""price"":61582.81,""size"":0.28030404,""num_orders"":4},{""price"":61583.72,""size"":0.0975564,""num_orders"":1},{""price"":61583.73,""size"":0.04880362,""num_orders"":1},{""price"":61584.35,""size"":0.05683404,""num_orders"":1},{""price"":61585.27,""size"":0.09746664,""num_orders"":1},{""price"":61586.2,""size"":0.00811387,""num_orders"":1},{""price"":61586.21,""size"":0.00027907,""num_orders"":4},{""price"":61586.43,""size"":0.07104255,""num_orders"":1},{""price"":61586.83,""size"":0.0223262,""num_orders"":4}]"
btc_usd_d10_20260708T152620Z,3,2026-07-08T15:29:20.954335Z,2026-07-08T15:29:20.954455Z,BTC-USD,10,ok,,132289609155,2026-07-08T15:29:18.345480727Z,0.57589671,0.26108714,0.376123828435,61589.650000000001,61589.660000000003,61589.654999999999,0.010000000002,0.001623649297,"[{""price"":61589.65,""size"":0.23007765,""num_orders"":4},{""price"":61588.0,""size"":0.0111,""num_orders"":1},{""price"":61587.21,""size"":0.00319954,""num_orders"":1},{""price"":61587.2,""size"":0.04880362,""num_orders"":1},{""price"":61587.19,""size"":0.1623714,""num_orders"":1},{""price"":61586.5,""size"":0.00020586,""num_orders"":2},{""price"":61586.0,""size"":0.0111,""num_orders"":1},{""price"":61585.0,""size"":0.01,""num_orders"":1},{""price"":61584.86,""size"":0.001572,""num_orders"":1},{""price"":61584.75,""size"":0.09746664,""num_orders"":1}]","[{""price"":61589.66,""size"":0.05846818,""num_orders"":2},{""price"":61589.72,""size"":0.00518296,""num_orders"":1},{""price"":61589.73,""size"":0.01162382,""num_orders"":1},{""price"":61589.74,""size"":0.01162382,""num_orders"":1},{""price"":61589.75,""size"":0.01162382,""num_orders"":1},{""price"":61591.2,""size"":0.05682772,""num_orders"":1},{""price"":61591.23,""size"":0.00010148,""num_orders"":1},{""price"":61591.52,""size"":0.09746664,""num_orders"":1},{""price"":61591.85,""size"":0.00811796,""num_orders"":1},{""price"":61592.12,""size"":5.074e-05,""num_orders"":1}]"
btc_usd_d10_20260708T152620Z,4,2026-07-08T15:30:20.954335Z,2026-07-08T15:30:20.954468Z,BTC-USD,10,ok,,132289718169,2026-07-08T15:30:18.622457787Z,0.24042127,0.13921438,0.266589531305,61550.980000000003,61550.989999999998,61550.985000000001,0.009999999995,0.001624669369,"[{""price"":61550.98,""size"":0.02809771,""num_orders"":2},{""price"":61550.0,""size"":0.0109,""num_orders"":1},{""price"":61548.74,""size"":1.3e-07,""num_orders"":1},{""price"":61548.73,""size"":1.4e-07,""num_orders"":1},{""price"":61548.72,""size"":0.00203091,""num_orders"":1},{""price"":61548.01,""size"":3.948e-05,""num_orders"":1},{""price"":61548.0,""size"":0.0109,""num_orders"":1},{""price"":61546.16,""size"":0.00319954,""num_orders"":1},{""price"":61546.15,""size"":0.08778672,""num_orders"":2},{""price"":61546.14,""size"":0.09746664,""num_orders"":1}]","[{""price"":61550.99,""size"":0.01102382,""num_orders"":1},{""price"":61551.0,""size"":0.01102382,""num_orders"":1},{""price"":61551.01,""size"":0.01102382,""num_orders"":1},{""price"":61551.02,""size"":0.01102382,""num_orders"":1},{""price"":61551.03,""size"":0.01102382,""num_orders"":1},{""price"":61551.05,""size"":0.01102382,""num_orders"":1},{""price"":61551.06,""size"":0.01102382,""num_orders"":1},{""price"":61551.07,""size"":0.01102382,""num_orders"":1},{""price"":61551.08,""size"":0.01102382,""num_orders"":1},{""price"":61551.26,""size"":0.04,""num_orders"":1}]"
btc_usd_d10_20260708T152620Z,5,2026-07-08T15:31:20.954335Z,2026-07-08T15:31:20.954471Z,BTC-USD,10,ok,,132289799248,2026-07-08T15:31:18.546290390Z,0.17356014,0.29716688,-0.262586881034,61543.120000000003,61543.129999999997,61543.125,0.009999999995,0.001624876864,"[{""price"":61543.12,""size"":0.13229843,""num_orders"":3},{""price"":61543.11,""size"":3.2e-07,""num_orders"":2},{""price"":61542.0,""size"":0.0119,""num_orders"":1},{""price"":61541.05,""size"":2.5e-07,""num_orders"":1},{""price"":61540.0,""size"":0.0119,""num_orders"":1},{""price"":61538.82,""size"":0.001549,""num_orders"":1},{""price"":61538.67,""size"":1.7e-07,""num_orders"":1},{""price"":61538.41,""size"":0.00081243,""num_orders"":1},{""price"":61538.0,""size"":0.0119,""num_orders"":1},{""price"":61536.43,""size"":0.00319954,""num_orders"":1}]","[{""price"":61543.13,""size"":0.01302382,""num_orders"":1},{""price"":61544.1,""size"":0.09682154,""num_orders"":1},{""price"":61544.47,""size"":0.028254,""num_orders"":1},{""price"":61544.84,""size"":0.04880362,""num_orders"":1},{""price"":61545.8,""size"":1.8e-05,""num_orders"":1},{""price"":61546.0,""size"":0.0125,""num_orders"":1},{""price"":61546.12,""size"":0.09746664,""num_orders"":1},{""price"":61546.29,""size"":2.539e-05,""num_orders"":1},{""price"":61546.32,""size"":0.00010155,""num_orders"":1},{""price"":61546.34,""size"":0.00015232,""num_orders"":2}]"
btc_usd_d10_20260708T152620Z,6,2026-07-08T15:32:20.954335Z,2026-07-08T15:32:20.954478Z,BTC-USD,10,ok,,132289900667,2026-07-08T15:32:19.184494245Z,0.40123491,0.75047399,-0.303235548497,61590.050000000003,61591.989999999998,61591.020000000004,1.939999999995,0.314980982616,"[{""price"":61590.05,""size"":0.00499535,""num_orders"":2},{""price"":61590.04,""size"":0.00319954,""num_orders"":1},{""price"":61590.0,""size"":0.0118,""num_orders"":1},{""price"":61588.0,""size"":0.0118,""num_orders"":1},{""price"":61587.59,""size"":0.04880362,""num_orders"":1},{""price"":61586.53,""size"":0.13000739,""num_orders"":1},{""price"":61584.0,""size"":0.0118,""num_orders"":1},{""price"":61582.8,""size"":1.8e-05,""num_orders"":1},{""price"":61582.74,""size"":0.13000739,""num_orders"":1},{""price"":61582.21,""size"":0.04880362,""num_orders"":1}]","[{""price"":61591.99,""size"":0.00502329,""num_orders"":3},{""price"":61592.21,""size"":0.00319954,""num_orders"":1},{""price"":61592.25,""size"":0.1748254,""num_orders"":2},{""price"":61593.39,""size"":0.13000739,""num_orders"":1},{""price"":61593.4,""size"":0.12588286,""num_orders"":1},{""price"":61594.53,""size"":0.11725202,""num_orders"":2},{""price"":61594.54,""size"":0.03592963,""num_orders"":1},{""price"":61595.35,""size"":0.00010147,""num_orders"":1},{""price"":61595.57,""size"":0.028245,""num_orders"":1},{""price"":61595.77,""size"":0.13000739,""num_orders"":1}]"
btc_usd_d10_20260708T152620Z,7,2026-07-08T15:33:20.954335Z,2026-07-08T15:33:20.954494Z,BTC-USD,10,ok,,132289985077,2026-07-08T15:33:19.602466183Z,0.5211397,0.44441869,0.079457659728,61600.309999999998,61600.32,61600.315000000002,0.010000000002,0.001623368322,"[{""price"":61600.31,""size"":0.10469065,""num_orders"":5},{""price"":61600.3,""size"":2.8e-07,""num_orders"":2},{""price"":61600.29,""size"":2.9e-07,""num_orders"":2},{""price"":61600.28,""size"":1.3e-07,""num_orders"":1},{""price"":61600.0,""size"":0.0129,""num_orders"":1},{""price"":61599.32,""size"":0.00081168,""num_orders"":1},{""price"":61599.11,""size"":0.04880362,""num_orders"":1},{""price"":61599.08,""size"":0.06970207,""num_orders"":1},{""price"":61598.0,""size"":0.0129,""num_orders"":1},{""price"":61596.63,""size"":0.27133098,""num_orders"":1}]","[{""price"":61600.32,""size"":0.01212404,""num_orders"":2},{""price"":61602.77,""size"":0.00027901,""num_orders"":4},{""price"":61603.39,""size"":0.02232021,""num_orders"":4},{""price"":61604.75,""size"":0.001662,""num_orders"":1},{""price"":61608.7,""size"":1.8e-05,""num_orders"":1},{""price"":61609.47,""size"":0.13000739,""num_orders"":1},{""price"":61609.48,""size"":0.16239655,""num_orders"":1},{""price"":61609.49,""size"":0.05680787,""num_orders"":1},{""price"":61609.5,""size"":0.04880362,""num_orders"":1},{""price"":61610.0,""size"":0.01,""num_orders"":1}]"
btc_usd_d10_20260708T152620Z,8,2026-07-08T15:34:20.954335Z,2026-07-08T15:34:20.954480Z,BTC-USD,10,ok,,132290095616,2026-07-08T15:34:20.546605356Z,0.04754826,0.37758092,-0.776311473139,61597.970000000001,61597.980000000003,61597.975000000006,0.010000000002,0.001623429991,"[{""price"":61597.97,""size"":2.2e-07,""num_orders"":2},{""price"":61597.96,""size"":1.2e-07,""num_orders"":1},{""price"":61596.46,""size"":0.01420536,""num_orders"":3},{""price"":61594.98,""size"":0.001537,""num_orders"":1},{""price"":61593.9,""size"":1.8e-05,""num_orders"":1},{""price"":61592.46,""size"":0.00157002,""num_orders"":1},{""price"":61592.0,""size"":0.0085,""num_orders"":1},{""price"":61590.6,""size"":0.00319954,""num_orders"":1},{""price"":61590.2,""size"":1.8e-05,""num_orders"":1},{""price"":61590.0,""size"":0.0185,""num_orders"":2}]","[{""price"":61597.98,""size"":0.01962382,""num_orders"":2},{""price"":61597.99,""size"":0.03686137,""num_orders"":2},{""price"":61598.0,""size"":0.01762382,""num_orders"":2},{""price"":61598.55,""size"":0.01,""num_orders"":1},{""price"":61599.55,""size"":0.01000021,""num_orders"":2},{""price"":61600.0,""size"":0.008,""num_orders"":1},{""price"":61602.0,""size"":0.008,""num_orders"":1},{""price"":61603.85,""size"":0.001537,""num_orders"":1},{""price"":61604.0,""size"":0.00746105,""num_orders"":1},{""price"":61604.67,""size"":0.25847365,""num_orders"":2}]"
btc_usd_d10_20260708T152620Z,9,2026-07-08T15:35:20.954335Z,2026-07-08T15:35:20.954473Z,BTC-USD,10,ok,,132290197314,2026-07-08T15:35:19.844920737Z,0.07176963,0.51401385,-0.754961918694,61664.010000000002,61664.019999999997,61664.014999999999,0.009999999995,0.001621691354,"[{""price"":61664.01,""size"":0.00019847,""num_orders"":3},{""price"":61664.0,""size"":0.0084,""num_orders"":1},{""price"":61662.0,""size"":0.0084,""num_orders"":1},{""price"":61661.98,""size"":0.03,""num_orders"":1},{""price"":61660.51,""size"":0.001571,""num_orders"":1},{""price"":61660.45,""size"":0.01319954,""num_orders"":2},{""price"":61660.44,""size"":0.01,""num_orders"":1},{""price"":61660.43,""size"":1.9e-07,""num_orders"":1},{""price"":61660.42,""size"":2.1e-07,""num_orders"":1},{""price"":61660.41,""size"":2.2e-07,""num_orders"":1}]","[{""price"":61664.02,""size"":0.03332382,""num_orders"":3},{""price"":61664.11,""size"":0.00822382,""num_orders"":1},{""price"":61664.13,""size"":0.00822382,""num_orders"":1},{""price"":61665.13,""size"":0.08870728,""num_orders"":2},{""price"":61665.14,""size"":0.09733722,""num_orders"":1},{""price"":61665.18,""size"":0.04880362,""num_orders"":1},{""price"":61666.0,""size"":0.0134,""num_orders"":2},{""price"":61666.51,""size"":2.434e-05,""num_orders"":1},{""price"":61667.9,""size"":1.8e-05,""num_orders"":1},{""price"":61667.98,""size"":0.21595193,""num_orders"":1}]"
btc_usd_d10_20260708T152620Z,10,2026-07-08T15:36:20.954335Z,2026-07-08T15:36:20.954469Z,BTC-USD,10,ok,,132290303811,2026-07-08T15:36:19.046957790Z,0.20932454,0.10376961,0.33713478837,61658,61658.43,61658.214999999997,0.43,0.069739287782,"[{""price"":61658.0,""size"":0.0117,""num_orders"":1},{""price"":61657.85,""size"":0.0151,""num_orders"":1},{""price"":61656.86,""size"":0.02032605,""num_orders"":2},{""price"":61656.85,""size"":0.00999991,""num_orders"":2},{""price"":61656.0,""size"":0.0117,""num_orders"":1},{""price"":61655.84,""size"":0.11685118,""num_orders"":1},{""price"":61654.54,""size"":0.00081093,""num_orders"":1},{""price"":61654.0,""size"":0.0117,""num_orders"":1},{""price"":61653.1,""size"":1.8e-05,""num_orders"":1},{""price"":61653.0,""size"":0.01111847,""num_orders"":1}]","[{""price"":61658.43,""size"":0.01072382,""num_orders"":1},{""price"":61658.44,""size"":0.0207239,""num_orders"":4},{""price"":61658.45,""size"":0.01072382,""num_orders"":1},{""price"":61658.46,""size"":0.01072382,""num_orders"":1},{""price"":61663.68,""size"":0.04880362,""num_orders"":1},{""price"":61663.69,""size"":1.3e-07,""num_orders"":1},{""price"":61663.71,""size"":1.4e-07,""num_orders"":1},{""price"":61664.2,""size"":1.8e-05,""num_orders"":1},{""price"":61666.16,""size"":2.534e-05,""num_orders"":1},{""price"":61666.77,""size"":0.00202702,""num_orders"":1}]"
btc_usd_d10_20260708T152620Z,11,2026-07-08T15:37:20.954335Z,2026-07-08T15:37:20.954459Z,BTC-USD,10,ok,,132290393810,2026-07-08T15:37:18.128577168Z,0.18392425,0.36370022,-0.328283303337,61678.93,61678.940000000002,61678.934999999998,0.010000000002,0.001621299071,"[{""price"":61678.93,""size"":0.01288963,""num_orders"":3},{""price"":61678.92,""size"":1.6e-07,""num_orders"":1},{""price"":61678.91,""size"":0.01282382,""num_orders"":1},{""price"":61678.78,""size"":0.01282382,""num_orders"":1},{""price"":61678.75,""size"":0.01282382,""num_orders"":1},{""price"":61678.73,""size"":0.01282382,""num_orders"":1},{""price"":61678.7,""size"":0.01282382,""num_orders"":1},{""price"":61678.04,""size"":0.01292382,""num_orders"":1},{""price"":61678.01,""size"":0.01292382,""num_orders"":1},{""price"":61676.82,""size"":0.08106772,""num_orders"":1}]","[{""price"":61678.94,""size"":0.02757795,""num_orders"":2},{""price"":61680.0,""size"":0.0121,""num_orders"":1},{""price"":61680.46,""size"":1.9e-07,""num_orders"":1},{""price"":61680.47,""size"":0.12246658,""num_orders"":2},{""price"":61680.48,""size"":0.05674546,""num_orders"":1},{""price"":61680.62,""size"":0.03,""num_orders"":1},{""price"":61680.64,""size"":0.03,""num_orders"":1},{""price"":61682.0,""size"":0.0121,""num_orders"":1},{""price"":61682.57,""size"":0.07093183,""num_orders"":1},{""price"":61683.31,""size"":0.00177821,""num_orders"":1}]"
btc_usd_d10_20260708T152620Z,12,2026-07-08T15:38:20.954335Z,2026-07-08T15:38:20.954460Z,BTC-USD,10,ok,,132290490340,2026-07-08T15:38:19.188744308Z,0.10701711,0.95600116,-0.79865424138,61654.970000000001,61654.980000000003,61654.975000000006,0.010000000002,0.001621929131,"[{""price"":61654.97,""size"":0.01516402,""num_orders"":2},{""price"":61654.0,""size"":0.0122,""num_orders"":1},{""price"":61653.1,""size"":1.8e-05,""num_orders"":1},{""price"":61652.0,""size"":0.0122,""num_orders"":1},{""price"":61651.86,""size"":0.04764653,""num_orders"":1},{""price"":61651.64,""size"":0.0065239,""num_orders"":1},{""price"":61651.42,""size"":0.00322866,""num_orders"":1},{""price"":61650.0,""size"":0.01,""num_orders"":1},{""price"":61649.4,""size"":1.8e-05,""num_orders"":1},{""price"":61645.7,""size"":1.8e-05,""num_orders"":1}]","[{""price"":61654.98,""size"":0.01789,""num_orders"":1},{""price"":61655.0,""size"":0.05682758,""num_orders"":2},{""price"":61656.54,""size"":0.0567675,""num_orders"":1},{""price"":61656.85,""size"":0.19457694,""num_orders"":1},{""price"":61658.63,""size"":0.07095937,""num_orders"":1},{""price"":61658.92,""size"":0.19777648,""num_orders"":2},{""price"":61658.93,""size"":0.04864635,""num_orders"":1},{""price"":61660.78,""size"":0.19457694,""num_orders"":1},{""price"":61662.28,""size"":0.0593,""num_orders"":1},{""price"":61662.3,""size"":0.05868,""num_orders"":1}]"
btc_usd_d10_20260708T152620Z,13,2026-07-08T15:39:20.954335Z,2026-07-08T15:39:20.954468Z,BTC-USD,10,ok,,132290572550,2026-07-08T15:39:18.543382986Z,0.45167962,0.36613338,0.104603668565,61608.059999999998,61608.07,61608.065000000002,0.010000000002,0.00162316411,"[{""price"":61608.06,""size"":3.958e-05,""num_orders"":2},{""price"":61608.05,""size"":1.4e-07,""num_orders"":1},{""price"":61606.47,""size"":0.00319954,""num_orders"":1},{""price"":61606.0,""size"":0.01032387,""num_orders"":2},{""price"":61604.98,""size"":0.02029057,""num_orders"":3},{""price"":61604.87,""size"":0.01030014,""num_orders"":1},{""price"":61604.01,""size"":0.1523437,""num_orders"":1},{""price"":61604.0,""size"":0.05899814,""num_orders"":2},{""price"":61603.57,""size"":0.19457694,""num_orders"":1},{""price"":61603.28,""size"":0.001607,""num_orders"":1}]","[{""price"":61608.07,""size"":0.01028096,""num_orders"":1},{""price"":61608.08,""size"":0.03,""num_orders"":1},{""price"":61608.1,""size"":0.03,""num_orders"":1},{""price"":61610.0,""size"":0.0103,""num_orders"":1},{""price"":61612.0,""size"":0.00874748,""num_orders"":1},{""price"":61612.4,""size"":1.8e-05,""num_orders"":1},{""price"":61613.03,""size"":0.19457694,""num_orders"":1},{""price"":61614.0,""size"":0.0108,""num_orders"":1},{""price"":61615.31,""size"":0.01,""num_orders"":1},{""price"":61615.32,""size"":0.06141,""num_orders"":1}]"
btc_usd_d10_20260708T152620Z,14,2026-07-08T15:40:20.954335Z,2026-07-08T15:40:20.954456Z,BTC-USD,10,ok,,132290670796,2026-07-08T15:40:20.536776083Z,0.11042218,0.37234718,-0.542546859229,61653.099999999999,61653.110000000001,61653.104999999996,0.010000000002,0.001621978326,"[{""price"":61653.1,""size"":0.03001812,""num_orders"":3},{""price"":61653.08,""size"":0.03000012,""num_orders"":2},{""price"":61652.14,""size"":0.001587,""num_orders"":1},{""price"":61650.6,""size"":0.00346998,""num_orders"":1},{""price"":61650.11,""size"":0.001589,""num_orders"":1},{""price"":61650.0,""size"":0.0186,""num_orders"":2},{""price"":61649.4,""size"":1.8e-05,""num_orders"":1},{""price"":61649.17,""size"":0.00693996,""num_orders"":1},{""price"":61648.0,""size"":0.0082,""num_orders"":1},{""price"":61646.83,""size"":0.01,""num_orders"":1}]","[{""price"":61653.11,""size"":0.08938786,""num_orders"":5},{""price"":61655.02,""size"":0.09729839,""num_orders"":1},{""price"":61656.15,""size"":0.03591278,""num_orders"":1},{""price"":61656.96,""size"":0.09729839,""num_orders"":1},{""price"":61657.17,""size"":0.01,""num_orders"":1},{""price"":61657.18,""size"":0.01062382,""num_orders"":1},{""price"":61657.5,""size"":0.01772382,""num_orders"":1},{""price"":61658.05,""size"":0.00027876,""num_orders"":4},{""price"":61658.29,""size"":0.01062382,""num_orders"":1},{""price"":61658.65,""size"":0.00319954,""num_orders"":1}]"
btc_usd_d10_20260708T152620Z,15,2026-07-08T15:41:20.954335Z,2026-07-08T15:41:20.954482Z,BTC-USD,10,ok,,132290752905,2026-07-08T15:41:18.566428217Z,0.47257843,0.35343829,0.144234538013,61612.010000000002,61614.050000000003,61613.029999999999,2.040000000001,0.331098795174,"[{""price"":61612.01,""size"":0.00789973,""num_orders"":2},{""price"":61612.0,""size"":0.00405199,""num_orders"":1},{""price"":61610.7,""size"":0.08773252,""num_orders"":2},{""price"":61610.69,""size"":0.09729839,""num_orders"":1},{""price"":61610.47,""size"":0.05680576,""num_orders"":1},{""price"":61610.0,""size"":0.0063,""num_orders"":1},{""price"":61609.16,""size"":0.01,""num_orders"":1},{""price"":61609.15,""size"":0.17854989,""num_orders"":2},{""price"":61609.02,""size"":0.02231815,""num_orders"":4},{""price"":61608.9,""size"":0.001622,""num_orders"":1}]","[{""price"":61614.05,""size"":0.01210026,""num_orders"":1},{""price"":61614.06,""size"":0.05680615,""num_orders"":1},{""price"":61614.92,""size"":0.00319954,""num_orders"":1},{""price"":61615.6,""size"":0.05680615,""num_orders"":1},{""price"":61615.84,""size"":0.03422066,""num_orders"":1},{""price"":61616.0,""size"":0.006,""num_orders"":1},{""price"":61618.0,""size"":0.006,""num_orders"":1},{""price"":61618.21,""size"":0.09729839,""num_orders"":1},{""price"":61618.55,""size"":0.07100714,""num_orders"":1},{""price"":61619.58,""size"":0.01,""num_orders"":1}]"
btc_usd_d10_20260708T152620Z,16,2026-07-08T15:42:20.954335Z,2026-07-08T15:42:20.954481Z,BTC-USD,10,ok,,132290859411,2026-07-08T15:42:18.842293716Z,0.29121114,0.3978123,-0.154713401332,61546.010000000002,61547.339999999997,61546.675000000003,1.329999999994,0.216096157915,"[{""price"":61546.01,""size"":0.01497386,""num_orders"":1},{""price"":61546.0,""size"":0.0051,""num_orders"":1},{""price"":61544.53,""size"":0.11962819,""num_orders"":2},{""price"":61544.52,""size"":0.02554158,""num_orders"":1},{""price"":61544.0,""size"":0.0051,""num_orders"":1},{""price"":61542.44,""size"":0.01,""num_orders"":1},{""price"":61542.43,""size"":0.00203112,""num_orders"":1},{""price"":61542.38,""size"":0.01,""num_orders"":1},{""price"":61542.37,""size"":0.09729839,""num_orders"":1},{""price"":61542.23,""size"":0.001538,""num_orders"":1}]","[{""price"":61547.34,""size"":0.00502613,""num_orders"":1},{""price"":61547.35,""size"":0.00319954,""num_orders"":1},{""price"":61548.72,""size"":0.09729839,""num_orders"":1},{""price"":61550.0,""size"":0.0051,""num_orders"":1},{""price"":61551.99,""size"":0.01,""num_orders"":1},{""price"":61552.0,""size"":0.06820825,""num_orders"":2},{""price"":61552.01,""size"":0.09729839,""num_orders"":1},{""price"":61552.34,""size"":0.00019645,""num_orders"":1},{""price"":61553.84,""size"":0.01,""num_orders"":1},{""price"":61553.85,""size"":0.10148515,""num_orders"":2}]"
btc_usd_d10_20260708T152620Z,17,2026-07-08T15:43:20.954335Z,2026-07-08T15:43:20.954464Z,BTC-USD,10,ok,,132290964430,2026-07-08T15:43:18.182341178Z,0.29761972,0.33511104,-0.059253196415,61542.57,61542.580000000002,61542.574999999997,0.010000000002,0.001624891386,"[{""price"":61542.57,""size"":0.0151,""num_orders"":1},{""price"":61542.0,""size"":0.0055,""num_orders"":1},{""price"":61540.87,""size"":0.00319954,""num_orders"":1},{""price"":61540.86,""size"":3.948e-05,""num_orders"":1},{""price"":61540.0,""size"":0.0055,""num_orders"":1},{""price"":61538.71,""size"":0.00035584,""num_orders"":2},{""price"":61538.7,""size"":1.5e-07,""num_orders"":1},{""price"":61538.0,""size"":0.0053,""num_orders"":1},{""price"":61537.72,""size"":0.13264605,""num_orders"":1},{""price"":61537.71,""size"":0.12997866,""num_orders"":1}]","[{""price"":61542.58,""size"":0.05665921,""num_orders"":1},{""price"":61544.12,""size"":0.05687198,""num_orders"":1},{""price"":61544.53,""size"":0.00165,""num_orders"":1},{""price"":61545.8,""size"":1.8e-05,""num_orders"":1},{""price"":61546.0,""size"":0.0053,""num_orders"":1},{""price"":61546.2,""size"":0.07108998,""num_orders"":1},{""price"":61548.0,""size"":0.00540155,""num_orders"":2},{""price"":61548.62,""size"":0.00812366,""num_orders"":1},{""price"":61549.09,""size"":0.12997866,""num_orders"":1},{""price"":61549.5,""size"":1.8e-05,""num_orders"":1}]"
btc_usd_d10_20260708T152620Z,18,2026-07-08T15:44:20.954335Z,2026-07-08T15:44:20.954461Z,BTC-USD,10,ok,,132291036414,2026-07-08T15:44:18.684826794Z,0.14792353,0.30493633,-0.346713881862,61547,61547.970000000001,61547.485000000001,0.970000000001,0.157601890638,"[{""price"":61547.0,""size"":0.01976974,""num_orders"":1},{""price"":61545.99,""size"":0.00319954,""num_orders"":1},{""price"":61545.97,""size"":3.1e-07,""num_orders"":2},{""price"":61544.33,""size"":3.964e-05,""num_orders"":1},{""price"":61543.31,""size"":0.04876547,""num_orders"":1},{""price"":61543.3,""size"":0.05847543,""num_orders"":1},{""price"":61543.29,""size"":0.0008124,""num_orders"":1},{""price"":61542.03,""size"":0.001661,""num_orders"":1},{""price"":61542.0,""size"":0.0052,""num_orders"":1},{""price"":61540.01,""size"":0.01,""num_orders"":1}]","[{""price"":61547.97,""size"":0.03,""num_orders"":1},{""price"":61547.98,""size"":0.12208421,""num_orders"":1},{""price"":61548.45,""size"":0.00015232,""num_orders"":2},{""price"":61549.07,""size"":0.0121854,""num_orders"":2},{""price"":61549.08,""size"":0.0020315,""num_orders"":2},{""price"":61549.5,""size"":1.8e-05,""num_orders"":1},{""price"":61549.98,""size"":0.12997866,""num_orders"":1},{""price"":61550.0,""size"":0.0052,""num_orders"":1},{""price"":61550.45,""size"":0.001661,""num_orders"":1},{""price"":61550.73,""size"":0.00162524,""num_orders"":1}]"
btc_usd_d10_20260708T152620Z,19,2026-07-08T15:45:20.954335Z,2026-07-08T15:45:20.954461Z,BTC-USD,10,ok,,132291115924,2026-07-08T15:45:18.688995018Z,0.05922394,0.34641529,-0.70799698047,61523,61523.029999999999,61523.014999999999,0.029999999999,0.004876223963,"[{""price"":61523.0,""size"":0.0151,""num_orders"":1},{""price"":61522.0,""size"":0.02598821,""num_orders"":2},{""price"":61521.15,""size"":1.2e-07,""num_orders"":1},{""price"":61521.14,""size"":1.3e-07,""num_orders"":1},{""price"":61520.0,""size"":0.006,""num_orders"":1},{""price"":61519.41,""size"":3.949e-05,""num_orders"":1},{""price"":61519.05,""size"":1.1e-07,""num_orders"":1},{""price"":61518.07,""size"":0.00203192,""num_orders"":1},{""price"":61518.0,""size"":0.006,""num_orders"":1},{""price"":61516.34,""size"":0.00406396,""num_orders"":1}]","[{""price"":61523.03,""size"":0.01300412,""num_orders"":1},{""price"":61523.46,""size"":0.001634,""num_orders"":1},{""price"":61523.6,""size"":1.8e-05,""num_orders"":1},{""price"":61524.0,""size"":0.006,""num_orders"":1},{""price"":61526.0,""size"":0.006,""num_orders"":1},{""price"":61526.32,""size"":0.00811476,""num_orders"":1},{""price"":61526.33,""size"":9.7e-05,""num_orders"":1},{""price"":61526.82,""size"":0.1164645,""num_orders"":1},{""price"":61527.3,""size"":1.8e-05,""num_orders"":1},{""price"":61528.69,""size"":0.19506491,""num_orders"":1}]"
btc_usd_d10_20260708T152620Z,20,2026-07-08T15:46:20.954335Z,2026-07-08T15:46:20.954452Z,BTC-USD,10,ok,,132291204557,2026-07-08T15:46:19.046663857Z,0.28762906,1.11487614,-0.589835303284,61594.550000000003,61595.989999999998,61595.270000000004,1.439999999995,0.233784185051,"[{""price"":61594.55,""size"":0.01746828,""num_orders"":3},{""price"":61593.9,""size"":1.8e-05,""num_orders"":1},{""price"":61593.54,""size"":6.391e-05,""num_orders"":1},{""price"":61592.0,""size"":0.0063,""num_orders"":1},{""price"":61591.88,""size"":0.00012783,""num_orders"":1},{""price"":61590.2,""size"":1.8e-05,""num_orders"":1},{""price"":61590.02,""size"":0.00319954,""num_orders"":1},{""price"":61590.01,""size"":0.04876859,""num_orders"":1},{""price"":61590.0,""size"":0.0166,""num_orders"":2},{""price"":61589.85,""size"":0.19506491,""num_orders"":1}]","[{""price"":61595.99,""size"":0.04243184,""num_orders"":3},{""price"":61596.0,""size"":0.06683439,""num_orders"":2},{""price"":61597.05,""size"":0.15905154,""num_orders"":1},{""price"":61597.54,""size"":0.05682187,""num_orders"":1},{""price"":61598.0,""size"":0.0066,""num_orders"":1},{""price"":61599.49,""size"":0.28991298,""num_orders"":1},{""price"":61599.5,""size"":0.17836268,""num_orders"":1},{""price"":61599.51,""size"":0.04876859,""num_orders"":1},{""price"":61599.62,""size"":0.07102734,""num_orders"":1},{""price"":61599.99,""size"":0.19506491,""num_orders"":1}]"
btc_usd_d10_20260708T152620Z,21,2026-07-08T15:47:20.954335Z,2026-07-08T15:47:20.954460Z,BTC-USD,10,ok,,132291283453,2026-07-08T15:47:19.333354042Z,0.22558891,0.47643717,-0.357320428893,61549.019999999997,61549.029999999999,61549.024999999994,0.010000000002,0.001624721107,"[{""price"":61549.02,""size"":0.0125009,""num_orders"":2},{""price"":61549.0,""size"":1.4e-07,""num_orders"":1},{""price"":61547.49,""size"":0.00159972,""num_orders"":1},{""price"":61547.48,""size"":0.05686523,""num_orders"":1},{""price"":61545.41,""size"":0.04876859,""num_orders"":1},{""price"":61545.4,""size"":0.07108154,""num_orders"":1},{""price"":61544.53,""size"":0.001566,""num_orders"":1},{""price"":61544.38,""size"":0.01538245,""num_orders"":1},{""price"":61544.0,""size"":0.0097,""num_orders"":1},{""price"":61543.49,""size"":0.00812434,""num_orders"":1}]","[{""price"":61549.03,""size"":0.12054664,""num_orders"":5},{""price"":61549.04,""size"":1.9e-07,""num_orders"":1},{""price"":61549.05,""size"":2e-07,""num_orders"":1},{""price"":61549.4,""size"":0.04159813,""num_orders"":1},{""price"":61549.5,""size"":1.8e-05,""num_orders"":1},{""price"":61550.0,""size"":0.0084,""num_orders"":1},{""price"":61550.12,""size"":9.7e-05,""num_orders"":1},{""price"":61550.69,""size"":0.00811476,""num_orders"":1},{""price"":61550.71,""size"":0.04876859,""num_orders"":1},{""price"":61550.74,""size"":0.24889366,""num_orders"":2}]"
btc_usd_d10_20260708T152620Z,22,2026-07-08T15:48:20.954335Z,2026-07-08T15:48:20.954457Z,BTC-USD,10,ok,,132291350722,2026-07-08T15:48:18.544227508Z,0.47405698,0.29802962,0.227989140078,61568.580000000002,61568.589999999997,61568.584999999999,0.009999999995,0.001624204941,"[{""price"":61568.58,""size"":0.22016491,""num_orders"":3},{""price"":61568.0,""size"":0.010118,""num_orders"":2},{""price"":61566.0,""size"":0.0101,""num_orders"":1},{""price"":61565.76,""size"":0.01537664,""num_orders"":1},{""price"":61565.0,""size"":0.01,""num_orders"":1},{""price"":61564.3,""size"":1.8e-05,""num_orders"":1},{""price"":61564.28,""size"":6.526e-05,""num_orders"":1},{""price"":61564.23,""size"":0.00102206,""num_orders"":1},{""price"":61564.22,""size"":0.15842352,""num_orders"":1},{""price"":61564.21,""size"":0.04876859,""num_orders"":1}]","[{""price"":61568.59,""size"":0.05684743,""num_orders"":1},{""price"":61570.44,""size"":0.05684729,""num_orders"":1},{""price"":61571.42,""size"":0.1,""num_orders"":1},{""price"":61571.71,""size"":0.001591,""num_orders"":1},{""price"":61572.52,""size"":0.07105911,""num_orders"":1},{""price"":61573.29,""size"":0.001584,""num_orders"":1},{""price"":61573.64,""size"":2.4e-07,""num_orders"":1},{""price"":61573.65,""size"":2.7e-07,""num_orders"":1},{""price"":61573.66,""size"":2.8e-07,""num_orders"":1},{""price"":61574.0,""size"":0.0101,""num_orders"":1}]"
btc_usd_d10_20260708T152620Z,23,2026-07-08T15:49:20.954335Z,2026-07-08T15:49:20.954471Z,BTC-USD,10,ok,,132291404597,2026-07-08T15:49:19.170747811Z,0.33201032,0.43424002,-0.133415536233,61599.559999999998,61599.57,61599.565000000002,0.010000000002,0.001623388088,"[{""price"":61599.56,""size"":0.18062009,""num_orders"":1},{""price"":61599.55,""size"":1.2e-07,""num_orders"":1},{""price"":61599.25,""size"":0.00150308,""num_orders"":1},{""price"":61598.02,""size"":0.05681858,""num_orders"":1},{""price"":61597.86,""size"":0.001643,""num_orders"":1},{""price"":61597.6,""size"":1.8e-05,""num_orders"":1},{""price"":61595.94,""size"":0.07102322,""num_orders"":1},{""price"":61595.0,""size"":0.01,""num_orders"":1},{""price"":61593.99,""size"":0.00038423,""num_orders"":1},{""price"":61593.91,""size"":0.01,""num_orders"":1}]","[{""price"":61599.57,""size"":0.24368816,""num_orders"":3},{""price"":61599.58,""size"":0.01112382,""num_orders"":1},{""price"":61599.59,""size"":0.01112382,""num_orders"":1},{""price"":61599.6,""size"":0.01112382,""num_orders"":1},{""price"":61599.61,""size"":0.01112382,""num_orders"":1},{""price"":61599.62,""size"":0.01112382,""num_orders"":1},{""price"":61600.0,""size"":0.0091,""num_orders"":1},{""price"":61602.0,""size"":0.0091,""num_orders"":1},{""price"":61602.03,""size"":0.00027901,""num_orders"":4},{""price"":61602.33,""size"":0.11645375,""num_orders"":1}]"
btc_usd_d10_20260708T152620Z,24,2026-07-08T15:50:20.954335Z,2026-07-08T15:50:20.954462Z,BTC-USD,10,ok,,132291468059,2026-07-08T15:50:18.628584273Z,0.43453896,0.70445431,-0.236977124544,61622.089999999997,61623.150000000001,61622.619999999995,1.060000000005,0.17201475692,"[{""price"":61622.09,""size"":0.01986605,""num_orders"":1},{""price"":61622.08,""size"":0.04867236,""num_orders"":1},{""price"":61622.05,""size"":0.00159976,""num_orders"":1},{""price"":61622.02,""size"":0.17724963,""num_orders"":1},{""price"":61621.29,""size"":1.3e-07,""num_orders"":1},{""price"":61621.28,""size"":1.4e-07,""num_orders"":1},{""price"":61621.1,""size"":0.04881625,""num_orders"":2},{""price"":61620.48,""size"":0.05679787,""num_orders"":1},{""price"":61620.0,""size"":0.01053943,""num_orders"":2},{""price"":61618.4,""size"":0.07099734,""num_orders"":1}]","[{""price"":61623.15,""size"":0.00013394,""num_orders"":2},{""price"":61623.41,""size"":0.01,""num_orders"":1},{""price"":61623.42,""size"":0.17792476,""num_orders"":2},{""price"":61623.43,""size"":0.19506491,""num_orders"":1},{""price"":61623.5,""size"":1.8e-05,""num_orders"":1},{""price"":61623.74,""size"":0.00012678,""num_orders"":2},{""price"":61624.0,""size"":0.011,""num_orders"":1},{""price"":61624.36,""size"":0.01014209,""num_orders"":2},{""price"":61624.65,""size"":0.00485,""num_orders"":1},{""price"":61625.97,""size"":0.29519383,""num_orders"":2}]"
btc_usd_d10_20260708T152620Z,25,2026-07-08T15:51:20.954335Z,2026-07-08T15:51:20.954479Z,BTC-USD,10,ok,,132291535412,2026-07-08T15:51:20.345604637Z,0.32362818,1.37499314,-0.618951939212,61662.639999999999,61662.650000000001,61662.645000000004,0.010000000002,0.001621727385,"[{""price"":61662.64,""size"":0.03509992,""num_orders"":2},{""price"":61658.57,""size"":3.941e-05,""num_orders"":1},{""price"":61658.0,""size"":0.0121,""num_orders"":1},{""price"":61657.79,""size"":0.02,""num_orders"":2},{""price"":61656.84,""size"":0.0024932,""num_orders"":1},{""price"":61656.83,""size"":0.04876859,""num_orders"":1},{""price"":61656.82,""size"":0.19506491,""num_orders"":1},{""price"":61656.8,""size"":0.01,""num_orders"":1},{""price"":61656.79,""size"":6.199e-05,""num_orders"":1},{""price"":61656.71,""size"":1.6e-07,""num_orders"":1}]","[{""price"":61662.65,""size"":0.15406698,""num_orders"":1},{""price"":61664.2,""size"":1.8e-05,""num_orders"":1},{""price"":61667.02,""size"":0.11645375,""num_orders"":1},{""price"":61667.03,""size"":0.19506491,""num_orders"":1},{""price"":61667.9,""size"":1.8e-05,""num_orders"":1},{""price"":61668.16,""size"":0.13837409,""num_orders"":2},{""price"":61668.17,""size"":0.20283557,""num_orders"":2},{""price"":61670.73,""size"":0.04864399,""num_orders"":1},{""price"":61670.93,""size"":0.32445294,""num_orders"":1},{""price"":61670.94,""size"":0.19506491,""num_orders"":1}]"
btc_usd_d10_20260708T152620Z,26,2026-07-08T15:52:20.954335Z,2026-07-08T15:52:20.954453Z,BTC-USD,10,ok,,132291598059,2026-07-08T15:52:20.536068978Z,0.06490027,1.29877155,-0.90481541226,61642,61642.010000000002,61642.005000000005,0.010000000002,0.001622270399,"[{""price"":61642.0,""size"":1.812e-05,""num_orders"":2},{""price"":61641.99,""size"":1.3e-07,""num_orders"":1},{""price"":61641.98,""size"":1.4e-07,""num_orders"":1},{""price"":61640.0,""size"":0.01,""num_orders"":1},{""price"":61638.92,""size"":0.02230734,""num_orders"":4},{""price"":61638.3,""size"":1.8e-05,""num_orders"":1},{""price"":61638.0,""size"":0.0139,""num_orders"":1},{""price"":61637.73,""size"":0.001557,""num_orders"":1},{""price"":61636.01,""size"":0.00319954,""num_orders"":1},{""price"":61636.0,""size"":0.0139,""num_orders"":1}]","[{""price"":61642.01,""size"":0.42664522,""num_orders"":9},{""price"":61642.03,""size"":2.5e-07,""num_orders"":1},{""price"":61642.21,""size"":0.01,""num_orders"":1},{""price"":61642.22,""size"":0.31513165,""num_orders"":2},{""price"":61643.55,""size"":0.05677946,""num_orders"":1},{""price"":61643.96,""size"":0.04876859,""num_orders"":1},{""price"":61643.97,""size"":0.16220715,""num_orders"":1},{""price"":61643.98,""size"":0.19506491,""num_orders"":1},{""price"":61644.0,""size"":0.0132,""num_orders"":1},{""price"":61645.63,""size"":0.07097432,""num_orders"":1}]"
btc_usd_d10_20260708T152620Z,27,2026-07-08T15:53:20.954335Z,2026-07-08T15:53:20.954491Z,BTC-USD,10,ok,,132291652852,2026-07-08T15:53:20.844606239Z,0.18228743,0.23517615,-0.126690620533,61630.889999999999,61630.900000000001,61630.895000000004,0.010000000002,0.00162256284,"[{""price"":61630.89,""size"":0.13139523,""num_orders"":9},{""price"":61630.85,""size"":0.01,""num_orders"":1},{""price"":61630.84,""size"":0.01,""num_orders"":1},{""price"":61630.78,""size"":0.01,""num_orders"":1},{""price"":61630.77,""size"":0.01,""num_orders"":1},{""price"":61630.76,""size"":0.01,""num_orders"":1},{""price"":61630.74,""size"":1.2e-07,""num_orders"":1},{""price"":61630.73,""size"":1.2e-07,""num_orders"":1},{""price"":61630.72,""size"":1.2e-07,""num_orders"":1},{""price"":61630.46,""size"":0.00089184,""num_orders"":1}]","[{""price"":61630.9,""size"":1.8e-05,""num_orders"":1},{""price"":61632.93,""size"":2.535e-05,""num_orders"":1},{""price"":61633.22,""size"":0.00025352,""num_orders"":3},{""price"":61633.54,""size"":0.00202812,""num_orders"":1},{""price"":61633.83,""size"":0.02028107,""num_orders"":3},{""price"":61634.6,""size"":1.8e-05,""num_orders"":1},{""price"":61635.94,""size"":0.001552,""num_orders"":1},{""price"":61636.47,""size"":0.04876859,""num_orders"":1},{""price"":61636.48,""size"":2.435e-05,""num_orders"":1},{""price"":61636.91,""size"":0.16220715,""num_orders"":1}]"
btc_usd_d10_20260708T152620Z,28,2026-07-08T15:54:20.954335Z,2026-07-08T15:54:20.954466Z,BTC-USD,10,ok,,132291726831,2026-07-08T15:54:18.540748820Z,0.35319366,0.4847825,-0.157031722716,61623.709999999999,61623.720000000001,61623.714999999997,0.010000000002,0.001622751891,"[{""price"":61623.71,""size"":0.02969187,""num_orders"":3},{""price"":61623.7,""size"":0.1359055,""num_orders"":3},{""price"":61623.51,""size"":3.957e-05,""num_orders"":1},{""price"":61623.5,""size"":1.8e-05,""num_orders"":1},{""price"":61622.0,""size"":0.0149,""num_orders"":1},{""price"":61621.71,""size"":0.12982437,""num_orders"":1},{""price"":61620.63,""size"":0.01622834,""num_orders"":2},{""price"":61620.0,""size"":0.0265,""num_orders"":2},{""price"":61619.8,""size"":1.8e-05,""num_orders"":1},{""price"":61619.74,""size"":6.801e-05,""num_orders"":1}]","[{""price"":61623.72,""size"":0.04811399,""num_orders"":4},{""price"":61624.92,""size"":0.16015173,""num_orders"":1},{""price"":61625.26,""size"":0.00811375,""num_orders"":1},{""price"":61626.79,""size"":2.5e-07,""num_orders"":1},{""price"":61626.87,""size"":0.001622,""num_orders"":1},{""price"":61627.08,""size"":2.6e-07,""num_orders"":1},{""price"":61627.11,""size"":0.04157342,""num_orders"":1},{""price"":61627.34,""size"":0.01014219,""num_orders"":1},{""price"":61627.51,""size"":0.19506491,""num_orders"":1},{""price"":61627.62,""size"":0.02,""num_orders"":1}]"
btc_usd_d10_20260708T152620Z,29,2026-07-08T15:55:20.954335Z,2026-07-08T15:55:20.954478Z,BTC-USD,10,ok,,132291780227,2026-07-08T15:55:19.185236614Z,0.04209008,0.94186145,-0.914446842722,61658.480000000003,61658.489999999998,61658.485000000001,0.009999999995,0.001621836799,"[{""price"":61658.48,""size"":0.01742894,""num_orders"":2},{""price"":61658.47,""size"":1.4e-07,""num_orders"":1},{""price"":61658.4,""size"":1.5e-07,""num_orders"":1},{""price"":61658.0,""size"":0.0141,""num_orders"":1},{""price"":61657.97,""size"":3.885e-05,""num_orders"":2},{""price"":61657.96,""size"":1.4e-07,""num_orders"":1},{""price"":61657.79,""size"":0.00141255,""num_orders"":1},{""price"":61657.77,""size"":1.3e-07,""num_orders"":1},{""price"":61657.75,""size"":0.001,""num_orders"":1},{""price"":61656.94,""size"":0.00810918,""num_orders"":1}]","[{""price"":61658.49,""size"":0.17844297,""num_orders"":1},{""price"":61659.71,""size"":0.19506491,""num_orders"":1},{""price"":61660.81,""size"":0.04497028,""num_orders"":1},{""price"":61660.82,""size"":0.01642247,""num_orders"":1},{""price"":61660.95,""size"":0.0001267,""num_orders"":2},{""price"":61661.47,""size"":0.04876859,""num_orders"":1},{""price"":61661.56,""size"":0.01013597,""num_orders"":2},{""price"":61662.0,""size"":0.0141,""num_orders"":1},{""price"":61662.2,""size"":0.23876465,""num_orders"":1},{""price"":61662.21,""size"":0.19506491,""num_orders"":1}]"
btc_usd_d10_20260708T152620Z,30,2026-07-08T15:56:20.954335Z,2026-07-08T15:56:20.954490Z,BTC-USD,10,ok,,132291852177,2026-07-08T15:56:19.046723306Z,0.17547521,0.27922112,-0.228165268015,61630,61630.010000000002,61630.005000000005,0.010000000002,0.001622586271,"[{""price"":61630.0,""size"":1.3e-07,""num_orders"":1},{""price"":61629.99,""size"":1.4e-07,""num_orders"":1},{""price"":61629.98,""size"":1.3e-07,""num_orders"":1},{""price"":61629.89,""size"":0.00319954,""num_orders"":1},{""price"":61629.88,""size"":2.198e-05,""num_orders"":1},{""price"":61629.59,""size"":0.12980777,""num_orders"":1},{""price"":61628.0,""size"":0.0121,""num_orders"":1},{""price"":61627.95,""size"":0.00801584,""num_orders"":1},{""price"":61627.2,""size"":1.8e-05,""num_orders"":1},{""price"":61626.92,""size"":0.02231168,""num_orders"":4}]","[{""price"":61630.01,""size"":0.00811314,""num_orders"":2},{""price"":61631.54,""size"":0.04876859,""num_orders"":1},{""price"":61631.55,""size"":0.0567893,""num_orders"":2},{""price"":61631.86,""size"":0.12978172,""num_orders"":1},{""price"":61632.0,""size"":0.0121,""num_orders"":1},{""price"":61632.98,""size"":1.8e-07,""num_orders"":1},{""price"":61632.99,""size"":1.9e-07,""num_orders"":1},{""price"":61633.45,""size"":0.001568,""num_orders"":1},{""price"":61633.97,""size"":0.01,""num_orders"":1},{""price"":61634.0,""size"":0.0121,""num_orders"":1}]"
btc_usd_d10_20260708T152620Z,31,2026-07-08T15:57:20.954335Z,2026-07-08T15:57:20.954494Z,BTC-USD,10,ok,,132291919238,2026-07-08T15:57:18.845154222Z,0.51278346,0.08069212,0.728069282985,61609.160000000003,61609.169999999998,61609.165000000001,0.009999999995,0.001623135128,"[{""price"":61609.16,""size"":0.0251,""num_orders"":2},{""price"":61609.14,""size"":0.03,""num_orders"":1},{""price"":61608.59,""size"":0.00159976,""num_orders"":1},{""price"":61608.0,""size"":0.0125,""num_orders"":1},{""price"":61607.58,""size"":0.02,""num_orders"":2},{""price"":61606.32,""size"":0.04876859,""num_orders"":1},{""price"":61606.31,""size"":0.16232914,""num_orders"":1},{""price"":61606.06,""size"":0.17998597,""num_orders"":2},{""price"":61606.0,""size"":0.0125,""num_orders"":1},{""price"":61605.88,""size"":0.02,""num_orders"":2}]","[{""price"":61609.17,""size"":0.01452382,""num_orders"":1},{""price"":61609.18,""size"":0.01452382,""num_orders"":1},{""price"":61609.19,""size"":0.01452382,""num_orders"":1},{""price"":61609.2,""size"":0.01454918,""num_orders"":2},{""price"":61609.21,""size"":0.00010145,""num_orders"":1},{""price"":61609.24,""size"":0.00010145,""num_orders"":1},{""price"":61609.27,""size"":5.072e-05,""num_orders"":1},{""price"":61609.82,""size"":0.01014449,""num_orders"":2},{""price"":61609.86,""size"":0.00811558,""num_orders"":1},{""price"":61609.89,""size"":0.00405779,""num_orders"":1}]"
btc_usd_d10_20260708T152620Z,32,2026-07-08T15:58:20.954335Z,2026-07-08T15:58:20.954497Z,BTC-USD,10,ok,,132291975809,2026-07-08T15:58:20.605018601Z,0.06968024,0.09324413,-0.144630849271,61618.809999999998,61618.830000000002,61618.82,0.020000000004,0.003245761604,"[{""price"":61618.81,""size"":0.03323607,""num_orders"":3},{""price"":61618.0,""size"":0.0083,""num_orders"":1},{""price"":61617.27,""size"":0.0081144,""num_orders"":1},{""price"":61616.47,""size"":1.2e-07,""num_orders"":1},{""price"":61616.46,""size"":1.3e-07,""num_orders"":1},{""price"":61616.45,""size"":1.3e-07,""num_orders"":1},{""price"":61616.08,""size"":4.933e-05,""num_orders"":1},{""price"":61616.0,""size"":0.0083,""num_orders"":1},{""price"":61614.49,""size"":0.001537,""num_orders"":1},{""price"":61614.4,""size"":0.01014306,""num_orders"":1}]","[{""price"":61618.83,""size"":0.01162382,""num_orders"":1},{""price"":61618.84,""size"":0.01162382,""num_orders"":1},{""price"":61618.85,""size"":0.01162382,""num_orders"":1},{""price"":61618.86,""size"":0.01162382,""num_orders"":1},{""price"":61618.87,""size"":0.01162382,""num_orders"":1},{""price"":61618.88,""size"":0.01162382,""num_orders"":1},{""price"":61618.89,""size"":0.01162382,""num_orders"":1},{""price"":61618.9,""size"":0.01162382,""num_orders"":1},{""price"":61618.94,""size"":0.00015214,""num_orders"":2},{""price"":61619.04,""size"":0.00010143,""num_orders"":1}]"
btc_usd_d10_20260708T152620Z,33,2026-07-08T15:59:20.954335Z,2026-07-08T15:59:20.954461Z,BTC-USD,10,ok,,132292035988,2026-07-08T15:59:20.047601661Z,0.27445545,0.82520751,-0.500837147411,61642,61642.010000000002,61642.005000000005,0.010000000002,0.001622270399,"[{""price"":61642.0,""size"":0.02296618,""num_orders"":4},{""price"":61640.0,""size"":0.0178,""num_orders"":2},{""price"":61639.49,""size"":0.001556,""num_orders"":1},{""price"":61638.3,""size"":1.8e-05,""num_orders"":1},{""price"":61638.0,""size"":0.0078,""num_orders"":1},{""price"":61637.09,""size"":0.04876859,""num_orders"":1},{""price"":61635.14,""size"":0.00319954,""num_orders"":1},{""price"":61635.13,""size"":0.16232914,""num_orders"":1},{""price"":61635.0,""size"":0.01,""num_orders"":1},{""price"":61634.6,""size"":1.8e-05,""num_orders"":1}]","[{""price"":61642.01,""size"":0.01102382,""num_orders"":1},{""price"":61644.01,""size"":0.00811121,""num_orders"":1},{""price"":61645.47,""size"":0.23739848,""num_orders"":1},{""price"":61645.48,""size"":0.16232914,""num_orders"":1},{""price"":61645.5,""size"":0.17844297,""num_orders"":1},{""price"":61645.55,""size"":0.0568798,""num_orders"":2},{""price"":61645.71,""size"":2.4e-07,""num_orders"":1},{""price"":61645.72,""size"":2.5e-07,""num_orders"":1},{""price"":61647.63,""size"":0.01013902,""num_orders"":1},{""price"":61647.83,""size"":0.16088258,""num_orders"":1}]"
btc_usd_d10_20260708T152620Z,34,2026-07-08T16:00:20.954335Z,2026-07-08T16:00:20.954459Z,BTC-USD,10,ok,,132292096223,2026-07-08T16:00:19.095889255Z,0.26696414,0.30676365,-0.069370023021,61645.339999999997,61645.349999999999,61645.345000000001,0.010000000002,0.001622182503,"[{""price"":61645.34,""size"":0.00811061,""num_orders"":1},{""price"":61644.01,""size"":0.00319954,""num_orders"":1},{""price"":61644.0,""size"":0.0086,""num_orders"":1},{""price"":61643.26,""size"":0.01013826,""num_orders"":1},{""price"":61642.0,""size"":0.0086,""num_orders"":1},{""price"":61641.62,""size"":0.04876859,""num_orders"":1},{""price"":61640.0,""size"":0.0086,""num_orders"":1},{""price"":61639.73,""size"":0.16232914,""num_orders"":1},{""price"":61638.3,""size"":1.8e-05,""num_orders"":1},{""price"":61638.0,""size"":0.0086,""num_orders"":1}]","[{""price"":61645.35,""size"":0.0251,""num_orders"":2},{""price"":61645.99,""size"":0.01022382,""num_orders"":1},{""price"":61646.0,""size"":0.01022382,""num_orders"":1},{""price"":61646.01,""size"":0.01022382,""num_orders"":1},{""price"":61646.84,""size"":0.01,""num_orders"":1},{""price"":61646.85,""size"":0.01,""num_orders"":1},{""price"":61646.86,""size"":0.01,""num_orders"":1},{""price"":61646.87,""size"":0.01,""num_orders"":1},{""price"":61648.42,""size"":0.04866305,""num_orders"":1},{""price"":61649.0,""size"":0.16232914,""num_orders"":1}]"
btc_usd_d10_20260708T152620Z,35,2026-07-08T16:01:20.954335Z,2026-07-08T16:01:20.954474Z,BTC-USD,10,ok,,132292171756,2026-07-08T16:01:18.690310420Z,0.17204196,0.33858226,-0.326150412528,61699.959999999999,61699.970000000001,61699.964999999997,0.010000000002,0.001620746463,"[{""price"":61699.96,""size"":0.05179512,""num_orders"":2},{""price"":61697.1,""size"":1.7e-07,""num_orders"":1},{""price"":61696.95,""size"":0.00319954,""num_orders"":1},{""price"":61696.94,""size"":0.001565,""num_orders"":1},{""price"":61696.74,""size"":1.4e-07,""num_orders"":1},{""price"":61696.11,""size"":0.04876859,""num_orders"":1},{""price"":61696.07,""size"":0.00729523,""num_orders"":1},{""price"":61696.0,""size"":0.0093,""num_orders"":1},{""price"":61695.85,""size"":0.00648264,""num_orders"":1},{""price"":61695.23,""size"":0.04363553,""num_orders"":1}]","[{""price"":61699.97,""size"":0.03789634,""num_orders"":3},{""price"":61700.0,""size"":0.0093,""num_orders"":1},{""price"":61700.83,""size"":0.05804388,""num_orders"":1},{""price"":61700.84,""size"":0.09722593,""num_orders"":1},{""price"":61701.52,""size"":0.00810373,""num_orders"":1},{""price"":61701.94,""size"":0.09858231,""num_orders"":1},{""price"":61701.95,""size"":0.01,""num_orders"":1},{""price"":61701.96,""size"":4.1e-07,""num_orders"":2},{""price"":61702.0,""size"":0.0093,""num_orders"":1},{""price"":61703.6,""size"":0.01012966,""num_orders"":1}]"
btc_usd_d10_20260708T152620Z,36,2026-07-08T16:02:20.954335Z,2026-07-08T16:02:20.954490Z,BTC-USD,10,ok,,132292242926,2026-07-08T16:02:19.603811585Z,0.19276212,0.35235835,-0.292772403135,61686.400000000001,61686.410000000003,61686.404999999999,0.010000000002,0.001621102738,"[{""price"":61686.4,""size"":2.529e-05,""num_orders"":2},{""price"":61684.61,""size"":0.00319954,""num_orders"":1},{""price"":61684.6,""size"":0.1,""num_orders"":1},{""price"":61684.0,""size"":0.0092,""num_orders"":1},{""price"":61683.32,""size"":0.02229128,""num_orders"":4},{""price"":61682.7,""size"":1.8e-05,""num_orders"":1},{""price"":61682.15,""size"":6.693e-05,""num_orders"":1},{""price"":61682.0,""size"":0.0092,""num_orders"":1},{""price"":61681.82,""size"":0.04862723,""num_orders"":1},{""price"":61680.41,""size"":0.00013385,""num_orders"":1}]","[{""price"":61686.41,""size"":0.0495,""num_orders"":4},{""price"":61686.44,""size"":0.01172382,""num_orders"":1},{""price"":61686.45,""size"":0.01172382,""num_orders"":1},{""price"":61687.46,""size"":0.14552572,""num_orders"":2},{""price"":61687.47,""size"":0.09722593,""num_orders"":1},{""price"":61688.0,""size"":0.0092,""num_orders"":1},{""price"":61688.39,""size"":0.00877432,""num_orders"":1},{""price"":61688.4,""size"":0.01,""num_orders"":1},{""price"":61688.41,""size"":2e-07,""num_orders"":1},{""price"":61688.65,""size"":0.00868454,""num_orders"":1}]"
btc_usd_d10_20260708T152620Z,37,2026-07-08T16:03:20.954335Z,2026-07-08T16:03:20.954455Z,BTC-USD,10,ok,,132292305202,2026-07-08T16:03:20.046554002Z,0.82831855,0.29212599,0.478553414165,61669.919999999998,61669.93,61669.925000000003,0.010000000002,0.001621535943,"[{""price"":61669.92,""size"":0.2644227,""num_orders"":8},{""price"":61669.91,""size"":1.9e-07,""num_orders"":1},{""price"":61669.9,""size"":2e-07,""num_orders"":1},{""price"":61668.6,""size"":0.2268973,""num_orders"":1},{""price"":61668.38,""size"":0.00810767,""num_orders"":1},{""price"":61668.13,""size"":0.04876859,""num_orders"":1},{""price"":61666.97,""size"":0.09722593,""num_orders"":1},{""price"":61666.96,""size"":0.16216138,""num_orders"":1},{""price"":61666.29,""size"":0.01013459,""num_orders"":1},{""price"":61666.0,""size"":0.0106,""num_orders"":1}]","[{""price"":61669.93,""size"":0.01706291,""num_orders"":4},{""price"":61669.94,""size"":1.8e-07,""num_orders"":1},{""price"":61669.96,""size"":1.8e-07,""num_orders"":1},{""price"":61670.93,""size"":0.24561811,""num_orders"":2},{""price"":61671.6,""size"":1.8e-05,""num_orders"":1},{""price"":61672.4,""size"":0.00010134,""num_orders"":1},{""price"":61673.01,""size"":0.00810727,""num_orders"":1},{""price"":61674.0,""size"":0.0106,""num_orders"":1},{""price"":61675.3,""size"":1.8e-05,""num_orders"":1},{""price"":61676.0,""size"":0.0106,""num_orders"":1}]"
btc_usd_d10_20260708T152620Z,38,2026-07-08T16:04:20.954335Z,2026-07-08T16:04:20.954489Z,BTC-USD,10,ok,,132292374691,2026-07-08T16:04:20.545741981Z,0.19903435,0.17796874,0.055876491622,61633.82,61633.830000000002,61633.824999999997,0.010000000002,0.001622485705,"[{""price"":61633.82,""size"":0.13574767,""num_orders"":5},{""price"":61633.81,""size"":1.5e-07,""num_orders"":1},{""price"":61633.8,""size"":1.6e-07,""num_orders"":1},{""price"":61632.32,""size"":1.3e-07,""num_orders"":1},{""price"":61632.28,""size"":0.00811242,""num_orders"":1},{""price"":61631.24,""size"":0.001623,""num_orders"":1},{""price"":61630.74,""size"":0.02231029,""num_orders"":4},{""price"":61630.2,""size"":0.01014053,""num_orders"":1},{""price"":61630.0,""size"":0.0111,""num_orders"":1},{""price"":61628.01,""size"":0.01,""num_orders"":1}]","[{""price"":61633.83,""size"":0.02501143,""num_orders"":4},{""price"":61633.84,""size"":0.01312382,""num_orders"":1},{""price"":61633.85,""size"":0.06057257,""num_orders"":3},{""price"":61633.86,""size"":0.01312382,""num_orders"":1},{""price"":61633.87,""size"":0.01322382,""num_orders"":1},{""price"":61633.88,""size"":0.01322382,""num_orders"":1},{""price"":61633.9,""size"":0.01322382,""num_orders"":1},{""price"":61633.91,""size"":0.01322382,""num_orders"":1},{""price"":61633.92,""size"":0.01322382,""num_orders"":1},{""price"":61634.6,""size"":1.8e-05,""num_orders"":1}]"
btc_usd_d10_20260708T152620Z,39,2026-07-08T16:05:20.954335Z,2026-07-08T16:05:20.954473Z,BTC-USD,10,ok,,132292445439,2026-07-08T16:05:20.603941721Z,0.18203865,0.34221256,-0.30552892763,61705.989999999998,61706,61705.994999999995,0.010000000002,0.001620588081,"[{""price"":61705.99,""size"":0.15565426,""num_orders"":3},{""price"":61705.98,""size"":1.9e-07,""num_orders"":1},{""price"":61703.63,""size"":1.5e-07,""num_orders"":1},{""price"":61703.62,""size"":1.6e-07,""num_orders"":1},{""price"":61702.37,""size"":0.00233775,""num_orders"":1},{""price"":61702.0,""size"":0.0104,""num_orders"":1},{""price"":61701.5,""size"":0.00131581,""num_orders"":1},{""price"":61700.54,""size"":0.00027633,""num_orders"":1},{""price"":61700.0,""size"":0.0104,""num_orders"":1},{""price"":61699.89,""size"":0.001654,""num_orders"":1}]","[{""price"":61706.0,""size"":0.02778836,""num_orders"":2},{""price"":61707.9,""size"":0.09722593,""num_orders"":1},{""price"":61707.91,""size"":0.00319954,""num_orders"":1},{""price"":61707.95,""size"":0.04876859,""num_orders"":1},{""price"":61707.99,""size"":0.04527152,""num_orders"":1},{""price"":61708.0,""size"":0.01040017,""num_orders"":2},{""price"":61708.57,""size"":0.001654,""num_orders"":1},{""price"":61710.0,""size"":0.0104,""num_orders"":1},{""price"":61710.08,""size"":0.09722593,""num_orders"":1},{""price"":61710.46,""size"":0.00027852,""num_orders"":4}]"
btc_usd_d10_20260708T152620Z,40,2026-07-08T16:06:20.954335Z,2026-07-08T16:06:20.954494Z,BTC-USD,10,ok,,132292527175,2026-07-08T16:06:19.602241755Z,0.19204454,0.39115671,-0.341412454106,61697.889999999999,61697.900000000001,61697.895000000004,0.010000000002,0.00162080084,"[{""price"":61697.89,""size"":0.1,""num_orders"":1},{""price"":61696.92,""size"":0.02228636,""num_orders"":4},{""price"":61696.91,""size"":0.00810389,""num_orders"":1},{""price"":61696.01,""size"":9e-08,""num_orders"":1},{""price"":61695.58,""size"":0.00096146,""num_orders"":1},{""price"":61695.45,""size"":0.001662,""num_orders"":1},{""price"":61695.06,""size"":7.475e-05,""num_orders"":1},{""price"":61694.83,""size"":0.01012986,""num_orders"":1},{""price"":61694.59,""size"":3.954e-05,""num_orders"":1},{""price"":61693.8,""size"":0.04878659,""num_orders"":2}]","[{""price"":61697.9,""size"":0.03142382,""num_orders"":2},{""price"":61697.99,""size"":0.01632382,""num_orders"":1},{""price"":61698.0,""size"":0.0103,""num_orders"":1},{""price"":61698.45,""size"":0.01632382,""num_orders"":1},{""price"":61698.99,""size"":0.01632382,""num_orders"":1},{""price"":61699.0,""size"":0.00159977,""num_orders"":1},{""price"":61700.0,""size"":0.0303,""num_orders"":3},{""price"":61700.01,""size"":0.1286038,""num_orders"":2},{""price"":61700.85,""size"":0.12965786,""num_orders"":1},{""price"":61702.0,""size"":0.0103,""num_orders"":1}]"
btc_usd_d10_20260708T152620Z,41,2026-07-08T16:07:20.954335Z,2026-07-08T16:07:20.954469Z,BTC-USD,10,ok,,132292598193,2026-07-08T16:07:20.546707873Z,0.3257624,0.15274374,0.361580856622,61716.019999999997,61716.029999999999,61716.024999999994,0.010000000002,0.001620324705,"[{""price"":61716.02,""size"":0.18376517,""num_orders"":6},{""price"":61716.0,""size"":1.813e-05,""num_orders"":2},{""price"":61714.0,""size"":0.0119,""num_orders"":1},{""price"":61713.41,""size"":0.0015553,""num_orders"":1},{""price"":61712.93,""size"":0.01822957,""num_orders"":3},{""price"":61712.3,""size"":1.8e-05,""num_orders"":1},{""price"":61712.01,""size"":0.09722593,""num_orders"":1},{""price"":61712.0,""size"":0.0114,""num_orders"":1},{""price"":61710.48,""size"":2.43e-05,""num_orders"":1},{""price"":61710.38,""size"":0.001626,""num_orders"":1}]","[{""price"":61716.03,""size"":0.05922032,""num_orders"":3},{""price"":61716.04,""size"":2.1e-07,""num_orders"":1},{""price"":61716.05,""size"":2.1e-07,""num_orders"":1},{""price"":61717.58,""size"":0.00810162,""num_orders"":1},{""price"":61718.0,""size"":0.0119,""num_orders"":1},{""price"":61718.98,""size"":0.001626,""num_orders"":1},{""price"":61719.64,""size"":0.00159977,""num_orders"":1},{""price"":61719.65,""size"":0.04876859,""num_orders"":1},{""price"":61719.66,""size"":0.01012702,""num_orders"":1},{""price"":61720.0,""size"":0.0114,""num_orders"":1}]"
btc_usd_d10_20260708T152620Z,42,2026-07-08T16:08:20.954335Z,2026-07-08T16:08:20.954479Z,BTC-USD,10,ok,,132292665046,2026-07-08T16:08:19.629718755Z,0.17342913,0.39263532,-0.387245992925,61705.110000000001,61705.120000000003,61705.115000000005,0.010000000002,0.001620611193,"[{""price"":61705.11,""size"":0.00010772,""num_orders"":2},{""price"":61704.9,""size"":1.8e-05,""num_orders"":1},{""price"":61704.72,""size"":0.02228355,""num_orders"":4},{""price"":61704.09,""size"":0.1,""num_orders"":1},{""price"":61701.61,""size"":0.00351169,""num_orders"":1},{""price"":61701.2,""size"":1.8e-05,""num_orders"":1},{""price"":61700.0,""size"":0.0318554,""num_orders"":3},{""price"":61697.53,""size"":0.00157,""num_orders"":1},{""price"":61697.5,""size"":1.8e-05,""num_orders"":1},{""price"":61696.13,""size"":0.01404677,""num_orders"":1}]","[{""price"":61705.12,""size"":0.08326527,""num_orders"":5},{""price"":61706.0,""size"":0.0138,""num_orders"":1},{""price"":61707.51,""size"":0.00157,""num_orders"":1},{""price"":61707.79,""size"":0.01,""num_orders"":1},{""price"":61707.8,""size"":0.00159977,""num_orders"":1},{""price"":61707.81,""size"":0.09722593,""num_orders"":1},{""price"":61707.82,""size"":0.15530048,""num_orders"":3},{""price"":61707.83,""size"":3e-07,""num_orders"":1},{""price"":61708.0,""size"":0.0138,""num_orders"":1},{""price"":61708.6,""size"":0.01607357,""num_orders"":1}]"
btc_usd_d10_20260708T152620Z,43,2026-07-08T16:09:20.954335Z,2026-07-08T16:09:20.954485Z,BTC-USD,10,ok,,132292722718,2026-07-08T16:09:20.045724939Z,0.34225421,0.45798047,-0.144615402072,61734.489999999998,61734.5,61734.494999999995,0.010000000002,0.001619839929,"[{""price"":61734.49,""size"":0.15254543,""num_orders"":3},{""price"":61734.48,""size"":0.03,""num_orders"":1},{""price"":61734.46,""size"":0.03,""num_orders"":1},{""price"":61734.0,""size"":0.0124,""num_orders"":1},{""price"":61733.63,""size"":0.03870309,""num_orders"":1},{""price"":61733.62,""size"":0.06704966,""num_orders"":3},{""price"":61733.61,""size"":1.5e-07,""num_orders"":1},{""price"":61733.6,""size"":1.6e-07,""num_orders"":1},{""price"":61732.3,""size"":0.00345641,""num_orders"":1},{""price"":61732.07,""size"":0.00809931,""num_orders"":1}]","[{""price"":61734.5,""size"":1.8e-05,""num_orders"":1},{""price"":61735.15,""size"":0.00091369,""num_orders"":1},{""price"":61736.1,""size"":0.00015186,""num_orders"":2},{""price"":61736.72,""size"":0.01214836,""num_orders"":2},{""price"":61737.14,""size"":0.0015462,""num_orders"":2},{""price"":61738.0,""size"":0.0131,""num_orders"":1},{""price"":61738.2,""size"":1.8e-05,""num_orders"":1},{""price"":61739.59,""size"":0.01,""num_orders"":1},{""price"":61739.6,""size"":0.32285843,""num_orders"":2},{""price"":61739.61,""size"":0.09722593,""num_orders"":1}]"
btc_usd_d10_20260708T152620Z,44,2026-07-08T16:10:20.954335Z,2026-07-08T16:10:20.954460Z,BTC-USD,10,ok,,132292809533,2026-07-08T16:10:20.104076217Z,0.34377151,0.76917444,-0.382231437205,61786.889999999999,61786.900000000001,61786.895000000004,0.010000000002,0.001618466182,"[{""price"":61786.89,""size"":0.05679021,""num_orders"":3},{""price"":61786.43,""size"":0.1,""num_orders"":1},{""price"":61786.3,""size"":1.8e-05,""num_orders"":1},{""price"":61785.34,""size"":0.01820819,""num_orders"":3},{""price"":61785.0,""size"":0.01,""num_orders"":1},{""price"":61784.81,""size"":0.01011503,""num_orders"":1},{""price"":61783.29,""size"":0.00159977,""num_orders"":1},{""price"":61783.28,""size"":0.12948486,""num_orders"":1},{""price"":61782.98,""size"":0.01599145,""num_orders"":1},{""price"":61782.91,""size"":0.001564,""num_orders"":1}]","[{""price"":61786.9,""size"":0.03882382,""num_orders"":2},{""price"":61788.0,""size"":0.0124,""num_orders"":1},{""price"":61788.43,""size"":0.18369295,""num_orders"":1},{""price"":61788.44,""size"":0.11722593,""num_orders"":2},{""price"":61789.98,""size"":0.00969179,""num_orders"":2},{""price"":61789.99,""size"":0.07114955,""num_orders"":3},{""price"":61790.0,""size"":0.01240018,""num_orders"":2},{""price"":61790.73,""size"":0.26715271,""num_orders"":3},{""price"":61791.54,""size"":0.00809192,""num_orders"":1},{""price"":61791.62,""size"":0.04854559,""num_orders"":1}]"
btc_usd_d10_20260708T152620Z,45,2026-07-08T16:11:20.954335Z,2026-07-08T16:11:20.954467Z,BTC-USD,10,ok,,132292867556,2026-07-08T16:11:19.036370409Z,0.35321565,0.41447284,-0.079794331683,61807.220000000001,61807.230000000003,61807.225000000006,0.010000000002,0.001617933826,"[{""price"":61807.22,""size"":0.06965626,""num_orders"":3},{""price"":61807.21,""size"":2e-07,""num_orders"":1},{""price"":61807.2,""size"":2.3e-07,""num_orders"":1},{""price"":61804.43,""size"":0.04853189,""num_orders"":1},{""price"":61804.42,""size"":0.001538,""num_orders"":1},{""price"":61804.06,""size"":0.00080896,""num_orders"":1},{""price"":61802.89,""size"":3.664e-05,""num_orders"":1},{""price"":61802.82,""size"":0.00319954,""num_orders"":1},{""price"":61802.81,""size"":0.12944393,""num_orders"":1},{""price"":61802.32,""size"":0.1,""num_orders"":1}]","[{""price"":61807.23,""size"":0.1775838,""num_orders"":8},{""price"":61807.24,""size"":1.5e-07,""num_orders"":1},{""price"":61807.25,""size"":1.5e-07,""num_orders"":1},{""price"":61807.95,""size"":0.01,""num_orders"":1},{""price"":61807.96,""size"":0.09855515,""num_orders"":2},{""price"":61807.97,""size"":0.09722593,""num_orders"":1},{""price"":61808.0,""size"":0.013,""num_orders"":1},{""price"":61808.5,""size"":1.8e-05,""num_orders"":1},{""price"":61808.77,""size"":0.01,""num_orders"":1},{""price"":61808.78,""size"":0.00808966,""num_orders"":1}]"
btc_usd_d10_20260708T152620Z,46,2026-07-08T16:12:20.954335Z,2026-07-08T16:12:20.954472Z,BTC-USD,10,ok,,132292915021,2026-07-08T16:12:18.653459206Z,0.32640403,0.3856853,-0.083249765869,61802.349999999999,61802.360000000001,61802.354999999996,0.010000000002,0.001618061319,"[{""price"":61802.35,""size"":0.05557923,""num_orders"":4},{""price"":61802.34,""size"":1.2e-07,""num_orders"":1},{""price"":61802.33,""size"":1.3e-07,""num_orders"":1},{""price"":61801.1,""size"":1.8e-05,""num_orders"":1},{""price"":61800.62,""size"":0.00319954,""num_orders"":1},{""price"":61800.61,""size"":0.12944855,""num_orders"":1},{""price"":61800.41,""size"":0.001609,""num_orders"":1},{""price"":61800.32,""size"":0.1,""num_orders"":1},{""price"":61799.26,""size"":0.02224946,""num_orders"":4},{""price"":61798.0,""size"":0.0143,""num_orders"":1}]","[{""price"":61802.36,""size"":0.12858819,""num_orders"":5},{""price"":61802.37,""size"":2.9e-07,""num_orders"":1},{""price"":61802.39,""size"":3e-07,""num_orders"":1},{""price"":61803.87,""size"":0.01,""num_orders"":1},{""price"":61803.88,""size"":0.16401064,""num_orders"":1},{""price"":61803.91,""size"":0.0080903,""num_orders"":1},{""price"":61804.0,""size"":0.0143,""num_orders"":1},{""price"":61804.66,""size"":0.04876859,""num_orders"":1},{""price"":61805.13,""size"":0.01173148,""num_orders"":1},{""price"":61805.38,""size"":0.00019551,""num_orders"":1}]"
btc_usd_d10_20260708T152620Z,47,2026-07-08T16:13:20.954335Z,2026-07-08T16:13:20.954470Z,BTC-USD,10,ok,,132292961757,2026-07-08T16:13:19.127169825Z,0.15067469,0.33441178,-0.378771830103,61789.160000000003,61789.169999999998,61789.165000000001,0.009999999995,0.001618406721,"[{""price"":61789.16,""size"":1.3e-07,""num_orders"":1},{""price"":61789.14,""size"":1.2e-07,""num_orders"":1},{""price"":61789.13,""size"":1.2e-07,""num_orders"":1},{""price"":61789.12,""size"":1.2e-07,""num_orders"":1},{""price"":61788.23,""size"":0.00319954,""num_orders"":1},{""price"":61788.22,""size"":0.12951716,""num_orders"":2},{""price"":61788.0,""size"":0.0158,""num_orders"":1},{""price"":61787.09,""size"":0.00016619,""num_orders"":1},{""price"":61786.33,""size"":0.00066377,""num_orders"":1},{""price"":61786.32,""size"":0.00132754,""num_orders"":1}]","[{""price"":61789.17,""size"":0.14178129,""num_orders"":7},{""price"":61789.18,""size"":2.6e-07,""num_orders"":1},{""price"":61789.97,""size"":3.755e-05,""num_orders"":1},{""price"":61790.72,""size"":0.00809203,""num_orders"":1},{""price"":61791.65,""size"":9.106e-05,""num_orders"":1},{""price"":61791.76,""size"":4.025e-05,""num_orders"":1},{""price"":61792.0,""size"":0.0158,""num_orders"":1},{""price"":61793.0,""size"":0.10078242,""num_orders"":1},{""price"":61793.01,""size"":0.06131292,""num_orders"":1},{""price"":61793.4,""size"":0.006474,""num_orders"":1}]"
btc_usd_d10_20260708T152620Z,48,2026-07-08T16:14:20.954335Z,2026-07-08T16:14:20.954469Z,BTC-USD,10,ok,,132293010108,2026-07-08T16:14:18.844325877Z,0.4128662,0.26579222,0.216712819978,61775.589999999997,61775.599999999999,61775.595000000001,0.010000000002,0.001618762232,"[{""price"":61775.59,""size"":0.2185966,""num_orders"":10},{""price"":61775.57,""size"":1.5e-07,""num_orders"":1},{""price"":61775.26,""size"":0.12950166,""num_orders"":1},{""price"":61774.13,""size"":0.001568,""num_orders"":1},{""price"":61774.0,""size"":0.0142,""num_orders"":1},{""price"":61773.98,""size"":0.00809372,""num_orders"":1},{""price"":61772.51,""size"":0.00319952,""num_orders"":1},{""price"":61772.5,""size"":0.0222591,""num_orders"":4},{""price"":61772.0,""size"":0.0142,""num_orders"":1},{""price"":61771.91,""size"":0.00124745,""num_orders"":1}]","[{""price"":61775.6,""size"":0.15130843,""num_orders"":4},{""price"":61775.61,""size"":1.8e-07,""num_orders"":1},{""price"":61775.62,""size"":2e-07,""num_orders"":1},{""price"":61776.96,""size"":0.0003845,""num_orders"":1},{""price"":61778.9,""size"":1.8e-05,""num_orders"":1},{""price"":61780.0,""size"":0.015,""num_orders"":1},{""price"":61780.03,""size"":0.03709574,""num_orders"":1},{""price"":61780.04,""size"":0.06185872,""num_orders"":1},{""price"":61781.29,""size"":0.00010116,""num_orders"":1},{""price"":61781.33,""size"":2.529e-05,""num_orders"":1}]"
btc_usd_d10_20260708T152620Z,49,2026-07-08T16:15:20.954335Z,2026-07-08T16:15:20.954456Z,BTC-USD,10,ok,,132293062602,2026-07-08T16:15:20.045597349Z,0.88196823,0.41857197,0.35631060078,61738.809999999998,61738.82,61738.815000000002,0.010000000002,0.001619726586,"[{""price"":61738.81,""size"":0.52411685,""num_orders"":15},{""price"":61738.8,""size"":1.1e-07,""num_orders"":1},{""price"":61738.79,""size"":1.1e-07,""num_orders"":1},{""price"":61738.2,""size"":1.8e-05,""num_orders"":1},{""price"":61738.0,""size"":0.0157,""num_orders"":1},{""price"":61737.04,""size"":0.09722593,""num_orders"":1},{""price"":61736.91,""size"":0.00809888,""num_orders"":1},{""price"":61736.76,""size"":0.12958242,""num_orders"":1},{""price"":61735.03,""size"":0.01,""num_orders"":1},{""price"":61735.02,""size"":0.09722593,""num_orders"":1}]","[{""price"":61738.82,""size"":0.17693274,""num_orders"":4},{""price"":61738.83,""size"":2.5e-07,""num_orders"":1},{""price"":61738.85,""size"":2.6e-07,""num_orders"":1},{""price"":61739.54,""size"":0.0485714,""num_orders"":1},{""price"":61741.59,""size"":0.001565,""num_orders"":1},{""price"":61741.91,""size"":0.00495999,""num_orders"":1},{""price"":61743.05,""size"":0.00239821,""num_orders"":1},{""price"":61743.06,""size"":0.08700132,""num_orders"":1},{""price"":61743.07,""size"":0.0485714,""num_orders"":1},{""price"":61743.56,""size"":0.0485714,""num_orders"":1}]"
btc_usd_d10_20260708T152620Z,50,2026-07-08T16:16:20.954335Z,2026-07-08T16:16:20.954464Z,BTC-USD,10,ok,,132293124197,2026-07-08T16:16:20.602553921Z,0.37330231,0.38436792,-0.014604783931,61738.099999999999,61738.110000000001,61738.104999999996,0.010000000002,0.001619745213,"[{""price"":61738.1,""size"":0.09718292,""num_orders"":4},{""price"":61738.09,""size"":1.5e-07,""num_orders"":1},{""price"":61738.08,""size"":1.7e-07,""num_orders"":1},{""price"":61738.05,""size"":0.12957973,""num_orders"":1},{""price"":61738.02,""size"":0.00113034,""num_orders"":1},{""price"":61737.21,""size"":0.12962686,""num_orders"":2},{""price"":61736.0,""size"":0.0141,""num_orders"":1},{""price"":61734.48,""size"":1.62e-05,""num_orders"":1},{""price"":61734.47,""size"":4.794e-05,""num_orders"":1},{""price"":61734.11,""size"":0.001618,""num_orders"":1}]","[{""price"":61738.11,""size"":0.17423519,""num_orders"":7},{""price"":61738.12,""size"":0.02332399,""num_orders"":2},{""price"":61738.13,""size"":0.02332382,""num_orders"":1},{""price"":61738.14,""size"":0.023324,""num_orders"":2},{""price"":61738.15,""size"":0.02332382,""num_orders"":1},{""price"":61738.16,""size"":0.02332382,""num_orders"":1},{""price"":61738.17,""size"":0.02332382,""num_orders"":1},{""price"":61738.18,""size"":0.02332382,""num_orders"":1},{""price"":61738.19,""size"":0.02342382,""num_orders"":1},{""price"":61738.2,""size"":0.02344182,""num_orders"":2}]"
btc_usd_d10_20260708T152620Z,51,2026-07-08T16:17:20.954335Z,2026-07-08T16:17:20.954485Z,BTC-USD,10,ok,,132293168563,2026-07-08T16:17:18.659022979Z,0.67347636,0.45846848,0.189945545403,61778.889999999999,61782.599999999999,61780.744999999995,3.709999999999,0.600510725469,"[{""price"":61778.89,""size"":0.06699,""num_orders"":1},{""price"":61778.23,""size"":0.0151,""num_orders"":1},{""price"":61777.24,""size"":0.15446184,""num_orders"":5},{""price"":61777.23,""size"":0.10007354,""num_orders"":5},{""price"":61777.19,""size"":0.00167415,""num_orders"":2},{""price"":61776.73,""size"":0.12949858,""num_orders"":1},{""price"":61775.68,""size"":0.00809359,""num_orders"":1},{""price"":61774.16,""size"":0.09722593,""num_orders"":1},{""price"":61774.15,""size"":0.02,""num_orders"":2},{""price"":61774.14,""size"":0.08035873,""num_orders"":2}]","[{""price"":61782.6,""size"":1.8e-05,""num_orders"":1},{""price"":61783.13,""size"":0.001548,""num_orders"":1},{""price"":61783.22,""size"":0.06071858,""num_orders"":1},{""price"":61784.0,""size"":0.0141,""num_orders"":1},{""price"":61786.3,""size"":1.8e-05,""num_orders"":1},{""price"":61787.76,""size"":0.18423824,""num_orders"":2},{""price"":61789.36,""size"":0.01374204,""num_orders"":1},{""price"":61789.4,""size"":0.12378762,""num_orders"":1},{""price"":61790.0,""size"":0.010018,""num_orders"":2},{""price"":61790.5,""size"":0.05028,""num_orders"":1}]"
btc_usd_d10_20260708T152620Z,52,2026-07-08T16:18:20.954335Z,2026-07-08T16:18:20.954470Z,BTC-USD,10,ok,,132293225372,2026-07-08T16:18:18.545720736Z,0.57108301,0.31668145,0.286564253766,61824.589999999997,61824.599999999999,61824.595000000001,0.010000000002,0.001617479258,"[{""price"":61824.59,""size"":0.32788601,""num_orders"":9},{""price"":61824.58,""size"":0.03,""num_orders"":1},{""price"":61824.57,""size"":1.5e-07,""num_orders"":1},{""price"":61824.56,""size"":0.03,""num_orders"":1},{""price"":61823.04,""size"":0.00808739,""num_orders"":1},{""price"":61822.1,""size"":1.657e-05,""num_orders"":1},{""price"":61821.7,""size"":0.001644,""num_orders"":1},{""price"":61821.66,""size"":0.00158291,""num_orders"":1},{""price"":61821.22,""size"":0.16175674,""num_orders"":1},{""price"":61820.95,""size"":0.01010924,""num_orders"":1}]","[{""price"":61824.6,""size"":0.12719836,""num_orders"":8},{""price"":61824.61,""size"":1.8e-07,""num_orders"":1},{""price"":61824.62,""size"":1.9e-07,""num_orders"":1},{""price"":61827.0,""size"":1.8e-05,""num_orders"":1},{""price"":61827.07,""size"":0.00025272,""num_orders"":3},{""price"":61827.69,""size"":0.02021748,""num_orders"":3},{""price"":61828.0,""size"":0.0115,""num_orders"":1},{""price"":61828.57,""size"":0.04876859,""num_orders"":1},{""price"":61828.59,""size"":0.09722593,""num_orders"":1},{""price"":61830.0,""size"":0.0115,""num_orders"":1}]"
btc_usd_d10_20260708T152620Z,53,2026-07-08T16:19:20.954335Z,2026-07-08T16:19:20.954491Z,BTC-USD,10,ok,,132293271540,2026-07-08T16:19:18.050311727Z,0.3829222,0.10759586,0.561297049899,61796.790000000001,61796.800000000003,61796.794999999998,0.010000000002,0.001618206899,"[{""price"":61796.79,""size"":0.21883981,""num_orders"":11},{""price"":61796.78,""size"":2.8e-07,""num_orders"":2},{""price"":61796.77,""size"":1.3e-07,""num_orders"":1},{""price"":61796.69,""size"":0.12945676,""num_orders"":1},{""price"":61795.26,""size"":0.00033428,""num_orders"":1},{""price"":61795.25,""size"":0.00809095,""num_orders"":1},{""price"":61794.71,""size"":0.00066851,""num_orders"":1},{""price"":61794.0,""size"":0.012,""num_orders"":1},{""price"":61793.72,""size"":0.001337,""num_orders"":1},{""price"":61793.7,""size"":0.01219448,""num_orders"":4}]","[{""price"":61796.8,""size"":0.0529244,""num_orders"":3},{""price"":61796.81,""size"":2.6e-07,""num_orders"":1},{""price"":61796.82,""size"":2.8e-07,""num_orders"":1},{""price"":61798.35,""size"":0.00809103,""num_orders"":1},{""price"":61800.0,""size"":0.012,""num_orders"":1},{""price"":61800.43,""size"":0.01011379,""num_orders"":1},{""price"":61800.49,""size"":0.0008091,""num_orders"":1},{""price"":61800.88,""size"":0.001657,""num_orders"":1},{""price"":61802.0,""size"":0.012,""num_orders"":1},{""price"":61803.02,""size"":0.01,""num_orders"":1}]"
btc_usd_d10_20260708T152620Z,54,2026-07-08T16:20:20.954335Z,2026-07-08T16:20:20.954456Z,BTC-USD,10,ok,,132293311905,2026-07-08T16:20:20.684695062Z,0.22870036,0.42422021,-0.29945426593,61823.290000000001,61823.300000000003,61823.294999999998,0.010000000002,0.001617513269,"[{""price"":61823.29,""size"":0.06406098,""num_orders"":4},{""price"":61823.28,""size"":2.4e-07,""num_orders"":1},{""price"":61823.27,""size"":2.7e-07,""num_orders"":1},{""price"":61821.61,""size"":0.00015755,""num_orders"":1},{""price"":61820.0,""size"":0.0109,""num_orders"":1},{""price"":61819.11,""size"":0.001654,""num_orders"":1},{""price"":61818.29,""size"":0.00161577,""num_orders"":1},{""price"":61818.28,""size"":0.12941155,""num_orders"":1},{""price"":61818.0,""size"":0.0109,""num_orders"":1},{""price"":61816.48,""size"":0.01,""num_orders"":1}]","[{""price"":61823.3,""size"":0.09383313,""num_orders"":8},{""price"":61823.31,""size"":1.3e-07,""num_orders"":1},{""price"":61823.32,""size"":1.5e-07,""num_orders"":1},{""price"":61824.0,""size"":0.0109,""num_orders"":1},{""price"":61824.88,""size"":0.00485,""num_orders"":1},{""price"":61825.77,""size"":0.000278,""num_orders"":4},{""price"":61825.78,""size"":0.19765098,""num_orders"":2},{""price"":61825.79,""size"":0.09722593,""num_orders"":1},{""price"":61825.99,""size"":0.00808189,""num_orders"":1},{""price"":61826.0,""size"":0.0114,""num_orders"":1}]"
btc_usd_d10_20260708T152620Z,55,2026-07-08T16:21:20.954335Z,2026-07-08T16:21:20.954471Z,BTC-USD,10,ok,,132293376201,2026-07-08T16:21:18.627003563Z,0.18334746,0.34599721,-0.307266246773,61856.019999999997,61856.029999999999,61856.024999999994,0.010000000002,0.001616657391,"[{""price"":61856.02,""size"":0.04691825,""num_orders"":3},{""price"":61855.96,""size"":0.1293327,""num_orders"":1},{""price"":61855.05,""size"":2.039e-05,""num_orders"":1},{""price"":61853.59,""size"":0.001558,""num_orders"":1},{""price"":61852.83,""size"":0.00043358,""num_orders"":1},{""price"":61852.81,""size"":0.00173409,""num_orders"":2},{""price"":61852.68,""size"":2.157e-05,""num_orders"":1},{""price"":61852.12,""size"":8.622e-05,""num_orders"":1},{""price"":61852.0,""size"":4.312e-05,""num_orders"":1},{""price"":61851.88,""size"":0.00319954,""num_orders"":1}]","[{""price"":61856.03,""size"":0.02172382,""num_orders"":1},{""price"":61858.0,""size"":0.0113,""num_orders"":1},{""price"":61860.0,""size"":0.0113,""num_orders"":1},{""price"":61860.23,""size"":0.11277325,""num_orders"":1},{""price"":61860.24,""size"":0.09722593,""num_orders"":1},{""price"":61860.29,""size"":2.086e-05,""num_orders"":1},{""price"":61860.3,""size"":0.03108522,""num_orders"":2},{""price"":61860.31,""size"":2.2e-07,""num_orders"":1},{""price"":61860.32,""size"":2.3e-07,""num_orders"":1},{""price"":61860.61,""size"":0.06056768,""num_orders"":1}]"
btc_usd_d10_20260708T152620Z,56,2026-07-08T16:22:20.954335Z,2026-07-08T16:22:20.954462Z,BTC-USD,10,ok,,132293442364,2026-07-08T16:22:20.344703957Z,0.37805336,0.28906368,0.133394404076,61868.410000000003,61868.419999999998,61868.415000000001,0.009999999995,0.001616333632,"[{""price"":61868.41,""size"":0.06121635,""num_orders"":3},{""price"":61868.26,""size"":0.12930701,""num_orders"":1},{""price"":61868.24,""size"":1.4e-07,""num_orders"":1},{""price"":61868.22,""size"":1.5e-07,""num_orders"":1},{""price"":61867.7,""size"":1.8e-05,""num_orders"":1},{""price"":61866.83,""size"":0.01061683,""num_orders"":1},{""price"":61866.82,""size"":0.12931002,""num_orders"":1},{""price"":61865.94,""size"":0.004041,""num_orders"":1},{""price"":61865.86,""size"":0.04152334,""num_orders"":1},{""price"":61865.33,""size"":0.00202052,""num_orders"":1}]","[{""price"":61868.42,""size"":0.04152334,""num_orders"":2},{""price"":61868.44,""size"":0.03,""num_orders"":1},{""price"":61869.98,""size"":0.00808166,""num_orders"":1},{""price"":61871.48,""size"":0.00319954,""num_orders"":1},{""price"":61871.51,""size"":0.08710287,""num_orders"":2},{""price"":61871.53,""size"":2.6e-07,""num_orders"":1},{""price"":61871.77,""size"":0.001628,""num_orders"":1},{""price"":61872.0,""size"":0.0102,""num_orders"":1},{""price"":61872.07,""size"":0.01010208,""num_orders"":1},{""price"":61872.36,""size"":0.09722593,""num_orders"":1}]"
btc_usd_d10_20260708T152620Z,57,2026-07-08T16:23:20.954335Z,2026-07-08T16:23:20.954459Z,BTC-USD,10,ok,,132293493568,2026-07-08T16:23:19.844877696Z,0.21797343,0.28304624,-0.129880748993,61871.400000000001,61871.410000000003,61871.404999999999,0.010000000002,0.001616255523,"[{""price"":61871.4,""size"":0.06035318,""num_orders"":4},{""price"":61871.39,""size"":1.7e-07,""num_orders"":1},{""price"":61871.38,""size"":1.8e-07,""num_orders"":1},{""price"":61870.0,""size"":0.01,""num_orders"":1},{""price"":61868.24,""size"":0.00305459,""num_orders"":1},{""price"":61868.23,""size"":0.12930707,""num_orders"":1},{""price"":61867.81,""size"":0.001578,""num_orders"":1},{""price"":61867.7,""size"":1.8e-05,""num_orders"":1},{""price"":61866.14,""size"":0.00366224,""num_orders"":1},{""price"":61865.65,""size"":0.01,""num_orders"":1}]","[{""price"":61871.41,""size"":0.06868886,""num_orders"":4},{""price"":61871.42,""size"":2e-07,""num_orders"":1},{""price"":61871.43,""size"":2.1e-07,""num_orders"":1},{""price"":61872.0,""size"":0.0119,""num_orders"":1},{""price"":61872.96,""size"":0.00808127,""num_orders"":1},{""price"":61873.26,""size"":0.06514818,""num_orders"":1},{""price"":61873.27,""size"":0.09722593,""num_orders"":1},{""price"":61874.0,""size"":0.0119,""num_orders"":1},{""price"":61874.59,""size"":0.01,""num_orders"":1},{""price"":61875.05,""size"":0.01010159,""num_orders"":1}]"
btc_usd_d10_20260708T152620Z,58,2026-07-08T16:24:20.954335Z,2026-07-08T16:24:20.954461Z,BTC-USD,10,ok,,132293541162,2026-07-08T16:24:20.689724573Z,0.35297077,0.31690835,0.05383422012,61857.760000000002,61857.769999999997,61857.764999999999,0.009999999995,0.001616611915,"[{""price"":61857.76,""size"":0.02548136,""num_orders"":3},{""price"":61857.5,""size"":0.12932967,""num_orders"":2},{""price"":61857.49,""size"":0.0080831,""num_orders"":1},{""price"":61857.36,""size"":0.04849098,""num_orders"":1},{""price"":61856.6,""size"":1.8e-05,""num_orders"":1},{""price"":61856.0,""size"":0.0203,""num_orders"":1},{""price"":61855.0,""size"":0.01,""num_orders"":1},{""price"":61854.67,""size"":0.00404173,""num_orders"":1},{""price"":61854.02,""size"":0.01,""num_orders"":1},{""price"":61854.01,""size"":0.09722593,""num_orders"":1}]","[{""price"":61857.77,""size"":0.01778639,""num_orders"":2},{""price"":61859.32,""size"":0.00808305,""num_orders"":1},{""price"":61860.0,""size"":0.0203,""num_orders"":1},{""price"":61860.03,""size"":3.6e-07,""num_orders"":2},{""price"":61861.14,""size"":0.09319071,""num_orders"":1},{""price"":61861.15,""size"":0.04876859,""num_orders"":1},{""price"":61861.16,""size"":0.09722593,""num_orders"":1},{""price"":61861.41,""size"":0.01010382,""num_orders"":1},{""price"":61862.0,""size"":0.0203,""num_orders"":1},{""price"":61862.53,""size"":0.0011495,""num_orders"":1}]"
btc_usd_d10_20260708T152620Z,59,2026-07-08T16:25:20.954335Z,2026-07-08T16:25:20.954466Z,BTC-USD,10,ok,,132293578706,2026-07-08T16:25:19.542489023Z,0.27558162,0.35049542,-0.119655881327,61847.129999999997,61847.139999999999,61847.134999999995,0.010000000002,0.001616889772,"[{""price"":61847.13,""size"":3.94e-05,""num_orders"":2},{""price"":61847.12,""size"":1.2e-07,""num_orders"":1},{""price"":61847.11,""size"":1.3e-07,""num_orders"":1},{""price"":61846.0,""size"":0.0151,""num_orders"":1},{""price"":61845.5,""size"":4.425e-05,""num_orders"":2},{""price"":61845.0,""size"":0.01,""num_orders"":1},{""price"":61844.61,""size"":0.12935645,""num_orders"":1},{""price"":61844.05,""size"":0.09722593,""num_orders"":1},{""price"":61844.04,""size"":0.02223334,""num_orders"":4},{""price"":61842.21,""size"":0.001582,""num_orders"":1}]","[{""price"":61847.14,""size"":0.11613398,""num_orders"":6},{""price"":61847.15,""size"":2.7e-07,""num_orders"":1},{""price"":61847.16,""size"":2.8e-07,""num_orders"":1},{""price"":61848.0,""size"":0.0149,""num_orders"":1},{""price"":61848.16,""size"":0.00080844,""num_orders"":1},{""price"":61848.69,""size"":0.00808444,""num_orders"":1},{""price"":61848.88,""size"":0.00080125,""num_orders"":1},{""price"":61849.1,""size"":0.00319954,""num_orders"":1},{""price"":61849.11,""size"":0.07722018,""num_orders"":1},{""price"":61849.12,""size"":0.12934704,""num_orders"":1}]"
btc_usd_d10_20260708T174421Z,0,2026-07-08T17:44:21.810728Z,2026-07-08T17:44:21.810760Z,BTC-USD,10,ok,,132298116733,2026-07-08T17:44:20.172971077Z,0.21314662,0.44069546,-0.348018041298,62215.830000000002,62215.839999999997,62215.834999999999,0.009999999995,0.001607307849,"[{""price"":62215.83,""size"":0.10008256,""num_orders"":3},{""price"":62215.82,""size"":1.5e-07,""num_orders"":1},{""price"":62215.81,""size"":1.6e-07,""num_orders"":1},{""price"":62214.05,""size"":0.00319954,""num_orders"":1},{""price"":62214.04,""size"":0.04038436,""num_orders"":1},{""price"":62214.03,""size"":0.04876859,""num_orders"":1},{""price"":62214.01,""size"":2.564e-05,""num_orders"":1},{""price"":62214.0,""size"":0.0188,""num_orders"":1},{""price"":62213.96,""size"":5.127e-05,""num_orders"":1},{""price"":62212.69,""size"":0.00183435,""num_orders"":1}]","[{""price"":62215.84,""size"":0.04361147,""num_orders"":3},{""price"":62215.85,""size"":3.2e-07,""num_orders"":2},{""price"":62216.74,""size"":0.05969453,""num_orders"":1},{""price"":62217.17,""size"":0.09644341,""num_orders"":1},{""price"":62217.18,""size"":0.12858185,""num_orders"":1},{""price"":62218.0,""size"":0.0179,""num_orders"":1},{""price"":62218.33,""size"":0.00027624,""num_orders"":4},{""price"":62218.35,""size"":0.04821537,""num_orders"":1},{""price"":62218.63,""size"":0.02387289,""num_orders"":1},{""price"":62218.95,""size"":0.02209938,""num_orders"":4}]"
btc_usd_d10_20260708T174421Z,1,2026-07-08T17:45:21.810728Z,2026-07-08T17:45:21.810854Z,BTC-USD,10,ok,,132298160978,2026-07-08T17:45:21.028035330Z,0.09815151,0.47271071,-0.656128899194,62189.599999999999,62189.610000000001,62189.604999999996,0.010000000002,0.001607985772,"[{""price"":62189.6,""size"":1.8e-05,""num_orders"":1},{""price"":62188.62,""size"":3.801e-05,""num_orders"":1},{""price"":62186.0,""size"":0.0229,""num_orders"":1},{""price"":62185.9,""size"":1.8e-05,""num_orders"":1},{""price"":62185.1,""size"":0.04876859,""num_orders"":1},{""price"":62184.0,""size"":0.0229,""num_orders"":1},{""price"":62183.51,""size"":0.00304844,""num_orders"":1},{""price"":62182.2,""size"":1.8e-05,""num_orders"":1},{""price"":62181.75,""size"":0.00014749,""num_orders"":1},{""price"":62181.66,""size"":0.00029498,""num_orders"":1}]","[{""price"":62189.61,""size"":0.25776612,""num_orders"":4},{""price"":62189.62,""size"":0.03,""num_orders"":1},{""price"":62190.0,""size"":0.0229,""num_orders"":1},{""price"":62192.45,""size"":0.01437107,""num_orders"":1},{""price"":62192.46,""size"":0.05093803,""num_orders"":1},{""price"":62193.21,""size"":0.09644341,""num_orders"":1},{""price"":62193.73,""size"":1.947e-05,""num_orders"":1},{""price"":62193.74,""size"":3.894e-05,""num_orders"":1},{""price"":62193.76,""size"":7.789e-05,""num_orders"":1},{""price"":62193.78,""size"":0.00015578,""num_orders"":1}]"
btc_usd_d10_20260708T174421Z,2,2026-07-08T17:46:21.810728Z,2026-07-08T17:46:21.810860Z,BTC-USD,10,ok,,132298223297,2026-07-08T17:46:21.178036691Z,0.45568337,0.21043567,0.368173982836,62167.400000000001,62167.410000000003,62167.404999999999,0.010000000002,0.001608559984,"[{""price"":62167.4,""size"":0.13007836,""num_orders"":7},{""price"":62167.39,""size"":1.3e-07,""num_orders"":1},{""price"":62167.38,""size"":1.4e-07,""num_orders"":1},{""price"":62166.95,""size"":0.12868573,""num_orders"":1},{""price"":62166.0,""size"":0.0264,""num_orders"":1},{""price"":62165.23,""size"":0.02,""num_orders"":1},{""price"":62165.22,""size"":0.09644341,""num_orders"":1},{""price"":62164.3,""size"":0.02,""num_orders"":1},{""price"":62164.29,""size"":0.0140756,""num_orders"":3},{""price"":62164.02,""size"":0.02,""num_orders"":1}]","[{""price"":62167.41,""size"":0.01286925,""num_orders"":3},{""price"":62167.42,""size"":2.8e-07,""num_orders"":1},{""price"":62167.43,""size"":3e-07,""num_orders"":1},{""price"":62168.97,""size"":0.00804279,""num_orders"":1},{""price"":62170.0,""size"":0.0264,""num_orders"":1},{""price"":62170.86,""size"":0.001613,""num_orders"":1},{""price"":62171.07,""size"":0.01005349,""num_orders"":1},{""price"":62171.16,""size"":0.04825702,""num_orders"":1},{""price"":62171.18,""size"":0.00319954,""num_orders"":1},{""price"":62171.19,""size"":0.1,""num_orders"":1}]"
btc_usd_d10_20260708T174421Z,3,2026-07-08T17:47:21.810728Z,2026-07-08T17:47:21.810870Z,BTC-USD,10,ok,,132298283613,2026-07-08T17:47:19.047603270Z,1.02114794,0.09269202,0.833563126968,62193.279999999999,62193.290000000001,62193.285000000003,0.010000000002,0.001607890627,"[{""price"":62193.28,""size"":0.09758716,""num_orders"":4},{""price"":62193.15,""size"":0.003199,""num_orders"":1},{""price"":62193.14,""size"":0.12863154,""num_orders"":1},{""price"":62191.72,""size"":0.00598119,""num_orders"":1},{""price"":62190.83,""size"":0.0241284,""num_orders"":1},{""price"":62190.82,""size"":0.09644341,""num_orders"":1},{""price"":62190.81,""size"":0.50813622,""num_orders"":1},{""price"":62190.46,""size"":0.12863708,""num_orders"":1},{""price"":62190.0,""size"":0.0276,""num_orders"":1},{""price"":62189.82,""size"":0.00080394,""num_orders"":1}]","[{""price"":62193.29,""size"":5.4e-07,""num_orders"":1},{""price"":62193.3,""size"":1.8e-05,""num_orders"":1},{""price"":62196.43,""size"":0.05906286,""num_orders"":1},{""price"":62196.63,""size"":5.301e-05,""num_orders"":1},{""price"":62197.0,""size"":1.8e-05,""num_orders"":1},{""price"":62197.13,""size"":0.00010049,""num_orders"":1},{""price"":62197.63,""size"":0.00021205,""num_orders"":1},{""price"":62197.75,""size"":0.00803888,""num_orders"":1},{""price"":62198.39,""size"":0.0008482,""num_orders"":1},{""price"":62198.69,""size"":0.02433999,""num_orders"":1}]"
btc_usd_d10_20260708T174421Z,4,2026-07-08T17:48:21.810728Z,2026-07-08T17:48:21.810862Z,BTC-USD,10,ok,,132298327473,2026-07-08T17:48:21.530556614Z,0.14569478,0.65741791,-0.637174753147,62185.900000000001,62185.910000000003,62185.904999999999,0.010000000002,0.001608081446,"[{""price"":62185.9,""size"":0.01513681,""num_orders"":3},{""price"":62184.24,""size"":0.00015888,""num_orders"":1},{""price"":62184.23,""size"":1.7e-07,""num_orders"":1},{""price"":62184.0,""size"":0.0288,""num_orders"":1},{""price"":62182.2,""size"":1.8e-05,""num_orders"":1},{""price"":62182.0,""size"":0.0288,""num_orders"":1},{""price"":62181.23,""size"":7.471e-05,""num_orders"":1},{""price"":62180.0,""size"":0.0288,""num_orders"":1},{""price"":62179.9,""size"":0.04375678,""num_orders"":1},{""price"":62179.27,""size"":0.00014943,""num_orders"":1}]","[{""price"":62185.91,""size"":0.21723871,""num_orders"":5},{""price"":62185.92,""size"":0.03819159,""num_orders"":1},{""price"":62185.98,""size"":0.03491025,""num_orders"":2},{""price"":62185.99,""size"":0.00177287,""num_orders"":1},{""price"":62186.0,""size"":0.1,""num_orders"":1},{""price"":62186.95,""size"":0.12864436,""num_orders"":1},{""price"":62188.93,""size"":0.00128578,""num_orders"":1},{""price"":62188.98,""size"":0.12864015,""num_orders"":1},{""price"":62189.0,""size"":0.00354573,""num_orders"":1},{""price"":62189.17,""size"":0.00318847,""num_orders"":1}]"
btc_usd_d10_20260708T174421Z,5,2026-07-08T17:49:21.810728Z,2026-07-08T17:49:21.810871Z,BTC-USD,10,ok,,132298372774,2026-07-08T17:49:21.161284584Z,0.05200482,0.45813725,-0.796116325007,62200.099999999999,62200.110000000001,62200.104999999996,0.010000000002,0.001607714328,"[{""price"":62200.1,""size"":0.00810967,""num_orders"":3},{""price"":62200.09,""size"":1.4e-07,""num_orders"":1},{""price"":62200.08,""size"":1.5e-07,""num_orders"":1},{""price"":62198.54,""size"":0.00803857,""num_orders"":1},{""price"":62198.01,""size"":0.00109171,""num_orders"":2},{""price"":62198.0,""size"":0.0247,""num_orders"":1},{""price"":62197.24,""size"":0.001549,""num_orders"":1},{""price"":62197.01,""size"":0.00356581,""num_orders"":1},{""price"":62196.99,""size"":2.17e-05,""num_orders"":1},{""price"":62196.44,""size"":0.00492807,""num_orders"":1}]","[{""price"":62200.11,""size"":0.05574152,""num_orders"":5},{""price"":62200.12,""size"":1.6e-07,""num_orders"":1},{""price"":62200.14,""size"":1.5e-07,""num_orders"":1},{""price"":62200.25,""size"":0.12861684,""num_orders"":1},{""price"":62200.7,""size"":1.8e-05,""num_orders"":1},{""price"":62200.84,""size"":0.02,""num_orders"":1},{""price"":62200.85,""size"":0.05936011,""num_orders"":1},{""price"":62201.31,""size"":0.02,""num_orders"":1},{""price"":62201.32,""size"":0.07795706,""num_orders"":1},{""price"":62201.33,""size"":0.09644341,""num_orders"":1}]"
btc_usd_d10_20260708T174421Z,6,2026-07-08T17:50:21.810728Z,2026-07-08T17:50:21.810866Z,BTC-USD,10,ok,,132298414683,2026-07-08T17:50:20.044597891Z,0.58895335,0.5582736,0.026742529017,62173.010000000002,62173.019999999997,62173.014999999999,0.009999999995,0.00160841484,"[{""price"":62173.01,""size"":0.01007849,""num_orders"":2},{""price"":62173.0,""size"":1.2e-07,""num_orders"":1},{""price"":62172.99,""size"":1.3e-07,""num_orders"":1},{""price"":62171.27,""size"":0.01061683,""num_orders"":1},{""price"":62171.1,""size"":1.756e-05,""num_orders"":1},{""price"":62170.45,""size"":0.12867848,""num_orders"":1},{""price"":62170.0,""size"":0.0233,""num_orders"":1},{""price"":62169.9,""size"":0.01206372,""num_orders"":2},{""price"":62169.61,""size"":7.471e-05,""num_orders"":1},{""price"":62169.41,""size"":0.40412331,""num_orders"":1}]","[{""price"":62173.02,""size"":0.08434444,""num_orders"":4},{""price"":62173.03,""size"":0.03052382,""num_orders"":1},{""price"":62174.0,""size"":0.0233,""num_orders"":1},{""price"":62174.58,""size"":0.00804207,""num_orders"":1},{""price"":62175.78,""size"":0.00161816,""num_orders"":1},{""price"":62175.79,""size"":0.15198226,""num_orders"":1},{""price"":62175.8,""size"":0.09644341,""num_orders"":1},{""price"":62176.0,""size"":0.0233,""num_orders"":1},{""price"":62176.08,""size"":0.12866685,""num_orders"":1},{""price"":62176.68,""size"":0.01005259,""num_orders"":1}]"
btc_usd_d10_20260708T174421Z,7,2026-07-08T17:51:21.810728Z,2026-07-08T17:51:21.810864Z,BTC-USD,10,ok,,132298463636,2026-07-08T17:51:20.541461029Z,0.32205941,0.59486005,-0.297518650111,62151.760000000002,62151.769999999997,62151.764999999999,0.009999999995,0.001608964765,"[{""price"":62151.76,""size"":0.02797169,""num_orders"":2},{""price"":62151.75,""size"":1.1e-07,""num_orders"":1},{""price"":62151.74,""size"":1.2e-07,""num_orders"":1},{""price"":62151.33,""size"":0.00091488,""num_orders"":1},{""price"":62151.31,""size"":0.12871812,""num_orders"":1},{""price"":62150.3,""size"":1.66e-05,""num_orders"":1},{""price"":62150.29,""size"":0.03571701,""num_orders"":1},{""price"":62150.28,""size"":1.2e-07,""num_orders"":1},{""price"":62150.26,""size"":1.1e-07,""num_orders"":1},{""price"":62150.09,""size"":0.12872065,""num_orders"":1}]","[{""price"":62151.77,""size"":0.01068488,""num_orders"":2},{""price"":62151.78,""size"":0.059697,""num_orders"":3},{""price"":62152.97,""size"":0.06450281,""num_orders"":1},{""price"":62152.98,""size"":0.1,""num_orders"":1},{""price"":62153.32,""size"":0.00804491,""num_orders"":1},{""price"":62153.61,""size"":0.18509475,""num_orders"":2},{""price"":62153.62,""size"":0.04826189,""num_orders"":1},{""price"":62153.94,""size"":0.09644341,""num_orders"":1},{""price"":62153.97,""size"":3.04e-05,""num_orders"":1},{""price"":62154.0,""size"":0.0221,""num_orders"":1}]"
btc_usd_d10_20260708T174421Z,8,2026-07-08T17:52:21.810728Z,2026-07-08T17:52:21.810871Z,BTC-USD,10,ok,,132298511108,2026-07-08T17:52:19.845436333Z,0.32820213,0.42411701,-0.127492276748,62141.769999999997,62143.330000000002,62142.550000000003,1.560000000005,0.251035723511,"[{""price"":62141.77,""size"":0.02,""num_orders"":1},{""price"":62138.89,""size"":0.00319932,""num_orders"":1},{""price"":62138.88,""size"":0.04876859,""num_orders"":1},{""price"":62138.81,""size"":0.128744,""num_orders"":1},{""price"":62138.38,""size"":0.00804635,""num_orders"":1},{""price"":62138.0,""size"":0.023,""num_orders"":1},{""price"":62137.79,""size"":1.4e-07,""num_orders"":1},{""price"":62137.78,""size"":1.5e-07,""num_orders"":1},{""price"":62137.77,""size"":1.7e-07,""num_orders"":1},{""price"":62137.44,""size"":0.09644341,""num_orders"":1}]","[{""price"":62143.33,""size"":0.0310847,""num_orders"":2},{""price"":62143.35,""size"":0.03845918,""num_orders"":2},{""price"":62143.99,""size"":7.812e-05,""num_orders"":1},{""price"":62144.0,""size"":0.0219,""num_orders"":1},{""price"":62144.17,""size"":0.18741811,""num_orders"":2},{""price"":62144.18,""size"":0.1287329,""num_orders"":1},{""price"":62144.6,""size"":0.00485,""num_orders"":1},{""price"":62145.0,""size"":0.01,""num_orders"":1},{""price"":62145.2,""size"":1.8e-05,""num_orders"":1},{""price"":62145.31,""size"":0.001576,""num_orders"":1}]"
btc_usd_d10_20260708T174421Z,9,2026-07-08T17:53:21.810728Z,2026-07-08T17:53:21.810859Z,BTC-USD,10,ok,,132298567405,2026-07-08T17:53:19.184622750Z,0.6190988,0.03622093,0.889455701265,62136.050000000003,62136.059999999998,62136.055,0.009999999995,0.001609371563,"[{""price"":62136.05,""size"":0.04876859,""num_orders"":1},{""price"":62134.21,""size"":0.12875342,""num_orders"":1},{""price"":62134.0,""size"":0.0197,""num_orders"":1},{""price"":62133.92,""size"":0.09644341,""num_orders"":1},{""price"":62133.08,""size"":0.04827949,""num_orders"":1},{""price"":62132.58,""size"":2.111e-05,""num_orders"":1},{""price"":62132.19,""size"":0.16094715,""num_orders"":1},{""price"":62132.01,""size"":0.09644341,""num_orders"":1},{""price"":62132.0,""size"":0.0197,""num_orders"":1},{""price"":62131.92,""size"":4.222e-05,""num_orders"":1}]","[{""price"":62136.06,""size"":0.0151,""num_orders"":1},{""price"":62136.2,""size"":4.615e-05,""num_orders"":1},{""price"":62136.85,""size"":9.231e-05,""num_orders"":1},{""price"":62136.88,""size"":0.00036924,""num_orders"":1},{""price"":62136.89,""size"":0.00073847,""num_orders"":1},{""price"":62137.79,""size"":0.00025686,""num_orders"":1},{""price"":62137.8,""size"":1.8e-05,""num_orders"":1},{""price"":62138.0,""size"":0.0187,""num_orders"":1},{""price"":62139.0,""size"":0.00084961,""num_orders"":1},{""price"":62139.44,""size"":5.029e-05,""num_orders"":1}]"
btc_usd_d10_20260708T174421Z,10,2026-07-08T17:54:21.810728Z,2026-07-08T17:54:21.810861Z,BTC-USD,10,ok,,132298651337,2026-07-08T17:54:21.538059668Z,0.23279703,0.09192469,0.433824814675,62020.589999999997,62020.599999999999,62020.595000000001,0.010000000002,0.001612367634,"[{""price"":62020.59,""size"":0.03084723,""num_orders"":4},{""price"":62020.57,""size"":1.1e-07,""num_orders"":1},{""price"":62020.13,""size"":1.2e-07,""num_orders"":1},{""price"":62020.12,""size"":1.2e-07,""num_orders"":1},{""price"":62020.0,""size"":0.0193,""num_orders"":1},{""price"":62019.01,""size"":0.04876859,""num_orders"":1},{""price"":62019.0,""size"":0.0908647,""num_orders"":2},{""price"":62018.0,""size"":0.0193,""num_orders"":1},{""price"":62017.51,""size"":0.001545,""num_orders"":1},{""price"":62017.49,""size"":0.02217116,""num_orders"":4}]","[{""price"":62020.6,""size"":1.8e-07,""num_orders"":1},{""price"":62020.61,""size"":1.8e-07,""num_orders"":1},{""price"":62020.62,""size"":1.9e-07,""num_orders"":1},{""price"":62021.98,""size"":0.00014756,""num_orders"":1},{""price"":62023.08,""size"":0.00058989,""num_orders"":1},{""price"":62023.1,""size"":1.8e-05,""num_orders"":1},{""price"":62023.99,""size"":0.003199,""num_orders"":1},{""price"":62024.0,""size"":0.0193,""num_orders"":1},{""price"":62024.22,""size"":0.04836969,""num_orders"":1},{""price"":62026.0,""size"":0.0203,""num_orders"":1}]"
btc_usd_d10_20260708T174421Z,11,2026-07-08T17:55:21.810728Z,2026-07-08T17:55:21.810863Z,BTC-USD,10,ok,,132298711960,2026-07-08T17:55:19.546620220Z,0.22667007,0.00712981,0.939009292905,62035.230000000003,62035.739999999998,62035.485000000001,0.509999999995,0.082211011971,"[{""price"":62035.23,""size"":1.3e-07,""num_orders"":1},{""price"":62035.22,""size"":8e-08,""num_orders"":1},{""price"":62034.68,""size"":0.0151,""num_orders"":1},{""price"":62033.68,""size"":0.00805989,""num_orders"":1},{""price"":62033.56,""size"":0.00080599,""num_orders"":1},{""price"":62033.22,""size"":0.12896315,""num_orders"":1},{""price"":62033.11,""size"":3.933e-05,""num_orders"":1},{""price"":62032.5,""size"":0.04876859,""num_orders"":1},{""price"":62032.35,""size"":0.00763291,""num_orders"":1},{""price"":62032.0,""size"":0.0173,""num_orders"":1}]","[{""price"":62035.74,""size"":0.00014535,""num_orders"":1},{""price"":62035.75,""size"":0.00309771,""num_orders"":1},{""price"":62035.76,""size"":0.0002907,""num_orders"":1},{""price"":62035.78,""size"":0.00058141,""num_orders"":1},{""price"":62035.84,""size"":2.716e-05,""num_orders"":1},{""price"":62035.86,""size"":5.432e-05,""num_orders"":1},{""price"":62035.88,""size"":0.00010864,""num_orders"":1},{""price"":62035.89,""size"":0.00021727,""num_orders"":1},{""price"":62035.92,""size"":0.00086908,""num_orders"":1},{""price"":62035.94,""size"":0.00173817,""num_orders"":1}]"
btc_usd_d10_20260708T174421Z,12,2026-07-08T17:56:21.810728Z,2026-07-08T17:56:21.810865Z,BTC-USD,10,ok,,132298764511,2026-07-08T17:56:21.046075303Z,0.2827058,0.25832894,0.045055997698,62015.400000000001,62015.410000000003,62015.404999999999,0.010000000002,0.001612502571,"[{""price"":62015.4,""size"":5.114e-05,""num_orders"":2},{""price"":62015.39,""size"":1.3e-07,""num_orders"":1},{""price"":62015.38,""size"":0.00027679,""num_orders"":2},{""price"":62015.36,""size"":0.0005533,""num_orders"":1},{""price"":62013.81,""size"":0.00260828,""num_orders"":1},{""price"":62013.21,""size"":0.12900475,""num_orders"":1},{""price"":62012.94,""size"":0.001568,""num_orders"":1},{""price"":62012.01,""size"":0.09644341,""num_orders"":1},{""price"":62012.0,""size"":0.0322,""num_orders"":1},{""price"":62010.59,""size"":0.02,""num_orders"":1}]","[{""price"":62015.41,""size"":0.05451834,""num_orders"":5},{""price"":62015.42,""size"":2.3e-07,""num_orders"":1},{""price"":62015.43,""size"":0.02549659,""num_orders"":3},{""price"":62015.44,""size"":0.02517086,""num_orders"":1},{""price"":62015.45,""size"":0.02552382,""num_orders"":1},{""price"":62015.46,""size"":0.02552382,""num_orders"":1},{""price"":62015.47,""size"":0.02552382,""num_orders"":1},{""price"":62015.48,""size"":0.02552382,""num_orders"":1},{""price"":62015.49,""size"":0.02552382,""num_orders"":1},{""price"":62015.5,""size"":0.02552382,""num_orders"":1}]"
btc_usd_d10_20260708T174421Z,13,2026-07-08T17:57:21.810728Z,2026-07-08T17:57:21.810862Z,BTC-USD,10,ok,,132298813284,2026-07-08T17:57:20.323952332Z,0.34794946,0.65488805,-0.306070112994,62021.160000000003,62021.169999999998,62021.165000000001,0.009999999995,0.001612352815,"[{""price"":62021.16,""size"":0.04876891,""num_orders"":2},{""price"":62018.9,""size"":0.01149101,""num_orders"":2},{""price"":62018.0,""size"":0.0192,""num_orders"":1},{""price"":62017.48,""size"":5.549e-05,""num_orders"":1},{""price"":62017.47,""size"":0.00140381,""num_orders"":1},{""price"":62016.95,""size"":0.001571,""num_orders"":1},{""price"":62016.54,""size"":0.12899783,""num_orders"":1},{""price"":62015.97,""size"":0.02,""num_orders"":1},{""price"":62015.96,""size"":0.11644341,""num_orders"":2},{""price"":62015.7,""size"":1.8e-05,""num_orders"":1}]","[{""price"":62021.17,""size"":0.0577229,""num_orders"":4},{""price"":62021.99,""size"":0.01972382,""num_orders"":1},{""price"":62022.0,""size"":0.01562615,""num_orders"":2},{""price"":62022.01,""size"":0.27380103,""num_orders"":4},{""price"":62022.03,""size"":5.2e-07,""num_orders"":2},{""price"":62023.11,""size"":0.06321,""num_orders"":1},{""price"":62023.49,""size"":0.00109857,""num_orders"":1},{""price"":62023.56,""size"":0.00806165,""num_orders"":1},{""price"":62023.99,""size"":0.09644341,""num_orders"":1},{""price"":62024.0,""size"":0.1192,""num_orders"":2}]"
btc_usd_d10_20260708T174421Z,14,2026-07-08T17:58:21.810728Z,2026-07-08T17:58:21.810861Z,BTC-USD,10,ok,,132298848575,2026-07-08T17:58:19.122825699Z,1.32033966,0.21920447,0.715234574016,62034.190000000002,62034.199999999997,62034.195,0.009999999995,0.001612014147,"[{""price"":62034.19,""size"":0.76408524,""num_orders"":11},{""price"":62034.18,""size"":4.5e-07,""num_orders"":2},{""price"":62034.17,""size"":2.6e-07,""num_orders"":1},{""price"":62034.16,""size"":2.8e-07,""num_orders"":1},{""price"":62032.64,""size"":0.00084458,""num_orders"":1},{""price"":62032.07,""size"":0.08396116,""num_orders"":2},{""price"":62032.06,""size"":0.32175651,""num_orders"":2},{""price"":62032.0,""size"":0.0191,""num_orders"":1},{""price"":62030.65,""size"":0.12898918,""num_orders"":1},{""price"":62030.56,""size"":0.001602,""num_orders"":1}]","[{""price"":62034.2,""size"":0.07911363,""num_orders"":1},{""price"":62034.55,""size"":1.3e-07,""num_orders"":1},{""price"":62034.56,""size"":1.4e-07,""num_orders"":1},{""price"":62034.57,""size"":1.5e-07,""num_orders"":1},{""price"":62035.59,""size"":0.1,""num_orders"":1},{""price"":62036.68,""size"":0.00010075,""num_orders"":1},{""price"":62037.3,""size"":0.00805967,""num_orders"":1},{""price"":62037.9,""size"":1.8e-05,""num_orders"":1},{""price"":62040.0,""size"":0.0303,""num_orders"":2},{""price"":62040.13,""size"":0.001612,""num_orders"":1}]"
btc_usd_d10_20260708T174421Z,15,2026-07-08T17:59:21.810728Z,2026-07-08T17:59:21.810862Z,BTC-USD,10,ok,,132298887877,2026-07-08T17:59:20.032422484Z,0.62294722,0.12301163,0.670191914742,62051.360000000001,62051.370000000003,62051.365000000005,0.010000000002,0.001611568094,"[{""price"":62051.36,""size"":0.00504803,""num_orders"":2},{""price"":62051.35,""size"":0.12224432,""num_orders"":2},{""price"":62050.0,""size"":0.06776859,""num_orders"":2},{""price"":62049.97,""size"":1.2e-07,""num_orders"":1},{""price"":62049.96,""size"":1.3e-07,""num_orders"":1},{""price"":62049.94,""size"":0.001539,""num_orders"":1},{""price"":62049.3,""size"":0.16685609,""num_orders"":1},{""price"":62049.29,""size"":0.12898918,""num_orders"":1},{""price"":62049.28,""size"":0.12892976,""num_orders"":1},{""price"":62048.57,""size"":0.001572,""num_orders"":1}]","[{""price"":62051.37,""size"":0.00080577,""num_orders"":1},{""price"":62053.85,""size"":0.00015108,""num_orders"":2},{""price"":62054.0,""size"":0.019,""num_orders"":1},{""price"":62054.47,""size"":0.01208616,""num_orders"":2},{""price"":62054.85,""size"":2.4e-07,""num_orders"":1},{""price"":62054.86,""size"":2.5e-07,""num_orders"":1},{""price"":62055.74,""size"":0.00319954,""num_orders"":1},{""price"":62055.78,""size"":0.04876859,""num_orders"":1},{""price"":62056.0,""size"":0.019,""num_orders"":1},{""price"":62056.35,""size"":0.02,""num_orders"":1}]"
btc_usd_d10_20260708T174421Z,16,2026-07-08T18:00:21.810728Z,2026-07-08T18:00:21.810860Z,BTC-USD,10,ok,,132298937627,2026-07-08T18:00:21.292566586Z,0.20491384,0.25306755,-0.105143377114,62048.989999999998,62049,62048.994999999995,0.010000000002,0.001611629649,"[{""price"":62048.99,""size"":3e-08,""num_orders"":1},{""price"":62048.98,""size"":1.7e-07,""num_orders"":1},{""price"":62048.97,""size"":1.8e-07,""num_orders"":1},{""price"":62046.28,""size"":0.001634,""num_orders"":1},{""price"":62044.91,""size"":0.00159922,""num_orders"":1},{""price"":62044.9,""size"":0.0483437,""num_orders"":1},{""price"":62044.18,""size"":4.395e-05,""num_orders"":1},{""price"":62043.74,""size"":0.12901115,""num_orders"":2},{""price"":62043.73,""size"":0.02419355,""num_orders"":1},{""price"":62043.17,""size"":8.789e-05,""num_orders"":1}]","[{""price"":62049.0,""size"":0.03025555,""num_orders"":6},{""price"":62049.01,""size"":2.2e-07,""num_orders"":1},{""price"":62049.03,""size"":2.4e-07,""num_orders"":1},{""price"":62050.0,""size"":0.0113,""num_orders"":1},{""price"":62050.87,""size"":0.12898918,""num_orders"":1},{""price"":62051.48,""size"":0.00027698,""num_orders"":4},{""price"":62051.99,""size"":0.04876859,""num_orders"":1},{""price"":62052.0,""size"":0.0113,""num_orders"":1},{""price"":62052.1,""size"":0.02215879,""num_orders"":4},{""price"":62052.7,""size"":1.8e-05,""num_orders"":1}]"
btc_usd_d10_20260708T174421Z,17,2026-07-08T18:01:21.810728Z,2026-07-08T18:01:21.810859Z,BTC-USD,10,ok,,132299019389,2026-07-08T18:01:20.595371165Z,1.00058704,0.16290289,0.719975419125,62171.75,62171.760000000002,62171.755000000005,0.010000000002,0.001608447438,"[{""price"":62171.75,""size"":0.01231097,""num_orders"":3},{""price"":62171.74,""size"":0.4999996,""num_orders"":2},{""price"":62169.54,""size"":0.04824875,""num_orders"":1},{""price"":62169.21,""size"":0.00080422,""num_orders"":1},{""price"":62168.76,""size"":0.12868197,""num_orders"":1},{""price"":62168.61,""size"":0.13094292,""num_orders"":2},{""price"":62168.25,""size"":0.16114167,""num_orders"":1},{""price"":62168.0,""size"":0.0183,""num_orders"":1},{""price"":62167.72,""size"":7.537e-05,""num_orders"":1},{""price"":62167.41,""size"":8.157e-05,""num_orders"":1}]","[{""price"":62171.76,""size"":0.01563428,""num_orders"":1},{""price"":62171.77,""size"":0.01792382,""num_orders"":1},{""price"":62171.78,""size"":0.01792382,""num_orders"":1},{""price"":62172.82,""size"":0.00018639,""num_orders"":1},{""price"":62172.83,""size"":0.00037279,""num_orders"":1},{""price"":62173.79,""size"":0.00159976,""num_orders"":1},{""price"":62173.8,""size"":0.10912208,""num_orders"":2},{""price"":62173.94,""size"":1.999e-05,""num_orders"":1},{""price"":62173.96,""size"":3.999e-05,""num_orders"":1},{""price"":62173.98,""size"":7.997e-05,""num_orders"":1}]"
btc_usd_d10_20260708T174421Z,18,2026-07-08T18:02:21.810728Z,2026-07-08T18:02:21.810856Z,BTC-USD,10,ok,,132299095438,2026-07-08T18:02:20.345668554Z,0.45003892,1.06991849,-0.407826933782,62195.919999999998,62195.93,62195.925000000003,0.010000000002,0.001607822378,"[{""price"":62195.92,""size"":5.753e-05,""num_orders"":1},{""price"":62195.9,""size"":1.4e-07,""num_orders"":1},{""price"":62194.76,""size"":0.00165694,""num_orders"":3},{""price"":62194.75,""size"":3.4e-07,""num_orders"":2},{""price"":62193.3,""size"":1.8e-05,""num_orders"":1},{""price"":62190.03,""size"":0.16114167,""num_orders"":1},{""price"":62190.02,""size"":0.02419355,""num_orders"":1},{""price"":62190.0,""size"":0.0332,""num_orders"":2},{""price"":62189.6,""size"":1.8e-05,""num_orders"":1},{""price"":62188.85,""size"":0.22975275,""num_orders"":2}]","[{""price"":62195.93,""size"":0.47064873,""num_orders"":15},{""price"":62195.94,""size"":0.02152382,""num_orders"":1},{""price"":62195.98,""size"":0.02152382,""num_orders"":1},{""price"":62195.99,""size"":0.02152382,""num_orders"":1},{""price"":62196.0,""size"":0.0232,""num_orders"":1},{""price"":62196.31,""size"":0.19121127,""num_orders"":1},{""price"":62196.32,""size"":0.12862497,""num_orders"":1},{""price"":62197.49,""size"":0.00803911,""num_orders"":1},{""price"":62197.99,""size"":0.16114167,""num_orders"":1},{""price"":62198.0,""size"":0.02248128,""num_orders"":2}]"
btc_usd_d10_20260708T174421Z,19,2026-07-08T18:03:21.810728Z,2026-07-08T18:03:21.810860Z,BTC-USD,10,ok,,132299178336,2026-07-08T18:03:21.047769795Z,0.83169116,0.67024087,0.107495070865,62146.949999999997,62146.959999999999,62146.955000000002,0.010000000002,0.001609089295,"[{""price"":62146.95,""size"":0.49999991,""num_orders"":1},{""price"":62146.72,""size"":0.00187473,""num_orders"":1},{""price"":62145.52,""size"":0.001646,""num_orders"":1},{""price"":62145.39,""size"":0.00804544,""num_orders"":1},{""price"":62145.13,""size"":0.11607118,""num_orders"":2},{""price"":62144.84,""size"":0.12873152,""num_orders"":1},{""price"":62144.0,""size"":0.017,""num_orders"":1},{""price"":62143.11,""size"":0.04826492,""num_orders"":1},{""price"":62142.98,""size"":0.00804596,""num_orders"":1},{""price"":62142.64,""size"":0.0020115,""num_orders"":1}]","[{""price"":62146.96,""size"":0.03089641,""num_orders"":2},{""price"":62146.97,""size"":0.01802382,""num_orders"":1},{""price"":62146.98,""size"":0.01802382,""num_orders"":1},{""price"":62146.99,""size"":0.01802382,""num_orders"":1},{""price"":62148.79,""size"":0.00159976,""num_orders"":1},{""price"":62150.0,""size"":0.0178,""num_orders"":1},{""price"":62150.49,""size"":0.07684573,""num_orders"":1},{""price"":62150.5,""size"":0.12871981,""num_orders"":1},{""price"":62151.93,""size"":0.04876859,""num_orders"":1},{""price"":62151.94,""size"":0.31153911,""num_orders"":1}]"
btc_usd_d10_20260708T174421Z,20,2026-07-08T18:04:21.810728Z,2026-07-08T18:04:21.810866Z,BTC-USD,10,ok,,132299243567,2026-07-08T18:04:21.452511964Z,0.09438734,0.5626195,-0.712674711271,62149.389999999999,62152.620000000003,62151.005000000005,3.230000000003,0.519701974249,"[{""price"":62149.39,""size"":0.01075016,""num_orders"":1},{""price"":62148.2,""size"":0.0151,""num_orders"":1},{""price"":62147.21,""size"":0.01418112,""num_orders"":1},{""price"":62145.2,""size"":1.8e-05,""num_orders"":1},{""price"":62145.0,""size"":0.01,""num_orders"":1},{""price"":62141.5,""size"":1.8e-05,""num_orders"":1},{""price"":62140.0,""size"":0.01,""num_orders"":1},{""price"":62138.66,""size"":0.03389973,""num_orders"":1},{""price"":62137.8,""size"":1.8e-05,""num_orders"":1},{""price"":62136.67,""size"":0.00040233,""num_orders"":1}]","[{""price"":62152.62,""size"":0.0151,""num_orders"":1},{""price"":62153.53,""size"":0.02742382,""num_orders"":1},{""price"":62155.92,""size"":0.01978144,""num_orders"":2},{""price"":62155.93,""size"":0.00350032,""num_orders"":1},{""price"":62156.3,""size"":0.04197462,""num_orders"":5},{""price"":62156.31,""size"":0.25164918,""num_orders"":4},{""price"":62156.92,""size"":0.01494027,""num_orders"":1},{""price"":62160.0,""size"":0.07208113,""num_orders"":1},{""price"":62160.01,""size"":0.0997449,""num_orders"":2},{""price"":62160.02,""size"":0.01642382,""num_orders"":1}]"
btc_usd_d10_20260708T174421Z,21,2026-07-08T18:05:21.810728Z,2026-07-08T18:05:21.810863Z,BTC-USD,10,ok,,132299294080,2026-07-08T18:05:21.045905836Z,0.63544644,0.28817136,0.375994356107,62162.879999999997,62162.889999999999,62162.884999999995,0.010000000002,0.001608676946,"[{""price"":62162.88,""size"":0.01,""num_orders"":1},{""price"":62162.87,""size"":1.4e-07,""num_orders"":1},{""price"":62162.02,""size"":0.00319954,""num_orders"":1},{""price"":62162.01,""size"":0.03830221,""num_orders"":1},{""price"":62162.0,""size"":0.0159,""num_orders"":1},{""price"":62161.87,""size"":0.0482578,""num_orders"":1},{""price"":62160.82,""size"":0.26862494,""num_orders"":1},{""price"":62160.81,""size"":0.12869845,""num_orders"":1},{""price"":62160.02,""size"":0.09654536,""num_orders"":1},{""price"":62160.0,""size"":0.025918,""num_orders"":3}]","[{""price"":62162.89,""size"":3.1e-07,""num_orders"":2},{""price"":62164.45,""size"":0.00804338,""num_orders"":1},{""price"":62166.55,""size"":0.01005423,""num_orders"":1},{""price"":62166.58,""size"":0.12868652,""num_orders"":1},{""price"":62166.95,""size"":0.02,""num_orders"":1},{""price"":62167.23,""size"":0.09654536,""num_orders"":1},{""price"":62167.35,""size"":0.00088181,""num_orders"":1},{""price"":62167.99,""size"":0.00803462,""num_orders"":1},{""price"":62168.0,""size"":0.0159,""num_orders"":1},{""price"":62168.51,""size"":2.513e-05,""num_orders"":1}]"
btc_usd_d10_20260708T174421Z,22,2026-07-08T18:06:21.810728Z,2026-07-08T18:06:21.810869Z,BTC-USD,10,ok,,132299361082,2026-07-08T18:06:21.045844376Z,0.24159411,0.85060499,-0.55760060597,62180.739999999998,62180.75,62180.744999999995,0.010000000002,0.001608214891,"[{""price"":62180.74,""size"":0.00112575,""num_orders"":1},{""price"":62178.82,""size"":0.00125064,""num_orders"":1},{""price"":62178.74,""size"":0.001563,""num_orders"":1},{""price"":62176.0,""size"":0.0151,""num_orders"":1},{""price"":62175.72,""size"":0.04876859,""num_orders"":1},{""price"":62175.45,""size"":0.12866813,""num_orders"":1},{""price"":62175.0,""size"":0.01,""num_orders"":1},{""price"":62174.8,""size"":1.8e-05,""num_orders"":1},{""price"":62174.0,""size"":0.0151,""num_orders"":1},{""price"":62173.7,""size"":0.02,""num_orders"":1}]","[{""price"":62180.75,""size"":0.16630382,""num_orders"":4},{""price"":62180.92,""size"":0.00159977,""num_orders"":1},{""price"":62180.93,""size"":0.15540035,""num_orders"":1},{""price"":62180.94,""size"":0.09654536,""num_orders"":1},{""price"":62180.96,""size"":0.12865674,""num_orders"":1},{""price"":62182.0,""size"":0.0151,""num_orders"":1},{""price"":62182.01,""size"":0.04824063,""num_orders"":1},{""price"":62182.76,""size"":0.12865303,""num_orders"":1},{""price"":62183.1,""size"":0.08984697,""num_orders"":1},{""price"":62183.11,""size"":0.02025832,""num_orders"":2}]"
btc_usd_d10_20260708T174421Z,23,2026-07-08T18:07:21.810728Z,2026-07-08T18:07:21.810860Z,BTC-USD,10,ok,,132299431180,2026-07-08T18:07:20.547797800Z,0.60240472,0.57577426,0.022603068339,62104.5,62104.510000000002,62104.505000000005,0.010000000002,0.001610189148,"[{""price"":62104.5,""size"":0.00049279,""num_orders"":2},{""price"":62101.4,""size"":0.04876859,""num_orders"":1},{""price"":62101.39,""size"":0.02012837,""num_orders"":3},{""price"":62100.8,""size"":1.8e-05,""num_orders"":1},{""price"":62100.0,""size"":0.02949576,""num_orders"":4},{""price"":62098.81,""size"":0.25240324,""num_orders"":2},{""price"":62098.8,""size"":0.12882694,""num_orders"":1},{""price"":62098.36,""size"":0.001575,""num_orders"":1},{""price"":62098.01,""size"":0.02415067,""num_orders"":1},{""price"":62097.25,""size"":0.09654536,""num_orders"":1}]","[{""price"":62104.51,""size"":0.10237991,""num_orders"":6},{""price"":62104.53,""size"":7.1e-07,""num_orders"":2},{""price"":62104.54,""size"":3.9e-07,""num_orders"":1},{""price"":62104.96,""size"":0.00159993,""num_orders"":1},{""price"":62104.97,""size"":0.20008391,""num_orders"":2},{""price"":62104.98,""size"":0.09654536,""num_orders"":1},{""price"":62105.48,""size"":0.12881311,""num_orders"":1},{""price"":62106.0,""size"":0.0183,""num_orders"":1},{""price"":62106.07,""size"":0.00805094,""num_orders"":1},{""price"":62106.48,""size"":0.02,""num_orders"":1}]"
btc_usd_d10_20260708T174421Z,24,2026-07-08T18:08:21.810728Z,2026-07-08T18:08:21.810859Z,BTC-USD,10,ok,,132299494507,2026-07-08T18:08:19.130812158Z,0.51879904,0.2209545,0.402626718082,62104,62104.010000000002,62104.005000000005,0.010000000002,0.001610202112,"[{""price"":62104.0,""size"":3.928e-05,""num_orders"":1},{""price"":62103.4,""size"":0.0151,""num_orders"":1},{""price"":62102.4,""size"":0.00402561,""num_orders"":1},{""price"":62102.0,""size"":0.0172,""num_orders"":1},{""price"":62101.69,""size"":0.20626838,""num_orders"":1},{""price"":62101.68,""size"":0.12882097,""num_orders"":1},{""price"":62100.89,""size"":0.00201285,""num_orders"":1},{""price"":62100.8,""size"":1.8e-05,""num_orders"":1},{""price"":62100.44,""size"":0.09654536,""num_orders"":1},{""price"":62100.43,""size"":0.04876859,""num_orders"":1}]","[{""price"":62104.01,""size"":0.02960531,""num_orders"":2},{""price"":62104.5,""size"":0.01279775,""num_orders"":1},{""price"":62106.06,""size"":0.00805097,""num_orders"":1},{""price"":62106.58,""size"":0.001632,""num_orders"":1},{""price"":62107.78,""size"":0.00197707,""num_orders"":1},{""price"":62107.79,""size"":0.02,""num_orders"":1},{""price"":62107.81,""size"":0.09962768,""num_orders"":2},{""price"":62108.0,""size"":0.0172,""num_orders"":1},{""price"":62108.15,""size"":0.01006372,""num_orders"":1},{""price"":62108.46,""size"":0.02,""num_orders"":1}]"
btc_usd_d10_20260708T174421Z,25,2026-07-08T18:09:21.810728Z,2026-07-08T18:09:21.810868Z,BTC-USD,10,ok,,132299554687,2026-07-08T18:09:21.527383069Z,0.66338172,1.33849315,-0.337239574819,62148.699999999997,62148.709999999999,62148.705000000002,0.010000000002,0.001609043986,"[{""price"":62148.7,""size"":0.02700748,""num_orders"":5},{""price"":62148.68,""size"":1.2e-07,""num_orders"":1},{""price"":62147.14,""size"":0.00804521,""num_orders"":1},{""price"":62146.36,""size"":0.00191567,""num_orders"":1},{""price"":62146.35,""size"":0.12872839,""num_orders"":1},{""price"":62145.57,""size"":1.2e-07,""num_orders"":1},{""price"":62145.05,""size"":0.01005652,""num_orders"":1},{""price"":62144.3,""size"":0.09654536,""num_orders"":1},{""price"":62144.29,""size"":0.23016676,""num_orders"":2},{""price"":62144.18,""size"":0.16091609,""num_orders"":1}]","[{""price"":62148.71,""size"":1.06169898,""num_orders"":6},{""price"":62148.72,""size"":4.2e-07,""num_orders"":2},{""price"":62148.73,""size"":4.3e-07,""num_orders"":2},{""price"":62150.27,""size"":0.00804521,""num_orders"":1},{""price"":62150.83,""size"":0.00128387,""num_orders"":1},{""price"":62150.84,""size"":0.12871909,""num_orders"":1},{""price"":62151.2,""size"":0.00027654,""num_orders"":4},{""price"":62151.82,""size"":0.02212325,""num_orders"":4},{""price"":62151.95,""size"":0.09654536,""num_orders"":1},{""price"":62152.0,""size"":0.0198,""num_orders"":1}]"
btc_usd_d10_20260708T174421Z,26,2026-07-08T18:10:21.810728Z,2026-07-08T18:10:21.810860Z,BTC-USD,10,ok,,132299611479,2026-07-08T18:10:21.016465266Z,0.42676781,0.33313348,0.123219069677,62149.919999999998,62149.93,62149.925000000003,0.010000000002,0.001609012401,"[{""price"":62149.92,""size"":0.01339436,""num_orders"":3},{""price"":62149.91,""size"":1.5e-07,""num_orders"":1},{""price"":62149.08,""size"":0.00057249,""num_orders"":2},{""price"":62148.91,""size"":1.4e-07,""num_orders"":1},{""price"":62148.37,""size"":0.00804506,""num_orders"":1},{""price"":62146.81,""size"":0.001631,""num_orders"":1},{""price"":62146.32,""size"":0.02,""num_orders"":1},{""price"":62146.31,""size"":0.20359908,""num_orders"":1},{""price"":62146.3,""size"":0.16946921,""num_orders"":3},{""price"":62146.28,""size"":0.01005632,""num_orders"":1}]","[{""price"":62149.93,""size"":0.09519003,""num_orders"":8},{""price"":62149.94,""size"":0.01522382,""num_orders"":1},{""price"":62149.99,""size"":0.01522382,""num_orders"":1},{""price"":62150.0,""size"":0.02902382,""num_orders"":2},{""price"":62150.01,""size"":0.01522382,""num_orders"":1},{""price"":62150.98,""size"":0.00464775,""num_orders"":1},{""price"":62151.45,""size"":0.12871785,""num_orders"":1},{""price"":62151.5,""size"":0.00804506,""num_orders"":1},{""price"":62151.99,""size"":0.00803751,""num_orders"":1},{""price"":62152.0,""size"":0.0138,""num_orders"":1}]"
btc_usd_d10_20260708T174421Z,27,2026-07-08T18:11:21.810728Z,2026-07-08T18:11:21.810862Z,BTC-USD,10,ok,,132299667484,2026-07-08T18:11:20.184112867Z,0.51749677,0.19219554,0.458369388278,62202.169999999998,62202.18,62202.175000000003,0.010000000002,0.001607660826,"[{""price"":62202.17,""size"":0.02476714,""num_orders"":7},{""price"":62202.16,""size"":1.3e-07,""num_orders"":1},{""price"":62202.15,""size"":1.4e-07,""num_orders"":1},{""price"":62202.06,""size"":0.17220636,""num_orders"":1},{""price"":62202.04,""size"":0.02415526,""num_orders"":1},{""price"":62200.9,""size"":0.12861549,""num_orders"":1},{""price"":62200.85,""size"":0.04876859,""num_orders"":1},{""price"":62200.61,""size"":0.0080383,""num_orders"":1},{""price"":62200.01,""size"":0.09654536,""num_orders"":1},{""price"":62200.0,""size"":0.0144,""num_orders"":1}]","[{""price"":62202.18,""size"":1.7e-07,""num_orders"":1},{""price"":62202.19,""size"":0.01422397,""num_orders"":2},{""price"":62202.21,""size"":1.8e-07,""num_orders"":1},{""price"":62204.65,""size"":0.00319954,""num_orders"":1},{""price"":62204.66,""size"":0.02,""num_orders"":1},{""price"":62204.67,""size"":0.00012559,""num_orders"":2},{""price"":62205.15,""size"":0.12860671,""num_orders"":1},{""price"":62205.29,""size"":0.01004738,""num_orders"":2},{""price"":62205.69,""size"":0.001592,""num_orders"":1},{""price"":62206.0,""size"":0.0144,""num_orders"":1}]"
btc_usd_d10_20260708T174421Z,28,2026-07-08T18:12:21.810728Z,2026-07-08T18:12:21.810857Z,BTC-USD,10,ok,,132299720111,2026-07-08T18:12:21.542813824Z,0.4298918,0.42871573,0.001369741074,62226,62226.010000000002,62226.005000000005,0.010000000002,0.001607045158,"[{""price"":62226.0,""size"":0.03158105,""num_orders"":4},{""price"":62225.99,""size"":1.9e-07,""num_orders"":1},{""price"":62225.98,""size"":2e-07,""num_orders"":1},{""price"":62225.24,""size"":0.00261125,""num_orders"":1},{""price"":62224.48,""size"":0.00319954,""num_orders"":1},{""price"":62224.47,""size"":0.19399139,""num_orders"":1},{""price"":62224.44,""size"":0.00803522,""num_orders"":1},{""price"":62224.23,""size"":0.0482054,""num_orders"":1},{""price"":62224.09,""size"":0.12856756,""num_orders"":1},{""price"":62224.0,""size"":0.0137,""num_orders"":1}]","[{""price"":62226.01,""size"":0.16592659,""num_orders"":4},{""price"":62226.03,""size"":3.3e-07,""num_orders"":2},{""price"":62226.6,""size"":1.8e-05,""num_orders"":1},{""price"":62228.49,""size"":0.12855848,""num_orders"":1},{""price"":62228.5,""size"":0.00027621,""num_orders"":4},{""price"":62229.02,""size"":0.001577,""num_orders"":1},{""price"":62229.12,""size"":0.02209576,""num_orders"":4},{""price"":62229.83,""size"":0.09654536,""num_orders"":1},{""price"":62230.0,""size"":0.0137,""num_orders"":1},{""price"":62230.3,""size"":1.8e-05,""num_orders"":1}]"
btc_usd_d10_20260708T174421Z,29,2026-07-08T18:13:21.810728Z,2026-07-08T18:13:21.810861Z,BTC-USD,10,ok,,132299770081,2026-07-08T18:13:21.559028478Z,0.64465702,0.32840544,0.325006454365,62204.980000000003,62204.989999999998,62204.985000000001,0.009999999995,0.001607588201,"[{""price"":62204.98,""size"":0.04037255,""num_orders"":4},{""price"":62204.97,""size"":2.7e-07,""num_orders"":2},{""price"":62204.96,""size"":1.6e-07,""num_orders"":1},{""price"":62203.62,""size"":0.00159978,""num_orders"":1},{""price"":62203.61,""size"":0.15712653,""num_orders"":2},{""price"":62203.6,""size"":0.09654536,""num_orders"":1},{""price"":62203.57,""size"":0.12860997,""num_orders"":1},{""price"":62203.42,""size"":0.00803794,""num_orders"":1},{""price"":62203.1,""size"":0.04822354,""num_orders"":1},{""price"":62202.76,""size"":0.16414092,""num_orders"":1}]","[{""price"":62204.99,""size"":0.02102461,""num_orders"":2},{""price"":62206.55,""size"":0.00803794,""num_orders"":1},{""price"":62208.0,""size"":0.0151,""num_orders"":1},{""price"":62208.02,""size"":0.1286008,""num_orders"":1},{""price"":62208.09,""size"":0.00162,""num_orders"":1},{""price"":62208.65,""size"":0.01004742,""num_orders"":1},{""price"":62209.18,""size"":0.12859838,""num_orders"":1},{""price"":62209.91,""size"":0.00017582,""num_orders"":3},{""price"":62209.96,""size"":0.00010047,""num_orders"":1},{""price"":62210.0,""size"":0.0151,""num_orders"":1}]"
btc_usd_d10_20260708T174421Z,30,2026-07-08T18:14:21.810728Z,2026-07-08T18:14:21.810863Z,BTC-USD,10,ok,,132299819130,2026-07-08T18:14:18.845314540Z,0.41513163,0.27186536,0.208539880211,62240.779999999999,62240.790000000001,62240.785000000003,0.010000000002,0.001606663541,"[{""price"":62240.78,""size"":0.14764842,""num_orders"":5},{""price"":62240.77,""size"":1.8e-07,""num_orders"":1},{""price"":62240.76,""size"":1.9e-07,""num_orders"":1},{""price"":62239.42,""size"":0.00319954,""num_orders"":1},{""price"":62239.41,""size"":0.01,""num_orders"":1},{""price"":62239.39,""size"":0.01,""num_orders"":1},{""price"":62239.38,""size"":0.18742011,""num_orders"":2},{""price"":62239.29,""size"":0.001596,""num_orders"":1},{""price"":62239.24,""size"":0.04819517,""num_orders"":1},{""price"":62239.22,""size"":0.00707202,""num_orders"":1}]","[{""price"":62240.79,""size"":0.0824805,""num_orders"":2},{""price"":62240.8,""size"":1.7e-07,""num_orders"":1},{""price"":62240.81,""size"":1.8e-07,""num_orders"":1},{""price"":62241.4,""size"":1.8e-05,""num_orders"":1},{""price"":62243.28,""size"":0.00027613,""num_orders"":4},{""price"":62243.9,""size"":0.02209053,""num_orders"":4},{""price"":62243.93,""size"":0.12852659,""num_orders"":1},{""price"":62244.0,""size"":0.0143,""num_orders"":1},{""price"":62245.1,""size"":1.8e-05,""num_orders"":1},{""price"":62245.69,""size"":0.02415526,""num_orders"":1}]"
btc_usd_d10_20260708T174421Z,31,2026-07-08T18:15:21.810728Z,2026-07-08T18:15:21.810870Z,BTC-USD,10,ok,,132299866905,2026-07-08T18:15:19.181727624Z,0.6253416,0.48386029,0.127552352079,62230.970000000001,62230.980000000003,62230.975000000006,0.010000000002,0.001606916813,"[{""price"":62230.97,""size"":0.15342593,""num_orders"":5},{""price"":62230.96,""size"":5e-08,""num_orders"":1},{""price"":62230.95,""size"":1.3e-07,""num_orders"":1},{""price"":62230.8,""size"":0.00159919,""num_orders"":1},{""price"":62230.79,""size"":0.04876859,""num_orders"":1},{""price"":62230.78,""size"":0.28525834,""num_orders"":1},{""price"":62230.3,""size"":1.8e-05,""num_orders"":1},{""price"":62230.0,""size"":0.12521334,""num_orders"":1},{""price"":62227.86,""size"":0.01004374,""num_orders"":2},{""price"":62227.67,""size"":0.00101429,""num_orders"":3}]","[{""price"":62230.98,""size"":0.04245865,""num_orders"":3},{""price"":62230.99,""size"":2.5e-07,""num_orders"":1},{""price"":62231.0,""size"":2.9e-07,""num_orders"":1},{""price"":62231.33,""size"":0.12855262,""num_orders"":1},{""price"":62231.71,""size"":0.18362404,""num_orders"":1},{""price"":62231.91,""size"":0.1,""num_orders"":1},{""price"":62232.0,""size"":0.0174,""num_orders"":1},{""price"":62232.26,""size"":0.00219286,""num_orders"":1},{""price"":62232.34,""size"":0.001597,""num_orders"":1},{""price"":62232.55,""size"":0.00803458,""num_orders"":1}]"
btc_usd_d10_20260708T174421Z,32,2026-07-08T18:16:21.810728Z,2026-07-08T18:16:21.810865Z,BTC-USD,10,ok,,132299916223,2026-07-08T18:16:20.629615792Z,0.75676674,0.58817333,0.125353845692,62228.720000000001,62228.730000000003,62228.725000000006,0.010000000002,0.001606974914,"[{""price"":62228.72,""size"":0.13810521,""num_orders"":8},{""price"":62228.71,""size"":0.00159988,""num_orders"":2},{""price"":62228.7,""size"":0.03,""num_orders"":1},{""price"":62228.13,""size"":0.04821053,""num_orders"":1},{""price"":62228.0,""size"":0.018,""num_orders"":1},{""price"":62227.51,""size"":0.21478637,""num_orders"":1},{""price"":62227.5,""size"":0.12070062,""num_orders"":2},{""price"":62227.48,""size"":0.04876859,""num_orders"":1},{""price"":62227.42,""size"":0.12856067,""num_orders"":1},{""price"":62227.16,""size"":0.00803487,""num_orders"":1}]","[{""price"":62228.73,""size"":0.09840906,""num_orders"":1},{""price"":62232.0,""size"":0.018,""num_orders"":1},{""price"":62233.48,""size"":0.0875,""num_orders"":1},{""price"":62233.49,""size"":0.12854816,""num_orders"":1},{""price"":62234.0,""size"":0.018018,""num_orders"":2},{""price"":62234.54,""size"":0.00485,""num_orders"":1},{""price"":62234.57,""size"":9.7e-05,""num_orders"":1},{""price"":62235.98,""size"":0.0870084,""num_orders"":1},{""price"":62236.0,""size"":0.0172,""num_orders"":1},{""price"":62236.13,""size"":0.12854271,""num_orders"":1}]"
btc_usd_d10_20260708T174421Z,33,2026-07-08T18:17:21.810728Z,2026-07-08T18:17:21.810858Z,BTC-USD,10,ok,,132299977713,2026-07-08T18:17:20.182022832Z,0.4831162,0.32411529,0.196970648407,62233.709999999999,62233.720000000001,62233.714999999997,0.010000000002,0.001606846064,"[{""price"":62233.71,""size"":0.0181,""num_orders"":1},{""price"":62232.72,""size"":0.00035598,""num_orders"":2},{""price"":62232.0,""size"":0.0154,""num_orders"":1},{""price"":62231.91,""size"":0.12855139,""num_orders"":1},{""price"":62231.47,""size"":0.01205178,""num_orders"":2},{""price"":62231.16,""size"":0.09654536,""num_orders"":1},{""price"":62231.15,""size"":0.07292385,""num_orders"":2},{""price"":62231.14,""size"":0.01061683,""num_orders"":1},{""price"":62231.13,""size"":0.12855301,""num_orders"":1},{""price"":62230.3,""size"":1.8e-05,""num_orders"":1}]","[{""price"":62233.72,""size"":0.02105788,""num_orders"":3},{""price"":62233.73,""size"":0.01712382,""num_orders"":1},{""price"":62233.74,""size"":0.02712382,""num_orders"":2},{""price"":62233.75,""size"":0.02712382,""num_orders"":2},{""price"":62233.76,""size"":0.14606685,""num_orders"":2},{""price"":62233.77,""size"":0.01712382,""num_orders"":1},{""price"":62233.78,""size"":0.01712382,""num_orders"":1},{""price"":62233.79,""size"":0.01712382,""num_orders"":1},{""price"":62233.8,""size"":0.01712382,""num_orders"":1},{""price"":62233.81,""size"":0.01712382,""num_orders"":1}]"
btc_usd_d10_20260708T174421Z,34,2026-07-08T18:18:21.810728Z,2026-07-08T18:18:21.810860Z,BTC-USD,10,ok,,132300026295,2026-07-08T18:18:21.537528235Z,0.643663,0.20718669,0.512988739527,62223.419999999998,62223.43,62223.425000000003,0.010000000002,0.001607111791,"[{""price"":62223.42,""size"":0.29658746,""num_orders"":9},{""price"":62222.5,""size"":0.00319954,""num_orders"":1},{""price"":62222.49,""size"":0.12857086,""num_orders"":1},{""price"":62222.0,""size"":0.0178,""num_orders"":1},{""price"":62220.54,""size"":0.00803593,""num_orders"":1},{""price"":62220.44,""size"":0.01,""num_orders"":1},{""price"":62220.43,""size"":0.09654536,""num_orders"":1},{""price"":62220.42,""size"":0.01,""num_orders"":1},{""price"":62220.41,""size"":0.04876859,""num_orders"":1},{""price"":62220.4,""size"":0.02415526,""num_orders"":1}]","[{""price"":62223.43,""size"":0.00803555,""num_orders"":1},{""price"":62223.5,""size"":1.9e-07,""num_orders"":1},{""price"":62224.57,""size"":0.001597,""num_orders"":1},{""price"":62225.05,""size"":0.00803555,""num_orders"":1},{""price"":62226.0,""size"":0.0178,""num_orders"":1},{""price"":62226.17,""size"":0.00156,""num_orders"":1},{""price"":62226.6,""size"":0.07913739,""num_orders"":1},{""price"":62226.61,""size"":0.07957063,""num_orders"":1},{""price"":62226.75,""size"":0.00140595,""num_orders"":1},{""price"":62227.15,""size"":0.01004443,""num_orders"":1}]"
btc_usd_d10_20260708T174421Z,35,2026-07-08T18:19:21.810728Z,2026-07-08T18:19:21.810863Z,BTC-USD,10,ok,,132300087951,2026-07-08T18:19:20.104326170Z,0.28077976,0.8061343,-0.483345058578,62270.980000000003,62270.989999999998,62270.985000000001,0.009999999995,0.001605884345,"[{""price"":62270.98,""size"":1.6e-07,""num_orders"":1},{""price"":62270.97,""size"":1.8e-07,""num_orders"":1},{""price"":62269.43,""size"":0.00628226,""num_orders"":1},{""price"":62267.65,""size"":0.04817141,""num_orders"":1},{""price"":62267.16,""size"":0.001582,""num_orders"":1},{""price"":62266.0,""size"":0.0204,""num_orders"":1},{""price"":62265.46,""size"":0.00319915,""num_orders"":1},{""price"":62264.05,""size"":0.08419924,""num_orders"":1},{""price"":62264.04,""size"":0.09654536,""num_orders"":1},{""price"":62264.0,""size"":0.0204,""num_orders"":1}]","[{""price"":62270.99,""size"":0.08747482,""num_orders"":5},{""price"":62271.0,""size"":0.37842041,""num_orders"":3},{""price"":62271.01,""size"":1.6e-07,""num_orders"":1},{""price"":62271.03,""size"":1.7e-07,""num_orders"":1},{""price"":62271.36,""size"":0.17521305,""num_orders"":1},{""price"":62271.37,""size"":0.12846996,""num_orders"":1},{""price"":62273.48,""size"":0.00802635,""num_orders"":1},{""price"":62273.49,""size"":0.00010036,""num_orders"":1},{""price"":62274.0,""size"":0.0204,""num_orders"":1},{""price"":62274.11,""size"":0.00802902,""num_orders"":1}]"
btc_usd_d10_20260708T174421Z,36,2026-07-08T18:20:21.810728Z,2026-07-08T18:20:21.810865Z,BTC-USD,10,ok,,132300138693,2026-07-08T18:20:20.547593862Z,0.34355502,0.52888042,-0.212423053332,62227.779999999999,62227.790000000001,62227.785000000003,0.010000000002,0.001606999189,"[{""price"":62227.78,""size"":0.03038205,""num_orders"":6},{""price"":62226.6,""size"":1.8e-05,""num_orders"":1},{""price"":62226.0,""size"":0.0214,""num_orders"":1},{""price"":62225.2,""size"":0.00200883,""num_orders"":1},{""price"":62224.9,""size"":0.00401768,""num_orders"":1},{""price"":62224.0,""size"":0.0214,""num_orders"":1},{""price"":62222.9,""size"":1.8e-05,""num_orders"":1},{""price"":62222.74,""size"":0.11955486,""num_orders"":1},{""price"":62222.73,""size"":0.09654536,""num_orders"":1},{""price"":62222.71,""size"":0.04821024,""num_orders"":1}]","[{""price"":62227.79,""size"":0.02062382,""num_orders"":1},{""price"":62228.28,""size"":0.00120949,""num_orders"":1},{""price"":62228.29,""size"":0.21549825,""num_orders"":1},{""price"":62228.3,""size"":0.12855887,""num_orders"":1},{""price"":62230.0,""size"":0.0214,""num_orders"":1},{""price"":62230.89,""size"":0.13658828,""num_orders"":2},{""price"":62230.9,""size"":2.2e-07,""num_orders"":1},{""price"":62230.91,""size"":2.4e-07,""num_orders"":1},{""price"":62230.92,""size"":2.5e-07,""num_orders"":1},{""price"":62230.99,""size"":0.005001,""num_orders"":1}]"
btc_usd_d10_20260708T174421Z,37,2026-07-08T18:21:21.810728Z,2026-07-08T18:21:21.810861Z,BTC-USD,10,ok,,132300184215,2026-07-08T18:21:20.514322017Z,0.72415953,1.33574493,-0.296899886318,62245.089999999997,62245.099999999999,62245.095000000001,0.010000000002,0.001606552292,"[{""price"":62245.09,""size"":0.14652165,""num_orders"":9},{""price"":62245.07,""size"":1.4e-07,""num_orders"":1},{""price"":62244.93,""size"":0.00319954,""num_orders"":1},{""price"":62244.91,""size"":0.01,""num_orders"":1},{""price"":62244.9,""size"":0.28482572,""num_orders"":2},{""price"":62244.89,""size"":0.09654536,""num_orders"":1},{""price"":62244.83,""size"":0.12852472,""num_orders"":1},{""price"":62244.0,""size"":0.0224,""num_orders"":1},{""price"":62243.53,""size"":0.00803276,""num_orders"":1},{""price"":62242.81,""size"":0.02410964,""num_orders"":1}]","[{""price"":62245.1,""size"":1.10752919,""num_orders"":11},{""price"":62245.11,""size"":1.7e-07,""num_orders"":1},{""price"":62245.12,""size"":2.3e-07,""num_orders"":1},{""price"":62247.59,""size"":0.00027612,""num_orders"":4},{""price"":62248.21,""size"":0.02208899,""num_orders"":4},{""price"":62248.8,""size"":1.8e-05,""num_orders"":1},{""price"":62249.95,""size"":0.00159,""num_orders"":1},{""price"":62250.0,""size"":0.0253001,""num_orders"":2},{""price"":62250.98,""size"":0.0504325,""num_orders"":1},{""price"":62252.15,""size"":0.12850963,""num_orders"":1}]"
btc_usd_d10_20260708T174421Z,38,2026-07-08T18:22:21.810728Z,2026-07-08T18:22:21.810865Z,BTC-USD,10,ok,,132300227924,2026-07-08T18:22:19.188111595Z,0.31712486,0.39092424,-0.104229184106,62248.349999999999,62248.360000000001,62248.354999999996,0.010000000002,0.001606468155,"[{""price"":62248.35,""size"":0.0232139,""num_orders"":3},{""price"":62248.34,""size"":1.5e-07,""num_orders"":1},{""price"":62248.33,""size"":1.6e-07,""num_orders"":1},{""price"":62248.0,""size"":0.0257756,""num_orders"":2},{""price"":62246.79,""size"":0.00803234,""num_orders"":1},{""price"":62246.32,""size"":0.00184958,""num_orders"":1},{""price"":62246.03,""size"":0.00319954,""num_orders"":1},{""price"":62246.0,""size"":0.0271,""num_orders"":1},{""price"":62245.74,""size"":0.001607,""num_orders"":1},{""price"":62245.58,""size"":0.22634659,""num_orders"":2}]","[{""price"":62248.36,""size"":0.10361592,""num_orders"":4},{""price"":62248.37,""size"":2e-07,""num_orders"":1},{""price"":62248.39,""size"":2.1e-07,""num_orders"":1},{""price"":62248.41,""size"":0.02692382,""num_orders"":1},{""price"":62250.0,""size"":0.0050001,""num_orders"":1},{""price"":62250.56,""size"":0.12851291,""num_orders"":1},{""price"":62250.85,""size"":0.0002259,""num_orders"":3},{""price"":62251.39,""size"":0.08147332,""num_orders"":2},{""price"":62251.47,""size"":0.01807186,""num_orders"":3},{""price"":62252.0,""size"":0.0271,""num_orders"":1}]"
btc_usd_d10_20260708T174421Z,39,2026-07-08T18:23:21.810728Z,2026-07-08T18:23:21.810860Z,BTC-USD,10,ok,,132300280902,2026-07-08T18:23:21.047120286Z,0.21133999,0.85373702,-0.603146086122,62204.980000000003,62204.989999999998,62204.985000000001,0.009999999995,0.001607588201,"[{""price"":62204.98,""size"":0.049153,""num_orders"":4},{""price"":62204.97,""size"":2.9e-07,""num_orders"":2},{""price"":62204.96,""size"":1.6e-07,""num_orders"":1},{""price"":62204.02,""size"":0.00102429,""num_orders"":1},{""price"":62204.01,""size"":0.01667895,""num_orders"":1},{""price"":62204.0,""size"":0.0199,""num_orders"":1},{""price"":62203.42,""size"":0.00803794,""num_orders"":1},{""price"":62202.65,""size"":0.01,""num_orders"":1},{""price"":62202.64,""size"":0.09654536,""num_orders"":1},{""price"":62202.63,""size"":0.01,""num_orders"":1}]","[{""price"":62204.99,""size"":0.08029913,""num_orders"":2},{""price"":62205.0,""size"":1.6e-07,""num_orders"":1},{""price"":62206.45,""size"":0.00217525,""num_orders"":1},{""price"":62206.46,""size"":0.12860401,""num_orders"":1},{""price"":62206.49,""size"":0.1,""num_orders"":1},{""price"":62207.13,""size"":0.09654536,""num_orders"":1},{""price"":62208.0,""size"":0.0199,""num_orders"":1},{""price"":62209.75,""size"":0.32164124,""num_orders"":1},{""price"":62209.76,""size"":0.09654536,""num_orders"":1},{""price"":62209.88,""size"":0.00802651,""num_orders"":1}]"
btc_usd_d10_20260708T174421Z,40,2026-07-08T18:24:21.810728Z,2026-07-08T18:24:21.810859Z,BTC-USD,10,ok,,132300325474,2026-07-08T18:24:20.788222782Z,0.61963964,1.07662139,-0.269405322599,62178.650000000001,62178.660000000003,62178.654999999999,0.010000000002,0.001608268947,"[{""price"":62178.65,""size"":0.01317558,""num_orders"":4},{""price"":62178.64,""size"":1e-07,""num_orders"":1},{""price"":62178.63,""size"":1.1e-07,""num_orders"":1},{""price"":62176.04,""size"":0.00319954,""num_orders"":1},{""price"":62176.03,""size"":0.16078801,""num_orders"":1},{""price"":62176.02,""size"":0.12866694,""num_orders"":1},{""price"":62176.0,""size"":0.0188,""num_orders"":1},{""price"":62175.54,""size"":0.02211481,""num_orders"":4},{""price"":62175.22,""size"":0.09654536,""num_orders"":1},{""price"":62175.12,""size"":0.17634919,""num_orders"":1}]","[{""price"":62178.66,""size"":0.33189122,""num_orders"":8},{""price"":62178.67,""size"":2.4e-07,""num_orders"":1},{""price"":62178.68,""size"":2.6e-07,""num_orders"":1},{""price"":62179.26,""size"":0.16186563,""num_orders"":2},{""price"":62179.27,""size"":0.1,""num_orders"":1},{""price"":62180.22,""size"":0.00804134,""num_orders"":1},{""price"":62180.93,""size"":0.01,""num_orders"":1},{""price"":62180.94,""size"":0.1286568,""num_orders"":1},{""price"":62182.27,""size"":0.01,""num_orders"":1},{""price"":62182.28,""size"":0.3261659,""num_orders"":2}]"
btc_usd_d10_20260708T174421Z,41,2026-07-08T18:25:21.810728Z,2026-07-08T18:25:21.810861Z,BTC-USD,10,ok,,132300382855,2026-07-08T18:25:20.679777278Z,0.11683004,1.40040145,-0.845995761662,62150.080000000002,62150.089999999997,62150.084999999999,0.009999999995,0.001609008257,"[{""price"":62150.08,""size"":0.00999991,""num_orders"":1},{""price"":62150.07,""size"":1.3e-07,""num_orders"":1},{""price"":62150.06,""size"":1.4e-07,""num_orders"":1},{""price"":62150.0,""size"":0.00080031,""num_orders"":1},{""price"":62148.9,""size"":1.8e-05,""num_orders"":1},{""price"":62146.97,""size"":0.02212496,""num_orders"":4},{""price"":62146.01,""size"":0.04876859,""num_orders"":1},{""price"":62146.0,""size"":0.0251,""num_orders"":1},{""price"":62145.2,""size"":1.8e-05,""num_orders"":1},{""price"":62145.0,""size"":0.01,""num_orders"":1}]","[{""price"":62150.09,""size"":0.70250546,""num_orders"":9},{""price"":62150.1,""size"":2.1e-07,""num_orders"":1},{""price"":62150.63,""size"":0.00159977,""num_orders"":1},{""price"":62150.64,""size"":0.09654536,""num_orders"":1},{""price"":62150.65,""size"":0.26089947,""num_orders"":1},{""price"":62150.66,""size"":0.12871948,""num_orders"":1},{""price"":62151.01,""size"":0.04826973,""num_orders"":1},{""price"":62151.65,""size"":0.00804504,""num_orders"":1},{""price"":62151.89,""size"":0.12871693,""num_orders"":1},{""price"":62152.0,""size"":0.0251,""num_orders"":1}]"
btc_usd_d10_20260708T174421Z,42,2026-07-08T18:26:21.810728Z,2026-07-08T18:26:21.810858Z,BTC-USD,10,ok,,132300427729,2026-07-08T18:26:19.045857915Z,0.39348799,0.47659728,-0.095518557624,62136.709999999999,62136.720000000001,62136.714999999997,0.010000000002,0.00160935447,"[{""price"":62136.71,""size"":0.03555354,""num_orders"":5},{""price"":62136.7,""size"":1.2e-07,""num_orders"":1},{""price"":62136.69,""size"":1.2e-07,""num_orders"":1},{""price"":62135.99,""size"":0.00028453,""num_orders"":1},{""price"":62135.47,""size"":0.001593,""num_orders"":1},{""price"":62135.17,""size"":0.12875155,""num_orders"":1},{""price"":62134.5,""size"":0.19758406,""num_orders"":1},{""price"":62134.0,""size"":0.0216,""num_orders"":1},{""price"":62133.6,""size"":0.00804718,""num_orders"":1},{""price"":62132.76,""size"":7.389e-05,""num_orders"":1}]","[{""price"":62136.72,""size"":0.13973871,""num_orders"":5},{""price"":62136.73,""size"":2e-07,""num_orders"":1},{""price"":62136.74,""size"":2.2e-07,""num_orders"":1},{""price"":62138.0,""size"":0.0216,""num_orders"":1},{""price"":62138.28,""size"":0.00804677,""num_orders"":1},{""price"":62139.1,""size"":0.00319954,""num_orders"":1},{""price"":62139.16,""size"":0.14361143,""num_orders"":2},{""price"":62139.81,""size"":0.12874195,""num_orders"":1},{""price"":62140.0,""size"":0.0216,""num_orders"":1},{""price"":62140.37,""size"":0.01005846,""num_orders"":1}]"
btc_usd_d10_20260708T174421Z,43,2026-07-08T18:27:21.810728Z,2026-07-08T18:27:21.810857Z,BTC-USD,10,ok,,132300475201,2026-07-08T18:27:21.547873906Z,0.19333861,0.68160206,-0.558053210625,62166.43,62166.440000000002,62166.434999999998,0.010000000002,0.001608585083,"[{""price"":62166.43,""size"":0.02363297,""num_orders"":4},{""price"":62166.42,""size"":1.8e-07,""num_orders"":1},{""price"":62166.41,""size"":2e-07,""num_orders"":1},{""price"":62164.97,""size"":0.0011949,""num_orders"":1},{""price"":62164.87,""size"":0.00804292,""num_orders"":1},{""price"":62164.42,""size"":0.001641,""num_orders"":1},{""price"":62164.04,""size"":0.00319954,""num_orders"":1},{""price"":62164.03,""size"":0.10725247,""num_orders"":2},{""price"":62164.02,""size"":0.048257,""num_orders"":1},{""price"":62163.94,""size"":0.00011743,""num_orders"":1}]","[{""price"":62166.44,""size"":0.13482834,""num_orders"":5},{""price"":62166.46,""size"":3.5e-07,""num_orders"":2},{""price"":62167.4,""size"":1.8e-05,""num_orders"":1},{""price"":62167.98,""size"":0.01,""num_orders"":1},{""price"":62167.99,""size"":0.09097299,""num_orders"":1},{""price"":62168.0,""size"":0.15238357,""num_orders"":2},{""price"":62168.93,""size"":0.00017593,""num_orders"":3},{""price"":62169.22,""size"":0.18260311,""num_orders"":2},{""price"":62169.23,""size"":0.09654536,""num_orders"":1},{""price"":62169.55,""size"":0.01407441,""num_orders"":3}]"
btc_usd_d10_20260708T174421Z,44,2026-07-08T18:28:21.810728Z,2026-07-08T18:28:21.810861Z,BTC-USD,10,ok,,132300520244,2026-07-08T18:28:18.690249262Z,1.77621022,0.09739321,0.896036473417,62177.980000000003,62177.989999999998,62177.985000000001,0.009999999995,0.001608286276,"[{""price"":62177.98,""size"":0.96238397,""num_orders"":14},{""price"":62177.97,""size"":0.22809391,""num_orders"":4},{""price"":62177.96,""size"":0.12866307,""num_orders"":2},{""price"":62177.57,""size"":0.00011727,""num_orders"":1},{""price"":62176.88,""size"":0.00383538,""num_orders"":1},{""price"":62176.0,""size"":0.0213,""num_orders"":1},{""price"":62175.6,""size"":0.09654536,""num_orders"":1},{""price"":62175.15,""size"":0.16083595,""num_orders"":1},{""price"":62175.04,""size"":0.05017389,""num_orders"":1},{""price"":62174.93,""size"":0.12426142,""num_orders"":1}]","[{""price"":62177.99,""size"":0.0086168,""num_orders"":1},{""price"":62178.0,""size"":1.9e-07,""num_orders"":1},{""price"":62179.55,""size"":0.00804143,""num_orders"":1},{""price"":62180.48,""size"":0.00027641,""num_orders"":4},{""price"":62180.99,""size"":0.00157,""num_orders"":1},{""price"":62181.1,""size"":0.02211283,""num_orders"":4},{""price"":62181.4,""size"":0.00302377,""num_orders"":1},{""price"":62181.65,""size"":0.01005178,""num_orders"":1},{""price"":62182.0,""size"":0.0213,""num_orders"":1},{""price"":62184.0,""size"":0.0224,""num_orders"":1}]"
btc_usd_d10_20260708T174421Z,45,2026-07-08T18:29:21.810728Z,2026-07-08T18:29:21.810845Z,BTC-USD,10,ok,,132300559263,2026-07-08T18:29:20.843964305Z,0.68323541,0.73542537,-0.036788188365,62144.300000000003,62144.309999999998,62144.305,0.009999999995,0.00160915791,"[{""price"":62144.3,""size"":0.01002117,""num_orders"":2},{""price"":62144.29,""size"":3.1e-07,""num_orders"":2},{""price"":62144.28,""size"":1.6e-07,""num_orders"":1},{""price"":62142.86,""size"":0.00164,""num_orders"":1},{""price"":62142.05,""size"":0.00319954,""num_orders"":1},{""price"":62142.03,""size"":0.01,""num_orders"":1},{""price"":62142.02,""size"":0.44866749,""num_orders"":2},{""price"":62142.01,""size"":0.04876859,""num_orders"":1},{""price"":62142.0,""size"":0.0322,""num_orders"":1},{""price"":62141.63,""size"":0.12873815,""num_orders"":1}]","[{""price"":62144.31,""size"":0.03612382,""num_orders"":1},{""price"":62144.42,""size"":1.5e-07,""num_orders"":1},{""price"":62146.0,""size"":0.0322,""num_orders"":1},{""price"":62147.31,""size"":0.3125759,""num_orders"":1},{""price"":62147.32,""size"":0.12872639,""num_orders"":1},{""price"":62148.0,""size"":0.0322,""num_orders"":1},{""price"":62148.62,""size"":0.04826716,""num_orders"":1},{""price"":62148.9,""size"":1.8e-05,""num_orders"":1},{""price"":62149.02,""size"":0.09654536,""num_orders"":1},{""price"":62149.56,""size"":0.04876859,""num_orders"":1}]"
btc_usd_d10_20260708T174421Z,46,2026-07-08T18:30:21.810728Z,2026-07-08T18:30:21.810858Z,BTC-USD,10,ok,,132300606201,2026-07-08T18:30:20.514358215Z,1.36962305,0.10214185,0.861198143807,62111.050000000003,62111.059999999998,62111.055,0.009999999995,0.001610019343,"[{""price"":62111.05,""size"":0.58225864,""num_orders"":8},{""price"":62111.04,""size"":1.7e-07,""num_orders"":1},{""price"":62110.61,""size"":0.29431802,""num_orders"":1},{""price"":62110.6,""size"":0.12880249,""num_orders"":1},{""price"":62108.92,""size"":0.0482971,""num_orders"":1},{""price"":62108.75,""size"":0.14531395,""num_orders"":2},{""price"":62108.74,""size"":0.04022466,""num_orders"":1},{""price"":62108.01,""size"":0.001548,""num_orders"":1},{""price"":62107.55,""size"":0.12880881,""num_orders"":1},{""price"":62106.46,""size"":5.121e-05,""num_orders"":1}]","[{""price"":62111.06,""size"":0.0080501,""num_orders"":1},{""price"":62111.9,""size"":0.00112099,""num_orders"":1},{""price"":62113.08,""size"":0.00017609,""num_orders"":3},{""price"":62113.71,""size"":0.01408707,""num_orders"":3},{""price"":62114.0,""size"":0.0322,""num_orders"":1},{""price"":62115.6,""size"":1.8e-05,""num_orders"":1},{""price"":62116.0,""size"":0.0322,""num_orders"":1},{""price"":62116.36,""size"":0.001548,""num_orders"":1},{""price"":62117.45,""size"":0.01,""num_orders"":1},{""price"":62117.46,""size"":0.0027416,""num_orders"":1}]"
btc_usd_d10_20260708T174421Z,47,2026-07-08T18:31:21.810728Z,2026-07-08T18:31:21.810865Z,BTC-USD,10,ok,,132300671399,2026-07-08T18:31:20.129398899Z,1.41301852,0.32263525,0.628226256208,62056.519999999997,62056.529999999999,62056.524999999994,0.010000000002,0.001611434092,"[{""price"":62056.52,""size"":0.3173009,""num_orders"":9},{""price"":62056.5,""size"":1.8e-07,""num_orders"":1},{""price"":62056.21,""size"":0.1781897,""num_orders"":1},{""price"":62056.09,""size"":0.12891561,""num_orders"":1},{""price"":62055.97,""size"":0.27227521,""num_orders"":2},{""price"":62054.0,""size"":0.0262,""num_orders"":1},{""price"":62053.42,""size"":0.01410075,""num_orders"":3},{""price"":62053.23,""size"":0.18594629,""num_orders"":2},{""price"":62053.22,""size"":0.16116749,""num_orders"":1},{""price"":62052.83,""size"":0.12892239,""num_orders"":1}]","[{""price"":62056.53,""size"":0.09354446,""num_orders"":2},{""price"":62056.54,""size"":1.8e-07,""num_orders"":1},{""price"":62056.55,""size"":1.9e-07,""num_orders"":1},{""price"":62058.0,""size"":0.02778025,""num_orders"":2},{""price"":62059.49,""size"":0.00319954,""num_orders"":1},{""price"":62059.5,""size"":0.02499468,""num_orders"":1},{""price"":62059.98,""size"":0.04876859,""num_orders"":1},{""price"":62059.99,""size"":0.09654536,""num_orders"":1},{""price"":62060.0,""size"":0.0262,""num_orders"":1},{""price"":62060.17,""size"":0.001602,""num_orders"":1}]"
btc_usd_d10_20260708T174421Z,48,2026-07-08T18:32:21.810728Z,2026-07-08T18:32:21.810860Z,BTC-USD,10,ok,,132300722238,2026-07-08T18:32:21.330862989Z,1.31810028,0.28036599,0.649206248187,62074.599999999999,62074.610000000001,62074.604999999996,0.010000000002,0.001610964742,"[{""price"":62074.6,""size"":0.83207139,""num_orders"":16},{""price"":62074.59,""size"":4.1e-07,""num_orders"":2},{""price"":62074.58,""size"":2.2e-07,""num_orders"":1},{""price"":62074.01,""size"":0.0192234,""num_orders"":1},{""price"":62074.0,""size"":0.0322,""num_orders"":1},{""price"":62072.64,""size"":0.00080548,""num_orders"":1},{""price"":62072.42,""size"":0.2567276,""num_orders"":2},{""price"":62072.41,""size"":0.09654536,""num_orders"":1},{""price"":62072.39,""size"":0.04832642,""num_orders"":1},{""price"":62072.0,""size"":0.0322,""num_orders"":1}]","[{""price"":62074.61,""size"":0.0900565,""num_orders"":3},{""price"":62074.62,""size"":1.6e-07,""num_orders"":1},{""price"":62074.64,""size"":1.7e-07,""num_orders"":1},{""price"":62077.09,""size"":0.0002517,""num_orders"":3},{""price"":62077.71,""size"":0.02013605,""num_orders"":3},{""price"":62078.64,""size"":0.001607,""num_orders"":1},{""price"":62080.0,""size"":0.0303,""num_orders"":1},{""price"":62081.04,""size"":0.00319954,""num_orders"":1},{""price"":62081.64,""size"":0.08648845,""num_orders"":1},{""price"":62081.7,""size"":0.04832642,""num_orders"":1}]"
btc_usd_d10_20260708T174421Z,49,2026-07-08T18:33:21.810728Z,2026-07-08T18:33:21.810865Z,BTC-USD,10,ok,,132300773505,2026-07-08T18:33:19.654675129Z,0.73525218,0.44107942,0.250076390025,62055.970000000001,62055.980000000003,62055.975000000006,0.010000000002,0.001611448374,"[{""price"":62055.97,""size"":0.04726181,""num_orders"":5},{""price"":62055.96,""size"":9e-08,""num_orders"":1},{""price"":62055.95,""size"":1.1e-07,""num_orders"":1},{""price"":62054.34,""size"":0.13460238,""num_orders"":1},{""price"":62054.33,""size"":0.12891927,""num_orders"":1},{""price"":62054.2,""size"":0.09654536,""num_orders"":1},{""price"":62053.61,""size"":0.20920127,""num_orders"":1},{""price"":62052.87,""size"":0.02215853,""num_orders"":4},{""price"":62052.7,""size"":1.8e-05,""num_orders"":1},{""price"":62052.03,""size"":0.09654536,""num_orders"":1}]","[{""price"":62055.98,""size"":0.14204051,""num_orders"":5},{""price"":62055.99,""size"":2.9e-07,""num_orders"":1},{""price"":62056.0,""size"":0.00162857,""num_orders"":2},{""price"":62056.41,""size"":3.3e-07,""num_orders"":1},{""price"":62057.34,""size"":0.00319954,""num_orders"":1},{""price"":62057.35,""size"":0.02099874,""num_orders"":1},{""price"":62057.53,""size"":0.00805724,""num_orders"":1},{""price"":62058.0,""size"":0.0322,""num_orders"":1},{""price"":62058.28,""size"":0.21195546,""num_orders"":1},{""price"":62058.29,""size"":0.02099874,""num_orders"":1}]"
btc_usd_d10_20260708T174421Z,50,2026-07-08T18:34:21.810728Z,2026-07-08T18:34:21.810868Z,BTC-USD,10,ok,,132300829497,2026-07-08T18:34:20.654841053Z,0.71788474,0.50447632,0.174587056954,62043.199999999997,62043.209999999999,62043.205000000002,0.010000000002,0.001611780049,"[{""price"":62043.2,""size"":0.27739874,""num_orders"":6},{""price"":62043.19,""size"":0.04475963,""num_orders"":1},{""price"":62043.18,""size"":1.4e-07,""num_orders"":1},{""price"":62042.04,""size"":0.00236091,""num_orders"":1},{""price"":62042.03,""size"":0.03223519,""num_orders"":1},{""price"":62042.0,""size"":0.0322,""num_orders"":1},{""price"":62041.86,""size"":0.00010111,""num_orders"":1},{""price"":62041.65,""size"":0.0080589,""num_orders"":1},{""price"":62041.6,""size"":1.8e-05,""num_orders"":1},{""price"":62041.21,""size"":0.32075212,""num_orders"":1}]","[{""price"":62043.21,""size"":0.10976703,""num_orders"":3},{""price"":62043.22,""size"":2.3e-07,""num_orders"":1},{""price"":62043.23,""size"":2.7e-07,""num_orders"":1},{""price"":62045.19,""size"":0.00080589,""num_orders"":1},{""price"":62046.0,""size"":0.0322,""num_orders"":1},{""price"":62047.99,""size"":0.00083863,""num_orders"":1},{""price"":62048.0,""size"":0.0305,""num_orders"":1},{""price"":62048.36,""size"":0.1998656,""num_orders"":1},{""price"":62048.37,""size"":0.12893167,""num_orders"":1},{""price"":62048.98,""size"":0.001567,""num_orders"":1}]"
btc_usd_d10_20260708T174421Z,51,2026-07-08T18:35:21.810728Z,2026-07-08T18:35:21.810858Z,BTC-USD,10,ok,,132300875364,2026-07-08T18:35:20.536550246Z,0.39122578,0.76081372,-0.320811864524,62008.699999999997,62008.709999999999,62008.705000000002,0.010000000002,0.001612676801,"[{""price"":62008.7,""size"":0.0003354,""num_orders"":2},{""price"":62008.68,""size"":1e-07,""num_orders"":1},{""price"":62006.5,""size"":0.05,""num_orders"":1},{""price"":62004.6,""size"":1.8e-05,""num_orders"":1},{""price"":62004.1,""size"":0.02217595,""num_orders"":4},{""price"":62004.0,""size"":0.0322,""num_orders"":1},{""price"":62003.94,""size"":0.00162,""num_orders"":1},{""price"":62002.03,""size"":0.15613097,""num_orders"":1},{""price"":62002.02,""size"":0.09654536,""num_orders"":1},{""price"":62002.0,""size"":0.0322,""num_orders"":1}]","[{""price"":62008.71,""size"":0.22809096,""num_orders"":7},{""price"":62009.25,""size"":0.00159977,""num_orders"":1},{""price"":62009.26,""size"":0.04683564,""num_orders"":2},{""price"":62010.0,""size"":0.0322,""num_orders"":1},{""price"":62010.26,""size"":0.00806338,""num_orders"":1},{""price"":62010.27,""size"":0.02,""num_orders"":1},{""price"":62010.28,""size"":0.04876859,""num_orders"":1},{""price"":62010.29,""size"":0.14970002,""num_orders"":2},{""price"":62010.7,""size"":0.12901,""num_orders"":1},{""price"":62011.58,""size"":0.09654536,""num_orders"":1}]"
btc_usd_d10_20260708T174421Z,52,2026-07-08T18:36:21.810728Z,2026-07-08T18:36:21.810866Z,BTC-USD,10,ok,,132300924887,2026-07-08T18:36:20.130690931Z,0.30034231,1.08368625,-0.565988277005,61986.099999999999,61986.110000000001,61986.104999999996,0.010000000002,0.00161326478,"[{""price"":61986.1,""size"":1.8e-05,""num_orders"":1},{""price"":61986.0,""size"":1e-07,""num_orders"":1},{""price"":61985.99,""size"":1.1e-07,""num_orders"":1},{""price"":61984.0,""size"":0.0322,""num_orders"":1},{""price"":61983.0,""size"":0.00806673,""num_orders"":1},{""price"":61982.4,""size"":1.8e-05,""num_orders"":1},{""price"":61982.3,""size"":0.04876859,""num_orders"":1},{""price"":61982.0,""size"":0.0322,""num_orders"":1},{""price"":61981.5,""size"":0.05,""num_orders"":1},{""price"":61981.49,""size"":0.12907078,""num_orders"":1}]","[{""price"":61986.11,""size"":0.47520339,""num_orders"":6},{""price"":61987.05,""size"":0.12731616,""num_orders"":2},{""price"":61987.06,""size"":0.09654536,""num_orders"":1},{""price"":61987.79,""size"":0.12905767,""num_orders"":1},{""price"":61989.76,""size"":0.16433873,""num_orders"":1},{""price"":61989.95,""size"":0.00806607,""num_orders"":1},{""price"":61989.96,""size"":0.028015,""num_orders"":1},{""price"":61990.74,""size"":0.05032633,""num_orders"":1},{""price"":61990.99,""size"":0.001618,""num_orders"":1},{""price"":61991.0,""size"":0.00319954,""num_orders"":1}]"
btc_usd_d10_20260708T174421Z,53,2026-07-08T18:37:21.810728Z,2026-07-08T18:37:21.810861Z,BTC-USD,10,ok,,132300976173,2026-07-08T18:37:19.103184570Z,0.44832001,0.6482952,-0.182356753925,62013.160000000003,62013.169999999998,62013.165000000001,0.009999999995,0.001612560816,"[{""price"":62013.16,""size"":0.11560361,""num_orders"":4},{""price"":62013.15,""size"":3.3e-07,""num_orders"":2},{""price"":62013.14,""size"":1.7e-07,""num_orders"":1},{""price"":62012.5,""size"":0.00276165,""num_orders"":1},{""price"":62012.0,""size"":0.0322,""num_orders"":1},{""price"":62011.22,""size"":0.12900889,""num_orders"":1},{""price"":62011.04,""size"":0.02,""num_orders"":1},{""price"":62010.2,""size"":0.02,""num_orders"":1},{""price"":62010.19,""size"":0.09654536,""num_orders"":1},{""price"":62010.0,""size"":0.0322,""num_orders"":1}]","[{""price"":62013.17,""size"":0.05877678,""num_orders"":3},{""price"":62013.18,""size"":1.8e-07,""num_orders"":1},{""price"":62013.28,""size"":0.06022913,""num_orders"":1},{""price"":62015.65,""size"":0.00015117,""num_orders"":2},{""price"":62015.7,""size"":1.8e-05,""num_orders"":1},{""price"":62016.0,""size"":0.0322,""num_orders"":1},{""price"":62016.27,""size"":0.0120936,""num_orders"":2},{""price"":62016.62,""size"":0.32359433,""num_orders"":3},{""price"":62016.63,""size"":0.03223519,""num_orders"":1},{""price"":62017.03,""size"":0.12899682,""num_orders"":1}]"
btc_usd_d10_20260708T174421Z,54,2026-07-08T18:38:21.810728Z,2026-07-08T18:38:21.810862Z,BTC-USD,10,ok,,132301034279,2026-07-08T18:38:19.609045400Z,0.55027292,0.56469874,-0.01293828401,62013.529999999999,62013.540000000001,62013.535000000003,0.010000000002,0.001612551196,"[{""price"":62013.53,""size"":0.00646116,""num_orders"":3},{""price"":62012.02,""size"":1.5e-07,""num_orders"":1},{""price"":62012.0,""size"":0.02360016,""num_orders"":2},{""price"":62010.43,""size"":0.00806316,""num_orders"":1},{""price"":62010.0,""size"":0.0236,""num_orders"":1},{""price"":62009.19,""size"":0.02,""num_orders"":1},{""price"":62009.18,""size"":0.21004048,""num_orders"":1},{""price"":62009.17,""size"":0.16126644,""num_orders"":1},{""price"":62008.91,""size"":0.09654536,""num_orders"":1},{""price"":62008.9,""size"":0.00069601,""num_orders"":3}]","[{""price"":62013.54,""size"":0.11531294,""num_orders"":2},{""price"":62014.12,""size"":0.00485,""num_orders"":1},{""price"":62014.18,""size"":0.00080627,""num_orders"":1},{""price"":62015.32,""size"":9.7e-05,""num_orders"":1},{""price"":62015.7,""size"":0.001586,""num_orders"":1},{""price"":62017.21,""size"":0.02,""num_orders"":1},{""price"":62017.22,""size"":0.0213044,""num_orders"":2},{""price"":62017.23,""size"":0.22336914,""num_orders"":2},{""price"":62017.24,""size"":0.1289964,""num_orders"":1},{""price"":62017.45,""size"":0.04837659,""num_orders"":1}]"
btc_usd_d10_20260708T174421Z,55,2026-07-08T18:39:21.810728Z,2026-07-08T18:39:21.810861Z,BTC-USD,10,ok,,132301087973,2026-07-08T18:39:21.046396329Z,0.83013443,0.10002961,0.784920496389,62023.080000000002,62023.089999999997,62023.084999999999,0.009999999995,0.001612302902,"[{""price"":62023.08,""size"":0.40938283,""num_orders"":7},{""price"":62023.07,""size"":1.6e-07,""num_orders"":1},{""price"":62023.06,""size"":1.7e-07,""num_orders"":1},{""price"":62022.5,""size"":0.00159978,""num_orders"":1},{""price"":62022.49,""size"":0.15668983,""num_orders"":1},{""price"":62022.48,""size"":0.19999997,""num_orders"":1},{""price"":62022.0,""size"":0.0272,""num_orders"":1},{""price"":62021.53,""size"":0.00806151,""num_orders"":1},{""price"":62020.0,""size"":0.0272,""num_orders"":1},{""price"":62019.99,""size"":1.8e-07,""num_orders"":1}]","[{""price"":62023.09,""size"":0.05062255,""num_orders"":2},{""price"":62023.1,""size"":1.836e-05,""num_orders"":3},{""price"":62025.0,""size"":0.01,""num_orders"":1},{""price"":62025.01,""size"":0.00485,""num_orders"":1},{""price"":62025.14,""size"":0.001561,""num_orders"":1},{""price"":62025.57,""size"":5.038e-05,""num_orders"":1},{""price"":62025.99,""size"":0.00159976,""num_orders"":1},{""price"":62026.0,""size"":0.0272,""num_orders"":1},{""price"":62026.19,""size"":0.00403056,""num_orders"":1},{""price"":62026.54,""size"":9.7e-05,""num_orders"":1}]"
btc_usd_d10_20260708T174421Z,56,2026-07-08T18:40:21.810728Z,2026-07-08T18:40:21.810863Z,BTC-USD,10,ok,,132301136323,2026-07-08T18:40:20.676529892Z,0.22663377,1.00441276,-0.631803080587,62016.279999999999,62016.290000000001,62016.285000000003,0.010000000002,0.00161247969,"[{""price"":62016.28,""size"":0.00743906,""num_orders"":5},{""price"":62016.27,""size"":1.2e-07,""num_orders"":1},{""price"":62016.26,""size"":1.2e-07,""num_orders"":1},{""price"":62015.7,""size"":1.8e-05,""num_orders"":1},{""price"":62013.18,""size"":0.0141099,""num_orders"":3},{""price"":62012.76,""size"":0.001569,""num_orders"":1},{""price"":62012.0,""size"":0.024518,""num_orders"":2},{""price"":62011.14,""size"":0.00159978,""num_orders"":1},{""price"":62011.13,""size"":0.12900908,""num_orders"":1},{""price"":62009.32,""size"":0.04837071,""num_orders"":1}]","[{""price"":62016.29,""size"":0.494335,""num_orders"":10},{""price"":62016.3,""size"":2.3e-07,""num_orders"":1},{""price"":62016.31,""size"":2.5e-07,""num_orders"":1},{""price"":62016.75,""size"":0.02,""num_orders"":1},{""price"":62016.76,""size"":0.18320359,""num_orders"":1},{""price"":62016.77,""size"":0.09654536,""num_orders"":1},{""price"":62016.78,""size"":0.04876859,""num_orders"":1},{""price"":62016.79,""size"":0.12899734,""num_orders"":1},{""price"":62017.81,""size"":0.0080624,""num_orders"":1},{""price"":62018.0,""size"":0.0245,""num_orders"":1}]"
btc_usd_d10_20260708T174421Z,57,2026-07-08T18:41:21.810728Z,2026-07-08T18:41:21.810862Z,BTC-USD,10,ok,,132301182066,2026-07-08T18:41:20.546491078Z,0.41604172,0.95612725,-0.393599871304,62019.400000000001,62019.410000000003,62019.404999999999,0.010000000002,0.001612398571,"[{""price"":62019.4,""size"":0.11034734,""num_orders"":5},{""price"":62016.41,""size"":0.1289981,""num_orders"":1},{""price"":62016.35,""size"":0.001612,""num_orders"":1},{""price"":62016.3,""size"":0.0040312,""num_orders"":1},{""price"":62016.12,""size"":7.371e-05,""num_orders"":1},{""price"":62016.0,""size"":0.0255,""num_orders"":1},{""price"":62015.7,""size"":1.8e-05,""num_orders"":1},{""price"":62015.02,""size"":0.09654536,""num_orders"":1},{""price"":62015.01,""size"":0.04876859,""num_orders"":1},{""price"":62014.2,""size"":0.00014742,""num_orders"":1}]","[{""price"":62019.41,""size"":0.06446559,""num_orders"":3},{""price"":62019.96,""size"":0.13180766,""num_orders"":1},{""price"":62019.97,""size"":0.09654536,""num_orders"":1},{""price"":62019.98,""size"":0.00159977,""num_orders"":1},{""price"":62020.0,""size"":0.0255,""num_orders"":1},{""price"":62020.6,""size"":0.04876859,""num_orders"":1},{""price"":62021.53,""size"":0.04836963,""num_orders"":1},{""price"":62021.97,""size"":0.38458412,""num_orders"":1},{""price"":62021.98,""size"":0.12898653,""num_orders"":1},{""price"":62022.0,""size"":0.0255,""num_orders"":1}]"
btc_usd_d10_20260708T174421Z,58,2026-07-08T18:42:21.810728Z,2026-07-08T18:42:21.810857Z,BTC-USD,10,ok,,132301232015,2026-07-08T18:42:20.598052522Z,1.66528928,0.1042876,0.882132727683,62023.089999999997,62023.099999999999,62023.095000000001,0.010000000002,0.001612302643,"[{""price"":62023.09,""size"":0.89973524,""num_orders"":12},{""price"":62023.07,""size"":1.9e-07,""num_orders"":1},{""price"":62022.56,""size"":0.35392959,""num_orders"":1},{""price"":62022.55,""size"":0.12134575,""num_orders"":2},{""price"":62022.0,""size"":0.028,""num_orders"":1},{""price"":62021.54,""size"":0.00745462,""num_orders"":1},{""price"":62020.82,""size"":0.12898894,""num_orders"":1},{""price"":62020.71,""size"":0.09654536,""num_orders"":1},{""price"":62020.0,""size"":0.028,""num_orders"":1},{""price"":62019.87,""size"":0.00128959,""num_orders"":1}]","[{""price"":62023.1,""size"":1.8e-05,""num_orders"":1},{""price"":62024.08,""size"":0.00010077,""num_orders"":1},{""price"":62024.7,""size"":0.0080613,""num_orders"":1},{""price"":62025.0,""size"":0.01,""num_orders"":1},{""price"":62025.58,""size"":7.557e-05,""num_orders"":2},{""price"":62026.0,""size"":0.028,""num_orders"":1},{""price"":62026.2,""size"":0.00604583,""num_orders"":2},{""price"":62026.8,""size"":1.8e-05,""num_orders"":1},{""price"":62027.97,""size"":0.00319954,""num_orders"":1},{""price"":62027.98,""size"":0.04876859,""num_orders"":1}]"
btc_usd_d10_20260708T174421Z,59,2026-07-08T18:43:21.810728Z,2026-07-08T18:43:21.810858Z,BTC-USD,10,ok,,132301267811,2026-07-08T18:43:19.683103828Z,0.76195724,0.2132773,0.562613317613,62020.639999999999,62020.650000000001,62020.645000000004,0.010000000002,0.001612366334,"[{""price"":62020.64,""size"":0.09977621,""num_orders"":4},{""price"":62020.63,""size"":8e-08,""num_orders"":1},{""price"":62020.62,""size"":1.2e-07,""num_orders"":1},{""price"":62020.0,""size"":0.0322,""num_orders"":1},{""price"":62019.1,""size"":0.00806183,""num_orders"":1},{""price"":62019.03,""size"":0.07700863,""num_orders"":1},{""price"":62019.02,""size"":0.12899268,""num_orders"":1},{""price"":62018.38,""size"":0.03699449,""num_orders"":4},{""price"":62018.04,""size"":0.28237784,""num_orders"":1},{""price"":62018.03,""size"":0.09654536,""num_orders"":1}]","[{""price"":62020.65,""size"":0.12023978,""num_orders"":6},{""price"":62020.66,""size"":2.2e-07,""num_orders"":1},{""price"":62020.67,""size"":2.3e-07,""num_orders"":1},{""price"":62021.65,""size"":0.00080618,""num_orders"":1},{""price"":62022.2,""size"":0.00806183,""num_orders"":1},{""price"":62022.34,""size"":0.02100077,""num_orders"":1},{""price"":62023.09,""size"":0.02,""num_orders"":1},{""price"":62023.1,""size"":0.00316766,""num_orders"":1},{""price"":62023.11,""size"":0.02000063,""num_orders"":1},{""price"":62023.44,""size"":0.02,""num_orders"":1}]"
btc_usd_d10_20260708T194326Z,0,2026-07-08T19:43:26.071130Z,2026-07-08T19:43:26.071166Z,BTC-USD,10,ok,,132304211225,2026-07-08T19:43:24.313912054Z,0.1446935,0.9389357,-0.732946472834,62198.959999999999,62198.970000000001,62198.964999999997,0.010000000002,0.001607743795,"[{""price"":62198.96,""size"":0.002,""num_orders"":1},{""price"":62198.9,""size"":1.98e-06,""num_orders"":1},{""price"":62198.75,""size"":1.28e-06,""num_orders"":1},{""price"":62198.74,""size"":2.6e-07,""num_orders"":1},{""price"":62198.73,""size"":2.7e-07,""num_orders"":1},{""price"":62198.69,""size"":0.12862005,""num_orders"":1},{""price"":62196.93,""size"":1.28e-06,""num_orders"":1},{""price"":62196.28,""size"":0.00200977,""num_orders"":1},{""price"":62196.25,""size"":0.00803907,""num_orders"":1},{""price"":62196.22,""size"":0.00401954,""num_orders"":1}]","[{""price"":62198.97,""size"":0.28735997,""num_orders"":8},{""price"":62199.92,""size"":0.13164283,""num_orders"":1},{""price"":62200.0,""size"":0.0151,""num_orders"":1},{""price"":62201.45,""size"":0.00318073,""num_orders"":1},{""price"":62201.46,""size"":0.10514094,""num_orders"":2},{""price"":62201.47,""size"":0.07289412,""num_orders"":2},{""price"":62201.66,""size"":0.00105288,""num_orders"":1},{""price"":62202.0,""size"":0.0151,""num_orders"":1},{""price"":62203.02,""size"":0.00803849,""num_orders"":1},{""price"":62203.47,""size"":0.29942574,""num_orders"":1}]"
btc_usd_d10_20260708T194326Z,1,2026-07-08T19:44:26.071130Z,2026-07-08T19:44:26.071269Z,BTC-USD,10,ok,,132304245097,2026-07-08T19:44:25.645097926Z,0.20340784,0.33849418,-0.249281853572,62214.010000000002,62214.019999999997,62214.014999999999,0.009999999995,0.001607354869,"[{""price"":62214.01,""size"":0.07045257,""num_orders"":2},{""price"":62214.0,""size"":1.38e-06,""num_orders"":1},{""price"":62213.99,""size"":1.6e-06,""num_orders"":1},{""price"":62213.98,""size"":0.00320123,""num_orders"":2},{""price"":62213.97,""size"":0.12859025,""num_orders"":2},{""price"":62213.96,""size"":3.5e-06,""num_orders"":2},{""price"":62213.15,""size"":1.55e-06,""num_orders"":1},{""price"":62213.11,""size"":1.57e-06,""num_orders"":1},{""price"":62212.88,""size"":7.844e-05,""num_orders"":1},{""price"":62212.81,""size"":0.00107575,""num_orders"":1}]","[{""price"":62214.02,""size"":0.05602284,""num_orders"":5},{""price"":62214.05,""size"":9e-08,""num_orders"":1},{""price"":62215.57,""size"":0.00803677,""num_orders"":1},{""price"":62216.0,""size"":0.0144,""num_orders"":1},{""price"":62216.49,""size"":0.02,""num_orders"":1},{""price"":62216.5,""size"":0.02412553,""num_orders"":1},{""price"":62216.51,""size"":0.04849498,""num_orders"":5},{""price"":62217.02,""size"":0.09654536,""num_orders"":1},{""price"":62217.03,""size"":0.04876859,""num_orders"":1},{""price"":62217.13,""size"":0.02210002,""num_orders"":4}]"
btc_usd_d10_20260708T194326Z,2,2026-07-08T19:45:26.071130Z,2026-07-08T19:45:26.071288Z,BTC-USD,10,ok,,132304291939,2026-07-08T19:45:23.675403822Z,0.23542177,0.71909816,-0.506722148798,62215.849999999999,62215.860000000001,62215.854999999996,0.010000000002,0.001607307334,"[{""price"":62215.85,""size"":7.526e-05,""num_orders"":1},{""price"":62215.64,""size"":0.04821097,""num_orders"":1},{""price"":62215.5,""size"":1.8e-05,""num_orders"":1},{""price"":62215.19,""size"":0.00200916,""num_orders"":1},{""price"":62214.01,""size"":0.00017897,""num_orders"":1},{""price"":62213.88,""size"":0.00015052,""num_orders"":1},{""price"":62213.76,""size"":0.02009202,""num_orders"":3},{""price"":62213.42,""size"":0.00016203,""num_orders"":1},{""price"":62213.36,""size"":0.00378501,""num_orders"":1},{""price"":62212.33,""size"":0.16073983,""num_orders"":1}]","[{""price"":62215.86,""size"":0.10828587,""num_orders"":4},{""price"":62216.0,""size"":0.013,""num_orders"":1},{""price"":62216.38,""size"":0.02302382,""num_orders"":1},{""price"":62217.26,""size"":0.23366899,""num_orders"":1},{""price"":62218.0,""size"":0.013,""num_orders"":1},{""price"":62218.2,""size"":0.11868,""num_orders"":1},{""price"":62218.26,""size"":0.09654536,""num_orders"":1},{""price"":62218.28,""size"":0.07289412,""num_orders"":2},{""price"":62219.59,""size"":0.02,""num_orders"":1},{""price"":62219.6,""size"":0.02,""num_orders"":1}]"
btc_usd_d10_20260708T194326Z,3,2026-07-08T19:46:26.071130Z,2026-07-08T19:46:26.071250Z,BTC-USD,10,ok,,132304362454,2026-07-08T19:46:23.684623112Z,0.50781492,0.23033665,0.375909611626,62216.400000000001,62216.410000000003,62216.404999999999,0.010000000002,0.001607293125,"[{""price"":62216.4,""size"":0.13863489,""num_orders"":3},{""price"":62215.54,""size"":0.12858522,""num_orders"":1},{""price"":62215.11,""size"":0.00080364,""num_orders"":1},{""price"":62212.78,""size"":0.04821315,""num_orders"":1},{""price"":62212.74,""size"":0.00714607,""num_orders"":1},{""price"":62211.9,""size"":0.09654536,""num_orders"":1},{""price"":62211.8,""size"":1.8e-05,""num_orders"":1},{""price"":62210.02,""size"":0.04876859,""num_orders"":1},{""price"":62210.01,""size"":0.02,""num_orders"":1},{""price"":62210.0,""size"":0.0191,""num_orders"":1}]","[{""price"":62216.41,""size"":0.02392382,""num_orders"":1},{""price"":62218.0,""size"":0.0172,""num_orders"":1},{""price"":62218.9,""size"":0.00010045,""num_orders"":1},{""price"":62219.51,""size"":0.00319954,""num_orders"":1},{""price"":62219.52,""size"":0.00803606,""num_orders"":1},{""price"":62219.7,""size"":0.02413142,""num_orders"":1},{""price"":62219.71,""size"":0.09654536,""num_orders"":1},{""price"":62219.77,""size"":0.02,""num_orders"":1},{""price"":62220.0,""size"":0.0172,""num_orders"":1},{""price"":62220.21,""size"":0.02,""num_orders"":1}]"
btc_usd_d10_20260708T194326Z,4,2026-07-08T19:47:26.071130Z,2026-07-08T19:47:26.071222Z,BTC-USD,10,ok,,132304418421,2026-07-08T19:47:24.183471906Z,0.31145312,0.40910251,-0.135519571195,62178.5,62178.510000000002,62178.505000000005,0.010000000002,0.001608272827,"[{""price"":62178.5,""size"":0.13885789,""num_orders"":5},{""price"":62177.64,""size"":0.01206222,""num_orders"":2},{""price"":62177.22,""size"":0.00382186,""num_orders"":1},{""price"":62177.01,""size"":0.00319954,""num_orders"":1},{""price"":62176.77,""size"":0.01137119,""num_orders"":1},{""price"":62176.29,""size"":0.01137119,""num_orders"":1},{""price"":62175.49,""size"":0.12866805,""num_orders"":1},{""price"":62175.39,""size"":0.00201044,""num_orders"":1},{""price"":62174.8,""size"":1.8e-05,""num_orders"":1},{""price"":62174.78,""size"":7.274e-05,""num_orders"":1}]","[{""price"":62178.51,""size"":0.05639898,""num_orders"":4},{""price"":62179.45,""size"":0.12516422,""num_orders"":1},{""price"":62179.46,""size"":0.09654536,""num_orders"":1},{""price"":62179.47,""size"":0.02,""num_orders"":1},{""price"":62180.0,""size"":0.0163,""num_orders"":1},{""price"":62180.07,""size"":0.00804136,""num_orders"":1},{""price"":62180.47,""size"":0.04876859,""num_orders"":1},{""price"":62180.75,""size"":0.02,""num_orders"":1},{""price"":62181.57,""size"":0.001584,""num_orders"":1},{""price"":62182.0,""size"":0.0163,""num_orders"":1}]"
btc_usd_d10_20260708T194326Z,5,2026-07-08T19:48:26.071130Z,2026-07-08T19:48:26.071257Z,BTC-USD,10,ok,,132304492604,2026-07-08T19:48:23.941178724Z,0.18979819,0.36508681,-0.315900808276,62126.699999999997,62127.779999999999,62127.239999999998,1.080000000002,0.173836790432,"[{""price"":62126.7,""size"":1.8e-05,""num_orders"":1},{""price"":62123.0,""size"":1.8e-05,""num_orders"":1},{""price"":62119.3,""size"":1.8e-05,""num_orders"":1},{""price"":62118.9,""size"":0.05,""num_orders"":1},{""price"":62118.13,""size"":0.04876859,""num_orders"":1},{""price"":62116.88,""size"":6.68e-05,""num_orders"":1},{""price"":62115.61,""size"":0.02,""num_orders"":1},{""price"":62115.6,""size"":1.8e-05,""num_orders"":1},{""price"":62114.98,""size"":0.01325322,""num_orders"":1},{""price"":62113.13,""size"":0.05763758,""num_orders"":1}]","[{""price"":62127.78,""size"":0.01809999,""num_orders"":1},{""price"":62128.0,""size"":0.0178,""num_orders"":1},{""price"":62128.47,""size"":0.04876859,""num_orders"":1},{""price"":62131.4,""size"":0.02653282,""num_orders"":4},{""price"":62131.41,""size"":0.13054998,""num_orders"":1},{""price"":62132.96,""size"":0.00804769,""num_orders"":1},{""price"":62133.8,""size"":0.04876859,""num_orders"":1},{""price"":62134.1,""size"":0.00319954,""num_orders"":1},{""price"":62135.05,""size"":0.01005961,""num_orders"":1},{""price"":62135.57,""size"":0.05326,""num_orders"":1}]"
btc_usd_d10_20260708T194326Z,6,2026-07-08T19:49:26.071130Z,2026-07-08T19:49:26.071250Z,BTC-USD,10,ok,,132304589749,2026-07-08T19:49:23.287749627Z,0.6693189,0.39215519,0.26111208235,62137.800000000003,62137.809999999998,62137.805,0.009999999995,0.001609326238,"[{""price"":62137.8,""size"":0.12878528,""num_orders"":3},{""price"":62136.49,""size"":0.15100519,""num_orders"":1},{""price"":62136.48,""size"":0.04599967,""num_orders"":1},{""price"":62135.54,""size"":0.04599967,""num_orders"":1},{""price"":62135.06,""size"":0.04827133,""num_orders"":1},{""price"":62134.69,""size"":0.16094068,""num_orders"":1},{""price"":62134.41,""size"":0.08671194,""num_orders"":2},{""price"":62134.1,""size"":1.8e-05,""num_orders"":1},{""price"":62133.92,""size"":0.001563,""num_orders"":1},{""price"":62132.69,""size"":2.414e-05,""num_orders"":1}]","[{""price"":62137.81,""size"":0.03032555,""num_orders"":4},{""price"":62137.82,""size"":0.01722382,""num_orders"":1},{""price"":62137.83,""size"":0.01722382,""num_orders"":1},{""price"":62137.84,""size"":0.01722382,""num_orders"":1},{""price"":62137.97,""size"":0.09662923,""num_orders"":1},{""price"":62137.98,""size"":0.04876859,""num_orders"":1},{""price"":62139.5,""size"":0.00804661,""num_orders"":1},{""price"":62139.93,""size"":0.04828452,""num_orders"":1},{""price"":62139.94,""size"":0.09662923,""num_orders"":1},{""price"":62140.0,""size"":0.0118,""num_orders"":1}]"
btc_usd_d10_20260708T194326Z,7,2026-07-08T19:50:26.071130Z,2026-07-08T19:50:26.071236Z,BTC-USD,10,ok,,132304680222,2026-07-08T19:50:23.689438277Z,0.36915806,0.36972382,-0.000765697489,62097.099999999999,62097.110000000001,62097.104999999996,0.010000000002,0.001610381032,"[{""price"":62097.1,""size"":1.8e-05,""num_orders"":1},{""price"":62095.08,""size"":0.12883468,""num_orders"":1},{""price"":62094.0,""size"":0.0116,""num_orders"":1},{""price"":62093.4,""size"":1.8e-05,""num_orders"":1},{""price"":62092.86,""size"":0.00319954,""num_orders"":1},{""price"":62092.0,""size"":0.0116,""num_orders"":1},{""price"":62091.42,""size"":0.07691884,""num_orders"":1},{""price"":62091.41,""size"":0.12884227,""num_orders"":1},{""price"":62090.92,""size"":7.398e-05,""num_orders"":1},{""price"":62090.62,""size"":0.00805275,""num_orders"":1}]","[{""price"":62097.11,""size"":0.20038925,""num_orders"":6},{""price"":62098.0,""size"":0.0116,""num_orders"":1},{""price"":62098.67,""size"":0.0080519,""num_orders"":1},{""price"":62098.7,""size"":0.04090688,""num_orders"":1},{""price"":62098.71,""size"":0.04876859,""num_orders"":1},{""price"":62099.59,""size"":0.00022644,""num_orders"":3},{""price"":62100.0,""size"":0.0116,""num_orders"":1},{""price"":62100.21,""size"":0.01811588,""num_orders"":3},{""price"":62100.76,""size"":0.01006488,""num_orders"":1},{""price"":62101.71,""size"":0.02,""num_orders"":1}]"
btc_usd_d10_20260708T194326Z,8,2026-07-08T19:51:26.071130Z,2026-07-08T19:51:26.071454Z,BTC-USD,10,ok,,132304753599,2026-07-08T19:51:24.190249925Z,0.58368932,1.55682821,-0.45462785348,62078.589999999997,62078.599999999999,62078.595000000001,0.010000000002,0.0016108612,"[{""price"":62078.59,""size"":0.29170993,""num_orders"":3},{""price"":62078.58,""size"":0.03,""num_orders"":1},{""price"":62078.57,""size"":0.09002822,""num_orders"":2},{""price"":62078.56,""size"":0.03,""num_orders"":1},{""price"":62077.04,""size"":0.0080543,""num_orders"":1},{""price"":62076.0,""size"":0.0128,""num_orders"":1},{""price"":62074.94,""size"":0.01006788,""num_orders"":1},{""price"":62074.72,""size"":0.09662923,""num_orders"":1},{""price"":62074.24,""size"":0.00159976,""num_orders"":1},{""price"":62074.0,""size"":0.0128,""num_orders"":1}]","[{""price"":62078.6,""size"":0.0177418,""num_orders"":2},{""price"":62079.0,""size"":1.5,""num_orders"":2},{""price"":62079.31,""size"":5.034e-05,""num_orders"":1},{""price"":62079.93,""size"":0.00402707,""num_orders"":1},{""price"":62080.0,""size"":0.0128,""num_orders"":1},{""price"":62080.18,""size"":9.7e-05,""num_orders"":1},{""price"":62082.0,""size"":0.0122,""num_orders"":1},{""price"":62082.3,""size"":1.8e-05,""num_orders"":1},{""price"":62082.78,""size"":0.0097,""num_orders"":1},{""price"":62083.36,""size"":0.000194,""num_orders"":1}]"
btc_usd_d10_20260708T194326Z,9,2026-07-08T19:52:26.071130Z,2026-07-08T19:52:26.071229Z,BTC-USD,10,ok,,132304810697,2026-07-08T19:52:23.689428978Z,0.34021277,3.22894658,-0.809359719397,62071.419999999998,62071.43,62071.425000000003,0.010000000002,0.001611047274,"[{""price"":62071.42,""size"":0.02221361,""num_orders"":5},{""price"":62071.2,""size"":1.8e-05,""num_orders"":1},{""price"":62068.49,""size"":0.001549,""num_orders"":1},{""price"":62068.15,""size"":0.16111322,""num_orders"":1},{""price"":62067.5,""size"":1.8e-05,""num_orders"":1},{""price"":62066.0,""size"":0.0148,""num_orders"":1},{""price"":62065.08,""size"":0.04876859,""num_orders"":1},{""price"":62065.07,""size"":0.07691435,""num_orders"":2},{""price"":62064.0,""size"":0.0148,""num_orders"":1},{""price"":62063.8,""size"":1.8e-05,""num_orders"":1}]","[{""price"":62071.43,""size"":0.43723335,""num_orders"":4},{""price"":62071.74,""size"":0.00159977,""num_orders"":1},{""price"":62072.0,""size"":0.0219,""num_orders"":1},{""price"":62072.88,""size"":0.03836852,""num_orders"":2},{""price"":62072.89,""size"":0.43605325,""num_orders"":5},{""price"":62072.9,""size"":3.5e-07,""num_orders"":1},{""price"":62072.91,""size"":3.6e-07,""num_orders"":1},{""price"":62074.0,""size"":0.5219,""num_orders"":2},{""price"":62074.43,""size"":0.00805514,""num_orders"":1},{""price"":62074.53,""size"":1.76383584,""num_orders"":2}]"
btc_usd_d10_20260708T194326Z,10,2026-07-08T19:53:26.071130Z,2026-07-08T19:53:26.071247Z,BTC-USD,10,ok,,132304855458,2026-07-08T19:53:24.189472911Z,0.34869548,0.49925553,-0.177557486487,62116.75,62116.760000000002,62116.755000000005,0.010000000002,0.001609871604,"[{""price"":62116.75,""size"":0.02294306,""num_orders"":3},{""price"":62114.01,""size"":0.03239138,""num_orders"":1},{""price"":62114.0,""size"":0.0197,""num_orders"":1},{""price"":62113.65,""size"":0.001596,""num_orders"":1},{""price"":62112.71,""size"":0.00319954,""num_orders"":1},{""price"":62112.0,""size"":0.0197,""num_orders"":1},{""price"":62111.25,""size"":0.01368794,""num_orders"":1},{""price"":62111.19,""size"":0.05600931,""num_orders"":1},{""price"":62111.07,""size"":0.0008178,""num_orders"":1},{""price"":62110.26,""size"":0.17865045,""num_orders"":1}]","[{""price"":62116.76,""size"":0.06394217,""num_orders"":3},{""price"":62118.0,""size"":0.0197,""num_orders"":1},{""price"":62118.36,""size"":0.00031591,""num_orders"":1},{""price"":62118.95,""size"":0.15524895,""num_orders"":1},{""price"":62118.96,""size"":0.04876859,""num_orders"":1},{""price"":62118.97,""size"":0.09662923,""num_orders"":1},{""price"":62119.3,""size"":1.8e-05,""num_orders"":1},{""price"":62119.42,""size"":0.04919968,""num_orders"":1},{""price"":62120.0,""size"":0.0287,""num_orders"":2},{""price"":62120.56,""size"":0.036733,""num_orders"":1}]"
btc_usd_d10_20260708T194326Z,11,2026-07-08T19:54:26.071130Z,2026-07-08T19:54:26.071221Z,BTC-USD,10,ok,,132304910535,2026-07-08T19:54:24.546749810Z,0.4950094,0.36055435,0.15715374804,62103.389999999999,62103.400000000001,62103.395000000004,0.010000000002,0.001610217928,"[{""price"":62103.39,""size"":0.12883879,""num_orders"":2},{""price"":62103.38,""size"":0.01920469,""num_orders"":1},{""price"":62103.31,""size"":3.928e-05,""num_orders"":1},{""price"":62101.73,""size"":0.00156507,""num_orders"":1},{""price"":62101.72,""size"":0.0482983,""num_orders"":1},{""price"":62101.52,""size"":0.00805133,""num_orders"":1},{""price"":62101.4,""size"":0.00402567,""num_orders"":1},{""price"":62101.39,""size"":0.12232126,""num_orders"":1},{""price"":62101.38,""size"":0.16102701,""num_orders"":1},{""price"":62100.49,""size"":0.001638,""num_orders"":1}]","[{""price"":62103.4,""size"":0.20393596,""num_orders"":10},{""price"":62103.41,""size"":0.02122382,""num_orders"":1},{""price"":62103.42,""size"":0.02122411,""num_orders"":2},{""price"":62103.43,""size"":0.02122382,""num_orders"":1},{""price"":62103.44,""size"":0.02122382,""num_orders"":1},{""price"":62103.45,""size"":0.02122382,""num_orders"":1},{""price"":62103.46,""size"":0.02122382,""num_orders"":1},{""price"":62103.48,""size"":2.8e-07,""num_orders"":1},{""price"":62103.49,""size"":0.02122382,""num_orders"":1},{""price"":62103.52,""size"":0.00805108,""num_orders"":1}]"
btc_usd_d10_20260708T194326Z,12,2026-07-08T19:55:26.071130Z,2026-07-08T19:55:26.071254Z,BTC-USD,10,ok,,132304977549,2026-07-08T19:55:24.105128689Z,0.33536748,2.27146435,-0.742701100899,62159.059999999998,62159.07,62159.065000000002,0.010000000002,0.001608775808,"[{""price"":62159.06,""size"":0.0181,""num_orders"":1},{""price"":62158.73,""size"":0.12870275,""num_orders"":1},{""price"":62158.66,""size"":5.823e-05,""num_orders"":1},{""price"":62158.35,""size"":0.09662923,""num_orders"":1},{""price"":62158.01,""size"":1.6e-07,""num_orders"":1},{""price"":62158.0,""size"":0.01540018,""num_orders"":2},{""price"":62157.99,""size"":1.8e-07,""num_orders"":1},{""price"":62157.24,""size"":0.00804388,""num_orders"":1},{""price"":62156.46,""size"":0.001551,""num_orders"":1},{""price"":62156.45,""size"":0.06688187,""num_orders"":1}]","[{""price"":62159.07,""size"":0.07329859,""num_orders"":2},{""price"":62159.5,""size"":1.3e-07,""num_orders"":1},{""price"":62161.74,""size"":0.00017595,""num_orders"":3},{""price"":62162.36,""size"":0.01407604,""num_orders"":3},{""price"":62163.7,""size"":1.8e-05,""num_orders"":1},{""price"":62164.97,""size"":0.00319954,""num_orders"":1},{""price"":62164.98,""size"":0.09662923,""num_orders"":1},{""price"":62164.99,""size"":1.90660976,""num_orders"":1},{""price"":62165.61,""size"":0.12868852,""num_orders"":1},{""price"":62165.99,""size"":0.04876859,""num_orders"":1}]"
btc_usd_d10_20260708T194326Z,13,2026-07-08T19:56:26.071130Z,2026-07-08T19:56:26.071279Z,BTC-USD,10,ok,,132305024612,2026-07-08T19:56:25.683709141Z,0.60420257,0.71849954,-0.086411724254,62152.82,62152.830000000002,62152.824999999997,0.010000000002,0.001608937325,"[{""price"":62152.82,""size"":0.25012479,""num_orders"":7},{""price"":62152.81,""size"":2.3e-07,""num_orders"":1},{""price"":62152.8,""size"":2.4e-07,""num_orders"":1},{""price"":62151.23,""size"":0.00804469,""num_orders"":1},{""price"":62150.12,""size"":0.04826743,""num_orders"":1},{""price"":62150.01,""size"":0.09662923,""num_orders"":1},{""price"":62150.0,""size"":0.0161,""num_orders"":1},{""price"":62149.93,""size"":0.1609012,""num_orders"":1},{""price"":62149.71,""size"":0.0140789,""num_orders"":3},{""price"":62149.14,""size"":0.01005586,""num_orders"":1}]","[{""price"":62152.83,""size"":0.06827955,""num_orders"":4},{""price"":62152.85,""size"":2.7e-07,""num_orders"":2},{""price"":62154.48,""size"":0.00319954,""num_orders"":1},{""price"":62154.49,""size"":0.2388,""num_orders"":1},{""price"":62154.5,""size"":0.2,""num_orders"":1},{""price"":62154.7,""size"":0.2,""num_orders"":1},{""price"":62155.85,""size"":0.00010055,""num_orders"":1},{""price"":62155.87,""size"":2.514e-05,""num_orders"":1},{""price"":62155.92,""size"":5.028e-05,""num_orders"":1},{""price"":62156.47,""size"":0.00804421,""num_orders"":1}]"
btc_usd_d10_20260708T194326Z,14,2026-07-08T19:57:26.071130Z,2026-07-08T19:57:26.071385Z,BTC-USD,10,ok,,132305066060,2026-07-08T19:57:24.159455393Z,0.50253297,0.36718432,0.155623731477,62150,62150.010000000002,62150.005000000005,0.010000000002,0.001609010329,"[{""price"":62150.0,""size"":0.04178088,""num_orders"":5},{""price"":62149.99,""size"":2e-07,""num_orders"":1},{""price"":62149.98,""size"":2.1e-07,""num_orders"":1},{""price"":62149.66,""size"":0.12872154,""num_orders"":1},{""price"":62148.46,""size"":0.00804488,""num_orders"":1},{""price"":62148.18,""size"":0.04876859,""num_orders"":1},{""price"":62148.17,""size"":0.1287246,""num_orders"":1},{""price"":62147.02,""size"":0.09662923,""num_orders"":1},{""price"":62146.89,""size"":0.04826584,""num_orders"":1},{""price"":62146.78,""size"":0.001597,""num_orders"":1}]","[{""price"":62150.01,""size"":0.08206478,""num_orders"":5},{""price"":62150.03,""size"":3.5e-07,""num_orders"":2},{""price"":62151.57,""size"":0.00804505,""num_orders"":1},{""price"":62152.49,""size"":0.16801343,""num_orders"":2},{""price"":62152.5,""size"":0.04891943,""num_orders"":3},{""price"":62152.53,""size"":0.033,""num_orders"":1},{""price"":62152.56,""size"":0.005,""num_orders"":1},{""price"":62152.6,""size"":1.8e-05,""num_orders"":1},{""price"":62153.12,""size"":0.01206697,""num_orders"":2},{""price"":62153.66,""size"":0.01005631,""num_orders"":1}]"
btc_usd_d10_20260708T194326Z,15,2026-07-08T19:58:26.071130Z,2026-07-08T19:58:26.071221Z,BTC-USD,10,ok,,132305136730,2026-07-08T19:58:24.174250665Z,0.6862621,0.10828563,0.727428256576,62166.480000000003,62166.489999999998,62166.485000000001,0.009999999995,0.001608583788,"[{""price"":62166.48,""size"":0.25530192,""num_orders"":7},{""price"":62166.47,""size"":3.4e-07,""num_orders"":2},{""price"":62166.46,""size"":1.8e-07,""num_orders"":1},{""price"":62166.0,""size"":0.0131,""num_orders"":1},{""price"":62164.01,""size"":0.00159977,""num_orders"":1},{""price"":62164.0,""size"":0.0131,""num_orders"":1},{""price"":62163.79,""size"":0.12869228,""num_orders"":1},{""price"":62163.34,""size"":0.1738971,""num_orders"":1},{""price"":62163.33,""size"":0.09662923,""num_orders"":1},{""price"":62162.83,""size"":0.00394128,""num_orders"":1}]","[{""price"":62166.49,""size"":0.03149216,""num_orders"":2},{""price"":62166.5,""size"":1.4e-07,""num_orders"":1},{""price"":62167.11,""size"":0.00804304,""num_orders"":1},{""price"":62168.04,""size"":0.00027646,""num_orders"":4},{""price"":62168.66,""size"":0.02211726,""num_orders"":4},{""price"":62169.21,""size"":0.0100538,""num_orders"":1},{""price"":62169.41,""size"":0.001603,""num_orders"":1},{""price"":62170.0,""size"":0.0131,""num_orders"":1},{""price"":62170.78,""size"":0.00159977,""num_orders"":1},{""price"":62170.79,""size"":0.02,""num_orders"":1}]"
btc_usd_d10_20260708T194326Z,16,2026-07-08T19:59:26.071130Z,2026-07-08T19:59:26.071248Z,BTC-USD,10,ok,,132305213315,2026-07-08T19:59:24.544356847Z,0.21217456,0.16720982,0.118520272237,62228.269999999997,62229.360000000001,62228.815000000002,1.090000000004,0.175160012288,"[{""price"":62228.27,""size"":0.01926469,""num_orders"":1},{""price"":62228.26,""size"":0.00159978,""num_orders"":1},{""price"":62228.25,""size"":2.125e-05,""num_orders"":1},{""price"":62228.23,""size"":0.04820522,""num_orders"":1},{""price"":62226.97,""size"":0.1285616,""num_orders"":1},{""price"":62226.72,""size"":2.6e-07,""num_orders"":1},{""price"":62226.71,""size"":2.7e-07,""num_orders"":1},{""price"":62226.6,""size"":1.8e-05,""num_orders"":1},{""price"":62226.34,""size"":0.00080349,""num_orders"":1},{""price"":62226.0,""size"":0.0137,""num_orders"":1}]","[{""price"":62229.36,""size"":0.00073524,""num_orders"":1},{""price"":62229.45,""size"":0.01602382,""num_orders"":1},{""price"":62229.98,""size"":0.00159976,""num_orders"":1},{""price"":62229.99,""size"":0.10881206,""num_orders"":1},{""price"":62230.0,""size"":0.0137,""num_orders"":1},{""price"":62230.47,""size"":0.00022597,""num_orders"":3},{""price"":62230.91,""size"":0.00803486,""num_orders"":1},{""price"":62230.93,""size"":1.4e-07,""num_orders"":1},{""price"":62231.09,""size"":0.01807778,""num_orders"":3},{""price"":62231.85,""size"":1.9e-07,""num_orders"":1}]"
btc_usd_d10_20260708T194326Z,17,2026-07-08T20:00:26.071130Z,2026-07-08T20:00:26.071257Z,BTC-USD,10,ok,,132305317590,2026-07-08T20:00:25.036207319Z,0.5113754,0.46730469,0.045030761789,62174.110000000001,62174.120000000003,62174.115000000005,0.010000000002,0.001608386384,"[{""price"":62174.11,""size"":0.07591864,""num_orders"":2},{""price"":62174.06,""size"":0.00319954,""num_orders"":1},{""price"":62174.05,""size"":0.12867104,""num_orders"":1},{""price"":62174.0,""size"":1.8e-07,""num_orders"":1},{""price"":62173.99,""size"":2e-07,""num_orders"":1},{""price"":62172.93,""size"":0.027972,""num_orders"":1},{""price"":62172.45,""size"":0.00808686,""num_orders"":2},{""price"":62171.54,""size"":0.16084528,""num_orders"":1},{""price"":62170.62,""size"":0.09662923,""num_orders"":1},{""price"":62170.35,""size"":0.01005243,""num_orders"":1}]","[{""price"":62174.12,""size"":0.15027093,""num_orders"":4},{""price"":62174.98,""size"":0.0188652,""num_orders"":1},{""price"":62174.99,""size"":0.02,""num_orders"":1},{""price"":62176.0,""size"":0.0116,""num_orders"":1},{""price"":62176.61,""size"":0.00012565,""num_orders"":2},{""price"":62176.76,""size"":0.09662923,""num_orders"":1},{""price"":62177.18,""size"":0.11696027,""num_orders"":1},{""price"":62177.19,""size"":0.02,""num_orders"":1},{""price"":62177.2,""size"":0.02,""num_orders"":1},{""price"":62177.21,""size"":0.01285341,""num_orders"":1}]"
btc_usd_d10_20260708T194326Z,18,2026-07-08T20:01:26.071130Z,2026-07-08T20:01:26.071256Z,BTC-USD,10,ok,,132305370546,2026-07-08T20:01:25.046822222Z,0.30512506,0.77902345,-0.437115750867,62160.459999999999,62160.470000000001,62160.464999999997,0.010000000002,0.001608739575,"[{""price"":62160.46,""size"":0.0100817,""num_orders"":4},{""price"":62160.45,""size"":2.5e-07,""num_orders"":1},{""price"":62160.44,""size"":2.7e-07,""num_orders"":1},{""price"":62157.63,""size"":0.00319954,""num_orders"":1},{""price"":62157.62,""size"":0.12870505,""num_orders"":1},{""price"":62156.79,""size"":0.00466462,""num_orders"":1},{""price"":62156.74,""size"":0.00148433,""num_orders"":1},{""price"":62156.0,""size"":0.0121,""num_orders"":1},{""price"":62155.79,""size"":0.04826007,""num_orders"":1},{""price"":62155.34,""size"":0.09662923,""num_orders"":1}]","[{""price"":62160.47,""size"":0.40927685,""num_orders"":12},{""price"":62160.48,""size"":1.3e-07,""num_orders"":1},{""price"":62160.49,""size"":1.5e-07,""num_orders"":1},{""price"":62162.0,""size"":0.0121,""num_orders"":1},{""price"":62162.96,""size"":0.00025135,""num_orders"":3},{""price"":62163.04,""size"":0.001639,""num_orders"":1},{""price"":62163.55,""size"":0.02,""num_orders"":1},{""price"":62163.56,""size"":0.21901849,""num_orders"":3},{""price"":62163.57,""size"":0.09662923,""num_orders"":1},{""price"":62163.58,""size"":0.02010825,""num_orders"":3}]"
btc_usd_d10_20260708T194326Z,19,2026-07-08T20:02:26.071130Z,2026-07-08T20:02:26.071365Z,BTC-USD,10,ok,,132305414514,2026-07-08T20:02:25.155694127Z,0.38499779,0.79681686,-0.348463331369,62177.269999999997,62177.279999999999,62177.274999999994,0.010000000002,0.001608304642,"[{""price"":62177.27,""size"":0.15015027,""num_orders"":4},{""price"":62177.25,""size"":1.7e-07,""num_orders"":1},{""price"":62175.72,""size"":0.00804152,""num_orders"":1},{""price"":62175.71,""size"":0.00113401,""num_orders"":1},{""price"":62174.81,""size"":0.04876859,""num_orders"":1},{""price"":62174.8,""size"":0.12866949,""num_orders"":1},{""price"":62174.79,""size"":0.03390356,""num_orders"":2},{""price"":62174.78,""size"":1.8e-07,""num_orders"":1},{""price"":62174.4,""size"":0.00163,""num_orders"":1},{""price"":62174.0,""size"":0.0127,""num_orders"":1}]","[{""price"":62177.28,""size"":0.24035246,""num_orders"":16},{""price"":62177.29,""size"":0.01642397,""num_orders"":2},{""price"":62177.3,""size"":1.6e-07,""num_orders"":1},{""price"":62178.82,""size"":0.00318314,""num_orders"":1},{""price"":62178.83,""size"":0.23941984,""num_orders"":2},{""price"":62178.84,""size"":0.09662923,""num_orders"":1},{""price"":62178.85,""size"":0.06417883,""num_orders"":2},{""price"":62180.77,""size"":0.02,""num_orders"":1},{""price"":62180.9,""size"":0.02,""num_orders"":1},{""price"":62180.91,""size"":0.09662923,""num_orders"":1}]"
btc_usd_d10_20260708T194326Z,20,2026-07-08T20:03:26.071130Z,2026-07-08T20:03:26.071318Z,BTC-USD,10,ok,,132305460734,2026-07-08T20:03:23.153411521Z,0.46010915,0.56985552,-0.106553528676,62192.010000000002,62192.019999999997,62192.014999999999,0.009999999995,0.00160792346,"[{""price"":62192.01,""size"":0.26802029,""num_orders"":6},{""price"":62192.0,""size"":1.4e-07,""num_orders"":1},{""price"":62191.99,""size"":1.6e-07,""num_orders"":1},{""price"":62190.0,""size"":0.014,""num_orders"":1},{""price"":62189.6,""size"":1.8e-05,""num_orders"":1},{""price"":62188.69,""size"":0.00319926,""num_orders"":1},{""price"":62188.68,""size"":0.00402002,""num_orders"":1},{""price"":62188.65,""size"":0.00201001,""num_orders"":1},{""price"":62188.62,""size"":0.00804006,""num_orders"":1},{""price"":62188.58,""size"":0.16080121,""num_orders"":1}]","[{""price"":62192.02,""size"":0.23904745,""num_orders"":7},{""price"":62192.03,""size"":3.5e-07,""num_orders"":2},{""price"":62192.07,""size"":0.00080396,""num_orders"":1},{""price"":62193.58,""size"":0.00803961,""num_orders"":1},{""price"":62194.0,""size"":0.014,""num_orders"":1},{""price"":62194.5,""size"":0.02,""num_orders"":1},{""price"":62194.51,""size"":0.00027635,""num_orders"":4},{""price"":62194.82,""size"":0.02,""num_orders"":1},{""price"":62194.83,""size"":0.17105857,""num_orders"":2},{""price"":62194.84,""size"":0.09662923,""num_orders"":1}]"
btc_usd_d10_20260708T194326Z,21,2026-07-08T20:04:26.071130Z,2026-07-08T20:04:26.071251Z,BTC-USD,10,ok,,132305494120,2026-07-08T20:04:23.654973117Z,0.4465208,0.18993682,0.403143857402,62207.790000000001,62207.800000000003,62207.794999999998,0.010000000002,0.001607515586,"[{""price"":62207.79,""size"":0.16361628,""num_orders"":5},{""price"":62207.78,""size"":1.6e-07,""num_orders"":1},{""price"":62207.77,""size"":1.7e-07,""num_orders"":1},{""price"":62207.76,""size"":0.00136431,""num_orders"":1},{""price"":62207.41,""size"":0.12860202,""num_orders"":1},{""price"":62206.66,""size"":9.592e-05,""num_orders"":2},{""price"":62206.37,""size"":0.12860417,""num_orders"":1},{""price"":62206.23,""size"":0.00803757,""num_orders"":1},{""price"":62206.2,""size"":2e-07,""num_orders"":1},{""price"":62206.0,""size"":0.0162,""num_orders"":1}]","[{""price"":62207.8,""size"":0.06021607,""num_orders"":6},{""price"":62207.81,""size"":1.8e-07,""num_orders"":1},{""price"":62207.82,""size"":1.9e-07,""num_orders"":1},{""price"":62207.84,""size"":0.00080375,""num_orders"":1},{""price"":62209.36,""size"":0.00803757,""num_orders"":1},{""price"":62210.0,""size"":0.0162,""num_orders"":1},{""price"":62210.29,""size"":0.00027629,""num_orders"":4},{""price"":62210.89,""size"":0.00319954,""num_orders"":1},{""price"":62210.9,""size"":0.07910099,""num_orders"":1},{""price"":62210.91,""size"":0.02210224,""num_orders"":4}]"
btc_usd_d10_20260708T194326Z,22,2026-07-08T20:05:26.071130Z,2026-07-08T20:05:26.071403Z,BTC-USD,10,ok,,132305524230,2026-07-08T20:05:25.646708621Z,0.54115264,1.08407716,-0.334060155678,62204.230000000003,62204.239999999998,62204.235000000001,0.009999999995,0.001607607584,"[{""price"":62204.23,""size"":0.11451723,""num_orders"":3},{""price"":62204.22,""size"":4.3e-07,""num_orders"":2},{""price"":62203.79,""size"":1.9e-07,""num_orders"":1},{""price"":62202.67,""size"":0.00742456,""num_orders"":1},{""price"":62202.59,""size"":0.12861198,""num_orders"":1},{""price"":62202.01,""size"":0.0031621,""num_orders"":1},{""price"":62202.0,""size"":0.0179,""num_orders"":1},{""price"":62201.6,""size"":0.16076756,""num_orders"":1},{""price"":62201.27,""size"":0.06,""num_orders"":2},{""price"":62200.72,""size"":0.04876859,""num_orders"":1}]","[{""price"":62204.24,""size"":0.03040888,""num_orders"":3},{""price"":62204.34,""size"":0.28951674,""num_orders"":1},{""price"":62204.49,""size"":0.09662923,""num_orders"":1},{""price"":62204.5,""size"":0.2,""num_orders"":1},{""price"":62204.7,""size"":0.2,""num_orders"":1},{""price"":62205.8,""size"":0.00803803,""num_orders"":1},{""price"":62205.92,""size"":0.00109301,""num_orders"":1},{""price"":62206.0,""size"":0.0179,""num_orders"":1},{""price"":62206.42,""size"":0.06429424,""num_orders"":1},{""price"":62206.43,""size"":0.17619703,""num_orders"":2}]"
btc_usd_d10_20260708T194326Z,23,2026-07-08T20:06:26.071130Z,2026-07-08T20:06:26.071244Z,BTC-USD,10,ok,,132305582562,2026-07-08T20:06:24.653913318Z,0.46731451,0.50550007,-0.03925266005,62255.57,62255.580000000002,62255.574999999997,0.010000000002,0.001606281847,"[{""price"":62255.57,""size"":0.12224276,""num_orders"":6},{""price"":62255.55,""size"":2.4e-07,""num_orders"":1},{""price"":62254.49,""size"":0.12850478,""num_orders"":1},{""price"":62254.01,""size"":0.00807628,""num_orders"":2},{""price"":62254.0,""size"":0.0206,""num_orders"":1},{""price"":62253.39,""size"":0.12850705,""num_orders"":1},{""price"":62252.12,""size"":0.027941,""num_orders"":1},{""price"":62252.0,""size"":0.0206,""num_orders"":1},{""price"":62251.91,""size"":0.01003926,""num_orders"":1},{""price"":62251.62,""size"":0.00080314,""num_orders"":1}]","[{""price"":62255.58,""size"":0.08674626,""num_orders"":5},{""price"":62255.6,""size"":2.9e-07,""num_orders"":2},{""price"":62256.2,""size"":1.8e-05,""num_orders"":1},{""price"":62257.93,""size"":0.00118574,""num_orders"":1},{""price"":62257.94,""size"":0.02,""num_orders"":1},{""price"":62257.95,""size"":0.09662923,""num_orders"":1},{""price"":62257.96,""size"":0.1592493,""num_orders"":1},{""price"":62257.98,""size"":0.04876859,""num_orders"":1},{""price"":62257.99,""size"":0.07230266,""num_orders"":1},{""price"":62258.0,""size"":0.0206,""num_orders"":1}]"
btc_usd_d10_20260708T194326Z,24,2026-07-08T20:07:26.071130Z,2026-07-08T20:07:26.071255Z,BTC-USD,10,ok,,132305616017,2026-07-08T20:07:25.537457973Z,0.49900224,0.87314978,-0.272672076087,62232.07,62232.080000000002,62232.074999999997,0.010000000002,0.00160688841,"[{""price"":62232.07,""size"":0.15063682,""num_orders"":5},{""price"":62232.06,""size"":1.7e-07,""num_orders"":1},{""price"":62232.05,""size"":1.8e-07,""num_orders"":1},{""price"":62231.5,""size"":0.12855226,""num_orders"":1},{""price"":62230.3,""size"":1.8e-05,""num_orders"":1},{""price"":62230.0,""size"":0.0206,""num_orders"":1},{""price"":62228.96,""size"":0.02209581,""num_orders"":4},{""price"":62228.71,""size"":0.128558,""num_orders"":1},{""price"":62228.0,""size"":0.0206,""num_orders"":1},{""price"":62227.8,""size"":0.027941,""num_orders"":1}]","[{""price"":62232.08,""size"":0.51809013,""num_orders"":15},{""price"":62232.09,""size"":0.00103851,""num_orders"":1},{""price"":62232.1,""size"":3.7e-07,""num_orders"":2},{""price"":62232.81,""size"":0.00319954,""num_orders"":1},{""price"":62232.82,""size"":0.048206,""num_orders"":1},{""price"":62232.89,""size"":0.1056489,""num_orders"":1},{""price"":62232.9,""size"":0.07230266,""num_orders"":1},{""price"":62233.62,""size"":0.02,""num_orders"":1},{""price"":62233.63,""size"":0.09662923,""num_orders"":1},{""price"":62233.64,""size"":0.00803444,""num_orders"":1}]"
btc_usd_d10_20260708T194326Z,25,2026-07-08T20:08:26.071130Z,2026-07-08T20:08:26.071217Z,BTC-USD,10,ok,,132305656184,2026-07-08T20:08:23.344653232Z,0.68820937,0.36661792,0.304875929025,62216.860000000001,62216.870000000003,62216.865000000005,0.010000000002,0.001607281242,"[{""price"":62216.86,""size"":0.26198729,""num_orders"":7},{""price"":62216.85,""size"":3.1e-07,""num_orders"":1},{""price"":62216.84,""size"":3.2e-07,""num_orders"":1},{""price"":62216.0,""size"":0.0228,""num_orders"":1},{""price"":62215.3,""size"":0.0080364,""num_orders"":1},{""price"":62214.32,""size"":0.15006094,""num_orders"":2},{""price"":62214.31,""size"":0.16073469,""num_orders"":1},{""price"":62214.0,""size"":0.0228,""num_orders"":1},{""price"":62213.42,""size"":0.06,""num_orders"":2},{""price"":62213.0,""size"":0.00178942,""num_orders"":1}]","[{""price"":62216.87,""size"":0.16621181,""num_orders"":4},{""price"":62216.89,""size"":2.1e-07,""num_orders"":2},{""price"":62218.7,""size"":0.09662923,""num_orders"":1},{""price"":62218.71,""size"":0.04876859,""num_orders"":1},{""price"":62218.78,""size"":0.001551,""num_orders"":1},{""price"":62219.2,""size"":1.8e-05,""num_orders"":1},{""price"":62219.36,""size"":0.00027624,""num_orders"":4},{""price"":62219.74,""size"":9.7e-05,""num_orders"":1},{""price"":62219.84,""size"":0.04821584,""num_orders"":1},{""price"":62219.91,""size"":0.00485,""num_orders"":1}]"
btc_usd_d10_20260708T194326Z,26,2026-07-08T20:09:26.071130Z,2026-07-08T20:09:26.071250Z,BTC-USD,10,ok,,132305688117,2026-07-08T20:09:23.603290641Z,0.56317155,0.56585113,-0.00237336242,62224.279999999999,62224.290000000001,62224.285000000003,0.010000000002,0.00160708958,"[{""price"":62224.28,""size"":0.18396868,""num_orders"":7},{""price"":62224.27,""size"":3.6e-07,""num_orders"":2},{""price"":62224.26,""size"":2.1e-07,""num_orders"":1},{""price"":62223.3,""size"":0.12856919,""num_orders"":1},{""price"":62222.9,""size"":1.8e-05,""num_orders"":1},{""price"":62222.61,""size"":0.001587,""num_orders"":1},{""price"":62222.0,""size"":0.0216,""num_orders"":1},{""price"":62221.94,""size"":0.0767575,""num_orders"":1},{""price"":62221.93,""size"":0.12857202,""num_orders"":1},{""price"":62221.17,""size"":0.02209859,""num_orders"":4}]","[{""price"":62224.29,""size"":0.08002376,""num_orders"":6},{""price"":62224.3,""size"":1.3e-07,""num_orders"":1},{""price"":62224.31,""size"":1.4e-07,""num_orders"":1},{""price"":62225.5,""size"":0.00160001,""num_orders"":1},{""price"":62225.51,""size"":0.02,""num_orders"":1},{""price"":62225.52,""size"":0.23101157,""num_orders"":2},{""price"":62225.53,""size"":0.09662923,""num_orders"":1},{""price"":62225.85,""size"":0.00803544,""num_orders"":1},{""price"":62226.81,""size"":0.0803445,""num_orders"":1},{""price"":62226.82,""size"":0.04820635,""num_orders"":1}]"
btc_usd_d10_20260708T194326Z,27,2026-07-08T20:10:26.071130Z,2026-07-08T20:10:26.071242Z,BTC-USD,10,ok,,132305729973,2026-07-08T20:10:24.333947439Z,0.44408947,0.48605213,-0.045114270773,62218,62218.010000000002,62218.005000000005,0.010000000002,0.001607251792,"[{""price"":62218.0,""size"":0.12554672,""num_orders"":6},{""price"":62217.99,""size"":1.7e-07,""num_orders"":1},{""price"":62217.98,""size"":1.8e-07,""num_orders"":1},{""price"":62216.03,""size"":0.12858421,""num_orders"":1},{""price"":62216.0,""size"":0.0257,""num_orders"":1},{""price"":62215.5,""size"":0.13041819,""num_orders"":2},{""price"":62215.4,""size"":0.001659,""num_orders"":1},{""price"":62215.05,""size"":8.018e-05,""num_orders"":1},{""price"":62215.0,""size"":0.01,""num_orders"":1},{""price"":62214.89,""size"":0.02210082,""num_orders"":4}]","[{""price"":62218.01,""size"":0.17444084,""num_orders"":8},{""price"":62218.03,""size"":3.3e-07,""num_orders"":2},{""price"":62219.19,""size"":0.10102312,""num_orders"":1},{""price"":62219.2,""size"":0.00319954,""num_orders"":1},{""price"":62219.21,""size"":0.02858454,""num_orders"":1},{""price"":62219.57,""size"":0.00803625,""num_orders"":1},{""price"":62219.87,""size"":0.04821567,""num_orders"":1},{""price"":62219.98,""size"":0.09662923,""num_orders"":1},{""price"":62220.0,""size"":0.0257,""num_orders"":1},{""price"":62220.03,""size"":0.00022261,""num_orders"":1}]"
btc_usd_d10_20260708T194326Z,28,2026-07-08T20:11:26.071130Z,2026-07-08T20:11:26.071222Z,BTC-USD,10,ok,,132305771681,2026-07-08T20:11:24.688734302Z,0.44550831,0.06538705,0.744029579756,62137.800000000003,62137.809999999998,62137.805,0.009999999995,0.001609326238,"[{""price"":62137.8,""size"":0.04666893,""num_orders"":3},{""price"":62137.01,""size"":0.04876859,""num_orders"":1},{""price"":62136.0,""size"":0.0231,""num_orders"":1},{""price"":62135.44,""size"":1.13e-06,""num_orders"":1},{""price"":62135.0,""size"":0.01,""num_orders"":1},{""price"":62134.78,""size"":0.09662923,""num_orders"":1},{""price"":62134.1,""size"":1.8e-05,""num_orders"":1},{""price"":62134.0,""size"":0.0231,""num_orders"":1},{""price"":62132.4,""size"":0.1005932,""num_orders"":1},{""price"":62132.39,""size"":0.09662923,""num_orders"":1}]","[{""price"":62137.81,""size"":0.0417,""num_orders"":2},{""price"":62138.37,""size"":0.001623,""num_orders"":1},{""price"":62138.38,""size"":0.001541,""num_orders"":1},{""price"":62138.39,""size"":0.001536,""num_orders"":1},{""price"":62138.41,""size"":0.001593,""num_orders"":1},{""price"":62138.98,""size"":0.00128672,""num_orders"":1},{""price"":62139.63,""size"":0.00156189,""num_orders"":1},{""price"":62140.0,""size"":0.00804644,""num_orders"":1},{""price"":62140.01,""size"":0.001649,""num_orders"":1},{""price"":62141.36,""size"":0.00485,""num_orders"":1}]"
btc_usd_d10_20260708T194326Z,29,2026-07-08T20:12:26.071130Z,2026-07-08T20:12:26.071246Z,BTC-USD,10,ok,,132305811511,2026-07-08T20:12:24.087003425Z,0.59520365,0.21585964,0.467711971035,62173.089999999997,62173.099999999999,62173.095000000001,0.010000000002,0.001608412771,"[{""price"":62173.09,""size"":0.30351135,""num_orders"":7},{""price"":62173.07,""size"":2.9e-07,""num_orders"":1},{""price"":62172.97,""size"":2.7e-07,""num_orders"":1},{""price"":62172.01,""size"":0.00319954,""num_orders"":1},{""price"":62172.0,""size"":0.0208,""num_orders"":1},{""price"":62171.82,""size"":0.15970747,""num_orders"":1},{""price"":62171.62,""size"":0.00172344,""num_orders"":1},{""price"":62171.53,""size"":0.00804206,""num_orders"":1},{""price"":62170.2,""size"":0.00159,""num_orders"":1},{""price"":62170.03,""size"":0.09662923,""num_orders"":1}]","[{""price"":62173.1,""size"":0.12708919,""num_orders"":5},{""price"":62173.11,""size"":1.2e-07,""num_orders"":1},{""price"":62173.12,""size"":1.2e-07,""num_orders"":1},{""price"":62174.66,""size"":0.00804206,""num_orders"":1},{""price"":62174.8,""size"":1.8e-05,""num_orders"":1},{""price"":62175.59,""size"":0.00027643,""num_orders"":4},{""price"":62176.21,""size"":0.02211457,""num_orders"":4},{""price"":62176.76,""size"":0.01005257,""num_orders"":1},{""price"":62178.49,""size"":0.04824858,""num_orders"":1},{""price"":62178.5,""size"":1.8e-05,""num_orders"":1}]"
btc_usd_d10_20260708T194326Z,30,2026-07-08T20:13:26.071130Z,2026-07-08T20:13:26.071245Z,BTC-USD,10,ok,,132305839723,2026-07-08T20:13:25.539026489Z,0.49935748,0.73076962,-0.1881205121,62190.279999999999,62190.290000000001,62190.285000000003,0.010000000002,0.00160796819,"[{""price"":62190.28,""size"":0.06937021,""num_orders"":5},{""price"":62190.27,""size"":1.9e-07,""num_orders"":1},{""price"":62190.13,""size"":2.5e-07,""num_orders"":1},{""price"":62190.0,""size"":0.0188,""num_orders"":1},{""price"":62188.54,""size"":0.00803984,""num_orders"":1},{""price"":62188.0,""size"":0.0198,""num_orders"":1},{""price"":62186.98,""size"":0.00319954,""num_orders"":1},{""price"":62186.97,""size"":0.00180813,""num_orders"":1},{""price"":62186.84,""size"":0.28171009,""num_orders"":2},{""price"":62186.83,""size"":0.09662923,""num_orders"":1}]","[{""price"":62190.29,""size"":0.01399928,""num_orders"":2},{""price"":62190.39,""size"":1.6e-07,""num_orders"":1},{""price"":62190.45,""size"":0.04876859,""num_orders"":1},{""price"":62190.84,""size"":0.09662923,""num_orders"":1},{""price"":62190.85,""size"":0.38617834,""num_orders"":1},{""price"":62190.86,""size"":0.12863626,""num_orders"":1},{""price"":62191.99,""size"":0.00803984,""num_orders"":1},{""price"":62192.23,""size"":0.04824157,""num_orders"":1},{""price"":62192.78,""size"":7.537e-05,""num_orders"":2},{""price"":62192.89,""size"":0.00020098,""num_orders"":2}]"
btc_usd_d10_20260708T194326Z,31,2026-07-08T20:14:26.071130Z,2026-07-08T20:14:26.071235Z,BTC-USD,10,ok,,132305864736,2026-07-08T20:14:24.046316700Z,0.52190873,0.65236022,-0.111091662604,62202.769999999997,62202.779999999999,62202.774999999994,0.010000000002,0.001607645318,"[{""price"":62202.77,""size"":0.14389761,""num_orders"":5},{""price"":62202.75,""size"":1.9e-07,""num_orders"":1},{""price"":62202.02,""size"":0.00319954,""num_orders"":1},{""price"":62202.01,""size"":0.02951473,""num_orders"":1},{""price"":62202.0,""size"":0.0207,""num_orders"":1},{""price"":62201.21,""size"":0.00803822,""num_orders"":1},{""price"":62200.48,""size"":1.9e-07,""num_orders"":1},{""price"":62200.0,""size"":0.0207,""num_orders"":1},{""price"":62199.66,""size"":0.16724018,""num_orders"":1},{""price"":62199.65,""size"":0.12861807,""num_orders"":1}]","[{""price"":62202.78,""size"":0.13368793,""num_orders"":3},{""price"":62202.79,""size"":1.2e-07,""num_orders"":1},{""price"":62202.8,""size"":1.3e-07,""num_orders"":1},{""price"":62203.72,""size"":0.12860967,""num_orders"":1},{""price"":62206.18,""size"":0.12860458,""num_orders"":1},{""price"":62206.23,""size"":0.04420381,""num_orders"":1},{""price"":62206.83,""size"":0.04822952,""num_orders"":1},{""price"":62207.28,""size"":0.07237723,""num_orders"":1},{""price"":62207.6,""size"":0.09662923,""num_orders"":1},{""price"":62208.1,""size"":1.8e-05,""num_orders"":1}]"
btc_usd_d10_20260708T194326Z,32,2026-07-08T20:15:26.071130Z,2026-07-08T20:15:26.071248Z,BTC-USD,10,ok,,132305894168,2026-07-08T20:15:24.189751267Z,0.10642414,1.02790163,-0.812357009221,62200.559999999998,62200.57,62200.565000000002,0.010000000002,0.001607702438,"[{""price"":62200.56,""size"":0.01522314,""num_orders"":4},{""price"":62200.55,""size"":2.4e-07,""num_orders"":1},{""price"":62200.54,""size"":2.7e-07,""num_orders"":1},{""price"":62199.0,""size"":0.00803851,""num_orders"":1},{""price"":62197.45,""size"":0.00223822,""num_orders"":1},{""price"":62197.44,""size"":0.05680751,""num_orders"":2},{""price"":62197.43,""size"":0.00803892,""num_orders"":1},{""price"":62197.42,""size"":0.00401946,""num_orders"":1},{""price"":62197.41,""size"":0.00200973,""num_orders"":1},{""price"":62196.9,""size"":0.01004814,""num_orders"":1}]","[{""price"":62200.57,""size"":0.7539008,""num_orders"":15},{""price"":62200.58,""size"":1.1e-07,""num_orders"":1},{""price"":62200.6,""size"":1.2e-07,""num_orders"":1},{""price"":62200.7,""size"":1.8e-05,""num_orders"":1},{""price"":62200.82,""size"":0.11011274,""num_orders"":1},{""price"":62200.83,""size"":0.12861565,""num_orders"":1},{""price"":62201.07,""size"":0.00160785,""num_orders"":1},{""price"":62202.0,""size"":0.024,""num_orders"":1},{""price"":62202.01,""size"":0.00160785,""num_orders"":1},{""price"":62202.13,""size"":0.00803851,""num_orders"":1}]"
btc_usd_d10_20260708T194326Z,33,2026-07-08T20:16:26.071130Z,2026-07-08T20:16:26.071217Z,BTC-USD,10,ok,,132305931123,2026-07-08T20:16:24.180024042Z,0.32656983,1.98663411,-0.717647178139,62168.160000000003,62168.169999999998,62168.165000000001,0.009999999995,0.001608540319,"[{""price"":62168.16,""size"":3.824e-05,""num_orders"":1},{""price"":62168.15,""size"":3.2e-07,""num_orders"":2},{""price"":62168.14,""size"":1.6e-07,""num_orders"":1},{""price"":62165.05,""size"":0.01611674,""num_orders"":3},{""price"":62164.0,""size"":0.0257,""num_orders"":1},{""price"":62163.7,""size"":1.777e-05,""num_orders"":1},{""price"":62162.0,""size"":0.0257,""num_orders"":1},{""price"":62161.37,""size"":0.12869728,""num_orders"":1},{""price"":62160.22,""size"":0.00159963,""num_orders"":1},{""price"":62160.21,""size"":0.12869969,""num_orders"":1}]","[{""price"":62168.17,""size"":1.08152243,""num_orders"":8},{""price"":62168.18,""size"":2.1e-07,""num_orders"":1},{""price"":62168.21,""size"":0.09662923,""num_orders"":1},{""price"":62168.22,""size"":0.04876859,""num_orders"":1},{""price"":62168.24,""size"":0.34753862,""num_orders"":1},{""price"":62168.25,""size"":0.12868304,""num_orders"":1},{""price"":62168.27,""size"":0.05628735,""num_orders"":1},{""price"":62168.28,""size"":0.20110654,""num_orders"":2},{""price"":62168.39,""size"":9.7e-05,""num_orders"":1},{""price"":62169.53,""size"":0.0260011,""num_orders"":1}]"
btc_usd_d10_20260708T194326Z,34,2026-07-08T20:17:26.071130Z,2026-07-08T20:17:26.071253Z,BTC-USD,10,ok,,132305970828,2026-07-08T20:17:24.155547778Z,0.30735273,0.90554113,-0.493191053008,62124.769999999997,62124.779999999999,62124.774999999994,0.010000000002,0.001609663778,"[{""price"":62124.77,""size"":0.00804832,""num_orders"":1},{""price"":62123.59,""size"":0.00603636,""num_orders"":2},{""price"":62123.0,""size"":1.8e-05,""num_orders"":1},{""price"":62122.0,""size"":0.0257,""num_orders"":1},{""price"":62120.75,""size"":0.00164,""num_orders"":1},{""price"":62120.02,""size"":0.00319954,""num_orders"":1},{""price"":62120.01,""size"":0.098208,""num_orders"":1},{""price"":62120.0,""size"":0.0357,""num_orders"":2},{""price"":62119.3,""size"":1.8e-05,""num_orders"":1},{""price"":62119.27,""size"":0.12878451,""num_orders"":1}]","[{""price"":62124.78,""size"":0.37548019,""num_orders"":5},{""price"":62126.0,""size"":0.0257,""num_orders"":1},{""price"":62126.47,""size"":0.22070491,""num_orders"":1},{""price"":62126.48,""size"":0.12876958,""num_orders"":1},{""price"":62126.71,""size"":0.00804806,""num_orders"":1},{""price"":62127.68,""size"":0.05020862,""num_orders"":1},{""price"":62127.88,""size"":0.09662923,""num_orders"":1},{""price"":62127.89,""size"":1.7e-07,""num_orders"":1},{""price"":62127.9,""size"":1.8e-07,""num_orders"":1},{""price"":62127.91,""size"":1.9e-07,""num_orders"":1}]"
btc_usd_d10_20260708T194326Z,35,2026-07-08T20:18:26.071130Z,2026-07-08T20:18:26.071383Z,BTC-USD,10,ok,,132306005881,2026-07-08T20:18:24.547830310Z,0.19756879,0.999417,-0.66988949802,62111.889999999999,62111.900000000001,62111.895000000004,0.010000000002,0.00160999757,"[{""price"":62111.89,""size"":0.11010832,""num_orders"":8},{""price"":62111.88,""size"":1.7e-07,""num_orders"":1},{""price"":62111.87,""size"":1.8e-07,""num_orders"":1},{""price"":62110.33,""size"":0.00804998,""num_orders"":1},{""price"":62109.33,""size"":0.001609,""num_orders"":1},{""price"":62108.79,""size"":0.00319954,""num_orders"":1},{""price"":62108.78,""size"":0.02213858,""num_orders"":4},{""price"":62108.25,""size"":0.00676302,""num_orders"":1},{""price"":62108.02,""size"":0.02,""num_orders"":1},{""price"":62108.0,""size"":0.0257,""num_orders"":1}]","[{""price"":62111.9,""size"":0.05634885,""num_orders"":2},{""price"":62112.3,""size"":0.37117646,""num_orders"":1},{""price"":62112.48,""size"":0.1287986,""num_orders"":1},{""price"":62113.46,""size"":0.00804998,""num_orders"":1},{""price"":62113.87,""size"":0.09662923,""num_orders"":1},{""price"":62113.88,""size"":0.0664197,""num_orders"":1},{""price"":62114.0,""size"":0.0257,""num_orders"":1},{""price"":62114.36,""size"":0.1287947,""num_orders"":1},{""price"":62114.49,""size"":0.04876859,""num_orders"":1},{""price"":62114.5,""size"":0.06873089,""num_orders"":1}]"
btc_usd_d10_20260708T194326Z,36,2026-07-08T20:19:26.071130Z,2026-07-08T20:19:26.071247Z,BTC-USD,10,ok,,132306037722,2026-07-08T20:19:23.169199859Z,0.09364924,0.73291165,-0.773400263349,62130.720000000001,62130.730000000003,62130.725000000006,0.010000000002,0.001609509627,"[{""price"":62130.72,""size"":0.0003304,""num_orders"":2},{""price"":62128.0,""size"":0.0232,""num_orders"":1},{""price"":62127.17,""size"":1.7e-07,""num_orders"":1},{""price"":62127.15,""size"":1.9e-07,""num_orders"":1},{""price"":62126.0,""size"":0.0232,""num_orders"":1},{""price"":62125.99,""size"":0.001586,""num_orders"":1},{""price"":62125.94,""size"":0.01006021,""num_orders"":2},{""price"":62125.89,""size"":0.00402409,""num_orders"":1},{""price"":62125.85,""size"":0.00804818,""num_orders"":1},{""price"":62124.0,""size"":0.0232,""num_orders"":1}]","[{""price"":62130.73,""size"":0.30171581,""num_orders"":6},{""price"":62131.17,""size"":0.04876859,""num_orders"":1},{""price"":62131.83,""size"":0.09662923,""num_orders"":1},{""price"":62132.23,""size"":0.12875766,""num_orders"":1},{""price"":62132.29,""size"":0.00804754,""num_orders"":1},{""price"":62133.22,""size"":0.05035155,""num_orders"":3},{""price"":62133.23,""size"":1.2e-07,""num_orders"":1},{""price"":62133.24,""size"":1.3e-07,""num_orders"":1},{""price"":62133.84,""size"":0.00201179,""num_orders"":1},{""price"":62133.97,""size"":0.09662923,""num_orders"":1}]"
btc_usd_d10_20260708T194326Z,37,2026-07-08T20:20:26.071130Z,2026-07-08T20:20:26.071264Z,BTC-USD,10,ok,,132306077955,2026-07-08T20:20:24.046204417Z,0.08279632,1.07722224,-0.857250008138,62129.169999999998,62129.18,62129.175000000003,0.010000000002,0.001609549781,"[{""price"":62129.17,""size"":2e-07,""num_orders"":2},{""price"":62129.16,""size"":1.7e-07,""num_orders"":1},{""price"":62129.15,""size"":1.8e-07,""num_orders"":1},{""price"":62126.0,""size"":0.0189826,""num_orders"":2},{""price"":62124.85,""size"":0.00015905,""num_orders"":1},{""price"":62124.61,""size"":0.001549,""num_orders"":1},{""price"":62124.19,""size"":0.03820081,""num_orders"":1},{""price"":62124.0,""size"":0.0199,""num_orders"":1},{""price"":62122.6,""size"":0.00080477,""num_orders"":1},{""price"":62122.03,""size"":0.00319954,""num_orders"":1}]","[{""price"":62129.18,""size"":0.74248648,""num_orders"":6},{""price"":62129.2,""size"":0.15416302,""num_orders"":1},{""price"":62129.21,""size"":1.8e-07,""num_orders"":1},{""price"":62129.22,""size"":0.05966063,""num_orders"":1},{""price"":62129.28,""size"":0.00160968,""num_orders"":1},{""price"":62129.41,""size"":0.04876859,""num_orders"":1},{""price"":62130.06,""size"":0.06085824,""num_orders"":1},{""price"":62130.22,""size"":0.00160968,""num_orders"":1},{""price"":62130.4,""size"":1.8e-05,""num_orders"":1},{""price"":62130.74,""size"":0.00804774,""num_orders"":1}]"
btc_usd_d10_20260708T194326Z,38,2026-07-08T20:21:26.071130Z,2026-07-08T20:21:26.071266Z,BTC-USD,10,ok,,132306126247,2026-07-08T20:21:24.537901791Z,0.14441024,0.68612401,-0.65224735765,62162.010000000002,62162.019999999997,62162.014999999999,0.009999999995,0.00160869946,"[{""price"":62162.01,""size"":0.11977452,""num_orders"":3},{""price"":62162.0,""size"":1.6e-07,""num_orders"":1},{""price"":62161.99,""size"":1.9e-07,""num_orders"":1},{""price"":62161.83,""size"":0.00080434,""num_orders"":1},{""price"":62160.45,""size"":7.113e-05,""num_orders"":1},{""price"":62158.24,""size"":1.8e-07,""num_orders"":1},{""price"":62158.23,""size"":1.8e-07,""num_orders"":1},{""price"":62158.04,""size"":0.00319954,""num_orders"":1},{""price"":62158.03,""size"":0.00166,""num_orders"":1},{""price"":62158.0,""size"":0.0189,""num_orders"":1}]","[{""price"":62162.02,""size"":0.07542406,""num_orders"":3},{""price"":62162.55,""size"":0.12869486,""num_orders"":1},{""price"":62163.53,""size"":0.180186,""num_orders"":1},{""price"":62163.99,""size"":0.09662923,""num_orders"":1},{""price"":62164.0,""size"":0.0189,""num_orders"":1},{""price"":62164.23,""size"":0.05883894,""num_orders"":1},{""price"":62164.51,""size"":0.00027648,""num_orders"":4},{""price"":62165.13,""size"":0.0221185,""num_orders"":4},{""price"":62165.6,""size"":0.05628735,""num_orders"":1},{""price"":62165.61,""size"":0.04876859,""num_orders"":1}]"
btc_usd_d10_20260708T194326Z,39,2026-07-08T20:22:26.071130Z,2026-07-08T20:22:26.071247Z,BTC-USD,10,ok,,132306159844,2026-07-08T20:22:24.188851471Z,0.66526713,0.62624283,0.030216027138,62162.010000000002,62162.019999999997,62162.014999999999,0.009999999995,0.00160869946,"[{""price"":62162.01,""size"":0.12817419,""num_orders"":7},{""price"":62162.0,""size"":0.02080016,""num_orders"":2},{""price"":62161.99,""size"":1.7e-07,""num_orders"":1},{""price"":62160.42,""size"":0.00319954,""num_orders"":1},{""price"":62160.41,""size"":0.10311194,""num_orders"":1},{""price"":62160.0,""size"":0.020818,""num_orders"":2},{""price"":62159.81,""size"":0.02,""num_orders"":1},{""price"":62159.13,""size"":0.2525339,""num_orders"":2},{""price"":62159.12,""size"":0.09662923,""num_orders"":1},{""price"":62159.11,""size"":0.02,""num_orders"":1}]","[{""price"":62162.02,""size"":1.3e-07,""num_orders"":1},{""price"":62162.03,""size"":3.7e-07,""num_orders"":2},{""price"":62163.58,""size"":0.00804349,""num_orders"":1},{""price"":62164.95,""size"":0.13329553,""num_orders"":2},{""price"":62165.0,""size"":0.04826347,""num_orders"":1},{""price"":62165.58,""size"":0.001635,""num_orders"":1},{""price"":62165.68,""size"":0.01005437,""num_orders"":1},{""price"":62166.0,""size"":0.0208,""num_orders"":1},{""price"":62166.39,""size"":0.09662923,""num_orders"":1},{""price"":62166.4,""size"":0.30752124,""num_orders"":1}]"
btc_usd_d10_20260708T194326Z,40,2026-07-08T20:23:26.071130Z,2026-07-08T20:23:26.071227Z,BTC-USD,10,ok,,132306198041,2026-07-08T20:23:24.536189365Z,0.03968977,2.39821921,-0.96743949809,62199.209999999999,62199.220000000001,62199.214999999997,0.010000000002,0.001607737333,"[{""price"":62199.21,""size"":0.02845005,""num_orders"":5},{""price"":62199.2,""size"":1.9e-07,""num_orders"":1},{""price"":62199.19,""size"":1.9e-07,""num_orders"":1},{""price"":62198.59,""size"":2.7e-07,""num_orders"":1},{""price"":62198.55,""size"":1.9e-07,""num_orders"":1},{""price"":62197.56,""size"":0.00803869,""num_orders"":1},{""price"":62197.0,""size"":2.1e-07,""num_orders"":1},{""price"":62196.99,""size"":2.2e-07,""num_orders"":1},{""price"":62196.98,""size"":2.2e-07,""num_orders"":1},{""price"":62196.01,""size"":0.00319954,""num_orders"":1}]","[{""price"":62199.22,""size"":0.21129127,""num_orders"":4},{""price"":62199.23,""size"":1.7e-07,""num_orders"":1},{""price"":62199.24,""size"":1.8e-07,""num_orders"":1},{""price"":62199.59,""size"":0.12861821,""num_orders"":1},{""price"":62199.98,""size"":0.12570914,""num_orders"":2},{""price"":62199.99,""size"":0.76214976,""num_orders"":1},{""price"":62200.0,""size"":1.11416108,""num_orders"":3},{""price"":62200.66,""size"":0.04823274,""num_orders"":1},{""price"":62200.7,""size"":1.8e-05,""num_orders"":1},{""price"":62201.14,""size"":0.00803866,""num_orders"":1}]"
btc_usd_d10_20260708T194326Z,41,2026-07-08T20:24:26.071130Z,2026-07-08T20:24:26.071249Z,BTC-USD,10,ok,,132306225085,2026-07-08T20:24:23.660192556Z,0.16683828,1.15296979,-0.747177966566,62170.160000000003,62170.169999999998,62170.165000000001,0.009999999995,0.001608488572,"[{""price"":62170.16,""size"":0.01937457,""num_orders"":3},{""price"":62170.15,""size"":3.2e-07,""num_orders"":2},{""price"":62170.14,""size"":1.7e-07,""num_orders"":1},{""price"":62168.96,""size"":0.0558319,""num_orders"":1},{""price"":62168.6,""size"":0.00804244,""num_orders"":1},{""price"":62168.0,""size"":0.0257,""num_orders"":1},{""price"":62167.4,""size"":1.8e-05,""num_orders"":1},{""price"":62167.05,""size"":0.02211783,""num_orders"":4},{""price"":62166.5,""size"":0.01005305,""num_orders"":1},{""price"":62166.0,""size"":0.0257,""num_orders"":1}]","[{""price"":62170.17,""size"":0.41991351,""num_orders"":6},{""price"":62170.18,""size"":1.5e-07,""num_orders"":1},{""price"":62170.33,""size"":0.0015996,""num_orders"":1},{""price"":62170.34,""size"":0.20136944,""num_orders"":1},{""price"":62170.35,""size"":0.1286787,""num_orders"":1},{""price"":62171.73,""size"":0.00804244,""num_orders"":1},{""price"":62171.97,""size"":0.09662923,""num_orders"":1},{""price"":62172.0,""size"":0.0557,""num_orders"":2},{""price"":62172.02,""size"":0.03,""num_orders"":1},{""price"":62172.07,""size"":0.21103672,""num_orders"":2}]"
btc_usd_d10_20260708T194326Z,42,2026-07-08T20:25:26.071130Z,2026-07-08T20:25:26.071319Z,BTC-USD,10,ok,,132306256348,2026-07-08T20:25:23.154049423Z,0.14158703,0.53217968,-0.579714972858,62173.190000000002,62173.199999999997,62173.195,0.009999999995,0.001608410183,"[{""price"":62173.19,""size"":0.04713001,""num_orders"":4},{""price"":62173.15,""size"":0.001,""num_orders"":1},{""price"":62171.69,""size"":0.00011114,""num_orders"":1},{""price"":62171.34,""size"":0.00804202,""num_orders"":1},{""price"":62170.03,""size"":0.00319954,""num_orders"":1},{""price"":62170.02,""size"":0.04876859,""num_orders"":1},{""price"":62170.0,""size"":0.0209,""num_orders"":1},{""price"":62169.24,""size"":0.01005253,""num_orders"":1},{""price"":62168.89,""size"":0.0008042,""num_orders"":1},{""price"":62168.86,""size"":0.001579,""num_orders"":1}]","[{""price"":62173.2,""size"":0.02601905,""num_orders"":2},{""price"":62173.31,""size"":0.12867257,""num_orders"":1},{""price"":62173.43,""size"":0.04260581,""num_orders"":1},{""price"":62174.0,""size"":0.0209,""num_orders"":1},{""price"":62174.26,""size"":0.09662923,""num_orders"":1},{""price"":62174.52,""size"":0.16083761,""num_orders"":1},{""price"":62174.76,""size"":0.00804205,""num_orders"":1},{""price"":62174.8,""size"":1.8e-05,""num_orders"":1},{""price"":62175.63,""size"":0.04825432,""num_orders"":1},{""price"":62175.69,""size"":0.00020104,""num_orders"":2}]"
btc_usd_d10_20260708T194326Z,43,2026-07-08T20:26:26.071130Z,2026-07-08T20:26:26.071244Z,BTC-USD,10,ok,,132306282016,2026-07-08T20:26:24.595820119Z,0.13718409,0.50126108,-0.570255688519,62186.75,62186.760000000002,62186.755000000005,0.010000000002,0.001608059466,"[{""price"":62186.75,""size"":0.05438956,""num_orders"":4},{""price"":62186.74,""size"":1.3e-07,""num_orders"":1},{""price"":62186.73,""size"":1.4e-07,""num_orders"":1},{""price"":62186.0,""size"":0.0198,""num_orders"":1},{""price"":62185.05,""size"":0.00804031,""num_orders"":1},{""price"":62184.02,""size"":0.00319954,""num_orders"":1},{""price"":62184.0,""size"":0.02090389,""num_orders"":2},{""price"":62182.95,""size"":0.01005039,""num_orders"":1},{""price"":62182.18,""size"":1.3e-07,""num_orders"":1},{""price"":62182.0,""size"":0.0208,""num_orders"":1}]","[{""price"":62186.76,""size"":0.17152873,""num_orders"":3},{""price"":62188.1,""size"":0.04825133,""num_orders"":1},{""price"":62189.11,""size"":0.00017587,""num_orders"":3},{""price"":62189.17,""size"":0.09662923,""num_orders"":1},{""price"":62189.18,""size"":0.16079968,""num_orders"":1},{""price"":62189.25,""size"":0.0001005,""num_orders"":1},{""price"":62189.6,""size"":1.8e-05,""num_orders"":1},{""price"":62189.73,""size"":0.01406985,""num_orders"":3},{""price"":62189.79,""size"":0.001648,""num_orders"":1},{""price"":62189.87,""size"":0.00803989,""num_orders"":1}]"
btc_usd_d10_20260708T194326Z,44,2026-07-08T20:27:26.071130Z,2026-07-08T20:27:26.071252Z,BTC-USD,10,ok,,132306303945,2026-07-08T20:27:24.179194393Z,0.10270554,0.77536531,-0.766065483212,62192.010000000002,62192.019999999997,62192.014999999999,0.009999999995,0.00160792346,"[{""price"":62192.01,""size"":0.07440217,""num_orders"":5},{""price"":62192.0,""size"":8.7e-07,""num_orders"":1},{""price"":62191.99,""size"":9.7e-07,""num_orders"":1},{""price"":62191.98,""size"":1.02e-06,""num_orders"":1},{""price"":62191.97,""size"":1.08e-06,""num_orders"":1},{""price"":62191.96,""size"":1.09e-06,""num_orders"":1},{""price"":62191.87,""size"":0.00080396,""num_orders"":1},{""price"":62190.45,""size"":0.00803961,""num_orders"":1},{""price"":62190.0,""size"":0.0178,""num_orders"":1},{""price"":62188.5,""size"":0.00165477,""num_orders"":1}]","[{""price"":62192.02,""size"":9e-08,""num_orders"":1},{""price"":62192.1,""size"":0.17915317,""num_orders"":2},{""price"":62193.24,""size"":0.04824256,""num_orders"":1},{""price"":62193.58,""size"":0.00803961,""num_orders"":1},{""price"":62194.51,""size"":0.00015074,""num_orders"":2},{""price"":62194.69,""size"":0.2687347,""num_orders"":1},{""price"":62194.7,""size"":0.09662923,""num_orders"":1},{""price"":62194.71,""size"":0.16078539,""num_orders"":1},{""price"":62195.13,""size"":0.01205882,""num_orders"":2},{""price"":62195.18,""size"":0.001571,""num_orders"":1}]"
btc_usd_d10_20260708T194326Z,45,2026-07-08T20:28:26.071130Z,2026-07-08T20:28:26.071342Z,BTC-USD,10,ok,,132306330210,2026-07-08T20:28:24.681944105Z,0.14977906,0.78352468,-0.679034694536,62195.290000000001,62195.300000000003,62195.294999999998,0.010000000002,0.001607838664,"[{""price"":62195.29,""size"":0.03477505,""num_orders"":4},{""price"":62195.28,""size"":8.9e-07,""num_orders"":1},{""price"":62194.6,""size"":0.06498596,""num_orders"":1},{""price"":62193.3,""size"":1.8e-05,""num_orders"":1},{""price"":62192.4,""size"":0.00408716,""num_orders"":1},{""price"":62192.18,""size"":0.020099,""num_orders"":3},{""price"":62192.0,""size"":0.0161,""num_orders"":1},{""price"":62190.5,""size"":0.001538,""num_orders"":1},{""price"":62190.26,""size"":0.00817432,""num_orders"":1},{""price"":62190.08,""size"":6.8e-07,""num_orders"":1}]","[{""price"":62195.3,""size"":0.21285124,""num_orders"":5},{""price"":62196.85,""size"":0.00159977,""num_orders"":1},{""price"":62196.86,""size"":0.00803919,""num_orders"":1},{""price"":62196.97,""size"":0.21920534,""num_orders"":1},{""price"":62196.98,""size"":0.09662923,""num_orders"":1},{""price"":62196.99,""size"":0.04876859,""num_orders"":1},{""price"":62197.01,""size"":0.12862354,""num_orders"":1},{""price"":62197.83,""size"":0.05016978,""num_orders"":1},{""price"":62198.0,""size"":0.0161,""num_orders"":1},{""price"":62198.92,""size"":0.001538,""num_orders"":1}]"
btc_usd_d10_20260708T194326Z,46,2026-07-08T20:29:26.071130Z,2026-07-08T20:29:26.071315Z,BTC-USD,10,ok,,132306354755,2026-07-08T20:29:23.154023135Z,0.24901967,0.90464877,-0.568299415385,62202.010000000002,62202.019999999997,62202.014999999999,0.009999999995,0.00160766496,"[{""price"":62202.01,""size"":0.1173176,""num_orders"":5},{""price"":62202.0,""size"":7.5e-07,""num_orders"":1},{""price"":62201.99,""size"":8.3e-07,""num_orders"":1},{""price"":62201.98,""size"":8.7e-07,""num_orders"":1},{""price"":62201.97,""size"":9.2e-07,""num_orders"":1},{""price"":62201.96,""size"":9.6e-07,""num_orders"":1},{""price"":62200.0,""size"":0.0161,""num_orders"":1},{""price"":62198.0,""size"":0.01895051,""num_orders"":2},{""price"":62197.06,""size"":0.09662923,""num_orders"":1},{""price"":62197.0,""size"":1.8e-05,""num_orders"":1}]","[{""price"":62202.02,""size"":0.32514511,""num_orders"":4},{""price"":62202.05,""size"":4e-08,""num_orders"":1},{""price"":62202.35,""size"":0.1286125,""num_orders"":1},{""price"":62202.36,""size"":0.00319954,""num_orders"":1},{""price"":62202.37,""size"":0.24534052,""num_orders"":1},{""price"":62203.92,""size"":0.0080383,""num_orders"":1},{""price"":62204.0,""size"":0.0153,""num_orders"":1},{""price"":62205.2,""size"":0.001638,""num_orders"":1},{""price"":62205.41,""size"":0.12860617,""num_orders"":1},{""price"":62205.46,""size"":0.04876859,""num_orders"":1}]"
btc_usd_d10_20260708T194326Z,47,2026-07-08T20:30:26.071130Z,2026-07-08T20:30:26.071259Z,BTC-USD,10,ok,,132306388990,2026-07-08T20:30:25.024668221Z,0.03455063,0.83555119,-0.920582558947,62220.75,62220.760000000002,62220.755000000005,0.010000000002,0.001607180755,"[{""price"":62220.75,""size"":0.02277589,""num_orders"":4},{""price"":62220.74,""size"":1.12e-06,""num_orders"":1},{""price"":62220.73,""size"":1.2e-06,""num_orders"":1},{""price"":62220.72,""size"":0.00100128,""num_orders"":2},{""price"":62220.71,""size"":1.34e-06,""num_orders"":1},{""price"":62220.7,""size"":1.41e-06,""num_orders"":1},{""price"":62219.19,""size"":0.0080359,""num_orders"":1},{""price"":62218.26,""size"":0.00015879,""num_orders"":1},{""price"":62217.75,""size"":0.001649,""num_orders"":1},{""price"":62217.65,""size"":0.0009247,""num_orders"":2}]","[{""price"":62220.76,""size"":0.06632031,""num_orders"":3},{""price"":62220.97,""size"":0.38333109,""num_orders"":1},{""price"":62220.98,""size"":0.128574,""num_orders"":1},{""price"":62221.8,""size"":0.09662923,""num_orders"":1},{""price"":62221.83,""size"":0.04131255,""num_orders"":1},{""price"":62222.0,""size"":0.0145,""num_orders"":1},{""price"":62222.32,""size"":0.0080359,""num_orders"":1},{""price"":62222.9,""size"":1.8e-05,""num_orders"":1},{""price"":62223.25,""size"":0.00020088,""num_orders"":2},{""price"":62223.73,""size"":0.09662923,""num_orders"":1}]"
btc_usd_d10_20260708T194326Z,48,2026-07-08T20:31:26.071130Z,2026-07-08T20:31:26.071313Z,BTC-USD,10,ok,,132306423425,2026-07-08T20:31:24.040285374Z,0.04255663,0.75703086,-0.893553537212,62182.220000000001,62182.230000000003,62182.225000000006,0.010000000002,0.001608176613,"[{""price"":62182.22,""size"":8.8e-07,""num_orders"":1},{""price"":62182.21,""size"":1.03e-06,""num_orders"":1},{""price"":62182.2,""size"":0.00011358,""num_orders"":5},{""price"":62180.66,""size"":0.00804088,""num_orders"":1},{""price"":62180.0,""size"":0.0151,""num_orders"":1},{""price"":62179.11,""size"":0.00603096,""num_orders"":2},{""price"":62178.95,""size"":6.6e-07,""num_orders"":1},{""price"":62178.56,""size"":0.0100511,""num_orders"":1},{""price"":62178.5,""size"":1.8e-05,""num_orders"":1},{""price"":62178.04,""size"":0.00319954,""num_orders"":1}]","[{""price"":62182.23,""size"":0.38758721,""num_orders"":5},{""price"":62182.75,""size"":0.04876859,""num_orders"":1},{""price"":62183.09,""size"":0.04824814,""num_orders"":1},{""price"":62183.28,""size"":0.00137628,""num_orders"":1},{""price"":62183.36,""size"":0.1075922,""num_orders"":1},{""price"":62183.52,""size"":0.12865146,""num_orders"":1},{""price"":62183.79,""size"":0.00804088,""num_orders"":1},{""price"":62183.85,""size"":0.001615,""num_orders"":1},{""price"":62184.0,""size"":0.0151,""num_orders"":1},{""price"":62185.89,""size"":0.0100511,""num_orders"":1}]"
btc_usd_d10_20260708T194326Z,49,2026-07-08T20:32:26.071130Z,2026-07-08T20:32:26.071218Z,BTC-USD,10,ok,,132306449376,2026-07-08T20:32:25.129153173Z,0.09696521,1.0895233,-0.836550949828,62186.43,62186.440000000002,62186.434999999998,0.010000000002,0.001608067741,"[{""price"":62186.43,""size"":0.05376195,""num_orders"":5},{""price"":62186.42,""size"":7.4e-07,""num_orders"":1},{""price"":62186.41,""size"":7.9e-07,""num_orders"":1},{""price"":62186.4,""size"":9e-07,""num_orders"":1},{""price"":62186.39,""size"":9.5e-07,""num_orders"":1},{""price"":62186.38,""size"":9.2e-07,""num_orders"":1},{""price"":62184.87,""size"":0.00804033,""num_orders"":1},{""price"":62184.0,""size"":0.0235,""num_orders"":1},{""price"":62183.33,""size"":0.00160821,""num_orders"":1},{""price"":62182.77,""size"":0.01005042,""num_orders"":1}]","[{""price"":62186.44,""size"":0.1599006,""num_orders"":2},{""price"":62186.47,""size"":4e-08,""num_orders"":1},{""price"":62186.76,""size"":0.0482456,""num_orders"":1},{""price"":62187.72,""size"":0.032,""num_orders"":1},{""price"":62188.0,""size"":0.0235,""num_orders"":1},{""price"":62188.53,""size"":0.78097207,""num_orders"":2},{""price"":62188.83,""size"":0.001589,""num_orders"":1},{""price"":62188.93,""size"":0.00022613,""num_orders"":3},{""price"":62189.26,""size"":0.025,""num_orders"":1},{""price"":62189.55,""size"":0.01808986,""num_orders"":3}]"
btc_usd_d10_20260708T194326Z,50,2026-07-08T20:33:26.071130Z,2026-07-08T20:33:26.071254Z,BTC-USD,10,ok,,132306480221,2026-07-08T20:33:25.689220529Z,0.06763309,3.12766632,-0.957667134549,62208.099999999999,62208.110000000001,62208.104999999996,0.010000000002,0.001607507575,"[{""price"":62208.1,""size"":1.8e-05,""num_orders"":1},{""price"":62204.4,""size"":1.8e-05,""num_orders"":1},{""price"":62204.24,""size"":0.001596,""num_orders"":1},{""price"":62201.42,""size"":0.004261,""num_orders"":1},{""price"":62200.7,""size"":1.8e-05,""num_orders"":1},{""price"":62200.28,""size"":0.0001762,""num_orders"":1},{""price"":62200.01,""size"":0.04876859,""num_orders"":1},{""price"":62200.0,""size"":0.01,""num_orders"":1},{""price"":62199.93,""size"":6.3e-07,""num_orders"":1},{""price"":62199.32,""size"":0.00277667,""num_orders"":1}]","[{""price"":62208.11,""size"":0.90076778,""num_orders"":9},{""price"":62208.14,""size"":0.12860053,""num_orders"":1},{""price"":62209.52,""size"":0.04876859,""num_orders"":1},{""price"":62209.54,""size"":0.73632169,""num_orders"":1},{""price"":62210.0,""size"":0.0245,""num_orders"":1},{""price"":62210.99,""size"":0.09662923,""num_orders"":1},{""price"":62211.0,""size"":1.0,""num_orders"":1},{""price"":62211.77,""size"":0.1607413,""num_orders"":1},{""price"":62211.8,""size"":0.0080372,""num_orders"":1},{""price"":62212.0,""size"":0.0233,""num_orders"":1}]"
btc_usd_d10_20260708T194326Z,51,2026-07-08T20:34:26.071130Z,2026-07-08T20:34:26.071218Z,BTC-USD,10,ok,,132306525166,2026-07-08T20:34:24.843227869Z,0.09832005,0.80377994,-0.782019618468,62175.419999999998,62175.43,62175.425000000003,0.010000000002,0.001608352497,"[{""price"":62175.42,""size"":0.03720657,""num_orders"":5},{""price"":62175.41,""size"":6.4e-07,""num_orders"":1},{""price"":62175.4,""size"":6.8e-07,""num_orders"":1},{""price"":62175.39,""size"":7.1e-07,""num_orders"":1},{""price"":62175.38,""size"":7.5e-07,""num_orders"":1},{""price"":62175.37,""size"":7.8e-07,""num_orders"":1},{""price"":62173.86,""size"":0.00804176,""num_orders"":1},{""price"":62172.31,""size"":0.02211596,""num_orders"":4},{""price"":62172.0,""size"":0.0209,""num_orders"":1},{""price"":62171.76,""size"":0.0100522,""num_orders"":1}]","[{""price"":62175.43,""size"":0.11561155,""num_orders"":5},{""price"":62175.46,""size"":4e-08,""num_orders"":1},{""price"":62175.66,""size"":0.24703006,""num_orders"":1},{""price"":62175.67,""size"":0.09662923,""num_orders"":1},{""price"":62175.71,""size"":0.12866761,""num_orders"":1},{""price"":62175.98,""size"":0.04876859,""num_orders"":1},{""price"":62176.0,""size"":0.0209,""num_orders"":1},{""price"":62177.17,""size"":0.0482526,""num_orders"":1},{""price"":62177.23,""size"":0.00129103,""num_orders"":1},{""price"":62177.66,""size"":0.09662923,""num_orders"":1}]"
btc_usd_d10_20260708T194326Z,52,2026-07-08T20:35:26.071130Z,2026-07-08T20:35:26.071217Z,BTC-USD,10,ok,,132306560961,2026-07-08T20:35:24.345300283Z,0.01582952,0.62113315,-0.950296867476,62160.989999999998,62161,62160.994999999995,0.010000000002,0.001608725858,"[{""price"":62160.99,""size"":5.026e-05,""num_orders"":11},{""price"":62160.98,""size"":5.8e-07,""num_orders"":1},{""price"":62160.97,""size"":6.1e-07,""num_orders"":1},{""price"":62160.96,""size"":6.4e-07,""num_orders"":1},{""price"":62160.95,""size"":6.7e-07,""num_orders"":1},{""price"":62160.93,""size"":7e-07,""num_orders"":1},{""price"":62160.0,""size"":1.8e-05,""num_orders"":1},{""price"":62157.88,""size"":0.01407706,""num_orders"":3},{""price"":62156.41,""size"":0.001663,""num_orders"":1},{""price"":62156.3,""size"":1.8e-05,""num_orders"":1}]","[{""price"":62161.0,""size"":0.09537499,""num_orders"":5},{""price"":62161.03,""size"":7e-08,""num_orders"":1},{""price"":62161.94,""size"":0.00160832,""num_orders"":1},{""price"":62161.98,""size"":0.09662923,""num_orders"":1},{""price"":62161.99,""size"":0.10075269,""num_orders"":2},{""price"":62162.0,""size"":0.0179,""num_orders"":1},{""price"":62162.4,""size"":0.12869516,""num_orders"":1},{""price"":62162.56,""size"":0.00804362,""num_orders"":1},{""price"":62162.77,""size"":0.12386509,""num_orders"":2},{""price"":62162.9,""size"":0.04826398,""num_orders"":1}]"
btc_usd_d10_20260708T194326Z,53,2026-07-08T20:36:26.071130Z,2026-07-08T20:36:26.071233Z,BTC-USD,10,ok,,132306601229,2026-07-08T20:36:25.544542901Z,0.44537407,2.07006526,-0.64588764699,62111.900000000001,62111.910000000003,62111.904999999999,0.010000000002,0.001609997311,"[{""price"":62111.9,""size"":1.79e-05,""num_orders"":1},{""price"":62110.0,""size"":0.0206,""num_orders"":1},{""price"":62109.15,""size"":2.413e-05,""num_orders"":1},{""price"":62108.66,""size"":0.1288065,""num_orders"":1},{""price"":62108.2,""size"":1.8e-05,""num_orders"":1},{""price"":62108.0,""size"":0.0217,""num_orders"":1},{""price"":62107.4,""size"":0.09662923,""num_orders"":1},{""price"":62107.39,""size"":0.12880913,""num_orders"":1},{""price"":62106.73,""size"":0.04876859,""num_orders"":1},{""price"":62106.04,""size"":5.9e-07,""num_orders"":1}]","[{""price"":62111.91,""size"":0.08457862,""num_orders"":5},{""price"":62112.49,""size"":0.00159996,""num_orders"":1},{""price"":62112.8,""size"":0.04829224,""num_orders"":1},{""price"":62113.47,""size"":0.00804998,""num_orders"":1},{""price"":62114.0,""size"":0.0217,""num_orders"":1},{""price"":62114.76,""size"":0.04876859,""num_orders"":1},{""price"":62115.79,""size"":0.12879174,""num_orders"":1},{""price"":62115.98,""size"":0.09662923,""num_orders"":1},{""price"":62115.99,""size"":0.6099549,""num_orders"":1},{""price"":62116.0,""size"":1.0217,""num_orders"":2}]"
btc_usd_d10_20260708T194326Z,54,2026-07-08T20:37:26.071130Z,2026-07-08T20:37:26.071239Z,BTC-USD,10,ok,,132306637949,2026-07-08T20:37:24.031117803Z,0.88235839,0.45912148,0.315500008211,62112.860000000001,62112.870000000003,62112.865000000005,0.010000000002,0.001609972427,"[{""price"":62112.86,""size"":0.1908175,""num_orders"":7},{""price"":62111.9,""size"":1.8e-05,""num_orders"":1},{""price"":62111.71,""size"":0.00319954,""num_orders"":1},{""price"":62111.7,""size"":0.1288002,""num_orders"":1},{""price"":62111.38,""size"":0.04829789,""num_orders"":1},{""price"":62109.55,""size"":0.23340643,""num_orders"":2},{""price"":62109.53,""size"":0.04876859,""num_orders"":1},{""price"":62109.15,""size"":0.00804104,""num_orders"":1},{""price"":62109.14,""size"":0.06,""num_orders"":2},{""price"":62108.25,""size"":0.1610092,""num_orders"":1}]","[{""price"":62112.87,""size"":9.3e-07,""num_orders"":1},{""price"":62113.98,""size"":0.04876859,""num_orders"":1},{""price"":62114.43,""size"":0.00804986,""num_orders"":1},{""price"":62114.49,""size"":0.001564,""num_orders"":1},{""price"":62116.0,""size"":0.0151,""num_orders"":1},{""price"":62116.52,""size"":0.01006232,""num_orders"":1},{""price"":62117.42,""size"":0.1350601,""num_orders"":2},{""price"":62117.43,""size"":0.09662923,""num_orders"":1},{""price"":62118.0,""size"":0.0151,""num_orders"":1},{""price"":62118.34,""size"":0.12878645,""num_orders"":1}]"
btc_usd_d10_20260708T194326Z,55,2026-07-08T20:38:26.071130Z,2026-07-08T20:38:26.071256Z,BTC-USD,10,ok,,132306691016,2026-07-08T20:38:24.329647894Z,0.02404432,0.33179166,-0.864857286214,62090.629999999997,62090.639999999999,62090.634999999995,0.010000000002,0.001610548838,"[{""price"":62090.63,""size"":0.00022627,""num_orders"":2},{""price"":62090.62,""size"":8.2e-07,""num_orders"":1},{""price"":62090.61,""size"":8.6e-07,""num_orders"":1},{""price"":62090.6,""size"":9e-07,""num_orders"":1},{""price"":62090.59,""size"":9.5e-07,""num_orders"":1},{""price"":62090.57,""size"":1.01e-06,""num_orders"":1},{""price"":62089.2,""size"":2.845e-05,""num_orders"":1},{""price"":62089.06,""size"":3.913e-05,""num_orders"":1},{""price"":62087.53,""size"":0.02214616,""num_orders"":4},{""price"":62084.8,""size"":0.00159977,""num_orders"":1}]","[{""price"":62090.64,""size"":0.02826087,""num_orders"":3},{""price"":62090.67,""size"":4e-08,""num_orders"":1},{""price"":62090.8,""size"":0.00159977,""num_orders"":1},{""price"":62090.81,""size"":0.09662923,""num_orders"":1},{""price"":62090.83,""size"":0.04832726,""num_orders"":1},{""price"":62091.22,""size"":0.1288427,""num_orders"":1},{""price"":62091.39,""size"":0.00485,""num_orders"":1},{""price"":62092.0,""size"":0.0136,""num_orders"":1},{""price"":62092.18,""size"":0.00805279,""num_orders"":1},{""price"":62092.51,""size"":0.001629,""num_orders"":1}]"
btc_usd_d10_20260708T194326Z,56,2026-07-08T20:39:26.071130Z,2026-07-08T20:39:26.071265Z,BTC-USD,10,ok,,132306736004,2026-07-08T20:39:24.547147660Z,0.23922183,0.60276943,-0.431771227649,62066.690000000002,62066.699999999997,62066.695,0.009999999995,0.001611170048,"[{""price"":62066.69,""size"":0.09363428,""num_orders"":5},{""price"":62066.68,""size"":9.4e-07,""num_orders"":1},{""price"":62066.67,""size"":8e-07,""num_orders"":1},{""price"":62066.66,""size"":8.3e-07,""num_orders"":1},{""price"":62066.65,""size"":8.8e-07,""num_orders"":1},{""price"":62066.64,""size"":1.21e-06,""num_orders"":1},{""price"":62065.13,""size"":0.00805585,""num_orders"":1},{""price"":62064.9,""size"":0.017,""num_orders"":1},{""price"":62063.97,""size"":0.10352704,""num_orders"":2},{""price"":62063.96,""size"":0.017,""num_orders"":1}]","[{""price"":62066.7,""size"":8.1e-07,""num_orders"":1},{""price"":62067.27,""size"":0.06527234,""num_orders"":1},{""price"":62068.0,""size"":0.0119,""num_orders"":1},{""price"":62068.26,""size"":0.12889036,""num_orders"":1},{""price"":62068.35,""size"":0.04833667,""num_orders"":1},{""price"":62069.28,""size"":0.09662923,""num_orders"":1},{""price"":62069.39,""size"":0.04876859,""num_orders"":1},{""price"":62069.94,""size"":0.18714143,""num_orders"":2},{""price"":62070.0,""size"":0.0142,""num_orders"":1},{""price"":62070.49,""size"":0.00163,""num_orders"":1}]"
btc_usd_d10_20260708T194326Z,57,2026-07-08T20:40:26.071130Z,2026-07-08T20:40:26.071248Z,BTC-USD,10,ok,,132306777113,2026-07-08T20:40:24.629725869Z,0.60260651,0.26442365,0.390047400427,62118.07,62118.080000000002,62118.074999999997,0.010000000002,0.001609837395,"[{""price"":62118.07,""size"":0.05053194,""num_orders"":4},{""price"":62117.22,""size"":5.892e-05,""num_orders"":1},{""price"":62116.91,""size"":0.00187576,""num_orders"":1},{""price"":62116.9,""size"":0.08360278,""num_orders"":1},{""price"":62116.89,""size"":0.12878944,""num_orders"":1},{""price"":62116.51,""size"":0.00804918,""num_orders"":1},{""price"":62115.63,""size"":0.15260869,""num_orders"":1},{""price"":62115.45,""size"":0.04829623,""num_orders"":1},{""price"":62115.22,""size"":0.1287929,""num_orders"":1},{""price"":62114.77,""size"":6.7e-07,""num_orders"":1}]","[{""price"":62118.08,""size"":6.8e-07,""num_orders"":1},{""price"":62118.71,""size"":0.02213505,""num_orders"":4},{""price"":62119.22,""size"":0.04650869,""num_orders"":1},{""price"":62119.3,""size"":1.8e-05,""num_orders"":1},{""price"":62120.7,""size"":0.001545,""num_orders"":1},{""price"":62121.62,""size"":0.12877964,""num_orders"":1},{""price"":62122.0,""size"":0.0118,""num_orders"":1},{""price"":62123.0,""size"":1.8e-05,""num_orders"":1},{""price"":62123.4,""size"":0.04876859,""num_orders"":1},{""price"":62123.54,""size"":0.00485,""num_orders"":1}]"
btc_usd_d10_20260708T194326Z,58,2026-07-08T20:41:26.071130Z,2026-07-08T20:41:26.071253Z,BTC-USD,10,ok,,132306815365,2026-07-08T20:41:24.540447097Z,0.11381941,0.25888441,-0.389223271175,62152.480000000003,62152.489999999998,62152.485000000001,0.009999999995,0.001608946126,"[{""price"":62152.48,""size"":0.07187047,""num_orders"":5},{""price"":62152.47,""size"":1.6e-06,""num_orders"":3},{""price"":62152.46,""size"":7.1e-07,""num_orders"":1},{""price"":62152.45,""size"":7.4e-07,""num_orders"":1},{""price"":62152.44,""size"":7.9e-07,""num_orders"":1},{""price"":62152.43,""size"":8.3e-07,""num_orders"":1},{""price"":62152.0,""size"":0.0107,""num_orders"":1},{""price"":62150.92,""size"":0.00804473,""num_orders"":1},{""price"":62150.07,""size"":0.02,""num_orders"":1},{""price"":62150.06,""size"":0.00319954,""num_orders"":1}]","[{""price"":62152.49,""size"":6.3e-07,""num_orders"":1},{""price"":62152.53,""size"":5e-08,""num_orders"":1},{""price"":62152.6,""size"":1.8e-05,""num_orders"":1},{""price"":62154.98,""size"":0.00027654,""num_orders"":4},{""price"":62154.99,""size"":0.12871051,""num_orders"":1},{""price"":62155.6,""size"":0.0221219,""num_orders"":4},{""price"":62156.0,""size"":0.0107,""num_orders"":1},{""price"":62156.21,""size"":0.04827019,""num_orders"":1},{""price"":62156.3,""size"":1.8e-05,""num_orders"":1},{""price"":62157.36,""size"":0.04876859,""num_orders"":1}]"
btc_usd_d10_20260708T194326Z,59,2026-07-08T20:42:26.071130Z,2026-07-08T20:42:26.071247Z,BTC-USD,10,ok,,132306858353,2026-07-08T20:42:25.011168807Z,0.19213011,0.39380049,-0.34418816836,62154.010000000002,62154.019999999997,62154.014999999999,0.009999999995,0.00160890652,"[{""price"":62154.01,""size"":0.0465928,""num_orders"":4},{""price"":62154.0,""size"":0.0136006,""num_orders"":2},{""price"":62153.99,""size"":6.6e-07,""num_orders"":1},{""price"":62152.6,""size"":1.74e-05,""num_orders"":1},{""price"":62152.58,""size"":6.4e-07,""num_orders"":1},{""price"":62152.57,""size"":6.7e-07,""num_orders"":1},{""price"":62152.56,""size"":7.1e-07,""num_orders"":1},{""price"":62152.55,""size"":7.4e-07,""num_orders"":1},{""price"":62152.17,""size"":0.00319954,""num_orders"":1},{""price"":62152.16,""size"":0.12871635,""num_orders"":1}]","[{""price"":62154.02,""size"":0.02644,""num_orders"":1},{""price"":62155.99,""size"":0.09662923,""num_orders"":1},{""price"":62156.0,""size"":0.0136,""num_orders"":1},{""price"":62156.29,""size"":0.04826959,""num_orders"":1},{""price"":62156.4,""size"":0.04876859,""num_orders"":1},{""price"":62156.43,""size"":0.00149699,""num_orders"":1},{""price"":62156.51,""size"":0.0002011,""num_orders"":2},{""price"":62156.82,""size"":0.12870673,""num_orders"":1},{""price"":62157.13,""size"":0.01608826,""num_orders"":2},{""price"":62158.0,""size"":0.0136,""num_orders"":1}]"
btc_usd_d10_20260708T211500Z,0,2026-07-08T21:15:00.598830Z,2026-07-08T21:15:00.598873Z,BTC-USD,10,ok,,132307902418,2026-07-08T21:14:58.653193100Z,0.48489802,0.38497271,0.114873746815,61949.099999999999,61949.110000000001,61949.104999999996,0.010000000002,0.001614228325,"[{""price"":61949.1,""size"":0.14207322,""num_orders"":4},{""price"":61949.09,""size"":1.3e-07,""num_orders"":1},{""price"":61947.22,""size"":0.00319954,""num_orders"":1},{""price"":61947.21,""size"":0.08927509,""num_orders"":1},{""price"":61946.0,""size"":0.15134149,""num_orders"":5},{""price"":61945.63,""size"":7.97e-05,""num_orders"":1},{""price"":61945.4,""size"":1.8e-05,""num_orders"":1},{""price"":61945.15,""size"":0.04842754,""num_orders"":1},{""price"":61944.31,""size"":0.000118,""num_orders"":1},{""price"":61943.08,""size"":0.05036531,""num_orders"":1}]","[{""price"":61949.11,""size"":0.26000723,""num_orders"":3},{""price"":61950.66,""size"":0.00807114,""num_orders"":1},{""price"":61951.0,""size"":0.001547,""num_orders"":1},{""price"":61951.27,""size"":0.00807085,""num_orders"":1},{""price"":61952.12,""size"":0.09691015,""num_orders"":1},{""price"":61952.69,""size"":5.044e-05,""num_orders"":1},{""price"":61952.75,""size"":0.01008892,""num_orders"":1},{""price"":61952.8,""size"":2.522e-05,""num_orders"":1},{""price"":61952.83,""size"":0.00010088,""num_orders"":1},{""price"":61952.87,""size"":0.00010088,""num_orders"":1}]"
btc_usd_d10_20260708T211500Z,1,2026-07-08T21:16:00.598830Z,2026-07-08T21:16:00.598944Z,BTC-USD,10,ok,,132307931209,2026-07-08T21:15:58.172080949Z,0.69178708,1.60236597,-0.396912878153,61951.290000000001,61951.300000000003,61951.294999999998,0.010000000002,0.001614171262,"[{""price"":61951.29,""size"":0.16730648,""num_orders"":8},{""price"":61951.28,""size"":0.19537243,""num_orders"":2},{""price"":61951.27,""size"":0.12913388,""num_orders"":2},{""price"":61951.26,""size"":0.00101441,""num_orders"":2},{""price"":61950.71,""size"":0.04842359,""num_orders"":1},{""price"":61949.71,""size"":0.00807086,""num_orders"":1},{""price"":61948.1,""size"":0.001594,""num_orders"":1},{""price"":61947.86,""size"":0.12914086,""num_orders"":1},{""price"":61947.62,""size"":0.01008857,""num_orders"":1},{""price"":61946.71,""size"":0.001642,""num_orders"":1}]","[{""price"":61951.3,""size"":0.22355469,""num_orders"":4},{""price"":61951.31,""size"":5e-08,""num_orders"":1},{""price"":61951.32,""size"":6e-08,""num_orders"":1},{""price"":61951.58,""size"":0.04876859,""num_orders"":1},{""price"":61951.59,""size"":1.21074375,""num_orders"":1},{""price"":61952.8,""size"":1.8e-05,""num_orders"":1},{""price"":61952.85,""size"":0.00807085,""num_orders"":1},{""price"":61953.78,""size"":0.00017654,""num_orders"":3},{""price"":61954.4,""size"":0.01412329,""num_orders"":3},{""price"":61954.77,""size"":0.09691015,""num_orders"":1}]"
btc_usd_d10_20260708T211500Z,2,2026-07-08T21:17:00.598830Z,2026-07-08T21:17:00.598961Z,BTC-USD,10,ok,,132307967451,2026-07-08T21:17:00.175449379Z,0.52187041,0.35680341,0.187859244515,61965.629999999997,61965.639999999999,61965.634999999995,0.010000000002,0.001613797713,"[{""price"":61965.63,""size"":0.01281002,""num_orders"":4},{""price"":61965.62,""size"":1e-07,""num_orders"":1},{""price"":61965.61,""size"":1e-07,""num_orders"":1},{""price"":61964.08,""size"":0.00806898,""num_orders"":1},{""price"":61963.4,""size"":0.07707776,""num_orders"":1},{""price"":61963.39,""size"":0.12910848,""num_orders"":1},{""price"":61961.99,""size"":0.01008623,""num_orders"":1},{""price"":61961.55,""size"":0.04841763,""num_orders"":1},{""price"":61960.88,""size"":0.10718737,""num_orders"":1},{""price"":61960.87,""size"":0.12911374,""num_orders"":1}]","[{""price"":61965.64,""size"":0.12831716,""num_orders"":2},{""price"":61965.65,""size"":7e-08,""num_orders"":1},{""price"":61965.66,""size"":5e-08,""num_orders"":1},{""price"":61965.98,""size"":0.00319954,""num_orders"":1},{""price"":61966.3,""size"":0.09691015,""num_orders"":1},{""price"":61966.64,""size"":0.02572057,""num_orders"":1},{""price"":61968.12,""size"":5.043e-05,""num_orders"":1},{""price"":61968.51,""size"":0.09691015,""num_orders"":1},{""price"":61968.74,""size"":0.00403429,""num_orders"":1},{""price"":61968.82,""size"":0.001661,""num_orders"":1}]"
btc_usd_d10_20260708T211500Z,3,2026-07-08T21:18:00.598830Z,2026-07-08T21:18:00.598964Z,BTC-USD,10,ok,,132308001158,2026-07-08T21:17:59.675779200Z,1.38575923,0.29862488,0.64541949995,61987.529999999999,61987.540000000001,61987.535000000003,0.010000000002,0.001613227563,"[{""price"":61987.53,""size"":0.66170456,""num_orders"":12},{""price"":61987.52,""size"":1e-07,""num_orders"":1},{""price"":61987.51,""size"":1e-07,""num_orders"":1},{""price"":61987.43,""size"":0.17336149,""num_orders"":1},{""price"":61987.42,""size"":0.12905842,""num_orders"":1},{""price"":61985.0,""size"":0.16132933,""num_orders"":1},{""price"":61983.82,""size"":0.00414254,""num_orders"":1},{""price"":61983.16,""size"":0.00161335,""num_orders"":1},{""price"":61983.11,""size"":0.14965252,""num_orders"":1},{""price"":61983.1,""size"":0.10489682,""num_orders"":1}]","[{""price"":61987.54,""size"":0.10960453,""num_orders"":3},{""price"":61987.55,""size"":6e-08,""num_orders"":1},{""price"":61988.86,""size"":0.001615,""num_orders"":1},{""price"":61989.09,""size"":0.00806613,""num_orders"":1},{""price"":61990.02,""size"":0.00027726,""num_orders"":4},{""price"":61990.64,""size"":0.02218076,""num_orders"":4},{""price"":61991.15,""size"":0.0100827,""num_orders"":1},{""price"":61992.28,""size"":0.04839766,""num_orders"":1},{""price"":61992.9,""size"":0.09691015,""num_orders"":1},{""price"":61993.27,""size"":0.00149063,""num_orders"":1}]"
btc_usd_d10_20260708T211500Z,4,2026-07-08T21:19:00.598830Z,2026-07-08T21:19:00.598961Z,BTC-USD,10,ok,,132308031093,2026-07-08T21:18:59.681856839Z,0.31896476,1.5047588,-0.650204924698,61963.489999999998,61963.5,61963.494999999995,0.010000000002,0.001613853447,"[{""price"":61963.49,""size"":0.15178584,""num_orders"":5},{""price"":61963.48,""size"":1.2e-07,""num_orders"":1},{""price"":61963.47,""size"":1.3e-07,""num_orders"":1},{""price"":61961.94,""size"":0.00806926,""num_orders"":1},{""price"":61960.39,""size"":0.01613934,""num_orders"":2},{""price"":61960.23,""size"":0.12911506,""num_orders"":1},{""price"":61959.85,""size"":0.01008658,""num_orders"":1},{""price"":61959.75,""size"":0.00016191,""num_orders"":1},{""price"":61958.48,""size"":0.001589,""num_orders"":1},{""price"":61957.1,""size"":0.00201752,""num_orders"":1}]","[{""price"":61963.5,""size"":1.33953013,""num_orders"":2},{""price"":61963.9,""size"":1.8e-05,""num_orders"":1},{""price"":61965.0,""size"":0.01,""num_orders"":1},{""price"":61965.96,""size"":0.04841578,""num_orders"":1},{""price"":61966.5,""size"":0.00010086,""num_orders"":1},{""price"":61966.55,""size"":0.00010086,""num_orders"":1},{""price"":61966.57,""size"":2.522e-05,""num_orders"":1},{""price"":61966.71,""size"":0.09691015,""num_orders"":1},{""price"":61966.96,""size"":0.001589,""num_orders"":1},{""price"":61967.12,""size"":0.0080688,""num_orders"":1}]"
btc_usd_d10_20260708T211500Z,5,2026-07-08T21:20:00.598830Z,2026-07-08T21:20:00.598964Z,BTC-USD,10,ok,,132308049876,2026-07-08T21:19:59.344391170Z,0.57680267,1.32058719,-0.392004055508,61966.589999999997,61966.599999999999,61966.595000000001,0.010000000002,0.001613772711,"[{""price"":61966.59,""size"":0.04893908,""num_orders"":7},{""price"":61966.57,""size"":1.7e-07,""num_orders"":1},{""price"":61966.43,""size"":0.00319954,""num_orders"":1},{""price"":61966.42,""size"":0.17823811,""num_orders"":1},{""price"":61966.41,""size"":0.12910219,""num_orders"":1},{""price"":61965.04,""size"":0.00806886,""num_orders"":1},{""price"":61963.53,""size"":0.16138524,""num_orders"":1},{""price"":61962.34,""size"":0.01008612,""num_orders"":1},{""price"":61962.15,""size"":0.001656,""num_orders"":1},{""price"":61960.76,""size"":0.03612736,""num_orders"":1}]","[{""price"":61966.6,""size"":8.6e-07,""num_orders"":1},{""price"":61966.61,""size"":4e-08,""num_orders"":1},{""price"":61966.62,""size"":5e-08,""num_orders"":1},{""price"":61967.6,""size"":1.8e-05,""num_orders"":1},{""price"":61968.15,""size"":0.00806886,""num_orders"":1},{""price"":61968.43,""size"":9.7e-05,""num_orders"":1},{""price"":61968.96,""size"":0.09691015,""num_orders"":1},{""price"":61969.08,""size"":0.00025215,""num_orders"":3},{""price"":61969.23,""size"":0.00485,""num_orders"":1},{""price"":61969.69,""size"":1.21039008,""num_orders"":1}]"
btc_usd_d10_20260708T211500Z,6,2026-07-08T21:21:00.598830Z,2026-07-08T21:21:00.598962Z,BTC-USD,10,ok,,132308070987,2026-07-08T21:20:58.553576829Z,0.37243232,2.47580931,-0.738482637093,61980.550000000003,61980.559999999998,61980.555,0.009999999995,0.001613409237,"[{""price"":61980.55,""size"":0.15980052,""num_orders"":3},{""price"":61980.52,""size"":1.2e-07,""num_orders"":1},{""price"":61980.48,""size"":0.00157528,""num_orders"":1},{""price"":61980.47,""size"":1.6e-07,""num_orders"":1},{""price"":61980.46,""size"":1.6e-07,""num_orders"":1},{""price"":61979.52,""size"":0.06100303,""num_orders"":1},{""price"":61978.94,""size"":0.1290761,""num_orders"":1},{""price"":61978.93,""size"":0.00806705,""num_orders"":1},{""price"":61976.84,""size"":0.01008381,""num_orders"":1},{""price"":61975.84,""size"":0.00282609,""num_orders"":1}]","[{""price"":61980.56,""size"":0.16436999,""num_orders"":5},{""price"":61980.96,""size"":0.03072544,""num_orders"":1},{""price"":61981.97,""size"":0.0474201,""num_orders"":1},{""price"":61981.98,""size"":0.001572,""num_orders"":1},{""price"":61982.03,""size"":0.96209642,""num_orders"":2},{""price"":61982.04,""size"":1.21014888,""num_orders"":1},{""price"":61982.11,""size"":0.00806704,""num_orders"":1},{""price"":61982.29,""size"":0.0029898,""num_orders"":1},{""price"":61982.4,""size"":1.8e-05,""num_orders"":1},{""price"":61982.96,""size"":0.04840164,""num_orders"":1}]"
btc_usd_d10_20260708T211500Z,7,2026-07-08T21:22:00.598830Z,2026-07-08T21:22:00.598966Z,BTC-USD,10,ok,,132308096865,2026-07-08T21:21:58.039809047Z,0.45710493,0.52641576,-0.070472162614,61960.199999999997,61960.209999999999,61960.205000000002,0.010000000002,0.001613939141,"[{""price"":61960.2,""size"":0.01041578,""num_orders"":5},{""price"":61960.18,""size"":8e-08,""num_orders"":1},{""price"":61959.74,""size"":0.12911609,""num_orders"":1},{""price"":61957.1,""size"":0.0080701,""num_orders"":1},{""price"":61956.65,""size"":0.00079733,""num_orders"":1},{""price"":61956.5,""size"":1.8e-05,""num_orders"":1},{""price"":61956.41,""size"":0.09729417,""num_orders"":1},{""price"":61956.4,""size"":0.16140381,""num_orders"":1},{""price"":61955.72,""size"":0.001568,""num_orders"":1},{""price"":61954.39,""size"":0.04842157,""num_orders"":1}]","[{""price"":61960.21,""size"":0.10069621,""num_orders"":4},{""price"":61960.22,""size"":7e-08,""num_orders"":1},{""price"":61960.23,""size"":7e-08,""num_orders"":1},{""price"":61961.76,""size"":0.00806969,""num_orders"":1},{""price"":61962.04,""size"":0.00319954,""num_orders"":1},{""price"":61962.05,""size"":0.04841674,""num_orders"":1},{""price"":61962.07,""size"":0.09691015,""num_orders"":1},{""price"":61962.71,""size"":0.04876859,""num_orders"":1},{""price"":61963.31,""size"":0.17193313,""num_orders"":1},{""price"":61963.68,""size"":0.04842157,""num_orders"":1}]"
btc_usd_d10_20260708T211500Z,8,2026-07-08T21:23:00.598830Z,2026-07-08T21:23:00.598961Z,BTC-USD,10,ok,,132308130705,2026-07-08T21:23:00.058452671Z,1.75356938,0.80354597,0.371521531088,61999.410000000003,61999.419999999998,61999.415000000001,0.009999999995,0.001612918444,"[{""price"":61999.41,""size"":1.00916626,""num_orders"":9},{""price"":61999.4,""size"":0.36593329,""num_orders"":4},{""price"":61999.39,""size"":1.2e-07,""num_orders"":1},{""price"":61999.38,""size"":1.5e-07,""num_orders"":1},{""price"":61998.47,""size"":0.12907414,""num_orders"":1},{""price"":61998.44,""size"":0.05032573,""num_orders"":1},{""price"":61997.86,""size"":0.00806459,""num_orders"":1},{""price"":61997.19,""size"":0.028054,""num_orders"":1},{""price"":61997.0,""size"":0.1612981,""num_orders"":1},{""price"":61996.42,""size"":0.001653,""num_orders"":1}]","[{""price"":61999.42,""size"":0.52443821,""num_orders"":2},{""price"":62001.9,""size"":0.0001764,""num_orders"":3},{""price"":62002.52,""size"":0.01411233,""num_orders"":3},{""price"":62003.78,""size"":0.09691015,""num_orders"":1},{""price"":62004.6,""size"":1.8e-05,""num_orders"":1},{""price"":62004.96,""size"":0.001653,""num_orders"":1},{""price"":62005.0,""size"":0.01,""num_orders"":1},{""price"":62005.9,""size"":0.09691015,""num_orders"":1},{""price"":62007.19,""size"":9.7e-05,""num_orders"":1},{""price"":62007.5,""size"":0.05923073,""num_orders"":1}]"
btc_usd_d10_20260708T211500Z,9,2026-07-08T21:24:00.598830Z,2026-07-08T21:24:00.598973Z,BTC-USD,10,ok,,132308160318,2026-07-08T21:23:59.100209977Z,0.34364544,1.03143071,-0.500179768226,62026.800000000003,62026.809999999998,62026.805,0.009999999995,0.001612206206,"[{""price"":62026.8,""size"":1.8e-05,""num_orders"":1},{""price"":62026.28,""size"":0.12897758,""num_orders"":1},{""price"":62024.27,""size"":0.00397006,""num_orders"":1},{""price"":62023.48,""size"":7.988e-05,""num_orders"":1},{""price"":62023.21,""size"":0.0483681,""num_orders"":1},{""price"":62023.15,""size"":0.16123009,""num_orders"":1},{""price"":62023.1,""size"":1.8e-05,""num_orders"":1},{""price"":62021.68,""size"":0.00080598,""num_orders"":1},{""price"":62021.39,""size"":0.00015975,""num_orders"":1},{""price"":62019.4,""size"":1.8e-05,""num_orders"":1}]","[{""price"":62026.81,""size"":0.2169281,""num_orders"":5},{""price"":62026.84,""size"":0.16724881,""num_orders"":1},{""price"":62030.14,""size"":0.06026325,""num_orders"":1},{""price"":62030.15,""size"":0.09691015,""num_orders"":1},{""price"":62030.58,""size"":0.00162,""num_orders"":1},{""price"":62031.01,""size"":0.00241332,""num_orders"":1},{""price"":62031.02,""size"":0.22163443,""num_orders"":1},{""price"":62031.03,""size"":0.15313703,""num_orders"":1},{""price"":62032.04,""size"":0.01436547,""num_orders"":1},{""price"":62032.06,""size"":0.09691015,""num_orders"":1}]"
btc_usd_d10_20260708T211500Z,10,2026-07-08T21:25:00.598830Z,2026-07-08T21:25:00.598951Z,BTC-USD,10,ok,,132308181192,2026-07-08T21:24:59.037034300Z,0.44482671,0.33139677,0.14613051901,62021.239999999998,62021.25,62021.244999999995,0.010000000002,0.001612350736,"[{""price"":62021.24,""size"":0.15556545,""num_orders"":6},{""price"":62021.23,""size"":1.2e-07,""num_orders"":1},{""price"":62021.22,""size"":1.3e-07,""num_orders"":1},{""price"":62020.78,""size"":0.00080617,""num_orders"":1},{""price"":62020.27,""size"":0.12899008,""num_orders"":1},{""price"":62019.69,""size"":0.00806175,""num_orders"":1},{""price"":62017.72,""size"":0.04836525,""num_orders"":1},{""price"":62016.76,""size"":0.01007732,""num_orders"":1},{""price"":62014.76,""size"":0.0040313,""num_orders"":1},{""price"":62013.56,""size"":0.08892914,""num_orders"":1}]","[{""price"":62021.25,""size"":0.13052016,""num_orders"":3},{""price"":62021.26,""size"":6e-08,""num_orders"":1},{""price"":62021.27,""size"":0.00115959,""num_orders"":1},{""price"":62021.28,""size"":6e-08,""num_orders"":1},{""price"":62022.86,""size"":0.001571,""num_orders"":1},{""price"":62023.1,""size"":1.8e-05,""num_orders"":1},{""price"":62023.51,""size"":0.04876859,""num_orders"":1},{""price"":62023.73,""size"":5.038e-05,""num_orders"":1},{""price"":62024.35,""size"":0.05239878,""num_orders"":2},{""price"":62024.63,""size"":0.09691015,""num_orders"":1}]"
btc_usd_d10_20260708T211500Z,11,2026-07-08T21:26:00.598830Z,2026-07-08T21:26:00.598968Z,BTC-USD,10,ok,,132308212796,2026-07-08T21:25:58.529669666Z,1.09625828,1.61143556,-0.190264228691,62018.080000000002,62018.089999999997,62018.084999999999,0.009999999995,0.001612432889,"[{""price"":62018.08,""size"":0.48569868,""num_orders"":5},{""price"":62018.07,""size"":1.2e-07,""num_orders"":1},{""price"":62018.06,""size"":2.6e-07,""num_orders"":2},{""price"":62017.97,""size"":0.20986102,""num_orders"":1},{""price"":62017.96,""size"":0.12221488,""num_orders"":1},{""price"":62016.76,""size"":0.00806213,""num_orders"":1},{""price"":62015.98,""size"":0.048366,""num_orders"":1},{""price"":62015.89,""size"":0.16124898,""num_orders"":1},{""price"":62015.5,""size"":0.06,""num_orders"":2},{""price"":62015.34,""size"":0.00080621,""num_orders"":1}]","[{""price"":62018.09,""size"":0.01205308,""num_orders"":1},{""price"":62018.1,""size"":1.2e-07,""num_orders"":2},{""price"":62018.29,""size"":0.00319954,""num_orders"":1},{""price"":62018.3,""size"":0.04876859,""num_orders"":1},{""price"":62018.32,""size"":0.23079596,""num_orders"":3},{""price"":62019.4,""size"":1.8e-05,""num_orders"":1},{""price"":62019.75,""size"":0.09691015,""num_orders"":1},{""price"":62019.76,""size"":1.209413,""num_orders"":1},{""price"":62020.0,""size"":0.01,""num_orders"":1},{""price"":62020.57,""size"":0.00027712,""num_orders"":4}]"
btc_usd_d10_20260708T211500Z,12,2026-07-08T21:27:00.598830Z,2026-07-08T21:27:00.598959Z,BTC-USD,10,ok,,132308240489,2026-07-08T21:26:58.083770218Z,0.43361562,0.28598478,0.205156695299,62027.07,62027.080000000002,62027.074999999997,0.010000000002,0.001612199189,"[{""price"":62027.07,""size"":0.0100001,""num_orders"":2},{""price"":62027.06,""size"":1e-07,""num_orders"":1},{""price"":62026.76,""size"":0.12897658,""num_orders"":1},{""price"":62025.83,""size"":0.12897851,""num_orders"":1},{""price"":62025.6,""size"":0.0483632,""num_orders"":1},{""price"":62025.52,""size"":0.00806099,""num_orders"":1},{""price"":62023.42,""size"":0.01131699,""num_orders"":2},{""price"":62022.62,""size"":0.06,""num_orders"":2},{""price"":62022.41,""size"":0.01689346,""num_orders"":1},{""price"":62022.4,""size"":0.02102569,""num_orders"":1}]","[{""price"":62027.08,""size"":0.18088567,""num_orders"":4},{""price"":62027.39,""size"":1e-07,""num_orders"":2},{""price"":62027.41,""size"":5e-08,""num_orders"":1},{""price"":62027.57,""size"":0.00161228,""num_orders"":1},{""price"":62028.51,""size"":0.00161228,""num_orders"":1},{""price"":62029.13,""size"":0.00319954,""num_orders"":1},{""price"":62029.14,""size"":0.09691015,""num_orders"":1},{""price"":62029.16,""size"":0.001538,""num_orders"":1},{""price"":62029.56,""size"":0.00020152,""num_orders"":2},{""price"":62029.86,""size"":2.519e-05,""num_orders"":1}]"
btc_usd_d10_20260708T211500Z,13,2026-07-08T21:28:00.598830Z,2026-07-08T21:28:00.598965Z,BTC-USD,10,ok,,132308265785,2026-07-08T21:28:00.545330272Z,0.30136144,5.0280043,-0.886905326186,62038.760000000002,62038.769999999997,62038.764999999999,0.009999999995,0.0016118954,"[{""price"":62038.76,""size"":0.15108868,""num_orders"":7},{""price"":62038.75,""size"":1.2e-07,""num_orders"":1},{""price"":62038.74,""size"":1.3e-07,""num_orders"":1},{""price"":62037.21,""size"":0.00805947,""num_orders"":1},{""price"":62036.72,""size"":0.06944093,""num_orders"":2},{""price"":62036.69,""size"":0.00013733,""num_orders"":1},{""price"":62035.59,""size"":0.00161202,""num_orders"":1},{""price"":62035.11,""size"":0.01007434,""num_orders"":1},{""price"":62034.35,""size"":0.06,""num_orders"":2},{""price"":62034.33,""size"":0.00094842,""num_orders"":1}]","[{""price"":62038.77,""size"":0.00961273,""num_orders"":4},{""price"":62038.78,""size"":0.00161202,""num_orders"":3},{""price"":62038.79,""size"":0.09654541,""num_orders"":1},{""price"":62039.99,""size"":0.04876859,""num_orders"":1},{""price"":62040.0,""size"":4.74403831,""num_orders"":1},{""price"":62040.33,""size"":0.00805961,""num_orders"":1},{""price"":62040.68,""size"":0.09691015,""num_orders"":1},{""price"":62041.25,""size"":0.00027703,""num_orders"":4},{""price"":62041.6,""size"":1.8e-05,""num_orders"":1},{""price"":62041.87,""size"":0.02216245,""num_orders"":4}]"
btc_usd_d10_20260708T211500Z,14,2026-07-08T21:29:00.598830Z,2026-07-08T21:29:00.598959Z,BTC-USD,10,ok,,132308286833,2026-07-08T21:28:59.506619374Z,0.50251654,3.51992076,-0.750143257671,62039.019999999997,62039.029999999999,62039.024999999994,0.010000000002,0.001611888646,"[{""price"":62039.02,""size"":0.08223271,""num_orders"":5},{""price"":62039.0,""size"":1.2e-07,""num_orders"":1},{""price"":62037.47,""size"":0.00805944,""num_orders"":1},{""price"":62036.74,""size"":0.00319954,""num_orders"":1},{""price"":62036.73,""size"":0.09691015,""num_orders"":1},{""price"":62036.7,""size"":0.15323272,""num_orders"":1},{""price"":62036.69,""size"":0.00151695,""num_orders"":3},{""price"":62035.37,""size"":0.0100743,""num_orders"":1},{""price"":62034.91,""size"":0.00161187,""num_orders"":1},{""price"":62034.62,""size"":0.14567874,""num_orders"":2}]","[{""price"":62039.03,""size"":0.00806024,""num_orders"":3},{""price"":62039.04,""size"":6e-08,""num_orders"":1},{""price"":62039.05,""size"":6e-08,""num_orders"":1},{""price"":62039.99,""size"":0.01390086,""num_orders"":1},{""price"":62040.0,""size"":3.47474531,""num_orders"":1},{""price"":62040.39,""size"":0.00085718,""num_orders"":1},{""price"":62040.58,""size"":0.00805944,""num_orders"":1},{""price"":62041.51,""size"":0.00017629,""num_orders"":3},{""price"":62041.6,""size"":1.8e-05,""num_orders"":1},{""price"":62042.13,""size"":0.01410332,""num_orders"":3}]"
btc_usd_d10_20260708T211500Z,15,2026-07-08T21:30:00.598830Z,2026-07-08T21:30:00.598964Z,BTC-USD,10,ok,,132308307842,2026-07-08T21:29:58.613154943Z,0.80111671,0.72088573,0.052714094203,62049.07,62049.080000000002,62049.074999999997,0.010000000002,0.001611627571,"[{""price"":62049.07,""size"":0.63639616,""num_orders"":5},{""price"":62049.06,""size"":1.3e-07,""num_orders"":1},{""price"":62049.05,""size"":0.06645931,""num_orders"":1},{""price"":62049.04,""size"":0.05027362,""num_orders"":1},{""price"":62049.02,""size"":1.4e-07,""num_orders"":1},{""price"":62048.99,""size"":0.028029,""num_orders"":1},{""price"":62047.45,""size"":0.00805804,""num_orders"":1},{""price"":62047.04,""size"":0.0016118,""num_orders"":1},{""price"":62045.97,""size"":0.00021596,""num_orders"":1},{""price"":62045.35,""size"":0.01007255,""num_orders"":1}]","[{""price"":62049.08,""size"":0.34608602,""num_orders"":6},{""price"":62050.65,""size"":0.04848261,""num_orders"":1},{""price"":62051.56,""size"":0.00027698,""num_orders"":4},{""price"":62051.68,""size"":0.09691015,""num_orders"":1},{""price"":62052.18,""size"":0.02215876,""num_orders"":4},{""price"":62052.21,""size"":0.001611,""num_orders"":1},{""price"":62052.7,""size"":1.8e-05,""num_orders"":1},{""price"":62053.55,""size"":0.09691015,""num_orders"":1},{""price"":62054.29,""size"":0.05966347,""num_orders"":1},{""price"":62055.66,""size"":0.04876859,""num_orders"":1}]"
btc_usd_d10_20260708T211500Z,16,2026-07-08T21:31:00.598830Z,2026-07-08T21:31:00.598977Z,BTC-USD,10,ok,,132308348707,2026-07-08T21:30:58.000000314Z,0.32618884,0.09485634,0.549424410939,62079.830000000002,62079.839999999997,62079.834999999999,0.009999999995,0.001610829023,"[{""price"":62079.83,""size"":0.04993062,""num_orders"":3},{""price"":62078.6,""size"":1.8e-05,""num_orders"":1},{""price"":62077.56,""size"":0.03,""num_orders"":1},{""price"":62077.54,""size"":0.03,""num_orders"":1},{""price"":62074.9,""size"":1.8e-05,""num_orders"":1},{""price"":62071.98,""size"":0.00319954,""num_orders"":1},{""price"":62071.97,""size"":0.16113388,""num_orders"":1},{""price"":62071.96,""size"":0.0502538,""num_orders"":1},{""price"":62071.2,""size"":1.8e-05,""num_orders"":1},{""price"":62070.87,""size"":0.001617,""num_orders"":1}]","[{""price"":62079.84,""size"":0.01,""num_orders"":1},{""price"":62080.69,""size"":0.01455798,""num_orders"":1},{""price"":62080.71,""size"":1.4e-07,""num_orders"":2},{""price"":62080.72,""size"":0.00583044,""num_orders"":1},{""price"":62081.04,""size"":0.001617,""num_orders"":1},{""price"":62081.66,""size"":0.00583044,""num_orders"":1},{""price"":62082.25,""size"":0.00805408,""num_orders"":1},{""price"":62083.1,""size"":9.7e-05,""num_orders"":1},{""price"":62083.18,""size"":0.00010067,""num_orders"":1},{""price"":62083.47,""size"":0.04876859,""num_orders"":1}]"
btc_usd_d10_20260708T211500Z,17,2026-07-08T21:32:00.598830Z,2026-07-08T21:32:00.598958Z,BTC-USD,10,ok,,132308381700,2026-07-08T21:31:59.689750118Z,0.35202673,0.32098872,0.046117826864,62053.849999999999,62053.860000000001,62053.854999999996,0.010000000002,0.001611503427,"[{""price"":62053.85,""size"":0.08407897,""num_orders"":6},{""price"":62053.84,""size"":1.5e-07,""num_orders"":1},{""price"":62053.83,""size"":1.5e-07,""num_orders"":1},{""price"":62052.52,""size"":0.00319954,""num_orders"":1},{""price"":62052.51,""size"":0.24099394,""num_orders"":1},{""price"":62052.3,""size"":0.00805751,""num_orders"":1},{""price"":62051.5,""size"":0.001595,""num_orders"":1},{""price"":62050.28,""size"":0.00805798,""num_orders"":1},{""price"":62050.24,""size"":0.00402899,""num_orders"":1},{""price"":62050.22,""size"":0.0020145,""num_orders"":1}]","[{""price"":62053.86,""size"":6.9e-07,""num_orders"":1},{""price"":62053.87,""size"":4e-08,""num_orders"":1},{""price"":62053.89,""size"":5e-08,""num_orders"":1},{""price"":62055.23,""size"":0.05038006,""num_orders"":2},{""price"":62055.93,""size"":0.04833901,""num_orders"":1},{""price"":62056.15,""size"":0.19337063,""num_orders"":1},{""price"":62056.34,""size"":0.00027696,""num_orders"":4},{""price"":62056.4,""size"":1.8e-05,""num_orders"":1},{""price"":62056.96,""size"":0.02215706,""num_orders"":4},{""price"":62057.66,""size"":0.00644622,""num_orders"":1}]"
btc_usd_d10_20260708T211500Z,18,2026-07-08T21:33:00.598830Z,2026-07-08T21:33:00.598959Z,BTC-USD,10,ok,,132308410753,2026-07-08T21:32:58.811323485Z,0.36304209,0.65837167,-0.289138047249,62060.099999999999,62060.110000000001,62060.104999999996,0.010000000002,0.001611341135,"[{""price"":62060.1,""size"":9.174e-05,""num_orders"":4},{""price"":62060.09,""size"":8e-08,""num_orders"":1},{""price"":62060.08,""size"":9e-08,""num_orders"":1},{""price"":62060.0,""size"":0.00035025,""num_orders"":1},{""price"":62057.0,""size"":0.02215705,""num_orders"":4},{""price"":62056.4,""size"":1.8e-05,""num_orders"":1},{""price"":62054.74,""size"":0.09666866,""num_orders"":2},{""price"":62052.83,""size"":0.19337063,""num_orders"":1},{""price"":62052.82,""size"":0.04876859,""num_orders"":1},{""price"":62052.81,""size"":0.001617,""num_orders"":1}]","[{""price"":62060.11,""size"":0.20247022,""num_orders"":5},{""price"":62060.12,""size"":1e-07,""num_orders"":1},{""price"":62060.14,""size"":1.2e-07,""num_orders"":1},{""price"":62061.64,""size"":0.001594,""num_orders"":1},{""price"":62061.66,""size"":0.0080567,""num_orders"":1},{""price"":62061.98,""size"":0.19337063,""num_orders"":1},{""price"":62062.61,""size"":0.00111415,""num_orders"":1},{""price"":62063.76,""size"":0.01007088,""num_orders"":1},{""price"":62063.94,""size"":0.19337063,""num_orders"":1},{""price"":62064.04,""size"":0.04832424,""num_orders"":1}]"
btc_usd_d10_20260708T211500Z,19,2026-07-08T21:34:00.598830Z,2026-07-08T21:34:00.598960Z,BTC-USD,10,ok,,132308438415,2026-07-08T21:33:58.127674761Z,0.08978318,0.37549587,-0.614067386013,62053.419999999998,62053.43,62053.425000000003,0.010000000002,0.001611514594,"[{""price"":62053.42,""size"":0.02090217,""num_orders"":2},{""price"":62052.1,""size"":9e-08,""num_orders"":1},{""price"":62052.09,""size"":9e-08,""num_orders"":1},{""price"":62052.08,""size"":9e-08,""num_orders"":1},{""price"":62052.07,""size"":1.7e-07,""num_orders"":1},{""price"":62051.87,""size"":0.00805757,""num_orders"":1},{""price"":62049.81,""size"":0.001601,""num_orders"":1},{""price"":62049.77,""size"":0.01007196,""num_orders"":1},{""price"":62046.61,""size"":0.04834364,""num_orders"":1},{""price"":62046.26,""size"":0.0008064,""num_orders"":1}]","[{""price"":62053.43,""size"":0.01139719,""num_orders"":2},{""price"":62054.98,""size"":0.00805757,""num_orders"":1},{""price"":62055.2,""size"":0.04876859,""num_orders"":1},{""price"":62055.84,""size"":0.19337063,""num_orders"":1},{""price"":62055.91,""size"":0.04857026,""num_orders"":4},{""price"":62055.93,""size"":2.418e-05,""num_orders"":1},{""price"":62056.4,""size"":1.8e-05,""num_orders"":1},{""price"":62056.53,""size"":0.01812863,""num_orders"":3},{""price"":62056.55,""size"":9.7e-05,""num_orders"":1},{""price"":62056.8,""size"":0.04706382,""num_orders"":1}]"
btc_usd_d10_20260708T211500Z,20,2026-07-08T21:35:00.598830Z,2026-07-08T21:35:00.598963Z,BTC-USD,10,ok,,132308455860,2026-07-08T21:34:58.014699701Z,0.34156402,0.37045424,-0.040575111093,62053.370000000003,62053.379999999997,62053.375,0.009999999995,0.001611515892,"[{""price"":62053.37,""size"":0.25419824,""num_orders"":7},{""price"":62053.36,""size"":2.5e-07,""num_orders"":2},{""price"":62053.35,""size"":0.00019657,""num_orders"":2},{""price"":62051.8,""size"":0.00805758,""num_orders"":1},{""price"":62051.77,""size"":0.001451,""num_orders"":1},{""price"":62050.0,""size"":0.00157989,""num_orders"":1},{""price"":62049.81,""size"":0.01611608,""num_orders"":2},{""price"":62049.7,""size"":0.01007197,""num_orders"":1},{""price"":62049.46,""size"":0.04834244,""num_orders"":1},{""price"":62048.26,""size"":0.00155,""num_orders"":1}]","[{""price"":62053.38,""size"":0.10048692,""num_orders"":3},{""price"":62053.39,""size"":1e-07,""num_orders"":2},{""price"":62053.43,""size"":0.00333962,""num_orders"":1},{""price"":62054.92,""size"":0.00805758,""num_orders"":1},{""price"":62055.32,""size"":0.04876859,""num_orders"":1},{""price"":62055.84,""size"":0.19337063,""num_orders"":1},{""price"":62055.86,""size"":0.00020144,""num_orders"":2},{""price"":62056.4,""size"":1.8e-05,""num_orders"":1},{""price"":62056.48,""size"":0.01611436,""num_orders"":2},{""price"":62056.55,""size"":9.7e-05,""num_orders"":1}]"
btc_usd_d10_20260708T211500Z,21,2026-07-08T21:36:00.598830Z,2026-07-08T21:36:00.598975Z,BTC-USD,10,ok,,132308487877,2026-07-08T21:35:59.453868568Z,0.33997013,1.92351321,-0.69960447776,62020.620000000003,62020.629999999997,62020.625,0.009999999995,0.001612366853,"[{""price"":62020.62,""size"":0.04139523,""num_orders"":2},{""price"":62020.61,""size"":1.8e-07,""num_orders"":2},{""price"":62020.6,""size"":9e-08,""num_orders"":1},{""price"":62019.07,""size"":0.00806183,""num_orders"":1},{""price"":62017.52,""size"":0.02217116,""num_orders"":4},{""price"":62016.97,""size"":0.01007729,""num_orders"":1},{""price"":62016.25,""size"":0.00319947,""num_orders"":1},{""price"":62016.24,""size"":0.19351988,""num_orders"":1},{""price"":62016.2,""size"":0.06,""num_orders"":2},{""price"":62014.84,""size"":0.001545,""num_orders"":1}]","[{""price"":62020.63,""size"":0.04838146,""num_orders"":2},{""price"":62020.64,""size"":0.00405013,""num_orders"":3},{""price"":62020.78,""size"":0.17739322,""num_orders"":1},{""price"":62020.79,""size"":0.19351988,""num_orders"":1},{""price"":62020.8,""size"":1.20939272,""num_orders"":1},{""price"":62022.93,""size"":0.04876859,""num_orders"":1},{""price"":62023.06,""size"":0.19351988,""num_orders"":1},{""price"":62023.1,""size"":1.8e-05,""num_orders"":1},{""price"":62023.21,""size"":0.04837233,""num_orders"":1},{""price"":62023.35,""size"":9.7e-05,""num_orders"":1}]"
btc_usd_d10_20260708T211500Z,22,2026-07-08T21:37:00.598830Z,2026-07-08T21:37:00.598954Z,BTC-USD,10,ok,,132308512398,2026-07-08T21:36:59.154651911Z,0.42974805,1.40509058,-0.531568560882,62044.489999999998,62044.5,62044.494999999995,0.010000000002,0.001611746538,"[{""price"":62044.49,""size"":0.08854656,""num_orders"":6},{""price"":62044.48,""size"":1e-07,""num_orders"":1},{""price"":62044.47,""size"":1e-07,""num_orders"":1},{""price"":62043.22,""size"":0.00319925,""num_orders"":1},{""price"":62043.21,""size"":0.04834485,""num_orders"":1},{""price"":62042.94,""size"":0.05641234,""num_orders"":2},{""price"":62042.39,""size"":0.112,""num_orders"":1},{""price"":62042.16,""size"":0.001633,""num_orders"":1},{""price"":62041.45,""size"":0.118,""num_orders"":1},{""price"":62040.87,""size"":0.00161185,""num_orders"":1}]","[{""price"":62044.5,""size"":1.17067607,""num_orders"":2},{""price"":62044.51,""size"":7e-08,""num_orders"":1},{""price"":62044.53,""size"":8e-08,""num_orders"":1},{""price"":62045.3,""size"":1.8e-05,""num_orders"":1},{""price"":62046.98,""size"":0.00012591,""num_orders"":2},{""price"":62047.6,""size"":0.01007291,""num_orders"":2},{""price"":62048.45,""size"":0.01532983,""num_orders"":1},{""price"":62049.0,""size"":1.8e-05,""num_orders"":1},{""price"":62049.39,""size"":0.01532983,""num_orders"":1},{""price"":62049.42,""size"":0.19351988,""num_orders"":1}]"
btc_usd_d10_20260708T211500Z,23,2026-07-08T21:38:00.598830Z,2026-07-08T21:38:00.598967Z,BTC-USD,10,ok,,132308548630,2026-07-08T21:37:59.115104591Z,0.18233699,0.46157633,-0.433659828624,62067.07,62067.080000000002,62067.074999999997,0.010000000002,0.001611160185,"[{""price"":62067.07,""size"":0.05859725,""num_orders"":6},{""price"":62067.05,""size"":1e-07,""num_orders"":1},{""price"":62066.78,""size"":9e-08,""num_orders"":1},{""price"":62065.97,""size"":0.00014881,""num_orders"":2},{""price"":62065.22,""size"":0.00805583,""num_orders"":1},{""price"":62064.52,""size"":0.00319954,""num_orders"":1},{""price"":62064.51,""size"":0.09666638,""num_orders"":2},{""price"":62063.13,""size"":0.01006979,""num_orders"":1},{""price"":62062.41,""size"":0.0040282,""num_orders"":1},{""price"":62061.9,""size"":0.001571,""num_orders"":1}]","[{""price"":62067.08,""size"":0.05079473,""num_orders"":2},{""price"":62067.1,""size"":6e-08,""num_orders"":1},{""price"":62068.63,""size"":0.0080558,""num_orders"":1},{""price"":62069.55,""size"":0.19346906,""num_orders"":1},{""price"":62069.56,""size"":5.035e-05,""num_orders"":1},{""price"":62070.18,""size"":0.0040277,""num_orders"":1},{""price"":62070.73,""size"":0.01006975,""num_orders"":1},{""price"":62071.2,""size"":1.8e-05,""num_orders"":1},{""price"":62071.24,""size"":0.001571,""num_orders"":1},{""price"":62071.54,""size"":0.19351988,""num_orders"":1}]"
btc_usd_d10_20260708T211500Z,24,2026-07-08T21:39:00.598830Z,2026-07-08T21:39:00.598956Z,BTC-USD,10,ok,,132308572521,2026-07-08T21:38:58.515664192Z,0.07907584,0.48309237,-0.718675518845,62054.849999999999,62054.860000000001,62054.854999999996,0.010000000002,0.001611477458,"[{""price"":62054.85,""size"":1e-07,""num_orders"":1},{""price"":62054.84,""size"":1e-07,""num_orders"":1},{""price"":62054.83,""size"":1e-07,""num_orders"":1},{""price"":62053.7,""size"":0.00019628,""num_orders"":1},{""price"":62052.7,""size"":1.8e-05,""num_orders"":1},{""price"":62051.75,""size"":0.02215893,""num_orders"":4},{""price"":62051.55,""size"":7.58e-05,""num_orders"":1},{""price"":62051.46,""size"":0.00022548,""num_orders"":1},{""price"":62051.06,""size"":0.05637688,""num_orders"":2},{""price"":62049.27,""size"":2.417e-05,""num_orders"":1}]","[{""price"":62054.86,""size"":0.02249787,""num_orders"":3},{""price"":62054.87,""size"":6e-08,""num_orders"":1},{""price"":62055.73,""size"":0.001545,""num_orders"":1},{""price"":62056.4,""size"":0.00319954,""num_orders"":1},{""price"":62056.41,""size"":0.00805738,""num_orders"":1},{""price"":62056.73,""size"":0.19351988,""num_orders"":1},{""price"":62058.51,""size"":0.01007173,""num_orders"":1},{""price"":62059.2,""size"":0.04876859,""num_orders"":1},{""price"":62059.21,""size"":0.19351988,""num_orders"":1},{""price"":62059.36,""size"":0.00191244,""num_orders"":1}]"
btc_usd_d10_20260708T211500Z,25,2026-07-08T21:40:00.598830Z,2026-07-08T21:40:00.598980Z,BTC-USD,10,ok,,132308597546,2026-07-08T21:39:58.008345944Z,0.46175149,1.3169556,-0.480800978873,62056.699999999997,62056.709999999999,62056.705000000002,0.010000000002,0.001611429418,"[{""price"":62056.7,""size"":0.00036823,""num_orders"":2},{""price"":62055.16,""size"":0.00319954,""num_orders"":1},{""price"":62055.15,""size"":0.00805714,""num_orders"":1},{""price"":62055.13,""size"":0.167,""num_orders"":1},{""price"":62054.19,""size"":0.167,""num_orders"":1},{""price"":62054.02,""size"":0.04833941,""num_orders"":1},{""price"":62053.05,""size"":0.01007143,""num_orders"":1},{""price"":62052.92,""size"":0.04,""num_orders"":1},{""price"":62051.98,""size"":0.0016,""num_orders"":1},{""price"":62051.14,""size"":0.01611574,""num_orders"":2}]","[{""price"":62056.71,""size"":0.0118062,""num_orders"":2},{""price"":62056.72,""size"":7.2e-07,""num_orders"":1},{""price"":62056.73,""size"":1.20498874,""num_orders"":2},{""price"":62056.74,""size"":8e-07,""num_orders"":1},{""price"":62056.75,""size"":8.4e-07,""num_orders"":1},{""price"":62056.76,""size"":8.9e-07,""num_orders"":1},{""price"":62057.3,""size"":0.00080571,""num_orders"":1},{""price"":62057.75,""size"":0.04876859,""num_orders"":1},{""price"":62058.26,""size"":0.00805721,""num_orders"":1},{""price"":62059.11,""size"":0.0425259,""num_orders"":1}]"
btc_usd_d10_20260708T211500Z,26,2026-07-08T21:41:00.598830Z,2026-07-08T21:41:00.598972Z,BTC-USD,10,ok,,132308625926,2026-07-08T21:40:59.546689816Z,0.92846891,1.27752099,-0.15822922852,62060.93,62060.940000000002,62060.934999999998,0.010000000002,0.001611319585,"[{""price"":62060.93,""size"":0.47745953,""num_orders"":9},{""price"":62059.61,""size"":0.001639,""num_orders"":1},{""price"":62059.38,""size"":0.00805659,""num_orders"":1},{""price"":62057.84,""size"":0.19351988,""num_orders"":1},{""price"":62057.28,""size"":0.01007074,""num_orders"":1},{""price"":62054.9,""size"":5.994e-05,""num_orders"":1},{""price"":62054.7,""size"":0.00161149,""num_orders"":1},{""price"":62054.33,""size"":0.00198038,""num_orders"":1},{""price"":62054.32,""size"":0.04876859,""num_orders"":1},{""price"":62054.31,""size"":0.18530277,""num_orders"":1}]","[{""price"":62060.94,""size"":0.00030921,""num_orders"":3},{""price"":62060.96,""size"":1.89e-06,""num_orders"":2},{""price"":62060.97,""size"":1.01e-06,""num_orders"":1},{""price"":62060.98,""size"":1.07e-06,""num_orders"":1},{""price"":62060.99,""size"":1.13e-06,""num_orders"":1},{""price"":62062.92,""size"":0.04876859,""num_orders"":1},{""price"":62062.93,""size"":1.20598863,""num_orders"":1},{""price"":62063.42,""size"":0.00027693,""num_orders"":4},{""price"":62063.8,""size"":1.8e-05,""num_orders"":1},{""price"":62064.04,""size"":0.02215453,""num_orders"":4}]"
btc_usd_d10_20260708T211500Z,27,2026-07-08T21:42:00.598830Z,2026-07-08T21:42:00.598978Z,BTC-USD,10,ok,,132308653985,2026-07-08T21:41:59.516522997Z,0.16235128,0.59411703,-0.570765152079,62054.900000000001,62054.910000000003,62054.904999999999,0.010000000002,0.00161147616,"[{""price"":62054.9,""size"":0.02010172,""num_orders"":4},{""price"":62054.87,""size"":6e-08,""num_orders"":2},{""price"":62053.35,""size"":0.00805738,""num_orders"":1},{""price"":62052.7,""size"":1.8e-05,""num_orders"":1},{""price"":62051.81,""size"":0.00319954,""num_orders"":1},{""price"":62051.8,""size"":0.0221589,""num_orders"":4},{""price"":62051.25,""size"":0.01007172,""num_orders"":1},{""price"":62050.43,""size"":0.04876859,""num_orders"":1},{""price"":62050.21,""size"":0.001633,""num_orders"":1},{""price"":62049.86,""size"":0.04834237,""num_orders"":1}]","[{""price"":62054.91,""size"":0.00471283,""num_orders"":2},{""price"":62054.92,""size"":9.1e-07,""num_orders"":1},{""price"":62054.93,""size"":9.6e-07,""num_orders"":1},{""price"":62054.94,""size"":1e-06,""num_orders"":1},{""price"":62054.96,""size"":2.16e-06,""num_orders"":2},{""price"":62055.39,""size"":0.00080573,""num_orders"":1},{""price"":62055.73,""size"":0.04876859,""num_orders"":1},{""price"":62056.46,""size"":0.05640046,""num_orders"":2},{""price"":62057.08,""size"":0.29812162,""num_orders"":1},{""price"":62057.09,""size"":0.18530277,""num_orders"":1}]"
btc_usd_d10_20260708T211500Z,28,2026-07-08T21:43:00.598830Z,2026-07-08T21:43:00.598964Z,BTC-USD,10,ok,,132308682771,2026-07-08T21:42:59.061226718Z,0.3207862,0.26282121,0.099321888322,62067.68,62068.010000000002,62067.845000000001,0.330000000002,0.05316762649,"[{""price"":62067.68,""size"":0.01005667,""num_orders"":2},{""price"":62067.57,""size"":4e-08,""num_orders"":1},{""price"":62067.53,""size"":8.53e-06,""num_orders"":1},{""price"":62066.7,""size"":0.04832476,""num_orders"":1},{""price"":62064.78,""size"":0.00402805,""num_orders"":1},{""price"":62063.8,""size"":1.8e-05,""num_orders"":1},{""price"":62063.66,""size"":0.06,""num_orders"":2},{""price"":62063.07,""size"":0.001631,""num_orders"":1},{""price"":62060.94,""size"":0.00319927,""num_orders"":1},{""price"":62060.93,""size"":0.19351988,""num_orders"":1}]","[{""price"":62068.01,""size"":0.00193829,""num_orders"":1},{""price"":62068.02,""size"":0.01011531,""num_orders"":1},{""price"":62068.03,""size"":1.45e-06,""num_orders"":2},{""price"":62068.05,""size"":8.1e-07,""num_orders"":1},{""price"":62068.06,""size"":8.5e-07,""num_orders"":1},{""price"":62068.07,""size"":9e-07,""num_orders"":1},{""price"":62068.65,""size"":0.00080556,""num_orders"":1},{""price"":62069.37,""size"":0.19351988,""num_orders"":1},{""price"":62069.57,""size"":0.00805567,""num_orders"":1},{""price"":62070.5,""size"":0.04838249,""num_orders"":2}]"
btc_usd_d10_20260708T211500Z,29,2026-07-08T21:44:00.598830Z,2026-07-08T21:44:00.598996Z,BTC-USD,10,ok,,132308715865,2026-07-08T21:43:58.184092156Z,0.15629964,1.20842992,-0.770944156877,62041.599999999999,62041.610000000001,62041.604999999996,0.010000000002,0.001611821616,"[{""price"":62041.6,""size"":0.00163706,""num_orders"":4},{""price"":62041.59,""size"":6e-08,""num_orders"":1},{""price"":62041.58,""size"":7e-08,""num_orders"":1},{""price"":62038.69,""size"":0.04835029,""num_orders"":1},{""price"":62038.5,""size"":0.00402976,""num_orders"":1},{""price"":62037.9,""size"":1.8e-05,""num_orders"":1},{""price"":62037.04,""size"":0.04876859,""num_orders"":1},{""price"":62034.2,""size"":1.8e-05,""num_orders"":1},{""price"":62032.26,""size"":0.00319954,""num_orders"":1},{""price"":62032.25,""size"":0.05027827,""num_orders"":1}]","[{""price"":62041.61,""size"":0.27475212,""num_orders"":5},{""price"":62041.62,""size"":1.3e-07,""num_orders"":1},{""price"":62041.64,""size"":1.3e-07,""num_orders"":1},{""price"":62043.16,""size"":0.0080591,""num_orders"":1},{""price"":62043.48,""size"":0.22566394,""num_orders"":1},{""price"":62045.26,""size"":0.01007388,""num_orders"":1},{""price"":62045.34,""size"":0.18830095,""num_orders"":2},{""price"":62045.35,""size"":0.22566394,""num_orders"":1},{""price"":62045.42,""size"":0.001662,""num_orders"":1},{""price"":62047.65,""size"":0.27425373,""num_orders"":1}]"
btc_usd_d10_20260708T211500Z,30,2026-07-08T21:45:00.598830Z,2026-07-08T21:45:00.598965Z,BTC-USD,10,ok,,132308775435,2026-07-08T21:45:00.104719854Z,0.03213727,0.68841504,-0.910798231984,62029.169999999998,62031.330000000002,62030.25,2.160000000003,0.348217200479,"[{""price"":62029.17,""size"":0.00998044,""num_orders"":1},{""price"":62029.16,""size"":0.00080606,""num_orders"":1},{""price"":62026.8,""size"":5.717e-05,""num_orders"":2},{""price"":62026.79,""size"":1.5e-07,""num_orders"":2},{""price"":62026.29,""size"":0.001551,""num_orders"":1},{""price"":62025.4,""size"":0.00319954,""num_orders"":1},{""price"":62023.61,""size"":0.00644792,""num_orders"":1},{""price"":62023.1,""size"":1.8e-05,""num_orders"":1},{""price"":62022.52,""size"":0.00806159,""num_orders"":1},{""price"":62022.41,""size"":0.0020154,""num_orders"":1}]","[{""price"":62031.33,""size"":3.91e-05,""num_orders"":1},{""price"":62031.34,""size"":0.04876859,""num_orders"":1},{""price"":62032.39,""size"":0.00022669,""num_orders"":3},{""price"":62033.01,""size"":0.0181355,""num_orders"":3},{""price"":62034.85,""size"":0.001551,""num_orders"":1},{""price"":62036.33,""size"":0.09721586,""num_orders"":1},{""price"":62036.34,""size"":0.16122063,""num_orders"":1},{""price"":62037.33,""size"":9.7e-05,""num_orders"":1},{""price"":62037.9,""size"":1.8e-05,""num_orders"":1},{""price"":62038.26,""size"":0.36114267,""num_orders"":1}]"
btc_usd_d10_20260708T211500Z,31,2026-07-08T21:46:00.598830Z,2026-07-08T21:46:00.598974Z,BTC-USD,10,ok,,132308822351,2026-07-08T21:45:59.582106924Z,0.46171878,1.56018708,-0.543283602729,62058.809999999998,62058.82,62058.815000000002,0.010000000002,0.001611374629,"[{""price"":62058.81,""size"":0.43706754,""num_orders"":9},{""price"":62058.8,""size"":1.2e-07,""num_orders"":1},{""price"":62058.79,""size"":1.3e-07,""num_orders"":1},{""price"":62057.26,""size"":0.00805687,""num_orders"":1},{""price"":62056.55,""size"":0.00161158,""num_orders"":1},{""price"":62054.73,""size"":0.001649,""num_orders"":1},{""price"":62054.55,""size"":0.01007114,""num_orders"":1},{""price"":62054.27,""size"":0.0016115,""num_orders"":1},{""price"":62053.44,""size"":0.00161158,""num_orders"":1},{""price"":62052.61,""size"":3.932e-05,""num_orders"":1}]","[{""price"":62058.82,""size"":0.00510961,""num_orders"":2},{""price"":62058.83,""size"":6e-08,""num_orders"":1},{""price"":62058.85,""size"":7e-08,""num_orders"":1},{""price"":62060.1,""size"":1.8e-05,""num_orders"":1},{""price"":62060.22,""size"":0.00159976,""num_orders"":1},{""price"":62060.23,""size"":0.16122063,""num_orders"":1},{""price"":62061.3,""size"":0.00027695,""num_orders"":4},{""price"":62061.92,""size"":0.02215529,""num_orders"":4},{""price"":62062.18,""size"":0.16122063,""num_orders"":1},{""price"":62062.19,""size"":1.20858608,""num_orders"":1}]"
btc_usd_d10_20260708T211500Z,32,2026-07-08T21:47:00.598830Z,2026-07-08T21:47:00.598957Z,BTC-USD,10,ok,,132308869511,2026-07-08T21:46:59.047244484Z,0.09113698,0.93151795,-0.821763964899,62071.18,62071.190000000002,62071.184999999998,0.010000000002,0.001611053503,"[{""price"":62071.18,""size"":0.01627135,""num_orders"":4},{""price"":62071.17,""size"":7e-08,""num_orders"":1},{""price"":62071.16,""size"":7e-08,""num_orders"":1},{""price"":62069.63,""size"":0.00805526,""num_orders"":1},{""price"":62067.53,""size"":0.01006908,""num_orders"":1},{""price"":62067.22,""size"":1.4e-07,""num_orders"":2},{""price"":62065.36,""size"":0.04832713,""num_orders"":1},{""price"":62064.44,""size"":0.001566,""num_orders"":1},{""price"":62062.19,""size"":0.00604233,""num_orders"":2},{""price"":62061.01,""size"":0.00080555,""num_orders"":1}]","[{""price"":62071.19,""size"":0.27141574,""num_orders"":6},{""price"":62071.2,""size"":1.8e-05,""num_orders"":1},{""price"":62071.21,""size"":2e-07,""num_orders"":2},{""price"":62072.74,""size"":0.00805526,""num_orders"":1},{""price"":62073.23,""size"":0.0064442,""num_orders"":1},{""price"":62073.67,""size"":7.551e-05,""num_orders"":2},{""price"":62073.95,""size"":0.001566,""num_orders"":1},{""price"":62074.18,""size"":0.24900317,""num_orders"":1},{""price"":62074.19,""size"":0.23371924,""num_orders"":1},{""price"":62074.21,""size"":0.16122063,""num_orders"":1}]"
btc_usd_d10_20260708T211500Z,33,2026-07-08T21:48:00.598830Z,2026-07-08T21:48:00.598957Z,BTC-USD,10,ok,,132308907962,2026-07-08T21:47:58.046014061Z,0.91526823,1.23287373,-0.14785126212,62086.18,62086.190000000002,62086.184999999998,0.010000000002,0.001610664273,"[{""price"":62086.18,""size"":0.53119556,""num_orders"":10},{""price"":62086.17,""size"":1.2e-07,""num_orders"":1},{""price"":62086.16,""size"":1.2e-07,""num_orders"":1},{""price"":62083.54,""size"":3.93e-05,""num_orders"":1},{""price"":62081.79,""size"":0.001575,""num_orders"":1},{""price"":62081.13,""size"":0.00319954,""num_orders"":1},{""price"":62081.12,""size"":0.16122063,""num_orders"":1},{""price"":62079.91,""size"":0.04876859,""num_orders"":1},{""price"":62079.19,""size"":0.16122063,""num_orders"":1},{""price"":62078.61,""size"":0.00804874,""num_orders"":1}]","[{""price"":62086.19,""size"":0.00589111,""num_orders"":1},{""price"":62087.13,""size"":0.00589111,""num_orders"":1},{""price"":62088.48,""size"":0.04876859,""num_orders"":1},{""price"":62088.49,""size"":1.15977059,""num_orders"":1},{""price"":62088.67,""size"":7.557e-05,""num_orders"":3},{""price"":62088.68,""size"":7e-08,""num_orders"":1},{""price"":62089.29,""size"":0.00603969,""num_orders"":2},{""price"":62089.7,""size"":1.8e-05,""num_orders"":1},{""price"":62090.6,""size"":0.001569,""num_orders"":1},{""price"":62093.16,""size"":0.00485,""num_orders"":1}]"
btc_usd_d10_20260708T211500Z,34,2026-07-08T21:49:00.598830Z,2026-07-08T21:49:00.598978Z,BTC-USD,10,ok,,132308966244,2026-07-08T21:49:00.037798714Z,0.25110111,1.34509961,-0.685376523323,62078.309999999998,62078.32,62078.315000000002,0.010000000002,0.001610868465,"[{""price"":62078.31,""size"":0.17823093,""num_orders"":6},{""price"":62078.3,""size"":1e-07,""num_orders"":1},{""price"":62078.28,""size"":1.2e-07,""num_orders"":1},{""price"":62078.27,""size"":0.00400713,""num_orders"":1},{""price"":62078.26,""size"":1.3e-07,""num_orders"":1},{""price"":62077.47,""size"":0.04832394,""num_orders"":1},{""price"":62076.72,""size"":0.00805434,""num_orders"":1},{""price"":62074.63,""size"":0.00080543,""num_orders"":1},{""price"":62074.62,""size"":0.01006793,""num_orders"":1},{""price"":62074.43,""size"":0.00161106,""num_orders"":1}]","[{""price"":62078.32,""size"":0.00805445,""num_orders"":2},{""price"":62078.9,""size"":1.20826073,""num_orders"":1},{""price"":62079.43,""size"":9.7e-05,""num_orders"":1},{""price"":62079.87,""size"":0.00805434,""num_orders"":1},{""price"":62080.44,""size"":0.09668624,""num_orders"":1},{""price"":62080.8,""size"":0.00015102,""num_orders"":2},{""price"":62081.42,""size"":0.01208091,""num_orders"":2},{""price"":62081.97,""size"":0.01006792,""num_orders"":1},{""price"":62082.21,""size"":0.001629,""num_orders"":1},{""price"":62082.3,""size"":1.8e-05,""num_orders"":1}]"
btc_usd_d10_20260708T211500Z,35,2026-07-08T21:50:00.598830Z,2026-07-08T21:50:00.598956Z,BTC-USD,10,ok,,132309007816,2026-07-08T21:49:59.188176987Z,0.32231365,1.43961038,-0.634134452437,62086.839999999997,62086.849999999999,62086.845000000001,0.010000000002,0.001610647151,"[{""price"":62086.84,""size"":0.05792651,""num_orders"":4},{""price"":62086.82,""size"":9e-08,""num_orders"":1},{""price"":62086.55,""size"":0.00080532,""num_orders"":1},{""price"":62085.29,""size"":0.00805311,""num_orders"":1},{""price"":62083.2,""size"":0.01006638,""num_orders"":1},{""price"":62082.14,""size"":0.00319954,""num_orders"":1},{""price"":62082.13,""size"":0.08755324,""num_orders"":1},{""price"":62082.12,""size"":0.0499691,""num_orders"":2},{""price"":62080.84,""size"":0.09668624,""num_orders"":1},{""price"":62080.05,""size"":0.00805412,""num_orders"":1}]","[{""price"":62086.85,""size"":2.1e-07,""num_orders"":2},{""price"":62086.86,""size"":8e-08,""num_orders"":1},{""price"":62086.87,""size"":8e-08,""num_orders"":1},{""price"":62088.78,""size"":0.08836624,""num_orders"":1},{""price"":62089.7,""size"":1.8e-05,""num_orders"":1},{""price"":62090.32,""size"":0.001646,""num_orders"":1},{""price"":62090.68,""size"":0.04876859,""num_orders"":1},{""price"":62090.69,""size"":0.09668624,""num_orders"":1},{""price"":62090.72,""size"":1.20397395,""num_orders"":1},{""price"":62091.26,""size"":0.00015099,""num_orders"":2}]"
btc_usd_d10_20260708T211500Z,36,2026-07-08T21:51:00.598830Z,2026-07-08T21:51:00.598987Z,BTC-USD,10,ok,,132309055116,2026-07-08T21:50:58.790506011Z,0.32938394,0.81544608,-0.424571448607,62065.599999999999,62065.610000000001,62065.604999999996,0.010000000002,0.001611198344,"[{""price"":62065.6,""size"":0.1,""num_orders"":1},{""price"":62063.8,""size"":1.8e-05,""num_orders"":1},{""price"":62062.5,""size"":0.0221551,""num_orders"":4},{""price"":62060.1,""size"":1.8e-05,""num_orders"":1},{""price"":62059.62,""size"":0.00805677,""num_orders"":1},{""price"":62059.17,""size"":0.001567,""num_orders"":1},{""price"":62058.64,""size"":0.04831676,""num_orders"":1},{""price"":62057.77,""size"":0.00379748,""num_orders"":1},{""price"":62057.69,""size"":0.09668624,""num_orders"":1},{""price"":62057.68,""size"":0.04876859,""num_orders"":1}]","[{""price"":62065.61,""size"":0.0765687,""num_orders"":4},{""price"":62065.64,""size"":0.00080559,""num_orders"":1},{""price"":62067.15,""size"":0.00159977,""num_orders"":1},{""price"":62067.16,""size"":0.00805599,""num_orders"":1},{""price"":62067.5,""size"":0.05894466,""num_orders"":1},{""price"":62067.89,""size"":0.04833418,""num_orders"":1},{""price"":62067.9,""size"":0.04876859,""num_orders"":1},{""price"":62067.94,""size"":0.04994876,""num_orders"":2},{""price"":62068.7,""size"":0.19965363,""num_orders"":1},{""price"":62068.71,""size"":0.32276621,""num_orders"":2}]"
btc_usd_d10_20260708T211500Z,37,2026-07-08T21:52:00.598830Z,2026-07-08T21:52:00.598970Z,BTC-USD,10,ok,,132309093622,2026-07-08T21:51:58.547407719Z,0.81138756,0.09767273,0.785112756383,62067.489999999998,62067.5,62067.494999999995,0.010000000002,0.001611149282,"[{""price"":62067.49,""size"":0.51339717,""num_orders"":8},{""price"":62067.38,""size"":0.09892808,""num_orders"":2},{""price"":62067.37,""size"":0.02081199,""num_orders"":1},{""price"":62065.82,""size"":0.00805576,""num_orders"":1},{""price"":62065.28,""size"":0.09668624,""num_orders"":1},{""price"":62065.14,""size"":0.05027262,""num_orders"":1},{""price"":62064.79,""size"":0.00354535,""num_orders"":1},{""price"":62064.16,""size"":0.001571,""num_orders"":1},{""price"":62063.73,""size"":0.00804965,""num_orders"":1},{""price"":62063.72,""size"":0.0100697,""num_orders"":1}]","[{""price"":62067.5,""size"":1.8e-05,""num_orders"":1},{""price"":62069.86,""size"":0.0002769,""num_orders"":4},{""price"":62070.0,""size"":0.01,""num_orders"":1},{""price"":62070.48,""size"":0.02215224,""num_orders"":4},{""price"":62071.2,""size"":1.8e-05,""num_orders"":1},{""price"":62072.42,""size"":0.001571,""num_orders"":1},{""price"":62074.9,""size"":1.8e-05,""num_orders"":1},{""price"":62075.0,""size"":0.01,""num_orders"":1},{""price"":62075.3,""size"":0.00485,""num_orders"":1},{""price"":62076.18,""size"":0.04876859,""num_orders"":1}]"
btc_usd_d10_20260708T211500Z,38,2026-07-08T21:53:00.598830Z,2026-07-08T21:53:00.598947Z,BTC-USD,10,ok,,132309149283,2026-07-08T21:53:00.047545075Z,0.28584212,0.63882453,-0.381740176311,62090.839999999997,62090.849999999999,62090.845000000001,0.010000000002,0.00161054339,"[{""price"":62090.84,""size"":0.07831529,""num_orders"":2},{""price"":62090.82,""size"":0.03,""num_orders"":1},{""price"":62084.86,""size"":0.01976729,""num_orders"":2},{""price"":62084.85,""size"":0.001554,""num_orders"":1},{""price"":62084.83,""size"":0.00591903,""num_orders"":1},{""price"":62082.49,""size"":0.04876859,""num_orders"":1},{""price"":62082.48,""size"":0.09668624,""num_orders"":1},{""price"":62082.37,""size"":0.00319954,""num_orders"":1},{""price"":62082.36,""size"":0.001593,""num_orders"":1},{""price"":62082.34,""size"":3.914e-05,""num_orders"":1}]","[{""price"":62090.85,""size"":0.0002327,""num_orders"":1},{""price"":62090.87,""size"":0.04876859,""num_orders"":1},{""price"":62091.76,""size"":0.09668624,""num_orders"":1},{""price"":62092.23,""size"":0.00347801,""num_orders"":1},{""price"":62093.27,""size"":0.028013,""num_orders"":1},{""price"":62093.4,""size"":1.8e-05,""num_orders"":1},{""price"":62093.95,""size"":0.09668624,""num_orders"":1},{""price"":62095.0,""size"":0.01,""num_orders"":1},{""price"":62095.84,""size"":0.35492375,""num_orders"":3},{""price"":62097.1,""size"":1.8e-05,""num_orders"":1}]"
btc_usd_d10_20260708T211500Z,39,2026-07-08T21:54:00.598830Z,2026-07-08T21:54:00.598965Z,BTC-USD,10,ok,,132309182475,2026-07-08T21:53:59.047373423Z,0.33678845,0.82584342,-0.420644730821,62069.07,62069.459999999999,62069.264999999999,0.389999999999,0.062833030164,"[{""price"":62069.07,""size"":0.03906769,""num_orders"":1},{""price"":62067.67,""size"":0.04832873,""num_orders"":1},{""price"":62067.5,""size"":1.8e-05,""num_orders"":1},{""price"":62064.05,""size"":0.00319954,""num_orders"":1},{""price"":62064.04,""size"":0.14545483,""num_orders"":2},{""price"":62063.8,""size"":1.8e-05,""num_orders"":1},{""price"":62060.48,""size"":0.00384598,""num_orders"":1},{""price"":62060.39,""size"":0.09668624,""num_orders"":1},{""price"":62060.1,""size"":1.8e-05,""num_orders"":1},{""price"":62060.01,""size"":0.00015144,""num_orders"":1}]","[{""price"":62069.46,""size"":0.03579,""num_orders"":1},{""price"":62071.08,""size"":0.09668624,""num_orders"":1},{""price"":62071.6,""size"":0.028013,""num_orders"":1},{""price"":62074.9,""size"":0.00805516,""num_orders"":1},{""price"":62074.91,""size"":0.04832871,""num_orders"":1},{""price"":62075.11,""size"":0.20414126,""num_orders"":1},{""price"":62075.12,""size"":0.30615516,""num_orders"":2},{""price"":62076.45,""size"":0.00805516,""num_orders"":1},{""price"":62076.97,""size"":0.04832873,""num_orders"":1},{""price"":62077.39,""size"":0.04229,""num_orders"":1}]"
btc_usd_d10_20260708T211500Z,40,2026-07-08T21:55:00.598830Z,2026-07-08T21:55:00.598973Z,BTC-USD,10,ok,,132309224306,2026-07-08T21:54:57.838157101Z,0.44023379,0.44749593,-0.008180575502,62130.919999999998,62130.93,62130.925000000003,0.010000000002,0.001609504446,"[{""price"":62130.92,""size"":0.20264842,""num_orders"":7},{""price"":62130.39,""size"":9.801e-05,""num_orders"":1},{""price"":62129.36,""size"":0.00804752,""num_orders"":1},{""price"":62128.42,""size"":0.001545,""num_orders"":1},{""price"":62127.98,""size"":0.06124969,""num_orders"":1},{""price"":62126.75,""size"":0.01005944,""num_orders"":1},{""price"":62125.84,""size"":0.05025205,""num_orders"":1},{""price"":62125.82,""size"":0.09668624,""num_orders"":1},{""price"":62124.06,""size"":0.00804764,""num_orders"":1},{""price"":62124.05,""size"":0.00159978,""num_orders"":1}]","[{""price"":62130.93,""size"":0.01556296,""num_orders"":2},{""price"":62131.99,""size"":0.00159976,""num_orders"":1},{""price"":62132.0,""size"":0.0343,""num_orders"":1},{""price"":62133.42,""size"":0.04855982,""num_orders"":5},{""price"":62133.97,""size"":0.13557098,""num_orders"":2},{""price"":62133.98,""size"":0.14545483,""num_orders"":2},{""price"":62134.0,""size"":0.0343,""num_orders"":1},{""price"":62134.04,""size"":0.02212958,""num_orders"":4},{""price"":62134.1,""size"":1.8e-05,""num_orders"":1},{""price"":62135.0,""size"":0.01,""num_orders"":1}]"
btc_usd_d10_20260708T211500Z,41,2026-07-08T21:56:00.598830Z,2026-07-08T21:56:00.598948Z,BTC-USD,10,ok,,132309262304,2026-07-08T21:56:00.184749688Z,0.45424639,1.31419708,-0.486275475913,62161.949999999997,62161.959999999999,62161.955000000002,0.010000000002,0.001608701014,"[{""price"":62161.95,""size"":0.056294,""num_orders"":2},{""price"":62160.06,""size"":0.00319954,""num_orders"":1},{""price"":62160.05,""size"":0.01061683,""num_orders"":1},{""price"":62160.04,""size"":0.05018001,""num_orders"":1},{""price"":62160.03,""size"":0.06049102,""num_orders"":1},{""price"":62158.25,""size"":0.09668624,""num_orders"":1},{""price"":62158.24,""size"":0.12632072,""num_orders"":2},{""price"":62156.7,""size"":0.00015144,""num_orders"":1},{""price"":62156.39,""size"":0.001538,""num_orders"":1},{""price"":62155.77,""size"":0.04876859,""num_orders"":1}]","[{""price"":62161.96,""size"":0.04659922,""num_orders"":1},{""price"":62161.97,""size"":1.02844016,""num_orders"":1},{""price"":62162.0,""size"":0.0429,""num_orders"":1},{""price"":62163.7,""size"":1.8e-05,""num_orders"":1},{""price"":62164.0,""size"":0.0429,""num_orders"":1},{""price"":62164.45,""size"":0.00015081,""num_orders"":2},{""price"":62165.04,""size"":0.09668624,""num_orders"":1},{""price"":62165.07,""size"":0.01206465,""num_orders"":2},{""price"":62165.65,""size"":0.001538,""num_orders"":1},{""price"":62166.0,""size"":0.0429,""num_orders"":1}]"
btc_usd_d10_20260708T211500Z,42,2026-07-08T21:57:00.598830Z,2026-07-08T21:57:00.598968Z,BTC-USD,10,ok,,132309295337,2026-07-08T21:56:58.528609949Z,0.45312645,0.23581729,0.315423665799,62151.610000000001,62151.620000000003,62151.615000000005,0.010000000002,0.001608968649,"[{""price"":62151.61,""size"":0.21004293,""num_orders"":6},{""price"":62150.05,""size"":0.00804484,""num_orders"":1},{""price"":62149.76,""size"":0.00123993,""num_orders"":1},{""price"":62148.54,""size"":0.02212309,""num_orders"":1},{""price"":62148.52,""size"":0.05147101,""num_orders"":2},{""price"":62148.51,""size"":0.09668624,""num_orders"":1},{""price"":62147.98,""size"":0.05019419,""num_orders"":1},{""price"":62147.96,""size"":0.01005605,""num_orders"":1},{""price"":62147.14,""size"":0.00160917,""num_orders"":1},{""price"":62147.08,""size"":0.001659,""num_orders"":1}]","[{""price"":62151.62,""size"":0.01356913,""num_orders"":5},{""price"":62152.24,""size"":0.01407833,""num_orders"":3},{""price"":62152.6,""size"":1.8e-05,""num_orders"":1},{""price"":62152.87,""size"":0.04876859,""num_orders"":1},{""price"":62154.0,""size"":0.0429,""num_orders"":1},{""price"":62154.11,""size"":0.00010056,""num_orders"":1},{""price"":62154.73,""size"":0.00804444,""num_orders"":1},{""price"":62155.0,""size"":0.01,""num_orders"":1},{""price"":62155.79,""size"":0.001652,""num_orders"":1},{""price"":62155.99,""size"":0.09668624,""num_orders"":1}]"
btc_usd_d10_20260708T211500Z,43,2026-07-08T21:58:00.598830Z,2026-07-08T21:58:00.598946Z,BTC-USD,10,ok,,132309328934,2026-07-08T21:57:58.611158162Z,1.19483431,1.64935738,-0.159807467126,62186.410000000003,62186.419999999998,62186.415000000001,0.009999999995,0.001608068257,"[{""price"":62186.41,""size"":0.10639697,""num_orders"":3},{""price"":62184.86,""size"":0.00319954,""num_orders"":1},{""price"":62184.85,""size"":0.0046704,""num_orders"":1},{""price"":62184.68,""size"":0.04823414,""num_orders"":1},{""price"":62184.0,""size"":0.0429,""num_orders"":1},{""price"":62183.99,""size"":0.01246671,""num_orders"":1},{""price"":62182.0,""size"":0.12302664,""num_orders"":2},{""price"":62181.89,""size"":0.00157976,""num_orders"":1},{""price"":62180.23,""size"":0.04876859,""num_orders"":1},{""price"":62180.22,""size"":0.80359156,""num_orders"":1}]","[{""price"":62186.42,""size"":0.18732397,""num_orders"":5},{""price"":62186.43,""size"":1.24041862,""num_orders"":2},{""price"":62187.3,""size"":0.05,""num_orders"":1},{""price"":62187.98,""size"":0.00804034,""num_orders"":1},{""price"":62188.0,""size"":0.0429,""num_orders"":1},{""price"":62188.52,""size"":0.001584,""num_orders"":1},{""price"":62188.91,""size"":0.00027638,""num_orders"":4},{""price"":62188.95,""size"":0.09668624,""num_orders"":1},{""price"":62189.53,""size"":0.02210983,""num_orders"":4},{""price"":62189.6,""size"":1.8e-05,""num_orders"":1}]"
btc_usd_d10_20260708T211500Z,44,2026-07-08T21:59:00.598830Z,2026-07-08T21:59:00.598972Z,BTC-USD,10,ok,,132309366844,2026-07-08T21:59:00.188807343Z,0.48730646,0.78706496,-0.235220670595,62132.5,62132.82,62132.660000000003,0.32,0.051502704053,"[{""price"":62132.5,""size"":0.0281,""num_orders"":1},{""price"":62132.04,""size"":0.04504402,""num_orders"":4},{""price"":62131.02,""size"":0.00319954,""num_orders"":1},{""price"":62131.01,""size"":0.12876016,""num_orders"":1},{""price"":62130.0,""size"":0.0429,""num_orders"":1},{""price"":62128.02,""size"":0.09668624,""num_orders"":1},{""price"":62128.0,""size"":0.0429,""num_orders"":1},{""price"":62127.89,""size"":0.00804791,""num_orders"":1},{""price"":62126.02,""size"":0.04876859,""num_orders"":1},{""price"":62126.0,""size"":0.0429,""num_orders"":1}]","[{""price"":62132.82,""size"":0.20946892,""num_orders"":1},{""price"":62134.0,""size"":0.0429,""num_orders"":1},{""price"":62134.1,""size"":1.8e-05,""num_orders"":1},{""price"":62134.18,""size"":0.001645,""num_orders"":1},{""price"":62134.62,""size"":0.09668624,""num_orders"":1},{""price"":62135.0,""size"":0.01,""num_orders"":1},{""price"":62136.0,""size"":0.0429,""num_orders"":1},{""price"":62136.74,""size"":0.09668624,""num_orders"":1},{""price"":62136.77,""size"":0.23799197,""num_orders"":1},{""price"":62136.78,""size"":0.04876859,""num_orders"":1}]"
btc_usd_d10_20260708T211500Z,45,2026-07-08T22:00:00.598830Z,2026-07-08T22:00:00.598960Z,BTC-USD,10,ok,,132309396924,2026-07-08T21:59:59.524803229Z,0.46338406,0.75342102,-0.238359425653,62132.099999999999,62132.110000000001,62132.104999999996,0.010000000002,0.001609473879,"[{""price"":62132.1,""size"":0.10609864,""num_orders"":2},{""price"":62132.01,""size"":0.00319954,""num_orders"":1},{""price"":62132.0,""size"":0.12875812,""num_orders"":1},{""price"":62130.54,""size"":0.00804736,""num_orders"":1},{""price"":62130.4,""size"":1.8e-05,""num_orders"":1},{""price"":62130.0,""size"":0.0407,""num_orders"":1},{""price"":62129.34,""size"":0.00752897,""num_orders"":1},{""price"":62129.04,""size"":0.05021582,""num_orders"":1},{""price"":62128.99,""size"":0.02213137,""num_orders"":4},{""price"":62128.47,""size"":0.09668624,""num_orders"":1}]","[{""price"":62132.11,""size"":0.20403,""num_orders"":4},{""price"":62132.61,""size"":0.20178622,""num_orders"":1},{""price"":62132.62,""size"":0.09668624,""num_orders"":1},{""price"":62132.63,""size"":0.04876859,""num_orders"":1},{""price"":62133.54,""size"":0.00804743,""num_orders"":1},{""price"":62134.0,""size"":0.0429,""num_orders"":1},{""price"":62135.2,""size"":0.0100593,""num_orders"":1},{""price"":62135.28,""size"":0.09668624,""num_orders"":1},{""price"":62136.0,""size"":0.0429,""num_orders"":1},{""price"":62136.81,""size"":0.001557,""num_orders"":1}]"
btc_usd_d10_20260708T211500Z,46,2026-07-08T22:01:00.598830Z,2026-07-08T22:01:00.598968Z,BTC-USD,10,ok,,132309445923,2026-07-08T22:00:58.535822109Z,1.02351582,0.75194468,0.152958142409,62175,62175.010000000002,62175.005000000005,0.010000000002,0.001608363361,"[{""price"":62175.0,""size"":0.1341093,""num_orders"":6},{""price"":62174.83,""size"":0.00234437,""num_orders"":1},{""price"":62174.82,""size"":0.3675532,""num_orders"":1},{""price"":62174.81,""size"":0.12866946,""num_orders"":1},{""price"":62173.7,""size"":0.001568,""num_orders"":1},{""price"":62173.03,""size"":0.09668624,""num_orders"":1},{""price"":62173.02,""size"":0.04876859,""num_orders"":1},{""price"":62172.47,""size"":0.16084288,""num_orders"":1},{""price"":62172.0,""size"":0.0299,""num_orders"":1},{""price"":62170.83,""size"":0.05307378,""num_orders"":2}]","[{""price"":62175.01,""size"":0.21016186,""num_orders"":2},{""price"":62177.38,""size"":0.04876859,""num_orders"":1},{""price"":62177.5,""size"":0.0002513,""num_orders"":3},{""price"":62178.0,""size"":0.0299,""num_orders"":1},{""price"":62178.12,""size"":0.02010353,""num_orders"":3},{""price"":62178.5,""size"":1.8e-05,""num_orders"":1},{""price"":62179.54,""size"":0.09668624,""num_orders"":1},{""price"":62180.0,""size"":0.0399,""num_orders"":2},{""price"":62180.08,""size"":0.20946892,""num_orders"":1},{""price"":62181.85,""size"":0.09668624,""num_orders"":1}]"
btc_usd_d10_20260708T211500Z,47,2026-07-08T22:02:00.598830Z,2026-07-08T22:02:00.598961Z,BTC-USD,10,ok,,132309480761,2026-07-08T22:02:00.140495814Z,0.7032711,0.37534378,0.304026326802,62167.989999999998,62168,62167.994999999995,0.010000000002,0.001608544719,"[{""price"":62167.99,""size"":0.04033935,""num_orders"":4},{""price"":62167.97,""size"":0.1286836,""num_orders"":1},{""price"":62167.4,""size"":1.8e-05,""num_orders"":1},{""price"":62166.01,""size"":0.0178503,""num_orders"":1},{""price"":62166.0,""size"":0.0299,""num_orders"":1},{""price"":62165.77,""size"":0.24741769,""num_orders"":1},{""price"":62165.76,""size"":0.09668624,""num_orders"":1},{""price"":62165.74,""size"":0.12868823,""num_orders"":1},{""price"":62164.88,""size"":0.01206469,""num_orders"":2},{""price"":62164.05,""size"":0.001623,""num_orders"":1}]","[{""price"":62168.0,""size"":0.02016801,""num_orders"":3},{""price"":62169.55,""size"":0.00319954,""num_orders"":1},{""price"":62169.56,""size"":0.00804272,""num_orders"":1},{""price"":62170.0,""size"":0.0299,""num_orders"":1},{""price"":62170.65,""size"":0.11739387,""num_orders"":1},{""price"":62170.66,""size"":0.09668624,""num_orders"":1},{""price"":62170.86,""size"":0.03,""num_orders"":1},{""price"":62170.88,""size"":0.03,""num_orders"":1},{""price"":62171.66,""size"":0.0100534,""num_orders"":1},{""price"":62172.0,""size"":0.0299,""num_orders"":1}]"
btc_usd_d10_20260708T211500Z,48,2026-07-08T22:03:00.598830Z,2026-07-08T22:03:00.598962Z,BTC-USD,10,ok,,132309532447,2026-07-08T22:02:59.544189300Z,0.31346259,0.59384717,-0.309028506428,62227.209999999999,62228.209999999999,62227.709999999999,1,0.160700112538,"[{""price"":62227.21,""size"":0.00408081,""num_orders"":1},{""price"":62226.6,""size"":1.8e-05,""num_orders"":1},{""price"":62226.0,""size"":0.0407,""num_orders"":1},{""price"":62225.08,""size"":0.00816162,""num_orders"":1},{""price"":62225.05,""size"":0.12856556,""num_orders"":1},{""price"":62224.0,""size"":0.0407,""num_orders"":1},{""price"":62223.86,""size"":0.04820112,""num_orders"":1},{""price"":62222.9,""size"":1.8e-05,""num_orders"":1},{""price"":62222.0,""size"":0.0429,""num_orders"":1},{""price"":62221.68,""size"":0.00011748,""num_orders"":1}]","[{""price"":62228.21,""size"":0.00309555,""num_orders"":1},{""price"":62228.22,""size"":0.09668624,""num_orders"":1},{""price"":62228.75,""size"":0.00150623,""num_orders"":1},{""price"":62229.94,""size"":0.20946892,""num_orders"":1},{""price"":62231.99,""size"":0.09668624,""num_orders"":1},{""price"":62232.0,""size"":0.0407,""num_orders"":1},{""price"":62232.82,""size"":0.04876859,""num_orders"":1},{""price"":62233.19,""size"":0.04820112,""num_orders"":1},{""price"":62234.0,""size"":0.0407,""num_orders"":1},{""price"":62234.29,""size"":0.00803428,""num_orders"":1}]"
btc_usd_d10_20260708T211500Z,49,2026-07-08T22:04:00.598830Z,2026-07-08T22:04:00.598983Z,BTC-USD,10,ok,,132309579536,2026-07-08T22:03:58.683834571Z,0.28598343,0.69763619,-0.418508081407,62239.379999999997,62241.129999999997,62240.254999999997,1.75,0.28116851385,"[{""price"":62239.38,""size"":0.01998841,""num_orders"":2},{""price"":62239.37,""size"":0.00319954,""num_orders"":1},{""price"":62239.35,""size"":0.12853603,""num_orders"":1},{""price"":62239.33,""size"":4.262e-05,""num_orders"":1},{""price"":62238.32,""size"":0.00803343,""num_orders"":1},{""price"":62238.0,""size"":0.0332,""num_orders"":1},{""price"":62236.6,""size"":0.001546,""num_orders"":1},{""price"":62236.22,""size"":0.01004179,""num_orders"":1},{""price"":62236.0,""size"":0.0332,""num_orders"":1},{""price"":62235.78,""size"":0.04819561,""num_orders"":1}]","[{""price"":62241.13,""size"":0.0281,""num_orders"":1},{""price"":62241.8,""size"":0.23730103,""num_orders"":1},{""price"":62241.81,""size"":0.09668624,""num_orders"":1},{""price"":62242.0,""size"":0.0332,""num_orders"":1},{""price"":62242.14,""size"":0.04876859,""num_orders"":1},{""price"":62242.38,""size"":0.00015062,""num_orders"":2},{""price"":62242.76,""size"":0.20663416,""num_orders"":1},{""price"":62243.0,""size"":0.01204955,""num_orders"":2},{""price"":62244.0,""size"":0.0332,""num_orders"":1},{""price"":62244.88,""size"":0.001546,""num_orders"":1}]"
btc_usd_d10_20260708T211500Z,50,2026-07-08T22:05:00.598830Z,2026-07-08T22:05:00.598964Z,BTC-USD,10,ok,,132309618583,2026-07-08T22:04:58.151533028Z,0.38412369,0.80895194,-0.356078222803,62222.900000000001,62222.910000000003,62222.904999999999,0.010000000002,0.001607125222,"[{""price"":62222.9,""size"":0.02152628,""num_orders"":2},{""price"":62221.37,""size"":0.00288067,""num_orders"":1},{""price"":62221.36,""size"":0.1285732,""num_orders"":1},{""price"":62221.34,""size"":0.00803548,""num_orders"":1},{""price"":62219.56,""size"":0.16072115,""num_orders"":1},{""price"":62219.24,""size"":0.01004435,""num_orders"":1},{""price"":62218.0,""size"":0.0299,""num_orders"":1},{""price"":62216.47,""size"":0.00080356,""num_orders"":1},{""price"":62216.44,""size"":0.02,""num_orders"":1},{""price"":62216.43,""size"":0.001639,""num_orders"":1}]","[{""price"":62222.91,""size"":0.0956796,""num_orders"":6},{""price"":62223.67,""size"":0.09668624,""num_orders"":1},{""price"":62223.68,""size"":0.15416779,""num_orders"":1},{""price"":62223.72,""size"":0.04876859,""num_orders"":1},{""price"":62223.74,""size"":0.20946892,""num_orders"":1},{""price"":62224.96,""size"":0.04821312,""num_orders"":1},{""price"":62225.4,""size"":0.00015066,""num_orders"":2},{""price"":62225.57,""size"":0.11066419,""num_orders"":1},{""price"":62226.0,""size"":0.0331,""num_orders"":1},{""price"":62226.02,""size"":0.01205283,""num_orders"":2}]"
btc_usd_d10_20260708T211500Z,51,2026-07-08T22:06:00.598830Z,2026-07-08T22:06:00.598963Z,BTC-USD,10,ok,,132309660752,2026-07-08T22:06:00.037702818Z,0.48485951,0.72877467,-0.200979145133,62235.220000000001,62235.230000000003,62235.225000000006,0.010000000002,0.001606807078,"[{""price"":62235.22,""size"":0.01289618,""num_orders"":2},{""price"":62235.16,""size"":0.00319929,""num_orders"":1},{""price"":62234.0,""size"":0.0256,""num_orders"":1},{""price"":62233.93,""size"":0.12854723,""num_orders"":1},{""price"":62232.04,""size"":0.09668624,""num_orders"":1},{""price"":62232.03,""size"":0.16068894,""num_orders"":1},{""price"":62232.0,""size"":0.0256,""num_orders"":1},{""price"":62230.98,""size"":0.01004263,""num_orders"":1},{""price"":62230.2,""size"":0.02,""num_orders"":1},{""price"":62230.19,""size"":0.001599,""num_orders"":1}]","[{""price"":62235.23,""size"":8.4e-07,""num_orders"":1},{""price"":62235.24,""size"":0.12505295,""num_orders"":1},{""price"":62235.25,""size"":0.20946892,""num_orders"":1},{""price"":62237.47,""size"":0.19791298,""num_orders"":2},{""price"":62237.7,""size"":1.8e-05,""num_orders"":1},{""price"":62237.72,""size"":0.00017574,""num_orders"":3},{""price"":62238.0,""size"":0.0256,""num_orders"":1},{""price"":62238.22,""size"":0.12853838,""num_orders"":1},{""price"":62238.34,""size"":0.01405886,""num_orders"":3},{""price"":62238.62,""size"":0.027948,""num_orders"":1}]"
btc_usd_d10_20260708T211500Z,52,2026-07-08T22:07:00.598830Z,2026-07-08T22:07:00.598950Z,BTC-USD,10,ok,,132309720355,2026-07-08T22:06:59.602159640Z,0.51767504,0.42084588,0.103172084859,62266.400000000001,62267.559999999998,62266.979999999996,1.159999999996,0.186294565755,"[{""price"":62266.4,""size"":0.02002137,""num_orders"":2},{""price"":62266.0,""size"":4.8e-07,""num_orders"":1},{""price"":62265.55,""size"":0.02208283,""num_orders"":4},{""price"":62265.47,""size"":0.12848212,""num_orders"":1},{""price"":62264.0,""size"":0.0208,""num_orders"":1},{""price"":62263.6,""size"":1.8e-05,""num_orders"":1},{""price"":62263.31,""size"":0.1606082,""num_orders"":1},{""price"":62262.38,""size"":0.0481758,""num_orders"":1},{""price"":62262.0,""size"":0.0208,""num_orders"":1},{""price"":62261.67,""size"":0.09668624,""num_orders"":1}]","[{""price"":62267.56,""size"":0.00319954,""num_orders"":1},{""price"":62267.57,""size"":0.05865898,""num_orders"":1},{""price"":62267.98,""size"":0.00157,""num_orders"":1},{""price"":62268.39,""size"":0.09668624,""num_orders"":1},{""price"":62268.67,""size"":0.00817521,""num_orders"":1},{""price"":62269.12,""size"":5.9e-07,""num_orders"":1},{""price"":62270.0,""size"":0.0208,""num_orders"":1},{""price"":62270.23,""size"":0.00802972,""num_orders"":1},{""price"":62270.68,""size"":0.12703936,""num_orders"":2},{""price"":62270.69,""size"":0.09668624,""num_orders"":1}]"
btc_usd_d10_20260708T211500Z,53,2026-07-08T22:08:00.598830Z,2026-07-08T22:08:00.598928Z,BTC-USD,10,ok,,132309777994,2026-07-08T22:07:58.821771855Z,0.26794292,1.14946886,-0.621926494783,62241.089999999997,62241.099999999999,62241.095000000001,0.010000000002,0.001606655539,"[{""price"":62241.09,""size"":0.00803328,""num_orders"":1},{""price"":62241.08,""size"":0.00401664,""num_orders"":1},{""price"":62238.0,""size"":0.0169,""num_orders"":1},{""price"":62237.98,""size"":0.0100421,""num_orders"":2},{""price"":62237.7,""size"":1.8e-05,""num_orders"":1},{""price"":62236.0,""size"":0.0178,""num_orders"":1},{""price"":62234.38,""size"":0.12854631,""num_orders"":1},{""price"":62234.01,""size"":0.04876859,""num_orders"":1},{""price"":62234.0,""size"":0.016918,""num_orders"":2},{""price"":62232.0,""size"":0.0169,""num_orders"":1}]","[{""price"":62241.1,""size"":0.3592088,""num_orders"":6},{""price"":62241.23,""size"":0.08311426,""num_orders"":2},{""price"":62241.24,""size"":0.04876859,""num_orders"":1},{""price"":62242.96,""size"":0.00164314,""num_orders"":1},{""price"":62242.97,""size"":0.09668624,""num_orders"":1},{""price"":62244.61,""size"":0.21282492,""num_orders"":1},{""price"":62244.62,""size"":0.16065646,""num_orders"":1},{""price"":62244.64,""size"":0.0082342,""num_orders"":1},{""price"":62245.61,""size"":0.17678225,""num_orders"":1},{""price"":62245.77,""size"":0.00155,""num_orders"":1}]"
btc_usd_d10_20260708T211500Z,54,2026-07-08T22:09:00.598830Z,2026-07-08T22:09:00.598974Z,BTC-USD,10,ok,,132309823185,2026-07-08T22:08:58.666423610Z,0.65413278,0.38523741,0.258709911624,62176.93,62176.940000000002,62176.934999999998,0.010000000002,0.001608313437,"[{""price"":62176.93,""size"":0.15435531,""num_orders"":4},{""price"":62174.58,""size"":0.00319954,""num_orders"":1},{""price"":62174.57,""size"":0.09668624,""num_orders"":1},{""price"":62174.55,""size"":0.04876859,""num_orders"":1},{""price"":62174.54,""size"":0.1507852,""num_orders"":5},{""price"":62174.0,""size"":0.0227,""num_orders"":1},{""price"":62172.0,""size"":0.0227,""num_orders"":1},{""price"":62171.55,""size"":0.01,""num_orders"":1},{""price"":62171.51,""size"":0.09668624,""num_orders"":1},{""price"":62171.4,""size"":0.04825166,""num_orders"":1}]","[{""price"":62176.94,""size"":0.02916118,""num_orders"":1},{""price"":62176.96,""size"":0.03,""num_orders"":1},{""price"":62178.0,""size"":0.0227,""num_orders"":1},{""price"":62178.5,""size"":0.00804156,""num_orders"":1},{""price"":62179.44,""size"":0.001616,""num_orders"":1},{""price"":62179.99,""size"":0.10608077,""num_orders"":1},{""price"":62180.0,""size"":0.0227,""num_orders"":1},{""price"":62180.72,""size"":0.04825166,""num_orders"":1},{""price"":62181.28,""size"":0.02,""num_orders"":1},{""price"":62181.29,""size"":0.09668624,""num_orders"":1}]"
btc_usd_d10_20260708T211500Z,55,2026-07-08T22:10:00.598830Z,2026-07-08T22:10:00.598979Z,BTC-USD,10,ok,,132309875191,2026-07-08T22:09:58.523240208Z,0.23116157,0.87223165,-0.580998748569,62171.099999999999,62171.110000000001,62171.104999999996,0.010000000002,0.001608464254,"[{""price"":62171.1,""size"":0.00158929,""num_orders"":3},{""price"":62168.08,""size"":0.00201068,""num_orders"":1},{""price"":62168.04,""size"":0.00816115,""num_orders"":2},{""price"":62168.0,""size"":0.02964272,""num_orders"":2},{""price"":62167.99,""size"":0.00402136,""num_orders"":1},{""price"":62167.4,""size"":1.8e-05,""num_orders"":1},{""price"":62167.3,""size"":0.001657,""num_orders"":1},{""price"":62166.01,""size"":0.0016003,""num_orders"":1},{""price"":62166.0,""size"":0.0216,""num_orders"":1},{""price"":62165.44,""size"":0.16086107,""num_orders"":1}]","[{""price"":62171.11,""size"":0.0970337,""num_orders"":6},{""price"":62171.99,""size"":0.00118749,""num_orders"":1},{""price"":62172.0,""size"":0.0216,""num_orders"":1},{""price"":62172.48,""size"":0.25319686,""num_orders"":2},{""price"":62172.49,""size"":0.09668624,""num_orders"":1},{""price"":62172.5,""size"":0.04876859,""num_orders"":1},{""price"":62173.48,""size"":0.04825472,""num_orders"":1},{""price"":62173.5,""size"":0.17678225,""num_orders"":1},{""price"":62173.64,""size"":5.026e-05,""num_orders"":1},{""price"":62173.82,""size"":0.12867154,""num_orders"":1}]"
btc_usd_d10_20260708T211500Z,56,2026-07-08T22:11:00.598830Z,2026-07-08T22:11:00.598962Z,BTC-USD,10,ok,,132309915637,2026-07-08T22:10:57.812517789Z,0.44183827,0.77816824,-0.275678832238,62180.75,62180.760000000002,62180.755000000005,0.010000000002,0.001608214632,"[{""price"":62180.75,""size"":0.02817759,""num_orders"":2},{""price"":62179.84,""size"":0.01689612,""num_orders"":2},{""price"":62178.23,""size"":0.00117633,""num_orders"":1},{""price"":62178.01,""size"":0.00254664,""num_orders"":1},{""price"":62178.0,""size"":0.0205,""num_orders"":1},{""price"":62177.63,""size"":0.16349638,""num_orders"":2},{""price"":62176.77,""size"":0.048245,""num_orders"":1},{""price"":62176.42,""size"":0.12866612,""num_orders"":1},{""price"":62176.0,""size"":0.02208193,""num_orders"":2},{""price"":62175.7,""size"":0.01005216,""num_orders"":2}]","[{""price"":62180.76,""size"":0.02439,""num_orders"":1},{""price"":62181.41,""size"":0.12865582,""num_orders"":1},{""price"":62181.88,""size"":0.09668624,""num_orders"":1},{""price"":62182.0,""size"":0.0205,""num_orders"":1},{""price"":62182.48,""size"":0.00015077,""num_orders"":2},{""price"":62183.09,""size"":0.30876552,""num_orders"":1},{""price"":62183.1,""size"":0.01206116,""num_orders"":2},{""price"":62183.25,""size"":0.00012564,""num_orders"":2},{""price"":62183.87,""size"":0.01005084,""num_orders"":2},{""price"":62183.97,""size"":0.17678225,""num_orders"":1}]"
btc_usd_d10_20260708T211500Z,57,2026-07-08T22:12:00.598830Z,2026-07-08T22:12:00.598948Z,BTC-USD,10,ok,,132309961286,2026-07-08T22:11:59.529098242Z,0.81491661,0.31517876,0.442208563336,62200.690000000002,62200.699999999997,62200.695,0.009999999995,0.001607699077,"[{""price"":62200.69,""size"":0.02097313,""num_orders"":3},{""price"":62200.1,""size"":0.28,""num_orders"":1},{""price"":62198.87,""size"":0.00784715,""num_orders"":1},{""price"":62198.0,""size"":0.0249,""num_orders"":1},{""price"":62196.87,""size"":0.001661,""num_orders"":1},{""price"":62196.57,""size"":0.00319954,""num_orders"":1},{""price"":62196.56,""size"":0.22612506,""num_orders"":2},{""price"":62196.55,""size"":0.12862449,""num_orders"":1},{""price"":62196.02,""size"":0.09668624,""num_orders"":1},{""price"":62196.0,""size"":0.0249,""num_orders"":1}]","[{""price"":62200.7,""size"":1.8e-05,""num_orders"":1},{""price"":62201.23,""size"":0.12861483,""num_orders"":1},{""price"":62201.66,""size"":0.06891875,""num_orders"":1},{""price"":62201.97,""size"":0.00010048,""num_orders"":1},{""price"":62202.59,""size"":0.00806337,""num_orders"":2},{""price"":62202.93,""size"":0.00010048,""num_orders"":1},{""price"":62202.95,""size"":0.01061683,""num_orders"":1},{""price"":62202.96,""size"":0.09668624,""num_orders"":1},{""price"":62203.19,""size"":5.024e-05,""num_orders"":1},{""price"":62203.21,""size"":0.00200954,""num_orders"":1}]"
btc_usd_d10_20260708T211500Z,58,2026-07-08T22:13:00.598830Z,2026-07-08T22:13:00.598963Z,BTC-USD,10,ok,,132309991002,2026-07-08T22:12:59.047580354Z,0.287436,0.85443442,-0.496552332094,62179.099999999999,62179.110000000001,62179.104999999996,0.010000000002,0.001608257308,"[{""price"":62179.1,""size"":0.01002128,""num_orders"":2},{""price"":62179.09,""size"":0.00335305,""num_orders"":1},{""price"":62178.5,""size"":1.8e-05,""num_orders"":1},{""price"":62176.03,""size"":0.00319954,""num_orders"":1},{""price"":62176.0,""size"":0.0318,""num_orders"":1},{""price"":62175.99,""size"":0.001608,""num_orders"":1},{""price"":62175.98,""size"":0.01206254,""num_orders"":2},{""price"":62174.87,""size"":0.09668624,""num_orders"":1},{""price"":62174.86,""size"":0.12866935,""num_orders"":1},{""price"":62174.8,""size"":1.8e-05,""num_orders"":1}]","[{""price"":62179.11,""size"":0.17235057,""num_orders"":3},{""price"":62179.72,""size"":0.10059485,""num_orders"":1},{""price"":62179.73,""size"":0.1286593,""num_orders"":1},{""price"":62180.0,""size"":0.0318,""num_orders"":1},{""price"":62180.66,""size"":0.00804128,""num_orders"":1},{""price"":62181.44,""size"":0.00080412,""num_orders"":1},{""price"":62181.52,""size"":0.04824802,""num_orders"":1},{""price"":62181.9,""size"":0.23545004,""num_orders"":1},{""price"":62182.0,""size"":0.0318,""num_orders"":1},{""price"":62182.75,""size"":0.09668624,""num_orders"":1}]"
btc_usd_d10_20260708T211500Z,59,2026-07-08T22:14:00.598830Z,2026-07-08T22:14:00.598973Z,BTC-USD,10,ok,,132310024265,2026-07-08T22:13:59.026994893Z,0.41595502,0.67662748,-0.238583777426,62166.919999999998,62166.93,62166.925000000003,0.010000000002,0.001608572404,"[{""price"":62166.92,""size"":0.02286838,""num_orders"":2},{""price"":62166.72,""size"":0.00111034,""num_orders"":1},{""price"":62166.0,""size"":0.02991999,""num_orders"":1},{""price"":62165.61,""size"":0.12868851,""num_orders"":1},{""price"":62165.47,""size"":0.00804279,""num_orders"":1},{""price"":62164.0,""size"":0.0317,""num_orders"":1},{""price"":62163.91,""size"":0.00603244,""num_orders"":2},{""price"":62163.84,""size"":0.12869215,""num_orders"":1},{""price"":62163.37,""size"":0.05882208,""num_orders"":2},{""price"":62162.41,""size"":7.834e-05,""num_orders"":1}]","[{""price"":62166.93,""size"":0.00108179,""num_orders"":1},{""price"":62166.94,""size"":0.00276927,""num_orders"":1},{""price"":62168.49,""size"":0.00804286,""num_orders"":1},{""price"":62168.79,""size"":0.05772169,""num_orders"":1},{""price"":62168.8,""size"":0.09668624,""num_orders"":1},{""price"":62168.96,""size"":0.0482609,""num_orders"":1},{""price"":62169.04,""size"":0.028125,""num_orders"":1},{""price"":62169.98,""size"":0.27356071,""num_orders"":1},{""price"":62170.0,""size"":0.0317,""num_orders"":1},{""price"":62170.2,""size"":0.12867902,""num_orders"":1}]"
btc_usd_d10_20260708T231425Z,0,2026-07-08T23:14:25.211685Z,2026-07-08T23:14:25.211719Z,BTC-USD,10,ok,,132311990071,2026-07-08T23:14:22.806186216Z,0.45557901,0.25100537,0.289524713241,62266.540000000001,62266.550000000003,62266.544999999998,0.010000000002,0.001605998856,"[{""price"":62266.54,""size"":0.04563859,""num_orders"":4},{""price"":62266.53,""size"":1.7e-07,""num_orders"":1},{""price"":62266.52,""size"":1.6e-07,""num_orders"":1},{""price"":62266.0,""size"":0.0267,""num_orders"":1},{""price"":62264.9,""size"":0.00319948,""num_orders"":1},{""price"":62264.89,""size"":0.12848332,""num_orders"":1},{""price"":62264.83,""size"":0.09635305,""num_orders"":1},{""price"":62264.0,""size"":0.0267,""num_orders"":1},{""price"":62263.6,""size"":1.8e-05,""num_orders"":1},{""price"":62263.47,""size"":0.12848624,""num_orders"":1}]","[{""price"":62266.55,""size"":0.01803018,""num_orders"":3},{""price"":62266.56,""size"":2e-07,""num_orders"":1},{""price"":62266.57,""size"":2.1e-07,""num_orders"":1},{""price"":62268.11,""size"":0.00802999,""num_orders"":1},{""price"":62269.3,""size"":0.01,""num_orders"":1},{""price"":62269.31,""size"":0.12847421,""num_orders"":1},{""price"":62269.38,""size"":0.04818309,""num_orders"":1},{""price"":62269.96,""size"":0.00155,""num_orders"":1},{""price"":62270.0,""size"":0.0267,""num_orders"":1},{""price"":62270.21,""size"":0.01003749,""num_orders"":1}]"
btc_usd_d10_20260708T231425Z,1,2026-07-08T23:15:25.211685Z,2026-07-08T23:15:25.211813Z,BTC-USD,10,ok,,132312016641,2026-07-08T23:15:24.020305664Z,0.25202038,0.68864112,-0.464163506213,62269.349999999999,62269.360000000001,62269.354999999996,0.010000000002,0.001605926383,"[{""price"":62269.35,""size"":0.01288819,""num_orders"":4},{""price"":62269.34,""size"":1.6e-07,""num_orders"":1},{""price"":62269.33,""size"":1.8e-07,""num_orders"":1},{""price"":62267.3,""size"":1.8e-05,""num_orders"":1},{""price"":62266.54,""size"":3.902e-05,""num_orders"":1},{""price"":62266.26,""size"":0.00160116,""num_orders"":1},{""price"":62266.25,""size"":0.09635305,""num_orders"":1},{""price"":62266.24,""size"":0.01806757,""num_orders"":3},{""price"":62266.0,""size"":0.0267,""num_orders"":1},{""price"":62264.21,""size"":0.09635305,""num_orders"":1}]","[{""price"":62269.36,""size"":0.25198878,""num_orders"":8},{""price"":62269.37,""size"":1.6e-07,""num_orders"":1},{""price"":62269.39,""size"":1.7e-07,""num_orders"":1},{""price"":62270.91,""size"":0.01,""num_orders"":1},{""price"":62270.92,""size"":0.00802963,""num_orders"":1},{""price"":62271.64,""size"":0.01,""num_orders"":1},{""price"":62271.65,""size"":0.12846938,""num_orders"":1},{""price"":62271.69,""size"":0.25441,""num_orders"":1},{""price"":62272.0,""size"":0.0241,""num_orders"":1},{""price"":62272.71,""size"":0.001643,""num_orders"":1}]"
btc_usd_d10_20260708T231425Z,2,2026-07-08T23:16:25.211685Z,2026-07-08T23:16:25.211831Z,BTC-USD,10,ok,,132312043120,2026-07-08T23:16:22.679507688Z,0.16738727,0.30651094,-0.293572896171,62270.989999999998,62271,62270.994999999995,0.010000000002,0.001605884088,"[{""price"":62270.99,""size"":0.05495377,""num_orders"":7},{""price"":62270.98,""size"":2.2e-07,""num_orders"":1},{""price"":62270.97,""size"":2.4e-07,""num_orders"":1},{""price"":62270.01,""size"":0.00319954,""num_orders"":1},{""price"":62270.0,""size"":0.0252,""num_orders"":1},{""price"":62269.43,""size"":0.00802942,""num_orders"":1},{""price"":62269.3,""size"":2.6e-07,""num_orders"":1},{""price"":62269.2,""size"":0.0320038,""num_orders"":1},{""price"":62268.39,""size"":0.01,""num_orders"":1},{""price"":62268.38,""size"":0.03400002,""num_orders"":1}]","[{""price"":62271.0,""size"":5.6e-07,""num_orders"":2},{""price"":62271.01,""size"":1.5e-07,""num_orders"":1},{""price"":62271.03,""size"":1.6e-07,""num_orders"":1},{""price"":62271.15,""size"":0.12847041,""num_orders"":1},{""price"":62272.56,""size"":0.00802942,""num_orders"":1},{""price"":62272.59,""size"":0.04818106,""num_orders"":1},{""price"":62273.48,""size"":1.4e-07,""num_orders"":1},{""price"":62273.49,""size"":0.00027599,""num_orders"":4},{""price"":62274.0,""size"":0.0252,""num_orders"":1},{""price"":62274.06,""size"":0.09635305,""num_orders"":1}]"
btc_usd_d10_20260708T231425Z,3,2026-07-08T23:17:25.211685Z,2026-07-08T23:17:25.211818Z,BTC-USD,10,ok,,132312089576,2026-07-08T23:17:24.547759021Z,0.41018468,0.27461246,0.197974278923,62220.93,62220.940000000002,62220.934999999998,0.010000000002,0.001607176106,"[{""price"":62220.93,""size"":0.03514602,""num_orders"":4},{""price"":62220.92,""size"":1.5e-07,""num_orders"":1},{""price"":62220.91,""size"":1.6e-07,""num_orders"":1},{""price"":62220.01,""size"":0.00126857,""num_orders"":1},{""price"":62220.0,""size"":0.0264,""num_orders"":1},{""price"":62219.37,""size"":0.00803588,""num_orders"":1},{""price"":62219.15,""size"":0.01,""num_orders"":1},{""price"":62219.14,""size"":0.16860782,""num_orders"":1},{""price"":62219.13,""size"":0.09635305,""num_orders"":1},{""price"":62219.12,""size"":0.06437303,""num_orders"":1}]","[{""price"":62220.94,""size"":0.04809549,""num_orders"":4},{""price"":62220.96,""size"":4.5e-07,""num_orders"":2},{""price"":62222.25,""size"":0.0032145,""num_orders"":2},{""price"":62222.51,""size"":0.04822086,""num_orders"":1},{""price"":62222.9,""size"":1.8e-05,""num_orders"":1},{""price"":62223.3,""size"":9.7e-05,""num_orders"":1},{""price"":62223.99,""size"":0.01,""num_orders"":1},{""price"":62224.0,""size"":0.0264,""num_orders"":1},{""price"":62224.77,""size"":0.01,""num_orders"":1},{""price"":62224.78,""size"":0.12856616,""num_orders"":1}]"
btc_usd_d10_20260708T231425Z,4,2026-07-08T23:18:25.211685Z,2026-07-08T23:18:25.211809Z,BTC-USD,10,ok,,132312117057,2026-07-08T23:18:24.650528894Z,0.2119576,0.42063549,-0.329876967199,62232.589999999997,62232.599999999999,62232.595000000001,0.010000000002,0.001606874983,"[{""price"":62232.59,""size"":0.03523116,""num_orders"":5},{""price"":62232.57,""size"":2e-07,""num_orders"":1},{""price"":62232.0,""size"":0.029,""num_orders"":1},{""price"":62231.02,""size"":0.00803437,""num_orders"":1},{""price"":62230.87,""size"":0.00021532,""num_orders"":1},{""price"":62230.31,""size"":0.00319954,""num_orders"":1},{""price"":62230.3,""size"":0.09635305,""num_orders"":1},{""price"":62230.0,""size"":0.029,""num_orders"":1},{""price"":62229.31,""size"":0.00088099,""num_orders"":1},{""price"":62228.92,""size"":0.01004297,""num_orders"":1}]","[{""price"":62232.6,""size"":0.03289625,""num_orders"":2},{""price"":62232.61,""size"":1.3e-07,""num_orders"":1},{""price"":62232.62,""size"":1.4e-07,""num_orders"":1},{""price"":62232.74,""size"":0.01,""num_orders"":1},{""price"":62232.75,""size"":0.12854969,""num_orders"":1},{""price"":62233.49,""size"":0.12854816,""num_orders"":1},{""price"":62233.98,""size"":0.06437303,""num_orders"":1},{""price"":62234.0,""size"":1.8e-05,""num_orders"":1},{""price"":62234.16,""size"":0.00803437,""num_orders"":1},{""price"":62234.56,""size"":0.04821572,""num_orders"":1}]"
btc_usd_d10_20260708T231425Z,5,2026-07-08T23:19:25.211685Z,2026-07-08T23:19:25.211825Z,BTC-USD,10,ok,,132312140543,2026-07-08T23:19:24.681109375Z,0.11019426,0.33689362,-0.507057717601,62224.059999999998,62224.07,62224.065000000002,0.010000000002,0.001607095262,"[{""price"":62224.06,""size"":0.03752962,""num_orders"":6},{""price"":62224.05,""size"":3.941e-05,""num_orders"":2},{""price"":62224.04,""size"":2.1e-07,""num_orders"":1},{""price"":62222.9,""size"":1.8e-05,""num_orders"":1},{""price"":62222.49,""size"":0.00803547,""num_orders"":1},{""price"":62222.0,""size"":0.0276,""num_orders"":1},{""price"":62220.96,""size"":0.00319954,""num_orders"":1},{""price"":62220.95,""size"":0.02209867,""num_orders"":4},{""price"":62220.69,""size"":0.001629,""num_orders"":1},{""price"":62220.4,""size"":0.01004434,""num_orders"":1}]","[{""price"":62224.07,""size"":0.05033361,""num_orders"":4},{""price"":62224.08,""size"":1.5e-07,""num_orders"":1},{""price"":62224.1,""size"":1.6e-07,""num_orders"":1},{""price"":62224.82,""size"":0.12856606,""num_orders"":1},{""price"":62225.23,""size"":0.00112733,""num_orders"":1},{""price"":62225.63,""size"":0.00803547,""num_orders"":1},{""price"":62226.0,""size"":0.0262,""num_orders"":1},{""price"":62227.47,""size"":0.04821347,""num_orders"":1},{""price"":62227.73,""size"":0.01004434,""num_orders"":1},{""price"":62227.96,""size"":0.06437303,""num_orders"":1}]"
btc_usd_d10_20260708T231425Z,6,2026-07-08T23:20:25.211685Z,2026-07-08T23:20:25.211807Z,BTC-USD,10,ok,,132312167297,2026-07-08T23:20:24.156354329Z,0.31039116,0.54404471,-0.273459434703,62204.400000000001,62204.410000000003,62204.404999999999,0.010000000002,0.001607603192,"[{""price"":62204.4,""size"":0.01015439,""num_orders"":5},{""price"":62204.39,""size"":1.3e-07,""num_orders"":1},{""price"":62202.06,""size"":0.008065,""num_orders"":1},{""price"":62201.29,""size"":0.01607684,""num_orders"":2},{""price"":62200.7,""size"":1.8e-05,""num_orders"":1},{""price"":62200.0,""size"":0.03949968,""num_orders"":5},{""price"":62199.17,""size"":0.01,""num_orders"":1},{""price"":62199.16,""size"":0.12861907,""num_orders"":1},{""price"":62198.78,""size"":0.09635305,""num_orders"":1},{""price"":62197.59,""size"":0.001605,""num_orders"":1}]","[{""price"":62204.41,""size"":0.14987158,""num_orders"":11},{""price"":62204.42,""size"":0.03000029,""num_orders"":2},{""price"":62204.43,""size"":3.1e-07,""num_orders"":1},{""price"":62204.44,""size"":0.03,""num_orders"":1},{""price"":62204.54,""size"":0.12860799,""num_orders"":1},{""price"":62204.87,""size"":0.01799678,""num_orders"":1},{""price"":62205.59,""size"":0.09635305,""num_orders"":1},{""price"":62205.64,""size"":0.06517992,""num_orders"":1},{""price"":62205.81,""size"":0.01799678,""num_orders"":1},{""price"":62205.97,""size"":0.00803801,""num_orders"":1}]"
btc_usd_d10_20260708T231425Z,7,2026-07-08T23:21:25.211685Z,2026-07-08T23:21:25.211817Z,BTC-USD,10,ok,,132312209775,2026-07-08T23:21:24.102127782Z,0.60590114,0.21943905,0.468245815098,62191.769999999997,62191.779999999999,62191.774999999994,0.010000000002,0.001607929666,"[{""price"":62191.77,""size"":0.1609143,""num_orders"":6},{""price"":62191.75,""size"":1.9e-07,""num_orders"":1},{""price"":62191.11,""size"":0.00091148,""num_orders"":1},{""price"":62190.25,""size"":0.00319954,""num_orders"":1},{""price"":62190.24,""size"":0.01,""num_orders"":1},{""price"":62190.22,""size"":0.01,""num_orders"":1},{""price"":62190.21,""size"":0.00803964,""num_orders"":1},{""price"":62190.08,""size"":0.01,""num_orders"":1},{""price"":62190.07,""size"":0.27419808,""num_orders"":1},{""price"":62190.06,""size"":0.12863791,""num_orders"":1}]","[{""price"":62191.78,""size"":0.01018218,""num_orders"":3},{""price"":62191.79,""size"":1.6e-07,""num_orders"":1},{""price"":62191.8,""size"":1.7e-07,""num_orders"":1},{""price"":62193.33,""size"":0.00803976,""num_orders"":1},{""price"":62193.82,""size"":0.06437303,""num_orders"":1},{""price"":62194.53,""size"":0.12862869,""num_orders"":1},{""price"":62194.61,""size"":0.00010049,""num_orders"":1},{""price"":62194.66,""size"":2.512e-05,""num_orders"":1},{""price"":62194.67,""size"":5.025e-05,""num_orders"":1},{""price"":62195.23,""size"":0.0080392,""num_orders"":1}]"
btc_usd_d10_20260708T231425Z,8,2026-07-08T23:22:25.211685Z,2026-07-08T23:22:25.211816Z,BTC-USD,10,ok,,132312236403,2026-07-08T23:22:23.535646356Z,0.92454153,0.30976532,0.498074048605,62180.519999999997,62180.529999999999,62180.524999999994,0.010000000002,0.001608220581,"[{""price"":62180.52,""size"":0.48860659,""num_orders"":11},{""price"":62180.5,""size"":1.2e-07,""num_orders"":1},{""price"":62180.01,""size"":0.02110938,""num_orders"":1},{""price"":62180.0,""size"":0.0273,""num_orders"":1},{""price"":62178.96,""size"":0.0080411,""num_orders"":1},{""price"":62178.5,""size"":1.8e-05,""num_orders"":1},{""price"":62178.07,""size"":0.00139866,""num_orders"":1},{""price"":62178.06,""size"":0.12866273,""num_orders"":1},{""price"":62178.04,""size"":0.22210495,""num_orders"":1},{""price"":62178.0,""size"":0.0273,""num_orders"":1}]","[{""price"":62180.53,""size"":0.00292822,""num_orders"":3},{""price"":62180.54,""size"":0.03000027,""num_orders"":2},{""price"":62180.55,""size"":2.8e-07,""num_orders"":1},{""price"":62180.56,""size"":0.03,""num_orders"":1},{""price"":62180.58,""size"":0.00080411,""num_orders"":1},{""price"":62182.09,""size"":0.0080411,""num_orders"":1},{""price"":62182.76,""size"":0.12865303,""num_orders"":1},{""price"":62183.52,""size"":0.04824662,""num_orders"":1},{""price"":62183.53,""size"":0.05952169,""num_orders"":1},{""price"":62183.99,""size"":0.00157,""num_orders"":1}]"
btc_usd_d10_20260708T231425Z,9,2026-07-08T23:23:25.211685Z,2026-07-08T23:23:25.211815Z,BTC-USD,10,ok,,132312262176,2026-07-08T23:23:23.545316723Z,1.83238622,0.19977097,0.803390238725,62196.400000000001,62196.410000000003,62196.404999999999,0.010000000002,0.001607809969,"[{""price"":62196.4,""size"":1.10111196,""num_orders"":11},{""price"":62196.39,""size"":2.4e-07,""num_orders"":1},{""price"":62196.38,""size"":2.5e-07,""num_orders"":1},{""price"":62196.01,""size"":0.00159976,""num_orders"":1},{""price"":62196.0,""size"":0.0301,""num_orders"":1},{""price"":62195.8,""size"":0.2577404,""num_orders"":1},{""price"":62195.79,""size"":0.12862606,""num_orders"":1},{""price"":62195.78,""size"":0.16860782,""num_orders"":1},{""price"":62195.33,""size"":0.09635305,""num_orders"":1},{""price"":62194.97,""size"":0.04824668,""num_orders"":1}]","[{""price"":62196.41,""size"":3.8e-07,""num_orders"":1},{""price"":62197.0,""size"":1.8e-05,""num_orders"":1},{""price"":62198.9,""size"":0.00020096,""num_orders"":2},{""price"":62199.52,""size"":0.0160773,""num_orders"":2},{""price"":62200.7,""size"":1.8e-05,""num_orders"":1},{""price"":62201.18,""size"":0.001653,""num_orders"":1},{""price"":62203.37,""size"":9.7e-05,""num_orders"":1},{""price"":62203.73,""size"":0.12860965,""num_orders"":1},{""price"":62204.05,""size"":0.00485,""num_orders"":1},{""price"":62204.29,""size"":0.04824668,""num_orders"":1}]"
btc_usd_d10_20260708T231425Z,10,2026-07-08T23:24:25.211685Z,2026-07-08T23:24:25.211800Z,BTC-USD,10,ok,,132312293063,2026-07-08T23:24:23.173033720Z,1.12041436,0.24995218,0.635203906832,62208.089999999997,62208.099999999999,62208.095000000001,0.010000000002,0.001607507834,"[{""price"":62208.09,""size"":0.3498882,""num_orders"":8},{""price"":62208.07,""size"":2.4e-07,""num_orders"":1},{""price"":62206.53,""size"":0.00803753,""num_orders"":1},{""price"":62206.33,""size"":0.001577,""num_orders"":1},{""price"":62206.01,""size"":0.00159976,""num_orders"":1},{""price"":62206.0,""size"":0.03,""num_orders"":1},{""price"":62205.23,""size"":0.33574264,""num_orders"":1},{""price"":62205.22,""size"":0.09635305,""num_orders"":1},{""price"":62204.46,""size"":0.12860812,""num_orders"":1},{""price"":62204.42,""size"":0.16860782,""num_orders"":1}]","[{""price"":62208.1,""size"":1.8e-05,""num_orders"":1},{""price"":62209.1,""size"":2.8e-07,""num_orders"":2},{""price"":62209.11,""size"":1.5e-07,""num_orders"":1},{""price"":62209.12,""size"":1.6e-07,""num_orders"":1},{""price"":62209.34,""size"":0.12859807,""num_orders"":1},{""price"":62210.14,""size"":0.04824662,""num_orders"":1},{""price"":62210.15,""size"":0.01061683,""num_orders"":1},{""price"":62210.59,""size"":0.00017582,""num_orders"":3},{""price"":62211.21,""size"":0.01406499,""num_orders"":3},{""price"":62211.25,""size"":0.04823126,""num_orders"":1}]"
btc_usd_d10_20260708T231425Z,11,2026-07-08T23:25:25.211685Z,2026-07-08T23:25:25.211777Z,BTC-USD,10,ok,,132312323856,2026-07-08T23:25:24.026526986Z,0.10805474,0.45747722,-0.617865133564,62172.029999999999,62172.040000000001,62172.035000000003,0.010000000002,0.001608440194,"[{""price"":62172.03,""size"":0.03676344,""num_orders"":5},{""price"":62172.02,""size"":1.5e-07,""num_orders"":1},{""price"":62172.01,""size"":1.6e-07,""num_orders"":1},{""price"":62171.11,""size"":2.493e-05,""num_orders"":1},{""price"":62171.1,""size"":1.786e-05,""num_orders"":1},{""price"":62170.47,""size"":0.0080422,""num_orders"":1},{""price"":62170.0,""size"":0.0331,""num_orders"":1},{""price"":62168.92,""size"":0.01005325,""num_orders"":2},{""price"":62168.37,""size"":0.01005275,""num_orders"":1},{""price"":62168.01,""size"":0.01,""num_orders"":1}]","[{""price"":62172.04,""size"":0.0486185,""num_orders"":5},{""price"":62172.05,""size"":1.8e-07,""num_orders"":1},{""price"":62172.06,""size"":1.9e-07,""num_orders"":1},{""price"":62172.39,""size"":0.0022205,""num_orders"":1},{""price"":62172.4,""size"":0.12867447,""num_orders"":1},{""price"":62173.0,""size"":0.04825644,""num_orders"":1},{""price"":62173.33,""size"":0.12867255,""num_orders"":1},{""price"":62173.59,""size"":0.0080422,""num_orders"":1},{""price"":62173.96,""size"":0.06299296,""num_orders"":2},{""price"":62173.98,""size"":0.02999923,""num_orders"":2}]"
btc_usd_d10_20260708T231425Z,12,2026-07-08T23:26:25.211685Z,2026-07-08T23:26:25.211809Z,BTC-USD,10,ok,,132312351878,2026-07-08T23:26:22.116896134Z,0.41750324,0.27813872,0.200339438984,62160.730000000003,62160.739999999998,62160.735000000001,0.009999999995,0.001608732586,"[{""price"":62160.73,""size"":0.19844708,""num_orders"":6},{""price"":62160.72,""size"":3.1e-07,""num_orders"":2},{""price"":62160.71,""size"":1.7e-07,""num_orders"":1},{""price"":62160.0,""size"":0.0284,""num_orders"":1},{""price"":62159.8,""size"":0.00874204,""num_orders"":1},{""price"":62159.17,""size"":0.00804366,""num_orders"":1},{""price"":62158.01,""size"":0.00319954,""num_orders"":1},{""price"":62158.0,""size"":0.0299,""num_orders"":1},{""price"":62157.96,""size"":0.12870434,""num_orders"":1},{""price"":62157.62,""size"":0.0120661,""num_orders"":2}]","[{""price"":62160.74,""size"":4.5e-07,""num_orders"":1},{""price"":62160.75,""size"":1.5e-07,""num_orders"":1},{""price"":62162.02,""size"":0.12869595,""num_orders"":1},{""price"":62162.21,""size"":0.00080436,""num_orders"":1},{""price"":62162.52,""size"":0.05966845,""num_orders"":1},{""price"":62162.6,""size"":0.00115188,""num_orders"":1},{""price"":62162.66,""size"":0.00804369,""num_orders"":1},{""price"":62163.07,""size"":0.029933,""num_orders"":1},{""price"":62163.15,""size"":0.04826579,""num_orders"":1},{""price"":62163.82,""size"":0.001575,""num_orders"":1}]"
btc_usd_d10_20260708T231425Z,13,2026-07-08T23:27:25.211685Z,2026-07-08T23:27:25.211808Z,BTC-USD,10,ok,,132312385752,2026-07-08T23:27:24.016427920Z,0.89996828,0.38564111,0.400064882849,62176.980000000003,62176.989999999998,62176.985000000001,0.009999999995,0.001608312142,"[{""price"":62176.98,""size"":0.04787534,""num_orders"":2},{""price"":62176.56,""size"":0.25,""num_orders"":1},{""price"":62176.0,""size"":0.02397534,""num_orders"":1},{""price"":62175.04,""size"":0.09635305,""num_orders"":1},{""price"":62174.74,""size"":0.16860782,""num_orders"":1},{""price"":62174.0,""size"":0.027,""num_orders"":1},{""price"":62173.48,""size"":0.04826542,""num_orders"":1},{""price"":62173.17,""size"":0.09635305,""num_orders"":1},{""price"":62173.03,""size"":0.12867315,""num_orders"":1},{""price"":62172.73,""size"":0.01286511,""num_orders"":1}]","[{""price"":62176.99,""size"":0.13670679,""num_orders"":2},{""price"":62177.0,""size"":1.6e-07,""num_orders"":1},{""price"":62177.01,""size"":1.5e-07,""num_orders"":1},{""price"":62177.03,""size"":1.6e-07,""num_orders"":1},{""price"":62178.0,""size"":0.027,""num_orders"":1},{""price"":62178.5,""size"":0.16082731,""num_orders"":1},{""price"":62178.55,""size"":0.00804158,""num_orders"":1},{""price"":62178.57,""size"":0.0016,""num_orders"":1},{""price"":62179.08,""size"":0.00319954,""num_orders"":1},{""price"":62179.09,""size"":0.04826542,""num_orders"":1}]"
btc_usd_d10_20260708T231425Z,14,2026-07-08T23:28:25.211685Z,2026-07-08T23:28:25.211807Z,BTC-USD,10,ok,,132312408501,2026-07-08T23:28:23.103470786Z,0.09743987,0.54720506,-0.697694450184,62183.32,62183.330000000002,62183.324999999997,0.010000000002,0.001608148165,"[{""price"":62183.32,""size"":0.03608143,""num_orders"":3},{""price"":62183.31,""size"":1.9e-07,""num_orders"":1},{""price"":62183.3,""size"":1.9e-07,""num_orders"":1},{""price"":62181.77,""size"":0.00804063,""num_orders"":1},{""price"":62180.7,""size"":0.00017609,""num_orders"":1},{""price"":62180.2,""size"":0.00429101,""num_orders"":1},{""price"":62180.0,""size"":0.0256,""num_orders"":1},{""price"":62179.67,""size"":0.01005079,""num_orders"":1},{""price"":62178.71,""size"":0.00319954,""num_orders"":1},{""price"":62178.7,""size"":0.01,""num_orders"":1}]","[{""price"":62183.33,""size"":0.15675184,""num_orders"":2},{""price"":62183.99,""size"":0.01,""num_orders"":1},{""price"":62184.0,""size"":0.0256,""num_orders"":1},{""price"":62184.11,""size"":0.01,""num_orders"":1},{""price"":62184.12,""size"":0.04824705,""num_orders"":1},{""price"":62184.86,""size"":0.01,""num_orders"":1},{""price"":62184.87,""size"":0.09635305,""num_orders"":1},{""price"":62184.89,""size"":0.12864861,""num_orders"":1},{""price"":62185.82,""size"":0.0002764,""num_orders"":4},{""price"":62185.9,""size"":0.06132811,""num_orders"":2}]"
btc_usd_d10_20260708T231425Z,15,2026-07-08T23:29:25.211685Z,2026-07-08T23:29:25.211811Z,BTC-USD,10,ok,,132312437026,2026-07-08T23:29:23.525337127Z,0.43138922,0.53292595,-0.105294133245,62178.489999999998,62178.5,62178.494999999995,0.010000000002,0.001608273086,"[{""price"":62178.49,""size"":0.06678267,""num_orders"":11},{""price"":62178.48,""size"":2.2e-07,""num_orders"":1},{""price"":62178.47,""size"":2.5e-07,""num_orders"":1},{""price"":62176.93,""size"":0.00994361,""num_orders"":2},{""price"":62176.5,""size"":0.00319954,""num_orders"":1},{""price"":62176.49,""size"":0.05251536,""num_orders"":1},{""price"":62176.43,""size"":0.04826542,""num_orders"":1},{""price"":62176.0,""size"":0.0297,""num_orders"":1},{""price"":62174.7,""size"":0.01,""num_orders"":1},{""price"":62174.69,""size"":0.21098215,""num_orders"":1}]","[{""price"":62178.5,""size"":0.13875238,""num_orders"":6},{""price"":62178.51,""size"":1.3e-07,""num_orders"":1},{""price"":62178.53,""size"":1.3e-07,""num_orders"":1},{""price"":62179.77,""size"":0.0321648,""num_orders"":1},{""price"":62180.06,""size"":0.00804136,""num_orders"":1},{""price"":62180.51,""size"":0.04826542,""num_orders"":1},{""price"":62180.84,""size"":0.16082125,""num_orders"":1},{""price"":62180.96,""size"":0.04825102,""num_orders"":1},{""price"":62180.99,""size"":0.00027641,""num_orders"":4},{""price"":62181.35,""size"":0.09635305,""num_orders"":1}]"
btc_usd_d10_20260708T231425Z,16,2026-07-08T23:30:25.211685Z,2026-07-08T23:30:25.211807Z,BTC-USD,10,ok,,132312477619,2026-07-08T23:30:24.539779842Z,0.1493285,0.60350093,-0.603287294441,62177.43,62177.440000000002,62177.434999999998,0.010000000002,0.001608300504,"[{""price"":62177.43,""size"":0.01002381,""num_orders"":3},{""price"":62177.42,""size"":1.6e-07,""num_orders"":1},{""price"":62175.88,""size"":3.94e-05,""num_orders"":1},{""price"":62174.45,""size"":0.001649,""num_orders"":1},{""price"":62174.32,""size"":0.00603143,""num_orders"":2},{""price"":62174.0,""size"":0.0296,""num_orders"":1},{""price"":62172.8,""size"":0.0160842,""num_orders"":2},{""price"":62172.0,""size"":0.0296,""num_orders"":1},{""price"":62170.25,""size"":0.00803508,""num_orders"":1},{""price"":62170.24,""size"":0.04826542,""num_orders"":1}]","[{""price"":62177.44,""size"":0.22378092,""num_orders"":5},{""price"":62177.45,""size"":0.00319954,""num_orders"":1},{""price"":62177.46,""size"":0.03000045,""num_orders"":4},{""price"":62177.47,""size"":2.5e-07,""num_orders"":1},{""price"":62178.0,""size"":0.0326,""num_orders"":1},{""price"":62178.99,""size"":0.0080416,""num_orders"":1},{""price"":62179.39,""size"":0.04826542,""num_orders"":1},{""price"":62179.53,""size"":0.1286597,""num_orders"":1},{""price"":62180.0,""size"":0.0326,""num_orders"":1},{""price"":62180.38,""size"":0.09635305,""num_orders"":1}]"
btc_usd_d10_20260708T231425Z,17,2026-07-08T23:31:25.211685Z,2026-07-08T23:31:25.211837Z,BTC-USD,10,ok,,132312520507,2026-07-08T23:31:23.843991815Z,0.44818699,0.38022777,0.082035259729,62137.779999999999,62137.790000000001,62137.785000000003,0.010000000002,0.001609326757,"[{""price"":62137.78,""size"":0.035982,""num_orders"":5},{""price"":62137.77,""size"":2.1e-07,""num_orders"":1},{""price"":62137.76,""size"":2.2e-07,""num_orders"":1},{""price"":62136.22,""size"":0.00804663,""num_orders"":1},{""price"":62134.67,""size"":0.01408232,""num_orders"":3},{""price"":62134.62,""size"":0.09635305,""num_orders"":1},{""price"":62134.61,""size"":0.20357118,""num_orders"":2},{""price"":62134.57,""size"":0.04828843,""num_orders"":1},{""price"":62134.13,""size"":0.01005829,""num_orders"":1},{""price"":62134.0,""size"":0.03180466,""num_orders"":2}]","[{""price"":62137.79,""size"":1.4e-07,""num_orders"":1},{""price"":62137.8,""size"":1.815e-05,""num_orders"":2},{""price"":62137.81,""size"":1.6e-07,""num_orders"":1},{""price"":62137.95,""size"":0.00319954,""num_orders"":1},{""price"":62137.96,""size"":0.12874578,""num_orders"":1},{""price"":62138.97,""size"":0.06153746,""num_orders"":1},{""price"":62138.98,""size"":1.5e-07,""num_orders"":1},{""price"":62139.34,""size"":0.04828405,""num_orders"":1},{""price"":62139.62,""size"":0.12874234,""num_orders"":1},{""price"":62139.89,""size"":0.0097,""num_orders"":1}]"
btc_usd_d10_20260708T231425Z,18,2026-07-08T23:32:25.211685Z,2026-07-08T23:32:25.211808Z,BTC-USD,10,ok,,132312553666,2026-07-08T23:32:23.034634048Z,0.4598779,0.57628221,-0.112342010541,62155.980000000003,62155.989999999998,62155.985000000001,0.009999999995,0.001608855526,"[{""price"":62155.98,""size"":0.03713121,""num_orders"":4},{""price"":62155.97,""size"":8.5e-07,""num_orders"":3},{""price"":62155.96,""size"":3.1e-07,""num_orders"":1},{""price"":62154.42,""size"":0.00804427,""num_orders"":1},{""price"":62153.73,""size"":0.0001028,""num_orders"":1},{""price"":62152.34,""size"":0.00319954,""num_orders"":1},{""price"":62152.33,""size"":0.01005534,""num_orders"":1},{""price"":62152.19,""size"":0.09635305,""num_orders"":1},{""price"":62152.17,""size"":0.16597935,""num_orders"":1},{""price"":62152.16,""size"":0.13901118,""num_orders"":1}]","[{""price"":62155.99,""size"":0.23310575,""num_orders"":3},{""price"":62156.0,""size"":0.03870013,""num_orders"":2},{""price"":62156.3,""size"":1.8e-05,""num_orders"":1},{""price"":62156.6,""size"":0.04829129,""num_orders"":1},{""price"":62157.55,""size"":0.00804427,""num_orders"":1},{""price"":62157.62,""size"":0.04826949,""num_orders"":1},{""price"":62158.0,""size"":0.0387,""num_orders"":1},{""price"":62158.01,""size"":0.16088032,""num_orders"":1},{""price"":62158.48,""size"":0.00017596,""num_orders"":3},{""price"":62158.57,""size"":9.7e-05,""num_orders"":1}]"
btc_usd_d10_20260708T231425Z,19,2026-07-08T23:33:25.211685Z,2026-07-08T23:33:25.211810Z,BTC-USD,10,ok,,132312598935,2026-07-08T23:33:24.534920274Z,0.10836997,0.44554633,-0.608713554737,62186.059999999998,62186.07,62186.065000000002,0.010000000002,0.001608077308,"[{""price"":62186.06,""size"":0.0439591,""num_orders"":5},{""price"":62186.05,""size"":5e-08,""num_orders"":1},{""price"":62186.04,""size"":1.8e-07,""num_orders"":1},{""price"":62185.56,""size"":0.00080403,""num_orders"":1},{""price"":62184.5,""size"":0.00804038,""num_orders"":1},{""price"":62184.0,""size"":0.0423,""num_orders"":1},{""price"":62182.83,""size"":1.7e-07,""num_orders"":1},{""price"":62182.41,""size"":0.00319954,""num_orders"":1},{""price"":62182.4,""size"":0.01005048,""num_orders"":1},{""price"":62182.38,""size"":1.604e-05,""num_orders"":1}]","[{""price"":62186.07,""size"":0.13027923,""num_orders"":3},{""price"":62186.08,""size"":1.4e-07,""num_orders"":1},{""price"":62186.1,""size"":1.5e-07,""num_orders"":1},{""price"":62187.6,""size"":0.12864301,""num_orders"":1},{""price"":62187.62,""size"":0.09635305,""num_orders"":1},{""price"":62187.63,""size"":0.05628372,""num_orders"":2},{""price"":62188.56,""size"":0.00027638,""num_orders"":4},{""price"":62189.18,""size"":0.02210995,""num_orders"":4},{""price"":62189.19,""size"":0.0100507,""num_orders"":1},{""price"":62189.54,""size"":0.00155,""num_orders"":1}]"
btc_usd_d10_20260708T231425Z,20,2026-07-08T23:34:25.211685Z,2026-07-08T23:34:25.211816Z,BTC-USD,10,ok,,132312627240,2026-07-08T23:34:24.557186960Z,0.21344857,0.31041255,-0.185094820551,62185.309999999998,62185.32,62185.315000000002,0.010000000002,0.001608096703,"[{""price"":62185.31,""size"":0.04434781,""num_orders"":8},{""price"":62185.3,""size"":1.4e-07,""num_orders"":1},{""price"":62185.29,""size"":1.6e-07,""num_orders"":1},{""price"":62184.45,""size"":0.00160805,""num_orders"":1},{""price"":62183.75,""size"":0.00804048,""num_orders"":1},{""price"":62183.51,""size"":0.00160805,""num_orders"":1},{""price"":62182.65,""size"":0.00319954,""num_orders"":1},{""price"":62182.64,""size"":0.01,""num_orders"":1},{""price"":62182.6,""size"":0.09635305,""num_orders"":1},{""price"":62182.57,""size"":0.04829129,""num_orders"":1}]","[{""price"":62185.32,""size"":0.00523143,""num_orders"":2},{""price"":62185.33,""size"":2.2e-07,""num_orders"":1},{""price"":62185.35,""size"":2.3e-07,""num_orders"":1},{""price"":62185.58,""size"":0.12864718,""num_orders"":1},{""price"":62185.89,""size"":0.12864654,""num_orders"":1},{""price"":62187.15,""size"":0.00804054,""num_orders"":1},{""price"":62187.3,""size"":0.001596,""num_orders"":1},{""price"":62187.46,""size"":1.6e-07,""num_orders"":1},{""price"":62188.0,""size"":0.0382,""num_orders"":1},{""price"":62188.42,""size"":5.025e-05,""num_orders"":1}]"
btc_usd_d10_20260708T231425Z,21,2026-07-08T23:35:25.211685Z,2026-07-08T23:35:25.211806Z,BTC-USD,10,ok,,132312660227,2026-07-08T23:35:24.545859276Z,0.34465441,0.96721445,-0.474559659873,62160,62160.010000000002,62160.005000000005,0.010000000002,0.00160875148,"[{""price"":62160.0,""size"":0.00040643,""num_orders"":3},{""price"":62156.94,""size"":0.00319954,""num_orders"":1},{""price"":62156.91,""size"":0.04829129,""num_orders"":1},{""price"":62156.89,""size"":0.02212144,""num_orders"":4},{""price"":62156.54,""size"":0.05199609,""num_orders"":1},{""price"":62156.3,""size"":1.8e-05,""num_orders"":1},{""price"":62156.0,""size"":0.0363,""num_orders"":1},{""price"":62155.6,""size"":0.05199609,""num_orders"":1},{""price"":62153.3,""size"":0.001611,""num_orders"":1},{""price"":62153.04,""size"":0.12871453,""num_orders"":1}]","[{""price"":62160.01,""size"":0.08984622,""num_orders"":5},{""price"":62160.15,""size"":0.23861155,""num_orders"":1},{""price"":62160.16,""size"":0.12869979,""num_orders"":1},{""price"":62160.74,""size"":0.09635305,""num_orders"":1},{""price"":62161.57,""size"":0.00804375,""num_orders"":1},{""price"":62161.63,""size"":0.12869675,""num_orders"":1},{""price"":62161.88,""size"":0.001591,""num_orders"":1},{""price"":62162.0,""size"":0.0363,""num_orders"":1},{""price"":62163.13,""size"":0.14271929,""num_orders"":1},{""price"":62163.15,""size"":0.09635305,""num_orders"":1}]"
btc_usd_d10_20260708T231425Z,22,2026-07-08T23:36:25.211685Z,2026-07-08T23:36:25.211810Z,BTC-USD,10,ok,,132312717412,2026-07-08T23:36:23.520063774Z,0.37428252,0.48757221,-0.131448707139,62140.279999999999,62140.290000000001,62140.285000000003,0.010000000002,0.001609262011,"[{""price"":62140.28,""size"":0.05436444,""num_orders"":5},{""price"":62138.72,""size"":0.00804631,""num_orders"":1},{""price"":62138.11,""size"":0.01,""num_orders"":1},{""price"":62138.1,""size"":0.09635305,""num_orders"":1},{""price"":62138.01,""size"":0.01,""num_orders"":1},{""price"":62138.0,""size"":0.0344,""num_orders"":1},{""price"":62137.89,""size"":0.12874591,""num_orders"":1},{""price"":62137.8,""size"":0.00018647,""num_orders"":2},{""price"":62137.17,""size"":0.02212846,""num_orders"":4},{""price"":62136.63,""size"":0.01005788,""num_orders"":1}]","[{""price"":62140.29,""size"":0.01626222,""num_orders"":2},{""price"":62141.25,""size"":0.00319954,""num_orders"":1},{""price"":62141.26,""size"":0.04827107,""num_orders"":1},{""price"":62141.85,""size"":0.00804631,""num_orders"":1},{""price"":62142.64,""size"":0.1287361,""num_orders"":1},{""price"":62143.0,""size"":0.04829129,""num_orders"":1},{""price"":62143.02,""size"":0.01899857,""num_orders"":1},{""price"":62143.4,""size"":0.12873452,""num_orders"":1},{""price"":62143.57,""size"":0.07697471,""num_orders"":2},{""price"":62143.94,""size"":0.01005788,""num_orders"":1}]"
btc_usd_d10_20260708T231425Z,23,2026-07-08T23:37:25.211685Z,2026-07-08T23:37:25.211802Z,BTC-USD,10,ok,,132312757923,2026-07-08T23:37:25.178050872Z,0.46225547,0.40809331,0.062230408366,62172.110000000001,62172.120000000003,62172.115000000005,0.010000000002,0.001608438124,"[{""price"":62172.11,""size"":0.02285968,""num_orders"":3},{""price"":62170.59,""size"":0.00025574,""num_orders"":1},{""price"":62170.02,""size"":0.09635305,""num_orders"":1},{""price"":62170.0,""size"":0.0295,""num_orders"":1},{""price"":62168.86,""size"":0.001551,""num_orders"":1},{""price"":62168.45,""size"":0.00024805,""num_orders"":1},{""price"":62168.23,""size"":0.00260469,""num_orders"":1},{""price"":62168.22,""size"":0.18303021,""num_orders"":2},{""price"":62168.0,""size"":0.0295,""num_orders"":1},{""price"":62167.52,""size"":0.09635305,""num_orders"":1}]","[{""price"":62172.12,""size"":0.07221048,""num_orders"":2},{""price"":62172.39,""size"":0.12867449,""num_orders"":1},{""price"":62173.6,""size"":0.00012565,""num_orders"":2},{""price"":62173.98,""size"":0.01,""num_orders"":1},{""price"":62173.99,""size"":0.04829129,""num_orders"":1},{""price"":62174.2,""size"":0.12867074,""num_orders"":1},{""price"":62174.22,""size"":0.0100524,""num_orders"":2},{""price"":62174.61,""size"":5.026e-05,""num_orders"":1},{""price"":62174.8,""size"":1.8e-05,""num_orders"":1},{""price"":62175.0,""size"":0.01,""num_orders"":1}]"
btc_usd_d10_20260708T231425Z,24,2026-07-08T23:38:25.211685Z,2026-07-08T23:38:25.211814Z,BTC-USD,10,ok,,132312792469,2026-07-08T23:38:22.783273456Z,0.6114816,0.43523991,0.168374957729,62183.800000000003,62183.809999999998,62183.805,0.009999999995,0.001608135751,"[{""price"":62183.8,""size"":0.02596445,""num_orders"":4},{""price"":62183.0,""size"":0.003199,""num_orders"":1},{""price"":62182.99,""size"":0.04829129,""num_orders"":1},{""price"":62182.24,""size"":0.00804067,""num_orders"":1},{""price"":62182.0,""size"":0.0295,""num_orders"":1},{""price"":62181.87,""size"":0.09635305,""num_orders"":1},{""price"":62181.86,""size"":0.001649,""num_orders"":1},{""price"":62181.14,""size"":0.118318,""num_orders"":1},{""price"":62181.13,""size"":0.25016614,""num_orders"":2},{""price"":62180.94,""size"":0.03,""num_orders"":1}]","[{""price"":62183.81,""size"":0.02671758,""num_orders"":2},{""price"":62184.25,""size"":0.12864995,""num_orders"":1},{""price"":62185.9,""size"":1.8e-05,""num_orders"":1},{""price"":62186.3,""size"":0.00027638,""num_orders"":4},{""price"":62186.92,""size"":0.02211077,""num_orders"":4},{""price"":62187.15,""size"":0.16080493,""num_orders"":1},{""price"":62187.91,""size"":0.04825601,""num_orders"":1},{""price"":62189.6,""size"":1.8e-05,""num_orders"":1},{""price"":62189.77,""size"":9.7e-05,""num_orders"":1},{""price"":62189.99,""size"":0.04829129,""num_orders"":1}]"
btc_usd_d10_20260708T231425Z,25,2026-07-08T23:39:25.211685Z,2026-07-08T23:39:25.211824Z,BTC-USD,10,ok,,132312818180,2026-07-08T23:39:24.050657197Z,0.13066186,0.59205399,-0.638414295189,62168.050000000003,62168.059999999998,62168.055,0.009999999995,0.001608543165,"[{""price"":62168.05,""size"":0.05764451,""num_orders"":5},{""price"":62167.41,""size"":0.00010789,""num_orders"":1},{""price"":62167.4,""size"":1.8e-05,""num_orders"":1},{""price"":62166.55,""size"":8.462e-05,""num_orders"":1},{""price"":62166.24,""size"":0.00319943,""num_orders"":1},{""price"":62166.23,""size"":0.00804273,""num_orders"":1},{""price"":62166.0,""size"":0.0295,""num_orders"":1},{""price"":62164.95,""size"":0.01,""num_orders"":1},{""price"":62164.94,""size"":0.01206468,""num_orders"":2},{""price"":62164.75,""size"":0.01,""num_orders"":1}]","[{""price"":62168.06,""size"":0.00508766,""num_orders"":1},{""price"":62168.9,""size"":0.12868171,""num_orders"":1},{""price"":62169.47,""size"":0.00804276,""num_orders"":1},{""price"":62169.57,""size"":0.04825465,""num_orders"":1},{""price"":62170.9,""size"":0.00164,""num_orders"":1},{""price"":62171.08,""size"":0.01005349,""num_orders"":1},{""price"":62171.1,""size"":0.16084646,""num_orders"":1},{""price"":62171.48,""size"":0.07527216,""num_orders"":1},{""price"":62171.63,""size"":0.15280892,""num_orders"":2},{""price"":62171.81,""size"":0.00136618,""num_orders"":1}]"
btc_usd_d10_20260708T231425Z,26,2026-07-08T23:40:25.211685Z,2026-07-08T23:40:25.211815Z,BTC-USD,10,ok,,132312853075,2026-07-08T23:40:23.045310131Z,0.68275236,0.41014162,0.249439328049,62146.25,62146.260000000002,62146.255000000005,0.010000000002,0.00160910742,"[{""price"":62146.25,""size"":0.18120927,""num_orders"":5},{""price"":62145.33,""size"":0.00319799,""num_orders"":1},{""price"":62145.32,""size"":0.09635305,""num_orders"":1},{""price"":62144.0,""size"":0.0293,""num_orders"":1},{""price"":62143.14,""size"":0.00804594,""num_orders"":1},{""price"":62142.81,""size"":0.01,""num_orders"":1},{""price"":62142.8,""size"":0.18070177,""num_orders"":1},{""price"":62142.34,""size"":0.04829129,""num_orders"":1},{""price"":62142.33,""size"":0.09635305,""num_orders"":1},{""price"":62142.0,""size"":0.0293,""num_orders"":1}]","[{""price"":62146.26,""size"":7.7e-07,""num_orders"":1},{""price"":62146.88,""size"":0.12872731,""num_orders"":1},{""price"":62147.89,""size"":9.7e-05,""num_orders"":1},{""price"":62148.37,""size"":0.04828179,""num_orders"":1},{""price"":62148.9,""size"":1.8e-05,""num_orders"":1},{""price"":62149.01,""size"":0.001629,""num_orders"":1},{""price"":62149.47,""size"":0.16090242,""num_orders"":1},{""price"":62150.0,""size"":0.0393,""num_orders"":2},{""price"":62150.79,""size"":0.000194,""num_orders"":1},{""price"":62151.36,""size"":0.03099133,""num_orders"":1}]"
btc_usd_d10_20260708T231425Z,27,2026-07-08T23:41:25.211685Z,2026-07-08T23:41:25.211810Z,BTC-USD,10,ok,,132312886600,2026-07-08T23:41:23.666613534Z,0.39158396,0.38625824,0.006846787176,62173.580000000002,62173.589999999997,62173.584999999999,0.009999999995,0.001608400094,"[{""price"":62173.58,""size"":0.05173822,""num_orders"":6},{""price"":62172.02,""size"":0.008042,""num_orders"":1},{""price"":62172.0,""size"":0.034,""num_orders"":1},{""price"":62170.08,""size"":0.00319954,""num_orders"":1},{""price"":62170.07,""size"":0.15139042,""num_orders"":2},{""price"":62170.06,""size"":0.001653,""num_orders"":1},{""price"":62170.01,""size"":0.09635305,""num_orders"":1},{""price"":62170.0,""size"":0.034,""num_orders"":1},{""price"":62169.92,""size"":0.0100525,""num_orders"":1},{""price"":62169.52,""size"":0.00115523,""num_orders"":1}]","[{""price"":62173.59,""size"":0.00860314,""num_orders"":2},{""price"":62173.81,""size"":0.12867154,""num_orders"":1},{""price"":62174.8,""size"":1.8e-05,""num_orders"":1},{""price"":62175.0,""size"":0.01,""num_orders"":1},{""price"":62175.15,""size"":0.008042,""num_orders"":1},{""price"":62175.58,""size"":0.01,""num_orders"":1},{""price"":62175.59,""size"":0.04825666,""num_orders"":1},{""price"":62175.99,""size"":0.01,""num_orders"":1},{""price"":62176.0,""size"":0.034,""num_orders"":1},{""price"":62176.06,""size"":0.1286669,""num_orders"":1}]"
btc_usd_d10_20260708T231425Z,28,2026-07-08T23:42:25.211685Z,2026-07-08T23:42:25.211803Z,BTC-USD,10,ok,,132312914344,2026-07-08T23:42:24.614178427Z,0.26192809,0.42465636,-0.237011295551,62180.389999999999,62180.400000000001,62180.395000000004,0.010000000002,0.001608223943,"[{""price"":62180.39,""size"":0.06297327,""num_orders"":5},{""price"":62180.01,""size"":0.00159976,""num_orders"":1},{""price"":62180.0,""size"":0.0339,""num_orders"":1},{""price"":62179.58,""size"":0.09635305,""num_orders"":1},{""price"":62178.97,""size"":0.00028401,""num_orders"":1},{""price"":62178.83,""size"":0.00804111,""num_orders"":1},{""price"":62178.0,""size"":0.0339,""num_orders"":1},{""price"":62177.57,""size"":0.00080411,""num_orders"":1},{""price"":62176.79,""size"":0.0020104,""num_orders"":1},{""price"":62176.77,""size"":0.02206238,""num_orders"":3}]","[{""price"":62180.4,""size"":0.13786206,""num_orders"":3},{""price"":62181.79,""size"":2.326e-05,""num_orders"":1},{""price"":62181.96,""size"":0.00806437,""num_orders"":2},{""price"":62182.7,""size"":0.01,""num_orders"":1},{""price"":62182.71,""size"":0.0482481,""num_orders"":1},{""price"":62182.8,""size"":0.16081619,""num_orders"":1},{""price"":62182.89,""size"":0.0002764,""num_orders"":4},{""price"":62183.51,""size"":0.02211198,""num_orders"":4},{""price"":62183.87,""size"":0.001554,""num_orders"":1},{""price"":62184.0,""size"":0.0357,""num_orders"":1}]"
btc_usd_d10_20260708T231425Z,29,2026-07-08T23:43:25.211685Z,2026-07-08T23:43:25.211805Z,BTC-USD,10,ok,,132312941617,2026-07-08T23:43:24.143360840Z,0.91150602,0.2668962,0.547020201642,62173.379999999997,62173.389999999999,62173.384999999995,0.010000000002,0.001608405269,"[{""price"":62173.38,""size"":0.31341004,""num_orders"":10},{""price"":62172.53,""size"":0.00319945,""num_orders"":1},{""price"":62172.52,""size"":0.04829129,""num_orders"":1},{""price"":62172.51,""size"":0.18456976,""num_orders"":1},{""price"":62172.5,""size"":0.09635305,""num_orders"":1},{""price"":62172.0,""size"":0.0306,""num_orders"":1},{""price"":62171.82,""size"":0.00804202,""num_orders"":1},{""price"":62171.29,""size"":0.12867675,""num_orders"":1},{""price"":62170.56,""size"":0.09635305,""num_orders"":1},{""price"":62170.27,""size"":0.00201061,""num_orders"":1}]","[{""price"":62173.39,""size"":3e-07,""num_orders"":1},{""price"":62174.92,""size"":0.00804203,""num_orders"":1},{""price"":62175.91,""size"":0.1286672,""num_orders"":1},{""price"":62176.97,""size"":2.513e-05,""num_orders"":1},{""price"":62176.99,""size"":0.04829129,""num_orders"":1},{""price"":62177.02,""size"":0.01005253,""num_orders"":1},{""price"":62177.21,""size"":0.001556,""num_orders"":1},{""price"":62177.59,""size"":0.00201037,""num_orders"":1},{""price"":62177.89,""size"":0.04825276,""num_orders"":1},{""price"":62178.35,""size"":0.01999859,""num_orders"":1}]"
btc_usd_d10_20260708T231425Z,30,2026-07-08T23:44:25.211685Z,2026-07-08T23:44:25.211811Z,BTC-USD,10,ok,,132312973592,2026-07-08T23:44:22.844908214Z,0.5277366,0.44147292,0.089004160834,62211.82,62211.830000000002,62211.824999999997,0.010000000002,0.001607411453,"[{""price"":62211.82,""size"":0.0962449,""num_orders"":6},{""price"":62210.23,""size"":0.00678388,""num_orders"":1},{""price"":62210.02,""size"":0.00165959,""num_orders"":1},{""price"":62210.01,""size"":0.02495681,""num_orders"":1},{""price"":62210.0,""size"":0.041,""num_orders"":1},{""price"":62209.89,""size"":0.0008037,""num_orders"":1},{""price"":62209.12,""size"":0.17264338,""num_orders"":1},{""price"":62209.11,""size"":0.09635305,""num_orders"":1},{""price"":62208.02,""size"":0.04829129,""num_orders"":1},{""price"":62208.0,""size"":0.039,""num_orders"":1}]","[{""price"":62211.83,""size"":0.14142982,""num_orders"":2},{""price"":62214.0,""size"":0.041,""num_orders"":1},{""price"":62214.05,""size"":0.12858833,""num_orders"":1},{""price"":62214.32,""size"":0.00027626,""num_orders"":4},{""price"":62214.66,""size"":0.04822743,""num_orders"":1},{""price"":62214.94,""size"":0.02210079,""num_orders"":4},{""price"":62215.0,""size"":0.01,""num_orders"":1},{""price"":62215.21,""size"":0.001541,""num_orders"":1},{""price"":62215.5,""size"":1.8e-05,""num_orders"":1},{""price"":62215.99,""size"":0.04829129,""num_orders"":1}]"
btc_usd_d10_20260708T231425Z,31,2026-07-08T23:45:25.211685Z,2026-07-08T23:45:25.211814Z,BTC-USD,10,ok,,132313020122,2026-07-08T23:45:23.678634851Z,0.48021736,0.56550619,-0.081559633997,62197.010000000002,62197.019999999997,62197.014999999999,0.009999999995,0.0016077942,"[{""price"":62197.01,""size"":0.11636811,""num_orders"":3},{""price"":62197.0,""size"":1.796e-05,""num_orders"":1},{""price"":62196.4,""size"":0.00200976,""num_orders"":1},{""price"":62196.0,""size"":0.0387,""num_orders"":1},{""price"":62194.53,""size"":2.411e-05,""num_orders"":1},{""price"":62194.04,""size"":0.00319954,""num_orders"":1},{""price"":62194.02,""size"":0.09635305,""num_orders"":1},{""price"":62194.0,""size"":0.0387,""num_orders"":1},{""price"":62193.62,""size"":0.18482683,""num_orders"":2},{""price"":62193.3,""size"":1.8e-05,""num_orders"":1}]","[{""price"":62197.02,""size"":0.12862352,""num_orders"":1},{""price"":62199.06,""size"":0.00803883,""num_orders"":1},{""price"":62199.07,""size"":0.04823044,""num_orders"":1},{""price"":62199.51,""size"":0.16077298,""num_orders"":1},{""price"":62200.0,""size"":0.0387,""num_orders"":1},{""price"":62200.62,""size"":0.00803883,""num_orders"":1},{""price"":62202.0,""size"":0.0387,""num_orders"":1},{""price"":62202.72,""size"":0.01004854,""num_orders"":1},{""price"":62203.0,""size"":0.09635305,""num_orders"":1},{""price"":62203.27,""size"":0.028,""num_orders"":1}]"
btc_usd_d10_20260708T231425Z,32,2026-07-08T23:46:25.211685Z,2026-07-08T23:46:25.211803Z,BTC-USD,10,ok,,132313063866,2026-07-08T23:46:25.113331351Z,0.89103725,0.47159613,0.307816560314,62193.300000000003,62193.309999999998,62193.305,0.009999999995,0.001607890109,"[{""price"":62193.3,""size"":0.08279151,""num_orders"":6},{""price"":62192.0,""size"":0.0404,""num_orders"":1},{""price"":62190.19,""size"":0.00200996,""num_orders"":1},{""price"":62190.01,""size"":0.16816814,""num_orders"":1},{""price"":62190.0,""size"":0.0404,""num_orders"":1},{""price"":62189.6,""size"":1.8e-05,""num_orders"":1},{""price"":62189.38,""size"":0.09635305,""num_orders"":1},{""price"":62188.17,""size"":0.10451763,""num_orders"":1},{""price"":62188.0,""size"":0.0404,""num_orders"":1},{""price"":62187.48,""size"":0.31597896,""num_orders"":1}]","[{""price"":62193.31,""size"":0.01803945,""num_orders"":2},{""price"":62193.32,""size"":0.03,""num_orders"":1},{""price"":62193.34,""size"":0.03,""num_orders"":1},{""price"":62193.94,""size"":0.04823838,""num_orders"":1},{""price"":62194.01,""size"":0.12862976,""num_orders"":1},{""price"":62194.25,""size"":0.001635,""num_orders"":1},{""price"":62194.87,""size"":0.00803945,""num_orders"":1},{""price"":62195.97,""size"":0.00319954,""num_orders"":1},{""price"":62195.98,""size"":0.12862569,""num_orders"":1},{""price"":62196.9,""size"":0.07518886,""num_orders"":1}]"
btc_usd_d10_20260708T231425Z,33,2026-07-08T23:47:25.211685Z,2026-07-08T23:47:25.211811Z,BTC-USD,10,ok,,132313104602,2026-07-08T23:47:24.822892820Z,0.46335168,0.43456942,0.032054330832,62200.940000000002,62200.949999999997,62200.945,0.009999999995,0.001607692615,"[{""price"":62200.94,""size"":0.02611398,""num_orders"":4},{""price"":62200.08,""size"":0.00319946,""num_orders"":1},{""price"":62200.07,""size"":0.09635305,""num_orders"":1},{""price"":62200.05,""size"":0.04829129,""num_orders"":1},{""price"":62200.0,""size"":0.0402,""num_orders"":1},{""price"":62199.38,""size"":0.00803846,""num_orders"":1},{""price"":62198.93,""size"":0.10451763,""num_orders"":1},{""price"":62198.76,""size"":8.476e-05,""num_orders"":1},{""price"":62198.15,""size"":0.09635305,""num_orders"":1},{""price"":62198.0,""size"":0.0402,""num_orders"":1}]","[{""price"":62200.95,""size"":0.00633945,""num_orders"":1},{""price"":62201.25,""size"":0.12861479,""num_orders"":1},{""price"":62202.51,""size"":0.00803846,""num_orders"":1},{""price"":62203.38,""size"":0.01,""num_orders"":1},{""price"":62203.39,""size"":0.04823425,""num_orders"":1},{""price"":62203.44,""size"":0.00027632,""num_orders"":4},{""price"":62203.95,""size"":0.01,""num_orders"":1},{""price"":62203.96,""size"":0.16076148,""num_orders"":1},{""price"":62204.0,""size"":0.0402,""num_orders"":1},{""price"":62204.06,""size"":0.02210467,""num_orders"":4}]"
btc_usd_d10_20260708T231425Z,34,2026-07-08T23:48:25.211685Z,2026-07-08T23:48:25.211810Z,BTC-USD,10,ok,,132313137170,2026-07-08T23:48:23.684098858Z,0.54066675,0.38189203,0.172102551558,62209.739999999998,62209.75,62209.744999999995,0.010000000002,0.001607465197,"[{""price"":62209.74,""size"":0.05565928,""num_orders"":4},{""price"":62209.07,""size"":0.00080373,""num_orders"":1},{""price"":62208.2,""size"":0.00319954,""num_orders"":1},{""price"":62208.18,""size"":0.00803732,""num_orders"":1},{""price"":62208.0,""size"":0.0401,""num_orders"":1},{""price"":62206.09,""size"":0.01,""num_orders"":1},{""price"":62206.08,""size"":0.00220736,""num_orders"":1},{""price"":62206.05,""size"":0.31430647,""num_orders"":1},{""price"":62206.04,""size"":0.09635305,""num_orders"":1},{""price"":62206.03,""size"":0.01,""num_orders"":1}]","[{""price"":62209.75,""size"":0.13074808,""num_orders"":3},{""price"":62210.82,""size"":0.001592,""num_orders"":1},{""price"":62210.92,""size"":0.16074348,""num_orders"":1},{""price"":62211.31,""size"":0.00803732,""num_orders"":1},{""price"":62211.8,""size"":1.8e-05,""num_orders"":1},{""price"":62212.24,""size"":0.00027627,""num_orders"":4},{""price"":62212.67,""size"":0.0482317,""num_orders"":1},{""price"":62212.86,""size"":0.02210153,""num_orders"":4},{""price"":62213.1,""size"":9.7e-05,""num_orders"":1},{""price"":62213.41,""size"":0.01004665,""num_orders"":1}]"
btc_usd_d10_20260708T231425Z,35,2026-07-08T23:49:25.211685Z,2026-07-08T23:49:25.211817Z,BTC-USD,10,ok,,132313168310,2026-07-08T23:49:24.603428565Z,0.46647702,0.25661965,0.290220351865,62206.010000000002,62206.019999999997,62206.014999999999,0.009999999995,0.001607561583,"[{""price"":62206.01,""size"":0.06580386,""num_orders"":5},{""price"":62205.24,""size"":0.00319954,""num_orders"":1},{""price"":62205.23,""size"":0.10451763,""num_orders"":1},{""price"":62204.45,""size"":0.0080378,""num_orders"":1},{""price"":62204.4,""size"":6.05e-05,""num_orders"":2},{""price"":62204.26,""size"":0.09635305,""num_orders"":1},{""price"":62204.25,""size"":0.12860856,""num_orders"":1},{""price"":62204.0,""size"":0.0362,""num_orders"":1},{""price"":62203.42,""size"":0.001591,""num_orders"":1},{""price"":62202.9,""size"":0.02210508,""num_orders"":4}]","[{""price"":62206.02,""size"":0.02089811,""num_orders"":2},{""price"":62207.22,""size"":0.00812978,""num_orders"":2},{""price"":62207.58,""size"":0.0080378,""num_orders"":1},{""price"":62208.0,""size"":0.0344,""num_orders"":1},{""price"":62208.24,""size"":0.00089089,""num_orders"":1},{""price"":62208.36,""size"":0.12860009,""num_orders"":1},{""price"":62209.68,""size"":0.01004725,""num_orders"":1},{""price"":62209.97,""size"":0.00121573,""num_orders"":1},{""price"":62209.99,""size"":0.01,""num_orders"":1},{""price"":62210.0,""size"":0.0344,""num_orders"":1}]"
btc_usd_d10_20260708T231425Z,36,2026-07-08T23:50:25.211685Z,2026-07-08T23:50:25.211811Z,BTC-USD,10,ok,,132313204642,2026-07-08T23:50:23.189074209Z,0.39934134,0.69944029,-0.273119737177,62197,62197.010000000002,62197.005000000005,0.010000000002,0.001607794459,"[{""price"":62197.0,""size"":0.02811768,""num_orders"":2},{""price"":62196.0,""size"":0.0327,""num_orders"":1},{""price"":62194.01,""size"":0.09635305,""num_orders"":1},{""price"":62194.0,""size"":0.0327,""num_orders"":1},{""price"":62193.89,""size"":0.02210827,""num_orders"":4},{""price"":62193.3,""size"":1.8e-05,""num_orders"":1},{""price"":62193.28,""size"":0.04829129,""num_orders"":1},{""price"":62192.04,""size"":0.01,""num_orders"":1},{""price"":62192.03,""size"":0.09635305,""num_orders"":1},{""price"":62192.0,""size"":0.0327,""num_orders"":1}]","[{""price"":62197.01,""size"":0.23034686,""num_orders"":6},{""price"":62198.57,""size"":0.00803897,""num_orders"":1},{""price"":62199.46,""size"":0.00319954,""num_orders"":1},{""price"":62199.47,""size"":0.09598151,""num_orders"":1},{""price"":62199.48,""size"":0.16077305,""num_orders"":1},{""price"":62200.42,""size"":0.001609,""num_orders"":1},{""price"":62200.67,""size"":0.01004871,""num_orders"":1},{""price"":62201.84,""size"":0.14072597,""num_orders"":1},{""price"":62201.89,""size"":0.00042539,""num_orders"":1},{""price"":62202.28,""size"":0.04829129,""num_orders"":1}]"
btc_usd_d10_20260708T231425Z,37,2026-07-08T23:51:25.211685Z,2026-07-08T23:51:25.211821Z,BTC-USD,10,ok,,132313229972,2026-07-08T23:51:23.806376229Z,0.26758564,0.38349536,-0.178026574266,62211.440000000002,62211.449999999997,62211.445,0.009999999995,0.00160742127,"[{""price"":62211.44,""size"":0.06184266,""num_orders"":5},{""price"":62210.0,""size"":0.0326,""num_orders"":1},{""price"":62209.88,""size"":0.0080371,""num_orders"":1},{""price"":62208.29,""size"":0.00080371,""num_orders"":1},{""price"":62208.19,""size"":0.00319954,""num_orders"":1},{""price"":62208.18,""size"":0.00401876,""num_orders"":1},{""price"":62208.17,""size"":0.01808444,""num_orders"":3},{""price"":62208.01,""size"":0.09635305,""num_orders"":1},{""price"":62208.0,""size"":0.0326,""num_orders"":1},{""price"":62207.78,""size"":0.01004638,""num_orders"":1}]","[{""price"":62211.45,""size"":0.15125991,""num_orders"":4},{""price"":62213.01,""size"":0.0080371,""num_orders"":1},{""price"":62213.22,""size"":0.04822593,""num_orders"":1},{""price"":62213.93,""size"":0.01,""num_orders"":1},{""price"":62213.94,""size"":0.00027626,""num_orders"":4},{""price"":62214.02,""size"":0.01,""num_orders"":1},{""price"":62214.03,""size"":0.02061683,""num_orders"":2},{""price"":62214.04,""size"":0.12858833,""num_orders"":1},{""price"":62214.05,""size"":0.00485,""num_orders"":1},{""price"":62214.4,""size"":0.001641,""num_orders"":1}]"
btc_usd_d10_20260708T231425Z,38,2026-07-08T23:52:25.211685Z,2026-07-08T23:52:25.211816Z,BTC-USD,10,ok,,132313281700,2026-07-08T23:52:22.581487226Z,0.21825331,0.54576263,-0.42866817674,62256,62256.010000000002,62256.005000000005,0.010000000002,0.001606270753,"[{""price"":62256.0,""size"":0.03572714,""num_orders"":2},{""price"":62254.4,""size"":0.00803135,""num_orders"":1},{""price"":62254.05,""size"":0.01,""num_orders"":1},{""price"":62254.04,""size"":0.09635305,""num_orders"":1},{""price"":62254.0,""size"":0.0341,""num_orders"":1},{""price"":62253.72,""size"":0.00080313,""num_orders"":1},{""price"":62252.32,""size"":0.00319945,""num_orders"":1},{""price"":62252.31,""size"":0.01,""num_orders"":1},{""price"":62252.3,""size"":0.01003919,""num_orders"":1},{""price"":62252.04,""size"":0.01,""num_orders"":1}]","[{""price"":62256.01,""size"":0.05037189,""num_orders"":3},{""price"":62256.15,""size"":0.12850136,""num_orders"":1},{""price"":62256.7,""size"":0.04819162,""num_orders"":1},{""price"":62258.5,""size"":0.00027607,""num_orders"":4},{""price"":62258.86,""size"":0.01061683,""num_orders"":1},{""price"":62258.87,""size"":0.1606197,""num_orders"":1},{""price"":62259.12,""size"":0.02208512,""num_orders"":4},{""price"":62259.24,""size"":0.07520275,""num_orders"":1},{""price"":62259.43,""size"":0.001606,""num_orders"":1},{""price"":62259.78,""size"":0.04829129,""num_orders"":1}]"
btc_usd_d10_20260708T231425Z,39,2026-07-08T23:53:25.211685Z,2026-07-08T23:53:25.211810Z,BTC-USD,10,ok,,132313315831,2026-07-08T23:53:24.546071664Z,0.91510424,0.2749616,0.537905230521,62244.5,62244.510000000002,62244.505000000005,0.010000000002,0.00160656752,"[{""price"":62244.5,""size"":0.17427038,""num_orders"":6},{""price"":62244.03,""size"":0.00179256,""num_orders"":1},{""price"":62244.02,""size"":0.31386273,""num_orders"":1},{""price"":62244.01,""size"":0.1285264,""num_orders"":1},{""price"":62244.0,""size"":0.0357,""num_orders"":1},{""price"":62242.94,""size"":0.00803283,""num_orders"":1},{""price"":62241.42,""size"":0.12853176,""num_orders"":1},{""price"":62241.4,""size"":0.01,""num_orders"":1},{""price"":62241.39,""size"":0.01,""num_orders"":1},{""price"":62240.98,""size"":0.10438758,""num_orders"":1}]","[{""price"":62244.51,""size"":2.6e-07,""num_orders"":1},{""price"":62245.1,""size"":1.8e-05,""num_orders"":1},{""price"":62247.0,""size"":0.00010041,""num_orders"":1},{""price"":62247.34,""size"":0.001567,""num_orders"":1},{""price"":62247.51,""size"":0.01331,""num_orders"":1},{""price"":62247.52,""size"":0.04819969,""num_orders"":1},{""price"":62247.62,""size"":0.00803244,""num_orders"":1},{""price"":62248.8,""size"":1.8e-05,""num_orders"":1},{""price"":62248.95,""size"":0.0752005,""num_orders"":1},{""price"":62249.4,""size"":0.1285153,""num_orders"":1}]"
btc_usd_d10_20260708T231425Z,40,2026-07-08T23:54:25.211685Z,2026-07-08T23:54:25.211805Z,BTC-USD,10,ok,,132313344049,2026-07-08T23:54:22.690609804Z,0.3368419,0.47881659,-0.174061438385,62258.489999999998,62258.5,62258.494999999995,0.010000000002,0.001606206511,"[{""price"":62258.49,""size"":0.0443017,""num_orders"":6},{""price"":62256.93,""size"":0.00803103,""num_orders"":1},{""price"":62256.01,""size"":0.00319934,""num_orders"":1},{""price"":62256.0,""size"":0.0375,""num_orders"":1},{""price"":62254.83,""size"":0.01003879,""num_orders"":1},{""price"":62254.73,""size"":0.09635305,""num_orders"":1},{""price"":62254.0,""size"":0.0375,""num_orders"":1},{""price"":62253.41,""size"":0.001557,""num_orders"":1},{""price"":62252.82,""size"":0.09635305,""num_orders"":1},{""price"":62252.78,""size"":0.00200794,""num_orders"":1}]","[{""price"":62258.5,""size"":0.20989608,""num_orders"":4},{""price"":62259.32,""size"":0.04819061,""num_orders"":1},{""price"":62259.34,""size"":0.12849478,""num_orders"":1},{""price"":62259.9,""size"":1.8e-05,""num_orders"":1},{""price"":62260.06,""size"":0.05236534,""num_orders"":2},{""price"":62260.99,""size"":0.00022586,""num_orders"":3},{""price"":62261.6,""size"":0.01,""num_orders"":1},{""price"":62261.61,""size"":0.01806892,""num_orders"":3},{""price"":62261.95,""size"":0.01,""num_orders"":1},{""price"":62261.96,""size"":0.001557,""num_orders"":1}]"
btc_usd_d10_20260708T231425Z,41,2026-07-08T23:55:25.211685Z,2026-07-08T23:55:25.211813Z,BTC-USD,10,ok,,132313373036,2026-07-08T23:55:23.153750331Z,1.13077996,0.27079645,0.613583036832,62261.040000000001,62261.050000000003,62261.044999999998,0.010000000002,0.001606140726,"[{""price"":62261.04,""size"":0.24388834,""num_orders"":7},{""price"":62260.08,""size"":0.00319954,""num_orders"":1},{""price"":62260.07,""size"":0.09635305,""num_orders"":1},{""price"":62260.06,""size"":0.21160898,""num_orders"":1},{""price"":62260.03,""size"":0.04829129,""num_orders"":1},{""price"":62260.0,""size"":0.19761627,""num_orders"":2},{""price"":62259.59,""size"":0.12849425,""num_orders"":1},{""price"":62259.48,""size"":0.0080307,""num_orders"":1},{""price"":62259.1,""size"":0.00096305,""num_orders"":1},{""price"":62258.44,""size"":0.19233449,""num_orders"":1}]","[{""price"":62261.05,""size"":0.08767931,""num_orders"":4},{""price"":62263.4,""size"":0.01061683,""num_orders"":1},{""price"":62263.41,""size"":0.021,""num_orders"":1},{""price"":62263.54,""size"":0.00192304,""num_orders"":5},{""price"":62263.6,""size"":1.8e-05,""num_orders"":1},{""price"":62264.13,""size"":0.04818465,""num_orders"":1},{""price"":62264.16,""size"":0.02208333,""num_orders"":4},{""price"":62264.35,""size"":0.021,""num_orders"":1},{""price"":62264.57,""size"":0.04829129,""num_orders"":1},{""price"":62265.0,""size"":0.01,""num_orders"":1}]"
btc_usd_d10_20260708T231425Z,42,2026-07-08T23:56:25.211685Z,2026-07-08T23:56:25.211817Z,BTC-USD,10,ok,,132313405959,2026-07-08T23:56:23.631349500Z,0.5905654,0.732723,-0.107427526758,62273.809999999998,62273.82,62273.815000000002,0.010000000002,0.001605811367,"[{""price"":62273.81,""size"":0.02461375,""num_orders"":3},{""price"":62272.02,""size"":0.00319951,""num_orders"":1},{""price"":62272.01,""size"":0.0258712,""num_orders"":1},{""price"":62272.0,""size"":0.0433,""num_orders"":1},{""price"":62270.99,""size"":0.01,""num_orders"":1},{""price"":62270.98,""size"":0.23298102,""num_orders"":1},{""price"":62270.97,""size"":0.09635305,""num_orders"":1},{""price"":62270.96,""size"":0.04829129,""num_orders"":1},{""price"":62270.94,""size"":0.10438758,""num_orders"":1},{""price"":62270.35,""size"":0.001568,""num_orders"":1}]","[{""price"":62273.82,""size"":0.03087579,""num_orders"":3},{""price"":62274.0,""size"":0.32116131,""num_orders"":1},{""price"":62274.14,""size"":0.12846423,""num_orders"":1},{""price"":62275.38,""size"":0.00802905,""num_orders"":1},{""price"":62276.31,""size"":0.00017563,""num_orders"":3},{""price"":62276.66,""size"":0.04817504,""num_orders"":1},{""price"":62276.93,""size"":0.01405014,""num_orders"":3},{""price"":62277.48,""size"":0.01003632,""num_orders"":1},{""price"":62278.0,""size"":0.0433,""num_orders"":1},{""price"":62278.38,""size"":0.12845549,""num_orders"":1}]"
btc_usd_d10_20260708T231425Z,43,2026-07-08T23:57:25.211685Z,2026-07-08T23:57:25.211787Z,BTC-USD,10,ok,,132313436243,2026-07-08T23:57:23.087218643Z,0.59622132,0.76931121,-0.126756328537,62271.989999999998,62272,62271.994999999995,0.010000000002,0.0016058583,"[{""price"":62271.99,""size"":0.06114595,""num_orders"":4},{""price"":62271.92,""size"":0.00080292,""num_orders"":1},{""price"":62270.43,""size"":0.00802929,""num_orders"":1},{""price"":62270.02,""size"":0.00319954,""num_orders"":1},{""price"":62270.01,""size"":0.0258501,""num_orders"":1},{""price"":62270.0,""size"":0.0433,""num_orders"":1},{""price"":62268.44,""size"":0.0160595,""num_orders"":2},{""price"":62268.41,""size"":0.09836049,""num_orders"":2},{""price"":62268.04,""size"":0.1284768,""num_orders"":1},{""price"":62268.03,""size"":0.21099673,""num_orders"":1}]","[{""price"":62272.0,""size"":0.08749541,""num_orders"":5},{""price"":62273.56,""size"":0.00802929,""num_orders"":1},{""price"":62273.57,""size"":0.12846543,""num_orders"":1},{""price"":62274.0,""size"":0.23157121,""num_orders"":1},{""price"":62274.28,""size"":0.04817702,""num_orders"":1},{""price"":62274.49,""size"":0.00022581,""num_orders"":3},{""price"":62274.77,""size"":0.1,""num_orders"":1},{""price"":62275.11,""size"":0.018065,""num_orders"":3},{""price"":62275.36,""size"":0.01882091,""num_orders"":1},{""price"":62275.65,""size"":0.12846113,""num_orders"":1}]"
btc_usd_d10_20260708T231425Z,44,2026-07-08T23:58:25.211685Z,2026-07-08T23:58:25.211803Z,BTC-USD,10,ok,,132313467350,2026-07-08T23:58:23.538069112Z,0.32090401,0.32129818,-0.000613778661,62269.019999999997,62269.029999999999,62269.024999999994,0.010000000002,0.001605934893,"[{""price"":62269.02,""size"":0.03318677,""num_orders"":3},{""price"":62269.0,""size"":0.00080297,""num_orders"":1},{""price"":62267.46,""size"":0.00802967,""num_orders"":1},{""price"":62266.1,""size"":0.01,""num_orders"":1},{""price"":62266.09,""size"":0.00159964,""num_orders"":1},{""price"":62266.08,""size"":0.01,""num_orders"":1},{""price"":62266.07,""size"":0.10993191,""num_orders"":2},{""price"":62266.06,""size"":0.09635305,""num_orders"":1},{""price"":62266.0,""size"":0.041,""num_orders"":1},{""price"":62265.37,""size"":0.01,""num_orders"":1}]","[{""price"":62269.03,""size"":0.01618087,""num_orders"":2},{""price"":62269.21,""size"":0.0015999,""num_orders"":1},{""price"":62269.22,""size"":0.1284744,""num_orders"":1},{""price"":62269.31,""size"":0.01939979,""num_orders"":1},{""price"":62270.59,""size"":0.00802967,""num_orders"":1},{""price"":62270.7,""size"":0.04817921,""num_orders"":1},{""price"":62271.3,""size"":0.00119628,""num_orders"":1},{""price"":62271.52,""size"":0.00027601,""num_orders"":4},{""price"":62271.58,""size"":0.001609,""num_orders"":1},{""price"":62271.99,""size"":0.09635305,""num_orders"":1}]"
btc_usd_d10_20260708T231425Z,45,2026-07-08T23:59:25.211685Z,2026-07-08T23:59:25.211810Z,BTC-USD,10,ok,,132313499028,2026-07-08T23:59:24.130302284Z,0.45670109,3.30166679,-0.756968394483,62243.989999999998,62244,62243.994999999995,0.010000000002,0.001606580683,"[{""price"":62243.99,""size"":0.04638009,""num_orders"":5},{""price"":62242.65,""size"":0.00803287,""num_orders"":1},{""price"":62242.0,""size"":0.0495,""num_orders"":1},{""price"":62241.4,""size"":1.8e-05,""num_orders"":1},{""price"":62241.12,""size"":0.06471627,""num_orders"":1},{""price"":62241.11,""size"":0.09635305,""num_orders"":1},{""price"":62240.88,""size"":0.00602498,""num_orders"":2},{""price"":62240.55,""size"":0.01004109,""num_orders"":1},{""price"":62240.0,""size"":0.0471,""num_orders"":1},{""price"":62239.97,""size"":0.12853474,""num_orders"":1}]","[{""price"":62244.0,""size"":2.04813415,""num_orders"":7},{""price"":62244.02,""size"":0.03,""num_orders"":1},{""price"":62244.34,""size"":0.01699994,""num_orders"":1},{""price"":62244.99,""size"":0.00319954,""num_orders"":1},{""price"":62245.0,""size"":1.0,""num_orders"":1},{""price"":62245.28,""size"":0.01699994,""num_orders"":1},{""price"":62245.37,""size"":0.12852361,""num_orders"":1},{""price"":62245.56,""size"":0.0080329,""num_orders"":1},{""price"":62245.59,""size"":0.001575,""num_orders"":1},{""price"":62245.61,""size"":0.04820171,""num_orders"":1}]"
