window_id,sample_index,planned_at_utc,collected_at_utc,product_id,depth,status,error,sequence,snapshot_time_utc,bid_volume,ask_volume,imbalance,best_bid,best_ask,mid_price,spread,spread_bps,bids_json,asks_json
btc_usd_d10_20260612T232404Z,36,2026-06-13T00:00:04.673931Z,2026-06-13T00:00:04.674093Z,BTC-USD,10,ok,,130512254342,2026-06-13T00:00:04.030196448Z,1.18065924,1.45099922,-0.102726088552,63526.879999999997,63526.889999999999,63526.884999999995,0.010000000002,0.001574136683,"[{""price"":63526.88,""size"":0.02402637,""num_orders"":2},{""price"":63526.03,""size"":0.03934776,""num_orders"":1},{""price"":63526.0,""size"":0.0429,""num_orders"":1},{""price"":63525.66,""size"":1.8e-05,""num_orders"":1},{""price"":63524.29,""size"":0.12593607,""num_orders"":1},{""price"":63524.07,""size"":0.10231682,""num_orders"":2},{""price"":63524.06,""size"":0.47259832,""num_orders"":1},{""price"":63524.0,""size"":0.0429,""num_orders"":1},{""price"":63522.5,""size"":0.32813647,""num_orders"":2},{""price"":63522.47,""size"":0.00247943,""num_orders"":3}]","[{""price"":63526.89,""size"":0.02444032,""num_orders"":3},{""price"":63528.57,""size"":0.12633753,""num_orders"":1},{""price"":63529.92,""size"":0.01492637,""num_orders"":1},{""price"":63529.93,""size"":0.03934776,""num_orders"":1},{""price"":63529.95,""size"":0.12592486,""num_orders"":1},{""price"":63530.0,""size"":0.0429,""num_orders"":1},{""price"":63530.25,""size"":0.44476075,""num_orders"":1},{""price"":63531.54,""size"":0.47259832,""num_orders"":1},{""price"":63531.55,""size"":0.15740211,""num_orders"":1},{""price"":63531.66,""size"":0.0023612,""num_orders"":1}]"
btc_usd_d10_20260612T232404Z,37,2026-06-13T00:01:04.673931Z,2026-06-13T00:01:04.674087Z,BTC-USD,10,ok,,130512286283,2026-06-13T00:01:02.036787302Z,0.31408737,1.03032288,-0.532750706118,63525.589999999997,63525.599999999999,63525.595000000001,0.010000000002,0.001574168648,"[{""price"":63525.59,""size"":0.20665937,""num_orders"":6},{""price"":63525.58,""size"":0.01984899,""num_orders"":1},{""price"":63524.99,""size"":7.2e-07,""num_orders"":1},{""price"":63524.01,""size"":0.01492637,""num_orders"":1},{""price"":63524.0,""size"":0.0407,""num_orders"":1},{""price"":63523.78,""size"":0.03148416,""num_orders"":1},{""price"":63523.76,""size"":6.9e-07,""num_orders"":1},{""price"":63523.74,""size"":7.7e-07,""num_orders"":1},{""price"":63522.97,""size"":2e-08,""num_orders"":1},{""price"":63522.57,""size"":0.00046628,""num_orders"":2}]","[{""price"":63525.6,""size"":0.002363,""num_orders"":3},{""price"":63529.43,""size"":0.01492637,""num_orders"":1},{""price"":63529.44,""size"":0.0242979,""num_orders"":1},{""price"":63530.0,""size"":0.0407,""num_orders"":1},{""price"":63530.3,""size"":0.36939634,""num_orders"":1},{""price"":63530.43,""size"":0.00236128,""num_orders"":1},{""price"":63531.36,""size"":0.53555998,""num_orders"":2},{""price"":63532.0,""size"":0.0407,""num_orders"":1},{""price"":63532.04,""size"":1.8e-05,""num_orders"":1},{""price"":63532.05,""size"":1e-08,""num_orders"":1}]"
btc_usd_d10_20260612T232404Z,38,2026-06-13T00:02:04.673931Z,2026-06-13T00:02:04.674094Z,BTC-USD,10,ok,,130512318787,2026-06-13T00:02:03.544922792Z,0.22060011,1.62014658,-0.760314538444,63550.029999999999,63550.040000000001,63550.035000000003,0.010000000002,0.001573563256,"[{""price"":63550.03,""size"":0.06987148,""num_orders"":6},{""price"":63550.02,""size"":0.00015562,""num_orders"":1},{""price"":63550.0,""size"":0.03680077,""num_orders"":2},{""price"":63549.99,""size"":1.87e-06,""num_orders"":3},{""price"":63548.86,""size"":0.01492637,""num_orders"":1},{""price"":63548.85,""size"":0.03146918,""num_orders"":1},{""price"":63548.22,""size"":0.00041904,""num_orders"":2},{""price"":63548.0,""size"":0.0368,""num_orders"":1},{""price"":63547.95,""size"":0.00015578,""num_orders"":1},{""price"":63547.72,""size"":0.03,""num_orders"":1}]","[{""price"":63550.04,""size"":0.17066061,""num_orders"":3},{""price"":63551.18,""size"":1.8e-05,""num_orders"":1},{""price"":63551.53,""size"":0.1258821,""num_orders"":1},{""price"":63552.49,""size"":0.75202427,""num_orders"":1},{""price"":63552.5,""size"":0.47259832,""num_orders"":1},{""price"":63553.23,""size"":0.04721574,""num_orders"":1},{""price"":63554.0,""size"":0.0368,""num_orders"":1},{""price"":63554.37,""size"":1.8e-05,""num_orders"":1},{""price"":63554.4,""size"":3.17e-06,""num_orders"":1},{""price"":63554.54,""size"":0.01492637,""num_orders"":1}]"
btc_usd_d10_20260612T232404Z,39,2026-06-13T00:03:04.673931Z,2026-06-13T00:03:04.674065Z,BTC-USD,10,ok,,130512347434,2026-06-13T00:03:03.045899339Z,1.21720964,0.48513175,0.430041761482,63553,63554.260000000002,63553.630000000005,1.260000000002,0.198257754907,"[{""price"":63553.0,""size"":0.0091,""num_orders"":1},{""price"":63552.01,""size"":0.04249966,""num_orders"":2},{""price"":63552.0,""size"":0.0386,""num_orders"":1},{""price"":63551.34,""size"":0.0003114,""num_orders"":1},{""price"":63550.01,""size"":0.01492637,""num_orders"":1},{""price"":63550.0,""size"":0.0386,""num_orders"":1},{""price"":63549.96,""size"":0.1258852,""num_orders"":1},{""price"":63549.55,""size"":0.47259832,""num_orders"":1},{""price"":63548.73,""size"":0.45976232,""num_orders"":1},{""price"":63548.39,""size"":0.01492637,""num_orders"":1}]","[{""price"":63554.26,""size"":0.01492637,""num_orders"":1},{""price"":63554.27,""size"":0.0091,""num_orders"":1},{""price"":63554.4,""size"":0.00265938,""num_orders"":1},{""price"":63554.41,""size"":9.1e-07,""num_orders"":1},{""price"":63554.72,""size"":3.7e-05,""num_orders"":1},{""price"":63555.98,""size"":0.00157342,""num_orders"":1},{""price"":63555.99,""size"":0.21848706,""num_orders"":2},{""price"":63556.0,""size"":0.0386,""num_orders"":1},{""price"":63556.16,""size"":0.15734117,""num_orders"":1},{""price"":63557.33,""size"":0.04240644,""num_orders"":1}]"
btc_usd_d10_20260612T232404Z,40,2026-06-13T00:04:04.673931Z,2026-06-13T00:04:04.674095Z,BTC-USD,10,ok,,130512373689,2026-06-13T00:04:03.687719197Z,1.71602459,1.13787331,0.202583028636,63554.959999999999,63554.970000000001,63554.964999999997,0.010000000002,0.001573441194,"[{""price"":63554.96,""size"":0.22566533,""num_orders"":10},{""price"":63554.93,""size"":2e-08,""num_orders"":1},{""price"":63554.01,""size"":0.01492637,""num_orders"":1},{""price"":63554.0,""size"":0.0404,""num_orders"":1},{""price"":63553.03,""size"":0.12587911,""num_orders"":1},{""price"":63552.27,""size"":0.03147079,""num_orders"":1},{""price"":63552.02,""size"":0.76445344,""num_orders"":1},{""price"":63552.01,""size"":0.47259832,""num_orders"":1},{""price"":63552.0,""size"":0.0404,""num_orders"":1},{""price"":63551.34,""size"":0.00023121,""num_orders"":1}]","[{""price"":63554.97,""size"":0.00425593,""num_orders"":3},{""price"":63555.0,""size"":9.1e-07,""num_orders"":1},{""price"":63557.1,""size"":0.04090694,""num_orders"":2},{""price"":63557.23,""size"":0.04719936,""num_orders"":1},{""price"":63557.54,""size"":0.15031031,""num_orders"":1},{""price"":63557.55,""size"":0.12587018,""num_orders"":1},{""price"":63557.89,""size"":3.699e-05,""num_orders"":1},{""price"":63558.2,""size"":0.1258689,""num_orders"":1},{""price"":63559.26,""size"":0.00786288,""num_orders"":1},{""price"":63559.7,""size"":0.63556091,""num_orders"":1}]"
btc_usd_d10_20260612T232404Z,41,2026-06-13T00:05:04.673931Z,2026-06-13T00:05:04.674094Z,BTC-USD,10,ok,,130512403819,2026-06-13T00:05:03.178297721Z,0.73666307,2.47801405,-0.541687676553,63519.279999999999,63519.290000000001,63519.285000000003,0.010000000002,0.001574325026,"[{""price"":63519.28,""size"":0.27504114,""num_orders"":3},{""price"":63516.31,""size"":0.03935996,""num_orders"":1},{""price"":63516.3,""size"":0.09445122,""num_orders"":1},{""price"":63516.21,""size"":0.1125,""num_orders"":1},{""price"":63516.09,""size"":1.8e-05,""num_orders"":1},{""price"":63514.0,""size"":0.0429,""num_orders"":1},{""price"":63512.9,""size"":1.8e-05,""num_orders"":1},{""price"":63511.67,""size"":0.12596108,""num_orders"":1},{""price"":63510.51,""size"":0.01492637,""num_orders"":1},{""price"":63510.5,""size"":0.0314873,""num_orders"":1}]","[{""price"":63519.29,""size"":0.76294459,""num_orders"":11},{""price"":63519.3,""size"":0.03,""num_orders"":1},{""price"":63519.32,""size"":0.03000057,""num_orders"":4},{""price"":63519.4,""size"":0.06296166,""num_orders"":1},{""price"":63519.86,""size"":0.84902846,""num_orders"":1},{""price"":63519.87,""size"":0.47259832,""num_orders"":1},{""price"":63520.0,""size"":0.0429,""num_orders"":1},{""price"":63520.02,""size"":0.0314873,""num_orders"":1},{""price"":63522.44,""size"":0.03866849,""num_orders"":1},{""price"":63522.45,""size"":0.15742466,""num_orders"":1}]"
btc_usd_d10_20260612T232404Z,42,2026-06-13T00:06:04.673931Z,2026-06-13T00:06:04.674060Z,BTC-USD,10,ok,,130512440432,2026-06-13T00:06:02.525085938Z,0.85783535,2.10746221,-0.421417019613,63538.589999999997,63538.599999999999,63538.595000000001,0.010000000002,0.001573846573,"[{""price"":63538.59,""size"":0.07127226,""num_orders"":5},{""price"":63538.58,""size"":0.03,""num_orders"":1},{""price"":63538.56,""size"":0.02999975,""num_orders"":3},{""price"":63538.41,""size"":3.149e-05,""num_orders"":1},{""price"":63538.0,""size"":0.0429,""num_orders"":1},{""price"":63536.02,""size"":0.03147402,""num_orders"":1},{""price"":63536.0,""size"":0.0429,""num_orders"":1},{""price"":63535.4,""size"":0.01492637,""num_orders"":1},{""price"":63535.11,""size"":0.46841666,""num_orders"":1},{""price"":63535.02,""size"":0.1259148,""num_orders"":1}]","[{""price"":63538.6,""size"":0.12747661,""num_orders"":3},{""price"":63539.99,""size"":0.01492637,""num_orders"":1},{""price"":63540.0,""size"":0.01,""num_orders"":1},{""price"":63541.31,""size"":0.15737794,""num_orders"":1},{""price"":63541.61,""size"":1.8e-05,""num_orders"":1},{""price"":63541.97,""size"":0.40170515,""num_orders"":1},{""price"":63541.98,""size"":0.47259832,""num_orders"":1},{""price"":63542.0,""size"":0.0429,""num_orders"":1},{""price"":63543.97,""size"":0.4078615,""num_orders"":1},{""price"":63543.98,""size"":0.47259832,""num_orders"":1}]"
btc_usd_d10_20260612T232404Z,43,2026-06-13T00:07:04.673931Z,2026-06-13T00:07:04.674058Z,BTC-USD,10,ok,,130512464445,2026-06-13T00:07:02.125795099Z,0.34340478,1.86265651,-0.68867158718,63555.529999999999,63555.540000000001,63555.535000000003,0.010000000002,0.001573427083,"[{""price"":63555.53,""size"":0.04882869,""num_orders"":5},{""price"":63555.52,""size"":0.03,""num_orders"":1},{""price"":63555.5,""size"":0.03000002,""num_orders"":2},{""price"":63555.08,""size"":7.883e-05,""num_orders"":1},{""price"":63554.0,""size"":0.0429,""num_orders"":1},{""price"":63552.43,""size"":0.03933759,""num_orders"":1},{""price"":63552.42,""size"":0.06296166,""num_orders"":1},{""price"":63552.0,""size"":0.0429,""num_orders"":1},{""price"":63551.79,""size"":0.03147162,""num_orders"":1},{""price"":63551.42,""size"":0.01492637,""num_orders"":1}]","[{""price"":63555.54,""size"":0.11997549,""num_orders"":3},{""price"":63556.55,""size"":0.07809002,""num_orders"":2},{""price"":63557.05,""size"":0.0002763,""num_orders"":1},{""price"":63557.56,""size"":1.8e-05,""num_orders"":1},{""price"":63557.69,""size"":0.38049086,""num_orders"":1},{""price"":63557.7,""size"":0.47259832,""num_orders"":1},{""price"":63557.71,""size"":0.15733732,""num_orders"":1},{""price"":63559.08,""size"":0.00852102,""num_orders"":1},{""price"":63559.09,""size"":0.64532557,""num_orders"":2},{""price"":63559.54,""size"":2.361e-05,""num_orders"":1}]"
btc_usd_d10_20260612T232404Z,44,2026-06-13T00:08:04.673931Z,2026-06-13T00:08:04.674056Z,BTC-USD,10,ok,,130512494138,2026-06-13T00:08:03.512990219Z,0.90345404,1.89903405,-0.355248614098,63555,63555.010000000002,63555.005000000005,0.010000000002,0.001573440204,"[{""price"":63555.0,""size"":0.07799536,""num_orders"":5},{""price"":63553.96,""size"":2e-08,""num_orders"":1},{""price"":63551.71,""size"":0.00139985,""num_orders"":3},{""price"":63551.18,""size"":0.03935637,""num_orders"":2},{""price"":63551.09,""size"":0.07799536,""num_orders"":1},{""price"":63550.7,""size"":0.47259832,""num_orders"":1},{""price"":63550.0,""size"":0.0429,""num_orders"":1},{""price"":63549.22,""size"":0.00236019,""num_orders"":1},{""price"":63549.09,""size"":0.12588691,""num_orders"":1},{""price"":63548.71,""size"":0.06296166,""num_orders"":1}]","[{""price"":63555.01,""size"":0.37361869,""num_orders"":8},{""price"":63555.02,""size"":0.47259832,""num_orders"":1},{""price"":63555.03,""size"":0.56277997,""num_orders"":2},{""price"":63555.04,""size"":0.12587515,""num_orders"":1},{""price"":63555.1,""size"":0.00088293,""num_orders"":1},{""price"":63555.47,""size"":0.04719126,""num_orders"":1},{""price"":63555.94,""size"":0.03146863,""num_orders"":1},{""price"":63556.0,""size"":0.0429,""num_orders"":1},{""price"":63557.16,""size"":0.08438082,""num_orders"":2},{""price"":63557.33,""size"":0.15733828,""num_orders"":1}]"
btc_usd_d10_20260612T232404Z,45,2026-06-13T00:09:04.673931Z,2026-06-13T00:09:04.674068Z,BTC-USD,10,ok,,130512521006,2026-06-13T00:09:04.161747016Z,0.76974761,0.78574423,-0.01028396266,63516.089999999997,63516.099999999999,63516.095000000001,0.010000000002,0.001574404094,"[{""price"":63516.09,""size"":0.03446269,""num_orders"":7},{""price"":63516.06,""size"":5.3e-07,""num_orders"":2},{""price"":63514.0,""size"":0.0429,""num_orders"":1},{""price"":63513.11,""size"":0.03936195,""num_orders"":1},{""price"":63513.1,""size"":0.47259832,""num_orders"":1},{""price"":63512.9,""size"":1.8e-05,""num_orders"":1},{""price"":63512.56,""size"":0.00918349,""num_orders"":1},{""price"":63512.0,""size"":0.0429,""num_orders"":1},{""price"":63511.7,""size"":0.12596103,""num_orders"":1},{""price"":63511.32,""size"":0.0023616,""num_orders"":1}]","[{""price"":63516.1,""size"":0.18313367,""num_orders"":10},{""price"":63516.12,""size"":0.03,""num_orders"":1},{""price"":63516.13,""size"":9e-07,""num_orders"":1},{""price"":63517.19,""size"":0.07871884,""num_orders"":1},{""price"":63517.2,""size"":0.18769097,""num_orders"":2},{""price"":63517.21,""size"":0.06296166,""num_orders"":1},{""price"":63517.88,""size"":0.1259488,""num_orders"":1},{""price"":63518.0,""size"":0.0429,""num_orders"":1},{""price"":63518.03,""size"":0.03148939,""num_orders"":1},{""price"":63520.0,""size"":0.0429,""num_orders"":1}]"
btc_usd_d10_20260612T232404Z,46,2026-06-13T00:10:04.673931Z,2026-06-13T00:10:04.674047Z,BTC-USD,10,ok,,130512569052,2026-06-13T00:10:03.535785629Z,0.74003874,0.60688658,0.09885637906,63553.809999999998,63553.82,63553.815000000002,0.010000000002,0.001573469665,"[{""price"":63553.81,""size"":0.04641987,""num_orders"":3},{""price"":63552.14,""size"":0.09128661,""num_orders"":2},{""price"":63552.0,""size"":0.0429,""num_orders"":1},{""price"":63551.17,""size"":0.00042815,""num_orders"":1},{""price"":63550.0,""size"":0.0429,""num_orders"":1},{""price"":63549.37,""size"":0.01492637,""num_orders"":1},{""price"":63549.36,""size"":0.0491285,""num_orders"":1},{""price"":63549.04,""size"":0.0023602,""num_orders"":1},{""price"":63548.47,""size"":0.32380012,""num_orders"":1},{""price"":63548.08,""size"":0.12588892,""num_orders"":1}]","[{""price"":63553.82,""size"":0.09444534,""num_orders"":1},{""price"":63554.37,""size"":1.8e-05,""num_orders"":1},{""price"":63555.0,""size"":0.01,""num_orders"":1},{""price"":63555.79,""size"":0.09444534,""num_orders"":1},{""price"":63556.0,""size"":0.0429,""num_orders"":1},{""price"":63557.56,""size"":1.8e-05,""num_orders"":1},{""price"":63557.74,""size"":0.09444534,""num_orders"":1},{""price"":63559.78,""size"":0.01492637,""num_orders"":1},{""price"":63559.79,""size"":0.19272653,""num_orders"":1},{""price"":63559.8,""size"":0.06296166,""num_orders"":1}]"
btc_usd_d10_20260612T232404Z,47,2026-06-13T00:11:04.673931Z,2026-06-13T00:11:04.674079Z,BTC-USD,10,ok,,130512613008,2026-06-13T00:11:04.040408953Z,0.75531127,0.59618944,0.117737141255,63515.989999999998,63516,63515.994999999995,0.010000000002,0.001574406573,"[{""price"":63515.99,""size"":0.09648768,""num_orders"":3},{""price"":63515.96,""size"":6.6e-07,""num_orders"":1},{""price"":63514.02,""size"":0.12189076,""num_orders"":1},{""price"":63514.01,""size"":0.09444534,""num_orders"":1},{""price"":63512.91,""size"":0.01492637,""num_orders"":1},{""price"":63512.9,""size"":0.00035507,""num_orders"":4},{""price"":63511.36,""size"":0.09444534,""num_orders"":1},{""price"":63510.23,""size"":0.20677668,""num_orders"":1},{""price"":63509.71,""size"":1.8e-05,""num_orders"":1},{""price"":63509.51,""size"":0.12596537,""num_orders"":1}]","[{""price"":63516.0,""size"":0.195982,""num_orders"":5},{""price"":63516.02,""size"":0.03,""num_orders"":1},{""price"":63516.03,""size"":7.2e-07,""num_orders"":1},{""price"":63517.09,""size"":0.03147952,""num_orders"":1},{""price"":63517.19,""size"":0.0097,""num_orders"":1},{""price"":63517.6,""size"":0.0530025,""num_orders"":1},{""price"":63517.61,""size"":0.15743667,""num_orders"":1},{""price"":63517.67,""size"":0.06296166,""num_orders"":1},{""price"":63518.0,""size"":0.0407,""num_orders"":1},{""price"":63518.73,""size"":0.01492637,""num_orders"":1}]"
btc_usd_d10_20260612T232404Z,48,2026-06-13T00:12:04.673931Z,2026-06-13T00:12:04.674081Z,BTC-USD,10,ok,,130512652996,2026-06-13T00:12:02.184067614Z,0.93394587,0.47766353,0.323235549437,63534.349999999999,63534.82,63534.584999999999,0.470000000001,0.073975457619,"[{""price"":63534.35,""size"":0.01038242,""num_orders"":1},{""price"":63533.66,""size"":0.00293793,""num_orders"":2},{""price"":63532.44,""size"":0.00038924,""num_orders"":1},{""price"":63532.08,""size"":0.02496935,""num_orders"":1},{""price"":63532.03,""size"":0.3233533,""num_orders"":3},{""price"":63531.82,""size"":0.06097983,""num_orders"":1},{""price"":63531.73,""size"":0.21782682,""num_orders"":3},{""price"":63531.69,""size"":0.12592139,""num_orders"":1},{""price"":63531.09,""size"":0.04126166,""num_orders"":1},{""price"":63530.41,""size"":0.12592393,""num_orders"":1}]","[{""price"":63534.82,""size"":0.0091,""num_orders"":1},{""price"":63534.99,""size"":0.00961757,""num_orders"":1},{""price"":63535.0,""size"":0.12591485,""num_orders"":1},{""price"":63535.23,""size"":1.8e-05,""num_orders"":1},{""price"":63535.83,""size"":0.00157302,""num_orders"":1},{""price"":63536.0,""size"":0.0332,""num_orders"":1},{""price"":63537.01,""size"":0.01492637,""num_orders"":1},{""price"":63537.02,""size"":0.03148127,""num_orders"":1},{""price"":63537.61,""size"":0.15738711,""num_orders"":1},{""price"":63537.85,""size"":0.09444534,""num_orders"":1}]"
btc_usd_d10_20260612T232404Z,49,2026-06-13T00:13:04.673931Z,2026-06-13T00:13:04.674066Z,BTC-USD,10,ok,,130512695147,2026-06-13T00:13:03.103917631Z,0.62831445,0.57811708,0.041608138342,63535.139999999999,63535.150000000001,63535.145000000004,0.010000000002,0.001573932034,"[{""price"":63535.14,""size"":0.12154514,""num_orders"":6},{""price"":63535.11,""size"":1.28e-06,""num_orders"":3},{""price"":63532.54,""size"":0.00078696,""num_orders"":1},{""price"":63531.63,""size"":0.00012829,""num_orders"":1},{""price"":63530.37,""size"":0.00236089,""num_orders"":1},{""price"":63530.3,""size"":0.02,""num_orders"":1},{""price"":63530.29,""size"":0.07517675,""num_orders"":1},{""price"":63530.28,""size"":0.1259242,""num_orders"":1},{""price"":63530.0,""size"":0.1879456,""num_orders"":1},{""price"":63528.78,""size"":0.09444534,""num_orders"":1}]","[{""price"":63535.15,""size"":0.12251439,""num_orders"":5},{""price"":63535.23,""size"":1.8e-05,""num_orders"":1},{""price"":63535.91,""size"":0.15739132,""num_orders"":1},{""price"":63536.0,""size"":0.033,""num_orders"":1},{""price"":63537.66,""size"":0.03147801,""num_orders"":1},{""price"":63537.92,""size"":0.09444534,""num_orders"":1},{""price"":63538.0,""size"":0.0299,""num_orders"":1},{""price"":63538.24,""size"":0.09442565,""num_orders"":1},{""price"":63538.42,""size"":1.8e-05,""num_orders"":1},{""price"":63539.46,""size"":0.01492637,""num_orders"":1}]"
btc_usd_d10_20260612T232404Z,50,2026-06-13T00:14:04.673931Z,2026-06-13T00:14:04.674094Z,BTC-USD,10,ok,,130512721551,2026-06-13T00:14:02.827898592Z,1.30370459,0.40509167,0.525874816697,63553.809999999998,63553.82,63553.815000000002,0.010000000002,0.001573469665,"[{""price"":63553.81,""size"":0.43446495,""num_orders"":12},{""price"":63553.78,""size"":2e-08,""num_orders"":1},{""price"":63553.76,""size"":0.00078673,""num_orders"":1},{""price"":63553.06,""size"":0.03146602,""num_orders"":1},{""price"":63553.0,""size"":0.36791688,""num_orders"":2},{""price"":63552.02,""size"":0.09444534,""num_orders"":1},{""price"":63552.0,""size"":0.0346,""num_orders"":1},{""price"":63551.6,""size"":0.15735243,""num_orders"":1},{""price"":63551.17,""size"":0.02526522,""num_orders"":1},{""price"":63550.06,""size"":0.157407,""num_orders"":2}]","[{""price"":63553.82,""size"":0.01388601,""num_orders"":3},{""price"":63554.37,""size"":0.009718,""num_orders"":2},{""price"":63555.0,""size"":0.01,""num_orders"":1},{""price"":63555.48,""size"":0.00157254,""num_orders"":1},{""price"":63556.0,""size"":0.0363,""num_orders"":1},{""price"":63557.4,""size"":0.09444534,""num_orders"":1},{""price"":63557.41,""size"":0.15733807,""num_orders"":1},{""price"":63557.52,""size"":0.04721371,""num_orders"":1},{""price"":63557.56,""size"":1.8e-05,""num_orders"":1},{""price"":63558.0,""size"":0.0346,""num_orders"":1}]"
btc_usd_d10_20260612T232404Z,51,2026-06-13T00:15:04.673931Z,2026-06-13T00:15:04.674068Z,BTC-USD,10,ok,,130512757136,2026-06-13T00:15:03.539896673Z,0.44021826,0.85735189,-0.321472893007,63558,63558.010000000002,63558.005000000005,0.010000000002,0.001573365936,"[{""price"":63558.0,""size"":0.1746597,""num_orders"":6},{""price"":63557.98,""size"":0.03,""num_orders"":1},{""price"":63556.0,""size"":0.0429,""num_orders"":1},{""price"":63555.69,""size"":0.00118294,""num_orders"":1},{""price"":63554.04,""size"":0.0393366,""num_orders"":1},{""price"":63554.03,""size"":0.09440196,""num_orders"":1},{""price"":63554.01,""size"":0.01442952,""num_orders"":1},{""price"":63554.0,""size"":0.0429,""num_orders"":1},{""price"":63553.98,""size"":2e-08,""num_orders"":1},{""price"":63553.49,""size"":0.00040752,""num_orders"":2}]","[{""price"":63558.01,""size"":0.14522137,""num_orders"":4},{""price"":63558.02,""size"":0.06211149,""num_orders"":1},{""price"":63559.09,""size"":0.03147207,""num_orders"":1},{""price"":63559.85,""size"":0.17990255,""num_orders"":1},{""price"":63559.86,""size"":0.1125,""num_orders"":1},{""price"":63560.35,""size"":0.12586465,""num_orders"":1},{""price"":63560.7,""size"":0.0944001,""num_orders"":1},{""price"":63560.75,""size"":1.8e-05,""num_orders"":1},{""price"":63560.86,""size"":0.06296166,""num_orders"":1},{""price"":63562.0,""size"":0.0429,""num_orders"":1}]"
btc_usd_d10_20260612T232404Z,52,2026-06-13T00:16:04.673931Z,2026-06-13T00:16:04.674064Z,BTC-USD,10,ok,,130512782919,2026-06-13T00:16:02.127150407Z,0.71519696,0.72198382,-0.004722342585,63548.339999999997,63548.349999999999,63548.345000000001,0.010000000002,0.001573605104,"[{""price"":63548.34,""size"":0.10595847,""num_orders"":4},{""price"":63548.31,""size"":1.52e-06,""num_orders"":2},{""price"":63546.19,""size"":0.04582386,""num_orders"":2},{""price"":63546.02,""size"":0.03934156,""num_orders"":1},{""price"":63546.0,""size"":0.0429,""num_orders"":1},{""price"":63545.92,""size"":0.09440196,""num_orders"":1},{""price"":63545.3,""size"":0.1978939,""num_orders"":2},{""price"":63544.93,""size"":0.06296166,""num_orders"":1},{""price"":63544.8,""size"":1.8e-05,""num_orders"":1},{""price"":63544.49,""size"":0.12589603,""num_orders"":1}]","[{""price"":63548.35,""size"":0.02159013,""num_orders"":4},{""price"":63548.38,""size"":7.5e-07,""num_orders"":1},{""price"":63548.41,""size"":0.12588827,""num_orders"":1},{""price"":63550.27,""size"":0.09440196,""num_orders"":1},{""price"":63550.28,""size"":0.12588459,""num_orders"":1},{""price"":63551.99,""size"":0.03641632,""num_orders"":1},{""price"":63552.0,""size"":0.0429,""num_orders"":1},{""price"":63553.12,""size"":0.0023604,""num_orders"":1},{""price"":63553.24,""size"":0.17813944,""num_orders"":1},{""price"":63553.77,""size"":0.09440196,""num_orders"":1}]"
btc_usd_d10_20260612T232404Z,53,2026-06-13T00:17:04.673931Z,2026-06-13T00:17:04.674020Z,BTC-USD,10,ok,,130512803935,2026-06-13T00:17:03.533036917Z,0.74895485,0.66788921,0.057215640231,63548.339999999997,63548.349999999999,63548.345000000001,0.010000000002,0.001573605104,"[{""price"":63548.34,""size"":0.21294249,""num_orders"":5},{""price"":63548.31,""size"":2e-08,""num_orders"":1},{""price"":63548.0,""size"":0.0429,""num_orders"":1},{""price"":63547.99,""size"":1.8e-05,""num_orders"":1},{""price"":63546.0,""size"":0.0429,""num_orders"":1},{""price"":63545.51,""size"":0.03146943,""num_orders"":1},{""price"":63544.83,""size"":0.18348195,""num_orders"":1},{""price"":63544.82,""size"":0.09440196,""num_orders"":1},{""price"":63544.8,""size"":1.8e-05,""num_orders"":1},{""price"":63544.19,""size"":0.140823,""num_orders"":2}]","[{""price"":63548.35,""size"":0.01286717,""num_orders"":3},{""price"":63548.74,""size"":0.12588764,""num_orders"":1},{""price"":63548.88,""size"":0.00157269,""num_orders"":1},{""price"":63549.19,""size"":0.04720372,""num_orders"":1},{""price"":63551.17,""size"":0.01492637,""num_orders"":1},{""price"":63551.18,""size"":0.12588279,""num_orders"":1},{""price"":63552.0,""size"":0.0429,""num_orders"":1},{""price"":63552.7,""size"":0.19988647,""num_orders"":1},{""price"":63553.12,""size"":0.0023604,""num_orders"":1},{""price"":63553.55,""size"":0.09440196,""num_orders"":1}]"
btc_usd_d10_20260612T232404Z,54,2026-06-13T00:18:04.673931Z,2026-06-13T00:18:04.674058Z,BTC-USD,10,ok,,130512832162,2026-06-13T00:18:03.024758867Z,0.74049767,0.9194177,-0.107788645875,63516.089999999997,63516.099999999999,63516.095000000001,0.010000000002,0.001574404094,"[{""price"":63516.09,""size"":0.09385583,""num_orders"":4},{""price"":63513.08,""size"":0.01492637,""num_orders"":1},{""price"":63513.07,""size"":0.03936197,""num_orders"":1},{""price"":63512.93,""size"":0.02,""num_orders"":1},{""price"":63512.9,""size"":1.8e-05,""num_orders"":1},{""price"":63512.69,""size"":0.09440196,""num_orders"":1},{""price"":63512.0,""size"":0.0387,""num_orders"":1},{""price"":63511.44,""size"":0.03148853,""num_orders"":1},{""price"":63510.75,""size"":0.31334305,""num_orders"":2},{""price"":63510.74,""size"":0.09440196,""num_orders"":1}]","[{""price"":63516.1,""size"":0.12909851,""num_orders"":3},{""price"":63516.13,""size"":1.62e-06,""num_orders"":2},{""price"":63517.13,""size"":0.04722518,""num_orders"":1},{""price"":63518.0,""size"":0.0387,""num_orders"":1},{""price"":63519.17,""size"":0.00198903,""num_orders"":1},{""price"":63519.18,""size"":0.27849801,""num_orders"":1},{""price"":63519.19,""size"":0.06888433,""num_orders"":1},{""price"":63519.25,""size"":0.15736362,""num_orders"":2},{""price"":63519.26,""size"":0.15743256,""num_orders"":1},{""price"":63519.29,""size"":0.04022484,""num_orders"":3}]"
btc_usd_d10_20260612T232404Z,55,2026-06-13T00:19:04.673931Z,2026-06-13T00:19:04.674061Z,BTC-USD,10,ok,,130512860842,2026-06-13T00:19:02.126438839Z,0.32443183,1.037744,-0.523656457772,63526.720000000001,63526.730000000003,63526.725000000006,0.010000000002,0.001574140647,"[{""price"":63526.72,""size"":0.10451795,""num_orders"":5},{""price"":63526.69,""size"":1.24e-06,""num_orders"":3},{""price"":63525.14,""size"":0.00078707,""num_orders"":1},{""price"":63524.59,""size"":0.01492637,""num_orders"":1},{""price"":63524.58,""size"":0.00015553,""num_orders"":1},{""price"":63522.59,""size"":0.03935607,""num_orders"":1},{""price"":63522.58,""size"":0.09440196,""num_orders"":1},{""price"":63522.57,""size"":0.03148194,""num_orders"":1},{""price"":63522.48,""size"":0.0002037,""num_orders"":2},{""price"":63522.0,""size"":0.0386,""num_orders"":1}]","[{""price"":63526.73,""size"":0.48070214,""num_orders"":7},{""price"":63526.74,""size"":1e-08,""num_orders"":1},{""price"":63526.75,""size"":1e-08,""num_orders"":1},{""price"":63527.26,""size"":0.00786688,""num_orders"":1},{""price"":63528.0,""size"":0.0386,""num_orders"":1},{""price"":63528.11,""size"":0.20978175,""num_orders"":1},{""price"":63528.12,""size"":0.0489661,""num_orders"":1},{""price"":63528.85,""size"":1.8e-05,""num_orders"":1},{""price"":63529.51,""size"":0.09440196,""num_orders"":1},{""price"":63529.52,""size"":0.15740715,""num_orders"":1}]"
btc_usd_d10_20260612T232404Z,56,2026-06-13T00:20:04.673931Z,2026-06-13T00:20:04.674095Z,BTC-USD,10,ok,,130512879778,2026-06-13T00:20:02.552596587Z,0.81373461,0.63063186,0.12677028566,63524.010000000002,63524.019999999997,63524.014999999999,0.009999999995,0.001574207801,"[{""price"":63524.01,""size"":0.19201462,""num_orders"":8},{""price"":63523.98,""size"":2e-08,""num_orders"":1},{""price"":63522.85,""size"":0.0007871,""num_orders"":1},{""price"":63522.0,""size"":0.0367,""num_orders"":1},{""price"":63521.34,""size"":0.03148625,""num_orders"":1},{""price"":63520.52,""size"":0.01492637,""num_orders"":1},{""price"":63520.51,""size"":0.03935736,""num_orders"":1},{""price"":63520.47,""size"":0.33581915,""num_orders"":1},{""price"":63520.42,""size"":0.12594374,""num_orders"":1},{""price"":63520.0,""size"":0.0367,""num_orders"":1}]","[{""price"":63524.02,""size"":0.20274681,""num_orders"":6},{""price"":63526.96,""size"":0.1574135,""num_orders"":1},{""price"":63527.52,""size"":0.09440196,""num_orders"":1},{""price"":63527.85,""size"":0.00786685,""num_orders"":1},{""price"":63528.0,""size"":0.0386,""num_orders"":1},{""price"":63528.45,""size"":0.09444587,""num_orders"":1},{""price"":63528.78,""size"":0.00236134,""num_orders"":1},{""price"":63528.85,""size"":1.8e-05,""num_orders"":1},{""price"":63529.15,""size"":0.00157409,""num_orders"":1},{""price"":63529.44,""size"":0.03120344,""num_orders"":1}]"
btc_usd_d10_20260612T232404Z,57,2026-06-13T00:21:04.673931Z,2026-06-13T00:21:04.674059Z,BTC-USD,10,ok,,130512896945,2026-06-13T00:21:03.041975449Z,2.23830756,0.72159717,0.512418651394,63519.279999999999,63519.290000000001,63519.285000000003,0.010000000002,0.001574325026,"[{""price"":63519.28,""size"":1.66796705,""num_orders"":8},{""price"":63519.25,""size"":2e-08,""num_orders"":1},{""price"":63516.59,""size"":0.03148545,""num_orders"":1},{""price"":63516.11,""size"":0.09440196,""num_orders"":1},{""price"":63516.09,""size"":1.8e-05,""num_orders"":1},{""price"":63516.0,""size"":0.0367,""num_orders"":1},{""price"":63515.26,""size"":0.01492637,""num_orders"":1},{""price"":63515.25,""size"":0.00236138,""num_orders"":1},{""price"":63514.17,""size"":0.09440196,""num_orders"":1},{""price"":63514.02,""size"":0.29604537,""num_orders"":2}]","[{""price"":63519.29,""size"":0.12619477,""num_orders"":3},{""price"":63520.0,""size"":0.0367,""num_orders"":1},{""price"":63520.03,""size"":0.00157341,""num_orders"":1},{""price"":63521.23,""size"":0.09440196,""num_orders"":1},{""price"":63521.41,""size"":0.03120192,""num_orders"":1},{""price"":63521.93,""size"":0.06296166,""num_orders"":1},{""price"":63521.94,""size"":0.20434856,""num_orders"":1},{""price"":63521.99,""size"":0.12594064,""num_orders"":1},{""price"":63522.0,""size"":0.0367,""num_orders"":1},{""price"":63522.53,""size"":0.00157425,""num_orders"":1}]"
btc_usd_d10_20260612T232404Z,58,2026-06-13T00:22:04.673931Z,2026-06-13T00:22:04.674093Z,BTC-USD,10,ok,,130512922284,2026-06-13T00:22:03.626478434Z,1.94467359,0.65729513,0.494770920997,63555.790000000001,63555.800000000003,63555.794999999998,0.010000000002,0.001573420646,"[{""price"":63555.79,""size"":1.57026817,""num_orders"":5},{""price"":63555.78,""size"":0.03,""num_orders"":1},{""price"":63555.76,""size"":0.03000162,""num_orders"":3},{""price"":63555.47,""size"":0.01492637,""num_orders"":1},{""price"":63555.46,""size"":2e-08,""num_orders"":1},{""price"":63554.39,""size"":0.03933638,""num_orders"":1},{""price"":63554.38,""size"":0.19905012,""num_orders"":1},{""price"":63554.36,""size"":0.02869705,""num_orders"":1},{""price"":63554.15,""size"":0.03146845,""num_orders"":1},{""price"":63554.02,""size"":0.00092541,""num_orders"":1}]","[{""price"":63555.8,""size"":0.12334304,""num_orders"":1},{""price"":63555.9,""size"":0.00157251,""num_orders"":1},{""price"":63557.05,""size"":0.15733896,""num_orders"":1},{""price"":63557.56,""size"":1.8e-05,""num_orders"":1},{""price"":63558.0,""size"":0.0429,""num_orders"":1},{""price"":63560.0,""size"":0.0529,""num_orders"":2},{""price"":63560.75,""size"":1.8e-05,""num_orders"":1},{""price"":63561.08,""size"":0.09440196,""num_orders"":1},{""price"":63562.25,""size"":0.00454789,""num_orders"":1},{""price"":63562.99,""size"":0.18025477,""num_orders"":1}]"
btc_usd_d10_20260612T232404Z,59,2026-06-13T00:23:04.673931Z,2026-06-13T00:23:04.674060Z,BTC-USD,10,ok,,130512954212,2026-06-13T00:23:03.625837094Z,0.54092218,0.48209843,0.057500063464,63560.870000000003,63560.879999999997,63560.875,0.009999999995,0.001573294892,"[{""price"":63560.87,""size"":0.13255513,""num_orders"":5},{""price"":63560.84,""size"":2e-08,""num_orders"":1},{""price"":63560.74,""size"":0.00026321,""num_orders"":1},{""price"":63560.01,""size"":0.03463684,""num_orders"":1},{""price"":63560.0,""size"":0.0429,""num_orders"":1},{""price"":63559.62,""size"":0.01492637,""num_orders"":1},{""price"":63559.61,""size"":0.00019178,""num_orders"":1},{""price"":63558.67,""size"":0.03146458,""num_orders"":1},{""price"":63558.63,""size"":0.18958229,""num_orders"":1},{""price"":63558.62,""size"":0.09440196,""num_orders"":1}]","[{""price"":63560.88,""size"":0.12314342,""num_orders"":2},{""price"":63560.89,""size"":1e-08,""num_orders"":1},{""price"":63561.46,""size"":0.00157242,""num_orders"":1},{""price"":63563.4,""size"":0.03863976,""num_orders"":1},{""price"":63563.41,""size"":0.15732322,""num_orders"":1},{""price"":63563.94,""size"":1.8e-05,""num_orders"":1},{""price"":63564.0,""size"":0.0429,""num_orders"":1},{""price"":63564.34,""size"":0.09440196,""num_orders"":1},{""price"":63565.0,""size"":0.01,""num_orders"":1},{""price"":63565.65,""size"":0.01409964,""num_orders"":1}]"
btc_usd_d10_20260613T042324Z,0,2026-06-13T04:23:24.071247Z,2026-06-13T04:23:24.071285Z,BTC-USD,10,ok,,130519959051,2026-06-13T04:23:22.525006803Z,1.07941898,0.47479615,0.38902132551,63555.059999999998,63555.07,63555.065000000002,0.010000000002,0.001573438718,"[{""price"":63555.06,""size"":0.24422758,""num_orders"":11},{""price"":63554.73,""size"":0.31772242,""num_orders"":2},{""price"":63554.36,""size"":0.12964467,""num_orders"":4},{""price"":63554.33,""size"":2e-08,""num_orders"":1},{""price"":63554.0,""size"":0.0322,""num_orders"":1},{""price"":63553.64,""size"":0.146,""num_orders"":1},{""price"":63553.17,""size"":0.13725506,""num_orders"":3},{""price"":63552.99,""size"":0.00083138,""num_orders"":1},{""price"":63552.01,""size"":0.03933785,""num_orders"":1},{""price"":63552.0,""size"":0.0322,""num_orders"":1}]","[{""price"":63555.07,""size"":0.11746578,""num_orders"":1},{""price"":63556.01,""size"":0.05946344,""num_orders"":1},{""price"":63556.02,""size"":0.04720735,""num_orders"":1},{""price"":63556.25,""size"":0.0007434,""num_orders"":1},{""price"":63556.41,""size"":0.00013222,""num_orders"":1},{""price"":63557.16,""size"":0.15733868,""num_orders"":1},{""price"":63557.2,""size"":0.05,""num_orders"":1},{""price"":63557.52,""size"":0.00022728,""num_orders"":1},{""price"":63557.56,""size"":1.8e-05,""num_orders"":1},{""price"":63560.0,""size"":0.0422,""num_orders"":2}]"
btc_usd_d10_20260613T042324Z,1,2026-06-13T04:24:24.071247Z,2026-06-13T04:24:24.071408Z,BTC-USD,10,ok,,130519988330,2026-06-13T04:24:23.158949452Z,0.50262218,0.74822395,-0.19634850691,63510.480000000003,63510.489999999998,63510.485000000001,0.009999999995,0.001574543163,"[{""price"":63510.48,""size"":0.00777091,""num_orders"":3},{""price"":63509.71,""size"":1.8e-05,""num_orders"":1},{""price"":63508.18,""size"":0.02,""num_orders"":1},{""price"":63508.17,""size"":0.12602176,""num_orders"":1},{""price"":63508.0,""size"":0.0322,""num_orders"":1},{""price"":63507.95,""size"":0.08999168,""num_orders"":1},{""price"":63506.99,""size"":0.08999168,""num_orders"":1},{""price"":63506.78,""size"":0.05786128,""num_orders"":1},{""price"":63506.52,""size"":1.8e-05,""num_orders"":1},{""price"":63505.96,""size"":0.07874887,""num_orders"":1}]","[{""price"":63510.49,""size"":0.23281148,""num_orders"":6},{""price"":63510.5,""size"":0.03,""num_orders"":1},{""price"":63510.52,""size"":0.03,""num_orders"":1},{""price"":63511.48,""size"":0.02714007,""num_orders"":1},{""price"":63511.97,""size"":0.15745065,""num_orders"":1},{""price"":63512.34,""size"":0.03148931,""num_orders"":1},{""price"":63513.99,""size"":0.07874887,""num_orders"":1},{""price"":63514.0,""size"":0.0322,""num_orders"":1},{""price"":63514.92,""size"":0.12602176,""num_orders"":1},{""price"":63515.26,""size"":0.00236181,""num_orders"":1}]"
btc_usd_d10_20260613T042324Z,2,2026-06-13T04:25:24.071247Z,2026-06-13T04:25:24.071406Z,BTC-USD,10,ok,,130520003253,2026-06-13T04:25:21.538374262Z,0.37634329,0.57184058,-0.206180780105,63514.239999999998,63514.25,63514.244999999995,0.010000000002,0.001574449952,"[{""price"":63514.24,""size"":0.06590929,""num_orders"":10},{""price"":63514.21,""size"":2e-08,""num_orders"":1},{""price"":63514.1,""size"":0.00088668,""num_orders"":1},{""price"":63512.0,""size"":0.0322,""num_orders"":1},{""price"":63510.14,""size"":0.03936379,""num_orders"":1},{""price"":63510.05,""size"":0.12602176,""num_orders"":1},{""price"":63510.0,""size"":0.0322,""num_orders"":1},{""price"":63509.52,""size"":0.03149075,""num_orders"":1},{""price"":63509.47,""size"":0.00236167,""num_orders"":1},{""price"":63508.96,""size"":0.04590933,""num_orders"":1}]","[{""price"":63514.25,""size"":0.17960915,""num_orders"":5},{""price"":63514.26,""size"":1e-08,""num_orders"":1},{""price"":63514.28,""size"":1.67e-06,""num_orders"":3},{""price"":63514.39,""size"":0.00408198,""num_orders"":2},{""price"":63515.82,""size"":0.04032274,""num_orders"":2},{""price"":63516.0,""size"":0.0322,""num_orders"":1},{""price"":63516.42,""size"":0.15743962,""num_orders"":1},{""price"":63517.95,""size"":0.07874887,""num_orders"":1},{""price"":63518.0,""size"":0.0322,""num_orders"":1},{""price"":63518.53,""size"":0.04723654,""num_orders"":1}]"
btc_usd_d10_20260613T042324Z,3,2026-06-13T04:26:24.071247Z,2026-06-13T04:26:24.071368Z,BTC-USD,10,ok,,130520017845,2026-06-13T04:26:22.156593257Z,0.46476679,0.42872679,0.040336048078,63514.239999999998,63514.25,63514.244999999995,0.010000000002,0.001574449952,"[{""price"":63514.24,""size"":0.04238995,""num_orders"":8},{""price"":63514.21,""size"":6.2e-07,""num_orders"":2},{""price"":63514.03,""size"":0.00088237,""num_orders"":1},{""price"":63511.16,""size"":0.12602176,""num_orders"":1},{""price"":63511.15,""size"":0.08899999,""num_orders"":1},{""price"":63511.08,""size"":0.092,""num_orders"":1},{""price"":63510.0,""size"":0.0322,""num_orders"":1},{""price"":63509.48,""size"":0.01604529,""num_orders"":1},{""price"":63509.47,""size"":0.00236167,""num_orders"":1},{""price"":63508.48,""size"":0.06386514,""num_orders"":1}]","[{""price"":63514.25,""size"":0.12386271,""num_orders"":2},{""price"":63514.26,""size"":1e-08,""num_orders"":1},{""price"":63514.28,""size"":7.5e-07,""num_orders"":2},{""price"":63515.62,""size"":0.01604529,""num_orders"":1},{""price"":63515.63,""size"":0.02,""num_orders"":1},{""price"":63515.77,""size"":0.03149029,""num_orders"":1},{""price"":63515.82,""size"":0.00035711,""num_orders"":1},{""price"":63515.99,""size"":0.12602176,""num_orders"":1},{""price"":63516.0,""size"":0.0322,""num_orders"":1},{""price"":63516.2,""size"":0.07874887,""num_orders"":1}]"
btc_usd_d10_20260613T042324Z,4,2026-06-13T04:27:24.071247Z,2026-06-13T04:27:24.071401Z,BTC-USD,10,ok,,130520035713,2026-06-13T04:27:22.526661263Z,0.40631388,1.10181049,-0.461166614528,63514.239999999998,63514.25,63514.244999999995,0.010000000002,0.001574449952,"[{""price"":63514.24,""size"":0.05051173,""num_orders"":8},{""price"":63514.21,""size"":5.7e-07,""num_orders"":2},{""price"":63512.9,""size"":1.8e-05,""num_orders"":1},{""price"":63511.1,""size"":0.02346441,""num_orders"":1},{""price"":63511.09,""size"":0.12602176,""num_orders"":1},{""price"":63511.08,""size"":0.092,""num_orders"":1},{""price"":63510.84,""size"":0.09700003,""num_orders"":1},{""price"":63509.71,""size"":1.8e-05,""num_orders"":1},{""price"":63509.48,""size"":0.01491771,""num_orders"":1},{""price"":63509.47,""size"":0.00236167,""num_orders"":1}]","[{""price"":63514.25,""size"":0.31379344,""num_orders"":8},{""price"":63514.28,""size"":1e-08,""num_orders"":1},{""price"":63514.44,""size"":0.00328013,""num_orders"":2},{""price"":63515.14,""size"":0.05983825,""num_orders"":1},{""price"":63515.15,""size"":0.28308151,""num_orders"":1},{""price"":63515.16,""size"":0.0554104,""num_orders"":1},{""price"":63515.94,""size"":0.0724449,""num_orders"":1},{""price"":63516.0,""size"":0.0305,""num_orders"":1},{""price"":63516.22,""size"":0.12602176,""num_orders"":1},{""price"":63516.23,""size"":0.15744009,""num_orders"":1}]"
btc_usd_d10_20260613T042324Z,5,2026-06-13T04:28:24.071247Z,2026-06-13T04:28:24.071398Z,BTC-USD,10,ok,,130520057960,2026-06-13T04:28:23.619282014Z,0.40144611,0.61816139,-0.212547749992,63503.330000000002,63503.339999999997,63503.334999999999,0.009999999995,0.001574720445,"[{""price"":63503.33,""size"":0.03573604,""num_orders"":5},{""price"":63500.26,""size"":0.03936991,""num_orders"":1},{""price"":63500.25,""size"":0.01491831,""num_orders"":1},{""price"":63500.18,""size"":0.02,""num_orders"":1},{""price"":63500.14,""size"":1.8e-05,""num_orders"":1},{""price"":63500.02,""size"":0.02,""num_orders"":1},{""price"":63500.01,""size"":0.11208683,""num_orders"":1},{""price"":63500.0,""size"":0.0332948,""num_orders"":3},{""price"":63499.03,""size"":0.12602176,""num_orders"":1},{""price"":63498.71,""size"":4.6e-07,""num_orders"":1}]","[{""price"":63503.34,""size"":0.17126869,""num_orders"":6},{""price"":63503.35,""size"":1e-08,""num_orders"":1},{""price"":63503.36,""size"":0.03,""num_orders"":1},{""price"":63503.37,""size"":8.9e-07,""num_orders"":1},{""price"":63504.0,""size"":0.0322,""num_orders"":1},{""price"":63505.68,""size"":0.05479751,""num_orders"":1},{""price"":63505.69,""size"":0.15746621,""num_orders"":1},{""price"":63505.7,""size"":0.03148801,""num_orders"":1},{""price"":63506.53,""size"":0.12602176,""num_orders"":1},{""price"":63507.3,""size"":0.01491831,""num_orders"":1}]"
btc_usd_d10_20260613T042324Z,6,2026-06-13T04:29:24.071247Z,2026-06-13T04:29:24.071375Z,BTC-USD,10,ok,,130520074537,2026-06-13T04:29:22.530902014Z,0.43362899,0.5772705,-0.142092771261,63503.989999999998,63504,63503.994999999995,0.010000000002,0.00157470408,"[{""price"":63503.99,""size"":0.00378237,""num_orders"":8},{""price"":63503.96,""size"":1.05e-06,""num_orders"":2},{""price"":63503.33,""size"":0.00140036,""num_orders"":6},{""price"":63501.44,""size"":0.01491831,""num_orders"":1},{""price"":63501.43,""size"":0.07523499,""num_orders"":1},{""price"":63501.42,""size"":0.12602176,""num_orders"":1},{""price"":63500.14,""size"":0.03938799,""num_orders"":2},{""price"":63500.01,""size"":0.09698681,""num_orders"":1},{""price"":63500.0,""size"":0.03407275,""num_orders"":4},{""price"":63499.98,""size"":0.0418226,""num_orders"":1}]","[{""price"":63504.0,""size"":0.24487996,""num_orders"":8},{""price"":63504.02,""size"":0.03,""num_orders"":1},{""price"":63505.65,""size"":0.05259903,""num_orders"":1},{""price"":63505.66,""size"":0.15746628,""num_orders"":1},{""price"":63506.0,""size"":0.0322,""num_orders"":1},{""price"":63507.29,""size"":0.01491831,""num_orders"":1},{""price"":63507.3,""size"":0.00145348,""num_orders"":1},{""price"":63507.38,""size"":0.00283867,""num_orders"":1},{""price"":63507.69,""size"":0.03149241,""num_orders"":1},{""price"":63507.71,""size"":0.00942236,""num_orders"":1}]"
btc_usd_d10_20260613T042324Z,7,2026-06-13T04:30:24.071247Z,2026-06-13T04:30:24.071385Z,BTC-USD,10,ok,,130520092870,2026-06-13T04:30:22.684814645Z,0.18070947,0.60822062,-0.541887241238,63495.830000000002,63495.839999999997,63495.834999999999,0.009999999995,0.001574906448,"[{""price"":63495.83,""size"":0.01002169,""num_orders"":2},{""price"":63495.82,""size"":0.10030411,""num_orders"":2},{""price"":63495.8,""size"":4e-08,""num_orders"":2},{""price"":63495.79,""size"":1.03e-06,""num_orders"":2},{""price"":63495.06,""size"":2.456e-05,""num_orders"":1},{""price"":63493.76,""size"":1.8e-05,""num_orders"":1},{""price"":63492.01,""size"":0.017313,""num_orders"":1},{""price"":63492.0,""size"":0.029,""num_orders"":1},{""price"":63491.07,""size"":0.00910694,""num_orders"":1},{""price"":63490.58,""size"":0.0149201,""num_orders"":1}]","[{""price"":63495.84,""size"":0.20347674,""num_orders"":6},{""price"":63495.85,""size"":3e-08,""num_orders"":3},{""price"":63495.86,""size"":0.03,""num_orders"":1},{""price"":63495.87,""size"":9.4e-07,""num_orders"":1},{""price"":63496.0,""size"":0.029,""num_orders"":1},{""price"":63497.5,""size"":0.12602176,""num_orders"":1},{""price"":63497.51,""size"":0.04788588,""num_orders"":1},{""price"":63497.52,""size"":0.14090928,""num_orders"":2},{""price"":63498.0,""size"":0.029,""num_orders"":1},{""price"":63498.92,""size"":0.00192599,""num_orders"":1}]"
btc_usd_d10_20260613T042324Z,8,2026-06-13T04:31:24.071247Z,2026-06-13T04:31:24.071385Z,BTC-USD,10,ok,,130520115799,2026-06-13T04:31:23.524906161Z,0.34712508,0.63232353,-0.291182658373,63515.32,63515.330000000002,63515.324999999997,0.010000000002,0.001574423181,"[{""price"":63515.32,""size"":0.00392075,""num_orders"":2},{""price"":63514.63,""size"":0.0149201,""num_orders"":1},{""price"":63514.62,""size"":0.02295768,""num_orders"":1},{""price"":63514.56,""size"":0.00078721,""num_orders"":1},{""price"":63514.36,""size"":0.1138447,""num_orders"":1},{""price"":63514.35,""size"":0.07900133,""num_orders"":1},{""price"":63514.29,""size"":0.00069196,""num_orders"":2},{""price"":63514.26,""size"":2e-08,""num_orders"":1},{""price"":63513.39,""size"":0.07900133,""num_orders"":1},{""price"":63512.0,""size"":0.032,""num_orders"":1}]","[{""price"":63515.33,""size"":0.14091094,""num_orders"":3},{""price"":63516.0,""size"":0.0322,""num_orders"":1},{""price"":63516.09,""size"":1.8e-05,""num_orders"":1},{""price"":63517.43,""size"":0.0149201,""num_orders"":1},{""price"":63517.44,""size"":0.05009446,""num_orders"":1},{""price"":63517.61,""size"":0.04723312,""num_orders"":1},{""price"":63517.89,""size"":0.12602176,""num_orders"":1},{""price"":63517.9,""size"":0.15743593,""num_orders"":1},{""price"":63518.0,""size"":0.032,""num_orders"":1},{""price"":63518.71,""size"":0.03148922,""num_orders"":1}]"
btc_usd_d10_20260613T042324Z,9,2026-06-13T04:32:24.071247Z,2026-06-13T04:32:24.071367Z,BTC-USD,10,ok,,130520140724,2026-06-13T04:32:22.102871682Z,1.03282853,0.47102552,0.373575487595,63531.660000000003,63531.669999999998,63531.665000000001,0.009999999995,0.001574018247,"[{""price"":63531.66,""size"":0.32677544,""num_orders"":7},{""price"":63531.63,""size"":2e-08,""num_orders"":1},{""price"":63531.6,""size"":0.000787,""num_orders"":1},{""price"":63530.78,""size"":0.01491294,""num_orders"":1},{""price"":63530.77,""size"":0.08413802,""num_orders"":1},{""price"":63530.32,""size"":0.03935128,""num_orders"":1},{""price"":63530.31,""size"":0.12602176,""num_orders"":1},{""price"":63530.0,""size"":0.24119735,""num_orders"":1},{""price"":63528.89,""size"":0.08366233,""num_orders"":1},{""price"":63528.84,""size"":0.11598239,""num_orders"":2}]","[{""price"":63531.67,""size"":0.03215433,""num_orders"":11},{""price"":63531.68,""size"":1e-08,""num_orders"":1},{""price"":63531.84,""size"":0.04722685,""num_orders"":1},{""price"":63531.85,""size"":0.1259211,""num_orders"":1},{""price"":63532.04,""size"":1.8e-05,""num_orders"":1},{""price"":63533.99,""size"":0.05119492,""num_orders"":1},{""price"":63534.0,""size"":0.0322,""num_orders"":1},{""price"":63534.66,""size"":0.15739441,""num_orders"":1},{""price"":63535.0,""size"":0.01,""num_orders"":1},{""price"":63535.22,""size"":0.0149159,""num_orders"":1}]"
btc_usd_d10_20260613T042324Z,10,2026-06-13T04:33:24.071247Z,2026-06-13T04:33:24.071399Z,BTC-USD,10,ok,,130520165647,2026-06-13T04:33:23.041536389Z,0.9002978,0.53728581,0.252515392826,63525.989999999998,63526,63525.994999999995,0.010000000002,0.001574158736,"[{""price"":63525.99,""size"":0.07583042,""num_orders"":3},{""price"":63525.96,""size"":2e-08,""num_orders"":1},{""price"":63525.8,""size"":0.12593307,""num_orders"":1},{""price"":63525.66,""size"":1.8e-05,""num_orders"":1},{""price"":63524.55,""size"":0.03935486,""num_orders"":1},{""price"":63524.54,""size"":0.16964194,""num_orders"":1},{""price"":63524.53,""size"":0.12593559,""num_orders"":1},{""price"":63524.01,""size"":0.12602176,""num_orders"":1},{""price"":63524.0,""size"":0.0322,""num_orders"":1},{""price"":63523.67,""size"":0.20536214,""num_orders"":1}]","[{""price"":63526.0,""size"":0.02862805,""num_orders"":4},{""price"":63527.99,""size"":0.0474862,""num_orders"":1},{""price"":63528.0,""size"":0.0322,""num_orders"":1},{""price"":63528.66,""size"":0.12592743,""num_orders"":1},{""price"":63529.49,""size"":2e-08,""num_orders"":2},{""price"":63529.53,""size"":9.2e-07,""num_orders"":1},{""price"":63530.0,""size"":0.11179865,""num_orders"":2},{""price"":63530.77,""size"":0.00236123,""num_orders"":1},{""price"":63530.91,""size"":0.1574037,""num_orders"":1},{""price"":63531.35,""size"":0.03147961,""num_orders"":1}]"
btc_usd_d10_20260613T042324Z,11,2026-06-13T04:34:24.071247Z,2026-06-13T04:34:24.071403Z,BTC-USD,10,ok,,130520188324,2026-06-13T04:34:21.124951657Z,0.35947316,0.82985251,-0.395500880764,63552.32,63552.330000000002,63552.324999999997,0.010000000002,0.001573506556,"[{""price"":63552.32,""size"":0.04678456,""num_orders"":9},{""price"":63552.31,""size"":0.00029377,""num_orders"":1},{""price"":63552.3,""size"":0.03,""num_orders"":1},{""price"":63552.29,""size"":6.3e-07,""num_orders"":2},{""price"":63552.01,""size"":0.0552466,""num_orders"":2},{""price"":63552.0,""size"":0.0305,""num_orders"":1},{""price"":63550.01,""size"":0.03933909,""num_orders"":1},{""price"":63550.0,""size"":0.0305,""num_orders"":1},{""price"":63549.1,""size"":0.00078675,""num_orders"":1},{""price"":63548.89,""size"":0.12602176,""num_orders"":1}]","[{""price"":63552.33,""size"":0.36997118,""num_orders"":6},{""price"":63554.37,""size"":0.0475042,""num_orders"":2},{""price"":63554.91,""size"":0.0472077,""num_orders"":1},{""price"":63554.99,""size"":0.12602176,""num_orders"":1},{""price"":63555.0,""size"":0.01,""num_orders"":1},{""price"":63555.02,""size"":0.15734399,""num_orders"":1},{""price"":63555.5,""size"":0.0097,""num_orders"":1},{""price"":63555.68,""size"":0.03147146,""num_orders"":1},{""price"":63556.0,""size"":0.0305,""num_orders"":1},{""price"":63556.41,""size"":0.00013222,""num_orders"":1}]"
btc_usd_d10_20260613T042324Z,12,2026-06-13T04:35:24.071247Z,2026-06-13T04:35:24.071368Z,BTC-USD,10,ok,,130520213684,2026-06-13T04:35:21.546935068Z,0.52062666,0.64529883,-0.106929791886,63563.93,63563.940000000002,63563.934999999998,0.010000000002,0.001573219154,"[{""price"":63563.93,""size"":0.04962597,""num_orders"":5},{""price"":63562.86,""size"":0.02333561,""num_orders"":2},{""price"":63562.0,""size"":0.0387,""num_orders"":1},{""price"":63561.46,""size"":0.03933201,""num_orders"":1},{""price"":63561.45,""size"":0.20348553,""num_orders"":2},{""price"":63561.44,""size"":0.12602176,""num_orders"":1},{""price"":63561.41,""size"":0.01012429,""num_orders"":2},{""price"":63561.4,""size"":7.3e-07,""num_orders"":1},{""price"":63561.39,""size"":7.6e-07,""num_orders"":1},{""price"":63560.96,""size"":0.03,""num_orders"":1}]","[{""price"":63563.94,""size"":0.14342688,""num_orders"":5},{""price"":63565.0,""size"":0.01,""num_orders"":1},{""price"":63565.93,""size"":0.0474862,""num_orders"":1},{""price"":63565.94,""size"":0.12602176,""num_orders"":1},{""price"":63565.96,""size"":0.15731691,""num_orders"":1},{""price"":63566.0,""size"":0.0387,""num_orders"":1},{""price"":63566.23,""size"":0.0097,""num_orders"":1},{""price"":63567.13,""size"":1.8e-05,""num_orders"":1},{""price"":63567.25,""size"":0.00012908,""num_orders"":1},{""price"":63567.78,""size"":0.1125,""num_orders"":1}]"
btc_usd_d10_20260613T042324Z,13,2026-06-13T04:36:24.071247Z,2026-06-13T04:36:24.071362Z,BTC-USD,10,ok,,130520253554,2026-06-13T04:36:23.547862757Z,0.41758425,1.29249949,-0.511621284698,63563.940000000002,63563.949999999997,63563.945,0.009999999995,0.001573218905,"[{""price"":63563.94,""size"":0.00255761,""num_orders"":4},{""price"":63563.91,""size"":2e-08,""num_orders"":1},{""price"":63563.9,""size"":1.22e-06,""num_orders"":2},{""price"":63560.75,""size"":1.8e-05,""num_orders"":1},{""price"":63560.11,""size"":2e-08,""num_orders"":1},{""price"":63559.66,""size"":0.02,""num_orders"":1},{""price"":63559.65,""size"":0.14075889,""num_orders"":2},{""price"":63559.61,""size"":0.12602176,""num_orders"":1},{""price"":63559.19,""size"":0.12586691,""num_orders"":1},{""price"":63559.17,""size"":0.00235982,""num_orders"":1}]","[{""price"":63563.95,""size"":0.25618142,""num_orders"":7},{""price"":63563.98,""size"":1.19e-06,""num_orders"":2},{""price"":63564.0,""size"":0.0366,""num_orders"":1},{""price"":63564.72,""size"":0.00248199,""num_orders"":1},{""price"":63565.48,""size"":0.12602176,""num_orders"":1},{""price"":63565.49,""size"":0.51815052,""num_orders"":1},{""price"":63566.47,""size"":0.03146784,""num_orders"":1},{""price"":63566.52,""size"":0.04718955,""num_orders"":1},{""price"":63567.14,""size"":0.23198097,""num_orders"":3},{""price"":63567.59,""size"":0.04242425,""num_orders"":1}]"
btc_usd_d10_20260613T042324Z,14,2026-06-13T04:37:24.071247Z,2026-06-13T04:37:24.071379Z,BTC-USD,10,ok,,130520284148,2026-06-13T04:37:21.532684349Z,0.6930984,0.70239077,-0.006658862139,63579.309999999998,63579.32,63579.315000000002,0.010000000002,0.001572838588,"[{""price"":63579.31,""size"":0.07951746,""num_orders"":5},{""price"":63576.94,""size"":0.05422885,""num_orders"":2},{""price"":63576.87,""size"":0.03145609,""num_orders"":1},{""price"":63576.73,""size"":0.15672671,""num_orders"":1},{""price"":63576.71,""size"":0.0002633,""num_orders"":1},{""price"":63576.68,""size"":2e-08,""num_orders"":1},{""price"":63576.0,""size"":0.0403,""num_orders"":1},{""price"":63575.65,""size"":0.07874887,""num_orders"":1},{""price"":63575.64,""size"":0.12602176,""num_orders"":1},{""price"":63575.14,""size"":0.12583534,""num_orders"":1}]","[{""price"":63579.32,""size"":0.01144212,""num_orders"":1},{""price"":63579.39,""size"":0.12582694,""num_orders"":1},{""price"":63579.89,""size"":1.8e-05,""num_orders"":1},{""price"":63580.0,""size"":0.0403,""num_orders"":1},{""price"":63580.76,""size"":0.12602176,""num_orders"":1},{""price"":63581.7,""size"":0.06387584,""num_orders"":1},{""price"":63581.71,""size"":0.15727793,""num_orders"":1},{""price"":63581.99,""size"":0.01490642,""num_orders"":1},{""price"":63582.0,""size"":0.0367,""num_orders"":1},{""price"":63582.78,""size"":0.12602176,""num_orders"":1}]"
btc_usd_d10_20260613T042324Z,15,2026-06-13T04:38:24.071247Z,2026-06-13T04:38:24.071368Z,BTC-USD,10,ok,,130520311562,2026-06-13T04:38:22.129960854Z,0.72339559,0.52423499,0.159631066433,63551.959999999999,63551.970000000001,63551.964999999997,0.010000000002,0.001573515469,"[{""price"":63551.96,""size"":0.0420786,""num_orders"":6},{""price"":63551.18,""size"":1.8e-05,""num_orders"":1},{""price"":63551.16,""size"":2e-08,""num_orders"":1},{""price"":63550.5,""size"":0.03933879,""num_orders"":1},{""price"":63550.49,""size"":0.07515285,""num_orders"":1},{""price"":63550.48,""size"":0.12588417,""num_orders"":1},{""price"":63549.1,""size"":0.01327104,""num_orders"":1},{""price"":63549.09,""size"":0.28583264,""num_orders"":1},{""price"":63549.08,""size"":0.12602176,""num_orders"":1},{""price"":63548.64,""size"":0.01579772,""num_orders"":1}]","[{""price"":63551.97,""size"":0.00354028,""num_orders"":3},{""price"":63552.0,""size"":0.0429,""num_orders"":1},{""price"":63553.42,""size"":0.0471967,""num_orders"":1},{""price"":63553.74,""size"":0.12587773,""num_orders"":1},{""price"":63554.0,""size"":0.0429,""num_orders"":1},{""price"":63555.4,""size"":0.05821934,""num_orders"":1},{""price"":63555.41,""size"":0.15734301,""num_orders"":1},{""price"":63555.95,""size"":0.00099765,""num_orders"":1},{""price"":63556.0,""size"":0.0429,""num_orders"":1},{""price"":63556.75,""size"":0.00236028,""num_orders"":1}]"
btc_usd_d10_20260613T042324Z,16,2026-06-13T04:39:24.071247Z,2026-06-13T04:39:24.071403Z,BTC-USD,10,ok,,130520336031,2026-06-13T04:39:21.798549747Z,0.64398509,0.53853472,0.089174294678,63574.989999999998,63575,63574.994999999995,0.010000000002,0.001572945464,"[{""price"":63574.99,""size"":0.19620464,""num_orders"":12},{""price"":63574.96,""size"":2e-08,""num_orders"":1},{""price"":63574.74,""size"":0.20091193,""num_orders"":1},{""price"":63574.32,""size"":0.01490703,""num_orders"":1},{""price"":63574.31,""size"":0.03145729,""num_orders"":1},{""price"":63574.03,""size"":0.12583753,""num_orders"":1},{""price"":63574.0,""size"":0.0429,""num_orders"":1},{""price"":63573.5,""size"":0.00023343,""num_orders"":1},{""price"":63572.81,""size"":0.01580186,""num_orders"":1},{""price"":63572.7,""size"":0.01573136,""num_orders"":1}]","[{""price"":63575.0,""size"":0.01629417,""num_orders"":4},{""price"":63576.7,""size"":1.8e-05,""num_orders"":1},{""price"":63576.71,""size"":0.12583224,""num_orders"":1},{""price"":63578.0,""size"":0.0429,""num_orders"":1},{""price"":63579.08,""size"":0.01490703,""num_orders"":1},{""price"":63579.22,""size"":0.15728411,""num_orders"":1},{""price"":63579.57,""size"":0.12602176,""num_orders"":1},{""price"":63579.77,""size"":0.00235941,""num_orders"":1},{""price"":63579.89,""size"":1.8e-05,""num_orders"":1},{""price"":63580.0,""size"":0.0529,""num_orders"":2}]"
btc_usd_d10_20260613T042324Z,17,2026-06-13T04:40:24.071247Z,2026-06-13T04:40:24.071371Z,BTC-USD,10,ok,,130520354859,2026-06-13T04:40:23.540061879Z,0.20000767,3.17435569,-0.88145457459,63573.5,63573.510000000002,63573.505000000005,0.010000000002,0.00157298233,"[{""price"":63573.5,""size"":0.02109766,""num_orders"":6},{""price"":63573.47,""size"":2e-08,""num_orders"":1},{""price"":63572.9,""size"":0.00078649,""num_orders"":1},{""price"":63570.0,""size"":0.0429,""num_orders"":1},{""price"":63569.59,""size"":0.0157295,""num_orders"":1},{""price"":63568.74,""size"":0.0393275,""num_orders"":1},{""price"":63568.73,""size"":0.00235947,""num_orders"":1},{""price"":63568.0,""size"":0.0429,""num_orders"":1},{""price"":63567.16,""size"":0.01490703,""num_orders"":1},{""price"":63567.15,""size"":0.02,""num_orders"":1}]","[{""price"":63573.51,""size"":0.85121176,""num_orders"":18},{""price"":63573.53,""size"":1e-08,""num_orders"":1},{""price"":63573.54,""size"":9.9e-07,""num_orders"":1},{""price"":63574.0,""size"":0.0429,""num_orders"":1},{""price"":63574.48,""size"":0.07874887,""num_orders"":1},{""price"":63574.49,""size"":0.90673719,""num_orders"":1},{""price"":63574.5,""size"":1.0,""num_orders"":1},{""price"":63575.25,""size"":0.12602176,""num_orders"":1},{""price"":63575.27,""size"":0.12583511,""num_orders"":1},{""price"":63576.0,""size"":0.0429,""num_orders"":1}]"
btc_usd_d10_20260613T042324Z,18,2026-06-13T04:41:24.071247Z,2026-06-13T04:41:24.071397Z,BTC-USD,10,ok,,130520375742,2026-06-13T04:41:23.046664375Z,2.10972678,0.73822496,0.481574810674,63582.239999999998,63582.25,63582.244999999995,0.010000000002,0.001572766108,"[{""price"":63582.24,""size"":1.59250231,""num_orders"":5},{""price"":63580.06,""size"":0.06335194,""num_orders"":2},{""price"":63580.0,""size"":0.0429,""num_orders"":1},{""price"":63579.99,""size"":0.01176742,""num_orders"":1},{""price"":63579.92,""size"":0.01490416,""num_orders"":1},{""price"":63579.91,""size"":0.10249108,""num_orders"":1},{""price"":63579.88,""size"":0.11071951,""num_orders"":2},{""price"":63578.0,""size"":0.0429,""num_orders"":1},{""price"":63577.47,""size"":0.00235914,""num_orders"":1},{""price"":63577.22,""size"":0.12583122,""num_orders"":1}]","[{""price"":63582.25,""size"":0.08012423,""num_orders"":5},{""price"":63582.4,""size"":0.12582098,""num_orders"":1},{""price"":63583.08,""size"":1.8e-05,""num_orders"":1},{""price"":63583.89,""size"":0.01490416,""num_orders"":1},{""price"":63583.9,""size"":0.00010537,""num_orders"":1},{""price"":63583.98,""size"":0.10084629,""num_orders"":1},{""price"":63583.99,""size"":0.12602176,""num_orders"":1},{""price"":63584.0,""size"":0.0429,""num_orders"":1},{""price"":63584.11,""size"":0.03145994,""num_orders"":1},{""price"":63584.74,""size"":0.21602423,""num_orders"":2}]"
btc_usd_d10_20260613T042324Z,19,2026-06-13T04:42:24.071247Z,2026-06-13T04:42:24.071365Z,BTC-USD,10,ok,,130520401533,2026-06-13T04:42:22.525290244Z,0.35783514,1.50418712,-0.615648912812,63579.889999999999,63579.900000000001,63579.895000000004,0.010000000002,0.00157282424,"[{""price"":63579.89,""size"":0.00378338,""num_orders"":4},{""price"":63579.86,""size"":1.8e-06,""num_orders"":3},{""price"":63576.71,""size"":0.01490156,""num_orders"":1},{""price"":63576.7,""size"":1.8e-05,""num_orders"":1},{""price"":63576.01,""size"":0.039323,""num_orders"":1},{""price"":63576.0,""size"":0.0429,""num_orders"":1},{""price"":63575.89,""size"":0.01829767,""num_orders"":1},{""price"":63575.12,""size"":0.00235923,""num_orders"":1},{""price"":63574.93,""size"":0.01829767,""num_orders"":1},{""price"":63574.09,""size"":0.21795283,""num_orders"":1}]","[{""price"":63579.9,""size"":0.70363019,""num_orders"":13},{""price"":63579.93,""size"":1.96e-06,""num_orders"":2},{""price"":63580.0,""size"":0.0429,""num_orders"":1},{""price"":63582.19,""size"":0.01490156,""num_orders"":1},{""price"":63582.2,""size"":0.29369797,""num_orders"":1},{""price"":63582.21,""size"":0.10791423,""num_orders"":1},{""price"":63582.23,""size"":0.15727665,""num_orders"":1},{""price"":63582.7,""size"":0.04717906,""num_orders"":1},{""price"":63583.64,""size"":0.12602176,""num_orders"":1},{""price"":63583.92,""size"":0.01066374,""num_orders"":1}]"
btc_usd_d10_20260613T042324Z,20,2026-06-13T04:43:24.071247Z,2026-06-13T04:43:24.071370Z,BTC-USD,10,ok,,130520421410,2026-06-13T04:43:22.622335676Z,0.14408372,1.90247418,-0.859194093654,63579.900000000001,63579.910000000003,63579.904999999999,0.010000000002,0.001572823992,"[{""price"":63579.9,""size"":0.00173146,""num_orders"":2},{""price"":63579.87,""size"":1.09e-06,""num_orders"":2},{""price"":63577.65,""size"":0.02,""num_orders"":1},{""price"":63577.16,""size"":0.02,""num_orders"":1},{""price"":63576.7,""size"":1.8e-05,""num_orders"":1},{""price"":63574.01,""size"":0.03932424,""num_orders"":1},{""price"":63574.0,""size"":0.0429,""num_orders"":1},{""price"":63573.52,""size"":0.01490213,""num_orders"":1},{""price"":63573.51,""size"":1.8e-05,""num_orders"":1},{""price"":63573.5,""size"":0.0051888,""num_orders"":9}]","[{""price"":63579.91,""size"":0.90915533,""num_orders"":20},{""price"":63579.92,""size"":0.37307198,""num_orders"":3},{""price"":63579.94,""size"":1.09e-06,""num_orders"":1},{""price"":63579.99,""size"":0.12582575,""num_orders"":1},{""price"":63580.0,""size"":0.0429,""num_orders"":1},{""price"":63581.19,""size"":0.04907245,""num_orders"":1},{""price"":63582.62,""size"":0.07625017,""num_orders"":1},{""price"":63582.64,""size"":0.15727565,""num_orders"":1},{""price"":63583.03,""size"":0.12602176,""num_orders"":1},{""price"":63584.0,""size"":0.0429,""num_orders"":1}]"
btc_usd_d10_20260613T042324Z,21,2026-06-13T04:44:24.071247Z,2026-06-13T04:44:24.071379Z,BTC-USD,10,ok,,130520444649,2026-06-13T04:44:23.158371594Z,0.59099449,0.53000365,0.054407619267,63586.010000000002,63586.019999999997,63586.014999999999,0.009999999995,0.001572672858,"[{""price"":63586.01,""size"":0.08257497,""num_orders"":8},{""price"":63585.98,""size"":2e-08,""num_orders"":1},{""price"":63585.97,""size"":6.9e-07,""num_orders"":1},{""price"":63584.82,""size"":0.01877653,""num_orders"":1},{""price"":63584.57,""size"":0.03145148,""num_orders"":1},{""price"":63584.06,""size"":0.03931803,""num_orders"":1},{""price"":63584.04,""size"":0.03,""num_orders"":1},{""price"":63584.02,""size"":0.22015416,""num_orders"":3},{""price"":63584.0,""size"":0.0429,""num_orders"":1},{""price"":63583.59,""size"":0.12581861,""num_orders"":1}]","[{""price"":63586.02,""size"":0.01784571,""num_orders"":3},{""price"":63586.03,""size"":1e-08,""num_orders"":1},{""price"":63586.05,""size"":7e-07,""num_orders"":1},{""price"":63586.34,""size"":0.12581318,""num_orders"":1},{""price"":63588.0,""size"":0.0429,""num_orders"":1},{""price"":63588.88,""size"":0.15726021,""num_orders"":1},{""price"":63589.99,""size"":0.01490308,""num_orders"":1},{""price"":63590.0,""size"":0.0429,""num_orders"":1},{""price"":63590.12,""size"":0.12602176,""num_orders"":1},{""price"":63590.79,""size"":0.002359,""num_orders"":1}]"
btc_usd_d10_20260613T042324Z,22,2026-06-13T04:45:24.071247Z,2026-06-13T04:45:24.071400Z,BTC-USD,10,ok,,130520468370,2026-06-13T04:45:23.024320017Z,0.56363638,0.83191431,-0.192238040454,63576.650000000001,63576.660000000003,63576.654999999999,0.010000000002,0.001572904394,"[{""price"":63576.65,""size"":0.09053114,""num_orders"":5},{""price"":63576.62,""size"":1.66e-06,""num_orders"":4},{""price"":63574.2,""size"":0.01489925,""num_orders"":1},{""price"":63574.04,""size"":0.03932422,""num_orders"":1},{""price"":63574.02,""size"":0.22727133,""num_orders"":1},{""price"":63574.01,""size"":0.12602176,""num_orders"":1},{""price"":63574.0,""size"":0.0429,""num_orders"":1},{""price"":63573.51,""size"":1.8e-05,""num_orders"":1},{""price"":63573.5,""size"":0.00496902,""num_orders"":8},{""price"":63572.35,""size"":0.0177,""num_orders"":1}]","[{""price"":63576.66,""size"":0.1969873,""num_orders"":7},{""price"":63576.67,""size"":1e-08,""num_orders"":1},{""price"":63576.68,""size"":1e-08,""num_orders"":1},{""price"":63578.0,""size"":0.0429,""num_orders"":1},{""price"":63578.59,""size"":0.01489925,""num_orders"":1},{""price"":63578.6,""size"":0.00179003,""num_orders"":1},{""price"":63578.86,""size"":0.15728498,""num_orders"":1},{""price"":63579.87,""size"":0.19710564,""num_orders"":1},{""price"":63579.9,""size"":0.12867048,""num_orders"":2},{""price"":63579.91,""size"":0.09227661,""num_orders"":2}]"
btc_usd_d10_20260613T042324Z,23,2026-06-13T04:46:24.071247Z,2026-06-13T04:46:24.071366Z,BTC-USD,10,ok,,130520487589,2026-06-13T04:46:22.636324082Z,0.44761664,0.54406586,-0.097258164786,63583.07,63583.080000000002,63583.074999999997,0.010000000002,0.001572745578,"[{""price"":63583.07,""size"":0.07928002,""num_orders"":5},{""price"":63583.04,""size"":1.91e-06,""num_orders"":4},{""price"":63581.71,""size"":0.01489925,""num_orders"":1},{""price"":63581.7,""size"":0.00078637,""num_orders"":1},{""price"":63580.32,""size"":0.06932034,""num_orders"":2},{""price"":63580.31,""size"":0.17472693,""num_orders"":2},{""price"":63580.3,""size"":0.03,""num_orders"":1},{""price"":63580.0,""size"":0.0429,""num_orders"":1},{""price"":63579.4,""size"":0.0177009,""num_orders"":1},{""price"":63578.9,""size"":0.01800092,""num_orders"":1}]","[{""price"":63583.08,""size"":0.16660725,""num_orders"":4},{""price"":63583.09,""size"":1e-08,""num_orders"":1},{""price"":63583.87,""size"":0.04022304,""num_orders"":1},{""price"":63584.71,""size"":0.12581641,""num_orders"":1},{""price"":63585.32,""size"":0.03145619,""num_orders"":1},{""price"":63585.87,""size"":0.0013232,""num_orders"":2},{""price"":63585.98,""size"":0.12602176,""num_orders"":1},{""price"":63586.0,""size"":0.0429,""num_orders"":1},{""price"":63586.27,""size"":1.8e-05,""num_orders"":1},{""price"":63586.93,""size"":0.0097,""num_orders"":1}]"
btc_usd_d10_20260613T042324Z,24,2026-06-13T04:47:24.071247Z,2026-06-13T04:47:24.071372Z,BTC-USD,10,ok,,130520505367,2026-06-13T04:47:22.526452790Z,0.57168777,0.66521312,-0.075612646701,63580.870000000003,63580.879999999997,63580.875,0.009999999995,0.001572799996,"[{""price"":63580.87,""size"":0.1037762,""num_orders"":7},{""price"":63580.84,""size"":1.51e-06,""num_orders"":3},{""price"":63580.0,""size"":0.0429,""num_orders"":1},{""price"":63579.69,""size"":0.03932073,""num_orders"":1},{""price"":63579.68,""size"":0.16903751,""num_orders"":1},{""price"":63579.56,""size"":0.01490192,""num_orders"":1},{""price"":63579.55,""size"":0.01572814,""num_orders"":1},{""price"":63578.86,""size"":0.12602176,""num_orders"":1},{""price"":63578.82,""size"":0.03,""num_orders"":1},{""price"":63578.8,""size"":0.03,""num_orders"":1}]","[{""price"":63580.88,""size"":0.02129409,""num_orders"":2},{""price"":63580.99,""size"":0.12582379,""num_orders"":1},{""price"":63582.29,""size"":0.01490192,""num_orders"":1},{""price"":63582.3,""size"":0.12602176,""num_orders"":1},{""price"":63583.47,""size"":0.12581887,""num_orders"":1},{""price"":63584.0,""size"":0.0429,""num_orders"":1},{""price"":63584.68,""size"":0.07874887,""num_orders"":1},{""price"":63584.88,""size"":0.12602176,""num_orders"":1},{""price"":63585.65,""size"":0.00235919,""num_orders"":1},{""price"":63585.87,""size"":0.00132287,""num_orders"":2}]"
btc_usd_d10_20260613T042324Z,25,2026-06-13T04:48:24.071247Z,2026-06-13T04:48:24.071364Z,BTC-USD,10,ok,,130520520031,2026-06-13T04:48:23.014728548Z,0.55453309,0.61779439,-0.05396214034,63583.970000000001,63583.980000000003,63583.975000000006,0.010000000002,0.001572723316,"[{""price"":63583.97,""size"":0.05237802,""num_orders"":3},{""price"":63582.82,""size"":0.0326,""num_orders"":1},{""price"":63581.4,""size"":0.04010603,""num_orders"":2},{""price"":63581.13,""size"":0.00157104,""num_orders"":1},{""price"":63581.1,""size"":2e-08,""num_orders"":1},{""price"":63580.02,""size"":0.22832616,""num_orders"":2},{""price"":63580.01,""size"":0.12602176,""num_orders"":1},{""price"":63580.0,""size"":0.0429,""num_orders"":1},{""price"":63579.56,""size"":0.01490192,""num_orders"":1},{""price"":63579.55,""size"":0.01572814,""num_orders"":1}]","[{""price"":63583.98,""size"":0.16660822,""num_orders"":4},{""price"":63584.0,""size"":0.0429,""num_orders"":1},{""price"":63584.77,""size"":0.02815613,""num_orders"":1},{""price"":63585.87,""size"":0.00132359,""num_orders"":2},{""price"":63586.0,""size"":0.0429,""num_orders"":1},{""price"":63586.26,""size"":0.15726669,""num_orders"":1},{""price"":63586.27,""size"":1.8e-05,""num_orders"":1},{""price"":63586.93,""size"":0.0097,""num_orders"":1},{""price"":63587.36,""size"":0.12602176,""num_orders"":1},{""price"":63588.0,""size"":0.0429,""num_orders"":1}]"
btc_usd_d10_20260613T042324Z,26,2026-06-13T04:49:24.071247Z,2026-06-13T04:49:24.071402Z,BTC-USD,10,ok,,130520544315,2026-06-13T04:49:22.526221549Z,0.87717531,0.73376413,0.089023321696,63601.940000000002,63601.949999999997,63601.945,0.009999999995,0.00157227896,"[{""price"":63601.94,""size"":0.08234712,""num_orders"":9},{""price"":63601.9,""size"":1.47e-06,""num_orders"":2},{""price"":63600.01,""size"":0.03930816,""num_orders"":1},{""price"":63600.0,""size"":0.0407,""num_orders"":1},{""price"":63599.92,""size"":0.0322,""num_orders"":1},{""price"":63599.81,""size"":0.38920923,""num_orders"":1},{""price"":63599.8,""size"":0.12602176,""num_orders"":1},{""price"":63599.29,""size"":0.12578755,""num_orders"":1},{""price"":63599.13,""size"":0.0416,""num_orders"":1},{""price"":63599.1,""size"":2e-08,""num_orders"":1}]","[{""price"":63601.95,""size"":0.01482664,""num_orders"":2},{""price"":63602.81,""size"":0.04071675,""num_orders"":1},{""price"":63604.0,""size"":0.0429,""num_orders"":1},{""price"":63604.04,""size"":0.01490105,""num_orders"":1},{""price"":63604.05,""size"":0.12577817,""num_orders"":1},{""price"":63604.69,""size"":0.14217465,""num_orders"":1},{""price"":63604.81,""size"":0.03144674,""num_orders"":1},{""price"":63605.52,""size"":0.12602176,""num_orders"":1},{""price"":63605.63,""size"":0.03778,""num_orders"":1},{""price"":63605.8,""size"":0.15721837,""num_orders"":1}]"
btc_usd_d10_20260613T042324Z,27,2026-06-13T04:50:24.071247Z,2026-06-13T04:50:24.071393Z,BTC-USD,10,ok,,130520561834,2026-06-13T04:50:23.128380295Z,0.68518298,0.66797478,0.012717068555,63609.989999999998,63610,63609.994999999995,0.010000000002,0.001572079986,"[{""price"":63609.99,""size"":0.07827221,""num_orders"":7},{""price"":63609.98,""size"":0.03,""num_orders"":1},{""price"":63609.96,""size"":0.03000002,""num_orders"":2},{""price"":63608.96,""size"":0.0324041,""num_orders"":1},{""price"":63608.07,""size"":0.04008921,""num_orders"":2},{""price"":63608.01,""size"":0.16902111,""num_orders"":2},{""price"":63608.0,""size"":0.0387,""num_orders"":1},{""price"":63606.39,""size"":0.01490105,""num_orders"":1},{""price"":63606.38,""size"":0.12577352,""num_orders"":1},{""price"":63606.37,""size"":0.12602176,""num_orders"":1}]","[{""price"":63610.0,""size"":0.13259962,""num_orders"":5},{""price"":63610.01,""size"":1e-08,""num_orders"":1},{""price"":63610.06,""size"":0.12576628,""num_orders"":1},{""price"":63611.5,""size"":0.03930779,""num_orders"":1},{""price"":63611.51,""size"":0.03144219,""num_orders"":1},{""price"":63611.79,""size"":1.8e-05,""num_orders"":1},{""price"":63611.95,""size"":0.01490105,""num_orders"":1},{""price"":63611.96,""size"":0.04071676,""num_orders"":1},{""price"":63611.99,""size"":0.12602176,""num_orders"":1},{""price"":63612.7,""size"":0.15720132,""num_orders"":1}]"
btc_usd_d10_20260613T042324Z,28,2026-06-13T04:51:24.071247Z,2026-06-13T04:51:24.071401Z,BTC-USD,10,ok,,130520584267,2026-06-13T04:51:23.546819138Z,0.46984147,0.92359879,-0.325638158323,63606.480000000003,63606.489999999998,63606.485000000001,0.009999999995,0.001572166737,"[{""price"":63606.48,""size"":0.05541694,""num_orders"":5},{""price"":63606.46,""size"":0.03,""num_orders"":1},{""price"":63606.45,""size"":6.3e-07,""num_orders"":2},{""price"":63606.36,""size"":0.00072992,""num_orders"":1},{""price"":63605.41,""size"":1.8e-05,""num_orders"":1},{""price"":63604.77,""size"":0.01879238,""num_orders"":1},{""price"":63604.03,""size"":0.03930568,""num_orders"":1},{""price"":63604.02,""size"":0.16085616,""num_orders"":2},{""price"":63604.01,""size"":0.12602176,""num_orders"":1},{""price"":63604.0,""size"":0.0387,""num_orders"":1}]","[{""price"":63606.49,""size"":0.2540391,""num_orders"":12},{""price"":63606.5,""size"":1e-08,""num_orders"":1},{""price"":63606.53,""size"":1e-06,""num_orders"":1},{""price"":63606.9,""size"":0.12577252,""num_orders"":1},{""price"":63607.98,""size"":0.05038833,""num_orders"":1},{""price"":63607.99,""size"":0.17567369,""num_orders"":1},{""price"":63608.0,""size"":0.0406,""num_orders"":1},{""price"":63608.49,""size"":0.12576937,""num_orders"":1},{""price"":63608.78,""size"":0.02533301,""num_orders"":1},{""price"":63609.41,""size"":0.12602176,""num_orders"":1}]"
btc_usd_d10_20260613T042324Z,29,2026-06-13T04:52:24.071247Z,2026-06-13T04:52:24.071375Z,BTC-USD,10,ok,,130520611567,2026-06-13T04:52:21.625947852Z,0.66163225,0.62773028,0.026293590213,63581.379999999997,63581.389999999999,63581.384999999995,0.010000000002,0.001572787381,"[{""price"":63581.38,""size"":0.0771751,""num_orders"":5},{""price"":63581.35,""size"":2e-08,""num_orders"":1},{""price"":63580.0,""size"":0.0429,""num_orders"":1},{""price"":63579.37,""size"":0.03932093,""num_orders"":1},{""price"":63579.36,""size"":0.2184853,""num_orders"":1},{""price"":63579.35,""size"":0.12582701,""num_orders"":1},{""price"":63579.0,""size"":0.00030167,""num_orders"":1},{""price"":63578.98,""size"":0.0001436,""num_orders"":1},{""price"":63578.91,""size"":0.12602176,""num_orders"":1},{""price"":63578.13,""size"":0.03145686,""num_orders"":1}]","[{""price"":63581.39,""size"":0.0043735,""num_orders"":3},{""price"":63581.79,""size"":0.1258222,""num_orders"":1},{""price"":63582.93,""size"":0.01490154,""num_orders"":1},{""price"":63582.94,""size"":0.05236726,""num_orders"":1},{""price"":63583.0,""size"":0.07874887,""num_orders"":1},{""price"":63583.01,""size"":0.12602176,""num_orders"":1},{""price"":63583.09,""size"":1e-08,""num_orders"":1},{""price"":63583.26,""size"":0.02532378,""num_orders"":1},{""price"":63584.0,""size"":0.0429,""num_orders"":1},{""price"":63584.37,""size"":0.15727136,""num_orders"":1}]"
btc_usd_d10_20260613T042324Z,30,2026-06-13T04:53:24.071247Z,2026-06-13T04:53:24.071370Z,BTC-USD,10,ok,,130520633038,2026-06-13T04:53:22.325004435Z,1.14702364,0.58131141,0.327316297844,63582.970000000001,63582.980000000003,63582.975000000006,0.010000000002,0.001572748051,"[{""price"":63582.97,""size"":0.02188978,""num_orders"":3},{""price"":63581.26,""size"":0.03931976,""num_orders"":1},{""price"":63581.25,""size"":0.02820271,""num_orders"":1},{""price"":63581.23,""size"":0.1283402,""num_orders"":1},{""price"":63581.22,""size"":0.12255075,""num_orders"":1},{""price"":63581.16,""size"":0.09242446,""num_orders"":1},{""price"":63580.15,""size"":0.09069225,""num_orders"":1},{""price"":63580.14,""size"":0.4064325,""num_orders"":2},{""price"":63580.13,""size"":0.17427123,""num_orders"":2},{""price"":63580.0,""size"":0.0429,""num_orders"":1}]","[{""price"":63582.98,""size"":0.16700187,""num_orders"":4},{""price"":63583.08,""size"":0.05314858,""num_orders"":2},{""price"":63583.09,""size"":1e-08,""num_orders"":1},{""price"":63583.19,""size"":0.12581942,""num_orders"":1},{""price"":63583.86,""size"":0.03,""num_orders"":1},{""price"":63583.88,""size"":0.03,""num_orders"":1},{""price"":63585.0,""size"":0.01,""num_orders"":1},{""price"":63585.13,""size"":0.12602176,""num_orders"":1},{""price"":63585.37,""size"":0.03931976,""num_orders"":1},{""price"":63585.7,""size"":1e-08,""num_orders"":1}]"
btc_usd_d10_20260613T042324Z,31,2026-06-13T04:54:24.071247Z,2026-06-13T04:54:24.071401Z,BTC-USD,10,ok,,130520657556,2026-06-13T04:54:22.025167598Z,0.63444788,0.96979502,-0.209037633889,63569.400000000001,63569.410000000003,63569.404999999999,0.010000000002,0.001573083782,"[{""price"":63569.4,""size"":0.0700335,""num_orders"":4},{""price"":63569.37,""size"":2e-08,""num_orders"":1},{""price"":63568.37,""size"":0.00052288,""num_orders"":3},{""price"":63568.28,""size"":0.03146278,""num_orders"":1},{""price"":63568.02,""size"":0.22493095,""num_orders"":1},{""price"":63568.01,""size"":0.12602176,""num_orders"":1},{""price"":63568.0,""size"":0.0407,""num_orders"":1},{""price"":63567.13,""size"":1.8e-05,""num_orders"":1},{""price"":63566.12,""size"":0.01490478,""num_orders"":1},{""price"":63566.11,""size"":0.12585321,""num_orders"":1}]","[{""price"":63569.41,""size"":0.20781792,""num_orders"":6},{""price"":63569.44,""size"":9.9e-07,""num_orders"":1},{""price"":63572.0,""size"":0.0407,""num_orders"":1},{""price"":63572.07,""size"":0.15730178,""num_orders"":1},{""price"":63573.72,""size"":0.01773335,""num_orders"":1},{""price"":63574.0,""size"":0.0407,""num_orders"":1},{""price"":63574.18,""size"":0.00235962,""num_orders"":1},{""price"":63574.68,""size"":0.12602176,""num_orders"":1},{""price"":63574.74,""size"":0.2646596,""num_orders"":1},{""price"":63575.78,""size"":0.1125,""num_orders"":1}]"
btc_usd_d10_20260613T042324Z,32,2026-06-13T04:55:24.071247Z,2026-06-13T04:55:24.071396Z,BTC-USD,10,ok,,130520679254,2026-06-13T04:55:22.116220218Z,0.53141341,0.6509581,-0.101105861389,63563.940000000002,63563.949999999997,63563.945,0.009999999995,0.001573218905,"[{""price"":63563.94,""size"":0.03425101,""num_orders"":6},{""price"":63563.91,""size"":2e-08,""num_orders"":1},{""price"":63563.81,""size"":0.00127918,""num_orders"":1},{""price"":63561.68,""size"":0.01490484,""num_orders"":1},{""price"":63561.67,""size"":0.03146197,""num_orders"":1},{""price"":63561.18,""size"":0.15891293,""num_orders"":2},{""price"":63561.16,""size"":0.12602176,""num_orders"":1},{""price"":63560.82,""size"":0.1258637,""num_orders"":1},{""price"":63560.75,""size"":1.8e-05,""num_orders"":1},{""price"":63560.0,""size"":0.0387,""num_orders"":1}]","[{""price"":63563.95,""size"":0.05669417,""num_orders"":7},{""price"":63563.96,""size"":2e-08,""num_orders"":2},{""price"":63563.97,""size"":0.12585746,""num_orders"":1},{""price"":63564.0,""size"":0.0387,""num_orders"":1},{""price"":63565.98,""size"":0.05354421,""num_orders"":1},{""price"":63565.99,""size"":0.09436725,""num_orders"":1},{""price"":63566.0,""size"":0.0387,""num_orders"":1},{""price"":63566.18,""size"":0.15731637,""num_orders"":1},{""price"":63568.0,""size"":0.0387,""num_orders"":1},{""price"":63568.3,""size"":0.04707862,""num_orders"":1}]"
btc_usd_d10_20260613T042324Z,33,2026-06-13T04:56:24.071247Z,2026-06-13T04:56:24.071405Z,BTC-USD,10,ok,,130520716228,2026-06-13T04:56:23.682429369Z,0.26396936,2.12510392,-0.779019453099,63516.089999999997,63516.099999999999,63516.095000000001,0.010000000002,0.001574404094,"[{""price"":63516.09,""size"":1.8e-05,""num_orders"":1},{""price"":63514.24,""size"":7e-08,""num_orders"":1},{""price"":63512.9,""size"":1.8e-05,""num_orders"":1},{""price"":63512.65,""size"":5e-08,""num_orders"":1},{""price"":63510.59,""size"":0.03499999,""num_orders"":1},{""price"":63509.71,""size"":1.8e-05,""num_orders"":1},{""price"":63506.68,""size"":0.01490484,""num_orders"":1},{""price"":63506.67,""size"":0.00999986,""num_orders"":2},{""price"":63506.52,""size"":1.8e-05,""num_orders"":1},{""price"":63505.5,""size"":0.20399255,""num_orders"":1}]","[{""price"":63516.1,""size"":1.0645461,""num_orders"":15},{""price"":63516.11,""size"":0.09436725,""num_orders"":1},{""price"":63516.12,""size"":0.03,""num_orders"":1},{""price"":63516.26,""size"":0.04908072,""num_orders"":1},{""price"":63516.31,""size"":0.40313209,""num_orders"":1},{""price"":63516.32,""size"":0.12595188,""num_orders"":1},{""price"":63517.99,""size"":0.12602176,""num_orders"":1},{""price"":63518.0,""size"":0.0429,""num_orders"":1},{""price"":63518.09,""size"":0.03166886,""num_orders"":1},{""price"":63518.18,""size"":0.15743526,""num_orders"":1}]"
btc_usd_d10_20260613T042324Z,34,2026-06-13T04:57:24.071247Z,2026-06-13T04:57:24.071404Z,BTC-USD,10,ok,,130520742507,2026-06-13T04:57:22.545711239Z,0.44987812,2.38345361,-0.682438794415,63496.949999999997,63496.959999999999,63496.955000000002,0.010000000002,0.00157487867,"[{""price"":63496.95,""size"":1.8e-05,""num_orders"":1},{""price"":63493.76,""size"":1.8e-05,""num_orders"":1},{""price"":63492.96,""size"":0.12602176,""num_orders"":1},{""price"":63492.95,""size"":0.03374378,""num_orders"":2},{""price"":63492.0,""size"":0.0429,""num_orders"":1},{""price"":63491.58,""size"":0.01490484,""num_orders"":1},{""price"":63491.57,""size"":0.01186473,""num_orders"":1},{""price"":63490.57,""size"":1.8e-05,""num_orders"":1},{""price"":63490.53,""size"":0.12602176,""num_orders"":1},{""price"":63490.39,""size"":0.09436725,""num_orders"":1}]","[{""price"":63496.96,""size"":1.05459491,""num_orders"":13},{""price"":63496.98,""size"":0.03,""num_orders"":1},{""price"":63497.97,""size"":0.12602176,""num_orders"":1},{""price"":63498.0,""size"":0.0429,""num_orders"":1},{""price"":63499.28,""size"":0.02779112,""num_orders"":1},{""price"":63499.29,""size"":0.21451796,""num_orders"":2},{""price"":63499.3,""size"":0.8447278,""num_orders"":3},{""price"":63499.31,""size"":4e-08,""num_orders"":4},{""price"":63499.32,""size"":2e-08,""num_orders"":2},{""price"":63500.0,""size"":0.0429,""num_orders"":1}]"
btc_usd_d10_20260613T042324Z,35,2026-06-13T04:58:24.071247Z,2026-06-13T04:58:24.071369Z,BTC-USD,10,ok,,130520772866,2026-06-13T04:58:21.546188477Z,0.53966697,1.43337415,-0.452959226719,63475.940000000002,63475.949999999997,63475.945,0.009999999995,0.00157539994,"[{""price"":63475.94,""size"":0.00238504,""num_orders"":2},{""price"":63475.91,""size"":2e-08,""num_orders"":1},{""price"":63472.12,""size"":0.00067729,""num_orders"":2},{""price"":63471.97,""size"":0.12603986,""num_orders"":1},{""price"":63471.43,""size"":1.8e-05,""num_orders"":1},{""price"":63470.92,""size"":0.01492704,""num_orders"":1},{""price"":63470.91,""size"":0.03938812,""num_orders"":1},{""price"":63470.89,""size"":0.19631594,""num_orders"":1},{""price"":63470.88,""size"":0.15755255,""num_orders"":1},{""price"":63470.14,""size"":0.00236311,""num_orders"":1}]","[{""price"":63475.95,""size"":0.49502873,""num_orders"":10},{""price"":63475.96,""size"":1e-08,""num_orders"":1},{""price"":63475.97,""size"":0.09452369,""num_orders"":1},{""price"":63475.99,""size"":0.31455901,""num_orders"":1},{""price"":63476.0,""size"":0.0429,""num_orders"":1},{""price"":63476.04,""size"":0.12603181,""num_orders"":1},{""price"":63477.77,""size"":0.12602176,""num_orders"":1},{""price"":63478.0,""size"":0.07441133,""num_orders"":2},{""price"":63478.11,""size"":0.15753462,""num_orders"":1},{""price"":63479.65,""size"":0.00236319,""num_orders"":1}]"
btc_usd_d10_20260613T042324Z,36,2026-06-13T04:59:24.071247Z,2026-06-13T04:59:24.071369Z,BTC-USD,10,ok,,130520801238,2026-06-13T04:59:23.046420763Z,0.55451375,2.12205593,-0.5856534174,63477.989999999998,63478,63477.994999999995,0.010000000002,0.001575349064,"[{""price"":63477.99,""size"":0.00039652,""num_orders"":3},{""price"":63477.96,""size"":1.76e-06,""num_orders"":4},{""price"":63477.81,""size"":1.8e-05,""num_orders"":1},{""price"":63474.62,""size"":1.8e-05,""num_orders"":1},{""price"":63473.66,""size"":0.01989824,""num_orders"":1},{""price"":63472.43,""size"":0.01492227,""num_orders"":1},{""price"":63472.42,""size"":0.04725676,""num_orders"":1},{""price"":63472.19,""size"":0.01949858,""num_orders"":1},{""price"":63472.04,""size"":0.32648186,""num_orders"":1},{""price"":63472.03,""size"":0.12602176,""num_orders"":1}]","[{""price"":63478.0,""size"":0.56706566,""num_orders"":15},{""price"":63478.01,""size"":0.18116342,""num_orders"":3},{""price"":63478.03,""size"":1e-08,""num_orders"":1},{""price"":63478.59,""size"":1e-08,""num_orders"":1},{""price"":63479.13,""size"":0.0063012,""num_orders"":1},{""price"":63479.52,""size"":0.9152064,""num_orders"":2},{""price"":63479.53,""size"":0.22038901,""num_orders"":2},{""price"":63479.99,""size"":0.15752997,""num_orders"":1},{""price"":63480.0,""size"":0.0429,""num_orders"":1},{""price"":63481.28,""size"":0.03150025,""num_orders"":1}]"
btc_usd_d10_20260613T042324Z,37,2026-06-13T05:00:24.071247Z,2026-06-13T05:00:24.071373Z,BTC-USD,10,ok,,130520827967,2026-06-13T05:00:23.528378929Z,1.61998873,0.964407,0.253669251342,63485.989999999998,63486,63485.994999999995,0.010000000002,0.001575150551,"[{""price"":63485.99,""size"":0.77455592,""num_orders"":12},{""price"":63485.96,""size"":3.65e-06,""num_orders"":6},{""price"":63485.88,""size"":0.12602176,""num_orders"":1},{""price"":63485.31,""size"":0.30652721,""num_orders"":2},{""price"":63483.89,""size"":0.03938006,""num_orders"":1},{""price"":63483.88,""size"":0.02040079,""num_orders"":1},{""price"":63483.62,""size"":0.12602176,""num_orders"":1},{""price"":63483.23,""size"":0.1575219,""num_orders"":1},{""price"":63482.97,""size"":0.04915489,""num_orders"":1},{""price"":63482.92,""size"":0.02040079,""num_orders"":1}]","[{""price"":63486.0,""size"":0.00292955,""num_orders"":2},{""price"":63486.01,""size"":1e-08,""num_orders"":1},{""price"":63486.03,""size"":1e-08,""num_orders"":1},{""price"":63488.0,""size"":0.0429,""num_orders"":1},{""price"":63489.77,""size"":0.01492227,""num_orders"":1},{""price"":63489.78,""size"":0.06061791,""num_orders"":1},{""price"":63490.0,""size"":0.67411851,""num_orders"":1},{""price"":63490.57,""size"":1.8e-05,""num_orders"":1},{""price"":63491.69,""size"":0.12600074,""num_orders"":1},{""price"":63492.0,""size"":0.0429,""num_orders"":1}]"
btc_usd_d10_20260613T042324Z,38,2026-06-13T05:01:24.071247Z,2026-06-13T05:01:24.071368Z,BTC-USD,10,ok,,130520851586,2026-06-13T05:01:23.668721415Z,0.72968243,0.78692686,-0.037745008142,63474.620000000003,63474.629999999997,63474.625,0.009999999995,0.001575432702,"[{""price"":63474.62,""size"":0.05965427,""num_orders"":9},{""price"":63474.59,""size"":2e-08,""num_orders"":1},{""price"":63474.36,""size"":0.18179757,""num_orders"":2},{""price"":63474.02,""size"":0.12602176,""num_orders"":1},{""price"":63474.0,""size"":0.0429,""num_orders"":1},{""price"":63473.45,""size"":0.0149233,""num_orders"":1},{""price"":63473.44,""size"":0.12603695,""num_orders"":1},{""price"":63473.19,""size"":0.0208,""num_orders"":1},{""price"":63472.75,""size"":0.12603832,""num_orders"":1},{""price"":63472.74,""size"":0.03151024,""num_orders"":1}]","[{""price"":63474.63,""size"":0.19217989,""num_orders"":5},{""price"":63474.64,""size"":2e-08,""num_orders"":2},{""price"":63475.07,""size"":0.00190843,""num_orders"":1},{""price"":63477.38,""size"":0.0149233,""num_orders"":1},{""price"":63477.39,""size"":0.12602913,""num_orders"":1},{""price"":63478.0,""size"":0.0429,""num_orders"":1},{""price"":63478.87,""size"":0.12602176,""num_orders"":1},{""price"":63478.88,""size"":0.06257092,""num_orders"":1},{""price"":63478.89,""size"":0.12602616,""num_orders"":1},{""price"":63479.44,""size"":0.09436725,""num_orders"":1}]"
btc_usd_d10_20260613T042324Z,39,2026-06-13T05:02:24.071247Z,2026-06-13T05:02:24.071376Z,BTC-USD,10,ok,,130520884714,2026-06-13T05:02:21.337542442Z,1.59180194,0.39860007,0.59947782609,63479.989999999998,63480,63479.994999999995,0.010000000002,0.001575299431,"[{""price"":63479.99,""size"":0.84992192,""num_orders"":14},{""price"":63479.98,""size"":0.03,""num_orders"":1},{""price"":63479.96,""size"":0.03,""num_orders"":1},{""price"":63478.4,""size"":0.01492751,""num_orders"":1},{""price"":63478.39,""size"":0.09436725,""num_orders"":1},{""price"":63478.37,""size"":0.33343326,""num_orders"":2},{""price"":63478.3,""size"":0.02353859,""num_orders"":1},{""price"":63478.2,""size"":0.04669165,""num_orders"":1},{""price"":63478.0,""size"":0.0429,""num_orders"":1},{""price"":63477.89,""size"":0.12602176,""num_orders"":1}]","[{""price"":63480.0,""size"":0.00151008,""num_orders"":1},{""price"":63481.0,""size"":1.8e-05,""num_orders"":1},{""price"":63483.99,""size"":0.01492751,""num_orders"":1},{""price"":63484.0,""size"":0.0429,""num_orders"":1},{""price"":63484.19,""size"":1.8e-05,""num_orders"":1},{""price"":63485.0,""size"":0.01,""num_orders"":1},{""price"":63486.0,""size"":0.06226573,""num_orders"":3},{""price"":63486.28,""size"":0.12601148,""num_orders"":1},{""price"":63487.08,""size"":0.12602176,""num_orders"":1},{""price"":63487.23,""size"":0.01492751,""num_orders"":1}]"
btc_usd_d10_20260613T042324Z,40,2026-06-13T05:03:24.071247Z,2026-06-13T05:03:24.071364Z,BTC-USD,10,ok,,130520911776,2026-06-13T05:03:22.024812311Z,0.72438199,1.05498844,-0.18579967635,63500.480000000003,63500.489999999998,63500.485000000001,0.009999999995,0.001574791121,"[{""price"":63500.48,""size"":0.06088708,""num_orders"":4},{""price"":63500.45,""size"":2e-08,""num_orders"":1},{""price"":63500.29,""size"":0.00078739,""num_orders"":1},{""price"":63499.99,""size"":0.00034771,""num_orders"":2},{""price"":63498.02,""size"":0.01492015,""num_orders"":1},{""price"":63498.01,""size"":0.37290573,""num_orders"":2},{""price"":63497.37,""size"":0.02250301,""num_orders"":1},{""price"":63496.99,""size"":0.12602176,""num_orders"":1},{""price"":63496.95,""size"":1.8e-05,""num_orders"":1},{""price"":63496.52,""size"":0.12599114,""num_orders"":1}]","[{""price"":63500.49,""size"":0.3269934,""num_orders"":7},{""price"":63501.25,""size"":0.12602176,""num_orders"":1},{""price"":63502.0,""size"":0.0429,""num_orders"":1},{""price"":63502.86,""size"":0.15747323,""num_orders"":1},{""price"":63503.98,""size"":0.06155295,""num_orders"":1},{""price"":63503.99,""size"":0.22038901,""num_orders"":2},{""price"":63504.0,""size"":0.0429,""num_orders"":1},{""price"":63505.26,""size"":0.00236218,""num_orders"":1},{""price"":63505.69,""size"":0.03149591,""num_orders"":1},{""price"":63506.0,""size"":0.0429,""num_orders"":1}]"
btc_usd_d10_20260613T042324Z,41,2026-06-13T05:04:24.071247Z,2026-06-13T05:04:24.071401Z,BTC-USD,10,ok,,130520933716,2026-06-13T05:04:21.344711642Z,1.15923861,0.37888956,0.507336817061,63498.739999999998,63498.75,63498.744999999995,0.010000000002,0.001574834275,"[{""price"":63498.74,""size"":0.27693352,""num_orders"":11},{""price"":63498.71,""size"":2e-08,""num_orders"":1},{""price"":63498.46,""size"":0.03629736,""num_orders"":1},{""price"":63498.45,""size"":0.04729979,""num_orders"":1},{""price"":63498.44,""size"":0.12602176,""num_orders"":1},{""price"":63498.43,""size"":0.43897927,""num_orders"":1},{""price"":63498.42,""size"":0.12598736,""num_orders"":1},{""price"":63498.01,""size"":6.33e-05,""num_orders"":1},{""price"":63498.0,""size"":0.0429,""num_orders"":1},{""price"":63497.64,""size"":0.06475623,""num_orders"":1}]","[{""price"":63498.75,""size"":0.06475623,""num_orders"":3},{""price"":63498.76,""size"":1e-08,""num_orders"":1},{""price"":63503.87,""size"":0.01492015,""num_orders"":1},{""price"":63503.88,""size"":0.06332087,""num_orders"":1},{""price"":63503.98,""size"":0.05786536,""num_orders"":1},{""price"":63504.0,""size"":0.0429,""num_orders"":1},{""price"":63504.91,""size"":0.02745271,""num_orders"":1},{""price"":63505.69,""size"":0.06475623,""num_orders"":1},{""price"":63506.0,""size"":0.0429,""num_orders"":1},{""price"":63506.52,""size"":1.8e-05,""num_orders"":1}]"
btc_usd_d10_20260613T042324Z,42,2026-06-13T05:05:24.071247Z,2026-06-13T05:05:24.071382Z,BTC-USD,10,ok,,130520960184,2026-06-13T05:05:21.757544464Z,0.43712222,0.76982356,-0.275655580817,63508.730000000003,63508.739999999998,63508.735000000001,0.009999999995,0.00157458655,"[{""price"":63508.73,""size"":0.01804216,""num_orders"":6},{""price"":63508.7,""size"":2e-08,""num_orders"":1},{""price"":63506.69,""size"":0.0241,""num_orders"":1},{""price"":63506.6,""size"":0.14156284,""num_orders"":2},{""price"":63506.59,""size"":0.03149048,""num_orders"":1},{""price"":63506.52,""size"":1.8e-05,""num_orders"":1},{""price"":63506.19,""size"":0.04723775,""num_orders"":1},{""price"":63506.12,""size"":0.02459819,""num_orders"":1},{""price"":63505.77,""size"":0.12597278,""num_orders"":1},{""price"":63504.99,""size"":0.0241,""num_orders"":1}]","[{""price"":63508.74,""size"":0.21588372,""num_orders"":15},{""price"":63508.75,""size"":1e-08,""num_orders"":1},{""price"":63508.76,""size"":0.15596688,""num_orders"":2},{""price"":63510.0,""size"":0.0429,""num_orders"":1},{""price"":63510.19,""size"":0.00349573,""num_orders"":1},{""price"":63510.47,""size"":0.12596349,""num_orders"":1},{""price"":63510.87,""size"":0.12602176,""num_orders"":1},{""price"":63511.81,""size"":0.01491732,""num_orders"":1},{""price"":63511.82,""size"":0.04177465,""num_orders"":1},{""price"":63512.0,""size"":0.0429,""num_orders"":1}]"
btc_usd_d10_20260613T042324Z,43,2026-06-13T05:06:24.071247Z,2026-06-13T05:06:24.071376Z,BTC-USD,10,ok,,130520992768,2026-06-13T05:06:21.817004658Z,0.87625988,0.69142828,0.11790074373,63491.959999999999,63491.970000000001,63491.964999999997,0.010000000002,0.001575002444,"[{""price"":63491.96,""size"":0.00240858,""num_orders"":2},{""price"":63491.93,""size"":2e-08,""num_orders"":1},{""price"":63491.76,""size"":0.10218025,""num_orders"":2},{""price"":63491.26,""size"":0.03150365,""num_orders"":1},{""price"":63490.52,""size"":0.12600305,""num_orders"":1},{""price"":63488.68,""size"":0.01492248,""num_orders"":1},{""price"":63488.67,""size"":0.12602176,""num_orders"":1},{""price"":63488.24,""size"":0.0007875,""num_orders"":1},{""price"":63488.01,""size"":0.42953259,""num_orders"":1},{""price"":63488.0,""size"":0.0429,""num_orders"":1}]","[{""price"":63491.97,""size"":0.06886324,""num_orders"":6},{""price"":63493.14,""size"":0.05408339,""num_orders"":1},{""price"":63493.15,""size"":0.12602176,""num_orders"":1},{""price"":63493.26,""size"":0.12599763,""num_orders"":1},{""price"":63493.76,""size"":1.8e-05,""num_orders"":1},{""price"":63494.0,""size"":0.0429,""num_orders"":1},{""price"":63494.81,""size"":0.01153,""num_orders"":1},{""price"":63495.0,""size"":0.01,""num_orders"":1},{""price"":63495.06,""size"":0.12602176,""num_orders"":1},{""price"":63495.85,""size"":0.1259925,""num_orders"":1}]"
btc_usd_d10_20260613T042324Z,44,2026-06-13T05:07:24.071247Z,2026-06-13T05:07:24.071381Z,BTC-USD,10,ok,,130521011581,2026-06-13T05:07:22.631463397Z,1.00360585,0.35113003,0.481625850199,63495.989999999998,63496,63495.994999999995,0.010000000002,0.00157490248,"[{""price"":63495.99,""size"":0.16465321,""num_orders"":6},{""price"":63495.96,""size"":2e-08,""num_orders"":1},{""price"":63495.06,""size"":0.08929229,""num_orders"":1},{""price"":63495.0,""size"":0.37307842,""num_orders"":2},{""price"":63494.71,""size"":0.12599474,""num_orders"":1},{""price"":63494.41,""size"":0.06759257,""num_orders"":1},{""price"":63494.17,""size"":0.02370296,""num_orders"":1},{""price"":63494.0,""size"":0.0429,""num_orders"":1},{""price"":63493.8,""size"":0.09268868,""num_orders"":1},{""price"":63493.21,""size"":0.02370296,""num_orders"":1}]","[{""price"":63496.0,""size"":0.02404173,""num_orders"":3},{""price"":63496.01,""size"":1e-08,""num_orders"":1},{""price"":63496.95,""size"":1.8e-05,""num_orders"":1},{""price"":63497.04,""size"":0.12602176,""num_orders"":1},{""price"":63497.46,""size"":0.01492198,""num_orders"":1},{""price"":63497.47,""size"":1e-08,""num_orders"":1},{""price"":63498.0,""size"":0.0097,""num_orders"":1},{""price"":63498.02,""size"":1e-08,""num_orders"":1},{""price"":63499.55,""size"":0.12598515,""num_orders"":1},{""price"":63499.99,""size"":0.05044138,""num_orders"":1}]"
btc_usd_d10_20260613T042324Z,45,2026-06-13T05:08:24.071247Z,2026-06-13T05:08:24.071381Z,BTC-USD,10,ok,,130521041904,2026-06-13T05:08:22.079750421Z,0.22029191,1.10620708,-0.667859664183,63509.699999999997,63509.709999999999,63509.705000000002,0.010000000002,0.001574562502,"[{""price"":63509.7,""size"":0.03236184,""num_orders"":2},{""price"":63509.68,""size"":0.03,""num_orders"":1},{""price"":63508.09,""size"":0.02440417,""num_orders"":1},{""price"":63507.81,""size"":0.00040735,""num_orders"":1},{""price"":63507.57,""size"":0.04724573,""num_orders"":1},{""price"":63507.14,""size"":0.02440417,""num_orders"":1},{""price"":63504.93,""size"":0.00243946,""num_orders"":2},{""price"":63504.0,""size"":0.0429,""num_orders"":1},{""price"":63502.52,""size"":0.01492198,""num_orders"":1},{""price"":63502.51,""size"":0.00120721,""num_orders"":1}]","[{""price"":63509.71,""size"":0.185208,""num_orders"":8},{""price"":63510.0,""size"":0.0429,""num_orders"":1},{""price"":63510.09,""size"":0.3753664,""num_orders"":1},{""price"":63510.1,""size"":0.12596421,""num_orders"":1},{""price"":63511.23,""size"":0.12602176,""num_orders"":1},{""price"":63511.94,""size"":0.0097,""num_orders"":1},{""price"":63512.0,""size"":0.0429,""num_orders"":1},{""price"":63512.68,""size"":0.15744889,""num_orders"":1},{""price"":63512.9,""size"":1.8e-05,""num_orders"":1},{""price"":63513.14,""size"":0.04067982,""num_orders"":1}]"
btc_usd_d10_20260613T042324Z,46,2026-06-13T05:09:24.071247Z,2026-06-13T05:09:24.071366Z,BTC-USD,10,ok,,130521063656,2026-06-13T05:09:23.544257306Z,0.9861453,0.44750114,0.375716177275,63509.989999999998,63510,63509.994999999995,0.010000000002,0.001574555312,"[{""price"":63509.99,""size"":0.41948858,""num_orders"":12},{""price"":63509.98,""size"":0.03,""num_orders"":4},{""price"":63509.97,""size"":0.18007934,""num_orders"":1},{""price"":63509.96,""size"":0.03000002,""num_orders"":2},{""price"":63509.92,""size"":0.12596455,""num_orders"":1},{""price"":63509.01,""size"":0.12596637,""num_orders"":1},{""price"":63509.0,""size"":0.00025472,""num_orders"":1},{""price"":63508.49,""size"":0.01574586,""num_orders"":1},{""price"":63508.16,""size"":0.01574586,""num_orders"":1},{""price"":63508.0,""size"":0.0429,""num_orders"":1}]","[{""price"":63510.0,""size"":0.01179213,""num_orders"":2},{""price"":63511.92,""size"":0.12602176,""num_orders"":1},{""price"":63511.94,""size"":0.0097,""num_orders"":1},{""price"":63512.9,""size"":1.8e-05,""num_orders"":1},{""price"":63513.77,""size"":0.01491838,""num_orders"":1},{""price"":63513.78,""size"":0.00236186,""num_orders"":1},{""price"":63513.99,""size"":0.12602176,""num_orders"":1},{""price"":63514.0,""size"":0.0429,""num_orders"":1},{""price"":63514.62,""size"":0.0194,""num_orders"":1},{""price"":63514.96,""size"":0.09436725,""num_orders"":1}]"
btc_usd_d10_20260613T042324Z,47,2026-06-13T05:10:24.071247Z,2026-06-13T05:10:24.071357Z,BTC-USD,10,ok,,130521088098,2026-06-13T05:10:21.542567712Z,0.56013444,0.69244972,-0.105633844196,63519.279999999999,63519.290000000001,63519.285000000003,0.010000000002,0.001574325026,"[{""price"":63519.28,""size"":0.00337469,""num_orders"":4},{""price"":63517.64,""size"":0.02025414,""num_orders"":1},{""price"":63517.54,""size"":0.03148754,""num_orders"":1},{""price"":63517.24,""size"":0.19639023,""num_orders"":1},{""price"":63517.23,""size"":0.12595005,""num_orders"":1},{""price"":63516.09,""size"":1.8e-05,""num_orders"":1},{""price"":63514.53,""size"":0.01491548,""num_orders"":1},{""price"":63514.52,""size"":0.03936107,""num_orders"":1},{""price"":63514.51,""size"":0.00236148,""num_orders"":1},{""price"":63514.37,""size"":0.12602176,""num_orders"":1}]","[{""price"":63519.29,""size"":0.08461011,""num_orders"":3},{""price"":63519.3,""size"":1e-08,""num_orders"":1},{""price"":63519.86,""size"":0.12594488,""num_orders"":1},{""price"":63520.0,""size"":0.0429,""num_orders"":1},{""price"":63521.34,""size"":0.01491548,""num_orders"":1},{""price"":63521.35,""size"":0.05179057,""num_orders"":1},{""price"":63521.37,""size"":0.15742735,""num_orders"":1},{""price"":63521.51,""size"":0.12602176,""num_orders"":1},{""price"":63521.97,""size"":0.04593956,""num_orders"":1},{""price"":63522.0,""size"":0.0429,""num_orders"":1}]"
btc_usd_d10_20260613T042324Z,48,2026-06-13T05:11:24.071247Z,2026-06-13T05:11:24.071391Z,BTC-USD,10,ok,,130521115924,2026-06-13T05:11:21.547144110Z,0.44350339,1.306904,-0.493256949744,63541.980000000003,63541.989999999998,63541.985000000001,0.009999999995,0.001573762607,"[{""price"":63541.98,""size"":0.02789228,""num_orders"":2},{""price"":63541.96,""size"":0.03000157,""num_orders"":4},{""price"":63541.32,""size"":0.01573937,""num_orders"":1},{""price"":63540.36,""size"":0.01573937,""num_orders"":1},{""price"":63540.09,""size"":0.02980221,""num_orders"":1},{""price"":63539.74,""size"":0.00078688,""num_orders"":1},{""price"":63538.26,""size"":0.03147439,""num_orders"":1},{""price"":63536.01,""size"":0.03934776,""num_orders"":1},{""price"":63536.0,""size"":0.0407,""num_orders"":1},{""price"":63535.42,""size"":0.21201956,""num_orders"":1}]","[{""price"":63541.99,""size"":0.37174274,""num_orders"":11},{""price"":63542.0,""size"":0.08397426,""num_orders"":2},{""price"":63542.24,""size"":0.30167315,""num_orders"":1},{""price"":63542.25,""size"":0.12590048,""num_orders"":1},{""price"":63543.98,""size"":0.05880362,""num_orders"":1},{""price"":63543.99,""size"":0.12602176,""num_orders"":1},{""price"":63544.0,""size"":0.0407,""num_orders"":1},{""price"":63544.52,""size"":0.15736999,""num_orders"":1},{""price"":63544.8,""size"":1.8e-05,""num_orders"":1},{""price"":63546.0,""size"":0.0407,""num_orders"":1}]"
btc_usd_d10_20260613T042324Z,49,2026-06-13T05:12:24.071247Z,2026-06-13T05:12:24.071373Z,BTC-USD,10,ok,,130521138167,2026-06-13T05:12:23.057610685Z,1.2800349,0.48553241,0.449998414391,63543.879999999997,63543.889999999999,63543.884999999995,0.010000000002,0.001573715551,"[{""price"":63543.88,""size"":0.40533276,""num_orders"":14},{""price"":63543.87,""size"":0.14717078,""num_orders"":1},{""price"":63543.86,""size"":0.03,""num_orders"":1},{""price"":63543.85,""size"":1.75e-06,""num_orders"":2},{""price"":63543.47,""size"":0.3511635,""num_orders"":1},{""price"":63542.81,""size"":0.12589936,""num_orders"":1},{""price"":63542.28,""size"":0.04910108,""num_orders"":1},{""price"":63542.03,""size"":0.08702851,""num_orders"":1},{""price"":63541.98,""size"":0.08433714,""num_orders"":1},{""price"":63541.95,""size"":2e-08,""num_orders"":1}]","[{""price"":63543.89,""size"":0.00103746,""num_orders"":1},{""price"":63545.81,""size"":0.12589344,""num_orders"":1},{""price"":63546.0,""size"":0.0387,""num_orders"":1},{""price"":63546.81,""size"":0.12602176,""num_orders"":1},{""price"":63546.98,""size"":0.00435639,""num_orders"":1},{""price"":63547.6,""size"":0.12588988,""num_orders"":1},{""price"":63547.99,""size"":1.8e-05,""num_orders"":1},{""price"":63548.0,""size"":0.0387,""num_orders"":1},{""price"":63549.99,""size"":0.01491548,""num_orders"":1},{""price"":63550.0,""size"":0.01,""num_orders"":1}]"
btc_usd_d10_20260613T042324Z,50,2026-06-13T05:13:24.071247Z,2026-06-13T05:13:24.071394Z,BTC-USD,10,ok,,130521157595,2026-06-13T05:13:23.525052110Z,1.89700703,1.85872902,0.010191879698,63543.879999999997,63543.889999999999,63543.884999999995,0.010000000002,0.001573715551,"[{""price"":63543.88,""size"":1.52147619,""num_orders"":5},{""price"":63543.85,""size"":3.41e-06,""num_orders"":6},{""price"":63539.11,""size"":0.04170641,""num_orders"":2},{""price"":63538.62,""size"":0.03147544,""num_orders"":1},{""price"":63538.42,""size"":1.8e-05,""num_orders"":1},{""price"":63538.01,""size"":0.01491029,""num_orders"":1},{""price"":63538.0,""size"":0.0429,""num_orders"":1},{""price"":63537.61,""size"":0.0242399,""num_orders"":1},{""price"":63537.38,""size"":0.09436725,""num_orders"":1},{""price"":63537.37,""size"":0.12591014,""num_orders"":1}]","[{""price"":63543.89,""size"":0.33844088,""num_orders"":6},{""price"":63543.92,""size"":1.7e-06,""num_orders"":2},{""price"":63543.98,""size"":0.26744429,""num_orders"":1},{""price"":63543.99,""size"":0.12602176,""num_orders"":1},{""price"":63544.0,""size"":0.0429,""num_orders"":1},{""price"":63544.08,""size"":0.12589685,""num_orders"":1},{""price"":63545.24,""size"":0.12589457,""num_orders"":1},{""price"":63545.82,""size"":0.02726721,""num_orders"":2},{""price"":63545.97,""size"":0.09436725,""num_orders"":1},{""price"":63545.98,""size"":0.71049451,""num_orders"":2}]"
btc_usd_d10_20260613T042324Z,51,2026-06-13T05:14:24.071247Z,2026-06-13T05:14:24.071365Z,BTC-USD,10,ok,,130521174455,2026-06-13T05:14:22.190383486Z,2.24870881,0.78267342,0.483619444454,63547.970000000001,63547.980000000003,63547.975000000006,0.010000000002,0.001573614266,"[{""price"":63547.97,""size"":1.56961082,""num_orders"":3},{""price"":63547.94,""size"":0.00078682,""num_orders"":2},{""price"":63545.71,""size"":0.01491059,""num_orders"":1},{""price"":63545.7,""size"":0.03934176,""num_orders"":1},{""price"":63545.62,""size"":0.28735288,""num_orders"":1},{""price"":63545.56,""size"":0.03147272,""num_orders"":1},{""price"":63545.5,""size"":0.02424072,""num_orders"":1},{""price"":63544.59,""size"":0.12602176,""num_orders"":1},{""price"":63543.95,""size"":0.12216862,""num_orders"":1},{""price"":63543.64,""size"":0.03280212,""num_orders"":1}]","[{""price"":63547.98,""size"":0.15664976,""num_orders"":12},{""price"":63547.99,""size"":1.8e-05,""num_orders"":1},{""price"":63548.0,""size"":0.1258891,""num_orders"":1},{""price"":63550.0,""size"":0.0529,""num_orders"":2},{""price"":63550.5,""size"":0.02637168,""num_orders"":1},{""price"":63550.54,""size"":0.12602176,""num_orders"":1},{""price"":63550.89,""size"":0.12588336,""num_orders"":1},{""price"":63551.18,""size"":1.8e-05,""num_orders"":1},{""price"":63552.0,""size"":0.0429,""num_orders"":1},{""price"":63552.58,""size"":0.12602176,""num_orders"":1}]"
btc_usd_d10_20260613T042324Z,52,2026-06-13T05:15:24.071247Z,2026-06-13T05:15:24.071372Z,BTC-USD,10,ok,,130521196189,2026-06-13T05:15:21.591942352Z,0.76611498,0.52675476,0.185138697731,63524.260000000002,63524.269999999997,63524.264999999999,0.009999999995,0.001574201605,"[{""price"":63524.26,""size"":0.09421646,""num_orders"":10},{""price"":63524.23,""size"":4e-08,""num_orders"":2},{""price"":63524.18,""size"":0.28251272,""num_orders"":2},{""price"":63523.19,""size"":0.0393557,""num_orders"":1},{""price"":63523.18,""size"":0.12593826,""num_orders"":1},{""price"":63523.13,""size"":0.03148351,""num_orders"":1},{""price"":63522.98,""size"":0.02374773,""num_orders"":1},{""price"":63522.47,""size"":1.8e-05,""num_orders"":1},{""price"":63522.0,""size"":0.0429,""num_orders"":1},{""price"":63521.01,""size"":0.12594256,""num_orders"":1}]","[{""price"":63524.27,""size"":0.06693779,""num_orders"":14},{""price"":63524.28,""size"":2e-08,""num_orders"":2},{""price"":63524.3,""size"":1.52e-06,""num_orders"":2},{""price"":63525.0,""size"":0.03012516,""num_orders"":1},{""price"":63525.87,""size"":0.02930422,""num_orders"":1},{""price"":63525.88,""size"":0.12593292,""num_orders"":1},{""price"":63526.0,""size"":0.0429,""num_orders"":1},{""price"":63526.47,""size"":0.12602176,""num_orders"":1},{""price"":63526.55,""size"":0.06263137,""num_orders"":1},{""price"":63528.0,""size"":0.0429,""num_orders"":1}]"
btc_usd_d10_20260613T042324Z,53,2026-06-13T05:16:24.071247Z,2026-06-13T05:16:24.071391Z,BTC-USD,10,ok,,130521217164,2026-06-13T05:16:22.682136337Z,2.01909907,0.66280789,0.505718953054,63531.93,63531.940000000002,63531.934999999998,0.010000000002,0.001574011558,"[{""price"":63531.93,""size"":1.47825277,""num_orders"":5},{""price"":63531.91,""size"":0.04723277,""num_orders"":1},{""price"":63531.9,""size"":2e-08,""num_orders"":1},{""price"":63530.95,""size"":0.08603641,""num_orders"":1},{""price"":63530.22,""size"":0.03935135,""num_orders"":1},{""price"":63530.21,""size"":0.08105274,""num_orders"":1},{""price"":63530.14,""size"":0.12734608,""num_orders"":1},{""price"":63529.57,""size"":0.02770731,""num_orders"":1},{""price"":63528.68,""size"":0.10441231,""num_orders"":1},{""price"":63528.61,""size"":0.02770731,""num_orders"":1}]","[{""price"":63531.94,""size"":0.31373248,""num_orders"":9},{""price"":63531.96,""size"":1e-08,""num_orders"":1},{""price"":63531.97,""size"":8.5e-07,""num_orders"":1},{""price"":63532.03,""size"":0.01491394,""num_orders"":1},{""price"":63532.04,""size"":1.8e-05,""num_orders"":1},{""price"":63533.2,""size"":0.12602176,""num_orders"":1},{""price"":63533.99,""size"":0.02930422,""num_orders"":1},{""price"":63534.0,""size"":0.0429,""num_orders"":1},{""price"":63534.11,""size"":0.12591663,""num_orders"":1},{""price"":63535.0,""size"":0.01,""num_orders"":1}]"
btc_usd_d10_20260613T042324Z,54,2026-06-13T05:17:24.071247Z,2026-06-13T05:17:24.071369Z,BTC-USD,10,ok,,130521242979,2026-06-13T05:17:23.596992652Z,1.71231351,1.45770891,0.080316340476,63509.989999999998,63510,63509.994999999995,0.010000000002,0.001574555312,"[{""price"":63509.99,""size"":1.52373582,""num_orders"":4},{""price"":63509.96,""size"":2e-08,""num_orders"":1},{""price"":63509.71,""size"":1.8e-05,""num_orders"":1},{""price"":63508.05,""size"":0.0275,""num_orders"":1},{""price"":63506.52,""size"":0.01493111,""num_orders"":2},{""price"":63504.97,""size"":0.04544365,""num_orders"":1},{""price"":63504.66,""size"":0.02749736,""num_orders"":1},{""price"":63504.0,""size"":0.0429,""num_orders"":1},{""price"":63503.7,""size"":0.02749736,""num_orders"":1},{""price"":63503.64,""size"":0.00279019,""num_orders"":2}]","[{""price"":63510.0,""size"":0.66827908,""num_orders"":10},{""price"":63510.01,""size"":1e-08,""num_orders"":1},{""price"":63510.03,""size"":1e-08,""num_orders"":1},{""price"":63510.96,""size"":0.03148892,""num_orders"":1},{""price"":63511.25,""size"":0.01491311,""num_orders"":1},{""price"":63511.26,""size"":0.05454661,""num_orders"":1},{""price"":63511.29,""size"":0.34213148,""num_orders"":1},{""price"":63511.3,""size"":0.09436725,""num_orders"":1},{""price"":63511.32,""size"":0.12602176,""num_orders"":1},{""price"":63511.89,""size"":0.12596068,""num_orders"":1}]"
btc_usd_d10_20260613T042324Z,55,2026-06-13T05:18:24.071247Z,2026-06-13T05:18:24.071385Z,BTC-USD,10,ok,,130521269381,2026-06-13T05:18:21.334802194Z,2.55252393,0.44782237,0.701486211775,63524.989999999998,63525,63524.994999999995,0.010000000002,0.001574183517,"[{""price"":63524.99,""size"":1.58995599,""num_orders"":5},{""price"":63524.96,""size"":2e-08,""num_orders"":1},{""price"":63524.22,""size"":0.03148205,""num_orders"":1},{""price"":63523.1,""size"":0.03935576,""num_orders"":1},{""price"":63523.09,""size"":0.12593843,""num_orders"":1},{""price"":63522.95,""size"":0.0271043,""num_orders"":1},{""price"":63522.65,""size"":0.41678534,""num_orders"":1},{""price"":63522.51,""size"":0.25179978,""num_orders"":2},{""price"":63522.46,""size"":0.02720226,""num_orders"":1},{""price"":63522.0,""size"":0.0429,""num_orders"":1}]","[{""price"":63525.0,""size"":0.0266532,""num_orders"":2},{""price"":63525.99,""size"":0.12593271,""num_orders"":1},{""price"":63526.06,""size"":1e-08,""num_orders"":1},{""price"":63527.95,""size"":0.01491311,""num_orders"":1},{""price"":63527.96,""size"":0.05817915,""num_orders"":1},{""price"":63527.98,""size"":0.00039874,""num_orders"":1},{""price"":63528.0,""size"":0.0429,""num_orders"":1},{""price"":63528.64,""size"":0.12592745,""num_orders"":1},{""price"":63528.85,""size"":1.8e-05,""num_orders"":1},{""price"":63530.0,""size"":0.0529,""num_orders"":2}]"
btc_usd_d10_20260613T042324Z,56,2026-06-13T05:19:24.071247Z,2026-06-13T05:19:24.071404Z,BTC-USD,10,ok,,130521293623,2026-06-13T05:19:22.625159466Z,0.24226204,1.74996323,-0.756792523769,63523.989999999998,63524,63523.994999999995,0.010000000002,0.001574208298,"[{""price"":63523.99,""size"":0.00238285,""num_orders"":2},{""price"":63523.96,""size"":2e-08,""num_orders"":1},{""price"":63523.95,""size"":0.00098377,""num_orders"":1},{""price"":63521.23,""size"":0.01491311,""num_orders"":1},{""price"":63521.22,""size"":0.03858947,""num_orders"":1},{""price"":63519.48,""size"":0.0267,""num_orders"":1},{""price"":63519.22,""size"":0.00236131,""num_orders"":1},{""price"":63518.01,""size"":0.08194855,""num_orders"":1},{""price"":63518.0,""size"":0.0429,""num_orders"":1},{""price"":63517.83,""size"":0.03148296,""num_orders"":1}]","[{""price"":63524.0,""size"":0.31511266,""num_orders"":10},{""price"":63524.03,""size"":1e-08,""num_orders"":1},{""price"":63524.2,""size"":0.09436725,""num_orders"":1},{""price"":63524.21,""size"":0.85678155,""num_orders"":2},{""price"":63524.22,""size"":0.12593623,""num_orders"":1},{""price"":63525.65,""size"":0.15743253,""num_orders"":1},{""price"":63525.66,""size"":1.8e-05,""num_orders"":1},{""price"":63526.0,""size"":0.0429,""num_orders"":1},{""price"":63526.06,""size"":1e-08,""num_orders"":1},{""price"":63526.35,""size"":0.15741499,""num_orders"":1}]"
btc_usd_d10_20260613T042324Z,57,2026-06-13T05:20:24.071247Z,2026-06-13T05:20:24.071369Z,BTC-USD,10,ok,,130521317516,2026-06-13T05:20:23.525289650Z,0.67410437,0.92892885,-0.15896394212,63537.519999999997,63537.529999999999,63537.524999999994,0.010000000002,0.001573873078,"[{""price"":63537.52,""size"":0.00758977,""num_orders"":6},{""price"":63537.49,""size"":6.5e-07,""num_orders"":2},{""price"":63535.36,""size"":0.01491311,""num_orders"":1},{""price"":63535.35,""size"":0.02730811,""num_orders"":1},{""price"":63535.18,""size"":0.23945865,""num_orders"":1},{""price"":63534.41,""size"":0.03147657,""num_orders"":1},{""price"":63534.01,""size"":0.15743253,""num_orders"":1},{""price"":63534.0,""size"":0.0429,""num_orders"":1},{""price"":63533.7,""size"":0.02710697,""num_orders"":1},{""price"":63533.4,""size"":0.12591801,""num_orders"":1}]","[{""price"":63537.53,""size"":0.31465511,""num_orders"":9},{""price"":63537.78,""size"":0.06280112,""num_orders"":1},{""price"":63537.79,""size"":0.12590932,""num_orders"":1},{""price"":63538.0,""size"":0.0429,""num_orders"":1},{""price"":63538.42,""size"":1.8e-05,""num_orders"":1},{""price"":63539.8,""size"":0.01491311,""num_orders"":1},{""price"":63539.81,""size"":0.15738166,""num_orders"":1},{""price"":63540.0,""size"":0.0529,""num_orders"":2},{""price"":63540.83,""size"":0.15743253,""num_orders"":1},{""price"":63541.61,""size"":1.8e-05,""num_orders"":1}]"
btc_usd_d10_20260613T042324Z,58,2026-06-13T05:21:24.071247Z,2026-06-13T05:21:24.071393Z,BTC-USD,10,ok,,130521348987,2026-06-13T05:21:21.681712659Z,0.68216825,2.43322407,-0.562065910209,63538.019999999997,63538.029999999999,63538.024999999994,0.010000000002,0.001573860692,"[{""price"":63538.02,""size"":0.04471054,""num_orders"":2},{""price"":63538.01,""size"":0.00236079,""num_orders"":1},{""price"":63538.0,""size"":0.04208738,""num_orders"":2},{""price"":63537.98,""size"":2e-08,""num_orders"":1},{""price"":63537.34,""size"":0.15743253,""num_orders"":1},{""price"":63536.02,""size"":0.01491311,""num_orders"":1},{""price"":63536.01,""size"":0.25063163,""num_orders"":2},{""price"":63536.0,""size"":0.0429,""num_orders"":1},{""price"":63535.55,""size"":0.12591375,""num_orders"":1},{""price"":63535.23,""size"":0.0012185,""num_orders"":3}]","[{""price"":63538.03,""size"":0.06280811,""num_orders"":2},{""price"":63538.04,""size"":1e-08,""num_orders"":1},{""price"":63540.05,""size"":0.01491311,""num_orders"":1},{""price"":63540.06,""size"":0.12590483,""num_orders"":1},{""price"":63541.49,""size"":0.87399814,""num_orders"":2},{""price"":63541.5,""size"":1.0,""num_orders"":1},{""price"":63542.0,""size"":0.0429,""num_orders"":1},{""price"":63542.64,""size"":0.12589972,""num_orders"":1},{""price"":63542.97,""size"":0.14390015,""num_orders"":1},{""price"":63544.0,""size"":0.0429,""num_orders"":1}]"
btc_usd_d10_20260613T042324Z,59,2026-06-13T05:22:24.071247Z,2026-06-13T05:22:24.071374Z,BTC-USD,10,ok,,130521370312,2026-06-13T05:22:23.184025858Z,1.00734668,0.89453941,0.059313368236,63532.040000000001,63532.050000000003,63532.044999999998,0.010000000002,0.001574008833,"[{""price"":63532.04,""size"":0.03119958,""num_orders"":7},{""price"":63531.51,""size"":0.03147965,""num_orders"":1},{""price"":63531.36,""size"":0.12592206,""num_orders"":1},{""price"":63531.12,""size"":0.14335893,""num_orders"":2},{""price"":63531.11,""size"":0.0097,""num_orders"":1},{""price"":63530.81,""size"":0.15743253,""num_orders"":1},{""price"":63530.54,""size"":0.09436725,""num_orders"":1},{""price"":63530.0,""size"":0.0429,""num_orders"":1},{""price"":63529.97,""size"":0.21358066,""num_orders"":1},{""price"":63529.96,""size"":0.15740602,""num_orders"":1}]","[{""price"":63532.05,""size"":0.01339554,""num_orders"":2},{""price"":63533.93,""size"":0.03825826,""num_orders"":1},{""price"":63533.94,""size"":0.09436725,""num_orders"":1},{""price"":63534.0,""size"":0.0429,""num_orders"":1},{""price"":63534.34,""size"":0.00786924,""num_orders"":1},{""price"":63534.56,""size"":0.12591572,""num_orders"":1},{""price"":63536.0,""size"":0.0429,""num_orders"":1},{""price"":63536.4,""size"":0.12591208,""num_orders"":1},{""price"":63536.82,""size"":0.00236101,""num_orders"":1},{""price"":63537.59,""size"":0.40066031,""num_orders"":1}]"
