window_id,sample_index,planned_at_utc,collected_at_utc,product_id,depth,status,error,sequence,snapshot_time_utc,bid_volume,ask_volume,imbalance,best_bid,best_ask,mid_price,spread,spread_bps,bids_json,asks_json
btc_usd_d10_20260826T231240Z,48,2026-08-27T00:00:40.081050Z,2026-08-27T00:00:40.081194Z,BTC-USD,10,ok,,135058684511,2026-08-27T00:00:37.689795388Z,0.53153699,0.33218167,0.230810481737,78965.860000000001,78965.869999999995,78965.864999999991,0.009999999995,0.001266369968,"[{""price"":78965.86,""size"":0.00050654,""num_orders"":1},{""price"":78965.55,""size"":0.10130998,""num_orders"":1},{""price"":78964.37,""size"":0.00293414,""num_orders"":1},{""price"":78964.28,""size"":0.0253279,""num_orders"":2},{""price"":78964.03,""size"":0.00405237,""num_orders"":1},{""price"":78961.37,""size"":0.00506547,""num_orders"":1},{""price"":78960.06,""size"":0.15042354,""num_orders"":1},{""price"":78960.05,""size"":0.08300801,""num_orders"":1},{""price"":78958.92,""size"":0.07590029,""num_orders"":1},{""price"":78958.91,""size"":0.08300875,""num_orders"":1}]","[{""price"":78965.87,""size"":0.0357,""num_orders"":1},{""price"":78966.71,""size"":0.00011626,""num_orders"":1},{""price"":78967.45,""size"":0.0253269,""num_orders"":2},{""price"":78967.73,""size"":0.00069679,""num_orders"":1},{""price"":78968.74,""size"":1.4e-05,""num_orders"":1},{""price"":78969.08,""size"":1.5e-06,""num_orders"":1},{""price"":78971.08,""size"":0.00255948,""num_orders"":1},{""price"":78971.09,""size"":0.15186645,""num_orders"":1},{""price"":78971.1,""size"":0.07590029,""num_orders"":1},{""price"":78973.64,""size"":0.04,""num_orders"":1}]"
btc_usd_d10_20260826T231240Z,49,2026-08-27T00:01:40.081050Z,2026-08-27T00:01:40.081224Z,BTC-USD,10,ok,,135058740491,2026-08-27T00:01:37.844183882Z,2.0431629,0.73245424,0.472222426181,78978.169999999998,78978.179999999993,78978.174999999988,0.009999999995,0.001266172584,"[{""price"":78978.17,""size"":0.20991877,""num_orders"":5},{""price"":78977.91,""size"":0.00012889,""num_orders"":1},{""price"":78976.2,""size"":0.00405175,""num_orders"":1},{""price"":78975.43,""size"":0.00317443,""num_orders"":1},{""price"":78975.42,""size"":0.61265392,""num_orders"":2},{""price"":78975.41,""size"":0.025,""num_orders"":1},{""price"":78975.0,""size"":1.0,""num_orders"":1},{""price"":78973.54,""size"":0.00506468,""num_orders"":1},{""price"":78970.51,""size"":0.17314946,""num_orders"":2},{""price"":78970.05,""size"":0.010021,""num_orders"":1}]","[{""price"":78978.18,""size"":0.0249945,""num_orders"":2},{""price"":78978.19,""size"":0.15186645,""num_orders"":1},{""price"":78982.5,""size"":0.07590029,""num_orders"":1},{""price"":78984.91,""size"":0.07590029,""num_orders"":1},{""price"":78987.38,""size"":0.07590029,""num_orders"":1},{""price"":78988.46,""size"":1.4e-05,""num_orders"":1},{""price"":78988.75,""size"":0.05019141,""num_orders"":1},{""price"":78989.75,""size"":0.07590029,""num_orders"":1},{""price"":78989.94,""size"":0.15186645,""num_orders"":1},{""price"":78990.78,""size"":0.04992027,""num_orders"":1}]"
btc_usd_d10_20260826T231240Z,50,2026-08-27T00:02:40.081050Z,2026-08-27T00:02:40.081191Z,BTC-USD,10,ok,,135058788335,2026-08-27T00:02:37.829466932Z,1.03017072,0.47955061,0.364716387759,78998.440000000002,78998.449999999997,78998.445000000007,0.009999999995,0.001265847701,"[{""price"":78998.44,""size"":0.10813439,""num_orders"":5},{""price"":78996.86,""size"":0.02531746,""num_orders"":2},{""price"":78996.46,""size"":0.00136484,""num_orders"":1},{""price"":78994.15,""size"":0.01041553,""num_orders"":1},{""price"":78990.4,""size"":0.02001654,""num_orders"":2},{""price"":78990.39,""size"":0.0316737,""num_orders"":1},{""price"":78990.38,""size"":0.1262812,""num_orders"":1},{""price"":78989.76,""size"":0.0015873,""num_orders"":1},{""price"":78989.73,""size"":0.45221136,""num_orders"":2},{""price"":78989.71,""size"":0.2531684,""num_orders"":1}]","[{""price"":78998.45,""size"":0.03569997,""num_orders"":1},{""price"":78998.73,""size"":0.00209099,""num_orders"":2},{""price"":78999.38,""size"":0.025,""num_orders"":1},{""price"":79000.03,""size"":0.02531644,""num_orders"":2},{""price"":79002.67,""size"":0.00158724,""num_orders"":1},{""price"":79002.68,""size"":0.07590029,""num_orders"":1},{""price"":79002.69,""size"":0.12,""num_orders"":2},{""price"":79006.0,""size"":0.01041553,""num_orders"":1},{""price"":79006.05,""size"":0.0316737,""num_orders"":1},{""price"":79006.06,""size"":0.15186645,""num_orders"":1}]"
btc_usd_d10_20260826T231240Z,51,2026-08-27T00:03:40.081050Z,2026-08-27T00:03:40.081219Z,BTC-USD,10,ok,,135058835963,2026-08-27T00:03:37.544993427Z,0.29718745,0.55640236,-0.303676200165,78939.149999999994,78939.160000000003,78939.154999999999,0.010000000009,0.001266798461,"[{""price"":78939.15,""size"":0.06188936,""num_orders"":6},{""price"":78938.08,""size"":0.01754597,""num_orders"":1},{""price"":78937.57,""size"":0.02533648,""num_orders"":2},{""price"":78937.17,""size"":0.00405375,""num_orders"":1},{""price"":78936.51,""size"":0.00050673,""num_orders"":1},{""price"":78936.48,""size"":0.00126669,""num_orders"":1},{""price"":78936.35,""size"":0.06975161,""num_orders"":1},{""price"":78936.34,""size"":0.10134748,""num_orders"":1},{""price"":78934.51,""size"":0.00506719,""num_orders"":1},{""price"":78934.39,""size"":0.01042219,""num_orders"":1}]","[{""price"":78939.16,""size"":0.00282846,""num_orders"":2},{""price"":78940.74,""size"":0.02533546,""num_orders"":2},{""price"":78942.04,""size"":0.025,""num_orders"":1},{""price"":78942.74,""size"":0.00194394,""num_orders"":1},{""price"":78942.75,""size"":0.10184595,""num_orders"":2},{""price"":78943.47,""size"":0.07590029,""num_orders"":1},{""price"":78943.49,""size"":0.15186645,""num_orders"":1},{""price"":78944.3,""size"":0.1,""num_orders"":2},{""price"":78945.17,""size"":0.03168181,""num_orders"":1},{""price"":78945.4,""size"":0.04,""num_orders"":1}]"
btc_usd_d10_20260826T231240Z,52,2026-08-27T00:04:40.081050Z,2026-08-27T00:04:40.081171Z,BTC-USD,10,ok,,135058898200,2026-08-27T00:04:37.546936875Z,0.15443456,2.22085353,-0.869965617518,78888,78888.009999999995,78888.005000000005,0.009999999995,0.001267619836,"[{""price"":78888.0,""size"":5.982e-05,""num_orders"":1},{""price"":78885.01,""size"":1e-07,""num_orders"":1},{""price"":78884.11,""size"":0.00526014,""num_orders"":1},{""price"":78883.1,""size"":0.00499998,""num_orders"":1},{""price"":78882.14,""size"":0.00499998,""num_orders"":1},{""price"":78880.0,""size"":1.4e-05,""num_orders"":1},{""price"":78878.68,""size"":0.11359332,""num_orders"":1},{""price"":78877.51,""size"":1e-07,""num_orders"":1},{""price"":78876.2,""size"":0.025,""num_orders"":1},{""price"":78875.76,""size"":0.00050712,""num_orders"":1}]","[{""price"":78888.01,""size"":0.65540558,""num_orders"":11},{""price"":78888.82,""size"":0.55553803,""num_orders"":1},{""price"":78889.86,""size"":0.0031744,""num_orders"":1},{""price"":78889.87,""size"":0.15186645,""num_orders"":1},{""price"":78889.99,""size"":0.00405638,""num_orders"":1},{""price"":78892.65,""size"":0.00507047,""num_orders"":1},{""price"":78892.77,""size"":0.00010025,""num_orders"":1},{""price"":78892.78,""size"":0.73396476,""num_orders"":7},{""price"":78892.96,""size"":0.03168858,""num_orders"":1},{""price"":78893.99,""size"":0.07998863,""num_orders"":1}]"
btc_usd_d10_20260826T231240Z,53,2026-08-27T00:05:40.081050Z,2026-08-27T00:05:40.081175Z,BTC-USD,10,ok,,135058960581,2026-08-27T00:05:38.673457858Z,0.55587569,0.4774875,0.075857346922,78867.600000000006,78867.610000000001,78867.60500000001,0.009999999995,0.00126794772,"[{""price"":78867.6,""size"":0.20116129,""num_orders"":4},{""price"":78867.46,""size"":0.13338736,""num_orders"":1},{""price"":78867.45,""size"":0.10194319,""num_orders"":2},{""price"":78867.11,""size"":0.00455374,""num_orders"":1},{""price"":78866.02,""size"":0.02535946,""num_orders"":2},{""price"":78865.44,""size"":0.00405743,""num_orders"":1},{""price"":78864.1,""size"":0.07590029,""num_orders"":1},{""price"":78862.77,""size"":0.00507179,""num_orders"":1},{""price"":78862.74,""size"":0.0012679,""num_orders"":1},{""price"":78861.31,""size"":0.00317324,""num_orders"":1}]","[{""price"":78867.61,""size"":0.00100142,""num_orders"":2},{""price"":78869.19,""size"":0.02535844,""num_orders"":2},{""price"":78870.14,""size"":1.4e-05,""num_orders"":1},{""price"":78872.8,""size"":0.07590029,""num_orders"":1},{""price"":78872.81,""size"":0.14,""num_orders"":3},{""price"":78875.4,""size"":0.00126802,""num_orders"":1},{""price"":78876.64,""size"":0.10760706,""num_orders"":2},{""price"":78877.42,""size"":0.00633827,""num_orders"":1},{""price"":78877.43,""size"":0.08,""num_orders"":1},{""price"":78877.63,""size"":0.04,""num_orders"":1}]"
btc_usd_d10_20260826T231240Z,54,2026-08-27T00:06:40.081050Z,2026-08-27T00:06:40.081180Z,BTC-USD,10,ok,,135059008490,2026-08-27T00:06:38.531841603Z,1.04845807,0.62034935,0.256535724176,78887.139999999999,78887.149999999994,78887.14499999999,0.009999999995,0.001267633655,"[{""price"":78887.14,""size"":0.5415359,""num_orders"":9},{""price"":78886.96,""size"":0.0031463,""num_orders"":1},{""price"":78886.95,""size"":0.19411818,""num_orders"":1},{""price"":78886.94,""size"":0.07590029,""num_orders"":1},{""price"":78886.92,""size"":0.10191802,""num_orders"":2},{""price"":78886.46,""size"":0.025,""num_orders"":1},{""price"":78885.56,""size"":0.02535318,""num_orders"":2},{""price"":78885.16,""size"":0.00405642,""num_orders"":1},{""price"":78884.52,""size"":0.00152949,""num_orders"":1},{""price"":78883.79,""size"":0.07590029,""num_orders"":1}]","[{""price"":78887.15,""size"":0.00141633,""num_orders"":1},{""price"":78887.16,""size"":0.03,""num_orders"":1},{""price"":78887.18,""size"":0.03,""num_orders"":1},{""price"":78887.3,""size"":2.535e-05,""num_orders"":1},{""price"":78888.73,""size"":0.02535216,""num_orders"":2},{""price"":78888.85,""size"":0.00082396,""num_orders"":1},{""price"":78889.38,""size"":0.00405642,""num_orders"":1},{""price"":78890.04,""size"":0.25350502,""num_orders"":1},{""price"":78890.72,""size"":0.25350502,""num_orders"":1},{""price"":78891.7,""size"":0.02166509,""num_orders"":4}]"
btc_usd_d10_20260826T231240Z,55,2026-08-27T00:07:40.081050Z,2026-08-27T00:07:40.081215Z,BTC-USD,10,ok,,135059058900,2026-08-27T00:07:38.750090861Z,0.45245755,0.50982316,-0.059614215898,78927.119999999995,78928.490000000005,78927.804999999993,1.37000000001,0.173576346132,"[{""price"":78927.12,""size"":0.00713166,""num_orders"":1},{""price"":78927.1,""size"":0.0225575,""num_orders"":2},{""price"":78925.9,""size"":0.00242566,""num_orders"":1},{""price"":78925.11,""size"":0.00405433,""num_orders"":1},{""price"":78924.75,""size"":0.10099308,""num_orders"":2},{""price"":78923.44,""size"":0.025,""num_orders"":1},{""price"":78923.02,""size"":0.10187141,""num_orders"":2},{""price"":78922.45,""size"":0.00506792,""num_orders"":1},{""price"":78922.2,""size"":0.07590029,""num_orders"":1},{""price"":78920.61,""size"":0.1074557,""num_orders"":1}]","[{""price"":78928.49,""size"":0.06158726,""num_orders"":3},{""price"":78928.51,""size"":0.00301967,""num_orders"":2},{""price"":78928.52,""size"":0.14,""num_orders"":3},{""price"":78929.3,""size"":1.4e-05,""num_orders"":1},{""price"":78929.65,""size"":0.10186286,""num_orders"":2},{""price"":78931.99,""size"":0.04719645,""num_orders"":1},{""price"":78932.65,""size"":0.03170677,""num_orders"":1},{""price"":78933.17,""size"":0.02853586,""num_orders"":1},{""price"":78934.01,""size"":0.07590029,""num_orders"":1},{""price"":78937.16,""size"":0.02,""num_orders"":1}]"
btc_usd_d10_20260826T231240Z,56,2026-08-27T00:08:40.081050Z,2026-08-27T00:08:40.081214Z,BTC-USD,10,ok,,135059113584,2026-08-27T00:08:39.046496917Z,0.54834434,0.74603944,-0.152732986194,78978.619999999995,78983.899999999994,78981.259999999995,5.279999999999,0.668513011821,"[{""price"":78978.62,""size"":0.18121599,""num_orders"":4},{""price"":78978.61,""size"":0.10129323,""num_orders"":1},{""price"":78978.32,""size"":0.025,""num_orders"":1},{""price"":78977.57,""size"":0.07590029,""num_orders"":1},{""price"":78977.04,""size"":0.02532382,""num_orders"":2},{""price"":78976.14,""size"":0.05219021,""num_orders"":1},{""price"":78975.55,""size"":0.000926,""num_orders"":1},{""price"":78975.44,""size"":0.01042348,""num_orders"":1},{""price"":78974.96,""size"":0.00017103,""num_orders"":2},{""price"":78974.63,""size"":0.07590029,""num_orders"":1}]","[{""price"":78983.9,""size"":0.00158715,""num_orders"":1},{""price"":78984.23,""size"":0.07590029,""num_orders"":1},{""price"":78986.17,""size"":0.10178997,""num_orders"":2},{""price"":78986.95,""size"":0.07590029,""num_orders"":1},{""price"":78987.28,""size"":0.01042348,""num_orders"":1},{""price"":78989.07,""size"":0.00506446,""num_orders"":1},{""price"":78989.49,""size"":0.07590029,""num_orders"":1},{""price"":78991.23,""size"":0.14,""num_orders"":3},{""price"":78991.82,""size"":0.18357322,""num_orders"":2},{""price"":78991.86,""size"":0.07590029,""num_orders"":1}]"
btc_usd_d10_20260826T231240Z,57,2026-08-27T00:09:40.081050Z,2026-08-27T00:09:40.081233Z,BTC-USD,10,ok,,135059167594,2026-08-27T00:09:38.611832108Z,0.68192657,0.63075739,0.038980578387,78951.759999999995,78951.770000000004,78951.764999999999,0.010000000009,0.001266596131,"[{""price"":78951.76,""size"":0.01604422,""num_orders"":3},{""price"":78948.5,""size"":0.00181963,""num_orders"":1},{""price"":78948.49,""size"":0.07590029,""num_orders"":1},{""price"":78948.07,""size"":0.025,""num_orders"":1},{""price"":78947.68,""size"":0.21017103,""num_orders"":2},{""price"":78947.31,""size"":0.10184006,""num_orders"":2},{""price"":78945.95,""size"":0.07590029,""num_orders"":1},{""price"":78945.94,""size"":0.0133846,""num_orders"":1},{""price"":78945.02,""size"":0.15186645,""num_orders"":1},{""price"":78945.0,""size"":0.01,""num_orders"":1}]","[{""price"":78951.77,""size"":0.06482482,""num_orders"":5},{""price"":78953.75,""size"":0.0040531,""num_orders"":1},{""price"":78954.31,""size"":0.00135491,""num_orders"":1},{""price"":78954.32,""size"":0.00050662,""num_orders"":1},{""price"":78954.33,""size"":0.1013244,""num_orders"":1},{""price"":78956.25,""size"":0.15186645,""num_orders"":1},{""price"":78956.26,""size"":0.15186645,""num_orders"":1},{""price"":78956.41,""size"":0.00506638,""num_orders"":1},{""price"":78957.33,""size"":0.07399397,""num_orders"":1},{""price"":78959.73,""size"":0.07590029,""num_orders"":1}]"
btc_usd_d10_20260826T231240Z,58,2026-08-27T00:10:40.081050Z,2026-08-27T00:10:40.081177Z,BTC-USD,10,ok,,135059223615,2026-08-27T00:10:38.633321371Z,0.63981791,0.22808656,0.474397084278,78909.580000000002,78911.009999999995,78910.294999999998,1.429999999993,0.181218432904,"[{""price"":78909.58,""size"":1.4e-05,""num_orders"":1},{""price"":78909.14,""size"":0.20308896,""num_orders"":2},{""price"":78909.13,""size"":0.10188934,""num_orders"":2},{""price"":78907.75,""size"":0.025,""num_orders"":1},{""price"":78906.63,""size"":0.07590029,""num_orders"":1},{""price"":78906.23,""size"":0.01041771,""num_orders"":1},{""price"":78905.2,""size"":0.14269024,""num_orders"":1},{""price"":78904.13,""size"":0.00364985,""num_orders"":1},{""price"":78904.12,""size"":0.07590029,""num_orders"":1},{""price"":78902.74,""size"":0.00126723,""num_orders"":1}]","[{""price"":78911.01,""size"":0.00405523,""num_orders"":1},{""price"":78911.02,""size"":0.00158715,""num_orders"":1},{""price"":78911.04,""size"":0.03,""num_orders"":1},{""price"":78911.12,""size"":0.00084836,""num_orders"":1},{""price"":78911.99,""size"":0.00469121,""num_orders"":1},{""price"":78913.31,""size"":0.00405522,""num_orders"":1},{""price"":78916.24,""size"":0.07590029,""num_orders"":1},{""price"":78916.25,""size"":0.00050686,""num_orders"":1},{""price"":78916.26,""size"":0.10137328,""num_orders"":1},{""price"":78916.68,""size"":0.00506896,""num_orders"":1}]"
btc_usd_d10_20260826T231240Z,59,2026-08-27T00:11:40.081050Z,2026-08-27T00:11:40.081209Z,BTC-USD,10,ok,,135059278633,2026-08-27T00:11:38.604329855Z,0.79644229,0.85447522,-0.035151925913,78870.220000000001,78875.410000000003,78872.815000000002,5.190000000002,0.658021398121,"[{""price"":78870.22,""size"":0.07590029,""num_orders"":1},{""price"":78869.27,""size"":0.10143367,""num_orders"":1},{""price"":78869.26,""size"":0.00050716,""num_orders"":1},{""price"":78869.07,""size"":0.025,""num_orders"":1},{""price"":78868.11,""size"":0.0012896,""num_orders"":1},{""price"":78867.83,""size"":0.07590029,""num_orders"":1},{""price"":78867.15,""size"":0.15186645,""num_orders"":1},{""price"":78865.47,""size"":0.13677809,""num_orders"":2},{""price"":78865.46,""size"":0.07590029,""num_orders"":1},{""price"":78864.72,""size"":0.15186645,""num_orders"":1}]","[{""price"":78875.41,""size"":0.00317437,""num_orders"":1},{""price"":78875.42,""size"":0.10193288,""num_orders"":2},{""price"":78878.54,""size"":0.14,""num_orders"":3},{""price"":78880.0,""size"":1.4e-05,""num_orders"":1},{""price"":78880.46,""size"":0.07590029,""num_orders"":1},{""price"":78880.47,""size"":0.13018363,""num_orders"":2},{""price"":78882.03,""size"":0.18357508,""num_orders"":2},{""price"":78883.7,""size"":0.00634076,""num_orders"":1},{""price"":78883.71,""size"":0.13745392,""num_orders"":1},{""price"":78883.72,""size"":0.07590029,""num_orders"":1}]"
btc_usd_d10_20260827T084411Z,0,2026-08-27T08:44:11.793200Z,2026-08-27T08:44:11.793233Z,BTC-USD,10,ok,,135079207478,2026-08-27T08:44:09.578389219Z,0.30703281,1.03638868,-0.542909187793,79936.029999999999,79936.039999999994,79936.035000000003,0.009999999995,0.001251000252,"[{""price"":79936.03,""size"":0.01867305,""num_orders"":1},{""price"":79935.32,""size"":0.00282782,""num_orders"":1},{""price"":79934.43,""size"":0.0250205,""num_orders"":2},{""price"":79934.03,""size"":0.0040032,""num_orders"":1},{""price"":79932.74,""size"":0.10058455,""num_orders"":2},{""price"":79931.34,""size"":0.03774289,""num_orders"":2},{""price"":79931.33,""size"":0.005004,""num_orders"":1},{""price"":79928.38,""size"":0.0012508,""num_orders"":1},{""price"":79927.51,""size"":0.091926,""num_orders"":1},{""price"":79925.15,""size"":0.02,""num_orders"":1}]","[{""price"":79936.04,""size"":0.06706774,""num_orders"":2},{""price"":79937.64,""size"":0.0250195,""num_orders"":2},{""price"":79939.38,""size"":0.06004398,""num_orders"":1},{""price"":79939.39,""size"":0.10057618,""num_orders"":2},{""price"":79939.93,""size"":0.29296038,""num_orders"":1},{""price"":79939.94,""size"":0.10002174,""num_orders"":1},{""price"":79940.75,""size"":0.15065865,""num_orders"":1},{""price"":79941.96,""size"":1.877e-05,""num_orders"":1},{""price"":79942.56,""size"":0.14,""num_orders"":3},{""price"":79942.83,""size"":0.10002174,""num_orders"":1}]"
btc_usd_d10_20260827T084411Z,1,2026-08-27T08:45:11.793200Z,2026-08-27T08:45:11.793341Z,BTC-USD,10,ok,,135079265937,2026-08-27T08:45:10.189497878Z,0.77046458,0.95774288,-0.108365635686,79936.020000000004,79937.259999999995,79936.639999999999,1.239999999991,0.155122857302,"[{""price"":79936.02,""size"":0.1196,""num_orders"":3},{""price"":79935.02,""size"":0.00049568,""num_orders"":4},{""price"":79930.42,""size"":0.15052028,""num_orders"":2},{""price"":79930.41,""size"":0.10058748,""num_orders"":2},{""price"":79930.0,""size"":0.01,""num_orders"":1},{""price"":79928.02,""size"":0.00625634,""num_orders"":1},{""price"":79928.01,""size"":0.15065865,""num_orders"":1},{""price"":79928.0,""size"":0.09063831,""num_orders"":1},{""price"":79927.96,""size"":0.03770784,""num_orders"":1},{""price"":79927.94,""size"":0.104,""num_orders"":1}]","[{""price"":79937.26,""size"":0.0596,""num_orders"":1},{""price"":79938.26,""size"":0.15784631,""num_orders"":1},{""price"":79938.27,""size"":0.10002174,""num_orders"":1},{""price"":79939.77,""size"":0.10559055,""num_orders"":6},{""price"":79941.12,""size"":0.06258827,""num_orders"":1},{""price"":79941.77,""size"":0.00400313,""num_orders"":1},{""price"":79942.43,""size"":0.10002174,""num_orders"":1},{""price"":79944.47,""size"":0.00500391,""num_orders"":1},{""price"":79945.3,""size"":0.26304549,""num_orders"":1},{""price"":79945.31,""size"":0.10002174,""num_orders"":1}]"
btc_usd_d10_20260827T084411Z,2,2026-08-27T08:46:11.793200Z,2026-08-27T08:46:11.793335Z,BTC-USD,10,ok,,135079357645,2026-08-27T08:46:10.544600848Z,1.00875462,0.67922331,0.195222522844,79968.190000000002,79968.199999999997,79968.195000000007,0.009999999995,0.00125049715,"[{""price"":79968.19,""size"":0.1256485,""num_orders"":3},{""price"":79968.18,""size"":0.09561868,""num_orders"":1},{""price"":79968.17,""size"":0.29439437,""num_orders"":1},{""price"":79968.16,""size"":0.09561868,""num_orders"":1},{""price"":79968.15,""size"":0.09561868,""num_orders"":1},{""price"":79968.14,""size"":0.09561868,""num_orders"":1},{""price"":79968.13,""size"":0.09561868,""num_orders"":1},{""price"":79966.09,""size"":7.34e-05,""num_orders"":1},{""price"":79965.0,""size"":0.01,""num_orders"":1},{""price"":79964.22,""size"":0.10054495,""num_orders"":2}]","[{""price"":79968.2,""size"":0.02468,""num_orders"":1},{""price"":79970.49,""size"":0.10053709,""num_orders"":2},{""price"":79971.96,""size"":0.0750279,""num_orders"":1},{""price"":79973.6,""size"":0.15065865,""num_orders"":1},{""price"":79974.39,""size"":0.0750279,""num_orders"":1},{""price"":79976.08,""size"":0.09468703,""num_orders"":1},{""price"":79976.72,""size"":0.03127036,""num_orders"":1},{""price"":79976.74,""size"":0.104,""num_orders"":1},{""price"":79978.05,""size"":0.02,""num_orders"":1},{""price"":79978.06,""size"":0.00333438,""num_orders"":2}]"
btc_usd_d10_20260827T084411Z,3,2026-08-27T08:47:11.793200Z,2026-08-27T08:47:11.793333Z,BTC-USD,10,ok,,135079434134,2026-08-27T08:47:10.604705226Z,1.49574049,0.26428564,0.699679867821,79850.220000000001,79850.229999999996,79850.225000000006,0.009999999995,0.001252344623,"[{""price"":79850.22,""size"":0.15065865,""num_orders"":1},{""price"":79848.23,""size"":0.15065865,""num_orders"":1},{""price"":79847.04,""size"":0.10069251,""num_orders"":2},{""price"":79846.17,""size"":0.0750279,""num_orders"":1},{""price"":79843.1,""size"":0.06348819,""num_orders"":1},{""price"":79843.09,""size"":0.0750279,""num_orders"":1},{""price"":79842.15,""size"":0.03131748,""num_orders"":1},{""price"":79839.7,""size"":0.0750279,""num_orders"":1},{""price"":79839.69,""size"":0.77374337,""num_orders"":1},{""price"":79837.47,""size"":9.794e-05,""num_orders"":1}]","[{""price"":79850.23,""size"":0.00400784,""num_orders"":1},{""price"":79852.92,""size"":0.00500981,""num_orders"":1},{""price"":79855.85,""size"":0.0005009,""num_orders"":1},{""price"":79855.86,""size"":0.10018051,""num_orders"":1},{""price"":79856.14,""size"":1.4e-05,""num_orders"":1},{""price"":79856.43,""size"":0.00625256,""num_orders"":1},{""price"":79856.44,""size"":0.03301631,""num_orders"":1},{""price"":79856.47,""size"":0.04591235,""num_orders"":1},{""price"":79858.42,""size"":0.00939136,""num_orders"":1},{""price"":79859.11,""size"":0.06,""num_orders"":2}]"
btc_usd_d10_20260827T084411Z,4,2026-08-27T08:48:11.793200Z,2026-08-27T08:48:11.793326Z,BTC-USD,10,ok,,135079499987,2026-08-27T08:48:11.045375489Z,0.50914413,0.20782173,0.420274404698,79843.570000000007,79843.580000000002,79843.575000000012,0.009999999995,0.001252448928,"[{""price"":79843.57,""size"":0.0596,""num_orders"":1},{""price"":79841.97,""size"":0.02504948,""num_orders"":2},{""price"":79839.99,""size"":0.00207664,""num_orders"":2},{""price"":79837.96,""size"":0.06012863,""num_orders"":1},{""price"":79837.95,""size"":0.10070398,""num_orders"":2},{""price"":79836.42,""size"":1.4e-05,""num_orders"":1},{""price"":79835.1,""size"":0.09591321,""num_orders"":1},{""price"":79835.09,""size"":0.15065865,""num_orders"":1},{""price"":79835.0,""size"":0.01,""num_orders"":1},{""price"":79831.14,""size"":0.00499954,""num_orders"":1}]","[{""price"":79843.58,""size"":0.00400787,""num_orders"":1},{""price"":79844.49,""size"":0.10019477,""num_orders"":1},{""price"":79845.17,""size"":0.01764571,""num_orders"":1},{""price"":79845.18,""size"":0.02504848,""num_orders"":2},{""price"":79845.58,""size"":0.00400787,""num_orders"":1},{""price"":79846.34,""size"":0.00050096,""num_orders"":1},{""price"":79848.27,""size"":0.00500984,""num_orders"":1},{""price"":79849.94,""size"":0.00125233,""num_orders"":1},{""price"":79851.98,""size"":0.00081412,""num_orders"":1},{""price"":79853.94,""size"":0.04933978,""num_orders"":1}]"
btc_usd_d10_20260827T084411Z,5,2026-08-27T08:49:11.793200Z,2026-08-27T08:49:11.793370Z,BTC-USD,10,ok,,135079560614,2026-08-27T08:49:11.547753681Z,1.04868198,0.60391143,0.269134892653,79865.990000000005,79866,79865.994999999995,0.009999999995,0.001252097341,"[{""price"":79865.99,""size"":0.06488402,""num_orders"":3},{""price"":79865.49,""size"":9.65e-05,""num_orders"":1},{""price"":79865.42,""size"":0.01785083,""num_orders"":1},{""price"":79864.4,""size"":0.03,""num_orders"":1},{""price"":79864.38,""size"":0.03,""num_orders"":1},{""price"":79864.35,""size"":0.10067068,""num_orders"":2},{""price"":79864.25,""size"":0.40038027,""num_orders"":1},{""price"":79864.24,""size"":0.25048143,""num_orders"":1},{""price"":79863.99,""size"":0.00400671,""num_orders"":1},{""price"":79863.05,""size"":0.15031154,""num_orders"":1}]","[{""price"":79866.0,""size"":0.00096255,""num_orders"":3},{""price"":79871.27,""size"":0.0750279,""num_orders"":1},{""price"":79871.51,""size"":0.10066168,""num_orders"":2},{""price"":79874.14,""size"":0.0515176,""num_orders"":1},{""price"":79874.15,""size"":0.0750279,""num_orders"":1},{""price"":79874.59,""size"":0.00125224,""num_orders"":1},{""price"":79875.0,""size"":0.01,""num_orders"":1},{""price"":79875.86,""size"":1.4e-05,""num_orders"":1},{""price"":79876.57,""size"":0.02,""num_orders"":1},{""price"":79876.58,""size"":0.26944756,""num_orders"":1}]"
btc_usd_d10_20260827T084411Z,6,2026-08-27T08:50:11.793200Z,2026-08-27T08:50:11.793336Z,BTC-USD,10,ok,,135079620321,2026-08-27T08:50:09.186967922Z,1.16407955,0.49829816,0.40049946892,79816.690000000002,79816.699999999997,79816.695000000007,0.009999999995,0.001252870718,"[{""price"":79816.69,""size"":0.49263344,""num_orders"":7},{""price"":79815.95,""size"":0.0750279,""num_orders"":1},{""price"":79815.94,""size"":0.25432392,""num_orders"":1},{""price"":79815.93,""size"":0.15031154,""num_orders"":1},{""price"":79815.89,""size"":0.00198192,""num_orders"":3},{""price"":79815.09,""size"":0.02505792,""num_orders"":2},{""price"":79814.69,""size"":0.00400918,""num_orders"":1},{""price"":79814.66,""size"":0.03,""num_orders"":1},{""price"":79814.64,""size"":0.03,""num_orders"":1},{""price"":79814.36,""size"":0.10073373,""num_orders"":2}]","[{""price"":79816.7,""size"":0.00024549,""num_orders"":2},{""price"":79818.4,""size"":0.02505688,""num_orders"":2},{""price"":79821.11,""size"":0.10072524,""num_orders"":2},{""price"":79821.36,""size"":0.00626639,""num_orders"":1},{""price"":79825.0,""size"":0.01,""num_orders"":1},{""price"":79826.56,""size"":1.4e-05,""num_orders"":1},{""price"":79827.05,""size"":0.11235421,""num_orders"":1},{""price"":79827.06,""size"":0.048198,""num_orders"":1},{""price"":79827.66,""size"":0.14,""num_orders"":3},{""price"":79828.1,""size"":0.05543795,""num_orders"":1}]"
btc_usd_d10_20260827T084411Z,7,2026-08-27T08:51:11.793200Z,2026-08-27T08:51:11.793325Z,BTC-USD,10,ok,,135079677420,2026-08-27T08:51:10.173146122Z,0.82375687,0.81125022,0.007649294047,79802.800000000003,79802.809999999998,79802.804999999993,0.009999999995,0.001253088785,"[{""price"":79802.8,""size"":0.18103938,""num_orders"":9},{""price"":79802.78,""size"":0.03,""num_orders"":1},{""price"":79801.2,""size"":0.02506228,""num_orders"":2},{""price"":79800.83,""size"":0.0750279,""num_orders"":1},{""price"":79800.82,""size"":0.15031154,""num_orders"":1},{""price"":79800.81,""size"":0.09599544,""num_orders"":1},{""price"":79800.8,""size"":0.16079639,""num_orders"":3},{""price"":79798.61,""size"":0.00172681,""num_orders"":1},{""price"":79798.11,""size"":0.00501235,""num_orders"":1},{""price"":79797.87,""size"":0.09878478,""num_orders"":2}]","[{""price"":79802.81,""size"":0.01428734,""num_orders"":2},{""price"":79804.16,""size"":0.10074663,""num_orders"":2},{""price"":79804.41,""size"":0.02506128,""num_orders"":2},{""price"":79806.84,""size"":1.4e-05,""num_orders"":1},{""price"":79808.88,""size"":0.00626539,""num_orders"":1},{""price"":79810.38,""size"":0.09931999,""num_orders"":1},{""price"":79810.39,""size"":0.0750279,""num_orders"":1},{""price"":79810.41,""size"":0.03133725,""num_orders"":1},{""price"":79810.43,""size"":0.14,""num_orders"":3},{""price"":79812.37,""size"":0.31919044,""num_orders"":1}]"
btc_usd_d10_20260827T084411Z,8,2026-08-27T08:52:11.793200Z,2026-08-27T08:52:11.793293Z,BTC-USD,10,ok,,135079740040,2026-08-27T08:52:10.546416226Z,0.41689827,2.32500395,-0.695905808049,79853.899999999994,79853.910000000003,79853.904999999999,0.010000000009,0.001252286912,"[{""price"":79853.9,""size"":0.03,""num_orders"":1},{""price"":79853.88,""size"":0.03,""num_orders"":1},{""price"":79849.32,""size"":0.03799424,""num_orders"":2},{""price"":79848.33,""size"":0.03491868,""num_orders"":1},{""price"":79848.32,""size"":0.03491868,""num_orders"":1},{""price"":79848.31,""size"":0.03491868,""num_orders"":1},{""price"":79848.3,""size"":0.03491868,""num_orders"":1},{""price"":79847.32,""size"":0.00400754,""num_orders"":1},{""price"":79845.2,""size"":0.0750279,""num_orders"":1},{""price"":79845.19,""size"":0.10019387,""num_orders"":1}]","[{""price"":79853.91,""size"":0.17371232,""num_orders"":4},{""price"":79855.22,""size"":0.01405165,""num_orders"":3},{""price"":79856.88,""size"":0.03104441,""num_orders"":1},{""price"":79858.09,""size"":0.05200068,""num_orders"":1},{""price"":79860.14,""size"":0.00049023,""num_orders"":2},{""price"":79860.76,""size"":0.83786273,""num_orders"":1},{""price"":79860.77,""size"":0.0750279,""num_orders"":1},{""price"":79861.42,""size"":0.14,""num_orders"":3},{""price"":79863.0,""size"":1.0,""num_orders"":1},{""price"":79863.13,""size"":0.00081403,""num_orders"":1}]"
btc_usd_d10_20260827T084411Z,9,2026-08-27T08:53:11.793200Z,2026-08-27T08:53:11.793366Z,BTC-USD,10,ok,,135079803533,2026-08-27T08:53:10.617879207Z,0.94121347,1.14850312,-0.099195101858,79796.970000000001,79796.979999999996,79796.975000000006,0.009999999995,0.001253180336,"[{""price"":79796.97,""size"":0.67822469,""num_orders"":8},{""price"":79796.91,""size"":0.00089028,""num_orders"":1},{""price"":79794.99,""size"":0.00230152,""num_orders"":2},{""price"":79794.97,""size"":0.00401017,""num_orders"":1},{""price"":79794.48,""size"":0.03,""num_orders"":1},{""price"":79794.46,""size"":0.03,""num_orders"":1},{""price"":79794.42,""size"":0.10025763,""num_orders"":1},{""price"":79794.41,""size"":0.00050128,""num_orders"":1},{""price"":79792.5,""size"":0.0750279,""num_orders"":1},{""price"":79791.32,""size"":0.02,""num_orders"":1}]","[{""price"":79796.98,""size"":0.0041999,""num_orders"":3},{""price"":79799.7,""size"":0.00626685,""num_orders"":1},{""price"":79800.91,""size"":0.10075073,""num_orders"":2},{""price"":79804.39,""size"":0.0750279,""num_orders"":1},{""price"":79804.4,""size"":0.08920138,""num_orders"":1},{""price"":79804.42,""size"":0.00940204,""num_orders"":1},{""price"":79806.84,""size"":1.4e-05,""num_orders"":1},{""price"":79807.88,""size"":0.0750279,""num_orders"":1},{""price"":79807.89,""size"":0.14,""num_orders"":3},{""price"":79808.13,""size"":0.64861242,""num_orders"":2}]"
btc_usd_d10_20260827T084411Z,10,2026-08-27T08:54:11.793200Z,2026-08-27T08:54:11.793329Z,BTC-USD,10,ok,,135079852339,2026-08-27T08:54:11.128932319Z,1.14045539,1.1663818,-0.011238942268,79831.990000000005,79832,79831.994999999995,0.009999999995,0.001252630602,"[{""price"":79831.99,""size"":0.39999965,""num_orders"":4},{""price"":79826.57,""size"":0.15031154,""num_orders"":1},{""price"":79826.55,""size"":0.15031154,""num_orders"":1},{""price"":79826.54,""size"":0.0750279,""num_orders"":1},{""price"":79824.06,""size"":0.0750279,""num_orders"":1},{""price"":79823.08,""size"":0.10022163,""num_orders"":1},{""price"":79823.07,""size"":0.0005011,""num_orders"":1},{""price"":79822.57,""size"":0.104,""num_orders"":1},{""price"":79821.39,""size"":0.07505413,""num_orders"":2},{""price"":79820.0,""size"":0.01,""num_orders"":1}]","[{""price"":79832.0,""size"":0.15012088,""num_orders"":8},{""price"":79832.89,""size"":0.09744822,""num_orders"":2},{""price"":79832.9,""size"":0.10020931,""num_orders"":1},{""price"":79832.91,""size"":0.00050104,""num_orders"":1},{""price"":79836.16,""size"":0.0750279,""num_orders"":1},{""price"":79836.17,""size"":0.27778752,""num_orders"":1},{""price"":79836.18,""size"":0.14,""num_orders"":3},{""price"":79836.42,""size"":1.4e-05,""num_orders"":1},{""price"":79838.67,""size"":0.0750279,""num_orders"":1},{""price"":79838.68,""size"":0.25024503,""num_orders"":1}]"
btc_usd_d10_20260827T084411Z,11,2026-08-27T08:55:11.793200Z,2026-08-27T08:55:11.793328Z,BTC-USD,10,ok,,135079910364,2026-08-27T08:55:09.047718696Z,0.41495475,0.83519177,-0.336150213817,79765.690000000002,79765.699999999997,79765.695000000007,0.009999999995,0.001253671769,"[{""price"":79765.69,""size"":0.15759243,""num_orders"":4},{""price"":79764.09,""size"":0.02507394,""num_orders"":2},{""price"":79762.12,""size"":0.005,""num_orders"":1},{""price"":79760.0,""size"":0.01,""num_orders"":1},{""price"":79757.54,""size"":1.4e-05,""num_orders"":1},{""price"":79757.31,""size"":0.10080579,""num_orders"":2},{""price"":79757.19,""size"":0.0750279,""num_orders"":1},{""price"":79755.0,""size"":0.01,""num_orders"":1},{""price"":79754.58,""size"":9.956e-05,""num_orders"":1},{""price"":79754.52,""size"":0.03134113,""num_orders"":1}]","[{""price"":79765.7,""size"":0.29214227,""num_orders"":9},{""price"":79767.27,""size"":0.01736355,""num_orders"":1},{""price"":79767.3,""size"":0.02507294,""num_orders"":2},{""price"":79767.7,""size"":0.00401174,""num_orders"":1},{""price"":79768.33,""size"":0.22864284,""num_orders"":1},{""price"":79768.34,""size"":0.15031154,""num_orders"":1},{""price"":79768.36,""size"":0.0750279,""num_orders"":1},{""price"":79770.02,""size"":0.03134113,""num_orders"":1},{""price"":79770.39,""size"":0.00501468,""num_orders"":1},{""price"":79771.0,""size"":0.00626318,""num_orders"":1}]"
btc_usd_d10_20260827T084411Z,12,2026-08-27T08:56:11.793200Z,2026-08-27T08:56:11.793335Z,BTC-USD,10,ok,,135079984235,2026-08-27T08:56:09.650985009Z,1.10207102,0.2250601,0.660832156509,79731.940000000002,79731.949999999997,79731.945000000007,0.009999999995,0.00125420244,"[{""price"":79731.94,""size"":0.62307124,""num_orders"":8},{""price"":79728.25,""size"":0.0750279,""num_orders"":1},{""price"":79727.96,""size"":1.4e-05,""num_orders"":1},{""price"":79727.23,""size"":0.06271383,""num_orders"":1},{""price"":79727.09,""size"":0.100844,""num_orders"":2},{""price"":79725.2,""size"":0.0750279,""num_orders"":1},{""price"":79725.0,""size"":0.01,""num_orders"":1},{""price"":79724.82,""size"":0.03137215,""num_orders"":1},{""price"":79723.96,""size"":0.104,""num_orders"":1},{""price"":79723.03,""size"":0.02,""num_orders"":1}]","[{""price"":79731.95,""size"":0.00841603,""num_orders"":1},{""price"":79731.96,""size"":0.03,""num_orders"":1},{""price"":79731.98,""size"":0.03,""num_orders"":1},{""price"":79733.95,""size"":0.00401344,""num_orders"":1},{""price"":79735.3,""size"":0.10033197,""num_orders"":1},{""price"":79735.31,""size"":0.00050165,""num_orders"":1},{""price"":79736.86,""size"":0.03844282,""num_orders"":1},{""price"":79737.63,""size"":0.00501677,""num_orders"":1},{""price"":79737.87,""size"":0.00206807,""num_orders"":1},{""price"":79740.12,""size"":0.00626935,""num_orders"":1}]"
btc_usd_d10_20260827T084411Z,13,2026-08-27T08:57:11.793200Z,2026-08-27T08:57:11.793325Z,BTC-USD,10,ok,,135080045952,2026-08-27T08:57:10.624651642Z,0.45104732,0.70679563,-0.220883419465,79781.460000000006,79781.470000000001,79781.464999999997,0.009999999995,0.001253423962,"[{""price"":79781.46,""size"":0.00488902,""num_orders"":1},{""price"":79779.86,""size"":0.02506898,""num_orders"":2},{""price"":79779.46,""size"":0.00401095,""num_orders"":1},{""price"":79778.54,""size"":0.00081472,""num_orders"":1},{""price"":79776.77,""size"":0.00501369,""num_orders"":1},{""price"":79775.69,""size"":0.0750279,""num_orders"":1},{""price"":79775.68,""size"":0.15031154,""num_orders"":1},{""price"":79775.67,""size"":0.10078259,""num_orders"":2},{""price"":79772.02,""size"":0.07512793,""num_orders"":2},{""price"":79770.0,""size"":0.01,""num_orders"":1}]","[{""price"":79781.47,""size"":0.18205682,""num_orders"":6},{""price"":79782.03,""size"":0.00626771,""num_orders"":1},{""price"":79782.04,""size"":0.10077455,""num_orders"":2},{""price"":79783.07,""size"":0.02506798,""num_orders"":2},{""price"":79784.13,""size"":0.01061683,""num_orders"":1},{""price"":79785.32,""size"":0.0750279,""num_orders"":1},{""price"":79785.33,""size"":0.12896552,""num_orders"":1},{""price"":79785.35,""size"":0.14,""num_orders"":3},{""price"":79786.15,""size"":0.03800432,""num_orders"":1},{""price"":79787.12,""size"":1.4e-05,""num_orders"":1}]"
btc_usd_d10_20260827T084411Z,14,2026-08-27T08:58:11.793200Z,2026-08-27T08:58:11.793348Z,BTC-USD,10,ok,,135080092876,2026-08-27T08:58:11.036691308Z,1.53125727,0.8276794,0.29826060146,79757.539999999994,79757.550000000003,79757.544999999998,0.010000000009,0.001253799877,"[{""price"":79757.54,""size"":0.17823617,""num_orders"":6},{""price"":79755.94,""size"":0.0250765,""num_orders"":2},{""price"":79755.0,""size"":0.01,""num_orders"":1},{""price"":79751.57,""size"":0.02808759,""num_orders"":1},{""price"":79750.51,""size"":0.0750279,""num_orders"":1},{""price"":79750.5,""size"":1.0,""num_orders"":1},{""price"":79750.0,""size"":0.01,""num_orders"":1},{""price"":79749.94,""size"":0.10081511,""num_orders"":2},{""price"":79749.56,""size"":0.104,""num_orders"":1},{""price"":79747.68,""size"":1.4e-05,""num_orders"":1}]","[{""price"":79757.55,""size"":0.28643151,""num_orders"":11},{""price"":79758.14,""size"":0.01003027,""num_orders"":1},{""price"":79759.11,""size"":0.01736533,""num_orders"":1},{""price"":79759.15,""size"":0.0250755,""num_orders"":2},{""price"":79759.55,""size"":0.00401215,""num_orders"":1},{""price"":79761.45,""size"":0.24814286,""num_orders"":1},{""price"":79761.46,""size"":0.15031154,""num_orders"":1},{""price"":79761.47,""size"":0.0750279,""num_orders"":1},{""price"":79762.24,""size"":0.00501519,""num_orders"":1},{""price"":79763.87,""size"":0.00626715,""num_orders"":1}]"
btc_usd_d10_20260827T084411Z,15,2026-08-27T08:59:11.793200Z,2026-08-27T08:59:11.793335Z,BTC-USD,10,ok,,135080139127,2026-08-27T08:59:10.676858413Z,0.40505734,0.4946599,-0.099589688867,79737.820000000007,79737.830000000002,79737.825000000012,0.009999999995,0.001254109953,"[{""price"":79737.82,""size"":0.19358779,""num_orders"":6},{""price"":79736.22,""size"":0.0250827,""num_orders"":2},{""price"":79735.0,""size"":0.01,""num_orders"":1},{""price"":79731.91,""size"":0.0750279,""num_orders"":1},{""price"":79731.31,""size"":0.01003109,""num_orders"":1},{""price"":79730.66,""size"":1.881e-05,""num_orders"":1},{""price"":79730.0,""size"":0.01,""num_orders"":1},{""price"":79729.48,""size"":0.0750279,""num_orders"":1},{""price"":79727.96,""size"":1.4e-05,""num_orders"":1},{""price"":79727.01,""size"":0.00626715,""num_orders"":1}]","[{""price"":79737.83,""size"":0.0062145,""num_orders"":2},{""price"":79738.28,""size"":0.10082986,""num_orders"":2},{""price"":79739.43,""size"":0.0250817,""num_orders"":2},{""price"":79739.83,""size"":0.00401315,""num_orders"":1},{""price"":79740.62,""size"":7.361e-05,""num_orders"":1},{""price"":79742.52,""size"":0.00501643,""num_orders"":1},{""price"":79743.26,""size"":0.01003109,""num_orders"":1},{""price"":79743.94,""size"":0.12837166,""num_orders"":1},{""price"":79743.95,""size"":0.0750279,""num_orders"":1},{""price"":79743.97,""size"":0.14,""num_orders"":3}]"
btc_usd_d10_20260827T084411Z,16,2026-08-27T09:00:11.793200Z,2026-08-27T09:00:11.793338Z,BTC-USD,10,ok,,135080184115,2026-08-27T09:00:10.034320491Z,2.02931008,0.48978751,0.611140503691,79689.25,79689.259999999995,79689.255000000005,0.009999999995,0.001254874323,"[{""price"":79689.25,""size"":0.09586574,""num_orders"":2},{""price"":79688.52,""size"":1.398e-05,""num_orders"":1},{""price"":79686.04,""size"":0.0750279,""num_orders"":1},{""price"":79686.03,""size"":0.03137215,""num_orders"":1},{""price"":79686.01,""size"":0.60297,""num_orders"":1},{""price"":79686.0,""size"":1.0,""num_orders"":1},{""price"":79685.01,""size"":0.00626994,""num_orders"":1},{""price"":79685.0,""size"":0.01,""num_orders"":1},{""price"":79683.6,""size"":0.10689089,""num_orders"":1},{""price"":79683.25,""size"":0.10089948,""num_orders"":2}]","[{""price"":79689.26,""size"":0.03432925,""num_orders"":4},{""price"":79689.28,""size"":0.03,""num_orders"":1},{""price"":79690.37,""size"":0.10089048,""num_orders"":2},{""price"":79691.43,""size"":0.00401561,""num_orders"":1},{""price"":79693.95,""size"":0.00627252,""num_orders"":1},{""price"":79694.02,""size"":0.11600906,""num_orders"":1},{""price"":79694.03,""size"":0.03898899,""num_orders"":1},{""price"":79694.11,""size"":0.00501951,""num_orders"":1},{""price"":79695.01,""size"":0.00395055,""num_orders"":1},{""price"":79695.67,""size"":0.15031154,""num_orders"":1}]"
btc_usd_d10_20260827T084411Z,17,2026-08-27T09:01:11.793200Z,2026-08-27T09:01:11.793327Z,BTC-USD,10,ok,,135080265909,2026-08-27T09:01:10.034541518Z,0.50740887,0.68459465,-0.148645349638,79723.029999999999,79725.479999999996,79724.255000000005,2.449999999997,0.30730923732,"[{""price"":79723.03,""size"":0.06660515,""num_orders"":2},{""price"":79721.68,""size"":0.11153107,""num_orders"":1},{""price"":79721.52,""size"":0.02508732,""num_orders"":2},{""price"":79720.13,""size"":0.12231637,""num_orders"":1},{""price"":79720.0,""size"":0.01,""num_orders"":1},{""price"":79718.17,""size"":0.00626954,""num_orders"":1},{""price"":79718.16,""size"":0.0750279,""num_orders"":1},{""price"":79718.14,""size"":0.03137899,""num_orders"":1},{""price"":79718.1,""size"":0.05869076,""num_orders"":5},{""price"":79717.46,""size"":0.00050177,""num_orders"":1}]","[{""price"":79725.48,""size"":0.0715,""num_orders"":1},{""price"":79726.48,""size"":0.10084478,""num_orders"":2},{""price"":79729.87,""size"":0.13452765,""num_orders"":1},{""price"":79729.88,""size"":0.15031154,""num_orders"":1},{""price"":79729.9,""size"":0.0750279,""num_orders"":1},{""price"":79732.41,""size"":0.00099783,""num_orders"":1},{""price"":79732.48,""size"":0.04948809,""num_orders"":1},{""price"":79733.9,""size"":0.00686896,""num_orders"":2},{""price"":79734.25,""size"":0.0750279,""num_orders"":1},{""price"":79736.64,""size"":0.02,""num_orders"":1}]"
btc_usd_d10_20260827T084411Z,18,2026-08-27T09:02:11.793200Z,2026-08-27T09:02:11.793337Z,BTC-USD,10,ok,,135080326725,2026-08-27T09:02:11.036827044Z,1.1613465,0.45702891,0.43520037789,79780.279999999999,79780.289999999994,79780.285000000003,0.009999999995,0.001253442501,"[{""price"":79780.28,""size"":0.39346027,""num_orders"":7},{""price"":79780.24,""size"":0.10033375,""num_orders"":1},{""price"":79780.23,""size"":0.2495486,""num_orders"":1},{""price"":79779.85,""size"":0.10077731,""num_orders"":2},{""price"":79778.68,""size"":0.02506936,""num_orders"":2},{""price"":79778.28,""size"":0.00401101,""num_orders"":1},{""price"":79777.34,""size"":0.000101,""num_orders"":1},{""price"":79776.87,""size"":0.10033375,""num_orders"":1},{""price"":79776.86,""size"":0.03137899,""num_orders"":1},{""price"":79776.84,""size"":0.15633246,""num_orders"":2}]","[{""price"":79780.29,""size"":0.01165411,""num_orders"":2},{""price"":79784.34,""size"":0.133333,""num_orders"":1},{""price"":79786.08,""size"":0.02200289,""num_orders"":1},{""price"":79787.12,""size"":1.4e-05,""num_orders"":1},{""price"":79790.0,""size"":0.01,""num_orders"":1},{""price"":79792.22,""size"":0.02,""num_orders"":1},{""price"":79793.55,""size"":0.04893284,""num_orders"":1},{""price"":79793.79,""size"":0.14,""num_orders"":3},{""price"":79794.51,""size"":0.05109207,""num_orders"":1},{""price"":79794.56,""size"":0.02,""num_orders"":1}]"
btc_usd_d10_20260827T084411Z,19,2026-08-27T09:03:11.793200Z,2026-08-27T09:03:11.793316Z,BTC-USD,10,ok,,135080422213,2026-08-27T09:03:11.096067688Z,1.1730874,0.80628486,0.18531255965,79803.300000000003,79803.309999999998,79803.304999999993,0.009999999995,0.001253080934,"[{""price"":79803.3,""size"":0.60692914,""num_orders"":8},{""price"":79803.29,""size"":0.02161907,""num_orders"":1},{""price"":79803.28,""size"":0.03,""num_orders"":1},{""price"":79802.04,""size"":0.00010388,""num_orders"":1},{""price"":79802.0,""size"":0.00010169,""num_orders"":1},{""price"":79801.3,""size"":0.00400985,""num_orders"":1},{""price"":79799.73,""size"":0.03137899,""num_orders"":1},{""price"":79798.85,""size"":0.34848304,""num_orders"":2},{""price"":79798.84,""size"":0.12544942,""num_orders"":1},{""price"":79798.61,""size"":0.00501232,""num_orders"":1}]","[{""price"":79803.31,""size"":0.00187031,""num_orders"":1},{""price"":79806.04,""size"":0.10074425,""num_orders"":2},{""price"":79806.84,""size"":1.4e-05,""num_orders"":1},{""price"":79814.49,""size"":0.14,""num_orders"":3},{""price"":79815.63,""size"":0.02,""num_orders"":1},{""price"":79816.18,""size"":0.05335928,""num_orders"":1},{""price"":79816.19,""size"":0.12544942,""num_orders"":1},{""price"":79816.2,""size"":0.29498511,""num_orders"":2},{""price"":79816.4,""size"":0.02,""num_orders"":1},{""price"":79816.41,""size"":0.04986249,""num_orders"":1}]"
btc_usd_d10_20260827T084411Z,20,2026-08-27T09:04:11.793200Z,2026-08-27T09:04:11.793330Z,BTC-USD,10,ok,,135080495629,2026-08-27T09:04:09.022665770Z,0.76464397,0.6703402,0.065717637847,79777.259999999995,79777.270000000004,79777.264999999999,0.010000000009,0.001253489952,"[{""price"":79777.26,""size"":0.19010404,""num_orders"":6},{""price"":79775.66,""size"":0.0250703,""num_orders"":2},{""price"":79775.26,""size"":0.00401116,""num_orders"":1},{""price"":79773.32,""size"":0.10078556,""num_orders"":2},{""price"":79772.77,""size"":0.12544942,""num_orders"":1},{""price"":79772.57,""size"":0.00501395,""num_orders"":1},{""price"":79772.46,""size"":0.13234925,""num_orders"":1},{""price"":79772.44,""size"":0.15031154,""num_orders"":1},{""price"":79772.43,""size"":0.03137899,""num_orders"":1},{""price"":79770.38,""size"":0.00016976,""num_orders"":1}]","[{""price"":79777.27,""size"":0.00810333,""num_orders"":3},{""price"":79778.87,""size"":0.01253465,""num_orders"":1},{""price"":79779.54,""size"":0.10077772,""num_orders"":2},{""price"":79780.81,""size"":0.0015782,""num_orders"":1},{""price"":79783.51,""size"":0.00081476,""num_orders"":1},{""price"":79784.57,""size"":0.05299342,""num_orders"":1},{""price"":79785.23,""size"":0.02,""num_orders"":1},{""price"":79785.24,""size"":0.34953812,""num_orders"":1},{""price"":79785.25,""size"":0.104,""num_orders"":1},{""price"":79786.1,""size"":0.02,""num_orders"":1}]"
btc_usd_d10_20260827T084411Z,21,2026-08-27T09:05:11.793200Z,2026-08-27T09:05:11.793336Z,BTC-USD,10,ok,,135080557747,2026-08-27T09:05:09.547375366Z,0.85254782,0.29339914,0.487935916336,79718.75,79718.759999999995,79718.755000000005,0.009999999995,0.001254409956,"[{""price"":79718.75,""size"":0.34388576,""num_orders"":7},{""price"":79718.1,""size"":0.00079168,""num_orders"":2},{""price"":79717.15,""size"":0.0250887,""num_orders"":2},{""price"":79716.51,""size"":0.03137899,""num_orders"":1},{""price"":79716.5,""size"":0.01475146,""num_orders"":1},{""price"":79716.35,""size"":0.12544942,""num_orders"":1},{""price"":79715.16,""size"":0.10085909,""num_orders"":2},{""price"":79715.0,""size"":0.01,""num_orders"":1},{""price"":79714.63,""size"":0.0748933,""num_orders"":1},{""price"":79713.62,""size"":0.12544942,""num_orders"":1}]","[{""price"":79718.76,""size"":0.00482947,""num_orders"":2},{""price"":79719.13,""size"":0.00444431,""num_orders"":1},{""price"":79719.62,""size"":0.02,""num_orders"":1},{""price"":79720.36,""size"":0.0250877,""num_orders"":2},{""price"":79720.75,""size"":0.00401412,""num_orders"":1},{""price"":79721.53,""size"":0.1003493,""num_orders"":1},{""price"":79721.54,""size"":0.00050174,""num_orders"":1},{""price"":79722.8,""size"":0.00501768,""num_orders"":1},{""price"":79723.61,""size"":0.02,""num_orders"":1},{""price"":79724.71,""size"":0.10915482,""num_orders"":2}]"
btc_usd_d10_20260827T084411Z,22,2026-08-27T09:06:11.793200Z,2026-08-27T09:06:11.793358Z,BTC-USD,10,ok,,135080628695,2026-08-27T09:06:09.658574385Z,0.71596339,0.7547866,-0.026396879323,79761.160000000003,79761.169999999998,79761.165000000008,0.009999999995,0.001253742971,"[{""price"":79761.16,""size"":0.02093982,""num_orders"":4},{""price"":79759.16,""size"":0.00401197,""num_orders"":1},{""price"":79759.14,""size"":0.2,""num_orders"":1},{""price"":79757.24,""size"":5e-07,""num_orders"":2},{""price"":79756.47,""size"":0.00501497,""num_orders"":1},{""price"":79755.37,""size"":0.07522801,""num_orders"":1},{""price"":79755.36,""size"":0.10080826,""num_orders"":2},{""price"":79754.53,""size"":0.00626795,""num_orders"":1},{""price"":79754.3,""size"":0.15338037,""num_orders"":1},{""price"":79754.29,""size"":0.15031154,""num_orders"":1}]","[{""price"":79761.17,""size"":0.06386306,""num_orders"":4},{""price"":79762.03,""size"":0.06017748,""num_orders"":1},{""price"":79762.06,""size"":0.1007998,""num_orders"":2},{""price"":79765.36,""size"":0.04491112,""num_orders"":1},{""price"":79765.37,""size"":0.07522801,""num_orders"":1},{""price"":79768.14,""size"":0.07522801,""num_orders"":1},{""price"":79769.13,""size"":0.02,""num_orders"":1},{""price"":79769.14,""size"":0.19057912,""num_orders"":1},{""price"":79769.15,""size"":0.104,""num_orders"":1},{""price"":79770.71,""size"":0.02,""num_orders"":1}]"
btc_usd_d10_20260827T084411Z,23,2026-08-27T09:07:11.793200Z,2026-08-27T09:07:11.793349Z,BTC-USD,10,ok,,135080693780,2026-08-27T09:07:10.184205368Z,1.0903785,0.84621811,0.126077051224,79777.25,79777.259999999995,79777.255000000005,0.009999999995,0.001253490108,"[{""price"":79777.25,""size"":0.50085471,""num_orders"":6},{""price"":79776.61,""size"":0.15031154,""num_orders"":1},{""price"":79776.59,""size"":0.25431154,""num_orders"":2},{""price"":79776.58,""size"":0.00013206,""num_orders"":1},{""price"":79776.24,""size"":0.10078187,""num_orders"":2},{""price"":79774.98,""size"":0.00013348,""num_orders"":1},{""price"":79774.69,""size"":0.03137899,""num_orders"":1},{""price"":79774.68,""size"":0.04773844,""num_orders"":1},{""price"":79774.59,""size"":0.0040112,""num_orders"":1},{""price"":79773.38,""size"":0.00072467,""num_orders"":1}]","[{""price"":79777.26,""size"":1.4e-05,""num_orders"":1},{""price"":79785.19,""size"":0.10860408,""num_orders"":1},{""price"":79786.6,""size"":0.06500931,""num_orders"":1},{""price"":79786.74,""size"":0.0062675,""num_orders"":1},{""price"":79787.12,""size"":1.4e-05,""num_orders"":1},{""price"":79787.8,""size"":0.06500931,""num_orders"":1},{""price"":79789.45,""size"":0.08358,""num_orders"":1},{""price"":79790.54,""size"":0.14,""num_orders"":3},{""price"":79792.23,""size"":0.22740837,""num_orders"":1},{""price"":79792.24,""size"":0.15031154,""num_orders"":1}]"
btc_usd_d10_20260827T084411Z,24,2026-08-27T09:08:11.793200Z,2026-08-27T09:08:11.793339Z,BTC-USD,10,ok,,135080739510,2026-08-27T09:08:10.538604740Z,0.99159503,0.71192795,0.164169831158,79814.690000000002,79814.699999999997,79814.695000000007,0.009999999995,0.001252902112,"[{""price"":79814.69,""size"":0.63618451,""num_orders"":11},{""price"":79813.14,""size"":0.04634767,""num_orders"":1},{""price"":79813.12,""size"":0.07522801,""num_orders"":1},{""price"":79813.1,""size"":8.89e-06,""num_orders"":1},{""price"":79812.69,""size"":0.00239739,""num_orders"":1},{""price"":79811.81,""size"":0.08482156,""num_orders"":2},{""price"":79810.29,""size"":0.02,""num_orders"":1},{""price"":79810.28,""size"":0.03137899,""num_orders"":1},{""price"":79810.26,""size"":0.07522801,""num_orders"":1},{""price"":79810.23,""size"":0.02,""num_orders"":1}]","[{""price"":79814.7,""size"":0.00011574,""num_orders"":1},{""price"":79816.7,""size"":0.20396454,""num_orders"":3},{""price"":79819.16,""size"":0.00626428,""num_orders"":1},{""price"":79819.8,""size"":0.05199869,""num_orders"":1},{""price"":79820.43,""size"":0.00125291,""num_orders"":1},{""price"":79823.03,""size"":0.06013151,""num_orders"":1},{""price"":79823.04,""size"":0.1007228,""num_orders"":2},{""price"":79824.72,""size"":0.21647978,""num_orders"":1},{""price"":79825.12,""size"":0.02,""num_orders"":1},{""price"":79825.13,""size"":0.0509977,""num_orders"":1}]"
btc_usd_d10_20260827T084411Z,25,2026-08-27T09:09:11.793200Z,2026-08-27T09:09:11.793340Z,BTC-USD,10,ok,,135080795320,2026-08-27T09:09:11.547104607Z,1.01235781,0.47826591,0.358300953375,79765.979999999996,79765.990000000005,79765.985000000001,0.010000000009,0.001253667213,"[{""price"":79765.98,""size"":0.16456,""num_orders"":2},{""price"":79765.6,""size"":0.07522801,""num_orders"":1},{""price"":79763.15,""size"":0.07522801,""num_orders"":1},{""price"":79760.63,""size"":0.07522801,""num_orders"":1},{""price"":79760.19,""size"":0.10030065,""num_orders"":1},{""price"":79758.64,""size"":0.16012272,""num_orders"":1},{""price"":79758.02,""size"":0.03137899,""num_orders"":1},{""price"":79758.01,""size"":0.15034438,""num_orders"":2},{""price"":79758.0,""size"":0.17922801,""num_orders"":2},{""price"":79757.54,""size"":0.00073903,""num_orders"":2}]","[{""price"":79765.99,""size"":0.01436171,""num_orders"":3},{""price"":79766.0,""size"":0.03,""num_orders"":1},{""price"":79766.02,""size"":0.03,""num_orders"":1},{""price"":79767.62,""size"":0.00011574,""num_orders"":1},{""price"":79768.68,""size"":0.00501479,""num_orders"":1},{""price"":79769.04,""size"":0.01292137,""num_orders"":2},{""price"":79769.74,""size"":0.09306859,""num_orders"":1},{""price"":79770.49,""size"":0.04508336,""num_orders"":1},{""price"":79770.65,""size"":0.07397458,""num_orders"":1},{""price"":79772.22,""size"":0.17372577,""num_orders"":1}]"
btc_usd_d10_20260827T084411Z,26,2026-08-27T09:10:11.793200Z,2026-08-27T09:10:11.793327Z,BTC-USD,10,ok,,135080853362,2026-08-27T09:10:09.543551475Z,1.0266454,0.54156892,0.309317721318,79796.429999999993,79796.440000000002,79796.434999999998,0.010000000009,0.001253188818,"[{""price"":79796.43,""size"":0.60318728,""num_orders"":12},{""price"":79796.42,""size"":0.00081458,""num_orders"":1},{""price"":79795.34,""size"":0.15550418,""num_orders"":1},{""price"":79794.92,""size"":0.15031154,""num_orders"":1},{""price"":79794.83,""size"":0.02506428,""num_orders"":2},{""price"":79794.47,""size"":0.00072468,""num_orders"":1},{""price"":79794.43,""size"":0.0040102,""num_orders"":1},{""price"":79792.48,""size"":0.07522801,""num_orders"":1},{""price"":79791.74,""size"":0.00501275,""num_orders"":1},{""price"":79789.94,""size"":0.0067879,""num_orders"":1}]","[{""price"":79796.44,""size"":6.51e-06,""num_orders"":1},{""price"":79802.44,""size"":1.66e-06,""num_orders"":1},{""price"":79805.0,""size"":0.01,""num_orders"":1},{""price"":79805.36,""size"":0.00626706,""num_orders"":1},{""price"":79806.36,""size"":0.01253033,""num_orders"":1},{""price"":79806.84,""size"":1.4e-05,""num_orders"":1},{""price"":79808.22,""size"":0.245969,""num_orders"":1},{""price"":79808.23,""size"":0.166039,""num_orders"":1},{""price"":79808.33,""size"":0.10024016,""num_orders"":1},{""price"":79808.34,""size"":0.0005012,""num_orders"":1}]"
btc_usd_d10_20260827T084411Z,27,2026-08-27T09:11:11.793200Z,2026-08-27T09:11:11.793359Z,BTC-USD,10,ok,,135080907065,2026-08-27T09:11:09.812449733Z,0.5348519,0.60943776,-0.065180926305,79863.979999999996,79863.990000000005,79863.985000000001,0.010000000009,0.001252128855,"[{""price"":79863.98,""size"":0.03641868,""num_orders"":1},{""price"":79863.97,""size"":0.03641868,""num_orders"":1},{""price"":79863.9,""size"":0.00081388,""num_orders"":1},{""price"":79860.47,""size"":0.00145491,""num_orders"":1},{""price"":79858.05,""size"":0.07522801,""num_orders"":1},{""price"":79856.58,""size"":0.10109963,""num_orders"":3},{""price"":79856.13,""size"":0.00145499,""num_orders"":1},{""price"":79855.0,""size"":0.01,""num_orders"":1},{""price"":79852.99,""size"":0.07522801,""num_orders"":1},{""price"":79852.98,""size"":0.19673511,""num_orders"":1}]","[{""price"":79863.99,""size"":0.16067115,""num_orders"":4},{""price"":79866.0,""size"":0.00408017,""num_orders"":3},{""price"":79868.36,""size"":0.00626282,""num_orders"":1},{""price"":79870.29,""size"":0.16155238,""num_orders"":1},{""price"":79870.3,""size"":0.07522801,""num_orders"":1},{""price"":79870.78,""size"":0.04,""num_orders"":1},{""price"":79871.65,""size"":0.03137899,""num_orders"":1},{""price"":79871.66,""size"":0.02,""num_orders"":1},{""price"":79871.69,""size"":0.104,""num_orders"":1},{""price"":79872.72,""size"":0.00626424,""num_orders"":1}]"
btc_usd_d10_20260827T084411Z,28,2026-08-27T09:12:11.793200Z,2026-08-27T09:12:11.793360Z,BTC-USD,10,ok,,135080965751,2026-08-27T09:12:10.173161159Z,0.58778047,0.59091237,-0.002657095974,79873.279999999999,79873.289999999994,79873.285000000003,0.009999999995,0.001251983062,"[{""price"":79873.28,""size"":0.04198195,""num_orders"":3},{""price"":79871.68,""size"":0.02504016,""num_orders"":2},{""price"":79871.28,""size"":0.00400634,""num_orders"":1},{""price"":79868.58,""size"":0.00500793,""num_orders"":1},{""price"":79867.76,""size"":0.15036061,""num_orders"":2},{""price"":79867.75,""size"":0.07522801,""num_orders"":1},{""price"":79866.49,""size"":0.10066799,""num_orders"":2},{""price"":79865.34,""size"":0.07522801,""num_orders"":1},{""price"":79865.29,""size"":0.104,""num_orders"":1},{""price"":79862.87,""size"":0.00625947,""num_orders"":1}]","[{""price"":79873.29,""size"":0.12062886,""num_orders"":6},{""price"":79874.88,""size"":0.01494838,""num_orders"":1},{""price"":79874.89,""size"":0.02503916,""num_orders"":2},{""price"":79875.86,""size"":1.4e-05,""num_orders"":1},{""price"":79876.35,""size"":0.08401503,""num_orders"":1},{""price"":79877.99,""size"":0.07522801,""num_orders"":1},{""price"":79878.0,""size"":0.00499993,""num_orders"":1},{""price"":79879.35,""size"":0.06,""num_orders"":2},{""price"":79880.77,""size"":0.02,""num_orders"":1},{""price"":79880.78,""size"":0.186039,""num_orders"":2}]"
btc_usd_d10_20260827T084411Z,29,2026-08-27T09:13:11.793200Z,2026-08-27T09:13:11.793325Z,BTC-USD,10,ok,,135081010713,2026-08-27T09:13:10.043654187Z,0.67814692,0.45812889,0.193630831585,79848.050000000003,79848.059999999998,79848.054999999993,0.009999999995,0.001252378658,"[{""price"":79848.05,""size"":0.15542323,""num_orders"":3},{""price"":79846.48,""size"":0.02704092,""num_orders"":2},{""price"":79846.45,""size"":0.02504808,""num_orders"":2},{""price"":79846.05,""size"":0.00400761,""num_orders"":1},{""price"":79843.36,""size"":0.00500951,""num_orders"":1},{""price"":79842.85,""size"":0.03137899,""num_orders"":1},{""price"":79842.84,""size"":0.15031154,""num_orders"":1},{""price"":79841.87,""size"":0.10069903,""num_orders"":2},{""price"":79840.75,""size"":0.07522801,""num_orders"":1},{""price"":79840.06,""size"":0.104,""num_orders"":1}]","[{""price"":79848.06,""size"":0.19553281,""num_orders"":8},{""price"":79848.19,""size"":0.09413986,""num_orders"":1},{""price"":79848.2,""size"":0.12,""num_orders"":2},{""price"":79848.52,""size"":0.00395067,""num_orders"":1},{""price"":79848.85,""size"":0.00395045,""num_orders"":1},{""price"":79849.66,""size"":0.02504706,""num_orders"":2},{""price"":79850.06,""size"":0.00400761,""num_orders"":1},{""price"":79850.84,""size"":0.00023148,""num_orders"":1},{""price"":79852.75,""size"":0.00500951,""num_orders"":1},{""price"":79853.44,""size"":0.00625944,""num_orders"":1}]"
btc_usd_d10_20260827T084411Z,30,2026-08-27T09:14:11.793200Z,2026-08-27T09:14:11.793324Z,BTC-USD,10,ok,,135081055863,2026-08-27T09:14:10.173266852Z,2.05924364,0.68581735,0.500326329726,79855.25,79855.259999999995,79855.255000000005,0.009999999995,0.001252265739,"[{""price"":79855.25,""size"":0.39394604,""num_orders"":9},{""price"":79853.7,""size"":0.07522801,""num_orders"":1},{""price"":79853.65,""size"":0.01252291,""num_orders"":1},{""price"":79852.24,""size"":0.10068594,""num_orders"":2},{""price"":79850.94,""size"":0.0100183,""num_orders"":1},{""price"":79849.91,""size"":0.29047599,""num_orders"":1},{""price"":79849.9,""size"":0.22553955,""num_orders"":2},{""price"":79848.3,""size"":0.15031166,""num_orders"":2},{""price"":79847.73,""size"":0.80019939,""num_orders"":1},{""price"":79847.25,""size"":0.00031585,""num_orders"":1}]","[{""price"":79855.26,""size"":0.00551395,""num_orders"":1},{""price"":79856.86,""size"":0.01252241,""num_orders"":1},{""price"":79856.87,""size"":0.00017108,""num_orders"":1},{""price"":79857.26,""size"":0.00400725,""num_orders"":1},{""price"":79859.08,""size"":0.25044005,""num_orders"":1},{""price"":79859.95,""size"":0.00500906,""num_orders"":1},{""price"":79860.27,""size"":0.15257838,""num_orders"":1},{""price"":79860.28,""size"":0.25044005,""num_orders"":1},{""price"":79862.42,""size"":0.00463426,""num_orders"":1},{""price"":79862.49,""size"":0.00050086,""num_orders"":1}]"
btc_usd_d10_20260827T084411Z,31,2026-08-27T09:15:11.793200Z,2026-08-27T09:15:11.793369Z,BTC-USD,10,ok,,135081099259,2026-08-27T09:15:10.047678743Z,0.56286292,1.06235532,-0.307338662406,79875.369999999995,79875.380000000005,79875.375,0.010000000009,0.001251950305,"[{""price"":79875.37,""size"":0.0008133,""num_orders"":1},{""price"":79869.62,""size"":0.07535969,""num_orders"":2},{""price"":79869.61,""size"":0.15031154,""num_orders"":1},{""price"":79868.6,""size"":0.03140964,""num_orders"":2},{""price"":79868.58,""size"":0.03221868,""num_orders"":1},{""price"":79868.05,""size"":0.10066602,""num_orders"":2},{""price"":79867.5,""size"":0.03221868,""num_orders"":1},{""price"":79867.48,""size"":0.03231868,""num_orders"":1},{""price"":79867.19,""size"":0.03231868,""num_orders"":1},{""price"":79867.01,""size"":0.07522801,""num_orders"":1}]","[{""price"":79875.38,""size"":0.21849021,""num_orders"":8},{""price"":79875.86,""size"":1.4e-05,""num_orders"":1},{""price"":79878.0,""size"":0.00499993,""num_orders"":1},{""price"":79878.02,""size"":0.29866952,""num_orders"":1},{""price"":79878.03,""size"":0.24200297,""num_orders"":1},{""price"":79878.76,""size"":0.02,""num_orders"":1},{""price"":79878.77,""size"":0.009916,""num_orders"":1},{""price"":79879.22,""size"":0.02,""num_orders"":1},{""price"":79879.23,""size"":0.24200297,""num_orders"":1},{""price"":79879.71,""size"":0.00625972,""num_orders"":1}]"
btc_usd_d10_20260827T084411Z,32,2026-08-27T09:16:11.793200Z,2026-08-27T09:16:11.793332Z,BTC-USD,10,ok,,135081169589,2026-08-27T09:16:10.603994159Z,1.341244,0.81623965,0.243341056142,79914.490000000005,79914.5,79914.494999999995,0.009999999995,0.001251337444,"[{""price"":79914.49,""size"":0.21385345,""num_orders"":1},{""price"":79912.49,""size"":0.00058811,""num_orders"":1},{""price"":79911.2,""size"":0.06570826,""num_orders"":1},{""price"":79910.17,""size"":0.00144737,""num_orders"":1},{""price"":79909.22,""size"":0.05401429,""num_orders"":1},{""price"":79908.02,""size"":0.05401429,""num_orders"":1},{""price"":79907.45,""size"":0.06006798,""num_orders"":1},{""price"":79907.44,""size"":0.10061639,""num_orders"":2},{""price"":79903.59,""size"":0.7901205,""num_orders"":2},{""price"":79902.5,""size"":0.00081336,""num_orders"":1}]","[{""price"":79914.5,""size"":0.03012114,""num_orders"":3},{""price"":79915.3,""size"":1.4e-05,""num_orders"":1},{""price"":79916.92,""size"":0.10010396,""num_orders"":1},{""price"":79919.92,""size"":0.03137899,""num_orders"":1},{""price"":79921.08,""size"":0.07519073,""num_orders"":1},{""price"":79921.09,""size"":0.2142664,""num_orders"":1},{""price"":79921.1,""size"":0.15038146,""num_orders"":1},{""price"":79922.11,""size"":0.133333,""num_orders"":1},{""price"":79923.59,""size"":0.00625924,""num_orders"":1},{""price"":79923.6,""size"":0.07519073,""num_orders"":1}]"
btc_usd_d10_20260827T084411Z,33,2026-08-27T09:17:11.793200Z,2026-08-27T09:17:11.793321Z,BTC-USD,10,ok,,135081224024,2026-08-27T09:17:11.187527834Z,0.50721787,0.43832328,0.0728626036,79885.720000000001,79885.729999999996,79885.725000000006,0.009999999995,0.0012517881,"[{""price"":79885.72,""size"":1.4e-05,""num_orders"":1},{""price"":79881.0,""size"":0.0715,""num_orders"":1},{""price"":79880.0,""size"":0.01,""num_orders"":1},{""price"":79879.57,""size"":0.08082962,""num_orders"":1},{""price"":79877.95,""size"":0.03137899,""num_orders"":1},{""price"":79876.03,""size"":0.104,""num_orders"":1},{""price"":79875.86,""size"":1.4e-05,""num_orders"":1},{""price"":79875.61,""size"":0.01337479,""num_orders"":1},{""price"":79875.03,""size"":0.09544923,""num_orders"":1},{""price"":79875.02,""size"":0.10065724,""num_orders"":2}]","[{""price"":79885.73,""size"":0.09991,""num_orders"":2},{""price"":79886.48,""size"":0.10064281,""num_orders"":2},{""price"":79887.96,""size"":0.00281115,""num_orders"":1},{""price"":79888.72,""size"":0.07519073,""num_orders"":1},{""price"":79889.96,""size"":0.00400561,""num_orders"":1},{""price"":79890.34,""size"":0.00027064,""num_orders"":1},{""price"":79890.41,""size"":0.00010387,""num_orders"":1},{""price"":79891.33,""size"":0.07519073,""num_orders"":1},{""price"":79892.66,""size"":0.00500701,""num_orders"":1},{""price"":79893.74,""size"":0.07519073,""num_orders"":1}]"
btc_usd_d10_20260827T084411Z,34,2026-08-27T09:18:11.793200Z,2026-08-27T09:18:11.793329Z,BTC-USD,10,ok,,135081275827,2026-08-27T09:18:09.131500480Z,0.30523721,0.96408009,-0.519052942869,79846.279999999999,79846.289999999994,79846.285000000003,0.009999999995,0.00125240642,"[{""price"":79846.28,""size"":1.4e-05,""num_orders"":1},{""price"":79842.47,""size"":0.08166346,""num_orders"":2},{""price"":79840.36,""size"":0.00050099,""num_orders"":1},{""price"":79840.35,""size"":0.10019995,""num_orders"":1},{""price"":79840.06,""size"":0.03137899,""num_orders"":1},{""price"":79840.0,""size"":0.01,""num_orders"":1},{""price"":79837.77,""size"":1.878e-05,""num_orders"":1},{""price"":79836.43,""size"":0.00625631,""num_orders"":1},{""price"":79836.42,""size"":1.4e-05,""num_orders"":1},{""price"":79835.81,""size"":0.07519073,""num_orders"":1}]","[{""price"":79846.29,""size"":0.08841,""num_orders"":3},{""price"":79850.0,""size"":0.11869597,""num_orders"":3},{""price"":79850.01,""size"":0.20418785,""num_orders"":2},{""price"":79851.7,""size"":0.00708998,""num_orders"":1},{""price"":79853.86,""size"":0.04488887,""num_orders"":1},{""price"":79853.87,""size"":0.07519073,""num_orders"":1},{""price"":79856.12,""size"":0.26603895,""num_orders"":1},{""price"":79856.13,""size"":0.15038146,""num_orders"":1},{""price"":79856.14,""size"":0.00627214,""num_orders"":1},{""price"":79856.15,""size"":0.00292414,""num_orders"":2}]"
btc_usd_d10_20260827T084411Z,35,2026-08-27T09:19:11.793200Z,2026-08-27T09:19:11.793348Z,BTC-USD,10,ok,,135081335547,2026-08-27T09:19:09.334161555Z,2.17406812,1.25274699,0.268856387178,79876.850000000006,79876.860000000001,79876.85500000001,0.009999999995,0.001251927106,"[{""price"":79876.85,""size"":0.03356741,""num_orders"":3},{""price"":79874.01,""size"":0.00081375,""num_orders"":1},{""price"":79870.0,""size"":0.01,""num_orders"":1},{""price"":79869.66,""size"":0.10066399,""num_orders"":2},{""price"":79865.0,""size"":0.01,""num_orders"":1},{""price"":79864.52,""size"":0.166039,""num_orders"":1},{""price"":79864.51,""size"":0.597,""num_orders"":1},{""price"":79864.5,""size"":1.0,""num_orders"":1},{""price"":79862.46,""size"":0.07519073,""num_orders"":1},{""price"":79862.45,""size"":0.18079324,""num_orders"":1}]","[{""price"":79876.86,""size"":0.48440495,""num_orders"":8},{""price"":79879.63,""size"":0.07519073,""num_orders"":1},{""price"":79882.32,""size"":0.04488887,""num_orders"":1},{""price"":79882.33,""size"":0.07519073,""num_orders"":1},{""price"":79883.91,""size"":0.03137899,""num_orders"":1},{""price"":79883.92,""size"":0.21709353,""num_orders"":2},{""price"":79883.93,""size"":0.1504972,""num_orders"":2},{""price"":79884.85,""size"":0.104,""num_orders"":1},{""price"":79885.47,""size"":0.06965,""num_orders"":1},{""price"":79885.72,""size"":0.00045199,""num_orders"":1}]"
btc_usd_d10_20260827T084411Z,36,2026-08-27T09:20:11.793200Z,2026-08-27T09:20:11.793323Z,BTC-USD,10,ok,,135081409998,2026-08-27T09:20:10.189962031Z,2.51383972,0.58784697,0.620950128912,80045.050000000003,80045.059999999998,80045.054999999993,0.009999999995,0.001249296411,"[{""price"":80045.05,""size"":0.2312612,""num_orders"":5},{""price"":80043.29,""size"":0.02498648,""num_orders"":2},{""price"":80042.33,""size"":0.00049973,""num_orders"":1},{""price"":80042.32,""size"":0.09994711,""num_orders"":1},{""price"":80041.65,""size"":0.00081204,""num_orders"":1},{""price"":80041.52,""size"":0.07495926,""num_orders"":1},{""price"":80041.51,""size"":0.80690248,""num_orders"":2},{""price"":80041.5,""size"":1.0,""num_orders"":1},{""price"":80038.28,""size"":0.17047142,""num_orders"":2},{""price"":80038.27,""size"":0.104,""num_orders"":1}]","[{""price"":80045.06,""size"":0.00498328,""num_orders"":1},{""price"":80046.52,""size"":0.02498548,""num_orders"":2},{""price"":80052.55,""size"":0.04444555,""num_orders"":1},{""price"":80054.03,""size"":0.15199261,""num_orders"":1},{""price"":80054.21,""size"":0.00049966,""num_orders"":1},{""price"":80054.22,""size"":0.00304262,""num_orders"":1},{""price"":80054.28,""size"":0.0999322,""num_orders"":1},{""price"":80056.0,""size"":0.15199035,""num_orders"":1},{""price"":80059.88,""size"":0.104,""num_orders"":1},{""price"":80060.06,""size"":0.00197522,""num_orders"":1}]"
btc_usd_d10_20260827T084411Z,37,2026-08-27T09:21:11.793200Z,2026-08-27T09:21:11.793330Z,BTC-USD,10,ok,,135081527156,2026-08-27T09:21:10.626420844Z,0.43704862,0.4403051,-0.003711707064,80040.679999999993,80040.690000000002,80040.684999999998,0.010000000009,0.001249364621,"[{""price"":80040.68,""size"":0.06013787,""num_orders"":3},{""price"":80039.08,""size"":0.08895879,""num_orders"":2},{""price"":80039.07,""size"":0.0249878,""num_orders"":2},{""price"":80037.77,""size"":0.03125998,""num_orders"":1},{""price"":80035.57,""size"":0.00049977,""num_orders"":1},{""price"":80035.56,""size"":0.09995555,""num_orders"":1},{""price"":80035.0,""size"":0.01,""num_orders"":1},{""price"":80034.13,""size"":0.0455128,""num_orders"":1},{""price"":80033.62,""size"":0.00073637,""num_orders"":2},{""price"":80032.84,""size"":0.07499969,""num_orders"":1}]","[{""price"":80040.69,""size"":0.03236055,""num_orders"":2},{""price"":80040.7,""size"":0.03,""num_orders"":1},{""price"":80040.72,""size"":0.03,""num_orders"":1},{""price"":80045.04,""size"":0.00385586,""num_orders"":1},{""price"":80045.47,""size"":0.00049971,""num_orders"":1},{""price"":80045.48,""size"":0.09994319,""num_orders"":1},{""price"":80045.55,""size"":0.07499969,""num_orders"":1},{""price"":80047.17,""size"":9.315e-05,""num_orders"":1},{""price"":80048.14,""size"":0.09355326,""num_orders"":1},{""price"":80048.15,""size"":0.07499969,""num_orders"":1}]"
btc_usd_d10_20260827T084411Z,38,2026-08-27T09:22:11.793200Z,2026-08-27T09:22:11.793344Z,BTC-USD,10,ok,,135081583367,2026-08-27T09:22:08.681460536Z,0.26658324,0.42556545,-0.229693723758,80068.369999999995,80071.479999999996,80069.924999999988,3.110000000001,0.388410504943,"[{""price"":80068.37,""size"":0.02962203,""num_orders"":2},{""price"":80068.36,""size"":0.02951868,""num_orders"":1},{""price"":80068.35,""size"":0.02951868,""num_orders"":1},{""price"":80068.34,""size"":0.02951868,""num_orders"":1},{""price"":80068.33,""size"":0.02951868,""num_orders"":1},{""price"":80068.32,""size"":0.02951868,""num_orders"":1},{""price"":80068.31,""size"":0.02951868,""num_orders"":1},{""price"":80068.3,""size"":0.02951868,""num_orders"":1},{""price"":80068.29,""size"":0.02951868,""num_orders"":1},{""price"":80063.61,""size"":0.00081177,""num_orders"":1}]","[{""price"":80071.48,""size"":0.14690195,""num_orders"":2},{""price"":80071.49,""size"":0.07499969,""num_orders"":1},{""price"":80071.82,""size"":0.00399644,""num_orders"":1},{""price"":80072.13,""size"":0.00049954,""num_orders"":1},{""price"":80072.14,""size"":0.09990991,""num_orders"":1},{""price"":80072.35,""size"":0.00901702,""num_orders"":2},{""price"":80073.82,""size"":0.00399644,""num_orders"":1},{""price"":80074.93,""size"":0.07499969,""num_orders"":1},{""price"":80076.52,""size"":0.00624922,""num_orders"":1},{""price"":80076.53,""size"":0.00499555,""num_orders"":1}]"
btc_usd_d10_20260827T084411Z,39,2026-08-27T09:23:11.793200Z,2026-08-27T09:23:11.793361Z,BTC-USD,10,ok,,135081661785,2026-08-27T09:23:10.845223450Z,1.39554218,0.62505601,0.381315876562,80048.710000000006,80048.720000000001,80048.714999999997,0.009999999995,0.001249239291,"[{""price"":80048.71,""size"":0.10027933,""num_orders"":6},{""price"":80047.1,""size"":0.02498528,""num_orders"":2},{""price"":80046.71,""size"":0.00399756,""num_orders"":1},{""price"":80044.64,""size"":0.00499686,""num_orders"":1},{""price"":80043.03,""size"":0.07502247,""num_orders"":2},{""price"":80043.0,""size"":1.0,""num_orders"":1},{""price"":80041.63,""size"":0.000812,""num_orders"":1},{""price"":80040.61,""size"":0.10044899,""num_orders"":2},{""price"":80040.0,""size"":0.01,""num_orders"":1},{""price"":80039.4,""size"":0.07499969,""num_orders"":1}]","[{""price"":80048.72,""size"":0.21564152,""num_orders"":6},{""price"":80048.73,""size"":0.10812361,""num_orders"":2},{""price"":80048.74,""size"":0.03,""num_orders"":1},{""price"":80049.72,""size"":0.00049968,""num_orders"":1},{""price"":80050.33,""size"":0.02498428,""num_orders"":2},{""price"":80051.39,""size"":0.08955288,""num_orders"":1},{""price"":80051.54,""size"":0.07499969,""num_orders"":1},{""price"":80053.34,""size"":5.44e-06,""num_orders"":1},{""price"":80054.05,""size"":0.07499969,""num_orders"":1},{""price"":80056.77,""size"":0.00624922,""num_orders"":1}]"
btc_usd_d10_20260827T084411Z,40,2026-08-27T09:24:11.793200Z,2026-08-27T09:24:11.793339Z,BTC-USD,10,ok,,135081728679,2026-08-27T09:24:11.046974093Z,0.43972358,0.62655934,-0.175221563148,80065.899999999994,80065.910000000003,80065.904999999999,0.010000000009,0.001248971083,"[{""price"":80065.9,""size"":0.10999153,""num_orders"":4},{""price"":80064.49,""size"":0.00081183,""num_orders"":1},{""price"":80064.32,""size"":0.01729904,""num_orders"":1},{""price"":80064.29,""size"":0.02497992,""num_orders"":2},{""price"":80063.9,""size"":0.0039967,""num_orders"":1},{""price"":80063.06,""size"":0.10054106,""num_orders"":2},{""price"":80063.05,""size"":0.10042084,""num_orders"":2},{""price"":80062.63,""size"":0.00168709,""num_orders"":2},{""price"":80061.25,""size"":0.07499969,""num_orders"":1},{""price"":80061.19,""size"":0.00499588,""num_orders"":1}]","[{""price"":80065.91,""size"":0.00716197,""num_orders"":1},{""price"":80069.17,""size"":0.10041317,""num_orders"":2},{""price"":80070.84,""size"":0.00023149,""num_orders"":1},{""price"":80072.85,""size"":0.19766147,""num_orders"":1},{""price"":80072.86,""size"":0.07499969,""num_orders"":1},{""price"":80072.88,""size"":0.1499344,""num_orders"":1},{""price"":80073.06,""size"":1.4e-05,""num_orders"":1},{""price"":80074.18,""size"":0.02507565,""num_orders"":1},{""price"":80074.58,""size"":0.0062475,""num_orders"":1},{""price"":80074.59,""size"":0.06482,""num_orders"":1}]"
btc_usd_d10_20260827T084411Z,41,2026-08-27T09:25:11.793200Z,2026-08-27T09:25:11.793341Z,BTC-USD,10,ok,,135081805554,2026-08-27T09:25:11.171856059Z,0.72713782,0.33488576,0.369344021533,80110.369999999995,80110.380000000005,80110.375,0.010000000009,0.001248277768,"[{""price"":80110.37,""size"":0.0992982,""num_orders"":3},{""price"":80110.29,""size"":0.03471868,""num_orders"":1},{""price"":80110.28,""size"":0.03471868,""num_orders"":1},{""price"":80109.27,""size"":1.2e-07,""num_orders"":1},{""price"":80106.21,""size"":0.00091201,""num_orders"":1},{""price"":80104.87,""size"":0.01896031,""num_orders"":1},{""price"":80104.86,""size"":0.03125998,""num_orders"":1},{""price"":80103.67,""size"":0.25696548,""num_orders"":1},{""price"":80103.65,""size"":0.1499344,""num_orders"":1},{""price"":80103.64,""size"":0.10036996,""num_orders"":2}]","[{""price"":80110.38,""size"":0.02841,""num_orders"":1},{""price"":80113.3,""size"":0.07499969,""num_orders"":1},{""price"":80116.58,""size"":0.07499969,""num_orders"":1},{""price"":80116.76,""size"":0.00997762,""num_orders"":1},{""price"":80118.76,""size"":0.00624476,""num_orders"":1},{""price"":80118.77,""size"":0.00399433,""num_orders"":1},{""price"":80119.14,""size"":0.07499969,""num_orders"":1},{""price"":80120.0,""size"":0.01,""num_orders"":1},{""price"":80120.49,""size"":0.02,""num_orders"":1},{""price"":80120.5,""size"":0.03125998,""num_orders"":1}]"
btc_usd_d10_20260827T084411Z,42,2026-08-27T09:26:11.793200Z,2026-08-27T09:26:11.793324Z,BTC-USD,10,ok,,135081931716,2026-08-27T09:26:10.843774492Z,0.66267707,1.08432377,-0.241354606332,80330.580000000002,80335.419999999998,80333,4.839999999997,0.602492126523,"[{""price"":80330.58,""size"":0.016,""num_orders"":1},{""price"":80329.59,""size"":0.03001868,""num_orders"":1},{""price"":80329.58,""size"":0.03001868,""num_orders"":1},{""price"":80329.57,""size"":0.03001868,""num_orders"":1},{""price"":80328.57,""size"":0.06223628,""num_orders"":1},{""price"":80321.01,""size"":0.00080913,""num_orders"":1},{""price"":80320.52,""size"":0.18450613,""num_orders"":1},{""price"":80320.51,""size"":0.29905549,""num_orders"":1},{""price"":80320.0,""size"":0.01,""num_orders"":1},{""price"":80319.56,""size"":1.4e-05,""num_orders"":1}]","[{""price"":80335.42,""size"":0.0715,""num_orders"":1},{""price"":80337.11,""size"":0.0004979,""num_orders"":1},{""price"":80337.18,""size"":0.14933566,""num_orders"":1},{""price"":80337.59,""size"":0.00624476,""num_orders"":1},{""price"":80339.65,""size"":0.08915339,""num_orders"":1},{""price"":80339.66,""size"":0.14933566,""num_orders"":1},{""price"":80341.22,""size"":0.02931117,""num_orders"":1},{""price"":80341.23,""size"":0.04909743,""num_orders"":1},{""price"":80344.48,""size"":0.39051214,""num_orders"":1},{""price"":80344.49,""size"":0.14933566,""num_orders"":1}]"
btc_usd_d10_20260827T084411Z,43,2026-08-27T09:27:11.793200Z,2026-08-27T09:27:11.793326Z,BTC-USD,10,ok,,135082101953,2026-08-27T09:27:11.042847267Z,1.45261374,0.79125967,0.294737691998,80418.160000000003,80418.169999999998,80418.165000000008,0.009999999995,0.001243500146,"[{""price"":80418.16,""size"":0.05997595,""num_orders"":2},{""price"":80415.23,""size"":0.104,""num_orders"":1},{""price"":80415.12,""size"":0.04353124,""num_orders"":1},{""price"":80415.0,""size"":0.01,""num_orders"":1},{""price"":80413.5,""size"":1.0,""num_orders"":1},{""price"":80410.0,""size"":0.01,""num_orders"":1},{""price"":80408.66,""size"":0.08206951,""num_orders"":2},{""price"":80408.65,""size"":0.04353124,""num_orders"":1},{""price"":80408.63,""size"":0.0994918,""num_orders"":1},{""price"":80408.3,""size"":1.4e-05,""num_orders"":1}]","[{""price"":80418.17,""size"":0.05744311,""num_orders"":2},{""price"":80419.78,""size"":0.01243475,""num_orders"":1},{""price"":80420.18,""size"":0.0039792,""num_orders"":1},{""price"":80422.9,""size"":0.004974,""num_orders"":1},{""price"":80425.43,""size"":0.14916469,""num_orders"":1},{""price"":80427.76,""size"":0.09946814,""num_orders"":1},{""price"":80427.91,""size"":0.29840553,""num_orders"":1},{""price"":80427.92,""size"":0.14916469,""num_orders"":1},{""price"":80429.99,""size"":0.00622556,""num_orders"":1},{""price"":80430.0,""size"":0.01,""num_orders"":1}]"
btc_usd_d10_20260827T084411Z,44,2026-08-27T09:28:11.793200Z,2026-08-27T09:28:11.793331Z,BTC-USD,10,ok,,135082239217,2026-08-27T09:28:09.547693481Z,1.34944701,0.14390038,0.807278090867,80390.720000000001,80390.729999999996,80390.725000000006,0.009999999995,0.001243924594,"[{""price"":80390.72,""size"":0.248357,""num_orders"":3},{""price"":80389.38,""size"":0.20475767,""num_orders"":2},{""price"":80389.37,""size"":0.1000132,""num_orders"":2},{""price"":80388.71,""size"":0.14923832,""num_orders"":1},{""price"":80386.49,""size"":0.02,""num_orders"":1},{""price"":80385.35,""size"":0.1886242,""num_orders"":1},{""price"":80385.34,""size"":0.14924344,""num_orders"":1},{""price"":80385.33,""size"":0.02,""num_orders"":1},{""price"":80385.32,""size"":0.14671,""num_orders"":1},{""price"":80382.58,""size"":0.12250318,""num_orders"":1}]","[{""price"":80390.73,""size"":0.00398071,""num_orders"":1},{""price"":80393.91,""size"":0.00349313,""num_orders"":1},{""price"":80394.46,""size"":0.00497576,""num_orders"":1},{""price"":80397.38,""size"":0.00238755,""num_orders"":1},{""price"":80400.0,""size"":0.01,""num_orders"":1},{""price"":80405.0,""size"":0.01,""num_orders"":1},{""price"":80407.77,""size"":0.00583,""num_orders"":1},{""price"":80408.3,""size"":1.4e-05,""num_orders"":1},{""price"":80408.31,""size"":0.00323,""num_orders"":1},{""price"":80408.66,""size"":0.09998923,""num_orders"":2}]"
btc_usd_d10_20260827T084411Z,45,2026-08-27T09:29:11.793200Z,2026-08-27T09:29:11.793325Z,BTC-USD,10,ok,,135082351116,2026-08-27T09:29:09.483675982Z,1.22082802,0.48399956,0.432201161363,80485.389999999999,80486.529999999999,80485.959999999992,1.139999999999,0.141639610188,"[{""price"":80485.39,""size"":0.17819055,""num_orders"":1},{""price"":80485.38,""size"":0.14923832,""num_orders"":1},{""price"":80485.36,""size"":0.14923832,""num_orders"":1},{""price"":80483.59,""size"":0.15024651,""num_orders"":2},{""price"":80483.55,""size"":0.0248498,""num_orders"":2},{""price"":80482.91,""size"":0.09989697,""num_orders"":2},{""price"":80481.28,""size"":0.14924344,""num_orders"":1},{""price"":80478.86,""size"":0.0037621,""num_orders"":1},{""price"":80478.42,""size"":0.16691857,""num_orders"":2},{""price"":80478.41,""size"":0.14924344,""num_orders"":1}]","[{""price"":80486.53,""size"":0.0715,""num_orders"":1},{""price"":80487.18,""size"":0.00105822,""num_orders"":2},{""price"":80492.16,""size"":0.15751207,""num_orders"":2},{""price"":80492.17,""size"":0.09988549,""num_orders"":2},{""price"":80492.68,""size"":0.02,""num_orders"":1},{""price"":80492.72,""size"":0.05595451,""num_orders"":1},{""price"":80495.19,""size"":0.02,""num_orders"":1},{""price"":80495.2,""size"":0.05186293,""num_orders"":1},{""price"":80496.02,""size"":0.00621234,""num_orders"":1},{""price"":80497.04,""size"":1.4e-05,""num_orders"":1}]"
btc_usd_d10_20260827T084411Z,46,2026-08-27T09:30:11.793200Z,2026-08-27T09:30:11.793335Z,BTC-USD,10,ok,,135082422929,2026-08-27T09:30:10.101899426Z,0.74250877,0.93499467,-0.11474545769,80507.380000000005,80507.389999999999,80507.385000000009,0.009999999995,0.001242122073,"[{""price"":80507.38,""size"":4.198e-05,""num_orders"":1},{""price"":80506.9,""size"":1.389e-05,""num_orders"":1},{""price"":80505.21,""size"":0.00502787,""num_orders"":1},{""price"":80503.56,""size"":5.223e-05,""num_orders"":1},{""price"":80500.03,""size"":0.13214602,""num_orders"":1},{""price"":80500.02,""size"":0.14923832,""num_orders"":1},{""price"":80500.0,""size"":0.0721118,""num_orders"":2},{""price"":80499.04,""size"":0.14350305,""num_orders"":1},{""price"":80497.04,""size"":1.4e-05,""num_orders"":1},{""price"":80496.72,""size"":0.24035961,""num_orders"":1}]","[{""price"":80507.39,""size"":0.21026,""num_orders"":1},{""price"":80507.4,""size"":0.09986659,""num_orders"":2},{""price"":80512.68,""size"":0.01044394,""num_orders"":1},{""price"":80514.7,""size"":0.00397457,""num_orders"":1},{""price"":80516.21,""size"":0.24489114,""num_orders"":1},{""price"":80516.22,""size"":0.14924344,""num_orders"":1},{""price"":80517.41,""size"":0.00496822,""num_orders"":1},{""price"":80518.22,""size"":0.06210332,""num_orders"":1},{""price"":80518.27,""size"":1e-08,""num_orders"":1},{""price"":80519.17,""size"":0.14924344,""num_orders"":1}]"
btc_usd_d10_20260827T084411Z,47,2026-08-27T09:31:11.793200Z,2026-08-27T09:31:11.793325Z,BTC-USD,10,ok,,135082540231,2026-08-27T09:31:10.190041200Z,1.03964121,0.31010879,0.540494476755,80360.470000000001,80360.479999999996,80360.475000000006,0.009999999995,0.001244392843,"[{""price"":80360.47,""size"":0.02796055,""num_orders"":2},{""price"":80358.87,""size"":0.01485835,""num_orders"":1},{""price"":80358.86,""size"":0.02488836,""num_orders"":2},{""price"":80357.71,""size"":0.00086938,""num_orders"":1},{""price"":80355.62,""size"":0.32724059,""num_orders"":1},{""price"":80355.61,""size"":0.14936193,""num_orders"":1},{""price"":80355.59,""size"":0.14936193,""num_orders"":1},{""price"":80355.06,""size"":0.10005591,""num_orders"":2},{""price"":80352.7,""size"":0.14936193,""num_orders"":1},{""price"":80350.18,""size"":0.09568228,""num_orders"":1}]","[{""price"":80360.48,""size"":0.00398209,""num_orders"":1},{""price"":80361.51,""size"":0.00178358,""num_orders"":2},{""price"":80362.49,""size"":0.00398209,""num_orders"":1},{""price"":80362.7,""size"":0.10004642,""num_orders"":2},{""price"":80363.51,""size"":0.01246971,""num_orders"":1},{""price"":80363.52,""size"":6.274e-05,""num_orders"":1},{""price"":80365.53,""size"":0.00011588,""num_orders"":1},{""price"":80366.23,""size"":0.0049775,""num_orders"":1},{""price"":80367.7,""size"":0.00622271,""num_orders"":1},{""price"":80368.07,""size"":0.17646607,""num_orders"":1}]"
btc_usd_d10_20260827T084411Z,48,2026-08-27T09:32:11.793200Z,2026-08-27T09:32:11.793355Z,BTC-USD,10,ok,,135082629009,2026-08-27T09:32:10.045007108Z,1.24872856,1.10609991,0.060568594196,80316.710000000006,80317.419999999998,80317.065000000002,0.709999999992,0.088399644583,"[{""price"":80316.71,""size"":0.29752091,""num_orders"":2},{""price"":80316.7,""size"":0.14938487,""num_orders"":1},{""price"":80316.56,""size"":0.14936193,""num_orders"":1},{""price"":80316.54,""size"":0.14936193,""num_orders"":1},{""price"":80315.1,""size"":0.02490192,""num_orders"":2},{""price"":80312.86,""size"":0.00571936,""num_orders"":3},{""price"":80311.97,""size"":0.14938487,""num_orders"":1},{""price"":80311.96,""size"":0.20298316,""num_orders"":2},{""price"":80311.95,""size"":0.10010961,""num_orders"":2},{""price"":80310.01,""size"":0.02,""num_orders"":1}]","[{""price"":80317.42,""size"":0.0715,""num_orders"":1},{""price"":80318.42,""size"":0.00398414,""num_orders"":1},{""price"":80320.15,""size"":0.00398428,""num_orders"":1},{""price"":80320.95,""size"":0.10009841,""num_orders"":2},{""price"":80322.3,""size"":0.0040663,""num_orders"":2},{""price"":80322.86,""size"":0.00498035,""num_orders"":1},{""price"":80324.2,""size"":0.37959445,""num_orders"":2},{""price"":80324.21,""size"":0.24894599,""num_orders"":1},{""price"":80325.42,""size"":0.24894599,""num_orders"":1},{""price"":80325.89,""size"":0.04,""num_orders"":1}]"
btc_usd_d10_20260827T084411Z,49,2026-08-27T09:33:11.793200Z,2026-08-27T09:33:11.793353Z,BTC-USD,10,ok,,135082712061,2026-08-27T09:33:10.046374496Z,1.01395504,0.93504526,0.040487310341,80339.270000000004,80339.279999999999,80339.274999999994,0.009999999995,0.001244721214,"[{""price"":80339.27,""size"":0.10568351,""num_orders"":5},{""price"":80337.26,""size"":0.0039831,""num_orders"":1},{""price"":80335.86,""size"":0.00080906,""num_orders"":1},{""price"":80334.79,""size"":0.36050742,""num_orders"":1},{""price"":80334.78,""size"":0.17431557,""num_orders"":1},{""price"":80334.55,""size"":0.00497888,""num_orders"":1},{""price"":80334.17,""size"":0.14936193,""num_orders"":1},{""price"":80332.51,""size"":0.02,""num_orders"":1},{""price"":80332.37,""size"":0.02,""num_orders"":1},{""price"":80332.36,""size"":0.17431557,""num_orders"":1}]","[{""price"":80339.28,""size"":0.00164893,""num_orders"":2},{""price"":80339.88,""size"":0.10007483,""num_orders"":2},{""price"":80346.77,""size"":0.0684397,""num_orders"":1},{""price"":80349.13,""size"":0.00622564,""num_orders"":1},{""price"":80349.14,""size"":1.4e-05,""num_orders"":1},{""price"":80349.48,""size"":0.06598777,""num_orders"":1},{""price"":80349.49,""size"":0.17431557,""num_orders"":1},{""price"":80349.53,""size"":0.24897689,""num_orders"":1},{""price"":80349.57,""size"":0.14936193,""num_orders"":1},{""price"":80349.58,""size"":0.12,""num_orders"":2}]"
btc_usd_d10_20260827T084411Z,50,2026-08-27T09:34:11.793200Z,2026-08-27T09:34:11.793359Z,BTC-USD,10,ok,,135082779491,2026-08-27T09:34:10.112424874Z,2.67149239,0.74788457,0.562560911681,80286.610000000001,80286.619999999995,80286.614999999991,0.009999999995,0.001245537627,"[{""price"":80286.61,""size"":0.06014738,""num_orders"":4},{""price"":80279.84,""size"":1.2e-07,""num_orders"":1},{""price"":80279.59,""size"":0.10014997,""num_orders"":2},{""price"":80279.5,""size"":0.17431557,""num_orders"":1},{""price"":80279.49,""size"":0.85107903,""num_orders"":2},{""price"":80279.34,""size"":0.06228252,""num_orders"":1},{""price"":80278.62,""size"":0.07706668,""num_orders"":3},{""price"":80277.01,""size"":0.17431557,""num_orders"":1},{""price"":80277.0,""size"":1.0,""num_orders"":1},{""price"":80275.11,""size"":0.17213555,""num_orders"":1}]","[{""price"":80286.62,""size"":0.03623136,""num_orders"":3},{""price"":80287.48,""size"":0.10014014,""num_orders"":2},{""price"":80288.63,""size"":0.00398572,""num_orders"":1},{""price"":80288.83,""size"":0.00345672,""num_orders"":1},{""price"":80289.14,""size"":0.14936193,""num_orders"":1},{""price"":80289.15,""size"":0.0684397,""num_orders"":1},{""price"":80290.46,""size"":0.17431557,""num_orders"":1},{""price"":80291.34,""size"":0.00498215,""num_orders"":1},{""price"":80291.43,""size"":0.00197529,""num_orders"":1},{""price"":80291.72,""size"":0.20499599,""num_orders"":1}]"
btc_usd_d10_20260827T084411Z,51,2026-08-27T09:35:11.793200Z,2026-08-27T09:35:11.793323Z,BTC-USD,10,ok,,135082871300,2026-08-27T09:35:10.128689792Z,0.82396309,0.82200073,0.001192225477,80207.970000000001,80213,80210.485000000001,5.029999999999,0.627100060547,"[{""price"":80207.97,""size"":0.03031868,""num_orders"":1},{""price"":80206.96,""size"":0.17431557,""num_orders"":1},{""price"":80206.95,""size"":0.01573832,""num_orders"":1},{""price"":80206.94,""size"":0.10024068,""num_orders"":2},{""price"":80206.05,""size"":0.104,""num_orders"":1},{""price"":80204.94,""size"":0.00398949,""num_orders"":1},{""price"":80204.07,""size"":0.17431557,""num_orders"":1},{""price"":80203.68,""size"":0.19481792,""num_orders"":2},{""price"":80202.25,""size"":0.00622686,""num_orders"":1},{""price"":80202.24,""size"":0.02,""num_orders"":1}]","[{""price"":80213.0,""size"":0.1315,""num_orders"":3},{""price"":80213.89,""size"":0.10023201,""num_orders"":2},{""price"":80214.61,""size"":0.02493312,""num_orders"":2},{""price"":80216.0,""size"":0.00247943,""num_orders"":1},{""price"":80216.23,""size"":0.11765559,""num_orders"":2},{""price"":80216.24,""size"":0.00623421,""num_orders"":1},{""price"":80218.44,""size"":0.17431557,""num_orders"":1},{""price"":80219.51,""size"":0.009865,""num_orders"":1},{""price"":80220.0,""size"":0.01,""num_orders"":1},{""price"":80220.84,""size"":0.2447858,""num_orders"":1}]"
btc_usd_d10_20260827T084411Z,52,2026-08-27T09:36:11.793200Z,2026-08-27T09:36:11.793339Z,BTC-USD,10,ok,,135082925103,2026-08-27T09:36:10.341126481Z,1.36472607,0.58447447,0.400293137616,80226.429999999993,80233.949999999997,80230.190000000002,7.520000000004,0.937303027701,"[{""price"":80226.43,""size"":0.45332878,""num_orders"":9},{""price"":80226.42,""size"":0.00192172,""num_orders"":1},{""price"":80225.28,""size"":0.14936193,""num_orders"":1},{""price"":80224.82,""size"":0.02492994,""num_orders"":2},{""price"":80224.42,""size"":0.00398871,""num_orders"":1},{""price"":80223.29,""size"":0.10704297,""num_orders"":1},{""price"":80223.28,""size"":0.17431557,""num_orders"":1},{""price"":80221.71,""size"":0.00498588,""num_orders"":1},{""price"":80219.21,""size"":0.17431557,""num_orders"":1},{""price"":80219.2,""size"":0.270535,""num_orders"":2}]","[{""price"":80233.95,""size"":0.06701185,""num_orders"":1},{""price"":80234.72,""size"":0.14,""num_orders"":3},{""price"":80235.0,""size"":0.01,""num_orders"":1},{""price"":80235.16,""size"":0.06701185,""num_orders"":1},{""price"":80238.22,""size"":0.10881575,""num_orders"":1},{""price"":80239.44,""size"":0.00623193,""num_orders"":1},{""price"":80240.0,""size"":0.01,""num_orders"":1},{""price"":80240.41,""size"":0.00935009,""num_orders"":1},{""price"":80240.68,""size"":1.4e-05,""num_orders"":1},{""price"":80241.02,""size"":0.166039,""num_orders"":1}]"
btc_usd_d10_20260827T084411Z,53,2026-08-27T09:37:11.793200Z,2026-08-27T09:37:11.793329Z,BTC-USD,10,ok,,135083010140,2026-08-27T09:37:10.541882583Z,0.78806256,1.2880853,-0.240841584375,80270.259999999995,80270.270000000004,80270.264999999999,0.010000000009,0.001245791329,"[{""price"":80270.26,""size"":1.391e-05,""num_orders"":1},{""price"":80265.02,""size"":0.05604766,""num_orders"":1},{""price"":80265.0,""size"":0.01,""num_orders"":1},{""price"":80260.75,""size"":0.12645545,""num_orders"":1},{""price"":80260.74,""size"":0.14936193,""num_orders"":1},{""price"":80260.4,""size"":0.06245624,""num_orders"":4},{""price"":80260.0,""size"":0.01,""num_orders"":1},{""price"":80259.19,""size"":0.21750317,""num_orders"":1},{""price"":80258.31,""size"":0.10017654,""num_orders"":2},{""price"":80257.24,""size"":0.05604766,""num_orders"":1}]","[{""price"":80270.27,""size"":0.42848779,""num_orders"":7},{""price"":80272.28,""size"":0.00398653,""num_orders"":1},{""price"":80274.86,""size"":0.1040664,""num_orders"":1},{""price"":80274.87,""size"":0.17431557,""num_orders"":1},{""price"":80274.99,""size"":0.00498316,""num_orders"":1},{""price"":80275.01,""size"":0.02,""num_orders"":1},{""price"":80277.79,""size"":0.26393028,""num_orders"":2},{""price"":80277.8,""size"":0.17431557,""num_orders"":1},{""price"":80279.04,""size"":0.104,""num_orders"":1},{""price"":80280.0,""size"":0.01,""num_orders"":1}]"
btc_usd_d10_20260827T084411Z,54,2026-08-27T09:38:11.793200Z,2026-08-27T09:38:11.793336Z,BTC-USD,10,ok,,135083071192,2026-08-27T09:38:10.173259476Z,0.76812078,1.22264351,-0.228315693768,80239.330000000002,80239.339999999997,80239.334999999992,0.009999999995,0.001246271544,"[{""price"":80239.33,""size"":0.00953313,""num_orders"":2},{""price"":80237.32,""size"":0.00398806,""num_orders"":1},{""price"":80236.66,""size"":0.02604246,""num_orders"":1},{""price"":80236.65,""size"":0.04362221,""num_orders"":1},{""price"":80234.96,""size"":0.21110888,""num_orders"":1},{""price"":80234.95,""size"":0.17431557,""num_orders"":1},{""price"":80234.61,""size"":0.00498508,""num_orders"":1},{""price"":80232.37,""size"":0.17431557,""num_orders"":1},{""price"":80231.65,""size"":0.10020982,""num_orders"":2},{""price"":80230.72,""size"":0.02,""num_orders"":1}]","[{""price"":80239.34,""size"":0.25682619,""num_orders"":5},{""price"":80240.53,""size"":0.01195993,""num_orders"":2},{""price"":80243.34,""size"":0.00124626,""num_orders"":1},{""price"":80244.69,""size"":0.29171279,""num_orders"":1},{""price"":80244.7,""size"":0.17431557,""num_orders"":1},{""price"":80244.72,""size"":0.06,""num_orders"":2},{""price"":80245.22,""size"":0.08,""num_orders"":1},{""price"":80247.28,""size"":0.0062282,""num_orders"":1},{""price"":80247.29,""size"":0.17431557,""num_orders"":1},{""price"":80248.35,""size"":0.166039,""num_orders"":1}]"
btc_usd_d10_20260827T084411Z,55,2026-08-27T09:39:11.793200Z,2026-08-27T09:39:11.793363Z,BTC-USD,10,ok,,135083125448,2026-08-27T09:39:10.044349614Z,1.39697496,0.64813127,0.366163712679,80282.320000000007,80282.330000000002,80282.325000000012,0.009999999995,0.001245604184,"[{""price"":80282.32,""size"":0.49542959,""num_orders"":7},{""price"":80281.57,""size"":0.14940733,""num_orders"":2},{""price"":80281.56,""size"":0.18110689,""num_orders"":1},{""price"":80281.55,""size"":0.17431557,""num_orders"":1},{""price"":80281.53,""size"":0.10014755,""num_orders"":2},{""price"":80280.71,""size"":0.02491258,""num_orders"":2},{""price"":80280.31,""size"":0.00398593,""num_orders"":1},{""price"":80279.67,""size"":0.1617646,""num_orders"":2},{""price"":80279.1,""size"":0.06228271,""num_orders"":1},{""price"":80278.64,""size"":0.04362221,""num_orders"":1}]","[{""price"":80282.33,""size"":0.00382187,""num_orders"":2},{""price"":80283.94,""size"":0.02491158,""num_orders"":2},{""price"":80287.36,""size"":0.085,""num_orders"":1},{""price"":80289.74,""size"":0.00622803,""num_orders"":1},{""price"":80289.98,""size"":0.0850152,""num_orders"":2},{""price"":80290.0,""size"":0.01,""num_orders"":1},{""price"":80292.59,""size"":0.10013377,""num_orders"":2},{""price"":80294.57,""size"":0.14936193,""num_orders"":1},{""price"":80294.58,""size"":0.17431557,""num_orders"":1},{""price"":80294.6,""size"":0.00934332,""num_orders"":1}]"
btc_usd_d10_20260827T084411Z,56,2026-08-27T09:40:11.793200Z,2026-08-27T09:40:11.793330Z,BTC-USD,10,ok,,135083179848,2026-08-27T09:40:11.178964052Z,0.69570457,0.67454849,0.01543954224,80256.229999999996,80256.240000000005,80256.235000000001,0.010000000009,0.001246009112,"[{""price"":80256.23,""size"":0.00072887,""num_orders"":1},{""price"":80250.54,""size"":1.4e-05,""num_orders"":1},{""price"":80250.0,""size"":0.01,""num_orders"":1},{""price"":80245.99,""size"":0.00049846,""num_orders"":1},{""price"":80245.8,""size"":0.19920547,""num_orders"":1},{""price"":80245.79,""size"":0.17431557,""num_orders"":1},{""price"":80245.27,""size"":0.14936193,""num_orders"":1},{""price"":80245.0,""size"":0.01,""num_orders"":1},{""price"":80244.03,""size"":0.04362221,""num_orders"":1},{""price"":80243.39,""size"":0.10795806,""num_orders"":1}]","[{""price"":80256.24,""size"":0.20735005,""num_orders"":5},{""price"":80256.79,""size"":0.10017843,""num_orders"":2},{""price"":80258.23,""size"":0.00158498,""num_orders"":1},{""price"":80258.25,""size"":0.00398722,""num_orders"":1},{""price"":80260.8,""size"":0.14936193,""num_orders"":1},{""price"":80260.81,""size"":0.00622937,""num_orders"":1},{""price"":80260.83,""size"":0.17431557,""num_orders"":1},{""price"":80260.84,""size"":0.00998701,""num_orders"":1},{""price"":80260.96,""size"":0.00498403,""num_orders"":1},{""price"":80262.67,""size"":0.0165699,""num_orders"":1}]"
btc_usd_d10_20260827T084411Z,57,2026-08-27T09:41:11.793200Z,2026-08-27T09:41:11.793326Z,BTC-USD,10,ok,,135083234796,2026-08-27T09:41:11.105220529Z,0.9564135,1.39541661,-0.186664465317,80299.839999999997,80299.850000000006,80299.845000000001,0.010000000009,0.001245332417,"[{""price"":80299.84,""size"":1.385e-05,""num_orders"":1},{""price"":80293.78,""size"":0.03115744,""num_orders"":1},{""price"":80292.51,""size"":0.02490892,""num_orders"":2},{""price"":80290.69,""size"":0.10013613,""num_orders"":2},{""price"":80290.31,""size"":0.17431557,""num_orders"":1},{""price"":80290.0,""size"":0.01,""num_orders"":1},{""price"":80289.98,""size"":1.4e-05,""num_orders"":1},{""price"":80289.65,""size"":0.14936193,""num_orders"":1},{""price"":80287.71,""size"":0.29219009,""num_orders"":1},{""price"":80287.7,""size"":0.17431557,""num_orders"":1}]","[{""price"":80299.85,""size"":0.21753177,""num_orders"":8},{""price"":80300.02,""size"":0.32415759,""num_orders"":1},{""price"":80300.03,""size"":0.17431557,""num_orders"":1},{""price"":80301.46,""size"":0.02490614,""num_orders"":2},{""price"":80301.85,""size"":0.00623126,""num_orders"":1},{""price"":80301.86,""size"":0.00398506,""num_orders"":1},{""price"":80303.58,""size"":0.17431557,""num_orders"":1},{""price"":80303.67,""size"":0.15922393,""num_orders"":2},{""price"":80304.57,""size"":0.00498132,""num_orders"":1},{""price"":80306.0,""size"":0.3057684,""num_orders"":1}]"
btc_usd_d10_20260827T084411Z,58,2026-08-27T09:42:11.793200Z,2026-08-27T09:42:11.793323Z,BTC-USD,10,ok,,135083275571,2026-08-27T09:42:10.183392857Z,0.90483412,0.93234382,-0.014973889791,80260.979999999996,80260.990000000005,80260.985000000001,0.010000000009,0.001245935371,"[{""price"":80260.98,""size"":0.03911781,""num_orders"":2},{""price"":80259.87,""size"":0.10017458,""num_orders"":2},{""price"":80258.97,""size"":0.00398699,""num_orders"":1},{""price"":80256.27,""size"":0.02160248,""num_orders"":2},{""price"":80256.26,""size"":0.00498374,""num_orders"":1},{""price"":80256.15,""size"":0.03115744,""num_orders"":1},{""price"":80255.82,""size"":0.36013358,""num_orders"":1},{""price"":80255.81,""size"":0.14936193,""num_orders"":1},{""price"":80255.78,""size"":0.17431557,""num_orders"":1},{""price"":80253.31,""size"":0.02,""num_orders"":1}]","[{""price"":80260.99,""size"":0.08075076,""num_orders"":5},{""price"":80261.74,""size"":0.00996767,""num_orders"":1},{""price"":80264.44,""size"":0.00622889,""num_orders"":1},{""price"":80265.33,""size"":0.15001949,""num_orders"":1},{""price"":80265.45,""size"":0.10016762,""num_orders"":2},{""price"":80266.07,""size"":0.15001948,""num_orders"":1},{""price"":80267.88,""size"":0.00080985,""num_orders"":1},{""price"":80268.85,""size"":0.02,""num_orders"":1},{""price"":80268.86,""size"":0.26501813,""num_orders"":1},{""price"":80269.01,""size"":0.14936193,""num_orders"":1}]"
btc_usd_d10_20260827T084411Z,59,2026-08-27T09:43:11.793200Z,2026-08-27T09:43:11.793329Z,BTC-USD,10,ok,,135083326679,2026-08-27T09:43:10.182861622Z,0.68740355,0.63281791,0.041345820875,80205.369999999995,80205.380000000005,80205.375,0.010000000009,0.001246799234,"[{""price"":80205.37,""size"":0.00398961,""num_orders"":1},{""price"":80203.76,""size"":0.0249592,""num_orders"":3},{""price"":80202.66,""size"":0.00498702,""num_orders"":1},{""price"":80200.67,""size"":0.14980058,""num_orders"":3},{""price"":80199.0,""size"":3e-05,""num_orders"":1},{""price"":80198.86,""size"":0.00013045,""num_orders"":1},{""price"":80198.77,""size"":0.00030673,""num_orders"":1},{""price"":80198.24,""size"":0.17431557,""num_orders"":1},{""price"":80196.99,""size"":0.17952246,""num_orders"":2},{""price"":80196.98,""size"":0.14936193,""num_orders"":1}]","[{""price"":80205.38,""size"":0.0241,""num_orders"":1},{""price"":80205.95,""size"":0.10024193,""num_orders"":2},{""price"":80206.42,""size"":0.00997386,""num_orders"":1},{""price"":80206.99,""size"":0.02493548,""num_orders"":2},{""price"":80207.38,""size"":0.00081039,""num_orders"":1},{""price"":80208.61,""size"":0.2812581,""num_orders"":1},{""price"":80208.62,""size"":0.17431557,""num_orders"":1},{""price"":80208.98,""size"":0.00398961,""num_orders"":1},{""price"":80211.0,""size"":0.00398957,""num_orders"":1},{""price"":80211.11,""size"":0.0092034,""num_orders"":2}]"
btc_usd_d10_20260827T194722Z,0,2026-08-27T19:47:22.714937Z,2026-08-27T19:47:22.714976Z,BTC-USD,10,ok,,135120101442,2026-08-27T19:47:20.046430630Z,0.17372529,0.76656197,-0.630484645724,80026.529999999999,80026.539999999994,80026.535000000003,0.009999999995,0.001249585527,"[{""price"":80026.53,""size"":0.02209538,""num_orders"":8},{""price"":80025.79,""size"":0.00081223,""num_orders"":1},{""price"":80024.92,""size"":0.02505696,""num_orders"":3},{""price"":80024.76,""size"":0.00837679,""num_orders"":1},{""price"":80024.53,""size"":0.00399867,""num_orders"":1},{""price"":80022.07,""size"":0.0786245,""num_orders"":2},{""price"":80022.06,""size"":0.029005,""num_orders"":1},{""price"":80021.83,""size"":0.00499834,""num_orders"":1},{""price"":80020.69,""size"":0.00049987,""num_orders"":1},{""price"":80020.49,""size"":0.00025755,""num_orders"":2}]","[{""price"":80026.54,""size"":0.23841337,""num_orders"":9},{""price"":80026.94,""size"":1.4e-05,""num_orders"":1},{""price"":80028.15,""size"":0.0249912,""num_orders"":2},{""price"":80029.25,""size"":0.13982194,""num_orders"":2},{""price"":80029.26,""size"":0.10046325,""num_orders"":2},{""price"":80029.49,""size"":1.1e-07,""num_orders"":1},{""price"":80030.95,""size"":0.00624909,""num_orders"":1},{""price"":80030.96,""size"":0.07497361,""num_orders"":1},{""price"":80031.54,""size"":1.875e-05,""num_orders"":1},{""price"":80033.38,""size"":0.18161665,""num_orders"":1}]"
btc_usd_d10_20260827T194722Z,1,2026-08-27T19:48:22.714937Z,2026-08-27T19:48:22.715093Z,BTC-USD,10,ok,,135120141922,2026-08-27T19:48:21.045974338Z,0.8613604,1.30799939,-0.20588516117,80010.800000000003,80010.809999999998,80010.804999999993,0.009999999995,0.001249831194,"[{""price"":80010.8,""size"":0.30840546,""num_orders"":13},{""price"":80010.66,""size"":0.00466387,""num_orders"":1},{""price"":80010.35,""size"":0.00049993,""num_orders"":1},{""price"":80009.97,""size"":0.07497361,""num_orders"":1},{""price"":80009.96,""size"":0.16740055,""num_orders"":1},{""price"":80009.95,""size"":0.15043239,""num_orders"":1},{""price"":80009.87,""size"":0.09998766,""num_orders"":1},{""price"":80009.19,""size"":0.02499712,""num_orders"":2},{""price"":80008.8,""size"":0.00399942,""num_orders"":1},{""price"":80008.44,""size"":0.02600039,""num_orders"":1}]","[{""price"":80010.81,""size"":0.01141533,""num_orders"":2},{""price"":80012.41,""size"":1.00309722,""num_orders"":4},{""price"":80012.42,""size"":0.01249806,""num_orders"":1},{""price"":80012.81,""size"":0.00399945,""num_orders"":1},{""price"":80014.91,""size"":0.02,""num_orders"":1},{""price"":80015.11,""size"":0.04,""num_orders"":1},{""price"":80015.51,""size"":0.00499932,""num_orders"":1},{""price"":80015.9,""size"":0.024,""num_orders"":1},{""price"":80016.63,""size"":0.08751279,""num_orders"":1},{""price"":80018.13,""size"":0.10047722,""num_orders"":2}]"
btc_usd_d10_20260827T194722Z,2,2026-08-27T19:49:22.714937Z,2026-08-27T19:49:22.715059Z,BTC-USD,10,ok,,135120183174,2026-08-27T19:49:20.539956281Z,0.59800489,0.55044591,0.041411421369,80000.490000000005,80000.5,80000.494999999995,0.009999999995,0.001249992265,"[{""price"":80000.49,""size"":0.11149047,""num_orders"":10},{""price"":80000.04,""size"":0.00049999,""num_orders"":1},{""price"":80000.01,""size"":0.17882871,""num_orders"":2},{""price"":79999.56,""size"":0.07497361,""num_orders"":1},{""price"":79999.55,""size"":0.10000055,""num_orders"":1},{""price"":79998.89,""size"":0.01331,""num_orders"":1},{""price"":79998.88,""size"":0.02500036,""num_orders"":2},{""price"":79997.13,""size"":0.00625034,""num_orders"":1},{""price"":79997.12,""size"":0.01267725,""num_orders"":4},{""price"":79997.04,""size"":0.07497361,""num_orders"":1}]","[{""price"":80000.5,""size"":0.05873731,""num_orders"":3},{""price"":80000.99,""size"":1.1e-07,""num_orders"":1},{""price"":80001.0,""size"":2.5e-05,""num_orders"":1},{""price"":80002.11,""size"":0.02499934,""num_orders"":2},{""price"":80002.3,""size"":0.2,""num_orders"":1},{""price"":80002.5,""size"":0.20399997,""num_orders"":2},{""price"":80003.17,""size"":0.00241694,""num_orders"":1},{""price"":80003.49,""size"":0.01526728,""num_orders"":1},{""price"":80005.2,""size"":0.00499996,""num_orders"":1},{""price"":80006.08,""size"":0.04,""num_orders"":1}]"
btc_usd_d10_20260827T194722Z,3,2026-08-27T19:50:22.714937Z,2026-08-27T19:50:22.715094Z,BTC-USD,10,ok,,135120223878,2026-08-27T19:50:20.687896237Z,0.36135245,0.67806448,-0.304701627286,80012.149999999994,80014.020000000004,80013.084999999992,1.87000000001,0.233711773519,"[{""price"":80012.15,""size"":0.03081237,""num_orders"":2},{""price"":80011.07,""size"":0.0071551,""num_orders"":1},{""price"":80011.06,""size"":0.07473987,""num_orders"":1},{""price"":80010.35,""size"":7.759e-05,""num_orders"":1},{""price"":80010.34,""size"":0.00017285,""num_orders"":1},{""price"":80010.14,""size"":0.0003457,""num_orders"":1},{""price"":80009.73,""size"":0.00049993,""num_orders"":1},{""price"":80009.25,""size"":0.09998842,""num_orders"":1},{""price"":80009.07,""size"":0.00399936,""num_orders"":1},{""price"":80006.55,""size"":0.14356126,""num_orders"":1}]","[{""price"":80014.02,""size"":0.024,""num_orders"":1},{""price"":80015.83,""size"":0.14,""num_orders"":3},{""price"":80017.0,""size"":1.4e-05,""num_orders"":1},{""price"":80017.65,""size"":0.07497361,""num_orders"":1},{""price"":80017.66,""size"":0.08749964,""num_orders"":1},{""price"":80018.61,""size"":0.10047662,""num_orders"":2},{""price"":80020.23,""size"":0.07497361,""num_orders"":1},{""price"":80022.66,""size"":0.10113463,""num_orders"":2},{""price"":80022.67,""size"":0.07497361,""num_orders"":1},{""price"":80022.74,""size"":1.876e-05,""num_orders"":1}]"
btc_usd_d10_20260827T194722Z,4,2026-08-27T19:51:22.714937Z,2026-08-27T19:51:22.715091Z,BTC-USD,10,ok,,135120265903,2026-08-27T19:51:21.184622349Z,0.62089132,1.13293108,-0.291956448954,80003.550000000003,80003.559999999998,80003.554999999993,0.009999999995,0.001249944455,"[{""price"":80003.55,""size"":0.02740998,""num_orders"":8},{""price"":80003.25,""size"":0.07497361,""num_orders"":1},{""price"":80003.24,""size"":0.11863825,""num_orders"":2},{""price"":80002.0,""size"":0.00049998,""num_orders"":1},{""price"":80000.66,""size"":0.03134423,""num_orders"":1},{""price"":80000.42,""size"":0.07497361,""num_orders"":1},{""price"":80000.41,""size"":0.10624926,""num_orders"":2},{""price"":80000.0,""size"":0.00188874,""num_orders"":2},{""price"":79999.94,""size"":0.09743482,""num_orders"":2},{""price"":79999.88,""size"":0.08747884,""num_orders"":1}]","[{""price"":80003.56,""size"":0.13762636,""num_orders"":7},{""price"":80003.9,""size"":0.2,""num_orders"":1},{""price"":80004.1,""size"":0.2,""num_orders"":1},{""price"":80004.8,""size"":0.024,""num_orders"":1},{""price"":80005.56,""size"":0.00399988,""num_orders"":1},{""price"":80006.4,""size"":0.5,""num_orders"":1},{""price"":80006.57,""size"":0.02,""num_orders"":1},{""price"":80006.87,""size"":0.04,""num_orders"":1},{""price"":80007.81,""size"":0.00230499,""num_orders"":1},{""price"":80008.26,""size"":0.00499985,""num_orders"":1}]"
btc_usd_d10_20260827T194722Z,5,2026-08-27T19:52:22.714937Z,2026-08-27T19:52:22.715078Z,BTC-USD,10,ok,,135120321889,2026-08-27T19:52:22.182841559Z,0.47895668,1.73873628,-0.568058618899,80035.839999999997,80035.850000000006,80035.845000000001,0.010000000009,0.001249440174,"[{""price"":80035.84,""size"":0.00786487,""num_orders"":4},{""price"":80035.41,""size"":0.07872547,""num_orders"":2},{""price"":80034.57,""size"":0.00049978,""num_orders"":1},{""price"":80034.36,""size"":0.09995706,""num_orders"":1},{""price"":80033.99,""size"":1.1e-07,""num_orders"":1},{""price"":80033.16,""size"":0.00758727,""num_orders"":1},{""price"":80033.03,""size"":0.02900188,""num_orders"":1},{""price"":80031.82,""size"":0.02900188,""num_orders"":1},{""price"":80030.98,""size"":0.15134475,""num_orders"":1},{""price"":80030.97,""size"":0.07497361,""num_orders"":1}]","[{""price"":80035.85,""size"":0.99999982,""num_orders"":6},{""price"":80038.35,""size"":0.024,""num_orders"":1},{""price"":80041.12,""size"":0.07497361,""num_orders"":1},{""price"":80043.53,""size"":0.15043239,""num_orders"":1},{""price"":80043.54,""size"":0.07497361,""num_orders"":1},{""price"":80043.81,""size"":0.06,""num_orders"":2},{""price"":80044.38,""size"":0.10044428,""num_orders"":2},{""price"":80044.61,""size"":0.08,""num_orders"":1},{""price"":80044.72,""size"":0.06991257,""num_orders"":3},{""price"":80044.75,""size"":0.104,""num_orders"":1}]"
btc_usd_d10_20260827T194722Z,6,2026-08-27T19:53:22.714937Z,2026-08-27T19:53:22.715090Z,BTC-USD,10,ok,,135120361075,2026-08-27T19:53:22.530906221Z,0.55769562,0.9499156,-0.260159897192,80029.630000000005,80029.639999999999,80029.635000000009,0.009999999995,0.001249537124,"[{""price"":80029.63,""size"":0.07149999,""num_orders"":1},{""price"":80028.5,""size"":0.00049982,""num_orders"":1},{""price"":80028.03,""size"":0.09996496,""num_orders"":1},{""price"":80028.02,""size"":0.02499124,""num_orders"":2},{""price"":80026.96,""size"":0.20474596,""num_orders"":1},{""price"":80026.95,""size"":0.07497361,""num_orders"":1},{""price"":80026.94,""size"":0.00842628,""num_orders"":3},{""price"":80026.08,""size"":0.03134423,""num_orders"":1},{""price"":80024.62,""size"":0.00124953,""num_orders"":1},{""price"":80024.57,""size"":0.04,""num_orders"":1}]","[{""price"":80029.64,""size"":0.56679674,""num_orders"":7},{""price"":80031.24,""size"":0.04,""num_orders"":1},{""price"":80031.25,""size"":0.02499024,""num_orders"":2},{""price"":80031.63,""size"":0.00399855,""num_orders"":1},{""price"":80033.2,""size"":0.00269136,""num_orders"":1},{""price"":80034.33,""size"":0.00499819,""num_orders"":1},{""price"":80035.15,""size"":0.07497361,""num_orders"":1},{""price"":80036.11,""size"":0.08746691,""num_orders"":1},{""price"":80037.64,""size"":0.04,""num_orders"":1},{""price"":80037.65,""size"":0.104,""num_orders"":1}]"
btc_usd_d10_20260827T194722Z,7,2026-08-27T19:54:22.714937Z,2026-08-27T19:54:22.715072Z,BTC-USD,10,ok,,135120405198,2026-08-27T19:54:20.039951483Z,2.48180021,0.37910644,0.734974617225,80016.860000000001,80016.869999999995,80016.864999999991,0.009999999995,0.001249736539,"[{""price"":80016.86,""size"":2.15233297,""num_orders"":6},{""price"":80015.26,""size"":0.07557459,""num_orders"":2},{""price"":80015.25,""size"":0.02499524,""num_orders"":2},{""price"":80014.46,""size"":0.0004999,""num_orders"":1},{""price"":80013.98,""size"":0.09998252,""num_orders"":1},{""price"":80012.99,""size"":0.00051329,""num_orders"":1},{""price"":80012.26,""size"":0.005,""num_orders"":1},{""price"":80011.54,""size"":0.04594384,""num_orders"":1},{""price"":80009.66,""size"":0.00198425,""num_orders"":1},{""price"":80009.06,""size"":0.07497361,""num_orders"":1}]","[{""price"":80016.87,""size"":0.00263984,""num_orders"":1},{""price"":80016.88,""size"":0.03,""num_orders"":1},{""price"":80016.9,""size"":0.03,""num_orders"":1},{""price"":80017.46,""size"":0.024,""num_orders"":1},{""price"":80018.48,""size"":0.02499422,""num_orders"":2},{""price"":80018.81,""size"":0.01799752,""num_orders"":1},{""price"":80018.87,""size"":0.00399925,""num_orders"":1},{""price"":80019.89,""size"":0.08747809,""num_orders"":1},{""price"":80020.02,""size"":0.01799752,""num_orders"":1},{""price"":80020.27,""size"":0.14,""num_orders"":3}]"
btc_usd_d10_20260827T194722Z,8,2026-08-27T19:55:22.714937Z,2026-08-27T19:55:22.715085Z,BTC-USD,10,ok,,135120455199,2026-08-27T19:55:20.334254832Z,0.71638674,0.90620184,-0.116982889156,80018.229999999996,80018.240000000005,80018.235000000001,0.010000000009,0.001249715144,"[{""price"":80018.23,""size"":0.10508365,""num_orders"":3},{""price"":80017.0,""size"":1.4e-05,""num_orders"":1},{""price"":80015.0,""size"":0.01,""num_orders"":1},{""price"":80014.06,""size"":0.09996464,""num_orders"":1},{""price"":80014.05,""size"":0.07497361,""num_orders"":1},{""price"":80012.99,""size"":1.1e-06,""num_orders"":1},{""price"":80012.27,""size"":0.08747134,""num_orders"":1},{""price"":80012.26,""size"":0.005,""num_orders"":1},{""price"":80011.53,""size"":0.04,""num_orders"":1},{""price"":80011.52,""size"":0.2938784,""num_orders"":2}]","[{""price"":80018.24,""size"":0.10549908,""num_orders"":3},{""price"":80018.73,""size"":0.024,""num_orders"":1},{""price"":80019.74,""size"":0.00011574,""num_orders"":1},{""price"":80020.32,""size"":0.00399908,""num_orders"":1},{""price"":80022.08,""size"":0.24986654,""num_orders"":1},{""price"":80023.02,""size"":0.00499885,""num_orders"":1},{""price"":80023.1,""size"":0.00394187,""num_orders"":1},{""price"":80024.26,""size"":0.08747134,""num_orders"":1},{""price"":80025.8,""size"":0.38630934,""num_orders"":1},{""price"":80025.81,""size"":0.04,""num_orders"":1}]"
btc_usd_d10_20260827T194722Z,9,2026-08-27T19:56:22.714937Z,2026-08-27T19:56:22.715053Z,BTC-USD,10,ok,,135120494723,2026-08-27T19:56:20.475945413Z,0.53004311,1.48618418,-0.474222859071,80033.490000000005,80033.5,80033.494999999995,0.009999999995,0.001249476859,"[{""price"":80033.49,""size"":0.00287345,""num_orders"":6},{""price"":80031.88,""size"":0.02499004,""num_orders"":2},{""price"":80031.49,""size"":0.00399832,""num_orders"":1},{""price"":80029.05,""size"":0.12222363,""num_orders"":1},{""price"":80029.04,""size"":0.09996317,""num_orders"":1},{""price"":80029.03,""size"":0.10046352,""num_orders"":2},{""price"":80028.79,""size"":0.00430301,""num_orders"":1},{""price"":80026.32,""size"":0.01158679,""num_orders"":6},{""price"":80024.24,""size"":0.05967801,""num_orders"":1},{""price"":80024.23,""size"":0.09996317,""num_orders"":1}]","[{""price"":80033.5,""size"":0.32166871,""num_orders"":9},{""price"":80036.4,""size"":0.1004543,""num_orders"":2},{""price"":80037.47,""size"":0.14323602,""num_orders"":1},{""price"":80037.48,""size"":0.09996317,""num_orders"":1},{""price"":80039.92,""size"":0.09996317,""num_orders"":1},{""price"":80040.62,""size"":0.38646642,""num_orders"":2},{""price"":80041.51,""size"":0.104,""num_orders"":1},{""price"":80042.69,""size"":0.04,""num_orders"":1},{""price"":80042.7,""size"":0.15043239,""num_orders"":1},{""price"":80042.71,""size"":0.04,""num_orders"":1}]"
btc_usd_d10_20260827T194722Z,10,2026-08-27T19:57:22.714937Z,2026-08-27T19:57:22.715044Z,BTC-USD,10,ok,,135120542306,2026-08-27T19:57:20.524298057Z,0.51282388,0.62479894,-0.098428985452,79990.270000000004,79990.279999999999,79990.274999999994,0.009999999995,0.001250151971,"[{""price"":79990.27,""size"":0.0541922,""num_orders"":12},{""price"":79989.85,""size"":0.00050006,""num_orders"":1},{""price"":79989.66,""size"":0.13948627,""num_orders"":1},{""price"":79989.65,""size"":0.09996317,""num_orders"":1},{""price"":79989.57,""size"":0.10001303,""num_orders"":1},{""price"":79989.26,""size"":0.00466512,""num_orders"":1},{""price"":79988.67,""size"":0.02500354,""num_orders"":2},{""price"":79988.27,""size"":0.00400048,""num_orders"":1},{""price"":79987.66,""size"":0.04500001,""num_orders"":1},{""price"":79987.27,""size"":0.04,""num_orders"":1}]","[{""price"":79990.28,""size"":0.18744035,""num_orders"":2},{""price"":79990.4,""size"":0.025,""num_orders"":1},{""price"":79991.44,""size"":0.00160544,""num_orders"":1},{""price"":79992.49,""size"":0.00400048,""num_orders"":1},{""price"":79993.38,""size"":0.02,""num_orders"":1},{""price"":79994.88,""size"":0.08751976,""num_orders"":1},{""price"":79995.19,""size"":0.0050006,""num_orders"":1},{""price"":79997.72,""size"":0.12,""num_orders"":2},{""price"":79997.87,""size"":2.246e-05,""num_orders"":1},{""price"":79998.23,""size"":0.17420985,""num_orders"":1}]"
btc_usd_d10_20260827T194722Z,11,2026-08-27T19:58:22.714937Z,2026-08-27T19:58:22.715046Z,BTC-USD,10,ok,,135120588811,2026-08-27T19:58:20.601186971Z,0.59534785,0.33005861,0.286673209521,79954.259999999995,79954.270000000004,79954.264999999999,0.010000000009,0.001250715019,"[{""price"":79954.26,""size"":0.06805918,""num_orders"":9},{""price"":79953.84,""size"":0.09996317,""num_orders"":1},{""price"":79953.83,""size"":0.10005773,""num_orders"":1},{""price"":79952.66,""size"":0.0250148,""num_orders"":2},{""price"":79952.26,""size"":0.00400228,""num_orders"":1},{""price"":79950.0,""size"":0.00759604,""num_orders"":1},{""price"":79949.97,""size"":0.15434439,""num_orders"":2},{""price"":79949.56,""size"":0.00500286,""num_orders"":1},{""price"":79949.04,""size"":0.09996317,""num_orders"":1},{""price"":79948.78,""size"":0.03134423,""num_orders"":1}]","[{""price"":79954.27,""size"":0.10754318,""num_orders"":4},{""price"":79954.28,""size"":0.00572,""num_orders"":1},{""price"":79955.66,""size"":0.04,""num_orders"":1},{""price"":79955.75,""size"":0.01066987,""num_orders"":2},{""price"":79955.8,""size"":0.025,""num_orders"":1},{""price"":79956.27,""size"":0.00400228,""num_orders"":1},{""price"":79956.6,""size"":0.00081296,""num_orders"":1},{""price"":79957.86,""size"":0.00500292,""num_orders"":1},{""price"":79964.73,""size"":0.09996317,""num_orders"":1},{""price"":79964.74,""size"":0.03134423,""num_orders"":1}]"
btc_usd_d10_20260827T194722Z,12,2026-08-27T19:59:22.714937Z,2026-08-27T19:59:22.715054Z,BTC-USD,10,ok,,135120633858,2026-08-27T19:59:21.630420527Z,0.4760529,2.68978672,-0.699256464546,79939.300000000003,79939.309999999998,79939.304999999993,0.009999999995,0.001250949079,"[{""price"":79939.3,""size"":0.00127276,""num_orders"":3},{""price"":79939.29,""size"":0.10007593,""num_orders"":1},{""price"":79937.9,""size"":0.14006916,""num_orders"":1},{""price"":79937.89,""size"":0.10621574,""num_orders"":2},{""price"":79937.83,""size"":0.01331,""num_orders"":1},{""price"":79937.7,""size"":0.02501948,""num_orders"":2},{""price"":79937.48,""size"":1.4e-05,""num_orders"":1},{""price"":79936.8,""size"":0.0875605,""num_orders"":1},{""price"":79936.29,""size"":0.00250199,""num_orders"":1},{""price"":79935.71,""size"":1.334e-05,""num_orders"":1}]","[{""price"":79939.31,""size"":0.16047875,""num_orders"":5},{""price"":79940.48,""size"":0.02370274,""num_orders"":1},{""price"":79940.74,""size"":0.25016198,""num_orders"":1},{""price"":79940.91,""size"":0.02501848,""num_orders"":2},{""price"":79941.31,""size"":0.00400303,""num_orders"":1},{""price"":79941.5,""size"":0.00086806,""num_orders"":1},{""price"":79942.51,""size"":2.0,""num_orders"":1},{""price"":79942.52,""size"":0.01000374,""num_orders"":1},{""price"":79945.18,""size"":0.00500372,""num_orders"":1},{""price"":79945.8,""size"":0.21054622,""num_orders"":1}]"
btc_usd_d10_20260827T194722Z,13,2026-08-27T20:00:22.714937Z,2026-08-27T20:00:22.715057Z,BTC-USD,10,ok,,135120702759,2026-08-27T20:00:22.038485759Z,0.30463421,1.21082601,-0.597964755551,79930.220000000001,79930.229999999996,79930.225000000006,0.009999999995,0.001251091185,"[{""price"":79930.22,""size"":0.0008132,""num_orders"":1},{""price"":79928.67,""size"":0.02510127,""num_orders"":3},{""price"":79923.03,""size"":0.01061683,""num_orders"":1},{""price"":79921.62,""size"":0.00050049,""num_orders"":1},{""price"":79921.53,""size"":0.10009817,""num_orders"":1},{""price"":79921.34,""size"":0.15012285,""num_orders"":1},{""price"":79920.01,""size"":0.00625539,""num_orders"":1},{""price"":79920.0,""size"":0.01,""num_orders"":1},{""price"":79919.81,""size"":0.00031281,""num_orders"":1},{""price"":79918.23,""size"":0.0008132,""num_orders"":1}]","[{""price"":79930.23,""size"":0.51960881,""num_orders"":5},{""price"":79930.26,""size"":0.025,""num_orders"":1},{""price"":79930.27,""size"":0.33055743,""num_orders"":3},{""price"":79930.28,""size"":0.00395046,""num_orders"":1},{""price"":79930.53,""size"":0.15012285,""num_orders"":1},{""price"":79931.39,""size"":0.0010896,""num_orders"":1},{""price"":79931.88,""size"":0.0250213,""num_orders"":2},{""price"":79933.08,""size"":0.00426311,""num_orders"":2},{""price"":79933.94,""size"":0.15012285,""num_orders"":1},{""price"":79934.53,""size"":0.0010896,""num_orders"":1}]"
btc_usd_d10_20260827T194722Z,14,2026-08-27T20:01:22.714937Z,2026-08-27T20:01:22.715045Z,BTC-USD,10,ok,,135120746891,2026-08-27T20:01:22.181142754Z,6.01597592,2.59432838,0.39738985067,79908.660000000003,79908.669999999998,79908.665000000008,0.009999999995,0.00125142874,"[{""price"":79908.66,""size"":0.00012279,""num_orders"":1},{""price"":79907.99,""size"":1.1e-07,""num_orders"":1},{""price"":79906.93,""size"":0.00081342,""num_orders"":1},{""price"":79906.19,""size"":0.01500227,""num_orders"":2},{""price"":79906.18,""size"":0.02502936,""num_orders"":2},{""price"":79903.32,""size"":0.10062159,""num_orders"":2},{""price"":79901.37,""size"":0.04,""num_orders"":1},{""price"":79901.36,""size"":0.15012285,""num_orders"":1},{""price"":79901.34,""size"":0.04,""num_orders"":1},{""price"":79901.33,""size"":5.64426353,""num_orders"":2}]","[{""price"":79908.67,""size"":0.23202887,""num_orders"":3},{""price"":79908.72,""size"":0.02446314,""num_orders"":3},{""price"":79908.89,""size"":0.025,""num_orders"":1},{""price"":79910.27,""size"":0.02502808,""num_orders"":2},{""price"":79910.29,""size"":0.10061282,""num_orders"":2},{""price"":79910.62,""size"":0.04,""num_orders"":1},{""price"":79910.72,""size"":0.02,""num_orders"":1},{""price"":79911.44,""size"":2.09647406,""num_orders"":9},{""price"":79914.01,""size"":1.1e-07,""num_orders"":1},{""price"":79914.94,""size"":0.0307213,""num_orders"":1}]"
btc_usd_d10_20260827T194722Z,15,2026-08-27T20:02:22.714937Z,2026-08-27T20:02:22.715086Z,BTC-USD,10,ok,,135120778294,2026-08-27T20:02:22.025990088Z,13.19280005,1.07011772,0.849944066529,79891.880000000005,79891.889999999999,79891.885000000009,0.009999999995,0.001251691582,"[{""price"":79891.88,""size"":0.53019444,""num_orders"":7},{""price"":79890.28,""size"":0.02503434,""num_orders"":2},{""price"":79890.01,""size"":12.47124665,""num_orders"":1},{""price"":79890.0,""size"":7.432e-05,""num_orders"":1},{""price"":79889.88,""size"":0.00400541,""num_orders"":1},{""price"":79889.79,""size"":0.00135399,""num_orders"":1},{""price"":79887.79,""size"":0.00019176,""num_orders"":2},{""price"":79887.78,""size"":1.4e-05,""num_orders"":1},{""price"":79887.18,""size"":0.00500676,""num_orders"":1},{""price"":79886.23,""size"":0.15567838,""num_orders"":1}]","[{""price"":79891.89,""size"":0.30814225,""num_orders"":11},{""price"":79891.95,""size"":0.03134423,""num_orders"":1},{""price"":79892.08,""size"":0.10063575,""num_orders"":2},{""price"":79892.3,""size"":0.2,""num_orders"":1},{""price"":79892.5,""size"":0.2,""num_orders"":1},{""price"":79892.66,""size"":0.025,""num_orders"":1},{""price"":79893.45,""size"":0.06,""num_orders"":2},{""price"":79894.01,""size"":0.00400545,""num_orders"":1},{""price"":79894.1,""size"":0.08499003,""num_orders"":1},{""price"":79895.25,""size"":0.05600001,""num_orders"":1}]"
btc_usd_d10_20260827T194722Z,16,2026-08-27T20:03:22.714937Z,2026-08-27T20:03:22.715079Z,BTC-USD,10,ok,,135120818601,2026-08-27T20:03:22.189760045Z,13.01334959,0.70744903,0.896879321737,79939.169999999998,79939.179999999993,79939.174999999988,0.009999999995,0.001250951113,"[{""price"":79939.17,""size"":12.46208809,""num_orders"":2},{""price"":79937.57,""size"":0.02501952,""num_orders"":2},{""price"":79935.38,""size"":0.0005004,""num_orders"":1},{""price"":79935.01,""size"":1.1e-06,""num_orders"":1},{""price"":79935.0,""size"":0.01,""num_orders"":1},{""price"":79934.99,""size"":1.1e-06,""num_orders"":1},{""price"":79934.96,""size"":0.06332413,""num_orders"":1},{""price"":79934.95,""size"":0.10008137,""num_orders"":1},{""price"":79933.49,""size"":0.0059892,""num_orders"":1},{""price"":79931.06,""size"":0.34634468,""num_orders"":2}]","[{""price"":79939.18,""size"":0.08038618,""num_orders"":4},{""price"":79939.2,""size"":0.10267488,""num_orders"":3},{""price"":79940.31,""size"":0.00011574,""num_orders"":1},{""price"":79941.2,""size"":0.00400304,""num_orders"":1},{""price"":79941.27,""size"":0.08757588,""num_orders"":1},{""price"":79941.91,""size"":0.10057302,""num_orders"":2},{""price"":79942.09,""size"":0.02099872,""num_orders"":1},{""price"":79943.28,""size"":0.15012285,""num_orders"":1},{""price"":79943.29,""size"":0.02099872,""num_orders"":1},{""price"":79943.41,""size"":0.14,""num_orders"":3}]"
btc_usd_d10_20260827T194722Z,17,2026-08-27T20:04:22.714937Z,2026-08-27T20:04:22.715058Z,BTC-USD,10,ok,,135120852055,2026-08-27T20:04:20.189234113Z,11.98008443,2.67360687,0.635094418838,79900.509999999995,79900.520000000004,79900.514999999999,0.010000000009,0.00125155639,"[{""price"":79900.51,""size"":11.40964568,""num_orders"":9},{""price"":79900.0,""size"":1.1e-06,""num_orders"":2},{""price"":79898.51,""size"":0.00400498,""num_orders"":1},{""price"":79897.72,""size"":1.4e-05,""num_orders"":1},{""price"":79895.94,""size"":0.15012285,""num_orders"":1},{""price"":79895.81,""size"":0.00205012,""num_orders"":1},{""price"":79893.54,""size"":0.15012285,""num_orders"":1},{""price"":79892.51,""size"":0.104,""num_orders"":1},{""price"":79890.98,""size"":0.15012285,""num_orders"":1},{""price"":79890.0,""size"":0.01,""num_orders"":1}]","[{""price"":79900.52,""size"":2.15096429,""num_orders"":14},{""price"":79900.57,""size"":0.05716836,""num_orders"":15},{""price"":79900.77,""size"":0.08,""num_orders"":1},{""price"":79901.56,""size"":0.06,""num_orders"":2},{""price"":79902.91,""size"":0.08797818,""num_orders"":1},{""price"":79910.22,""size"":0.04894296,""num_orders"":1},{""price"":79910.24,""size"":0.0819815,""num_orders"":1},{""price"":79912.65,""size"":0.00625711,""num_orders"":1},{""price"":79912.66,""size"":0.09996724,""num_orders"":1},{""price"":79914.82,""size"":0.00034723,""num_orders"":1}]"
btc_usd_d10_20260827T194722Z,18,2026-08-27T20:05:22.714937Z,2026-08-27T20:05:22.715058Z,BTC-USD,10,ok,,135120893680,2026-08-27T20:05:22.179319917Z,1.61341426,2.98449766,-0.298196969376,79921.369999999995,79921.380000000005,79921.375,0.010000000009,0.001251229725,"[{""price"":79921.37,""size"":1.03163837,""num_orders"":7},{""price"":79920.19,""size"":0.15012285,""num_orders"":1},{""price"":79919.77,""size"":0.0250251,""num_orders"":2},{""price"":79919.37,""size"":0.00400393,""num_orders"":1},{""price"":79919.18,""size"":0.15012285,""num_orders"":1},{""price"":79917.92,""size"":0.00050051,""num_orders"":1},{""price"":79916.87,""size"":0.100104,""num_orders"":1},{""price"":79916.67,""size"":0.00055242,""num_orders"":1},{""price"":79916.2,""size"":0.06,""num_orders"":1},{""price"":79916.19,""size"":0.09134423,""num_orders"":2}]","[{""price"":79921.38,""size"":0.12776213,""num_orders"":7},{""price"":79921.43,""size"":0.01310525,""num_orders"":3},{""price"":79922.98,""size"":0.0250241,""num_orders"":2},{""price"":79923.61,""size"":2.5,""num_orders"":1},{""price"":79924.05,""size"":0.14,""num_orders"":3},{""price"":79924.73,""size"":0.00050047,""num_orders"":1},{""price"":79924.95,""size"":0.1000939,""num_orders"":1},{""price"":79927.08,""size"":0.0139978,""num_orders"":2},{""price"":79927.54,""size"":1.4e-05,""num_orders"":1},{""price"":79928.4,""size"":0.06400001,""num_orders"":1}]"
btc_usd_d10_20260827T194722Z,19,2026-08-27T20:06:22.714937Z,2026-08-27T20:06:22.715055Z,BTC-USD,10,ok,,135120960083,2026-08-27T20:06:22.339582969Z,0.61203129,3.16664711,-0.676060661844,80055.639999999999,80057.199999999997,80056.419999999998,1.559999999998,0.19486257317,"[{""price"":80055.64,""size"":0.07161254,""num_orders"":2},{""price"":80053.63,""size"":0.00118505,""num_orders"":1},{""price"":80053.51,""size"":1.1e-06,""num_orders"":1},{""price"":80052.83,""size"":0.03814587,""num_orders"":1},{""price"":80052.82,""size"":0.06247633,""num_orders"":1},{""price"":80052.48,""size"":0.00091993,""num_orders"":1},{""price"":80052.37,""size"":0.00049967,""num_orders"":1},{""price"":80051.67,""size"":0.15012285,""num_orders"":1},{""price"":80051.66,""size"":0.18713246,""num_orders"":1},{""price"":80051.63,""size"":0.09993549,""num_orders"":1}]","[{""price"":80057.2,""size"":2.50441251,""num_orders"":7},{""price"":80061.56,""size"":0.00215788,""num_orders"":1},{""price"":80062.38,""size"":0.14,""num_orders"":3},{""price"":80063.17,""size"":0.1004207,""num_orders"":2},{""price"":80064.14,""size"":0.104,""num_orders"":1},{""price"":80064.36,""size"":0.15012285,""num_orders"":1},{""price"":80064.37,""size"":0.00625457,""num_orders"":1},{""price"":80064.82,""size"":0.06246333,""num_orders"":1},{""price"":80066.31,""size"":0.05261944,""num_orders"":1},{""price"":80066.52,""size"":0.04419583,""num_orders"":1}]"
btc_usd_d10_20260827T194722Z,20,2026-08-27T20:07:22.714937Z,2026-08-27T20:07:22.715044Z,BTC-USD,10,ok,,135121026559,2026-08-27T20:07:21.603583306Z,2.06647937,0.93698259,0.376064952725,79997.119999999995,79997.130000000005,79997.125,0.010000000009,0.001250044925,"[{""price"":79997.12,""size"":0.06043517,""num_orders"":6},{""price"":79992.44,""size"":0.19993267,""num_orders"":1},{""price"":79992.43,""size"":0.90932992,""num_orders"":1},{""price"":79991.75,""size"":0.00050005,""num_orders"":1},{""price"":79991.28,""size"":0.10001088,""num_orders"":1},{""price"":79990.47,""size"":0.1491518,""num_orders"":2},{""price"":79990.0,""size"":0.01,""num_orders"":1},{""price"":79989.43,""size"":0.19993267,""num_orders"":1},{""price"":79987.18,""size"":1.4e-05,""num_orders"":1},{""price"":79986.95,""size"":0.43717221,""num_orders"":1}]","[{""price"":79997.13,""size"":0.07398389,""num_orders"":3},{""price"":79998.32,""size"":0.06246333,""num_orders"":1},{""price"":80000.27,""size"":0.10049966,""num_orders"":2},{""price"":80000.86,""size"":0.00400005,""num_orders"":1},{""price"":80000.87,""size"":0.3417949,""num_orders"":1},{""price"":80000.88,""size"":0.19993267,""num_orders"":1},{""price"":80000.9,""size"":0.00405347,""num_orders"":1},{""price"":80000.94,""size"":0.14,""num_orders"":3},{""price"":80002.86,""size"":0.00400005,""num_orders"":1},{""price"":80003.46,""size"":0.00625457,""num_orders"":1}]"
btc_usd_d10_20260827T194722Z,21,2026-08-27T20:08:22.714937Z,2026-08-27T20:08:22.715046Z,BTC-USD,10,ok,,135121088288,2026-08-27T20:08:21.593428620Z,1.43674303,0.88968957,0.235146919795,79988.100000000006,79988.110000000001,79988.10500000001,0.009999999995,0.001250185886,"[{""price"":79988.1,""size"":0.12281216,""num_orders"":3},{""price"":79987.11,""size"":0.2316103,""num_orders"":1},{""price"":79987.1,""size"":0.19993267,""num_orders"":1},{""price"":79986.5,""size"":0.02500422,""num_orders"":2},{""price"":79985.36,""size"":0.00050009,""num_orders"":1},{""price"":79984.88,""size"":0.10001889,""num_orders"":1},{""price"":79984.49,""size"":0.06250108,""num_orders"":1},{""price"":79982.67,""size"":0.39043095,""num_orders"":1},{""price"":79982.66,""size"":0.19993267,""num_orders"":1},{""price"":79982.65,""size"":0.104,""num_orders"":1}]","[{""price"":79988.11,""size"":0.0360333,""num_orders"":4},{""price"":79988.3,""size"":0.2,""num_orders"":1},{""price"":79989.71,""size"":0.02500322,""num_orders"":2},{""price"":79989.95,""size"":0.04,""num_orders"":1},{""price"":79990.11,""size"":0.00400079,""num_orders"":1},{""price"":79990.54,""size"":0.07098968,""num_orders"":1},{""price"":79992.79,""size"":0.10050905,""num_orders"":2},{""price"":79992.81,""size"":0.00500099,""num_orders"":1},{""price"":79994.75,""size"":0.04599731,""num_orders"":1},{""price"":79996.05,""size"":0.36215523,""num_orders"":1}]"
btc_usd_d10_20260827T194722Z,22,2026-08-27T20:09:22.714937Z,2026-08-27T20:09:22.715030Z,BTC-USD,10,ok,,135121135228,2026-08-27T20:09:22.044806511Z,1.52050243,0.7829846,0.320174509513,79998.089999999997,79998.100000000006,79998.095000000001,0.010000000009,0.001250029767,"[{""price"":79998.09,""size"":0.6407318,""num_orders"":7},{""price"":79997.68,""size"":0.00050001,""num_orders"":1},{""price"":79997.22,""size"":0.07462773,""num_orders"":1},{""price"":79997.21,""size"":0.10000348,""num_orders"":1},{""price"":79996.49,""size"":0.0250011,""num_orders"":2},{""price"":79995.5,""size"":0.00081254,""num_orders"":1},{""price"":79993.85,""size"":0.26877025,""num_orders"":2},{""price"":79993.84,""size"":0.15012285,""num_orders"":1},{""price"":79993.3,""size"":0.19993267,""num_orders"":1},{""price"":79990.9,""size"":0.06,""num_orders"":1}]","[{""price"":79998.1,""size"":0.0124845,""num_orders"":2},{""price"":79998.15,""size"":0.01148419,""num_orders"":5},{""price"":79998.53,""size"":0.09623034,""num_orders"":5},{""price"":79999.7,""size"":0.0250001,""num_orders"":2},{""price"":79999.79,""size"":0.00625126,""num_orders"":1},{""price"":80000.16,""size"":0.02,""num_orders"":1},{""price"":80000.58,""size"":0.25000806,""num_orders"":1},{""price"":80001.79,""size"":0.25000806,""num_orders"":1},{""price"":80002.17,""size"":0.08751809,""num_orders"":1},{""price"":80004.59,""size"":0.024,""num_orders"":1}]"
btc_usd_d10_20260827T194722Z,23,2026-08-27T20:10:22.714937Z,2026-08-27T20:10:22.715029Z,BTC-USD,10,ok,,135121171143,2026-08-27T20:10:22.188757719Z,0.41822692,0.64536106,-0.213554632312,80017.699999999997,80017.710000000006,80017.705000000002,0.010000000009,0.001249723422,"[{""price"":80017.7,""size"":0.00169201,""num_orders"":6},{""price"":80017.51,""size"":1.6e-06,""num_orders"":1},{""price"":80017.5,""size"":3.5e-05,""num_orders"":1},{""price"":80017.49,""size"":1.6e-06,""num_orders"":1},{""price"":80017.31,""size"":0.09997836,""num_orders"":1},{""price"":80016.25,""size"":0.29148517,""num_orders"":1},{""price"":80016.09,""size"":0.02499498,""num_orders"":2},{""price"":80016.01,""size"":1.6e-06,""num_orders"":1},{""price"":80016.0,""size"":3.5e-05,""num_orders"":1},{""price"":80015.99,""size"":1.6e-06,""num_orders"":1}]","[{""price"":80017.71,""size"":0.09324038,""num_orders"":2},{""price"":80017.9,""size"":0.2,""num_orders"":2},{""price"":80018.1,""size"":0.2,""num_orders"":1},{""price"":80018.73,""size"":0.01518948,""num_orders"":1},{""price"":80018.94,""size"":0.1,""num_orders"":2},{""price"":80019.32,""size"":0.02499396,""num_orders"":2},{""price"":80019.43,""size"":2.5e-05,""num_orders"":1},{""price"":80019.7,""size"":0.00166599,""num_orders"":1},{""price"":80019.71,""size"":0.00399911,""num_orders"":1},{""price"":80020.17,""size"":0.00624714,""num_orders"":1}]"
btc_usd_d10_20260827T194722Z,24,2026-08-27T20:11:22.714937Z,2026-08-27T20:11:22.715043Z,BTC-USD,10,ok,,135121216486,2026-08-27T20:11:22.039798618Z,0.89299219,0.66707313,0.144813846641,79995.619999999995,79995.630000000005,79995.625,0.010000000009,0.001250068364,"[{""price"":79995.62,""size"":0.0016712,""num_orders"":1},{""price"":79995.24,""size"":0.09704399,""num_orders"":1},{""price"":79995.23,""size"":0.03750255,""num_orders"":1},{""price"":79995.22,""size"":0.10000596,""num_orders"":1},{""price"":79994.6,""size"":4.237e-05,""num_orders"":2},{""price"":79994.02,""size"":0.02500186,""num_orders"":2},{""price"":79991.03,""size"":0.33431295,""num_orders"":1},{""price"":79991.02,""size"":0.19993267,""num_orders"":1},{""price"":79990.85,""size"":0.08747864,""num_orders"":1},{""price"":79990.0,""size"":0.01,""num_orders"":1}]","[{""price"":79995.63,""size"":0.01721437,""num_orders"":2},{""price"":79997.23,""size"":0.02500086,""num_orders"":2},{""price"":79997.63,""size"":0.00400021,""num_orders"":1},{""price"":79997.86,""size"":0.07499333,""num_orders"":1},{""price"":79999.02,""size"":0.02,""num_orders"":1},{""price"":79999.24,""size"":0.19993267,""num_orders"":1},{""price"":80000.03,""size"":0.04,""num_orders"":1},{""price"":80000.33,""size"":0.00500027,""num_orders"":1},{""price"":80002.59,""size"":0.19993267,""num_orders"":1},{""price"":80002.6,""size"":0.08099875,""num_orders"":1}]"
btc_usd_d10_20260827T194722Z,25,2026-08-27T20:12:22.714937Z,2026-08-27T20:12:22.715026Z,BTC-USD,10,ok,,135121259662,2026-08-27T20:12:21.339781568Z,0.64375977,0.73768671,-0.067991732839,79993.100000000006,79995.460000000006,79994.279999999999,2.360000000001,0.295021094008,"[{""price"":79993.1,""size"":0.0715,""num_orders"":1},{""price"":79993.07,""size"":0.15574371,""num_orders"":1},{""price"":79993.06,""size"":0.10000867,""num_orders"":1},{""price"":79993.05,""size"":0.03,""num_orders"":1},{""price"":79993.03,""size"":0.10008876,""num_orders"":2},{""price"":79992.84,""size"":0.00077981,""num_orders"":2},{""price"":79991.45,""size"":0.0149266,""num_orders"":1},{""price"":79991.44,""size"":0.02500268,""num_orders"":2},{""price"":79985.93,""size"":0.05820826,""num_orders"":1},{""price"":79985.92,""size"":0.08750128,""num_orders"":1}]","[{""price"":79995.46,""size"":0.00938616,""num_orders"":2},{""price"":79997.22,""size"":0.06,""num_orders"":2},{""price"":79997.91,""size"":0.08750128,""num_orders"":1},{""price"":79998.12,""size"":0.22502519,""num_orders"":1},{""price"":80000.68,""size"":0.22502519,""num_orders"":1},{""price"":80001.01,""size"":1.1e-07,""num_orders"":1},{""price"":80001.63,""size"":0.09999796,""num_orders"":1},{""price"":80001.64,""size"":0.00049998,""num_orders"":1},{""price"":80001.89,""size"":0.00625084,""num_orders"":1},{""price"":80001.9,""size"":0.024,""num_orders"":1}]"
btc_usd_d10_20260827T194722Z,26,2026-08-27T20:13:22.714937Z,2026-08-27T20:13:22.715049Z,BTC-USD,10,ok,,135121295147,2026-08-27T20:13:21.631237630Z,0.69762656,0.52455931,0.141604688982,79993.710000000006,79994.5,79994.10500000001,0.789999999994,0.098757277176,"[{""price"":79993.71,""size"":0.00050003,""num_orders"":1},{""price"":79993.22,""size"":0.04375162,""num_orders"":1},{""price"":79992.36,""size"":0.05224905,""num_orders"":1},{""price"":79992.35,""size"":0.08751935,""num_orders"":1},{""price"":79990.17,""size"":0.22723334,""num_orders"":2},{""price"":79990.16,""size"":0.06,""num_orders"":1},{""price"":79990.11,""size"":0.06,""num_orders"":1},{""price"":79990.1,""size"":0.15012285,""num_orders"":1},{""price"":79990.0,""size"":0.01,""num_orders"":1},{""price"":79987.85,""size"":0.00625032,""num_orders"":1}]","[{""price"":79994.5,""size"":0.00690103,""num_orders"":1},{""price"":79994.51,""size"":0.03,""num_orders"":1},{""price"":79996.5,""size"":0.0040003,""num_orders"":1},{""price"":79998.08,""size"":0.01449802,""num_orders"":2},{""price"":79999.2,""size"":0.00500038,""num_orders"":1},{""price"":80000.01,""size"":0.00633754,""num_orders"":1},{""price"":80001.57,""size"":0.22502519,""num_orders"":1},{""price"":80001.72,""size"":0.00395043,""num_orders"":1},{""price"":80002.02,""size"":0.00382123,""num_orders"":2},{""price"":80004.06,""size"":0.22502519,""num_orders"":1}]"
btc_usd_d10_20260827T194722Z,27,2026-08-27T20:14:22.714937Z,2026-08-27T20:14:22.715060Z,BTC-USD,10,ok,,135121330635,2026-08-27T20:14:21.596379002Z,1.24283172,0.9684115,0.124102232408,79981.139999999999,79981.149999999994,79981.14499999999,0.009999999995,0.001250294678,"[{""price"":79981.14,""size"":0.10052369,""num_orders"":2},{""price"":79979.55,""size"":0.01492882,""num_orders"":1},{""price"":79979.54,""size"":0.0250064,""num_orders"":2},{""price"":79975.78,""size"":0.00125031,""num_orders"":1},{""price"":79975.25,""size"":0.08753973,""num_orders"":1},{""price"":79974.51,""size"":0.15012285,""num_orders"":1},{""price"":79974.5,""size"":0.04580903,""num_orders"":1},{""price"":79974.49,""size"":0.60752804,""num_orders"":2},{""price"":79974.48,""size"":0.15012285,""num_orders"":1},{""price"":79974.47,""size"":0.06,""num_orders"":1}]","[{""price"":79981.15,""size"":0.1015,""num_orders"":2},{""price"":79982.15,""size"":0.22502519,""num_orders"":1},{""price"":79982.75,""size"":0.0250054,""num_orders"":2},{""price"":79983.77,""size"":0.01302648,""num_orders"":3},{""price"":79985.24,""size"":0.22502519,""num_orders"":1},{""price"":79987.17,""size"":0.00625032,""num_orders"":1},{""price"":79987.18,""size"":1.4e-05,""num_orders"":1},{""price"":79987.24,""size"":0.08753973,""num_orders"":1},{""price"":79987.65,""size"":0.22502519,""num_orders"":1},{""price"":79987.72,""size"":0.06,""num_orders"":2}]"
btc_usd_d10_20260827T194722Z,28,2026-08-27T20:15:22.714937Z,2026-08-27T20:15:22.715046Z,BTC-USD,10,ok,,135121366444,2026-08-27T20:15:21.596706034Z,1.19535516,0.39104488,0.507003441578,79951.729999999996,79951.740000000005,79951.735000000001,0.010000000009,0.001250754597,"[{""price"":79951.73,""size"":0.10006035,""num_orders"":1},{""price"":79950.34,""size"":0.21586804,""num_orders"":1},{""price"":79950.33,""size"":0.22502519,""num_orders"":1},{""price"":79949.94,""size"":0.00125075,""num_orders"":1},{""price"":79949.52,""size"":0.00400236,""num_orders"":1},{""price"":79949.05,""size"":0.04375162,""num_orders"":1},{""price"":79948.33,""size"":0.08755809,""num_orders"":1},{""price"":79947.97,""size"":4.24e-05,""num_orders"":1},{""price"":79947.74,""size"":0.22502519,""num_orders"":1},{""price"":79947.73,""size"":0.29277117,""num_orders"":1}]","[{""price"":79951.74,""size"":0.07330388,""num_orders"":2},{""price"":79952.54,""size"":0.083137,""num_orders"":2},{""price"":79953.34,""size"":0.02501458,""num_orders"":2},{""price"":79953.54,""size"":0.0715,""num_orders"":1},{""price"":79953.74,""size"":0.00400241,""num_orders"":1},{""price"":79954.1,""size"":0.00402459,""num_orders"":1},{""price"":79954.54,""size"":0.03116214,""num_orders"":1},{""price"":79956.44,""size"":0.00500301,""num_orders"":1},{""price"":79957.37,""size"":0.03389727,""num_orders"":1},{""price"":79959.8,""size"":0.06,""num_orders"":1}]"
btc_usd_d10_20260827T194722Z,29,2026-08-27T20:16:22.714937Z,2026-08-27T20:16:22.715048Z,BTC-USD,10,ok,,135121399403,2026-08-27T20:16:21.603573145Z,1.04133145,0.77786359,0.144826615183,79973.919999999998,79973.929999999993,79973.924999999988,0.009999999995,0.001250407554,"[{""price"":79973.92,""size"":0.15505129,""num_orders"":2},{""price"":79972.04,""size"":0.06,""num_orders"":1},{""price"":79972.03,""size"":0.45236175,""num_orders"":1},{""price"":79972.02,""size"":0.22502519,""num_orders"":1},{""price"":79971.99,""size"":0.00012712,""num_orders"":1},{""price"":79971.45,""size"":0.01300011,""num_orders"":1},{""price"":79970.93,""size"":0.00276588,""num_orders"":1},{""price"":79970.26,""size"":0.06,""num_orders"":1},{""price"":79970.25,""size"":0.01300011,""num_orders"":1},{""price"":79970.01,""size"":0.06,""num_orders"":1}]","[{""price"":79973.93,""size"":0.06841424,""num_orders"":4},{""price"":79973.99,""size"":0.00406624,""num_orders"":2},{""price"":79975.99,""size"":0.00400135,""num_orders"":1},{""price"":79977.69,""size"":0.00500171,""num_orders"":1},{""price"":79978.0,""size"":0.00242324,""num_orders"":1},{""price"":79978.73,""size"":0.22502519,""num_orders"":1},{""price"":79981.26,""size"":0.22502519,""num_orders"":1},{""price"":79981.28,""size"":0.15012285,""num_orders"":1},{""price"":79981.35,""size"":0.08753081,""num_orders"":1},{""price"":79981.96,""size"":0.00625277,""num_orders"":1}]"
btc_usd_d10_20260827T194722Z,30,2026-08-27T20:17:22.714937Z,2026-08-27T20:17:22.715046Z,BTC-USD,10,ok,,135121439127,2026-08-27T20:17:22.528076195Z,0.5248139,0.40420919,0.129818850896,80005.479999999996,80005.490000000005,80005.485000000001,0.010000000009,0.001249914304,"[{""price"":80005.48,""size"":0.16945959,""num_orders"":4},{""price"":80005.08,""size"":0.00131004,""num_orders"":1},{""price"":80003.46,""size"":0.00399972,""num_orders"":1},{""price"":80002.95,""size"":0.01300026,""num_orders"":1},{""price"":80002.41,""size"":0.00081244,""num_orders"":1},{""price"":80001.75,""size"":0.0674607,""num_orders"":1},{""price"":80001.74,""size"":0.01300026,""num_orders"":1},{""price"":80000.6,""size"":0.10049923,""num_orders"":2},{""price"":79999.66,""size"":0.00499969,""num_orders"":1},{""price"":79997.14,""size"":0.15027197,""num_orders"":2}]","[{""price"":80005.49,""size"":0.01609839,""num_orders"":2},{""price"":80005.5,""size"":2.5e-05,""num_orders"":1},{""price"":80005.51,""size"":1.6e-06,""num_orders"":1},{""price"":80006.96,""size"":0.2,""num_orders"":1},{""price"":80006.99,""size"":1.6e-06,""num_orders"":1},{""price"":80007.0,""size"":2.5e-05,""num_orders"":1},{""price"":80007.01,""size"":1.6e-06,""num_orders"":1},{""price"":80007.06,""size"":1.4e-05,""num_orders"":1},{""price"":80007.29,""size"":0.08755152,""num_orders"":1},{""price"":80007.58,""size"":0.10049048,""num_orders"":2}]"
btc_usd_d10_20260827T194722Z,31,2026-08-27T20:18:22.714937Z,2026-08-27T20:18:22.715047Z,BTC-USD,10,ok,,135121465819,2026-08-27T20:18:20.189854513Z,0.88808817,0.58720235,0.203950215853,80009.369999999995,80011.449999999997,80010.410000000003,2.080000000002,0.259966171902,"[{""price"":80009.37,""size"":0.10001868,""num_orders"":1},{""price"":80009.36,""size"":0.21904508,""num_orders"":4},{""price"":80009.35,""size"":0.21885604,""num_orders"":3},{""price"":80009.34,""size"":0.20003736,""num_orders"":2},{""price"":80008.48,""size"":0.10048933,""num_orders"":2},{""price"":80007.75,""size"":0.01706218,""num_orders"":1},{""price"":80007.74,""size"":0.02499758,""num_orders"":2},{""price"":80007.37,""size"":0.00399947,""num_orders"":1},{""price"":80005.25,""size"":0.00158832,""num_orders"":1},{""price"":80004.67,""size"":0.00199413,""num_orders"":1}]","[{""price"":80011.45,""size"":0.07056113,""num_orders"":3},{""price"":80011.47,""size"":0.0162297,""num_orders"":2},{""price"":80011.49,""size"":0.02,""num_orders"":1},{""price"":80011.57,""size"":0.04,""num_orders"":1},{""price"":80012.16,""size"":0.00291205,""num_orders"":1},{""price"":80012.83,""size"":0.024996,""num_orders"":2},{""price"":80012.99,""size"":1.1e-07,""num_orders"":1},{""price"":80014.08,""size"":0.22502519,""num_orders"":1},{""price"":80014.98,""size"":0.08749759,""num_orders"":1},{""price"":80015.54,""size"":0.09998058,""num_orders"":1}]"
btc_usd_d10_20260827T194722Z,32,2026-08-27T20:19:22.714937Z,2026-08-27T20:19:22.715050Z,BTC-USD,10,ok,,135121501228,2026-08-27T20:19:20.345471031Z,20.41823979,0.48339277,0.953745931701,79979.389999999999,79979.399999999994,79979.39499999999,0.009999999995,0.001250322035,"[{""price"":79979.39,""size"":0.54363325,""num_orders"":7},{""price"":79976.88,""size"":0.52028091,""num_orders"":1},{""price"":79976.87,""size"":0.87149231,""num_orders"":1},{""price"":79974.9,""size"":0.22502519,""num_orders"":1},{""price"":79974.89,""size"":5.59142623,""num_orders"":1},{""price"":79974.88,""size"":12.00534111,""num_orders"":3},{""price"":79974.87,""size"":0.00013508,""num_orders"":1},{""price"":79973.33,""size"":0.08750563,""num_orders"":1},{""price"":79972.89,""size"":0.00025,""num_orders"":1},{""price"":79971.54,""size"":0.57315008,""num_orders"":1}]","[{""price"":79979.4,""size"":0.00010657,""num_orders"":2},{""price"":79981.4,""size"":0.00400103,""num_orders"":1},{""price"":79983.02,""size"":0.04,""num_orders"":1},{""price"":79984.1,""size"":0.00500128,""num_orders"":1},{""price"":79984.79,""size"":0.03125982,""num_orders"":1},{""price"":79984.8,""size"":0.15012285,""num_orders"":1},{""price"":79984.85,""size"":0.14,""num_orders"":3},{""price"":79985.32,""size"":0.08750563,""num_orders"":1},{""price"":79986.17,""size"":0.00625234,""num_orders"":1},{""price"":79989.7,""size"":0.01914325,""num_orders"":1}]"
btc_usd_d10_20260827T194722Z,33,2026-08-27T20:20:22.714937Z,2026-08-27T20:20:22.715048Z,BTC-USD,10,ok,,135121536340,2026-08-27T20:20:20.187494669Z,0.50490797,0.52036546,-0.015076456239,80044.789999999994,80044.800000000003,80044.794999999998,0.010000000009,0.001249300471,"[{""price"":80044.79,""size"":0.03457394,""num_orders"":2},{""price"":80044.65,""size"":8.482e-05,""num_orders"":1},{""price"":80044.28,""size"":1.1e-05,""num_orders"":1},{""price"":80044.25,""size"":1.1e-05,""num_orders"":1},{""price"":80043.18,""size"":0.02498652,""num_orders"":2},{""price"":80042.65,""size"":0.00417124,""num_orders"":2},{""price"":80041.44,""size"":0.15012285,""num_orders"":1},{""price"":80039.94,""size"":0.00499721,""num_orders"":1},{""price"":80039.42,""size"":0.0609242,""num_orders"":1},{""price"":80036.4,""size"":0.22502519,""num_orders"":1}]","[{""price"":80044.8,""size"":0.00399776,""num_orders"":1},{""price"":80045.19,""size"":0.00644229,""num_orders"":1},{""price"":80045.82,""size"":0.08562864,""num_orders"":1},{""price"":80046.78,""size"":0.22502519,""num_orders"":1},{""price"":80046.79,""size"":0.08,""num_orders"":1},{""price"":80046.8,""size"":0.00399776,""num_orders"":1},{""price"":80046.82,""size"":1.4e-05,""num_orders"":1},{""price"":80046.86,""size"":0.03125982,""num_orders"":1},{""price"":80046.87,""size"":0.06,""num_orders"":2},{""price"":80047.65,""size"":0.024,""num_orders"":1}]"
btc_usd_d10_20260827T194722Z,34,2026-08-27T20:21:22.714937Z,2026-08-27T20:21:22.715051Z,BTC-USD,10,ok,,135121570744,2026-08-27T20:21:21.022991503Z,0.88119744,0.97581323,-0.050950590392,80057.279999999999,80057.289999999994,80057.285000000003,0.009999999995,0.001249105562,"[{""price"":80057.28,""size"":0.06201273,""num_orders"":9},{""price"":80055.67,""size"":0.02498262,""num_orders"":2},{""price"":80055.0,""size"":0.04699467,""num_orders"":2},{""price"":80054.15,""size"":0.22254636,""num_orders"":1},{""price"":80054.14,""size"":0.04636767,""num_orders"":1},{""price"":80053.15,""size"":0.00144721,""num_orders"":1},{""price"":80052.95,""size"":0.22502519,""num_orders"":1},{""price"":80052.51,""size"":0.10043407,""num_orders"":2},{""price"":80050.82,""size"":0.00126407,""num_orders"":1},{""price"":80050.51,""size"":0.15012285,""num_orders"":1}]","[{""price"":80057.29,""size"":0.0685998,""num_orders"":3},{""price"":80058.9,""size"":0.0249816,""num_orders"":2},{""price"":80059.29,""size"":0.00399713,""num_orders"":1},{""price"":80059.5,""size"":0.09992568,""num_orders"":1},{""price"":80059.51,""size"":0.00049962,""num_orders"":1},{""price"":80059.67,""size"":0.08746518,""num_orders"":1},{""price"":80060.77,""size"":0.25993636,""num_orders"":1},{""price"":80060.78,""size"":0.37514804,""num_orders"":2},{""price"":80060.79,""size"":0.03125982,""num_orders"":1},{""price"":80061.05,""size"":0.024,""num_orders"":1}]"
btc_usd_d10_20260827T194722Z,35,2026-08-27T20:22:22.714937Z,2026-08-27T20:22:22.715043Z,BTC-USD,10,ok,,135121620189,2026-08-27T20:22:21.545104071Z,1.23541185,0.53768636,0.393506398047,80107.5,80107.509999999995,80107.505000000005,0.009999999995,0.001248322488,"[{""price"":80107.5,""size"":3.31e-06,""num_orders"":1},{""price"":80106.46,""size"":1.4e-05,""num_orders"":1},{""price"":80105.91,""size"":0.00318165,""num_orders"":1},{""price"":80105.0,""size"":0.01,""num_orders"":1},{""price"":80103.52,""size"":0.24973667,""num_orders"":1},{""price"":80103.51,""size"":0.40537172,""num_orders"":2},{""price"":80103.5,""size"":0.21699707,""num_orders"":1},{""price"":80103.0,""size"":0.09987141,""num_orders"":1},{""price"":80102.99,""size"":0.00049935,""num_orders"":1},{""price"":80101.1,""size"":0.24973667,""num_orders"":1}]","[{""price"":80107.51,""size"":0.03456248,""num_orders"":2},{""price"":80108.46,""size"":0.08741269,""num_orders"":1},{""price"":80109.43,""size"":0.024,""num_orders"":1},{""price"":80109.52,""size"":0.00399463,""num_orders"":1},{""price"":80110.45,""size"":0.09986213,""num_orders"":1},{""price"":80110.46,""size"":0.00049931,""num_orders"":1},{""price"":80111.29,""size"":0.00136535,""num_orders"":1},{""price"":80112.22,""size"":0.00499328,""num_orders"":1},{""price"":80112.98,""size"":0.03125982,""num_orders"":1},{""price"":80114.57,""size"":0.24973667,""num_orders"":1}]"
btc_usd_d10_20260827T194722Z,36,2026-08-27T20:23:22.714937Z,2026-08-27T20:23:22.715055Z,BTC-USD,10,ok,,135121667790,2026-08-27T20:23:22.341733619Z,1.33470961,0.80821053,0.245692347639,80065.740000000005,80065.75,80065.744999999995,0.009999999995,0.001248973577,"[{""price"":80065.74,""size"":0.06435688,""num_orders"":3},{""price"":80065.15,""size"":0.46287972,""num_orders"":1},{""price"":80065.14,""size"":0.27463589,""num_orders"":1},{""price"":80065.13,""size"":0.00624209,""num_orders"":1},{""price"":80064.13,""size"":0.02497998,""num_orders"":2},{""price"":80062.61,""size"":0.104,""num_orders"":1},{""price"":80062.1,""size"":0.27463589,""num_orders"":1},{""price"":80060.24,""size"":0.08741429,""num_orders"":1},{""price"":80060.05,""size"":0.00430505,""num_orders"":2},{""price"":80060.01,""size"":0.03125982,""num_orders"":1}]","[{""price"":80065.75,""size"":0.2,""num_orders"":1},{""price"":80072.07,""size"":0.024,""num_orders"":1},{""price"":80072.24,""size"":0.08741429,""num_orders"":1},{""price"":80073.27,""size"":0.04547828,""num_orders"":1},{""price"":80075.12,""size"":0.10040572,""num_orders"":2},{""price"":80076.51,""size"":0.02,""num_orders"":1},{""price"":80076.65,""size"":0.00795882,""num_orders"":2},{""price"":80076.91,""size"":0.04,""num_orders"":1},{""price"":80077.71,""size"":0.00831753,""num_orders"":1},{""price"":80078.5,""size"":0.27463589,""num_orders"":1}]"
btc_usd_d10_20260827T194722Z,37,2026-08-27T20:24:22.714937Z,2026-08-27T20:24:22.715061Z,BTC-USD,10,ok,,135121700025,2026-08-27T20:24:20.106846766Z,0.98449136,0.82113018,0.09047365485,80048.289999999994,80048.300000000003,80048.294999999998,0.010000000009,0.001249245847,"[{""price"":80048.29,""size"":0.06313039,""num_orders"":6},{""price"":80048.24,""size"":0.4797831,""num_orders"":2},{""price"":80048.23,""size"":0.09993974,""num_orders"":1},{""price"":80048.22,""size"":0.00049969,""num_orders"":1},{""price"":80046.82,""size"":1.4e-05,""num_orders"":1},{""price"":80046.72,""size"":0.00624573,""num_orders"":1},{""price"":80046.68,""size"":0.02498542,""num_orders"":2},{""price"":80046.29,""size"":0.00399758,""num_orders"":1},{""price"":80046.12,""size"":0.27463589,""num_orders"":1},{""price"":80046.11,""size"":0.03125982,""num_orders"":1}]","[{""price"":80048.3,""size"":0.01856323,""num_orders"":4},{""price"":80050.3,""size"":0.00399758,""num_orders"":1},{""price"":80051.47,""size"":0.00017361,""num_orders"":1},{""price"":80053.01,""size"":0.00499698,""num_orders"":1},{""price"":80053.89,""size"":0.27463589,""num_orders"":1},{""price"":80055.48,""size"":0.00261,""num_orders"":1},{""price"":80055.78,""size"":0.00395044,""num_orders"":1},{""price"":80056.16,""size"":0.08744371,""num_orders"":1},{""price"":80056.39,""size"":0.27463589,""num_orders"":1},{""price"":80056.4,""size"":0.15012285,""num_orders"":1}]"
btc_usd_d10_20260827T194722Z,38,2026-08-27T20:25:22.714937Z,2026-08-27T20:25:22.715080Z,BTC-USD,10,ok,,135121740793,2026-08-27T20:25:19.835197057Z,2.75414271,0.41352518,0.738908752836,80030.210000000006,80030.220000000001,80030.214999999997,0.009999999995,0.001249528068,"[{""price"":80030.21,""size"":0.50126523,""num_orders"":6},{""price"":80029.5,""size"":0.00249884,""num_orders"":1},{""price"":80028.61,""size"":0.01498231,""num_orders"":1},{""price"":80028.6,""size"":0.02499106,""num_orders"":2},{""price"":80028.21,""size"":0.00010494,""num_orders"":1},{""price"":80027.32,""size"":0.08748086,""num_orders"":1},{""price"":80027.23,""size"":0.32476907,""num_orders"":1},{""price"":80027.22,""size"":0.95325603,""num_orders"":1},{""price"":80027.21,""size"":0.84478037,""num_orders"":4},{""price"":80026.94,""size"":1.4e-05,""num_orders"":1}]","[{""price"":80030.22,""size"":0.0009894,""num_orders"":2},{""price"":80031.41,""size"":5.431e-05,""num_orders"":1},{""price"":80031.83,""size"":0.01249503,""num_orders"":1},{""price"":80035.42,""size"":0.02805554,""num_orders"":2},{""price"":80036.78,""size"":0.024,""num_orders"":1},{""price"":80039.32,""size"":0.08748086,""num_orders"":1},{""price"":80039.79,""size"":0.09995029,""num_orders"":1},{""price"":80039.8,""size"":0.00049975,""num_orders"":1},{""price"":80039.97,""size"":0.02,""num_orders"":1},{""price"":80041.49,""size"":0.14,""num_orders"":3}]"
btc_usd_d10_20260827T194722Z,39,2026-08-27T20:26:22.714937Z,2026-08-27T20:26:22.715081Z,BTC-USD,10,ok,,135121784703,2026-08-27T20:26:22.131282835Z,2.04858501,1.66785056,0.102446132276,80022.800000000003,80022.940000000002,80022.869999999995,0.139999999999,0.017494998617,"[{""price"":80022.8,""size"":0.32476907,""num_orders"":1},{""price"":80020.01,""size"":0.15012285,""num_orders"":1},{""price"":80020.0,""size"":0.06,""num_orders"":2},{""price"":80019.06,""size"":0.32476907,""num_orders"":1},{""price"":80017.0,""size"":1.4e-05,""num_orders"":1},{""price"":80016.65,""size"":0.32476907,""num_orders"":1},{""price"":80015.54,""size"":0.37924903,""num_orders"":1},{""price"":80015.53,""size"":0.15012285,""num_orders"":1},{""price"":80015.0,""size"":0.01,""num_orders"":1},{""price"":80013.97,""size"":0.32476907,""num_orders"":1}]","[{""price"":80022.94,""size"":0.17377,""num_orders"":1},{""price"":80026.95,""size"":0.24,""num_orders"":2},{""price"":80027.1,""size"":0.2,""num_orders"":1},{""price"":80027.3,""size"":0.2,""num_orders"":1},{""price"":80028.95,""size"":0.00399865,""num_orders"":1},{""price"":80029.11,""size"":0.31965115,""num_orders"":1},{""price"":80029.12,""size"":0.14,""num_orders"":3},{""price"":80029.49,""size"":0.024,""num_orders"":1},{""price"":80029.51,""size"":0.36018241,""num_orders"":4},{""price"":80031.64,""size"":0.00624835,""num_orders"":1}]"
btc_usd_d10_20260827T194722Z,40,2026-08-27T20:27:22.714937Z,2026-08-27T20:27:22.715044Z,BTC-USD,10,ok,,135121827654,2026-08-27T20:27:22.130154505Z,2.44762557,2.53764246,-0.018056579798,80026.929999999993,80026.940000000002,80026.934999999998,0.010000000009,0.001249579283,"[{""price"":80026.93,""size"":0.24902212,""num_orders"":6},{""price"":80026.92,""size"":0.00219825,""num_orders"":1},{""price"":80024.93,""size"":0.00399865,""num_orders"":1},{""price"":80024.45,""size"":0.0874994,""num_orders"":1},{""price"":80023.62,""size"":0.15012285,""num_orders"":1},{""price"":80023.61,""size"":0.19627445,""num_orders"":1},{""price"":80022.37,""size"":0.03125982,""num_orders"":1},{""price"":80022.36,""size"":0.32476907,""num_orders"":1},{""price"":80022.23,""size"":0.00499831,""num_orders"":1},{""price"":80019.97,""size"":1.39748265,""num_orders"":1}]","[{""price"":80026.94,""size"":0.06001276,""num_orders"":3},{""price"":80030.0,""size"":1.33,""num_orders"":1},{""price"":80034.62,""size"":0.32476907,""num_orders"":1},{""price"":80035.3,""size"":0.02,""num_orders"":1},{""price"":80035.48,""size"":0.14,""num_orders"":3},{""price"":80035.59,""size"":0.10045531,""num_orders"":2},{""price"":80036.44,""size"":0.0874994,""num_orders"":1},{""price"":80036.88,""size"":1.4e-05,""num_orders"":1},{""price"":80037.3,""size"":0.15012285,""num_orders"":1},{""price"":80037.31,""size"":0.32476907,""num_orders"":1}]"
btc_usd_d10_20260827T194722Z,41,2026-08-27T20:28:22.714937Z,2026-08-27T20:28:22.715071Z,BTC-USD,10,ok,,135121867618,2026-08-27T20:28:21.542684390Z,0.84958124,0.66686943,0.120486484404,80030.009999999995,80030.020000000004,80030.014999999999,0.010000000009,0.001249531193,"[{""price"":80030.01,""size"":0.03955842,""num_orders"":2},{""price"":80030.0,""size"":0.00353479,""num_orders"":1},{""price"":80029.44,""size"":0.07489613,""num_orders"":1},{""price"":80029.43,""size"":0.10046303,""num_orders"":2},{""price"":80028.41,""size"":0.02499112,""num_orders"":2},{""price"":80027.13,""size"":1.874e-05,""num_orders"":1},{""price"":80026.94,""size"":1.4e-05,""num_orders"":1},{""price"":80025.79,""size"":0.19388713,""num_orders"":1},{""price"":80025.78,""size"":0.32476907,""num_orders"":1},{""price"":80024.84,""size"":0.08744881,""num_orders"":1}]","[{""price"":80030.02,""size"":0.03539818,""num_orders"":2},{""price"":80031.64,""size"":0.02499012,""num_orders"":2},{""price"":80031.71,""size"":0.00081219,""num_orders"":1},{""price"":80032.02,""size"":0.00399849,""num_orders"":1},{""price"":80034.72,""size"":0.00499812,""num_orders"":1},{""price"":80036.27,""size"":0.10045445,""num_orders"":2},{""price"":80036.84,""size"":0.08744881,""num_orders"":1},{""price"":80037.63,""size"":0.32476907,""num_orders"":1},{""price"":80039.14,""size"":0.06,""num_orders"":1},{""price"":80039.15,""size"":0.024,""num_orders"":1}]"
btc_usd_d10_20260827T194722Z,42,2026-08-27T20:29:22.714937Z,2026-08-27T20:29:22.715063Z,BTC-USD,10,ok,,135121901661,2026-08-27T20:29:21.769660671Z,0.92128485,0.92769992,-0.003469509378,79987.229999999996,79989.479999999996,79988.354999999996,2.25,0.281290945413,"[{""price"":79987.23,""size"":0.03931868,""num_orders"":1},{""price"":79987.22,""size"":0.03931868,""num_orders"":1},{""price"":79987.21,""size"":0.03931868,""num_orders"":1},{""price"":79987.2,""size"":0.03931868,""num_orders"":1},{""price"":79987.19,""size"":0.03931868,""num_orders"":1},{""price"":79987.18,""size"":0.03933268,""num_orders"":2},{""price"":79987.14,""size"":0.34434427,""num_orders"":1},{""price"":79987.09,""size"":0.15012285,""num_orders"":1},{""price"":79986.06,""size"":0.18089165,""num_orders"":1},{""price"":79985.0,""size"":0.01,""num_orders"":1}]","[{""price"":79989.48,""size"":0.0715,""num_orders"":1},{""price"":79991.55,""size"":0.2,""num_orders"":1},{""price"":79992.1,""size"":0.10050992,""num_orders"":2},{""price"":79994.24,""size"":0.104,""num_orders"":1},{""price"":79994.46,""size"":0.00400034,""num_orders"":1},{""price"":79995.8,""size"":0.00129605,""num_orders"":1},{""price"":79996.46,""size"":0.00400034,""num_orders"":1},{""price"":79996.86,""size"":0.08748506,""num_orders"":1},{""price"":79997.5,""size"":0.34990778,""num_orders"":1},{""price"":79999.16,""size"":0.00500043,""num_orders"":1}]"
btc_usd_d10_20260827T194722Z,43,2026-08-27T20:30:22.714937Z,2026-08-27T20:30:22.715050Z,BTC-USD,10,ok,,135121932241,2026-08-27T20:30:21.845850168Z,2.26548096,0.95628811,0.40635837689,79986.059999999998,79986.070000000007,79986.065000000002,0.010000000009,0.001250217773,"[{""price"":79986.06,""size"":0.17499697,""num_orders"":1},{""price"":79985.0,""size"":0.01,""num_orders"":1},{""price"":79984.71,""size"":0.10001911,""num_orders"":1},{""price"":79984.7,""size"":0.00050009,""num_orders"":1},{""price"":79983.03,""size"":0.0012503,""num_orders"":1},{""price"":79982.04,""size"":0.34990778,""num_orders"":1},{""price"":79982.03,""size"":0.18138267,""num_orders"":2},{""price"":79981.21,""size"":0.08751626,""num_orders"":1},{""price"":79980.0,""size"":1.01,""num_orders"":2},{""price"":79979.02,""size"":0.34990778,""num_orders"":1}]","[{""price"":79986.07,""size"":0.0715,""num_orders"":1},{""price"":79986.22,""size"":0.06,""num_orders"":2},{""price"":79987.21,""size"":0.00674617,""num_orders"":1},{""price"":79987.22,""size"":0.00790098,""num_orders"":1},{""price"":79989.12,""size"":0.34990778,""num_orders"":1},{""price"":79989.22,""size"":0.00400063,""num_orders"":1},{""price"":79989.53,""size"":0.00081262,""num_orders"":1},{""price"":79990.95,""size"":0.10051136,""num_orders"":2},{""price"":79991.72,""size"":0.34990778,""num_orders"":1},{""price"":79991.92,""size"":0.00500079,""num_orders"":1}]"
btc_usd_d10_20260827T194722Z,44,2026-08-27T20:31:22.714937Z,2026-08-27T20:31:22.715061Z,BTC-USD,10,ok,,135121958841,2026-08-27T20:31:21.547049334Z,0.77902823,1.13287358,-0.18507506408,80004.020000000004,80004.029999999999,80004.024999999994,0.009999999995,0.001249937112,"[{""price"":80004.02,""size"":0.10579004,""num_orders"":6},{""price"":80004.01,""size"":1.1e-07,""num_orders"":1},{""price"":80003.78,""size"":0.00230917,""num_orders"":1},{""price"":80002.92,""size"":0.15012285,""num_orders"":1},{""price"":80002.41,""size"":0.02499924,""num_orders"":2},{""price"":80000.93,""size"":0.00125001,""num_orders"":1},{""price"":79999.76,""size"":0.06,""num_orders"":1},{""price"":79999.75,""size"":0.28706012,""num_orders"":2},{""price"":79997.53,""size"":0.06,""num_orders"":1},{""price"":79997.52,""size"":0.08749669,""num_orders"":1}]","[{""price"":80004.03,""size"":0.15022203,""num_orders"":7},{""price"":80006.03,""size"":0.00399979,""num_orders"":1},{""price"":80006.43,""size"":0.34990778,""num_orders"":1},{""price"":80006.75,""size"":0.06,""num_orders"":2},{""price"":80006.99,""size"":8.842e-05,""num_orders"":2},{""price"":80008.72,""size"":0.00625135,""num_orders"":1},{""price"":80008.73,""size"":0.00499974,""num_orders"":1},{""price"":80009.38,""size"":0.06,""num_orders"":1},{""price"":80009.39,""size"":0.34990778,""num_orders"":1},{""price"":80009.51,""size"":0.14749669,""num_orders"":2}]"
btc_usd_d10_20260827T194722Z,45,2026-08-27T20:32:22.714937Z,2026-08-27T20:32:22.715050Z,BTC-USD,10,ok,,135121989985,2026-08-27T20:32:21.547492608Z,1.17068771,0.39500407,0.495425504501,79998.679999999993,79998.690000000002,79998.684999999998,0.010000000009,0.001250020548,"[{""price"":79998.68,""size"":0.0005,""num_orders"":1},{""price"":79997.65,""size"":0.00125008,""num_orders"":1},{""price"":79997.1,""size"":0.01731357,""num_orders"":1},{""price"":79997.09,""size"":0.0250009,""num_orders"":2},{""price"":79996.69,""size"":0.00400006,""num_orders"":1},{""price"":79995.91,""size"":0.41779646,""num_orders"":1},{""price"":79995.9,""size"":0.34990778,""num_orders"":1},{""price"":79994.04,""size"":1.1e-05,""num_orders"":1},{""price"":79993.99,""size"":0.00500008,""num_orders"":1},{""price"":79993.22,""size"":0.34990778,""num_orders"":1}]","[{""price"":79998.69,""size"":0.06558265,""num_orders"":3},{""price"":79998.7,""size"":0.01414395,""num_orders"":3},{""price"":79999.71,""size"":0.00790086,""num_orders"":1},{""price"":80000.7,""size"":0.00400006,""num_orders"":1},{""price"":80001.3,""size"":0.25000475,""num_orders"":1},{""price"":80002.09,""size"":0.00348249,""num_orders"":1},{""price"":80003.09,""size"":0.00395069,""num_orders"":1},{""price"":80003.4,""size"":0.00500008,""num_orders"":1},{""price"":80004.03,""size"":0.01693854,""num_orders"":4},{""price"":80004.1,""size"":0.024,""num_orders"":1}]"
btc_usd_d10_20260827T194722Z,46,2026-08-27T20:33:22.714937Z,2026-08-27T20:33:22.715046Z,BTC-USD,10,ok,,135122023153,2026-08-27T20:33:21.187593513Z,1.37030905,0.63570826,0.366198629662,79995.089999999997,79995.100000000006,79995.095000000001,0.010000000009,0.001250076646,"[{""price"":79995.09,""size"":0.09712818,""num_orders"":3},{""price"":79993.81,""size"":0.00111433,""num_orders"":2},{""price"":79993.56,""size"":0.01567255,""num_orders"":1},{""price"":79993.55,""size"":0.02500202,""num_orders"":2},{""price"":79991.55,""size"":0.06,""num_orders"":1},{""price"":79991.54,""size"":0.46032624,""num_orders"":1},{""price"":79991.53,""size"":0.34990778,""num_orders"":1},{""price"":79990.99,""size"":0.00125017,""num_orders"":1},{""price"":79990.0,""size"":0.01,""num_orders"":1},{""price"":79989.01,""size"":0.34990778,""num_orders"":1}]","[{""price"":79995.1,""size"":0.105493,""num_orders"":3},{""price"":79995.16,""size"":3.94e-06,""num_orders"":1},{""price"":79996.95,""size"":7.89e-06,""num_orders"":1},{""price"":79997.16,""size"":0.00400024,""num_orders"":1},{""price"":79997.58,""size"":0.00110026,""num_orders"":1},{""price"":79999.14,""size"":0.24997978,""num_orders"":1},{""price"":79999.86,""size"":0.0050003,""num_orders"":1},{""price"":80000.56,""size"":0.06,""num_orders"":1},{""price"":80000.57,""size"":0.15012285,""num_orders"":1},{""price"":80001.88,""size"":0.06,""num_orders"":1}]"
btc_usd_d10_20260827T194722Z,47,2026-08-27T20:34:22.714937Z,2026-08-27T20:34:22.715051Z,BTC-USD,10,ok,,135122052616,2026-08-27T20:34:21.178586067Z,0.12241862,1.042762,-0.789871856949,80013.710000000006,80013.720000000001,80013.714999999997,0.009999999995,0.001249785739,"[{""price"":80013.71,""size"":0.00644892,""num_orders"":1},{""price"":80013.43,""size"":0.00133195,""num_orders"":1},{""price"":80011.7,""size"":0.0039993,""num_orders"":1},{""price"":80011.5,""size"":0.00017734,""num_orders"":2},{""price"":80010.55,""size"":0.00124983,""num_orders"":1},{""price"":80009.0,""size"":0.00499913,""num_orders"":1},{""price"":80008.03,""size"":0.09998996,""num_orders"":1},{""price"":80008.02,""size"":0.00049994,""num_orders"":1},{""price"":80007.71,""size"":0.00010847,""num_orders"":1},{""price"":80007.63,""size"":0.00361378,""num_orders"":1}]","[{""price"":80013.72,""size"":0.24527,""num_orders"":2},{""price"":80014.02,""size"":5.787e-05,""num_orders"":1},{""price"":80015.51,""size"":0.34990778,""num_orders"":1},{""price"":80015.52,""size"":0.03600234,""num_orders"":1},{""price"":80015.78,""size"":0.0051,""num_orders"":1},{""price"":80016.53,""size"":0.00049989,""num_orders"":1},{""price"":80016.73,""size"":0.03600234,""num_orders"":1},{""price"":80017.0,""size"":1.4e-05,""num_orders"":1},{""price"":80017.99,""size"":0.02,""num_orders"":1},{""price"":80018.14,""size"":0.34990778,""num_orders"":1}]"
btc_usd_d10_20260827T194722Z,48,2026-08-27T20:35:22.714937Z,2026-08-27T20:35:22.715062Z,BTC-USD,10,ok,,135122081125,2026-08-27T20:35:20.477775902Z,0.33282262,1.43869877,-0.624252214081,80008.550000000003,80010.550000000003,80009.550000000003,2,0.249970159812,"[{""price"":80008.55,""size"":0.05812886,""num_orders"":1},{""price"":80008.54,""size"":0.03541868,""num_orders"":1},{""price"":80008.51,""size"":5.962e-05,""num_orders"":1},{""price"":80008.5,""size"":0.06,""num_orders"":1},{""price"":80008.49,""size"":0.00188997,""num_orders"":1},{""price"":80007.68,""size"":0.00124989,""num_orders"":1},{""price"":80007.01,""size"":1.6e-06,""num_orders"":1},{""price"":80007.0,""size"":3.5e-05,""num_orders"":1},{""price"":80005.0,""size"":0.01,""num_orders"":1},{""price"":80004.47,""size"":0.166039,""num_orders"":1}]","[{""price"":80010.55,""size"":0.0715,""num_orders"":1},{""price"":80011.55,""size"":0.08008961,""num_orders"":2},{""price"":80013.13,""size"":0.34990778,""num_orders"":1},{""price"":80013.55,""size"":0.00399942,""num_orders"":1},{""price"":80015.69,""size"":0.34990778,""num_orders"":1},{""price"":80015.77,""size"":0.20417469,""num_orders"":5},{""price"":80016.25,""size"":0.00499927,""num_orders"":1},{""price"":80018.29,""size"":0.34990778,""num_orders"":1},{""price"":80018.72,""size"":0.024,""num_orders"":1},{""price"":80019.85,""size"":0.00021244,""num_orders"":1}]"
btc_usd_d10_20260827T194722Z,49,2026-08-27T20:36:22.714937Z,2026-08-27T20:36:22.715044Z,BTC-USD,10,ok,,135122110296,2026-08-27T20:36:20.534487749Z,5.65045881,1.28158549,0.630243133328,79987.199999999997,79987.210000000006,79987.205000000002,0.010000000009,0.001250199955,"[{""price"":79987.2,""size"":2.10784529,""num_orders"":2},{""price"":79987.18,""size"":4.342e-05,""num_orders"":2},{""price"":79985.6,""size"":0.0250045,""num_orders"":2},{""price"":79983.93,""size"":0.00013517,""num_orders"":1},{""price"":79981.03,""size"":0.01061683,""num_orders"":1},{""price"":79980.0,""size"":0.01,""num_orders"":1},{""price"":79979.01,""size"":1.4955632,""num_orders"":3},{""price"":79979.0,""size"":1.0,""num_orders"":1},{""price"":79978.22,""size"":0.0012504,""num_orders"":1},{""price"":79978.0,""size"":1.0,""num_orders"":1}]","[{""price"":79987.21,""size"":0.15557996,""num_orders"":4},{""price"":79988.49,""size"":0.34990778,""num_orders"":1},{""price"":79989.21,""size"":0.00400063,""num_orders"":1},{""price"":79991.4,""size"":0.34990778,""num_orders"":1},{""price"":79991.41,""size"":0.15012285,""num_orders"":1},{""price"":79991.53,""size"":0.00123879,""num_orders"":1},{""price"":79991.61,""size"":0.00790102,""num_orders"":1},{""price"":79991.88,""size"":0.25002503,""num_orders"":1},{""price"":79991.91,""size"":0.00500079,""num_orders"":1},{""price"":79992.16,""size"":0.00790086,""num_orders"":1}]"
btc_usd_d10_20260827T194722Z,50,2026-08-27T20:37:22.714937Z,2026-08-27T20:37:22.715092Z,BTC-USD,10,ok,,135122136235,2026-08-27T20:37:20.539787950Z,1.17760171,0.84099727,0.166751515945,80010.539999999994,80010.550000000003,80010.544999999998,0.010000000009,0.001249835257,"[{""price"":80010.54,""size"":0.14106561,""num_orders"":7},{""price"":80010.26,""size"":0.00124989,""num_orders"":1},{""price"":80009.46,""size"":0.00127813,""num_orders"":1},{""price"":80008.54,""size"":0.00399947,""num_orders"":1},{""price"":80006.07,""size"":0.08749253,""num_orders"":1},{""price"":80005.84,""size"":0.00499934,""num_orders"":1},{""price"":80005.08,""size"":0.20889494,""num_orders"":1},{""price"":80005.07,""size"":0.34990778,""num_orders"":1},{""price"":80002.54,""size"":0.27471402,""num_orders"":1},{""price"":80002.53,""size"":0.104,""num_orders"":1}]","[{""price"":80010.55,""size"":0.02749411,""num_orders"":3},{""price"":80014.44,""size"":0.0062495,""num_orders"":1},{""price"":80014.45,""size"":0.34990778,""num_orders"":1},{""price"":80014.47,""size"":0.03125982,""num_orders"":1},{""price"":80014.48,""size"":0.17103365,""num_orders"":1},{""price"":80014.69,""size"":0.02,""num_orders"":1},{""price"":80015.54,""size"":1.876e-05,""num_orders"":1},{""price"":80015.69,""size"":0.17103365,""num_orders"":1},{""price"":80016.24,""size"":0.024,""num_orders"":1},{""price"":80016.59,""size"":0.04,""num_orders"":1}]"
btc_usd_d10_20260827T194722Z,51,2026-08-27T20:38:22.714937Z,2026-08-27T20:38:22.715085Z,BTC-USD,10,ok,,135122157934,2026-08-27T20:38:21.026781208Z,1.02920859,0.60477735,0.259752075957,80012.580000000002,80012.589999999997,80012.584999999992,0.009999999995,0.00124980339,"[{""price"":80012.58,""size"":0.13051153,""num_orders"":4},{""price"":80011.18,""size"":0.00124989,""num_orders"":1},{""price"":80011.0,""size"":0.06811564,""num_orders"":2},{""price"":80010.97,""size"":0.02499658,""num_orders"":2},{""price"":80010.58,""size"":0.00399937,""num_orders"":1},{""price"":80009.42,""size"":0.00147247,""num_orders"":1},{""price"":80008.17,""size"":0.087495,""num_orders"":1},{""price"":80007.32,""size"":0.00076529,""num_orders"":2},{""price"":80006.88,""size"":0.35964479,""num_orders"":2},{""price"":80006.87,""size"":0.35095803,""num_orders"":2}]","[{""price"":80012.59,""size"":0.03684551,""num_orders"":6},{""price"":80014.2,""size"":0.02499556,""num_orders"":2},{""price"":80014.59,""size"":0.00399937,""num_orders"":1},{""price"":80015.3,""size"":0.08200166,""num_orders"":1},{""price"":80017.0,""size"":1.4e-05,""num_orders"":1},{""price"":80017.29,""size"":0.00499921,""num_orders"":1},{""price"":80017.4,""size"":0.34990778,""num_orders"":1},{""price"":80017.48,""size"":0.076,""num_orders"":1},{""price"":80017.65,""size"":0.024,""num_orders"":1},{""price"":80018.97,""size"":0.00201426,""num_orders"":1}]"
btc_usd_d10_20260827T194722Z,52,2026-08-27T20:39:22.714937Z,2026-08-27T20:39:22.715085Z,BTC-USD,10,ok,,135122183512,2026-08-27T20:39:20.832634301Z,1.07464232,1.11650826,-0.019106829253,79994.429999999993,79994.440000000002,79994.434999999998,0.010000000009,0.00125008696,"[{""price"":79994.43,""size"":0.10135334,""num_orders"":6},{""price"":79993.24,""size"":0.065395,""num_orders"":2},{""price"":79992.95,""size"":0.08749161,""num_orders"":1},{""price"":79992.83,""size"":0.02500224,""num_orders"":2},{""price"":79990.06,""size"":0.21561134,""num_orders"":1},{""price"":79990.05,""size"":0.34990778,""num_orders"":1},{""price"":79990.0,""size"":0.01,""num_orders"":1},{""price"":79989.38,""size"":0.00125024,""num_orders"":1},{""price"":79987.59,""size"":0.21862917,""num_orders"":1},{""price"":79987.51,""size"":1.6e-06,""num_orders"":1}]","[{""price"":79994.44,""size"":0.07190114,""num_orders"":4},{""price"":79996.04,""size"":0.02500124,""num_orders"":2},{""price"":79996.44,""size"":0.00400027,""num_orders"":1},{""price"":79997.56,""size"":0.34990778,""num_orders"":1},{""price"":79997.57,""size"":0.24997466,""num_orders"":1},{""price"":79997.61,""size"":0.00081255,""num_orders"":1},{""price"":79997.92,""size"":0.06,""num_orders"":2},{""price"":79999.14,""size"":0.00500034,""num_orders"":1},{""price"":79999.5,""size"":2.5e-06,""num_orders"":1},{""price"":80000.0,""size"":0.34990778,""num_orders"":1}]"
btc_usd_d10_20260827T194722Z,53,2026-08-27T20:40:22.714937Z,2026-08-27T20:40:22.715064Z,BTC-USD,10,ok,,135122204607,2026-08-27T20:40:21.114958845Z,0.54351675,1.20354396,-0.377792944585,80001.910000000003,80001.919999999998,80001.915000000008,0.009999999995,0.001249970078,"[{""price"":80001.91,""size"":0.03901552,""num_orders"":6},{""price"":80001.66,""size"":0.20216143,""num_orders"":1},{""price"":80001.65,""size"":0.10049791,""num_orders"":2},{""price"":80000.3,""size"":0.0249999,""num_orders"":2},{""price"":80000.0,""size"":0.02141391,""num_orders"":1},{""price"":79999.91,""size"":0.0039999,""num_orders"":1},{""price"":79999.79,""size"":0.08750115,""num_orders"":1},{""price"":79999.63,""size"":0.00267694,""num_orders"":1},{""price"":79998.98,""size"":0.06,""num_orders"":1},{""price"":79998.97,""size"":0.00125009,""num_orders"":1}]","[{""price"":80001.92,""size"":0.04223367,""num_orders"":4},{""price"":80003.1,""size"":0.2,""num_orders"":8},{""price"":80003.3,""size"":0.2,""num_orders"":1},{""price"":80003.9,""size"":0.11646868,""num_orders"":4},{""price"":80003.92,""size"":0.0039999,""num_orders"":1},{""price"":80006.24,""size"":0.34990778,""num_orders"":1},{""price"":80006.25,""size"":0.24997466,""num_orders"":1},{""price"":80007.6,""size"":0.024,""num_orders"":1},{""price"":80007.61,""size"":0.00499986,""num_orders"":1},{""price"":80007.65,""size"":0.01195941,""num_orders"":2}]"
btc_usd_d10_20260827T194722Z,54,2026-08-27T20:41:22.714937Z,2026-08-27T20:41:22.715072Z,BTC-USD,10,ok,,135122226036,2026-08-27T20:41:22.520209779Z,1.17912744,0.59205201,0.331460163452,80007.070000000007,80007.080000000002,80007.075000000012,0.009999999995,0.001249889462,"[{""price"":80007.07,""size"":0.14210824,""num_orders"":12},{""price"":80006.85,""size"":0.06795581,""num_orders"":1},{""price"":80006.83,""size"":0.09999146,""num_orders"":1},{""price"":80006.82,""size"":0.00049995,""num_orders"":1},{""price"":80005.46,""size"":0.0249983,""num_orders"":2},{""price"":80005.07,""size"":0.00399964,""num_orders"":1},{""price"":80004.41,""size"":0.00124998,""num_orders"":1},{""price"":80003.91,""size"":0.48341673,""num_orders"":1},{""price"":80003.9,""size"":0.34990778,""num_orders"":1},{""price"":80002.37,""size"":0.00499955,""num_orders"":1}]","[{""price"":80007.08,""size"":0.03850192,""num_orders"":3},{""price"":80008.45,""size"":0.00954397,""num_orders"":6},{""price"":80008.46,""size"":0.00514415,""num_orders"":2},{""price"":80008.69,""size"":0.02499728,""num_orders"":2},{""price"":80009.08,""size"":0.00399964,""num_orders"":1},{""price"":80010.89,""size"":0.00081242,""num_orders"":1},{""price"":80011.19,""size"":0.24999294,""num_orders"":1},{""price"":80011.78,""size"":0.00499955,""num_orders"":1},{""price"":80012.4,""size"":0.24999294,""num_orders"":1},{""price"":80012.59,""size"":0.0040672,""num_orders"":3}]"
btc_usd_d10_20260827T194722Z,55,2026-08-27T20:42:22.714937Z,2026-08-27T20:42:22.715065Z,BTC-USD,10,ok,,135122253799,2026-08-27T20:42:22.033122881Z,1.87397318,3.05788819,-0.240054397555,80024.990000000005,80025,80024.994999999995,0.009999999995,0.001249609574,"[{""price"":80024.99,""size"":0.39866675,""num_orders"":18},{""price"":80023.38,""size"":0.0249927,""num_orders"":2},{""price"":80023.19,""size"":0.5818312,""num_orders"":1},{""price"":80023.18,""size"":0.34990778,""num_orders"":1},{""price"":80022.99,""size"":0.00399875,""num_orders"":1},{""price"":80022.96,""size"":0.15012285,""num_orders"":1},{""price"":80021.77,""size"":0.00624804,""num_orders"":1},{""price"":80020.53,""size"":0.34990778,""num_orders"":1},{""price"":80020.29,""size"":0.00499843,""num_orders"":1},{""price"":80019.99,""size"":0.0032989,""num_orders"":4}]","[{""price"":80025.0,""size"":2.32581188,""num_orders"":4},{""price"":80026.51,""size"":1.1e-07,""num_orders"":1},{""price"":80026.94,""size"":1.4e-05,""num_orders"":1},{""price"":80027.85,""size"":0.10399999,""num_orders"":1},{""price"":80029.06,""size"":0.10399999,""num_orders"":1},{""price"":80032.41,""size"":0.024,""num_orders"":1},{""price"":80033.09,""size"":0.34990778,""num_orders"":1},{""price"":80034.01,""size"":1.1e-07,""num_orders"":1},{""price"":80034.47,""size"":3.148e-05,""num_orders"":1},{""price"":80035.21,""size"":0.15012285,""num_orders"":1}]"
btc_usd_d10_20260827T194722Z,56,2026-08-27T20:43:22.714937Z,2026-08-27T20:43:22.715056Z,BTC-USD,10,ok,,135122290390,2026-08-27T20:43:22.024920383Z,2.16946368,1.39233416,0.218184623302,80056.830000000002,80056.839999999997,80056.834999999992,0.009999999995,0.001249112583,"[{""price"":80056.83,""size"":0.34990778,""num_orders"":1},{""price"":80055.61,""size"":0.00081194,""num_orders"":1},{""price"":80053.62,""size"":0.00399721,""num_orders"":1},{""price"":80051.72,""size"":0.00124925,""num_orders"":1},{""price"":80050.91,""size"":0.00499651,""num_orders"":1},{""price"":80050.42,""size"":0.20889494,""num_orders"":1},{""price"":80050.41,""size"":0.34990778,""num_orders"":1},{""price"":80047.85,""size"":0.74959582,""num_orders"":1},{""price"":80047.84,""size"":0.3499796,""num_orders"":2},{""price"":80047.1,""size"":0.15012285,""num_orders"":1}]","[{""price"":80056.84,""size"":0.023,""num_orders"":1},{""price"":80062.96,""size"":0.06,""num_orders"":2},{""price"":80063.88,""size"":0.104,""num_orders"":1},{""price"":80065.38,""size"":0.00049959,""num_orders"":1},{""price"":80066.69,""size"":0.0062471,""num_orders"":1},{""price"":80066.7,""size"":1.4e-05,""num_orders"":1},{""price"":80067.53,""size"":0.14,""num_orders"":3},{""price"":80068.78,""size"":0.15012285,""num_orders"":1},{""price"":80068.79,""size"":0.55854284,""num_orders"":1},{""price"":80068.8,""size"":0.34990778,""num_orders"":1}]"
btc_usd_d10_20260827T194722Z,57,2026-08-27T20:44:22.714937Z,2026-08-27T20:44:22.715057Z,BTC-USD,10,ok,,135122322534,2026-08-27T20:44:22.184001384Z,1.52310778,0.99794166,0.208312503384,80034.970000000001,80034.979999999996,80034.975000000006,0.009999999995,0.001249453754,"[{""price"":80034.97,""size"":0.10045608,""num_orders"":2},{""price"":80034.96,""size"":0.21158024,""num_orders"":1},{""price"":80032.98,""size"":0.00399823,""num_orders"":1},{""price"":80032.02,""size"":0.34990778,""num_orders"":1},{""price"":80031.05,""size"":0.00124956,""num_orders"":1},{""price"":80030.82,""size"":0.08750604,""num_orders"":2},{""price"":80029.91,""size"":0.0049978,""num_orders"":1},{""price"":80029.38,""size"":0.26338142,""num_orders"":1},{""price"":80029.37,""size"":0.34990778,""num_orders"":1},{""price"":80027.34,""size"":0.15012285,""num_orders"":1}]","[{""price"":80034.98,""size"":0.0596,""num_orders"":1},{""price"":80035.55,""size"":0.024,""num_orders"":1},{""price"":80035.71,""size"":0.00372454,""num_orders"":2},{""price"":80037.92,""size"":0.24991472,""num_orders"":1},{""price"":80038.35,""size"":0.02,""num_orders"":1},{""price"":80038.39,""size"":0.0008788,""num_orders"":1},{""price"":80038.72,""size"":0.34990778,""num_orders"":1},{""price"":80038.73,""size"":0.24991472,""num_orders"":1},{""price"":80038.95,""size"":0.04,""num_orders"":1},{""price"":80039.99,""size"":1.1e-06,""num_orders"":1}]"
btc_usd_d10_20260827T194722Z,58,2026-08-27T20:45:22.714937Z,2026-08-27T20:45:22.715051Z,BTC-USD,10,ok,,135122351760,2026-08-27T20:45:20.016863557Z,1.33715149,0.76131277,0.274409591327,80030.610000000001,80031.869999999995,80031.239999999991,1.259999999995,0.157438520257,"[{""price"":80030.61,""size"":0.06003611,""num_orders"":4},{""price"":80030.09,""size"":0.09996239,""num_orders"":1},{""price"":80029.6,""size"":0.00049981,""num_orders"":1},{""price"":80029.0,""size"":0.02499094,""num_orders"":2},{""price"":80028.72,""size"":0.00109979,""num_orders"":1},{""price"":80026.06,""size"":0.21486494,""num_orders"":1},{""price"":80026.05,""size"":0.34990778,""num_orders"":1},{""price"":80025.01,""size"":0.00124963,""num_orders"":1},{""price"":80025.0,""size"":0.01,""num_orders"":1},{""price"":80023.57,""size"":0.5745401,""num_orders"":2}]","[{""price"":80031.87,""size"":0.00399843,""num_orders"":1},{""price"":80031.94,""size"":0.03046433,""num_orders"":2},{""price"":80033.29,""size"":0.024,""num_orders"":1},{""price"":80033.6,""size"":0.22502955,""num_orders"":1},{""price"":80033.93,""size"":0.00399843,""num_orders"":1},{""price"":80034.98,""size"":0.00145995,""num_orders"":1},{""price"":80035.06,""size"":0.34990778,""num_orders"":1},{""price"":80035.07,""size"":0.08746994,""num_orders"":1},{""price"":80035.7,""size"":0.03125982,""num_orders"":1},{""price"":80035.71,""size"":0.00372454,""num_orders"":2}]"
btc_usd_d10_20260827T194722Z,59,2026-08-27T20:46:22.714937Z,2026-08-27T20:46:22.715070Z,BTC-USD,10,ok,,135122387958,2026-08-27T20:46:21.681101727Z,0.97364462,0.71198245,0.155231352567,80049.990000000005,80050,80049.994999999995,0.009999999995,0.001249219315,"[{""price"":80049.99,""size"":0.0329453,""num_orders"":3},{""price"":80049.52,""size"":0.42538581,""num_orders"":2},{""price"":80049.51,""size"":0.09993814,""num_orders"":1},{""price"":80049.5,""size"":0.00049969,""num_orders"":1},{""price"":80048.38,""size"":0.0249849,""num_orders"":2},{""price"":80047.51,""size"":1.1e-07,""num_orders"":1},{""price"":80046.6,""size"":1.1e-05,""num_orders"":1},{""price"":80045.28,""size"":0.00499687,""num_orders"":1},{""price"":80045.0,""size"":0.03497502,""num_orders"":2},{""price"":80044.46,""size"":0.34990778,""num_orders"":1}]","[{""price"":80050.0,""size"":0.0339975,""num_orders"":2},{""price"":80052.0,""size"":0.0039975,""num_orders"":1},{""price"":80054.71,""size"":0.00499687,""num_orders"":1},{""price"":80055.45,""size"":0.02,""num_orders"":1},{""price"":80055.54,""size"":0.06699999,""num_orders"":1},{""price"":80055.55,""size"":0.04,""num_orders"":1},{""price"":80056.4,""size"":0.08744239,""num_orders"":1},{""price"":80057.5,""size"":0.34990778,""num_orders"":1},{""price"":80057.86,""size"":0.00064042,""num_orders"":2},{""price"":80058.01,""size"":0.104,""num_orders"":1}]"
