window_id,sample_index,planned_at_utc,collected_at_utc,product_id,depth,status,error,sequence,snapshot_time_utc,bid_volume,ask_volume,imbalance,best_bid,best_ask,mid_price,spread,spread_bps,bids_json,asks_json
btc_usd_d10_20260723T000543Z,0,2026-07-23T00:05:43.961193Z,2026-07-23T00:05:43.961224Z,BTC-USD,10,ok,,133087645994,2026-07-23T00:05:43.182732749Z,0.28722305,0.36001481,-0.11246523805,66113.960000000006,66113.970000000001,66113.964999999997,0.009999999995,0.001512539748,"[{""price"":66113.96,""size"":0.04303972,""num_orders"":4},{""price"":66113.54,""size"":0.00011,""num_orders"":1},{""price"":66113.53,""size"":2.3e-07,""num_orders"":1},{""price"":66113.52,""size"":2.3e-07,""num_orders"":1},{""price"":66112.63,""size"":0.0151257,""num_orders"":2},{""price"":66112.3,""size"":0.00529388,""num_orders"":1},{""price"":66112.07,""size"":0.05420988,""num_orders"":5},{""price"":66112.0,""size"":0.0284,""num_orders"":1},{""price"":66110.11,""size"":0.02,""num_orders"":1},{""price"":66110.1,""size"":0.12104341,""num_orders"":1}]","[{""price"":66113.97,""size"":0.04481638,""num_orders"":5},{""price"":66114.4,""size"":0.00667508,""num_orders"":2},{""price"":66114.7,""size"":0.13100183,""num_orders"":2},{""price"":66115.3,""size"":0.0151251,""num_orders"":2},{""price"":66115.47,""size"":0.02,""num_orders"":1},{""price"":66115.48,""size"":0.09559154,""num_orders"":1},{""price"":66115.63,""size"":0.00529388,""num_orders"":1},{""price"":66116.05,""size"":0.02,""num_orders"":1},{""price"":66116.06,""size"":0.001511,""num_orders"":1},{""price"":66116.09,""size"":0.02,""num_orders"":1}]"
btc_usd_d10_20260723T000543Z,1,2026-07-23T00:06:43.961193Z,2026-07-23T00:06:43.961321Z,BTC-USD,10,ok,,133087677172,2026-07-23T00:06:43.547374613Z,0.3590353,0.5117715,-0.175396195804,66121.610000000001,66121.619999999995,66121.614999999991,0.009999999995,0.001512364753,"[{""price"":66121.61,""size"":0.10533736,""num_orders"":16},{""price"":66121.59,""size"":2.3e-07,""num_orders"":1},{""price"":66121.58,""size"":2.3e-07,""num_orders"":1},{""price"":66121.57,""size"":2.3e-07,""num_orders"":1},{""price"":66121.55,""size"":2.3e-07,""num_orders"":1},{""price"":66121.54,""size"":2.3e-07,""num_orders"":1},{""price"":66120.29,""size"":0.09071744,""num_orders"":1},{""price"":66120.28,""size"":0.12456235,""num_orders"":3},{""price"":66120.21,""size"":1.7e-05,""num_orders"":1},{""price"":66120.0,""size"":0.0384,""num_orders"":2}]","[{""price"":66121.62,""size"":0.02161983,""num_orders"":3},{""price"":66122.95,""size"":0.01512334,""num_orders"":2},{""price"":66123.11,""size"":0.12098645,""num_orders"":1},{""price"":66123.28,""size"":0.00529327,""num_orders"":1},{""price"":66124.7,""size"":0.12098353,""num_orders"":1},{""price"":66125.51,""size"":0.00661659,""num_orders"":1},{""price"":66125.52,""size"":0.07577733,""num_orders"":1},{""price"":66125.53,""size"":0.14,""num_orders"":3},{""price"":66125.67,""size"":0.00386016,""num_orders"":1},{""price"":66125.84,""size"":0.001511,""num_orders"":1}]"
btc_usd_d10_20260723T000543Z,2,2026-07-23T00:07:43.961193Z,2026-07-23T00:07:43.961321Z,BTC-USD,10,ok,,133087708831,2026-07-23T00:07:41.046764735Z,0.09092651,0.37956074,-0.613479387592,66156.119999999995,66156.130000000005,66156.125,0.010000000009,0.001511575838,"[{""price"":66156.12,""size"":1.1e-07,""num_orders"":1},{""price"":66156.11,""size"":2.3e-07,""num_orders"":1},{""price"":66156.1,""size"":2.3e-07,""num_orders"":1},{""price"":66155.15,""size"":0.00038328,""num_orders"":1},{""price"":66153.82,""size"":0.01511628,""num_orders"":2},{""price"":66152.45,""size"":1.7e-05,""num_orders"":1},{""price"":66152.0,""size"":0.0269,""num_orders"":1},{""price"":66151.92,""size"":0.001511,""num_orders"":1},{""price"":66151.57,""size"":0.02699838,""num_orders"":1},{""price"":66150.04,""size"":0.02,""num_orders"":1}]","[{""price"":66156.13,""size"":0.05433751,""num_orders"":2},{""price"":66156.14,""size"":0.10719985,""num_orders"":4},{""price"":66157.55,""size"":0.02,""num_orders"":1},{""price"":66157.56,""size"":0.01511544,""num_orders"":2},{""price"":66157.88,""size"":0.02,""num_orders"":1},{""price"":66157.89,""size"":0.0052905,""num_orders"":1},{""price"":66157.99,""size"":0.02,""num_orders"":1},{""price"":66158.0,""size"":0.0269,""num_orders"":1},{""price"":66159.08,""size"":0.02,""num_orders"":1},{""price"":66159.09,""size"":0.09071744,""num_orders"":1}]"
btc_usd_d10_20260723T000543Z,3,2026-07-23T00:08:43.961193Z,2026-07-23T00:08:43.961359Z,BTC-USD,10,ok,,133087741259,2026-07-23T00:08:42.097232072Z,0.52879133,0.25770472,0.344676378222,66182.630000000005,66182.639999999999,66182.635000000009,0.009999999995,0.001510970362,"[{""price"":66182.63,""size"":0.15525658,""num_orders"":8},{""price"":66182.0,""size"":0.0283,""num_orders"":1},{""price"":66181.59,""size"":0.03022196,""num_orders"":3},{""price"":66181.3,""size"":0.01511,""num_orders"":2},{""price"":66180.01,""size"":0.02,""num_orders"":1},{""price"":66180.0,""size"":0.0283,""num_orders"":1},{""price"":66178.43,""size"":0.09071744,""num_orders"":1},{""price"":66178.41,""size"":0.02,""num_orders"":1},{""price"":66178.4,""size"":0.12088535,""num_orders"":1},{""price"":66178.01,""size"":0.02,""num_orders"":1}]","[{""price"":66182.64,""size"":0.06161732,""num_orders"":2},{""price"":66183.97,""size"":0.0151094,""num_orders"":2},{""price"":66184.52,""size"":0.001511,""num_orders"":1},{""price"":66184.69,""size"":0.1211997,""num_orders"":4},{""price"":66186.61,""size"":9.443e-05,""num_orders"":1},{""price"":66187.29,""size"":0.00117559,""num_orders"":1},{""price"":66187.59,""size"":0.02,""num_orders"":1},{""price"":66187.6,""size"":0.01548628,""num_orders"":2},{""price"":66187.77,""size"":0.02,""num_orders"":1},{""price"":66187.78,""size"":0.001511,""num_orders"":1}]"
btc_usd_d10_20260723T000543Z,4,2026-07-23T00:09:43.961193Z,2026-07-23T00:09:43.961364Z,BTC-USD,10,ok,,133087776046,2026-07-23T00:09:43.690324075Z,0.67034474,0.52254645,0.123899221688,66168.570000000007,66168.580000000002,66168.575000000012,0.009999999995,0.001511291424,"[{""price"":66168.57,""size"":0.19950396,""num_orders"":7},{""price"":66168.01,""size"":0.09071744,""num_orders"":1},{""price"":66168.0,""size"":0.0282,""num_orders"":1},{""price"":66167.24,""size"":0.01511322,""num_orders"":2},{""price"":66166.91,""size"":0.12090635,""num_orders"":1},{""price"":66166.48,""size"":0.001209,""num_orders"":1},{""price"":66166.0,""size"":0.0282,""num_orders"":1},{""price"":66165.71,""size"":0.02,""num_orders"":1},{""price"":66165.7,""size"":0.07577733,""num_orders"":1},{""price"":66165.69,""size"":0.09071744,""num_orders"":1}]","[{""price"":66168.58,""size"":0.00251326,""num_orders"":2},{""price"":66169.91,""size"":0.0151126,""num_orders"":2},{""price"":66174.0,""size"":0.0282,""num_orders"":1},{""price"":66174.47,""size"":0.12089254,""num_orders"":1},{""price"":66175.54,""size"":0.14,""num_orders"":3},{""price"":66175.72,""size"":0.12089027,""num_orders"":1},{""price"":66176.0,""size"":0.0282,""num_orders"":1},{""price"":66178.0,""size"":0.0282,""num_orders"":1},{""price"":66178.49,""size"":0.03778216,""num_orders"":1},{""price"":66179.94,""size"":0.00075562,""num_orders"":1}]"
btc_usd_d10_20260723T000543Z,5,2026-07-23T00:10:43.961193Z,2026-07-23T00:10:43.961319Z,BTC-USD,10,ok,,133087806344,2026-07-23T00:10:43.533125942Z,0.46160934,0.48125955,-0.02084087216,66156.479999999996,66156.490000000005,66156.485000000001,0.010000000009,0.001511567613,"[{""price"":66156.48,""size"":0.03037266,""num_orders"":4},{""price"":66155.55,""size"":0.05862651,""num_orders"":1},{""price"":66155.0,""size"":0.01,""num_orders"":1},{""price"":66154.0,""size"":0.0255,""num_orders"":1},{""price"":66153.13,""size"":0.02,""num_orders"":1},{""price"":66153.12,""size"":0.09071744,""num_orders"":1},{""price"":66153.1,""size"":0.18087573,""num_orders"":1},{""price"":66152.45,""size"":1.7e-05,""num_orders"":1},{""price"":66152.01,""size"":0.02,""num_orders"":1},{""price"":66152.0,""size"":0.0255,""num_orders"":1}]","[{""price"":66156.49,""size"":0.22196171,""num_orders"":9},{""price"":66157.67,""size"":0.02,""num_orders"":1},{""price"":66157.68,""size"":0.03778992,""num_orders"":1},{""price"":66157.99,""size"":0.02,""num_orders"":1},{""price"":66158.0,""size"":0.0255,""num_orders"":1},{""price"":66158.14,""size"":0.02,""num_orders"":1},{""price"":66158.15,""size"":0.00529048,""num_orders"":1},{""price"":66159.04,""size"":0.02,""num_orders"":1},{""price"":66159.05,""size"":0.09071744,""num_orders"":1},{""price"":66159.06,""size"":0.02,""num_orders"":1}]"
btc_usd_d10_20260723T000543Z,6,2026-07-23T00:11:43.961193Z,2026-07-23T00:11:43.961319Z,BTC-USD,10,ok,,133087832855,2026-07-23T00:11:42.005423176Z,0.36201364,0.52310005,-0.181995162678,66191.550000000003,66191.559999999998,66191.554999999993,0.009999999995,0.001510766743,"[{""price"":66191.55,""size"":0.0467412,""num_orders"":8},{""price"":66191.51,""size"":0.00075538,""num_orders"":1},{""price"":66190.22,""size"":0.01510798,""num_orders"":2},{""price"":66190.01,""size"":0.09071744,""num_orders"":1},{""price"":66190.0,""size"":0.03142802,""num_orders"":2},{""price"":66189.89,""size"":0.00528768,""num_orders"":1},{""price"":66188.75,""size"":0.01900073,""num_orders"":1},{""price"":66188.66,""size"":0.12086662,""num_orders"":1},{""price"":66188.14,""size"":0.00120859,""num_orders"":1},{""price"":66188.0,""size"":0.0309,""num_orders"":1}]","[{""price"":66191.56,""size"":0.09307479,""num_orders"":6},{""price"":66192.75,""size"":1.7e-05,""num_orders"":1},{""price"":66192.89,""size"":0.01510736,""num_orders"":2},{""price"":66194.0,""size"":0.0309,""num_orders"":1},{""price"":66194.3,""size"":0.001511,""num_orders"":1},{""price"":66194.78,""size"":0.12085546,""num_orders"":1},{""price"":66195.55,""size"":0.09071744,""num_orders"":1},{""price"":66195.56,""size"":0.14,""num_orders"":3},{""price"":66196.0,""size"":0.0309,""num_orders"":1},{""price"":66196.78,""size"":1.7e-05,""num_orders"":1}]"
btc_usd_d10_20260723T000543Z,7,2026-07-23T00:12:43.961193Z,2026-07-23T00:12:43.961328Z,BTC-USD,10,ok,,133087861829,2026-07-23T00:12:41.040695613Z,0.65867815,0.47772108,0.159237233908,66193.059999999998,66193.070000000007,66193.065000000002,0.010000000009,0.001510732281,"[{""price"":66193.06,""size"":0.10963122,""num_orders"":16},{""price"":66192.75,""size"":1.7e-05,""num_orders"":1},{""price"":66192.57,""size"":0.00037404,""num_orders"":1},{""price"":66192.0,""size"":0.0293,""num_orders"":1},{""price"":66191.58,""size"":0.09071744,""num_orders"":1},{""price"":66191.57,""size"":0.18087573,""num_orders"":1},{""price"":66191.55,""size"":0.08396068,""num_orders"":20},{""price"":66191.04,""size"":0.001511,""num_orders"":1},{""price"":66190.63,""size"":0.12086302,""num_orders"":1},{""price"":66190.0,""size"":0.04142802,""num_orders"":3}]","[{""price"":66193.07,""size"":0.21785866,""num_orders"":5},{""price"":66194.3,""size"":0.001511,""num_orders"":1},{""price"":66194.73,""size"":0.00528756,""num_orders"":1},{""price"":66196.79,""size"":0.07319782,""num_orders"":2},{""price"":66196.96,""size"":0.00660945,""num_orders"":1},{""price"":66197.12,""size"":0.12085118,""num_orders"":1},{""price"":66197.56,""size"":0.001511,""num_orders"":1},{""price"":66197.99,""size"":0.02,""num_orders"":1},{""price"":66198.0,""size"":0.0308,""num_orders"":1},{""price"":66198.05,""size"":9.441e-05,""num_orders"":1}]"
btc_usd_d10_20260723T000543Z,8,2026-07-23T00:13:43.961193Z,2026-07-23T00:13:43.961317Z,BTC-USD,10,ok,,133087890023,2026-07-23T00:13:42.604545809Z,0.43722075,0.26989156,0.23663735963,66156.479999999996,66156.490000000005,66156.485000000001,0.010000000009,0.001511567613,"[{""price"":66156.48,""size"":0.11426621,""num_orders"":11},{""price"":66156.0,""size"":0.0278,""num_orders"":1},{""price"":66155.65,""size"":0.03778891,""num_orders"":1},{""price"":66155.15,""size"":0.01511598,""num_orders"":2},{""price"":66155.05,""size"":0.02299777,""num_orders"":1},{""price"":66155.0,""size"":0.01,""num_orders"":1},{""price"":66154.09,""size"":0.09071744,""num_orders"":1},{""price"":66154.0,""size"":0.0278,""num_orders"":1},{""price"":66152.45,""size"":1.7e-05,""num_orders"":1},{""price"":66152.01,""size"":0.09071744,""num_orders"":1}]","[{""price"":66156.49,""size"":0.00646173,""num_orders"":3},{""price"":66157.82,""size"":0.01511538,""num_orders"":2},{""price"":66158.15,""size"":0.00529048,""num_orders"":1},{""price"":66161.07,""size"":0.14,""num_orders"":3},{""price"":66161.33,""size"":0.00661306,""num_orders"":1},{""price"":66161.7,""size"":0.001511,""num_orders"":1},{""price"":66162.0,""size"":0.0278,""num_orders"":1},{""price"":66164.0,""size"":0.0278,""num_orders"":1},{""price"":66164.96,""size"":0.001511,""num_orders"":1},{""price"":66165.57,""size"":0.03778891,""num_orders"":1}]"
btc_usd_d10_20260723T000543Z,9,2026-07-23T00:14:43.961193Z,2026-07-23T00:14:43.961365Z,BTC-USD,10,ok,,133087925224,2026-07-23T00:14:42.040313331Z,0.38929387,0.30815597,0.116335104471,66149.580000000002,66149.589999999997,66149.584999999992,0.009999999995,0.001511725281,"[{""price"":66149.58,""size"":0.17539828,""num_orders"":5},{""price"":66148.25,""size"":0.01511756,""num_orders"":2},{""price"":66148.0,""size"":0.0277,""num_orders"":1},{""price"":66147.93,""size"":0.00529101,""num_orders"":1},{""price"":66146.38,""size"":0.00661372,""num_orders"":1},{""price"":66146.08,""size"":0.00075586,""num_orders"":1},{""price"":66146.0,""size"":0.0277,""num_orders"":1},{""price"":66145.63,""size"":0.02,""num_orders"":1},{""price"":66145.62,""size"":0.09071744,""num_orders"":1},{""price"":66144.63,""size"":0.02,""num_orders"":1}]","[{""price"":66149.59,""size"":0.07608044,""num_orders"":3},{""price"":66150.28,""size"":0.12093675,""num_orders"":1},{""price"":66150.92,""size"":0.01511694,""num_orders"":2},{""price"":66151.25,""size"":0.00529103,""num_orders"":1},{""price"":66151.57,""size"":0.03779328,""num_orders"":1},{""price"":66151.61,""size"":0.00483725,""num_orders"":4},{""price"":66151.66,""size"":0.00038328,""num_orders"":1},{""price"":66152.0,""size"":0.0277,""num_orders"":1},{""price"":66152.45,""size"":1.7e-05,""num_orders"":1},{""price"":66152.74,""size"":0.02,""num_orders"":1}]"
btc_usd_d10_20260723T000543Z,10,2026-07-23T00:15:43.961193Z,2026-07-23T00:15:43.961320Z,BTC-USD,10,ok,,133087956248,2026-07-23T00:15:41.547701103Z,0.58269909,0.08842411,0.736489187082,66156.470000000001,66156.479999999996,66156.475000000006,0.009999999995,0.001511567839,"[{""price"":66156.47,""size"":0.2506527,""num_orders"":14},{""price"":66156.0,""size"":0.0336,""num_orders"":1},{""price"":66155.69,""size"":0.02,""num_orders"":1},{""price"":66155.68,""size"":0.12092686,""num_orders"":1},{""price"":66154.85,""size"":0.00151161,""num_orders"":1},{""price"":66154.84,""size"":0.02,""num_orders"":1},{""price"":66154.81,""size"":0.02,""num_orders"":1},{""price"":66154.8,""size"":0.00529048,""num_orders"":1},{""price"":66154.49,""size"":0.02,""num_orders"":1},{""price"":66154.48,""size"":0.09071744,""num_orders"":1}]","[{""price"":66156.48,""size"":0.00024546,""num_orders"":2},{""price"":66157.78,""size"":0.00038328,""num_orders"":1},{""price"":66158.44,""size"":0.001511,""num_orders"":1},{""price"":66160.45,""size"":9.447e-05,""num_orders"":1},{""price"":66161.44,""size"":0.01549241,""num_orders"":2},{""price"":66161.7,""size"":0.001511,""num_orders"":1},{""price"":66161.77,""size"":9.447e-05,""num_orders"":1},{""price"":66162.0,""size"":0.0336,""num_orders"":1},{""price"":66163.1,""size"":0.01549202,""num_orders"":2},{""price"":66163.95,""size"":0.02,""num_orders"":1}]"
btc_usd_d10_20260723T000543Z,11,2026-07-23T00:16:43.961193Z,2026-07-23T00:16:43.961323Z,BTC-USD,10,ok,,133087992552,2026-07-23T00:16:43.534603733Z,0.28004435,0.47116505,-0.254417343553,66146.259999999995,66146.270000000004,66146.264999999999,0.010000000009,0.001511801159,"[{""price"":66146.26,""size"":0.07612472,""num_orders"":4},{""price"":66146.0,""size"":0.0301,""num_orders"":1},{""price"":66145.01,""size"":0.02,""num_orders"":1},{""price"":66145.0,""size"":0.06781908,""num_orders"":2},{""price"":66144.39,""size"":1.7e-05,""num_orders"":1},{""price"":66144.38,""size"":0.0158834,""num_orders"":7},{""price"":66144.08,""size"":1.5e-07,""num_orders"":1},{""price"":66144.01,""size"":0.02,""num_orders"":1},{""price"":66144.0,""size"":0.0301,""num_orders"":1},{""price"":66143.53,""size"":0.02,""num_orders"":1}]","[{""price"":66146.27,""size"":0.05533015,""num_orders"":6},{""price"":66146.62,""size"":0.12094344,""num_orders"":1},{""price"":66147.45,""size"":0.03779585,""num_orders"":1},{""price"":66147.93,""size"":0.0052913,""num_orders"":1},{""price"":66148.44,""size"":0.12094011,""num_orders"":1},{""price"":66150.16,""size"":0.00661413,""num_orders"":1},{""price"":66152.18,""size"":0.07577733,""num_orders"":1},{""price"":66152.66,""size"":9.448e-05,""num_orders"":1},{""price"":66152.84,""size"":0.00120944,""num_orders"":1},{""price"":66153.03,""size"":0.04716882,""num_orders"":1}]"
btc_usd_d10_20260723T000543Z,12,2026-07-23T00:17:43.961193Z,2026-07-23T00:17:43.961321Z,BTC-USD,10,ok,,133088023651,2026-07-23T00:17:41.624001225Z,0.46983286,0.22855521,0.345477908865,66211.470000000001,66211.479999999996,66211.475000000006,0.009999999995,0.001510312222,"[{""price"":66211.47,""size"":0.10488276,""num_orders"":7},{""price"":66210.0,""size"":0.01510346,""num_orders"":2},{""price"":66209.68,""size"":0.00528609,""num_orders"":1},{""price"":66208.98,""size"":0.00075515,""num_orders"":1},{""price"":66208.8,""size"":0.00035191,""num_orders"":1},{""price"":66208.0,""size"":0.02749274,""num_orders"":2},{""price"":66207.47,""size"":0.18087573,""num_orders"":1},{""price"":66207.45,""size"":0.00660762,""num_orders"":1},{""price"":66206.62,""size"":0.03775996,""num_orders"":1},{""price"":66206.03,""size"":0.09071744,""num_orders"":1}]","[{""price"":66211.48,""size"":0.12115059,""num_orders"":4},{""price"":66211.49,""size"":1.6e-06,""num_orders"":1},{""price"":66211.5,""size"":2.5e-05,""num_orders"":1},{""price"":66211.51,""size"":1.6e-06,""num_orders"":1},{""price"":66212.9,""size"":1.7e-05,""num_orders"":1},{""price"":66212.99,""size"":1.6e-06,""num_orders"":1},{""price"":66213.0,""size"":0.01512778,""num_orders"":3},{""price"":66213.01,""size"":1.6e-06,""num_orders"":1},{""price"":66213.86,""size"":0.001511,""num_orders"":1},{""price"":66214.39,""size"":0.09071744,""num_orders"":1}]"
btc_usd_d10_20260723T000543Z,13,2026-07-23T00:18:43.961193Z,2026-07-23T00:18:43.961340Z,BTC-USD,10,ok,,133088064501,2026-07-23T00:18:42.649520827Z,0.47145839,0.99981724,-0.359116156909,66126.149999999994,66126.160000000003,66126.154999999999,0.010000000009,0.001512260921,"[{""price"":66126.15,""size"":0.16637379,""num_orders"":7},{""price"":66126.0,""size"":0.0184,""num_orders"":1},{""price"":66124.82,""size"":0.01512292,""num_orders"":2},{""price"":66124.49,""size"":0.00529291,""num_orders"":1},{""price"":66124.24,""size"":0.00273491,""num_orders"":4},{""price"":66124.17,""size"":0.0134307,""num_orders"":1},{""price"":66124.01,""size"":0.02,""num_orders"":1},{""price"":66124.0,""size"":0.0184,""num_orders"":1},{""price"":66123.72,""size"":0.09071744,""num_orders"":1},{""price"":66123.5,""size"":0.12098572,""num_orders"":1}]","[{""price"":66126.16,""size"":0.00049616,""num_orders"":2},{""price"":66127.49,""size"":0.0151223,""num_orders"":2},{""price"":66128.28,""size"":0.00472359,""num_orders"":1},{""price"":66128.83,""size"":0.30244128,""num_orders"":1},{""price"":66129.02,""size"":0.25,""num_orders"":1},{""price"":66129.05,""size"":0.00076656,""num_orders"":1},{""price"":66129.1,""size"":0.001511,""num_orders"":1},{""price"":66129.83,""size"":0.30244128,""num_orders"":1},{""price"":66129.89,""size"":0.00134197,""num_orders"":1},{""price"":66130.41,""size"":0.1209731,""num_orders"":1}]"
btc_usd_d10_20260723T000543Z,14,2026-07-23T00:19:43.961193Z,2026-07-23T00:19:43.961332Z,BTC-USD,10,ok,,133088089069,2026-07-23T00:19:42.686057007Z,0.1850703,0.66433054,-0.564233301206,66153.970000000001,66153.979999999996,66153.975000000006,0.009999999995,0.001511624962,"[{""price"":66153.97,""size"":0.07293798,""num_orders"":4},{""price"":66152.64,""size"":0.01511656,""num_orders"":2},{""price"":66152.31,""size"":0.00529068,""num_orders"":1},{""price"":66152.0,""size"":0.0175,""num_orders"":1},{""price"":66150.14,""size"":0.00860073,""num_orders"":1},{""price"":66150.08,""size"":0.00661335,""num_orders"":1},{""price"":66150.0,""size"":0.0175,""num_orders"":1},{""price"":66148.67,""size"":0.02,""num_orders"":1},{""price"":66148.66,""size"":0.001511,""num_orders"":1},{""price"":66148.56,""size"":0.02,""num_orders"":1}]","[{""price"":66153.98,""size"":0.18567435,""num_orders"":9},{""price"":66154.05,""size"":0.12092987,""num_orders"":1},{""price"":66155.18,""size"":0.001511,""num_orders"":1},{""price"":66155.31,""size"":0.01511594,""num_orders"":2},{""price"":66155.48,""size"":0.09071744,""num_orders"":1},{""price"":66155.49,""size"":0.07577733,""num_orders"":1},{""price"":66155.5,""size"":0.12092721,""num_orders"":1},{""price"":66155.52,""size"":0.047177,""num_orders"":1},{""price"":66155.64,""size"":0.00529068,""num_orders"":1},{""price"":66155.7,""size"":0.00120972,""num_orders"":1}]"
btc_usd_d10_20260723T000543Z,15,2026-07-23T00:20:43.961193Z,2026-07-23T00:20:43.961352Z,BTC-USD,10,ok,,133088117676,2026-07-23T00:20:42.316909983Z,1.62890232,0.46180408,0.55823153361,66190.070000000007,66190.080000000002,66190.075000000012,0.009999999995,0.001510800523,"[{""price"":66190.07,""size"":0.09427115,""num_orders"":7},{""price"":66190.0,""size"":0.07067486,""num_orders"":2},{""price"":66189.98,""size"":0.05399607,""num_orders"":1},{""price"":66189.7,""size"":2.3e-07,""num_orders"":1},{""price"":66189.69,""size"":2.3e-07,""num_orders"":1},{""price"":66189.68,""size"":2.3e-07,""num_orders"":1},{""price"":66189.01,""size"":0.27159317,""num_orders"":2},{""price"":66189.0,""size"":1.0,""num_orders"":1},{""price"":66188.79,""size"":0.12086638,""num_orders"":1},{""price"":66188.0,""size"":0.0175,""num_orders"":1}]","[{""price"":66190.08,""size"":0.0561671,""num_orders"":6},{""price"":66191.74,""size"":0.0052878,""num_orders"":1},{""price"":66193.5,""size"":0.09071744,""num_orders"":1},{""price"":66193.51,""size"":0.07577733,""num_orders"":1},{""price"":66193.97,""size"":0.00660975,""num_orders"":1},{""price"":66194.05,""size"":9.442e-05,""num_orders"":1},{""price"":66195.04,""size"":0.01548455,""num_orders"":2},{""price"":66195.38,""size"":9.442e-05,""num_orders"":1},{""price"":66195.5,""size"":0.09071744,""num_orders"":1},{""price"":66195.67,""size"":0.12085383,""num_orders"":1}]"
btc_usd_d10_20260723T000543Z,16,2026-07-23T00:21:43.961193Z,2026-07-23T00:21:43.961334Z,BTC-USD,10,ok,,133088146567,2026-07-23T00:21:42.484802660Z,0.28922823,0.39540597,-0.155086818625,66190.070000000007,66190.080000000002,66190.075000000012,0.009999999995,0.001510800523,"[{""price"":66190.07,""size"":0.09694027,""num_orders"":9},{""price"":66190.01,""size"":0.02,""num_orders"":1},{""price"":66190.0,""size"":0.07187486,""num_orders"":2},{""price"":66188.75,""size"":0.02,""num_orders"":1},{""price"":66188.74,""size"":0.0151083,""num_orders"":2},{""price"":66188.73,""size"":0.02,""num_orders"":1},{""price"":66188.72,""size"":1.7e-05,""num_orders"":1},{""price"":66188.42,""size"":0.02,""num_orders"":1},{""price"":66188.41,""size"":0.0052878,""num_orders"":1},{""price"":66188.31,""size"":0.02,""num_orders"":1}]","[{""price"":66190.08,""size"":0.07170942,""num_orders"":5},{""price"":66191.04,""size"":0.001511,""num_orders"":1},{""price"":66191.42,""size"":0.0151077,""num_orders"":2},{""price"":66191.75,""size"":0.0052878,""num_orders"":1},{""price"":66193.68,""size"":0.09071744,""num_orders"":1},{""price"":66193.69,""size"":0.12085745,""num_orders"":1},{""price"":66193.98,""size"":0.00660975,""num_orders"":1},{""price"":66194.3,""size"":0.001511,""num_orders"":1},{""price"":66195.4,""size"":0.08199999,""num_orders"":1},{""price"":66196.09,""size"":9.442e-05,""num_orders"":1}]"
btc_usd_d10_20260723T000543Z,17,2026-07-23T00:22:43.961193Z,2026-07-23T00:22:43.961319Z,BTC-USD,10,ok,,133088172293,2026-07-23T00:22:43.537798449Z,0.5530673,0.48677527,0.063751986995,66223.949999999997,66223.960000000006,66223.955000000002,0.010000000009,0.001510027604,"[{""price"":66223.95,""size"":0.17307902,""num_orders"":5},{""price"":66222.62,""size"":0.01510058,""num_orders"":2},{""price"":66222.02,""size"":0.18087573,""num_orders"":1},{""price"":66222.0,""size"":0.021,""num_orders"":1},{""price"":66221.98,""size"":0.00640596,""num_orders"":1},{""price"":66221.88,""size"":0.03775301,""num_orders"":1},{""price"":66221.77,""size"":0.09071744,""num_orders"":1},{""price"":66221.12,""size"":0.00185031,""num_orders"":1},{""price"":66220.32,""size"":0.00528525,""num_orders"":1},{""price"":66220.0,""size"":0.021,""num_orders"":1}]","[{""price"":66223.96,""size"":0.00792764,""num_orders"":1},{""price"":66224.97,""size"":0.01510004,""num_orders"":2},{""price"":66224.99,""size"":1.7e-05,""num_orders"":1},{""price"":66225.8,""size"":0.21288628,""num_orders"":1},{""price"":66225.93,""size"":0.12079861,""num_orders"":1},{""price"":66225.96,""size"":9.437e-05,""num_orders"":1},{""price"":66226.43,""size"":9.437e-05,""num_orders"":1},{""price"":66226.9,""size"":0.001511,""num_orders"":1},{""price"":66226.96,""size"":0.0075498,""num_orders"":1},{""price"":66227.27,""size"":0.12079616,""num_orders"":1}]"
btc_usd_d10_20260723T000543Z,18,2026-07-23T00:23:43.961193Z,2026-07-23T00:23:43.961328Z,BTC-USD,10,ok,,133088211645,2026-07-23T00:23:43.541619910Z,0.17690327,0.47757309,-0.459405164764,66229.970000000001,66229.979999999996,66229.975000000006,0.009999999995,0.001509890347,"[{""price"":66229.97,""size"":0.01204143,""num_orders"":6},{""price"":66229.02,""size"":1.7e-05,""num_orders"":1},{""price"":66228.64,""size"":0.0150992,""num_orders"":2},{""price"":66228.15,""size"":0.00038328,""num_orders"":1},{""price"":66227.66,""size"":0.00147159,""num_orders"":1},{""price"":66226.9,""size"":0.001511,""num_orders"":1},{""price"":66226.0,""size"":0.03054529,""num_orders"":2},{""price"":66225.0,""size"":0.02510004,""num_orders"":3},{""price"":66224.99,""size"":1.7e-05,""num_orders"":1},{""price"":66224.67,""size"":0.09071744,""num_orders"":1}]","[{""price"":66229.98,""size"":0.09388237,""num_orders"":4},{""price"":66230.17,""size"":0.12079087,""num_orders"":1},{""price"":66231.31,""size"":0.0150986,""num_orders"":2},{""price"":66231.64,""size"":0.00528461,""num_orders"":1},{""price"":66232.0,""size"":0.0305,""num_orders"":1},{""price"":66232.18,""size"":0.00552187,""num_orders"":1},{""price"":66232.91,""size"":0.02,""num_orders"":1},{""price"":66232.92,""size"":0.07577733,""num_orders"":1},{""price"":66233.17,""size"":0.09071744,""num_orders"":1},{""price"":66233.18,""size"":0.02,""num_orders"":1}]"
btc_usd_d10_20260723T000543Z,19,2026-07-23T00:24:43.961193Z,2026-07-23T00:24:43.961337Z,BTC-USD,10,ok,,133088243145,2026-07-23T00:24:42.536070553Z,0.53238625,0.32382513,0.243586017275,66236.960000000006,66236.970000000001,66236.964999999997,0.009999999995,0.001509731008,"[{""price"":66236.96,""size"":0.38618009,""num_orders"":2},{""price"":66236.95,""size"":0.0814392,""num_orders"":3},{""price"":66236.86,""size"":2.3e-07,""num_orders"":1},{""price"":66236.85,""size"":2.3e-07,""num_orders"":1},{""price"":66236.84,""size"":2.3e-07,""num_orders"":1},{""price"":66236.49,""size"":0.00075486,""num_orders"":1},{""price"":66235.74,""size"":0.01509758,""num_orders"":2},{""price"":66235.29,""size"":0.00528405,""num_orders"":1},{""price"":66233.06,""size"":0.00660507,""num_orders"":1},{""price"":66232.98,""size"":0.03702471,""num_orders"":11}]","[{""price"":66236.97,""size"":0.11688627,""num_orders"":5},{""price"":66237.08,""size"":0.12206146,""num_orders"":5},{""price"":66238.12,""size"":0.03774535,""num_orders"":1},{""price"":66238.41,""size"":0.01509698,""num_orders"":2},{""price"":66238.5,""size"":2.5e-05,""num_orders"":1},{""price"":66238.63,""size"":0.00528405,""num_orders"":1},{""price"":66239.99,""size"":0.0200016,""num_orders"":2},{""price"":66240.0,""size"":2.5e-05,""num_orders"":1},{""price"":66240.86,""size"":0.00660507,""num_orders"":1},{""price"":66240.94,""size"":9.435e-05,""num_orders"":1}]"
btc_usd_d10_20260723T000543Z,20,2026-07-23T00:25:43.961193Z,2026-07-23T00:25:43.961330Z,BTC-USD,10,ok,,133088265574,2026-07-23T00:25:42.021723810Z,3.11062862,0.5139697,0.716399085016,66247.449999999997,66247.460000000006,66247.455000000002,0.010000000009,0.001509491951,"[{""price"":66247.45,""size"":3.11062655,""num_orders"":6},{""price"":66247.28,""size"":2.3e-07,""num_orders"":1},{""price"":66247.27,""size"":2.3e-07,""num_orders"":1},{""price"":66247.26,""size"":2.3e-07,""num_orders"":1},{""price"":66247.23,""size"":2.3e-07,""num_orders"":1},{""price"":66247.22,""size"":2.3e-07,""num_orders"":1},{""price"":66247.21,""size"":2.3e-07,""num_orders"":1},{""price"":66247.2,""size"":2.3e-07,""num_orders"":1},{""price"":66247.18,""size"":2.3e-07,""num_orders"":1},{""price"":66247.17,""size"":2.3e-07,""num_orders"":1}]","[{""price"":66247.46,""size"":0.08929034,""num_orders"":7},{""price"":66247.52,""size"":0.00144533,""num_orders"":1},{""price"":66248.11,""size"":0.07577733,""num_orders"":1},{""price"":66248.12,""size"":0.12075815,""num_orders"":1},{""price"":66248.79,""size"":0.01509462,""num_orders"":2},{""price"":66248.99,""size"":0.09071744,""num_orders"":1},{""price"":66249.0,""size"":0.07784939,""num_orders"":1},{""price"":66249.12,""size"":0.00528322,""num_orders"":1},{""price"":66249.17,""size"":1.7e-05,""num_orders"":1},{""price"":66249.54,""size"":0.03773688,""num_orders"":1}]"
btc_usd_d10_20260723T000543Z,21,2026-07-23T00:26:43.961193Z,2026-07-23T00:26:43.961316Z,BTC-USD,10,ok,,133088297269,2026-07-23T00:26:38.544386314Z,1.7753019,0.30774683,0.704522678161,66255.619999999995,66255.630000000005,66255.625,0.010000000009,0.001509305815,"[{""price"":66255.62,""size"":0.21125726,""num_orders"":9},{""price"":66254.29,""size"":0.01509336,""num_orders"":2},{""price"":66254.2,""size"":0.09071744,""num_orders"":1},{""price"":66254.0,""size"":0.0322,""num_orders"":1},{""price"":66253.97,""size"":0.8,""num_orders"":1},{""price"":66253.96,""size"":0.00528257,""num_orders"":1},{""price"":66252.29,""size"":0.5,""num_orders"":1},{""price"":66252.15,""size"":2.3e-07,""num_orders"":1},{""price"":66252.14,""size"":2.3e-07,""num_orders"":1},{""price"":66252.13,""size"":0.12075081,""num_orders"":1}]","[{""price"":66255.63,""size"":0.00186794,""num_orders"":6},{""price"":66256.96,""size"":0.01509276,""num_orders"":2},{""price"":66257.23,""size"":1.7e-05,""num_orders"":1},{""price"":66257.78,""size"":1.939e-05,""num_orders"":1},{""price"":66258.53,""size"":0.12073918,""num_orders"":1},{""price"":66259.5,""size"":0.001511,""num_orders"":1},{""price"":66259.61,""size"":9.433e-05,""num_orders"":1},{""price"":66260.0,""size"":0.0322,""num_orders"":1},{""price"":66260.27,""size"":0.12073601,""num_orders"":1},{""price"":66260.6,""size"":0.01546922,""num_orders"":2}]"
btc_usd_d10_20260723T000543Z,22,2026-07-23T00:27:43.961193Z,2026-07-23T00:27:43.961320Z,BTC-USD,10,ok,,133088337125,2026-07-23T00:27:42.047029175Z,0.75585867,0.10723374,0.751512726198,66279.419999999998,66279.429999999993,66279.424999999988,0.009999999995,0.001508763843,"[{""price"":66279.42,""size"":0.23446942,""num_orders"":7},{""price"":66278.09,""size"":0.01508794,""num_orders"":2},{""price"":66278.0,""size"":0.0322,""num_orders"":1},{""price"":66277.76,""size"":0.00528067,""num_orders"":1},{""price"":66277.32,""size"":0.03771821,""num_orders"":1},{""price"":66276.02,""size"":0.18087552,""num_orders"":1},{""price"":66276.0,""size"":0.0322,""num_orders"":1},{""price"":66275.52,""size"":0.00660084,""num_orders"":1},{""price"":66275.29,""size"":0.12070863,""num_orders"":1},{""price"":66274.69,""size"":0.09071744,""num_orders"":1}]","[{""price"":66279.43,""size"":0.00027312,""num_orders"":2},{""price"":66279.44,""size"":5.5e-07,""num_orders"":1},{""price"":66280.62,""size"":4.85e-05,""num_orders"":1},{""price"":66280.76,""size"":0.01508734,""num_orders"":2},{""price"":66281.41,""size"":1.7e-05,""num_orders"":1},{""price"":66282.12,""size"":0.02900097,""num_orders"":1},{""price"":66282.32,""size"":0.001511,""num_orders"":1},{""price"":66283.24,""size"":0.02900097,""num_orders"":1},{""price"":66283.41,""size"":9.429e-05,""num_orders"":1},{""price"":66284.0,""size"":0.0322,""num_orders"":1}]"
btc_usd_d10_20260723T000543Z,23,2026-07-23T00:28:43.961193Z,2026-07-23T00:28:43.961320Z,BTC-USD,10,ok,,133088372096,2026-07-23T00:28:43.485366877Z,0.45042194,0.4188905,0.036271699966,66257.600000000006,66257.610000000001,66257.60500000001,0.009999999995,0.00150926071,"[{""price"":66257.6,""size"":0.06563353,""num_orders"":5},{""price"":66256.27,""size"":0.01509292,""num_orders"":2},{""price"":66255.94,""size"":0.00528241,""num_orders"":1},{""price"":66254.01,""size"":0.02,""num_orders"":1},{""price"":66254.0,""size"":0.0262,""num_orders"":1},{""price"":66253.71,""size"":0.02,""num_orders"":1},{""price"":66253.7,""size"":0.00660301,""num_orders"":1},{""price"":66253.47,""size"":0.02,""num_orders"":1},{""price"":66253.46,""size"":0.27159317,""num_orders"":2},{""price"":66253.2,""size"":1.69e-05,""num_orders"":1}]","[{""price"":66257.61,""size"":0.12625196,""num_orders"":2},{""price"":66259.27,""size"":0.02037463,""num_orders"":3},{""price"":66260.0,""size"":0.0262,""num_orders"":1},{""price"":66260.66,""size"":0.12073528,""num_orders"":1},{""price"":66260.69,""size"":4.15e-05,""num_orders"":1},{""price"":66260.81,""size"":3e-07,""num_orders"":1},{""price"":66260.94,""size"":0.00176638,""num_orders"":1},{""price"":66261.51,""size"":0.00660301,""num_orders"":1},{""price"":66261.98,""size"":0.09071744,""num_orders"":1},{""price"":66262.0,""size"":0.0262,""num_orders"":1}]"
btc_usd_d10_20260723T000543Z,24,2026-07-23T00:29:43.961193Z,2026-07-23T00:29:43.961319Z,BTC-USD,10,ok,,133088401541,2026-07-23T00:29:41.615741568Z,0.44785524,0.36430156,0.102878754447,66227.570000000007,66227.580000000002,66227.575000000012,0.009999999995,0.001509945064,"[{""price"":66227.57,""size"":0.06829475,""num_orders"":32},{""price"":66226.9,""size"":0.001511,""num_orders"":1},{""price"":66226.24,""size"":0.01509976,""num_orders"":2},{""price"":66225.91,""size"":0.0052848,""num_orders"":1},{""price"":66224.99,""size"":1.7e-05,""num_orders"":1},{""price"":66223.92,""size"":0.18087573,""num_orders"":1},{""price"":66223.91,""size"":0.09071744,""num_orders"":1},{""price"":66223.9,""size"":0.07793776,""num_orders"":1},{""price"":66223.68,""size"":0.006606,""num_orders"":1},{""price"":66223.64,""size"":0.001511,""num_orders"":1}]","[{""price"":66227.58,""size"":0.25162337,""num_orders"":8},{""price"":66228.0,""size"":0.0213,""num_orders"":1},{""price"":66228.91,""size"":0.01509914,""num_orders"":2},{""price"":66229.24,""size"":0.0052848,""num_orders"":1},{""price"":66230.0,""size"":0.0213,""num_orders"":1},{""price"":66230.16,""size"":0.001511,""num_orders"":1},{""price"":66230.39,""size"":0.02,""num_orders"":1},{""price"":66230.4,""size"":0.00157725,""num_orders"":1},{""price"":66231.46,""size"":0.02,""num_orders"":1},{""price"":66231.47,""size"":0.006606,""num_orders"":1}]"
btc_usd_d10_20260723T000543Z,25,2026-07-23T00:30:43.961193Z,2026-07-23T00:30:43.961457Z,BTC-USD,10,ok,,133088438847,2026-07-23T00:30:41.595445696Z,0.80600246,0.24456156,0.534418549761,66166.779999999999,66166.789999999994,66166.785000000003,0.009999999995,0.001511332309,"[{""price"":66166.78,""size"":0.0862671,""num_orders"":3},{""price"":66166.0,""size"":0.0183,""num_orders"":1},{""price"":66165.45,""size"":0.01511362,""num_orders"":2},{""price"":66164.79,""size"":0.09071744,""num_orders"":1},{""price"":66164.0,""size"":0.0183,""num_orders"":1},{""price"":66162.81,""size"":0.25665306,""num_orders"":2},{""price"":66162.8,""size"":0.09071744,""num_orders"":1},{""price"":66162.0,""size"":0.0183,""num_orders"":1},{""price"":66161.43,""size"":0.12091636,""num_orders"":1},{""price"":66160.52,""size"":0.09071744,""num_orders"":1}]","[{""price"":66166.79,""size"":0.06,""num_orders"":2},{""price"":66166.84,""size"":0.00076656,""num_orders"":1},{""price"":66167.74,""size"":0.00038328,""num_orders"":1},{""price"":66168.12,""size"":0.01511302,""num_orders"":2},{""price"":66169.31,""size"":0.00118183,""num_orders"":1},{""price"":66169.46,""size"":0.12090171,""num_orders"":1},{""price"":66169.65,""size"":0.00755703,""num_orders"":1},{""price"":66170.0,""size"":0.0192,""num_orders"":1},{""price"":66170.01,""size"":0.00010127,""num_orders"":1},{""price"":66172.0,""size"":0.01935686,""num_orders"":2}]"
btc_usd_d10_20260723T000543Z,26,2026-07-23T00:31:43.961193Z,2026-07-23T00:31:43.961322Z,BTC-USD,10,ok,,133088469323,2026-07-23T00:31:42.586374026Z,0.249009,0.47211762,-0.309388966947,66162.009999999995,66162.020000000004,66162.014999999999,0.010000000009,0.001511441272,"[{""price"":66162.01,""size"":0.1017735,""num_orders"":7},{""price"":66160.68,""size"":0.01511472,""num_orders"":2},{""price"":66160.35,""size"":0.00529004,""num_orders"":1},{""price"":66160.01,""size"":0.02,""num_orders"":1},{""price"":66160.0,""size"":0.0165,""num_orders"":1},{""price"":66159.14,""size"":0.02,""num_orders"":1},{""price"":66159.13,""size"":0.02881974,""num_orders"":2},{""price"":66158.45,""size"":0.02,""num_orders"":1},{""price"":66158.44,""size"":0.001511,""num_orders"":1},{""price"":66158.17,""size"":0.02,""num_orders"":1}]","[{""price"":66162.02,""size"":0.0023441,""num_orders"":3},{""price"":66162.79,""size"":0.12091389,""num_orders"":1},{""price"":66163.35,""size"":0.0151141,""num_orders"":2},{""price"":66163.68,""size"":0.00529004,""num_orders"":1},{""price"":66163.81,""size"":0.06900471,""num_orders"":1},{""price"":66164.54,""size"":1.7e-05,""num_orders"":1},{""price"":66164.55,""size"":0.069,""num_orders"":1},{""price"":66164.87,""size"":0.03778474,""num_orders"":1},{""price"":66164.96,""size"":0.001511,""num_orders"":1},{""price"":66165.68,""size"":0.15113804,""num_orders"":1}]"
btc_usd_d10_20260723T000543Z,27,2026-07-23T00:32:43.961193Z,2026-07-23T00:32:43.961322Z,BTC-USD,10,ok,,133088497653,2026-07-23T00:32:42.620916097Z,0.20438698,0.66846704,-0.53168118536,66200.800000000003,66200.809999999998,66200.804999999993,0.009999999995,0.001510555649,"[{""price"":66200.8,""size"":0.08438185,""num_orders"":11},{""price"":66199.7,""size"":0.00075527,""num_orders"":1},{""price"":66199.47,""size"":0.01510586,""num_orders"":2},{""price"":66199.14,""size"":0.00528694,""num_orders"":1},{""price"":66197.26,""size"":0.00048989,""num_orders"":1},{""price"":66196.92,""size"":0.02,""num_orders"":1},{""price"":66196.91,""size"":0.00660868,""num_orders"":1},{""price"":66196.6,""size"":0.02,""num_orders"":1},{""price"":66196.59,""size"":0.03175849,""num_orders"":1},{""price"":66196.03,""size"":0.02,""num_orders"":1}]","[{""price"":66200.81,""size"":0.07639462,""num_orders"":4},{""price"":66201.13,""size"":0.15113804,""num_orders"":1},{""price"":66201.14,""size"":0.12084384,""num_orders"":1},{""price"":66202.0,""size"":0.0157,""num_orders"":1},{""price"":66202.14,""size"":0.01510526,""num_orders"":2},{""price"":66202.24,""size"":0.12084184,""num_orders"":1},{""price"":66203.85,""size"":0.15113804,""num_orders"":1},{""price"":66204.0,""size"":0.0157,""num_orders"":1},{""price"":66204.08,""size"":0.001511,""num_orders"":1},{""price"":66204.78,""size"":9.44e-05,""num_orders"":1}]"
btc_usd_d10_20260723T000543Z,28,2026-07-23T00:33:43.961193Z,2026-07-23T00:33:43.961323Z,BTC-USD,10,ok,,133088528443,2026-07-23T00:33:43.185002511Z,0.54657178,0.31170125,0.273654794908,66180.880000000005,66180.889999999999,66180.885000000009,0.009999999995,0.001511010316,"[{""price"":66180.88,""size"":0.00216795,""num_orders"":5},{""price"":66180.77,""size"":0.18087573,""num_orders"":1},{""price"":66180.75,""size"":0.0190153,""num_orders"":2},{""price"":66180.66,""size"":0.0244471,""num_orders"":3},{""price"":66180.0,""size"":0.0157,""num_orders"":1},{""price"":66179.55,""size"":0.0151104,""num_orders"":2},{""price"":66178.0,""size"":0.017211,""num_orders"":2},{""price"":66177.78,""size"":0.15113804,""num_orders"":1},{""price"":66176.63,""size"":1.7e-05,""num_orders"":1},{""price"":66176.26,""size"":0.12088926,""num_orders"":1}]","[{""price"":66180.89,""size"":0.06771769,""num_orders"":4},{""price"":66182.22,""size"":0.0151098,""num_orders"":2},{""price"":66182.55,""size"":0.00528853,""num_orders"":1},{""price"":66183.02,""size"":0.12087692,""num_orders"":1},{""price"":66184.0,""size"":0.0157,""num_orders"":1},{""price"":66184.17,""size"":0.04,""num_orders"":1},{""price"":66184.52,""size"":0.001511,""num_orders"":1},{""price"":66184.78,""size"":0.00661067,""num_orders"":1},{""price"":66185.72,""size"":0.00111289,""num_orders"":1},{""price"":66185.84,""size"":0.03777375,""num_orders"":1}]"
btc_usd_d10_20260723T000543Z,29,2026-07-23T00:34:43.961193Z,2026-07-23T00:34:43.961321Z,BTC-USD,10,ok,,133088557730,2026-07-23T00:34:41.585448063Z,1.06328664,0.79850735,0.142217286887,66229.009999999995,66229.020000000004,66229.014999999999,0.010000000009,0.001509912235,"[{""price"":66229.01,""size"":0.79511481,""num_orders"":3},{""price"":66227.68,""size"":0.01509942,""num_orders"":2},{""price"":66227.35,""size"":0.00528469,""num_orders"":1},{""price"":66226.6,""size"":0.01882597,""num_orders"":1},{""price"":66225.94,""size"":0.02686957,""num_orders"":1},{""price"":66225.12,""size"":0.00660586,""num_orders"":1},{""price"":66224.86,""size"":0.00334828,""num_orders"":1},{""price"":66224.0,""size"":0.021,""num_orders"":1},{""price"":66221.52,""size"":0.02,""num_orders"":1},{""price"":66221.51,""size"":0.15113804,""num_orders"":1}]","[{""price"":66229.02,""size"":0.32690506,""num_orders"":12},{""price"":66229.1,""size"":0.06,""num_orders"":2},{""price"":66229.32,""size"":0.12079243,""num_orders"":1},{""price"":66230.0,""size"":0.021,""num_orders"":1},{""price"":66230.16,""size"":0.001511,""num_orders"":1},{""price"":66230.43,""size"":0.0150988,""num_orders"":2},{""price"":66230.68,""size"":0.00528469,""num_orders"":1},{""price"":66231.3,""size"":0.07577733,""num_orders"":1},{""price"":66231.31,""size"":0.15113804,""num_orders"":1},{""price"":66232.0,""size"":0.021,""num_orders"":1}]"
btc_usd_d10_20260723T000543Z,30,2026-07-23T00:35:43.961193Z,2026-07-23T00:35:43.961330Z,BTC-USD,10,ok,,133088582803,2026-07-23T00:35:42.533635795Z,0.44754402,0.71356712,-0.229110798127,66242.649999999994,66242.660000000003,66242.654999999999,0.010000000009,0.00150960133,"[{""price"":66242.65,""size"":0.06228092,""num_orders"":6},{""price"":66241.81,""size"":0.0007548,""num_orders"":1},{""price"":66241.79,""size"":4.075e-05,""num_orders"":1},{""price"":66241.32,""size"":0.01509632,""num_orders"":2},{""price"":66240.99,""size"":0.0052836,""num_orders"":1},{""price"":66240.0,""size"":0.0209,""num_orders"":1},{""price"":66239.58,""size"":0.15113804,""num_orders"":1},{""price"":66239.57,""size"":0.18087573,""num_orders"":1},{""price"":66238.89,""size"":0.00456933,""num_orders"":11},{""price"":66238.25,""size"":0.00660453,""num_orders"":1}]","[{""price"":66242.66,""size"":0.12194371,""num_orders"":4},{""price"":66243.99,""size"":0.0150957,""num_orders"":2},{""price"":66244.0,""size"":0.0209,""num_orders"":1},{""price"":66244.17,""size"":0.04,""num_orders"":1},{""price"":66244.61,""size"":0.1,""num_orders"":2},{""price"":66245.14,""size"":1.7e-05,""num_orders"":1},{""price"":66245.39,""size"":0.07577733,""num_orders"":1},{""price"":66245.4,""size"":0.15113804,""num_orders"":1},{""price"":66245.41,""size"":0.15095386,""num_orders"":1},{""price"":66245.96,""size"":0.03774148,""num_orders"":1}]"
btc_usd_d10_20260723T000543Z,31,2026-07-23T00:36:43.961193Z,2026-07-23T00:36:43.961322Z,BTC-USD,10,ok,,133088611550,2026-07-23T00:36:41.340192918Z,0.24956525,0.37381826,-0.199320334925,66208.869999999995,66208.880000000005,66208.875,0.010000000009,0.001510371534,"[{""price"":66208.87,""size"":0.11043939,""num_orders"":9},{""price"":66207.54,""size"":0.01510402,""num_orders"":2},{""price"":66205.01,""size"":0.02,""num_orders"":1},{""price"":66205.0,""size"":0.01,""num_orders"":1},{""price"":66204.85,""size"":0.02,""num_orders"":1},{""price"":66204.84,""size"":1.7e-05,""num_orders"":1},{""price"":66204.01,""size"":0.02,""num_orders"":1},{""price"":66204.0,""size"":0.0189,""num_orders"":1},{""price"":66203.91,""size"":0.02,""num_orders"":1},{""price"":66203.9,""size"":0.01510484,""num_orders"":2}]","[{""price"":66208.88,""size"":0.11144672,""num_orders"":4},{""price"":66209.07,""size"":0.12082936,""num_orders"":1},{""price"":66209.87,""size"":0.00138504,""num_orders"":1},{""price"":66209.99,""size"":0.0376,""num_orders"":1},{""price"":66210.0,""size"":0.0189,""num_orders"":1},{""price"":66210.18,""size"":0.03775955,""num_orders"":1},{""price"":66210.21,""size"":0.01510342,""num_orders"":2},{""price"":66210.54,""size"":0.0052863,""num_orders"":1},{""price"":66212.0,""size"":0.0189,""num_orders"":1},{""price"":66212.77,""size"":0.00660787,""num_orders"":1}]"
btc_usd_d10_20260723T000543Z,32,2026-07-23T00:37:43.961193Z,2026-07-23T00:37:43.961319Z,BTC-USD,10,ok,,133088640539,2026-07-23T00:37:43.028333107Z,0.30205349,0.53571748,-0.278911538317,66181.720000000001,66181.729999999996,66181.725000000006,0.009999999995,0.001510991138,"[{""price"":66181.72,""size"":0.05930461,""num_orders"":6},{""price"":66181.18,""size"":0.00075549,""num_orders"":1},{""price"":66180.77,""size"":0.0259506,""num_orders"":2},{""price"":66180.66,""size"":1.685e-05,""num_orders"":1},{""price"":66180.39,""size"":0.01511022,""num_orders"":2},{""price"":66180.06,""size"":0.00528846,""num_orders"":1},{""price"":66178.89,""size"":7.822e-05,""num_orders"":1},{""price"":66178.02,""size"":0.02,""num_orders"":1},{""price"":66178.01,""size"":0.15113804,""num_orders"":1},{""price"":66178.0,""size"":0.024411,""num_orders"":2}]","[{""price"":66181.73,""size"":0.13584936,""num_orders"":5},{""price"":66182.0,""size"":0.0229,""num_orders"":1},{""price"":66182.05,""size"":0.12087871,""num_orders"":1},{""price"":66182.17,""size"":0.00092077,""num_orders"":1},{""price"":66182.38,""size"":0.14,""num_orders"":3},{""price"":66183.06,""size"":0.0151096,""num_orders"":2},{""price"":66183.39,""size"":0.00528846,""num_orders"":1},{""price"":66183.62,""size"":0.0377726,""num_orders"":1},{""price"":66185.01,""size"":0.02,""num_orders"":1},{""price"":66185.02,""size"":0.03699798,""num_orders"":1}]"
btc_usd_d10_20260723T000543Z,33,2026-07-23T00:38:43.961193Z,2026-07-23T00:38:43.961342Z,BTC-USD,10,ok,,133088664887,2026-07-23T00:38:42.542596350Z,0.27640532,0.41869947,-0.20470891878,66182.130000000005,66182.139999999999,66182.135000000009,0.009999999995,0.001510981777,"[{""price"":66182.13,""size"":0.06950381,""num_orders"":5},{""price"":66180.8,""size"":0.01511012,""num_orders"":2},{""price"":66180.47,""size"":0.00528843,""num_orders"":1},{""price"":66179.26,""size"":0.02620755,""num_orders"":1},{""price"":66178.24,""size"":0.00661054,""num_orders"":1},{""price"":66178.0,""size"":0.0218,""num_orders"":1},{""price"":66176.63,""size"":0.00755387,""num_orders"":1},{""price"":66176.0,""size"":0.0218,""num_orders"":1},{""price"":66174.74,""size"":0.001511,""num_orders"":1},{""price"":66174.38,""size"":0.10102,""num_orders"":2}]","[{""price"":66182.14,""size"":0.16087695,""num_orders"":3},{""price"":66183.47,""size"":0.01510952,""num_orders"":2},{""price"":66184.0,""size"":0.0218,""num_orders"":1},{""price"":66184.11,""size"":0.03777328,""num_orders"":1},{""price"":66184.52,""size"":0.001511,""num_orders"":1},{""price"":66184.73,""size"":0.02,""num_orders"":1},{""price"":66184.74,""size"":0.00075549,""num_orders"":1},{""price"":66185.03,""size"":0.02,""num_orders"":1},{""price"":66185.04,""size"":0.12087323,""num_orders"":1},{""price"":66185.79,""size"":0.02,""num_orders"":1}]"
btc_usd_d10_20260723T000543Z,34,2026-07-23T00:39:43.961193Z,2026-07-23T00:39:43.961318Z,BTC-USD,10,ok,,133088695061,2026-07-23T00:39:43.844268382Z,0.42766926,0.43161884,-0.004596339691,66154.070000000007,66154.080000000002,66154.075000000012,0.009999999995,0.001511622677,"[{""price"":66154.07,""size"":0.25591131,""num_orders"":5},{""price"":66153.06,""size"":0.03,""num_orders"":1},{""price"":66153.04,""size"":0.03,""num_orders"":1},{""price"":66152.74,""size"":0.01511654,""num_orders"":2},{""price"":66152.45,""size"":0.03717888,""num_orders"":3},{""price"":66152.41,""size"":0.00529067,""num_orders"":1},{""price"":66150.52,""size"":0.02,""num_orders"":1},{""price"":66150.51,""size"":0.00755852,""num_orders"":1},{""price"":66150.19,""size"":0.02,""num_orders"":1},{""price"":66150.18,""size"":0.00661334,""num_orders"":1}]","[{""price"":66154.08,""size"":0.00850196,""num_orders"":1},{""price"":66155.37,""size"":0.12092745,""num_orders"":1},{""price"":66155.41,""size"":0.01511592,""num_orders"":2},{""price"":66155.74,""size"":0.00529067,""num_orders"":1},{""price"":66156.0,""size"":0.0207,""num_orders"":1},{""price"":66156.6,""size"":8.343e-05,""num_orders"":1},{""price"":66157.88,""size"":0.18137707,""num_orders"":1},{""price"":66157.89,""size"":0.07577733,""num_orders"":1},{""price"":66157.92,""size"":0.00263154,""num_orders"":1},{""price"":66157.93,""size"":0.00121347,""num_orders"":3}]"
btc_usd_d10_20260723T000543Z,35,2026-07-23T00:40:43.961193Z,2026-07-23T00:40:43.961319Z,BTC-USD,10,ok,,133088717881,2026-07-23T00:40:41.185134132Z,0.80777393,0.61560971,0.135005218972,66172.600000000006,66172.610000000001,66172.60500000001,0.009999999995,0.001511199385,"[{""price"":66172.6,""size"":0.77282938,""num_orders"":15},{""price"":66172.59,""size"":0.00612487,""num_orders"":3},{""price"":66172.56,""size"":0.0273073,""num_orders"":1},{""price"":66172.4,""size"":2.3e-07,""num_orders"":1},{""price"":66172.37,""size"":2.3e-07,""num_orders"":1},{""price"":66172.36,""size"":2.3e-07,""num_orders"":1},{""price"":66172.35,""size"":2.3e-07,""num_orders"":1},{""price"":66172.34,""size"":2.3e-07,""num_orders"":1},{""price"":66172.33,""size"":2.3e-07,""num_orders"":1},{""price"":66171.48,""size"":0.001511,""num_orders"":1}]","[{""price"":66172.61,""size"":0.42569833,""num_orders"":8},{""price"":66173.94,""size"":0.01511168,""num_orders"":2},{""price"":66174.06,""size"":0.1208933,""num_orders"":1},{""price"":66174.27,""size"":0.00528919,""num_orders"":1},{""price"":66174.74,""size"":0.001511,""num_orders"":1},{""price"":66176.02,""size"":0.00038328,""num_orders"":1},{""price"":66176.5,""size"":0.00661149,""num_orders"":1},{""price"":66176.58,""size"":9.444e-05,""num_orders"":1},{""price"":66176.63,""size"":1.7e-05,""num_orders"":1},{""price"":66177.56,""size"":0.04,""num_orders"":2}]"
btc_usd_d10_20260723T000543Z,36,2026-07-23T00:41:43.961193Z,2026-07-23T00:41:43.961323Z,BTC-USD,10,ok,,133088748991,2026-07-23T00:41:43.536039261Z,0.57709407,0.19796541,0.489160728671,66177.949999999997,66177.960000000006,66177.955000000002,0.010000000009,0.001511077217,"[{""price"":66177.95,""size"":0.21280897,""num_orders"":7},{""price"":66176.62,""size"":0.01511108,""num_orders"":2},{""price"":66176.0,""size"":0.0228,""num_orders"":1},{""price"":66175.55,""size"":0.02,""num_orders"":1},{""price"":66175.54,""size"":6.12e-05,""num_orders"":1},{""price"":66175.24,""size"":0.02,""num_orders"":1},{""price"":66175.23,""size"":0.01699832,""num_orders"":1},{""price"":66174.58,""size"":0.02,""num_orders"":1},{""price"":66174.57,""size"":0.03777609,""num_orders"":1},{""price"":66174.18,""size"":0.21153841,""num_orders"":1}]","[{""price"":66177.96,""size"":0.00352606,""num_orders"":1},{""price"":66177.98,""size"":0.00028753,""num_orders"":2},{""price"":66178.67,""size"":0.00056317,""num_orders"":2},{""price"":66179.13,""size"":0.12088404,""num_orders"":1},{""price"":66179.29,""size"":0.01511046,""num_orders"":2},{""price"":66179.63,""size"":0.00528881,""num_orders"":1},{""price"":66180.0,""size"":0.02279988,""num_orders"":1},{""price"":66181.86,""size"":0.00661102,""num_orders"":1},{""price"":66181.93,""size"":9.444e-05,""num_orders"":1},{""price"":66182.0,""size"":0.0228,""num_orders"":1}]"
btc_usd_d10_20260723T000543Z,37,2026-07-23T00:42:43.961193Z,2026-07-23T00:42:43.961318Z,BTC-USD,10,ok,,133088785573,2026-07-23T00:42:43.531960122Z,0.57783751,0.39608129,0.1866235871,66146.160000000003,66146.169999999998,66146.165000000008,0.009999999995,0.001511803442,"[{""price"":66146.16,""size"":0.14663096,""num_orders"":4},{""price"":66145.4,""size"":0.001511,""num_orders"":1},{""price"":66144.97,""size"":0.00037836,""num_orders"":1},{""price"":66144.95,""size"":0.01511832,""num_orders"":2},{""price"":66144.39,""size"":1.7e-05,""num_orders"":1},{""price"":66144.0,""size"":0.0195,""num_orders"":1},{""price"":66143.03,""size"":0.21153841,""num_orders"":1},{""price"":66142.88,""size"":0.18087573,""num_orders"":1},{""price"":66142.31,""size"":0.00075673,""num_orders"":1},{""price"":66142.14,""size"":0.001511,""num_orders"":1}]","[{""price"":66146.17,""size"":0.06599225,""num_orders"":3},{""price"":66147.5,""size"":0.01511772,""num_orders"":2},{""price"":66147.83,""size"":0.00529131,""num_orders"":1},{""price"":66148.0,""size"":0.0195,""num_orders"":1},{""price"":66148.43,""size"":0.07598493,""num_orders"":2},{""price"":66148.57,""size"":0.12093989,""num_orders"":1},{""price"":66149.7,""size"":0.04714105,""num_orders"":1},{""price"":66150.0,""size"":0.0195,""num_orders"":1},{""price"":66150.06,""size"":0.00661414,""num_orders"":1},{""price"":66150.2,""size"":0.02,""num_orders"":1}]"
btc_usd_d10_20260723T000543Z,38,2026-07-23T00:43:43.961193Z,2026-07-23T00:43:43.961324Z,BTC-USD,10,ok,,133088816977,2026-07-23T00:43:42.105313179Z,0.21650918,0.52788023,-0.418290542312,66151.309999999998,66151.320000000007,66151.315000000002,0.010000000009,0.001511685748,"[{""price"":66151.31,""size"":0.0971766,""num_orders"":5},{""price"":66151.3,""size"":0.03,""num_orders"":1},{""price"":66151.28,""size"":0.03,""num_orders"":1},{""price"":66151.19,""size"":0.00112874,""num_orders"":1},{""price"":66150.0,""size"":0.0195,""num_orders"":1},{""price"":66149.65,""size"":0.0052909,""num_orders"":1},{""price"":66149.64,""size"":0.03341225,""num_orders"":3},{""price"":66149.54,""size"":2.3e-07,""num_orders"":1},{""price"":66149.53,""size"":2.3e-07,""num_orders"":1},{""price"":66149.52,""size"":2.3e-07,""num_orders"":1}]","[{""price"":66151.32,""size"":0.23476603,""num_orders"":7},{""price"":66152.45,""size"":1.7e-05,""num_orders"":1},{""price"":66153.65,""size"":0.00400355,""num_orders"":1},{""price"":66153.91,""size"":0.15116265,""num_orders"":1},{""price"":66154.0,""size"":0.0195,""num_orders"":1},{""price"":66155.01,""size"":0.01692,""num_orders"":1},{""price"":66155.17,""size"":0.02,""num_orders"":1},{""price"":66155.18,""size"":0.001511,""num_orders"":1},{""price"":66155.31,""size"":0.02,""num_orders"":1},{""price"":66155.32,""size"":0.06,""num_orders"":2}]"
btc_usd_d10_20260723T000543Z,39,2026-07-23T00:44:43.961193Z,2026-07-23T00:44:43.961318Z,BTC-USD,10,ok,,133088840590,2026-07-23T00:44:42.315726448Z,0.20380851,0.41985496,-0.346415110701,66134.070000000007,66134.080000000002,66134.075000000012,0.009999999995,0.001512079816,"[{""price"":66134.07,""size"":0.07789414,""num_orders"":5},{""price"":66133.21,""size"":0.022473,""num_orders"":2},{""price"":66132.74,""size"":0.0151211,""num_orders"":2},{""price"":66132.42,""size"":0.02,""num_orders"":1},{""price"":66132.41,""size"":0.00529227,""num_orders"":1},{""price"":66132.36,""size"":0.001511,""num_orders"":1},{""price"":66132.3,""size"":1.7e-05,""num_orders"":1},{""price"":66132.01,""size"":0.02,""num_orders"":1},{""price"":66132.0,""size"":0.0215,""num_orders"":1},{""price"":66130.21,""size"":0.02,""num_orders"":1}]","[{""price"":66134.08,""size"":0.0655162,""num_orders"":4},{""price"":66134.24,""size"":0.03780067,""num_orders"":1},{""price"":66135.2,""size"":0.0009511,""num_orders"":1},{""price"":66135.41,""size"":0.0151205,""num_orders"":2},{""price"":66135.44,""size"":0.12096389,""num_orders"":1},{""price"":66135.62,""size"":0.001511,""num_orders"":1},{""price"":66135.74,""size"":0.00529227,""num_orders"":1},{""price"":66136.34,""size"":0.09269933,""num_orders"":2},{""price"":66136.75,""size"":0.06,""num_orders"":2},{""price"":66137.96,""size"":0.02,""num_orders"":1}]"
btc_usd_d10_20260723T000543Z,40,2026-07-23T00:45:43.961193Z,2026-07-23T00:45:43.961322Z,BTC-USD,10,ok,,133088869854,2026-07-23T00:45:42.547096082Z,0.39188144,0.64499275,-0.244109953205,66132.289999999994,66132.300000000003,66132.294999999998,0.010000000009,0.001512120517,"[{""price"":66132.29,""size"":0.16570937,""num_orders"":17},{""price"":66132.0,""size"":0.0215,""num_orders"":1},{""price"":66130.96,""size"":0.01512152,""num_orders"":2},{""price"":66130.63,""size"":0.00529242,""num_orders"":1},{""price"":66130.0,""size"":0.0215,""num_orders"":1},{""price"":66129.61,""size"":0.02697728,""num_orders"":12},{""price"":66129.1,""size"":0.001511,""num_orders"":1},{""price"":66128.68,""size"":0.12097623,""num_orders"":1},{""price"":66128.4,""size"":0.00661552,""num_orders"":1},{""price"":66128.26,""size"":0.0066781,""num_orders"":3}]","[{""price"":66132.3,""size"":0.00549799,""num_orders"":4},{""price"":66133.63,""size"":0.0151209,""num_orders"":2},{""price"":66133.96,""size"":0.00529242,""num_orders"":1},{""price"":66135.42,""size"":0.12096393,""num_orders"":1},{""price"":66135.62,""size"":0.001511,""num_orders"":1},{""price"":66135.99,""size"":0.21174343,""num_orders"":1},{""price"":66136.0,""size"":0.0215,""num_orders"":1},{""price"":66136.03,""size"":0.25665306,""num_orders"":2},{""price"":66136.19,""size"":0.00661552,""num_orders"":1},{""price"":66136.27,""size"":9.45e-05,""num_orders"":1}]"
btc_usd_d10_20260723T000543Z,41,2026-07-23T00:46:43.961193Z,2026-07-23T00:46:43.961320Z,BTC-USD,10,ok,,133088894223,2026-07-23T00:46:42.045620294Z,0.63750427,0.61779408,0.015701597951,66159.779999999999,66159.789999999994,66159.785000000003,0.009999999995,0.001511492215,"[{""price"":66159.78,""size"":0.35297292,""num_orders"":10},{""price"":66158.45,""size"":0.01511522,""num_orders"":2},{""price"":66158.12,""size"":0.00529022,""num_orders"":1},{""price"":66158.0,""size"":0.0194,""num_orders"":1},{""price"":66157.69,""size"":0.0377855,""num_orders"":1},{""price"":66157.44,""size"":0.03,""num_orders"":1},{""price"":66157.42,""size"":0.03,""num_orders"":1},{""price"":66156.0,""size"":0.0194,""num_orders"":1},{""price"":66155.89,""size"":0.00661277,""num_orders"":1},{""price"":66155.26,""size"":0.12092764,""num_orders"":1}]","[{""price"":66159.79,""size"":0.00427093,""num_orders"":4},{""price"":66160.51,""size"":1.7e-05,""num_orders"":1},{""price"":66161.12,""size"":0.01511462,""num_orders"":2},{""price"":66161.68,""size"":0.12091591,""num_orders"":1},{""price"":66162.0,""size"":0.0194,""num_orders"":1},{""price"":66162.82,""size"":0.21174343,""num_orders"":1},{""price"":66163.28,""size"":0.07577733,""num_orders"":1},{""price"":66164.0,""size"":0.0194,""num_orders"":1},{""price"":66164.54,""size"":1.7e-05,""num_orders"":1},{""price"":66164.76,""size"":0.15113786,""num_orders"":1}]"
btc_usd_d10_20260723T000543Z,42,2026-07-23T00:47:43.961193Z,2026-07-23T00:47:43.961316Z,BTC-USD,10,ok,,133088922389,2026-07-23T00:47:43.610727828Z,1.02091779,0.60213858,0.258018894316,66168.210000000006,66168.220000000001,66168.214999999997,0.009999999995,0.001511299647,"[{""price"":66168.21,""size"":0.07535507,""num_orders"":11},{""price"":66166.88,""size"":0.0151133,""num_orders"":2},{""price"":66166.55,""size"":0.00528954,""num_orders"":1},{""price"":66164.32,""size"":0.00661193,""num_orders"":1},{""price"":66164.0,""size"":0.0193,""num_orders"":1},{""price"":66163.25,""size"":0.00016338,""num_orders"":1},{""price"":66163.02,""size"":0.694598,""num_orders"":1},{""price"":66162.5,""size"":0.18087573,""num_orders"":1},{""price"":66162.0,""size"":0.0193,""num_orders"":1},{""price"":66160.5,""size"":0.00431084,""num_orders"":8}]","[{""price"":66168.22,""size"":0.23633999,""num_orders"":5},{""price"":66168.57,""size"":1.7e-05,""num_orders"":1},{""price"":66168.78,""size"":0.03778414,""num_orders"":1},{""price"":66169.54,""size"":0.02,""num_orders"":1},{""price"":66169.55,""size"":0.0151127,""num_orders"":2},{""price"":66169.98,""size"":0.02,""num_orders"":1},{""price"":66169.99,""size"":0.02184132,""num_orders"":5},{""price"":66170.0,""size"":0.0193,""num_orders"":1},{""price"":66171.26,""size"":0.02,""num_orders"":1},{""price"":66171.27,""size"":0.21174343,""num_orders"":1}]"
btc_usd_d10_20260723T000543Z,43,2026-07-23T00:48:43.961193Z,2026-07-23T00:48:43.961331Z,BTC-USD,10,ok,,133088944258,2026-07-23T00:48:42.040987419Z,0.45733906,0.4056502,0.05989513705,66147.929999999993,66147.940000000002,66147.934999999998,0.010000000009,0.001511762991,"[{""price"":66147.93,""size"":0.10207769,""num_orders"":7},{""price"":66146.61,""size"":0.02,""num_orders"":1},{""price"":66146.6,""size"":0.01511794,""num_orders"":2},{""price"":66146.03,""size"":0.02,""num_orders"":1},{""price"":66146.02,""size"":0.21174343,""num_orders"":1},{""price"":66146.01,""size"":0.02,""num_orders"":1},{""price"":66146.0,""size"":0.0184,""num_orders"":1},{""price"":66145.01,""size"":0.02,""num_orders"":1},{""price"":66145.0,""size"":0.01,""num_orders"":1},{""price"":66144.4,""size"":0.02,""num_orders"":1}]","[{""price"":66147.94,""size"":0.07014409,""num_orders"":4},{""price"":66149.27,""size"":0.01511732,""num_orders"":2},{""price"":66149.48,""size"":0.00201883,""num_orders"":1},{""price"":66149.6,""size"":0.00529117,""num_orders"":1},{""price"":66149.89,""size"":0.0249973,""num_orders"":1},{""price"":66150.0,""size"":0.0184,""num_orders"":1},{""price"":66150.09,""size"":0.00213308,""num_orders"":3},{""price"":66151.54,""size"":0.12093445,""num_orders"":1},{""price"":66151.74,""size"":0.14,""num_orders"":3},{""price"":66151.83,""size"":0.00661396,""num_orders"":1}]"
btc_usd_d10_20260723T000543Z,44,2026-07-23T00:49:43.961193Z,2026-07-23T00:49:43.961308Z,BTC-USD,10,ok,,133088966942,2026-07-23T00:49:42.107280363Z,0.14675467,0.82389367,-0.697615163077,66153.580000000002,66153.589999999997,66153.584999999992,0.009999999995,0.001511633874,"[{""price"":66153.58,""size"":0.06996238,""num_orders"":17},{""price"":66153.56,""size"":8.177e-05,""num_orders"":1},{""price"":66152.27,""size"":0.00075581,""num_orders"":1},{""price"":66152.25,""size"":0.01511664,""num_orders"":2},{""price"":66151.92,""size"":0.001511,""num_orders"":1},{""price"":66151.9,""size"":0.00529065,""num_orders"":1},{""price"":66150.08,""size"":0.00812311,""num_orders"":18},{""price"":66150.0,""size"":0.0193,""num_orders"":1},{""price"":66149.67,""size"":0.00661331,""num_orders"":1},{""price"":66148.67,""size"":0.02,""num_orders"":1}]","[{""price"":66153.59,""size"":0.02354325,""num_orders"":4},{""price"":66154.0,""size"":0.0193,""num_orders"":1},{""price"":66154.45,""size"":0.02,""num_orders"":1},{""price"":66154.46,""size"":0.36866769,""num_orders"":1},{""price"":66154.47,""size"":0.12092911,""num_orders"":1},{""price"":66154.92,""size"":0.01511604,""num_orders"":2},{""price"":66155.08,""size"":0.03779244,""num_orders"":1},{""price"":66155.18,""size"":0.001511,""num_orders"":1},{""price"":66155.23,""size"":0.21174343,""num_orders"":1},{""price"":66155.25,""size"":0.00529071,""num_orders"":1}]"
btc_usd_d10_20260723T000543Z,45,2026-07-23T00:50:43.961193Z,2026-07-23T00:50:43.961354Z,BTC-USD,10,ok,,133089025823,2026-07-23T00:50:42.085760089Z,0.17999305,1.04443374,-0.705996223751,66092,66092.009999999995,66092.005000000005,0.009999999995,0.00151304231,"[{""price"":66092.0,""size"":0.08147555,""num_orders"":9},{""price"":66091.99,""size"":2.3e-07,""num_orders"":1},{""price"":66091.98,""size"":2.3e-07,""num_orders"":1},{""price"":66091.97,""size"":2.3e-07,""num_orders"":1},{""price"":66091.25,""size"":0.01363252,""num_orders"":2},{""price"":66090.33,""size"":0.00529564,""num_orders"":1},{""price"":66090.0,""size"":0.0222,""num_orders"":1},{""price"":66089.8,""size"":0.02856902,""num_orders"":2},{""price"":66088.0,""size"":0.0222,""num_orders"":1},{""price"":66087.36,""size"":0.00661963,""num_orders"":1}]","[{""price"":66092.01,""size"":0.01909956,""num_orders"":5},{""price"":66093.4,""size"":0.02,""num_orders"":1},{""price"":66093.41,""size"":0.14669033,""num_orders"":2},{""price"":66093.42,""size"":0.21182833,""num_orders"":1},{""price"":66093.67,""size"":0.00038328,""num_orders"":1},{""price"":66094.12,""size"":0.02,""num_orders"":1},{""price"":66094.13,""size"":0.12103949,""num_orders"":1},{""price"":66094.4,""size"":0.27136442,""num_orders"":1},{""price"":66095.51,""size"":0.21182833,""num_orders"":1},{""price"":66096.0,""size"":0.0222,""num_orders"":1}]"
btc_usd_d10_20260723T000543Z,46,2026-07-23T00:51:43.961193Z,2026-07-23T00:51:43.961340Z,BTC-USD,10,ok,,133089066771,2026-07-23T00:51:41.844942769Z,0.33005125,0.46674007,-0.171549082638,66121.630000000005,66121.639999999999,66121.635000000009,0.009999999995,0.001512364296,"[{""price"":66121.63,""size"":0.09059929,""num_orders"":10},{""price"":66121.58,""size"":0.00075618,""num_orders"":1},{""price"":66120.31,""size"":0.03282397,""num_orders"":1},{""price"":66120.3,""size"":0.01512394,""num_orders"":2},{""price"":66120.2,""size"":0.02794773,""num_orders"":3},{""price"":66119.97,""size"":0.00529327,""num_orders"":1},{""price"":66119.32,""size"":0.001511,""num_orders"":1},{""price"":66117.74,""size"":0.00661659,""num_orders"":1},{""price"":66116.06,""size"":0.001511,""num_orders"":1},{""price"":66115.06,""size"":0.14786828,""num_orders"":1}]","[{""price"":66121.64,""size"":0.00714374,""num_orders"":4},{""price"":66122.19,""size"":0.12098813,""num_orders"":1},{""price"":66122.58,""size"":0.001511,""num_orders"":1},{""price"":66122.9,""size"":0.01512336,""num_orders"":2},{""price"":66123.3,""size"":0.00529327,""num_orders"":1},{""price"":66124.0,""size"":0.0222,""num_orders"":1},{""price"":66124.24,""size"":1.7e-05,""num_orders"":1},{""price"":66124.3,""size"":0.03781051,""num_orders"":1},{""price"":66124.35,""size"":0.18087573,""num_orders"":1},{""price"":66124.37,""size"":0.07577733,""num_orders"":1}]"
btc_usd_d10_20260723T000543Z,47,2026-07-23T00:52:43.961193Z,2026-07-23T00:52:43.961325Z,BTC-USD,10,ok,,133089101999,2026-07-23T00:52:41.023104873Z,0.07501513,0.24147573,-0.525957052915,66120.910000000003,66120.919999999998,66120.915000000008,0.009999999995,0.001512380764,"[{""price"":66120.91,""size"":0.04437327,""num_orders"":13},{""price"":66120.89,""size"":2.3e-07,""num_orders"":1},{""price"":66120.88,""size"":2.3e-07,""num_orders"":1},{""price"":66120.85,""size"":2.3e-07,""num_orders"":1},{""price"":66120.84,""size"":2.3e-07,""num_orders"":1},{""price"":66120.83,""size"":2.3e-07,""num_orders"":1},{""price"":66120.82,""size"":2.3e-07,""num_orders"":1},{""price"":66120.21,""size"":0.01400536,""num_orders"":4},{""price"":66119.58,""size"":0.01512412,""num_orders"":2},{""price"":66119.32,""size"":0.001511,""num_orders"":1}]","[{""price"":66120.92,""size"":0.03529333,""num_orders"":2},{""price"":66121.88,""size"":0.00111978,""num_orders"":1},{""price"":66122.0,""size"":0.019,""num_orders"":1},{""price"":66122.22,""size"":0.02299679,""num_orders"":1},{""price"":66122.34,""size"":0.01512348,""num_orders"":2},{""price"":66122.58,""size"":0.001511,""num_orders"":1},{""price"":66122.67,""size"":0.00529332,""num_orders"":1},{""price"":66122.91,""size"":0.02,""num_orders"":1},{""price"":66122.92,""size"":0.1209868,""num_orders"":1},{""price"":66123.0,""size"":0.00015123,""num_orders"":1}]"
btc_usd_d10_20260723T000543Z,48,2026-07-23T00:53:43.961193Z,2026-07-23T00:53:43.961322Z,BTC-USD,10,ok,,133089140855,2026-07-23T00:53:43.181039595Z,0.46358893,0.48245497,-0.019942034402,66081.380000000005,66081.389999999999,66081.385000000009,0.009999999995,0.001513285473,"[{""price"":66081.38,""size"":0.08712455,""num_orders"":5},{""price"":66080.05,""size"":0.01513316,""num_orders"":2},{""price"":66079.72,""size"":0.00529649,""num_orders"":1},{""price"":66077.5,""size"":0.02,""num_orders"":1},{""price"":66077.49,""size"":0.17409188,""num_orders"":3},{""price"":66076.43,""size"":0.02,""num_orders"":1},{""price"":66076.42,""size"":0.03113394,""num_orders"":7},{""price"":66076.09,""size"":0.02,""num_orders"":1},{""price"":66076.08,""size"":0.09079191,""num_orders"":1},{""price"":66075.88,""size"":1.7e-05,""num_orders"":1}]","[{""price"":66081.39,""size"":0.04442969,""num_orders"":5},{""price"":66081.62,""size"":0.016934,""num_orders"":1},{""price"":66082.0,""size"":0.0242,""num_orders"":1},{""price"":66082.79,""size"":0.01513254,""num_orders"":2},{""price"":66083.05,""size"":0.00529649,""num_orders"":1},{""price"":66083.29,""size"":0.09079191,""num_orders"":1},{""price"":66083.3,""size"":0.12105934,""num_orders"":1},{""price"":66083.46,""size"":0.001511,""num_orders"":1},{""price"":66084.0,""size"":0.0231,""num_orders"":1},{""price"":66084.02,""size"":0.14,""num_orders"":3}]"
btc_usd_d10_20260723T000543Z,49,2026-07-23T00:54:43.961193Z,2026-07-23T00:54:43.961323Z,BTC-USD,10,ok,,133089161666,2026-07-23T00:54:42.104783686Z,0.39566809,0.46707713,-0.08276955739,66091.539999999994,66091.550000000003,66091.544999999998,0.010000000009,0.001513052843,"[{""price"":66091.54,""size"":0.17145923,""num_orders"":7},{""price"":66091.51,""size"":0.00108027,""num_orders"":1},{""price"":66091.09,""size"":0.02,""num_orders"":1},{""price"":66091.08,""size"":0.08238821,""num_orders"":2},{""price"":66091.07,""size"":0.04409854,""num_orders"":1},{""price"":66090.19,""size"":0.02,""num_orders"":1},{""price"":66090.18,""size"":0.01513084,""num_orders"":2},{""price"":66089.99,""size"":0.02,""num_orders"":1},{""price"":66089.98,""size"":0.001511,""num_orders"":1},{""price"":66089.86,""size"":0.02,""num_orders"":1}]","[{""price"":66091.55,""size"":0.00633733,""num_orders"":2},{""price"":66091.94,""size"":0.18087573,""num_orders"":1},{""price"":66092.88,""size"":0.01513022,""num_orders"":2},{""price"":66093.18,""size"":0.00529568,""num_orders"":1},{""price"":66093.24,""size"":0.001511,""num_orders"":1},{""price"":66093.47,""size"":0.1210407,""num_orders"":1},{""price"":66094.0,""size"":0.023,""num_orders"":1},{""price"":66095.52,""size"":9.456e-05,""num_orders"":1},{""price"":66095.6,""size"":0.09079191,""num_orders"":1},{""price"":66096.0,""size"":0.023,""num_orders"":1}]"
btc_usd_d10_20260723T000543Z,50,2026-07-23T00:55:43.961193Z,2026-07-23T00:55:43.961323Z,BTC-USD,10,ok,,133089197532,2026-07-23T00:55:41.687226231Z,0.35679669,0.58871852,-0.24528619693,66061.220000000001,66061.229999999996,66061.225000000006,0.009999999995,0.001513747284,"[{""price"":66061.22,""size"":0.03570081,""num_orders"":1},{""price"":66061.21,""size"":0.01838701,""num_orders"":6},{""price"":66061.19,""size"":0.0052421,""num_orders"":1},{""price"":66061.01,""size"":0.00756876,""num_orders"":1},{""price"":66060.87,""size"":0.01,""num_orders"":1},{""price"":66060.15,""size"":0.00756886,""num_orders"":1},{""price"":66059.76,""size"":0.25001715,""num_orders"":3},{""price"":66058.11,""size"":1e-06,""num_orders"":1},{""price"":66058.0,""size"":0.0208,""num_orders"":1},{""price"":66057.38,""size"":0.001511,""num_orders"":1}]","[{""price"":66061.23,""size"":0.04313946,""num_orders"":2},{""price"":66061.93,""size"":0.09079191,""num_orders"":1},{""price"":66061.94,""size"":0.12109847,""num_orders"":1},{""price"":66062.0,""size"":0.0197,""num_orders"":1},{""price"":66062.9,""size"":0.00529811,""num_orders"":1},{""price"":66063.14,""size"":0.12109627,""num_orders"":1},{""price"":66064.0,""size"":0.0197,""num_orders"":1},{""price"":66065.11,""size"":0.08549433,""num_orders"":1},{""price"":66065.13,""size"":0.00662264,""num_orders"":1},{""price"":66066.15,""size"":0.07577733,""num_orders"":1}]"
btc_usd_d10_20260723T000543Z,51,2026-07-23T00:56:43.961193Z,2026-07-23T00:56:43.961320Z,BTC-USD,10,ok,,133089235039,2026-07-23T00:56:41.840227781Z,0.26810146,0.42388507,-0.225125205833,66037.460000000006,66037.470000000001,66037.464999999997,0.009999999995,0.001514291924,"[{""price"":66037.46,""size"":0.08617903,""num_orders"":4},{""price"":66036.16,""size"":0.02,""num_orders"":1},{""price"":66036.15,""size"":0.06109565,""num_orders"":1},{""price"":66036.13,""size"":0.01514322,""num_orders"":2},{""price"":66036.0,""size"":0.0217,""num_orders"":1},{""price"":66035.98,""size"":0.01190926,""num_orders"":1},{""price"":66035.81,""size"":0.00530002,""num_orders"":1},{""price"":66034.99,""size"":0.02,""num_orders"":1},{""price"":66034.98,""size"":0.00677428,""num_orders"":2},{""price"":66034.57,""size"":0.02,""num_orders"":1}]","[{""price"":66037.47,""size"":0.11634758,""num_orders"":4},{""price"":66037.83,""size"":0.00021045,""num_orders"":1},{""price"":66038.8,""size"":0.01514262,""num_orders"":2},{""price"":66039.5,""size"":0.12113963,""num_orders"":1},{""price"":66039.78,""size"":0.00098641,""num_orders"":1},{""price"":66040.27,""size"":0.00076656,""num_orders"":1},{""price"":66041.08,""size"":0.001511,""num_orders"":1},{""price"":66041.13,""size"":0.07577733,""num_orders"":1},{""price"":66041.36,""size"":0.09079191,""num_orders"":1},{""price"":66041.87,""size"":0.00121158,""num_orders"":1}]"
btc_usd_d10_20260723T000543Z,52,2026-07-23T00:57:43.961193Z,2026-07-23T00:57:43.961320Z,BTC-USD,10,ok,,133089268187,2026-07-23T00:57:40.541183830Z,0.20019912,1.08960545,-0.689566738006,66023.559999999998,66023.570000000007,66023.565000000002,0.010000000009,0.001514610732,"[{""price"":66023.56,""size"":0.04856414,""num_orders"":6},{""price"":66023.49,""size"":1.7e-05,""num_orders"":1},{""price"":66022.23,""size"":0.01514642,""num_orders"":2},{""price"":66022.12,""size"":0.01708139,""num_orders"":2},{""price"":66022.0,""size"":0.0264,""num_orders"":1},{""price"":66021.86,""size"":1e-06,""num_orders"":1},{""price"":66020.52,""size"":1.515e-05,""num_orders"":1},{""price"":66020.07,""size"":0.02,""num_orders"":1},{""price"":66020.06,""size"":0.04657402,""num_orders"":1},{""price"":66020.0,""size"":0.0264,""num_orders"":1}]","[{""price"":66023.57,""size"":0.14854222,""num_orders"":7},{""price"":66023.79,""size"":0.12116845,""num_orders"":1},{""price"":66024.43,""size"":0.00010523,""num_orders"":1},{""price"":66024.77,""size"":0.09079191,""num_orders"":1},{""price"":66024.78,""size"":0.12116664,""num_orders"":1},{""price"":66024.9,""size"":0.0151458,""num_orders"":2},{""price"":66025.22,""size"":0.00530113,""num_orders"":1},{""price"":66025.69,""size"":0.31571643,""num_orders"":2},{""price"":66026.98,""size"":0.09079191,""num_orders"":1},{""price"":66026.99,""size"":0.18087573,""num_orders"":1}]"
btc_usd_d10_20260723T000543Z,53,2026-07-23T00:58:43.961193Z,2026-07-23T00:58:43.961307Z,BTC-USD,10,ok,,133089304303,2026-07-23T00:58:42.585717283Z,0.17636906,0.54720616,-0.512506633381,66026.399999999994,66026.410000000003,66026.404999999999,0.010000000009,0.001514545584,"[{""price"":66026.4,""size"":0.01,""num_orders"":1},{""price"":66026.35,""size"":0.00436842,""num_orders"":1},{""price"":66025.07,""size"":0.01514576,""num_orders"":2},{""price"":66024.78,""size"":0.001511,""num_orders"":1},{""price"":66024.0,""size"":0.02653676,""num_orders"":2},{""price"":66023.49,""size"":1.7e-05,""num_orders"":1},{""price"":66022.51,""size"":0.09079191,""num_orders"":1},{""price"":66022.5,""size"":0.01514636,""num_orders"":2},{""price"":66022.28,""size"":0.00088304,""num_orders"":1},{""price"":66022.24,""size"":0.01196881,""num_orders"":2}]","[{""price"":66026.41,""size"":0.0964657,""num_orders"":3},{""price"":66027.0,""size"":0.09079191,""num_orders"":1},{""price"":66027.01,""size"":0.12116253,""num_orders"":1},{""price"":66027.46,""size"":0.00862482,""num_orders"":1},{""price"":66027.74,""size"":0.01514514,""num_orders"":2},{""price"":66029.11,""size"":0.00530082,""num_orders"":1},{""price"":66029.71,""size"":0.016946,""num_orders"":1},{""price"":66030.0,""size"":0.0262,""num_orders"":1},{""price"":66030.41,""size"":0.09079191,""num_orders"":1},{""price"":66031.31,""size"":0.07577733,""num_orders"":1}]"
btc_usd_d10_20260723T000543Z,54,2026-07-23T00:59:43.961193Z,2026-07-23T00:59:43.961321Z,BTC-USD,10,ok,,133089331674,2026-07-23T00:59:41.186684685Z,0.21698993,0.58084682,-0.456054311863,66026.179999999993,66026.190000000002,66026.184999999998,0.010000000009,0.00151455063,"[{""price"":66026.18,""size"":0.00072555,""num_orders"":1},{""price"":66026.13,""size"":0.00174736,""num_orders"":1},{""price"":66026.0,""size"":0.01,""num_orders"":1},{""price"":66024.85,""size"":0.01514582,""num_orders"":2},{""price"":66024.78,""size"":0.001511,""num_orders"":1},{""price"":66024.0,""size"":0.02623676,""num_orders"":2},{""price"":66023.56,""size"":0.02846667,""num_orders"":2},{""price"":66023.49,""size"":1.7e-05,""num_orders"":1},{""price"":66022.41,""size"":0.12117096,""num_orders"":1},{""price"":66022.24,""size"":0.01196881,""num_orders"":2}]","[{""price"":66026.19,""size"":0.09508266,""num_orders"":5},{""price"":66027.51,""size"":0.02,""num_orders"":1},{""price"":66027.52,""size"":0.0151452,""num_orders"":2},{""price"":66027.83,""size"":0.02,""num_orders"":1},{""price"":66027.84,""size"":0.00530092,""num_orders"":1},{""price"":66027.99,""size"":0.02,""num_orders"":1},{""price"":66028.0,""size"":0.0261,""num_orders"":1},{""price"":66028.25,""size"":0.03786622,""num_orders"":1},{""price"":66028.62,""size"":0.02,""num_orders"":1},{""price"":66028.63,""size"":0.32135182,""num_orders"":1}]"
btc_usd_d10_20260723T000543Z,55,2026-07-23T01:00:43.961193Z,2026-07-23T01:00:43.961330Z,BTC-USD,10,ok,,133089373966,2026-07-23T01:00:43.183910168Z,0.78661239,0.65290911,0.092880363371,66035.570000000007,66035.580000000002,66035.575000000012,0.009999999995,0.001514335265,"[{""price"":66035.57,""size"":0.37695475,""num_orders"":6},{""price"":66035.51,""size"":0.04582143,""num_orders"":1},{""price"":66034.17,""size"":0.01514368,""num_orders"":2},{""price"":66034.0,""size"":0.0248,""num_orders"":1},{""price"":66033.85,""size"":0.00530017,""num_orders"":1},{""price"":66032.0,""size"":0.0248,""num_orders"":1},{""price"":66031.62,""size"":0.00662522,""num_orders"":1},{""price"":66031.47,""size"":8.374e-05,""num_orders"":1},{""price"":66031.18,""size"":0.16592819,""num_orders"":2},{""price"":66030.99,""size"":0.12115521,""num_orders"":1}]","[{""price"":66035.58,""size"":4.577e-05,""num_orders"":2},{""price"":66038.0,""size"":0.0248,""num_orders"":1},{""price"":66038.04,""size"":0.03786102,""num_orders"":1},{""price"":66038.13,""size"":0.12114214,""num_orders"":1},{""price"":66039.14,""size"":0.09079191,""num_orders"":1},{""price"":66039.15,""size"":0.07577733,""num_orders"":1},{""price"":66039.16,""size"":0.18087573,""num_orders"":1},{""price"":66039.61,""size"":1.7e-05,""num_orders"":1},{""price"":66040.11,""size"":0.12113851,""num_orders"":1},{""price"":66040.63,""size"":0.0004597,""num_orders"":1}]"
btc_usd_d10_20260723T000543Z,56,2026-07-23T01:01:43.961193Z,2026-07-23T01:01:43.961347Z,BTC-USD,10,ok,,133089424558,2026-07-23T01:01:43.547658264Z,0.66169144,0.09173329,0.756489835421,66047.509999999995,66047.520000000004,66047.514999999999,0.010000000009,0.001514061507,"[{""price"":66047.51,""size"":0.16706014,""num_orders"":7},{""price"":66046.98,""size"":0.00828287,""num_orders"":4},{""price"":66046.04,""size"":0.02,""num_orders"":1},{""price"":66046.03,""size"":0.1938982,""num_orders"":1},{""price"":66046.02,""size"":0.09079191,""num_orders"":1},{""price"":66046.01,""size"":0.01052947,""num_orders"":1},{""price"":66046.0,""size"":0.0247,""num_orders"":1},{""price"":66045.86,""size"":0.00529921,""num_orders"":1},{""price"":66044.94,""size"":0.12112964,""num_orders"":1},{""price"":66044.01,""size"":0.02,""num_orders"":1}]","[{""price"":66047.52,""size"":0.00025617,""num_orders"":2},{""price"":66047.67,""size"":1.7e-05,""num_orders"":1},{""price"":66049.49,""size"":1.6e-06,""num_orders"":1},{""price"":66049.5,""size"":2.5e-05,""num_orders"":1},{""price"":66051.0,""size"":2.5e-05,""num_orders"":1},{""price"":66051.01,""size"":1.6e-06,""num_orders"":1},{""price"":66051.48,""size"":9.462e-05,""num_orders"":1},{""price"":66051.7,""size"":1.7e-05,""num_orders"":1},{""price"":66052.46,""size"":0.07577733,""num_orders"":1},{""price"":66052.47,""size"":0.01551797,""num_orders"":2}]"
btc_usd_d10_20260723T000543Z,57,2026-07-23T01:02:43.961193Z,2026-07-23T01:02:43.961364Z,BTC-USD,10,ok,,133089463583,2026-07-23T01:02:42.546267817Z,2.10881979,0.3710146,0.700774695684,66063.5,66063.509999999995,66063.505000000005,0.009999999995,0.001513695042,"[{""price"":66063.5,""size"":0.2914506,""num_orders"":6},{""price"":66062.75,""size"":0.00217791,""num_orders"":1},{""price"":66062.0,""size"":0.0223,""num_orders"":1},{""price"":66061.85,""size"":0.00529793,""num_orders"":1},{""price"":66061.51,""size"":0.62297754,""num_orders"":1},{""price"":66061.5,""size"":1.0,""num_orders"":1},{""price"":66060.0,""size"":0.0223,""num_orders"":1},{""price"":66059.82,""size"":0.12110234,""num_orders"":1},{""price"":66059.62,""size"":0.00662241,""num_orders"":1},{""price"":66059.54,""size"":0.01459106,""num_orders"":4}]","[{""price"":66063.51,""size"":1.18e-05,""num_orders"":1},{""price"":66063.79,""size"":1.7e-05,""num_orders"":1},{""price"":66067.12,""size"":0.12108897,""num_orders"":1},{""price"":66067.47,""size"":9.46e-05,""num_orders"":1},{""price"":66067.82,""size"":1.7e-05,""num_orders"":1},{""price"":66067.94,""size"":0.09079191,""num_orders"":1},{""price"":66068.0,""size"":0.0223,""num_orders"":1},{""price"":66068.46,""size"":0.01551421,""num_orders"":2},{""price"":66068.8,""size"":9.46e-05,""num_orders"":1},{""price"":66069.56,""size"":0.12108451,""num_orders"":1}]"
btc_usd_d10_20260723T000543Z,58,2026-07-23T01:03:43.961193Z,2026-07-23T01:03:43.961338Z,BTC-USD,10,ok,,133089500933,2026-07-23T01:03:37.163291112Z,2.79531227,0.22754983,0.849447429309,66085.570000000007,66085.580000000002,66085.575000000012,0.009999999995,0.001513189527,"[{""price"":66085.57,""size"":0.77465385,""num_orders"":7},{""price"":66085.51,""size"":0.71295319,""num_orders"":1},{""price"":66085.5,""size"":1.0,""num_orders"":1},{""price"":66084.78,""size"":0.00075659,""num_orders"":1},{""price"":66084.24,""size"":0.0151322,""num_orders"":2},{""price"":66084.0,""size"":0.0222,""num_orders"":1},{""price"":66083.91,""size"":0.00529616,""num_orders"":1},{""price"":66083.8,""size"":0.12105839,""num_orders"":1},{""price"":66082.0,""size"":0.0222,""num_orders"":1},{""price"":66081.9,""size"":0.12106189,""num_orders"":1}]","[{""price"":66085.58,""size"":0.016948,""num_orders"":1},{""price"":66086.91,""size"":0.01513158,""num_orders"":2},{""price"":66087.19,""size"":0.00041321,""num_orders"":3},{""price"":66087.77,""size"":9.457e-05,""num_orders"":1},{""price"":66087.81,""size"":0.03783046,""num_orders"":1},{""price"":66087.97,""size"":1.7e-05,""num_orders"":1},{""price"":66088.76,""size"":0.01550944,""num_orders"":2},{""price"":66089.16,""size"":0.14,""num_orders"":3},{""price"":66089.98,""size"":0.001511,""num_orders"":1},{""price"":66090.87,""size"":9.457e-05,""num_orders"":1}]"
btc_usd_d10_20260723T000543Z,59,2026-07-23T01:04:43.961193Z,2026-07-23T01:04:43.961326Z,BTC-USD,10,ok,,133089533928,2026-07-23T01:04:41.595532405Z,0.58103194,0.20847431,0.471886866,66102.839999999997,66102.850000000006,66102.845000000001,0.010000000009,0.001512794194,"[{""price"":66102.84,""size"":0.0752662,""num_orders"":16},{""price"":66102.71,""size"":0.00162988,""num_orders"":1},{""price"":66102.62,""size"":8.577e-05,""num_orders"":1},{""price"":66102.02,""size"":0.07577733,""num_orders"":1},{""price"":66102.01,""size"":0.16187146,""num_orders"":1},{""price"":66102.0,""size"":0.0322,""num_orders"":1},{""price"":66101.51,""size"":0.01512824,""num_orders"":2},{""price"":66100.9,""size"":0.00529474,""num_orders"":1},{""price"":66100.7,""size"":0.18157832,""num_orders"":1},{""price"":66100.0,""size"":0.0322,""num_orders"":1}]","[{""price"":66102.85,""size"":0.00043481,""num_orders"":3},{""price"":66104.09,""size"":1.7e-05,""num_orders"":1},{""price"":66104.18,""size"":0.01512764,""num_orders"":2},{""price"":66105.22,""size"":1e-06,""num_orders"":1},{""price"":66105.89,""size"":0.12101797,""num_orders"":1},{""price"":66106.28,""size"":0.001511,""num_orders"":1},{""price"":66106.82,""size"":9.454e-05,""num_orders"":1},{""price"":66107.04,""size"":0.016945,""num_orders"":1},{""price"":66107.81,""size"":0.01550497,""num_orders"":2},{""price"":66107.91,""size"":0.03782038,""num_orders"":1}]"
btc_usd_d10_20260723T041943Z,0,2026-07-23T04:19:43.746646Z,2026-07-23T04:19:43.746677Z,BTC-USD,10,ok,,133095908366,2026-07-23T04:19:42.045208177Z,9.68447669,1.06446301,0.80194083515,65600,65600.009999999995,65600.005000000005,0.009999999995,0.001524390127,"[{""price"":65600.0,""size"":9.15118854,""num_orders"":18},{""price"":65598.68,""size"":0.0152442,""num_orders"":2},{""price"":65598.36,""size"":0.00533536,""num_orders"":1},{""price"":65597.72,""size"":0.001511,""num_orders"":1},{""price"":65597.52,""size"":0.00168398,""num_orders"":1},{""price"":65596.6,""size"":0.25891086,""num_orders"":1},{""price"":65596.59,""size"":0.12195754,""num_orders"":1},{""price"":65596.31,""size"":1.7e-05,""num_orders"":1},{""price"":65596.15,""size"":0.00666918,""num_orders"":1},{""price"":65595.79,""size"":0.12195903,""num_orders"":1}]","[{""price"":65600.01,""size"":0.06955066,""num_orders"":4},{""price"":65600.98,""size"":0.001511,""num_orders"":1},{""price"":65601.33,""size"":0.0152436,""num_orders"":2},{""price"":65601.86,""size"":0.03811186,""num_orders"":1},{""price"":65601.98,""size"":0.00533535,""num_orders"":1},{""price"":65602.57,""size"":0.07280201,""num_orders"":1},{""price"":65602.58,""size"":0.12194642,""num_orders"":1},{""price"":65603.55,""size"":0.46308638,""num_orders"":2},{""price"":65603.56,""size"":0.18087573,""num_orders"":1},{""price"":65603.58,""size"":0.096,""num_orders"":1}]"
btc_usd_d10_20260723T041943Z,1,2026-07-23T04:20:43.746646Z,2026-07-23T04:20:43.746783Z,BTC-USD,10,ok,,133095938681,2026-07-23T04:20:40.483798732Z,1.17676867,0.50004321,0.403578641153,65645.550000000003,65645.559999999998,65645.554999999993,0.009999999995,0.001523332386,"[{""price"":65645.55,""size"":0.69312121,""num_orders"":12},{""price"":65644.67,""size"":0.1639316,""num_orders"":1},{""price"":65644.66,""size"":0.12197942,""num_orders"":1},{""price"":65644.27,""size"":0.00401223,""num_orders"":1},{""price"":65644.26,""size"":0.12186898,""num_orders"":1},{""price"":65644.0,""size"":0.0214,""num_orders"":1},{""price"":65643.91,""size"":0.00533166,""num_orders"":1},{""price"":65642.9,""size"":0.017059,""num_orders"":1},{""price"":65642.0,""size"":0.0214,""num_orders"":1},{""price"":65641.69,""size"":0.00666457,""num_orders"":1}]","[{""price"":65645.56,""size"":2.726e-05,""num_orders"":1},{""price"":65647.71,""size"":0.03808445,""num_orders"":1},{""price"":65648.7,""size"":1.7e-05,""num_orders"":1},{""price"":65649.5,""size"":9.52e-05,""num_orders"":1},{""price"":65649.6,""size"":0.12197942,""num_orders"":1},{""price"":65649.61,""size"":0.18087573,""num_orders"":1},{""price"":65650.0,""size"":0.0214,""num_orders"":1},{""price"":65650.48,""size"":0.01561298,""num_orders"":2},{""price"":65650.81,""size"":9.52e-05,""num_orders"":1},{""price"":65651.28,""size"":0.12185597,""num_orders"":1}]"
btc_usd_d10_20260723T041943Z,2,2026-07-23T04:21:43.746646Z,2026-07-23T04:21:43.746782Z,BTC-USD,10,ok,,133095963605,2026-07-23T04:21:41.101845950Z,0.90936942,0.4024718,0.386401656139,65657.970000000001,65657.979999999996,65657.975000000006,0.009999999995,0.00152304423,"[{""price"":65657.97,""size"":0.09959915,""num_orders"":11},{""price"":65656.74,""size"":0.12175267,""num_orders"":1},{""price"":65656.73,""size"":0.12197942,""num_orders"":1},{""price"":65656.65,""size"":0.01523074,""num_orders"":2},{""price"":65656.01,""size"":0.00533066,""num_orders"":1},{""price"":65656.0,""size"":0.0214,""num_orders"":1},{""price"":65654.16,""size"":0.19982163,""num_orders"":1},{""price"":65654.15,""size"":0.18087573,""num_orders"":1},{""price"":65654.12,""size"":0.12197942,""num_orders"":1},{""price"":65654.0,""size"":0.0214,""num_orders"":1}]","[{""price"":65657.98,""size"":0.03490759,""num_orders"":4},{""price"":65659.3,""size"":0.01523014,""num_orders"":2},{""price"":65660.0,""size"":0.12183978,""num_orders"":1},{""price"":65660.79,""size"":1.7e-05,""num_orders"":1},{""price"":65661.91,""size"":0.02,""num_orders"":1},{""price"":65662.02,""size"":0.02,""num_orders"":1},{""price"":65662.03,""size"":0.18087573,""num_orders"":1},{""price"":65662.9,""size"":0.00799538,""num_orders"":1},{""price"":65662.92,""size"":0.001511,""num_orders"":1},{""price"":65663.23,""size"":9.518e-05,""num_orders"":1}]"
btc_usd_d10_20260723T041943Z,3,2026-07-23T04:22:43.746646Z,2026-07-23T04:22:43.746774Z,BTC-USD,10,ok,,133095986598,2026-07-23T04:22:41.015193849Z,0.18102584,0.72152104,-0.598855540889,65650.009999999995,65650.020000000004,65650.014999999999,0.010000000009,0.001523228899,"[{""price"":65650.01,""size"":0.06369161,""num_orders"":29},{""price"":65650.0,""size"":0.00060949,""num_orders"":2},{""price"":65649.52,""size"":0.01165819,""num_orders"":28},{""price"":65648.83,""size"":0.05499997,""num_orders"":1},{""price"":65648.7,""size"":1.7e-05,""num_orders"":1},{""price"":65648.69,""size"":0.01993228,""num_orders"":7},{""price"":65648.37,""size"":0.0053313,""num_orders"":1},{""price"":65648.0,""size"":0.0214,""num_orders"":1},{""price"":65647.7,""size"":0.001875,""num_orders"":2},{""price"":65646.62,""size"":0.001511,""num_orders"":1}]","[{""price"":65650.02,""size"":0.07230814,""num_orders"":4},{""price"":65650.08,""size"":0.00076161,""num_orders"":1},{""price"":65650.29,""size"":0.09696538,""num_orders"":1},{""price"":65650.3,""size"":0.12185779,""num_orders"":1},{""price"":65651.34,""size"":0.01523198,""num_orders"":2},{""price"":65651.66,""size"":0.0053313,""num_orders"":1},{""price"":65652.84,""size"":0.12197942,""num_orders"":1},{""price"":65652.85,""size"":0.2789103,""num_orders"":1},{""price"":65653.14,""size"":0.001511,""num_orders"":1},{""price"":65653.88,""size"":0.00666412,""num_orders"":1}]"
btc_usd_d10_20260723T041943Z,4,2026-07-23T04:23:43.746646Z,2026-07-23T04:23:43.746779Z,BTC-USD,10,ok,,133096007327,2026-07-23T04:23:41.037243593Z,0.54018056,0.42253171,0.122205620169,65660,65660.009999999995,65660.005000000005,0.009999999995,0.001522997142,"[{""price"":65660.0,""size"":0.12824783,""num_orders"":35},{""price"":65658.68,""size"":0.01523028,""num_orders"":2},{""price"":65658.58,""size"":0.00727074,""num_orders"":9},{""price"":65658.41,""size"":0.19079152,""num_orders"":2},{""price"":65658.36,""size"":0.00533049,""num_orders"":1},{""price"":65658.0,""size"":0.0214,""num_orders"":1},{""price"":65657.73,""size"":0.045,""num_orders"":1},{""price"":65656.9,""size"":0.00341928,""num_orders"":2},{""price"":65656.4,""size"":0.001511,""num_orders"":1},{""price"":65656.2,""size"":0.12197942,""num_orders"":1}]","[{""price"":65660.01,""size"":0.04344346,""num_orders"":5},{""price"":65660.79,""size"":1.7e-05,""num_orders"":1},{""price"":65661.33,""size"":0.01522966,""num_orders"":2},{""price"":65661.65,""size"":0.00533049,""num_orders"":1},{""price"":65662.92,""size"":0.001511,""num_orders"":1},{""price"":65663.51,""size"":0.18087573,""num_orders"":1},{""price"":65663.52,""size"":0.12183326,""num_orders"":1},{""price"":65663.87,""size"":0.00666311,""num_orders"":1},{""price"":65663.95,""size"":9.518e-05,""num_orders"":1},{""price"":65664.17,""size"":0.04753282,""num_orders"":1}]"
btc_usd_d10_20260723T041943Z,5,2026-07-23T04:24:43.746646Z,2026-07-23T04:24:43.746744Z,BTC-USD,10,ok,,133096029378,2026-07-23T04:24:41.046769389Z,0.39191584,1.08815349,-0.470408808485,65667.020000000004,65667.029999999999,65667.024999999994,0.009999999995,0.001522834329,"[{""price"":65667.02,""size"":0.19098556,""num_orders"":8},{""price"":65667.0,""size"":0.03,""num_orders"":1},{""price"":65666.36,""size"":0.00140158,""num_orders"":1},{""price"":65665.7,""size"":0.01522866,""num_orders"":2},{""price"":65665.56,""size"":0.00026604,""num_orders"":1},{""price"":65664.19,""size"":0.03600107,""num_orders"":1},{""price"":65664.0,""size"":0.0214,""num_orders"":1},{""price"":65663.36,""size"":0.03800001,""num_orders"":1},{""price"":65662.01,""size"":0.03723292,""num_orders"":1},{""price"":65662.0,""size"":0.0214,""num_orders"":1}]","[{""price"":65667.03,""size"":0.13462074,""num_orders"":7},{""price"":65667.61,""size"":0.02,""num_orders"":1},{""price"":65667.62,""size"":0.19496521,""num_orders"":1},{""price"":65667.63,""size"":0.12197942,""num_orders"":1},{""price"":65667.71,""size"":0.12182548,""num_orders"":1},{""price"":65668.45,""size"":0.04752499,""num_orders"":1},{""price"":65668.48,""size"":0.015228,""num_orders"":2},{""price"":65668.85,""size"":1.7e-05,""num_orders"":1},{""price"":65669.61,""size"":0.12197942,""num_orders"":1},{""price"":65669.62,""size"":0.31001323,""num_orders"":2}]"
btc_usd_d10_20260723T041943Z,6,2026-07-23T04:25:43.746646Z,2026-07-23T04:25:43.746770Z,BTC-USD,10,ok,,133096050583,2026-07-23T04:25:41.584820069Z,0.45493158,0.37078572,0.101906378854,65667.020000000004,65667.029999999999,65667.024999999994,0.009999999995,0.001522834329,"[{""price"":65667.02,""size"":0.12267406,""num_orders"":6},{""price"":65667.01,""size"":0.00159403,""num_orders"":1},{""price"":65666.18,""size"":0.001511,""num_orders"":1},{""price"":65666.0,""size"":0.0214,""num_orders"":1},{""price"":65665.71,""size"":0.13394845,""num_orders"":2},{""price"":65665.7,""size"":0.01522866,""num_orders"":2},{""price"":65665.56,""size"":0.00026604,""num_orders"":1},{""price"":65665.48,""size"":0.031,""num_orders"":1},{""price"":65665.38,""size"":0.00532992,""num_orders"":1},{""price"":65664.2,""size"":0.12197942,""num_orders"":1}]","[{""price"":65667.03,""size"":0.10245717,""num_orders"":4},{""price"":65668.34,""size"":0.09759273,""num_orders"":2},{""price"":65668.35,""size"":0.01522804,""num_orders"":2},{""price"":65668.4,""size"":0.12182421,""num_orders"":1},{""price"":65668.51,""size"":0.02,""num_orders"":1},{""price"":65668.67,""size"":0.00532992,""num_orders"":1},{""price"":65668.85,""size"":0.00083467,""num_orders"":3},{""price"":65669.37,""size"":0.00076141,""num_orders"":1},{""price"":65670.89,""size"":0.0066624,""num_orders"":1},{""price"":65671.38,""size"":9.517e-05,""num_orders"":1}]"
btc_usd_d10_20260723T041943Z,7,2026-07-23T04:26:43.746646Z,2026-07-23T04:26:43.746776Z,BTC-USD,10,ok,,133096079617,2026-07-23T04:26:42.543019530Z,0.50234668,0.38979086,0.126164201094,65698.669999999998,65698.679999999993,65698.674999999988,0.009999999995,0.001522100711,"[{""price"":65698.67,""size"":0.07296483,""num_orders"":5},{""price"":65697.43,""size"":0.00104019,""num_orders"":1},{""price"":65697.35,""size"":0.01522132,""num_orders"":2},{""price"":65697.02,""size"":0.00532735,""num_orders"":1},{""price"":65696.0,""size"":0.0204,""num_orders"":1},{""price"":65695.52,""size"":0.001511,""num_orders"":1},{""price"":65694.81,""size"":0.00665919,""num_orders"":1},{""price"":65694.12,""size"":0.18524338,""num_orders"":1},{""price"":65694.11,""size"":0.12197942,""num_orders"":1},{""price"":65694.01,""size"":0.072,""num_orders"":1}]","[{""price"":65698.68,""size"":0.07003,""num_orders"":4},{""price"":65698.84,""size"":0.02,""num_orders"":1},{""price"":65698.85,""size"":0.10775527,""num_orders"":1},{""price"":65698.86,""size"":0.12176771,""num_orders"":1},{""price"":65700.0,""size"":0.01532516,""num_orders"":5},{""price"":65700.32,""size"":0.00532744,""num_orders"":1},{""price"":65700.75,""size"":0.03805728,""num_orders"":1},{""price"":65701.09,""size"":1.7e-05,""num_orders"":1},{""price"":65701.9,""size"":0.01,""num_orders"":1},{""price"":65702.04,""size"":0.001511,""num_orders"":1}]"
btc_usd_d10_20260723T041943Z,8,2026-07-23T04:27:43.746646Z,2026-07-23T04:27:43.746773Z,BTC-USD,10,ok,,133096109668,2026-07-23T04:27:43.098819248Z,0.41720342,0.68734672,-0.244573143597,65686.039999999994,65686.679999999993,65686.359999999986,0.639999999999,0.097432709013,"[{""price"":65686.04,""size"":0.0886,""num_orders"":3},{""price"":65686.01,""size"":0.01530812,""num_orders"":2},{""price"":65686.0,""size"":0.01929999,""num_orders"":1},{""price"":65685.47,""size"":0.00135109,""num_orders"":1},{""price"":65684.36,""size"":0.00532835,""num_orders"":1},{""price"":65684.05,""size"":0.12007601,""num_orders"":1},{""price"":65684.04,""size"":0.12197942,""num_orders"":1},{""price"":65684.0,""size"":0.0193,""num_orders"":1},{""price"":65682.15,""size"":0.00666044,""num_orders"":1},{""price"":65682.0,""size"":0.0193,""num_orders"":1}]","[{""price"":65686.68,""size"":0.00015223,""num_orders"":1},{""price"":65686.82,""size"":0.12179004,""num_orders"":1},{""price"":65687.99,""size"":0.02272263,""num_orders"":1},{""price"":65688.2,""size"":0.03806136,""num_orders"":1},{""price"":65688.78,""size"":0.20159047,""num_orders"":2},{""price"":65689.0,""size"":0.001528,""num_orders"":2},{""price"":65689.73,""size"":0.12197942,""num_orders"":1},{""price"":65689.87,""size"":0.15223049,""num_orders"":1},{""price"":65690.0,""size"":0.0193,""num_orders"":1},{""price"":65690.06,""size"":0.00799208,""num_orders"":1}]"
btc_usd_d10_20260723T041943Z,9,2026-07-23T04:28:43.746646Z,2026-07-23T04:28:43.746777Z,BTC-USD,10,ok,,133096133085,2026-07-23T04:28:41.545524098Z,0.25764191,1.20563108,-0.647855305523,65673.070000000007,65673.080000000002,65673.075000000012,0.009999999995,0.001522694041,"[{""price"":65673.07,""size"":0.16184311,""num_orders"":16},{""price"":65672.88,""size"":1.7e-05,""num_orders"":1},{""price"":65671.75,""size"":0.01522724,""num_orders"":2},{""price"":65670.0,""size"":0.0293,""num_orders"":2},{""price"":65669.44,""size"":0.001511,""num_orders"":1},{""price"":65669.13,""size"":0.00761393,""num_orders"":1},{""price"":65668.85,""size"":1.7e-05,""num_orders"":1},{""price"":65668.16,""size"":0.01699859,""num_orders"":1},{""price"":65668.14,""size"":0.00761404,""num_orders"":1},{""price"":65668.0,""size"":0.0175,""num_orders"":1}]","[{""price"":65673.08,""size"":0.58885937,""num_orders"":9},{""price"":65674.05,""size"":0.18909065,""num_orders"":1},{""price"":65674.37,""size"":0.00081678,""num_orders"":1},{""price"":65674.4,""size"":0.01522664,""num_orders"":2},{""price"":65674.52,""size"":0.12197942,""num_orders"":1},{""price"":65674.54,""size"":0.1218128,""num_orders"":1},{""price"":65674.72,""size"":0.00532942,""num_orders"":1},{""price"":65675.58,""size"":0.10834397,""num_orders"":1},{""price"":65675.59,""size"":0.04751025,""num_orders"":1},{""price"":65676.94,""size"":0.00666178,""num_orders"":1}]"
btc_usd_d10_20260723T041943Z,10,2026-07-23T04:29:43.746646Z,2026-07-23T04:29:43.746764Z,BTC-USD,10,ok,,133096161569,2026-07-23T04:29:41.080228088Z,0.52777992,0.56573556,-0.034709741832,65674.020000000004,65674.029999999999,65674.024999999994,0.009999999995,0.001522672015,"[{""price"":65674.02,""size"":0.07989686,""num_orders"":10},{""price"":65673.54,""size"":0.01782984,""num_orders"":2},{""price"":65673.53,""size"":0.00880537,""num_orders"":1},{""price"":65672.7,""size"":0.01522702,""num_orders"":2},{""price"":65672.38,""size"":0.00532935,""num_orders"":1},{""price"":65672.0,""size"":0.0183,""num_orders"":1},{""price"":65671.89,""size"":0.00151967,""num_orders"":1},{""price"":65670.04,""size"":0.02,""num_orders"":1},{""price"":65670.03,""size"":0.17999608,""num_orders"":2},{""price"":65670.02,""size"":0.18087573,""num_orders"":1}]","[{""price"":65674.03,""size"":0.16624098,""num_orders"":4},{""price"":65675.35,""size"":0.01522642,""num_orders"":2},{""price"":65675.61,""size"":0.12197942,""num_orders"":1},{""price"":65675.66,""size"":0.07584262,""num_orders"":1},{""price"":65675.67,""size"":0.00532935,""num_orders"":1},{""price"":65675.95,""size"":0.14,""num_orders"":3},{""price"":65675.96,""size"":0.001511,""num_orders"":1},{""price"":65676.26,""size"":0.01599839,""num_orders"":1},{""price"":65677.25,""size"":0.01599839,""num_orders"":1},{""price"":65677.88,""size"":0.00760899,""num_orders"":1}]"
btc_usd_d10_20260723T041943Z,11,2026-07-23T04:30:43.746646Z,2026-07-23T04:30:43.746773Z,BTC-USD,10,ok,,133096209251,2026-07-23T04:30:43.525294089Z,0.72566872,0.33851994,0.363797129731,65652.720000000001,65652.729999999996,65652.725000000006,0.009999999995,0.001523166022,"[{""price"":65652.72,""size"":0.14148912,""num_orders"":4},{""price"":65652.0,""size"":0.0165,""num_orders"":1},{""price"":65651.08,""size"":0.00533108,""num_orders"":1},{""price"":65650.86,""size"":0.17556651,""num_orders"":1},{""price"":65650.85,""size"":0.09137463,""num_orders"":1},{""price"":65650.84,""size"":0.18087551,""num_orders"":1},{""price"":65650.0,""size"":0.0165,""num_orders"":1},{""price"":65648.15,""size"":0.00666388,""num_orders"":1},{""price"":65648.01,""size"":0.07486799,""num_orders"":2},{""price"":65648.0,""size"":0.0165,""num_orders"":1}]","[{""price"":65652.73,""size"":0.16001092,""num_orders"":5},{""price"":65653.23,""size"":0.00076656,""num_orders"":1},{""price"":65653.96,""size"":0.04083632,""num_orders"":1},{""price"":65654.8,""size"":2.286e-05,""num_orders"":1},{""price"":65654.92,""size"":0.00038328,""num_orders"":1},{""price"":65655.7,""size"":0.02,""num_orders"":1},{""price"":65655.71,""size"":0.06,""num_orders"":2},{""price"":65655.99,""size"":0.02,""num_orders"":1},{""price"":65656.0,""size"":0.0165,""num_orders"":1},{""price"":65656.37,""size"":0.02,""num_orders"":1}]"
btc_usd_d10_20260723T041943Z,12,2026-07-23T04:31:43.746646Z,2026-07-23T04:31:43.746811Z,BTC-USD,10,ok,,133096239807,2026-07-23T04:31:43.537509735Z,0.55165201,1.68912082,-0.507623439008,65628.550000000003,65628.559999999998,65628.554999999993,0.009999999995,0.001523726981,"[{""price"":65628.55,""size"":0.01091486,""num_orders"":3},{""price"":65626.0,""size"":0.0201,""num_orders"":1},{""price"":65625.0,""size"":0.01,""num_orders"":1},{""price"":65624.52,""size"":1.7e-05,""num_orders"":1},{""price"":65624.27,""size"":0.07654976,""num_orders"":1},{""price"":65624.26,""size"":0.09137463,""num_orders"":1},{""price"":65624.0,""size"":0.0201,""num_orders"":1},{""price"":65623.8,""size"":0.001511,""num_orders"":1},{""price"":65623.63,""size"":0.01523842,""num_orders"":2},{""price"":65622.26,""size"":0.30584634,""num_orders"":1}]","[{""price"":65628.56,""size"":0.68505995,""num_orders"":12},{""price"":65628.58,""size"":0.03,""num_orders"":1},{""price"":65630.0,""size"":0.0201,""num_orders"":1},{""price"":65630.12,""size"":0.35506117,""num_orders"":1},{""price"":65630.13,""size"":0.30463276,""num_orders"":1},{""price"":65630.2,""size"":0.00533304,""num_orders"":1},{""price"":65632.0,""size"":0.0201,""num_orders"":1},{""price"":65632.42,""size"":0.0066663,""num_orders"":1},{""price"":65632.52,""size"":0.14,""num_orders"":3},{""price"":65632.59,""size"":0.1221676,""num_orders"":3}]"
btc_usd_d10_20260723T041943Z,13,2026-07-23T04:32:43.746646Z,2026-07-23T04:32:43.746808Z,BTC-USD,10,ok,,133096269618,2026-07-23T04:32:41.312914079Z,0.30377365,0.93292324,-0.508733866065,65624.520000000004,65624.529999999999,65624.524999999994,0.009999999995,0.001523820553,"[{""price"":65624.52,""size"":0.12607328,""num_orders"":13},{""price"":65624.5,""size"":0.03,""num_orders"":1},{""price"":65623.21,""size"":0.04773771,""num_orders"":1},{""price"":65623.2,""size"":0.01523852,""num_orders"":2},{""price"":65623.12,""size"":0.00248323,""num_orders"":1},{""price"":65622.86,""size"":0.00533337,""num_orders"":1},{""price"":65622.0,""size"":0.02884083,""num_orders"":5},{""price"":65620.64,""size"":0.00666671,""num_orders"":1},{""price"":65620.01,""size"":0.02,""num_orders"":1},{""price"":65620.0,""size"":0.0214,""num_orders"":1}]","[{""price"":65624.53,""size"":0.1856979,""num_orders"":3},{""price"":65625.06,""size"":0.12190465,""num_orders"":1},{""price"":65625.85,""size"":0.0152379,""num_orders"":2},{""price"":65626.23,""size"":0.30477607,""num_orders"":1},{""price"":65627.06,""size"":0.001511,""num_orders"":1},{""price"":65627.99,""size"":0.13435816,""num_orders"":1},{""price"":65628.0,""size"":0.0214,""num_orders"":1},{""price"":65628.47,""size"":9.523e-05,""num_orders"":1},{""price"":65628.55,""size"":1.7e-05,""num_orders"":1},{""price"":65628.56,""size"":0.14792533,""num_orders"":1}]"
btc_usd_d10_20260723T041943Z,14,2026-07-23T04:33:43.746646Z,2026-07-23T04:33:43.746778Z,BTC-USD,10,ok,,133096300093,2026-07-23T04:33:43.008513809Z,0.35899401,0.92965182,-0.442835259087,65623.460000000006,65623.470000000001,65623.464999999997,0.009999999995,0.001523845166,"[{""price"":65623.46,""size"":0.00588844,""num_orders"":1},{""price"":65622.14,""size"":0.01523876,""num_orders"":2},{""price"":65622.01,""size"":0.02,""num_orders"":1},{""price"":65622.0,""size"":0.0214,""num_orders"":1},{""price"":65621.85,""size"":0.16278656,""num_orders"":1},{""price"":65621.84,""size"":0.09137463,""num_orders"":1},{""price"":65620.54,""size"":0.001511,""num_orders"":1},{""price"":65620.49,""size"":1.7e-05,""num_orders"":1},{""price"":65620.01,""size"":0.00937762,""num_orders"":2},{""price"":65620.0,""size"":0.0314,""num_orders"":2}]","[{""price"":65623.47,""size"":0.06687431,""num_orders"":3},{""price"":65624.43,""size"":0.03809805,""num_orders"":1},{""price"":65624.61,""size"":0.00076192,""num_orders"":1},{""price"":65624.79,""size"":0.01523814,""num_orders"":2},{""price"":65625.11,""size"":0.00533345,""num_orders"":1},{""price"":65625.62,""size"":0.19470036,""num_orders"":1},{""price"":65625.75,""size"":0.30473126,""num_orders"":1},{""price"":65626.0,""size"":0.0214,""num_orders"":1},{""price"":65627.06,""size"":0.16061342,""num_orders"":2},{""price"":65627.07,""size"":0.12190091,""num_orders"":1}]"
btc_usd_d10_20260723T041943Z,15,2026-07-23T04:34:43.746646Z,2026-07-23T04:34:43.746815Z,BTC-USD,10,ok,,133096323871,2026-07-23T04:34:42.014770687Z,0.57650941,1.69236585,-0.491810395958,65632.570000000007,65632.580000000002,65632.575000000012,0.009999999995,0.001523633652,"[{""price"":65632.57,""size"":0.07342632,""num_orders"":21},{""price"":65631.78,""size"":0.00224401,""num_orders"":4},{""price"":65631.65,""size"":0.00959892,""num_orders"":17},{""price"":65631.25,""size"":0.01523664,""num_orders"":2},{""price"":65630.32,""size"":0.001511,""num_orders"":1},{""price"":65630.0,""size"":0.0214,""num_orders"":1},{""price"":65629.04,""size"":8.243e-05,""num_orders"":1},{""price"":65628.04,""size"":0.18075973,""num_orders"":1},{""price"":65628.03,""size"":0.09137463,""num_orders"":1},{""price"":65628.02,""size"":0.18087573,""num_orders"":1}]","[{""price"":65632.58,""size"":0.70454156,""num_orders"":9},{""price"":65633.5,""size"":0.36378925,""num_orders"":1},{""price"":65633.51,""size"":0.30471269,""num_orders"":1},{""price"":65633.58,""size"":0.001511,""num_orders"":1},{""price"":65633.62,""size"":0.07584262,""num_orders"":1},{""price"":65633.9,""size"":0.01523602,""num_orders"":2},{""price"":65634.0,""size"":0.0214,""num_orders"":1},{""price"":65634.22,""size"":0.00533271,""num_orders"":1},{""price"":65634.45,""size"":0.14,""num_orders"":3},{""price"":65635.15,""size"":0.06,""num_orders"":2}]"
btc_usd_d10_20260723T041943Z,16,2026-07-23T04:35:43.746646Z,2026-07-23T04:35:43.746795Z,BTC-USD,10,ok,,133096345713,2026-07-23T04:35:41.602299566Z,0.55238428,1.37986292,-0.428246779191,65640.449999999997,65640.460000000006,65640.455000000002,0.010000000009,0.001523450745,"[{""price"":65640.45,""size"":0.05136312,""num_orders"":23},{""price"":65639.13,""size"":0.01523482,""num_orders"":2},{""price"":65638.81,""size"":0.00533207,""num_orders"":1},{""price"":65638.17,""size"":0.00172366,""num_orders"":1},{""price"":65636.84,""size"":0.001511,""num_orders"":1},{""price"":65636.59,""size"":0.00666509,""num_orders"":1},{""price"":65636.0,""size"":0.0214,""num_orders"":1},{""price"":65634.26,""size"":0.17690416,""num_orders"":1},{""price"":65634.25,""size"":0.09137463,""num_orders"":1},{""price"":65634.23,""size"":0.18087573,""num_orders"":1}]","[{""price"":65640.46,""size"":0.50339939,""num_orders"":13},{""price"":65640.64,""size"":0.00154045,""num_orders"":2},{""price"":65641.78,""size"":0.0152342,""num_orders"":2},{""price"":65642.0,""size"":0.0214,""num_orders"":1},{""price"":65642.1,""size"":0.00533207,""num_orders"":1},{""price"":65642.34,""size"":0.09137463,""num_orders"":1},{""price"":65642.37,""size"":0.23914055,""num_orders"":1},{""price"":65642.38,""size"":0.07584262,""num_orders"":1},{""price"":65642.4,""size"":0.30472782,""num_orders"":1},{""price"":65643.08,""size"":0.12187119,""num_orders"":1}]"
btc_usd_d10_20260723T041943Z,17,2026-07-23T04:36:43.746646Z,2026-07-23T04:36:43.746816Z,BTC-USD,10,ok,,133096365577,2026-07-23T04:36:43.089809464Z,0.23285077,1.25935095,-0.687909795467,65636.679999999993,65636.690000000002,65636.684999999998,0.010000000009,0.001523538248,"[{""price"":65636.68,""size"":0.09358745,""num_orders"":70},{""price"":65635.36,""size"":0.0152357,""num_orders"":2},{""price"":65635.04,""size"":0.00533238,""num_orders"":1},{""price"":65634.0,""size"":0.0214,""num_orders"":1},{""price"":65633.89,""size"":0.00116052,""num_orders"":1},{""price"":65633.58,""size"":0.001511,""num_orders"":1},{""price"":65632.83,""size"":0.02,""num_orders"":1},{""price"":65632.82,""size"":0.00666547,""num_orders"":1},{""price"":65632.58,""size"":0.02,""num_orders"":1},{""price"":65632.57,""size"":0.04795825,""num_orders"":32}]","[{""price"":65636.69,""size"":0.24024427,""num_orders"":62},{""price"":65637.14,""size"":0.33581334,""num_orders"":1},{""price"":65637.98,""size"":0.09137463,""num_orders"":1},{""price"":65638.0,""size"":0.0214,""num_orders"":1},{""price"":65638.01,""size"":0.01523508,""num_orders"":2},{""price"":65638.33,""size"":0.00533238,""num_orders"":1},{""price"":65638.74,""size"":0.07584262,""num_orders"":1},{""price"":65638.75,""size"":0.30469133,""num_orders"":1},{""price"":65638.79,""size"":0.12187915,""num_orders"":1},{""price"":65639.14,""size"":0.04753815,""num_orders"":1}]"
btc_usd_d10_20260723T041943Z,18,2026-07-23T04:37:43.746646Z,2026-07-23T04:37:43.746782Z,BTC-USD,10,ok,,133096388962,2026-07-23T04:37:41.000000653Z,0.30457313,1.07782497,-0.55935539842,65628.009999999995,65628.020000000004,65628.014999999999,0.010000000009,0.00152373952,"[{""price"":65628.01,""size"":0.17314074,""num_orders"":44},{""price"":65628.0,""size"":0.0214,""num_orders"":1},{""price"":65627.59,""size"":0.00232985,""num_orders"":1},{""price"":65627.06,""size"":0.001511,""num_orders"":1},{""price"":65626.7,""size"":0.02422076,""num_orders"":1},{""price"":65626.69,""size"":0.0152377,""num_orders"":2},{""price"":65626.38,""size"":0.02,""num_orders"":1},{""price"":65626.37,""size"":0.00533308,""num_orders"":1},{""price"":65626.01,""size"":0.02,""num_orders"":1},{""price"":65626.0,""size"":0.0214,""num_orders"":1}]","[{""price"":65628.02,""size"":0.04362504,""num_orders"":28},{""price"":65629.05,""size"":2.037e-05,""num_orders"":2},{""price"":65629.29,""size"":0.1218968,""num_orders"":1},{""price"":65629.31,""size"":0.00076186,""num_orders"":1},{""price"":65629.34,""size"":0.01523708,""num_orders"":2},{""price"":65629.66,""size"":0.00533308,""num_orders"":1},{""price"":65629.96,""size"":0.53718658,""num_orders"":1},{""price"":65629.97,""size"":0.30470972,""num_orders"":1},{""price"":65630.32,""size"":0.001511,""num_orders"":1},{""price"":65630.93,""size"":0.04754344,""num_orders"":1}]"
btc_usd_d10_20260723T041943Z,19,2026-07-23T04:38:43.746646Z,2026-07-23T04:38:43.746773Z,BTC-USD,10,ok,,133096417282,2026-07-23T04:38:41.184992054Z,0.27283468,0.56648987,-0.349870845551,65604.389999999999,65604.399999999994,65604.39499999999,0.009999999995,0.00152428812,"[{""price"":65604.39,""size"":0.08797489,""num_orders"":6},{""price"":65604.0,""size"":0.0214,""num_orders"":1},{""price"":65603.07,""size"":0.01524318,""num_orders"":2},{""price"":65602.75,""size"":0.005335,""num_orders"":1},{""price"":65602.01,""size"":0.05341285,""num_orders"":1},{""price"":65602.0,""size"":0.0214,""num_orders"":1},{""price"":65600.53,""size"":0.00666876,""num_orders"":1},{""price"":65600.01,""size"":0.02,""num_orders"":1},{""price"":65600.0,""size"":0.0214,""num_orders"":1},{""price"":65599.51,""size"":0.02,""num_orders"":1}]","[{""price"":65604.4,""size"":0.17430137,""num_orders"":7},{""price"":65605.42,""size"":0.00038328,""num_orders"":1},{""price"":65605.72,""size"":0.01524258,""num_orders"":2},{""price"":65607.17,""size"":0.13792297,""num_orders"":1},{""price"":65607.18,""size"":0.06,""num_orders"":2},{""price"":65607.5,""size"":0.001511,""num_orders"":1},{""price"":65608.4,""size"":1.7e-05,""num_orders"":1},{""price"":65608.7,""size"":0.12193506,""num_orders"":1},{""price"":65608.76,""size"":0.04756369,""num_orders"":1},{""price"":65610.75,""size"":0.00761292,""num_orders"":1}]"
btc_usd_d10_20260723T041943Z,20,2026-07-23T04:39:43.746646Z,2026-07-23T04:39:43.746773Z,BTC-USD,10,ok,,133096446061,2026-07-23T04:39:42.523820313Z,0.53598921,0.58384943,-0.042738496682,65604.389999999999,65604.399999999994,65604.39499999999,0.009999999995,0.00152428812,"[{""price"":65604.39,""size"":0.06557969,""num_orders"":7},{""price"":65604.36,""size"":0.00982236,""num_orders"":1},{""price"":65604.0,""size"":0.0214,""num_orders"":1},{""price"":65603.07,""size"":0.01524318,""num_orders"":2},{""price"":65602.76,""size"":0.02,""num_orders"":1},{""price"":65602.75,""size"":0.005335,""num_orders"":1},{""price"":65602.01,""size"":0.02,""num_orders"":1},{""price"":65602.0,""size"":0.24168139,""num_orders"":2},{""price"":65601.99,""size"":0.09137463,""num_orders"":1},{""price"":65601.52,""size"":0.04555296,""num_orders"":16}]","[{""price"":65604.4,""size"":0.2323351,""num_orders"":8},{""price"":65604.46,""size"":0.00076214,""num_orders"":1},{""price"":65605.72,""size"":0.01524258,""num_orders"":2},{""price"":65605.85,""size"":6.73e-06,""num_orders"":2},{""price"":65606.04,""size"":0.005335,""num_orders"":1},{""price"":65606.59,""size"":0.0475654,""num_orders"":1},{""price"":65606.82,""size"":0.15793344,""num_orders"":1},{""price"":65606.85,""size"":0.12193848,""num_orders"":1},{""price"":65607.5,""size"":0.001511,""num_orders"":1},{""price"":65607.78,""size"":0.00121956,""num_orders"":1}]"
btc_usd_d10_20260723T041943Z,21,2026-07-23T04:40:43.746646Z,2026-07-23T04:40:43.746773Z,BTC-USD,10,ok,,133096468484,2026-07-23T04:40:41.025737982Z,0.60904289,0.50251415,0.095837403,65603.080000000002,65603.089999999997,65603.084999999992,0.009999999995,0.001524318558,"[{""price"":65603.08,""size"":0.10242732,""num_orders"":5},{""price"":65602.05,""size"":0.16280685,""num_orders"":1},{""price"":65602.04,""size"":0.09137463,""num_orders"":1},{""price"":65602.03,""size"":0.18087573,""num_orders"":1},{""price"":65602.0,""size"":0.0214,""num_orders"":1},{""price"":65601.76,""size"":0.0152435,""num_orders"":2},{""price"":65601.62,""size"":0.00533505,""num_orders"":1},{""price"":65600.98,""size"":0.001511,""num_orders"":1},{""price"":65600.0,""size"":0.0214,""num_orders"":1},{""price"":65599.4,""size"":0.00666881,""num_orders"":1}]","[{""price"":65603.09,""size"":0.23535756,""num_orders"":6},{""price"":65604.24,""size"":0.001511,""num_orders"":1},{""price"":65604.4,""size"":0.0004926,""num_orders"":2},{""price"":65604.41,""size"":0.01524288,""num_orders"":2},{""price"":65604.66,""size"":0.00076215,""num_orders"":1},{""price"":65604.73,""size"":0.00533511,""num_orders"":1},{""price"":65605.5,""size"":0.00038328,""num_orders"":1},{""price"":65605.85,""size"":6.73e-06,""num_orders"":2},{""price"":65606.0,""size"":0.09099777,""num_orders"":1},{""price"":65606.01,""size"":0.15242507,""num_orders"":1}]"
btc_usd_d10_20260723T041943Z,22,2026-07-23T04:41:43.746646Z,2026-07-23T04:41:43.746774Z,BTC-USD,10,ok,,133096490051,2026-07-23T04:41:42.000000148Z,0.74453624,0.93932929,-0.115682069933,65592.279999999999,65592.289999999994,65592.285000000003,0.009999999995,0.001524569543,"[{""price"":65592.28,""size"":0.09256724,""num_orders"":3},{""price"":65592.0,""size"":0.02735362,""num_orders"":1},{""price"":65591.97,""size"":0.000306,""num_orders"":1},{""price"":65591.2,""size"":0.001511,""num_orders"":1},{""price"":65590.96,""size"":0.015246,""num_orders"":2},{""price"":65590.0,""size"":0.0314,""num_orders"":2},{""price"":65588.8,""size"":0.09137463,""num_orders"":1},{""price"":65588.25,""size"":1.7e-05,""num_orders"":1},{""price"":65588.02,""size"":0.30388502,""num_orders"":1},{""price"":65588.01,""size"":0.18087573,""num_orders"":1}]","[{""price"":65592.29,""size"":0.2949748,""num_orders"":7},{""price"":65592.38,""size"":0.00076743,""num_orders"":1},{""price"":65593.22,""size"":0.11747595,""num_orders"":1},{""price"":65593.61,""size"":0.01524538,""num_orders"":2},{""price"":65593.93,""size"":0.00533599,""num_orders"":1},{""price"":65594.22,""size"":0.04756543,""num_orders"":1},{""price"":65595.09,""size"":0.12196034,""num_orders"":1},{""price"":65596.15,""size"":0.00666999,""num_orders"":1},{""price"":65596.89,""size"":0.23795935,""num_orders"":1},{""price"":65596.9,""size"":0.09137463,""num_orders"":1}]"
btc_usd_d10_20260723T041943Z,23,2026-07-23T04:42:43.746646Z,2026-07-23T04:42:43.746780Z,BTC-USD,10,ok,,133096510816,2026-07-23T04:42:39.651419250Z,0.68898944,0.37676183,0.292964802191,65583.580000000002,65583.589999999997,65583.584999999992,0.009999999995,0.001524771785,"[{""price"":65583.58,""size"":0.15461253,""num_orders"":9},{""price"":65582.28,""size"":0.02,""num_orders"":1},{""price"":65582.27,""size"":0.17863083,""num_orders"":1},{""price"":65582.26,""size"":0.01524802,""num_orders"":2},{""price"":65582.0,""size"":0.0214,""num_orders"":1},{""price"":65581.94,""size"":0.0053367,""num_orders"":1},{""price"":65581.42,""size"":0.001511,""num_orders"":1},{""price"":65581.03,""size"":0.02,""num_orders"":1},{""price"":65581.02,""size"":0.18087573,""num_orders"":1},{""price"":65581.01,""size"":0.09137463,""num_orders"":1}]","[{""price"":65583.59,""size"":0.09537603,""num_orders"":4},{""price"":65584.23,""size"":0.14,""num_orders"":3},{""price"":65584.68,""size"":0.001511,""num_orders"":1},{""price"":65584.91,""size"":0.0152474,""num_orders"":2},{""price"":65585.23,""size"":0.0053367,""num_orders"":1},{""price"":65585.68,""size"":0.03,""num_orders"":1},{""price"":65585.7,""size"":0.03,""num_orders"":1},{""price"":65586.0,""size"":0.00116822,""num_orders"":2},{""price"":65586.37,""size"":0.02,""num_orders"":1},{""price"":65586.52,""size"":0.03812248,""num_orders"":1}]"
btc_usd_d10_20260723T041943Z,24,2026-07-23T04:43:43.746646Z,2026-07-23T04:43:43.746784Z,BTC-USD,10,ok,,133096540390,2026-07-23T04:43:41.600211613Z,0.10104312,1.24780788,-0.850178974549,65591.520000000004,65591.529999999999,65591.524999999994,0.009999999995,0.001524587208,"[{""price"":65591.52,""size"":0.00762287,""num_orders"":1},{""price"":65591.49,""size"":0.00762294,""num_orders"":1},{""price"":65590.2,""size"":0.01524618,""num_orders"":2},{""price"":65590.0,""size"":0.01,""num_orders"":1},{""price"":65589.88,""size"":0.00762313,""num_orders"":1},{""price"":65588.25,""size"":1.7e-05,""num_orders"":1},{""price"":65588.0,""size"":0.0214,""num_orders"":1},{""price"":65587.94,""size"":0.001511,""num_orders"":1},{""price"":65585.01,""size"":0.02,""num_orders"":1},{""price"":65585.0,""size"":0.01,""num_orders"":1}]","[{""price"":65591.53,""size"":0.52769716,""num_orders"":9},{""price"":65592.25,""size"":0.14768437,""num_orders"":1},{""price"":65592.26,""size"":0.09137463,""num_orders"":1},{""price"":65592.27,""size"":0.12196559,""num_orders"":1},{""price"":65592.85,""size"":0.01524556,""num_orders"":2},{""price"":65593.17,""size"":0.00533605,""num_orders"":1},{""price"":65593.29,""size"":0.04756169,""num_orders"":1},{""price"":65593.72,""size"":0.14757998,""num_orders"":1},{""price"":65593.74,""size"":0.12196285,""num_orders"":1},{""price"":65594.0,""size"":0.0214,""num_orders"":1}]"
btc_usd_d10_20260723T041943Z,25,2026-07-23T04:44:43.746646Z,2026-07-23T04:44:43.746797Z,BTC-USD,10,ok,,133096562782,2026-07-23T04:44:42.590907211Z,0.5400947,0.31057094,0.269816657929,65596,65596.009999999995,65596.005000000005,0.009999999995,0.001524483083,"[{""price"":65596.0,""size"":0.06323517,""num_orders"":4},{""price"":65594.87,""size"":0.1339474,""num_orders"":1},{""price"":65594.86,""size"":0.18087573,""num_orders"":1},{""price"":65594.68,""size"":0.01524514,""num_orders"":2},{""price"":65594.51,""size"":0.00533567,""num_orders"":1},{""price"":65594.46,""size"":0.001511,""num_orders"":1},{""price"":65594.0,""size"":0.0214,""num_orders"":1},{""price"":65592.3,""size"":0.090475,""num_orders"":1},{""price"":65592.29,""size"":0.00666959,""num_orders"":1},{""price"":65592.0,""size"":0.0214,""num_orders"":1}]","[{""price"":65596.01,""size"":0.10944116,""num_orders"":4},{""price"":65596.16,""size"":0.00152448,""num_orders"":1},{""price"":65596.78,""size"":0.12195721,""num_orders"":1},{""price"":65597.33,""size"":0.01524452,""num_orders"":2},{""price"":65597.65,""size"":0.00533569,""num_orders"":1},{""price"":65597.72,""size"":0.001511,""num_orders"":1},{""price"":65597.97,""size"":0.00121984,""num_orders"":1},{""price"":65598.67,""size"":0.04757216,""num_orders"":1},{""price"":65599.87,""size"":0.00666961,""num_orders"":1},{""price"":65599.95,""size"":9.527e-05,""num_orders"":1}]"
btc_usd_d10_20260723T041943Z,26,2026-07-23T04:45:43.746646Z,2026-07-23T04:45:43.746772Z,BTC-USD,10,ok,,133096584548,2026-07-23T04:45:43.619528487Z,0.47815781,1.07627076,-0.384779951645,65580.190000000002,65580.199999999997,65580.195000000007,0.009999999995,0.001524850604,"[{""price"":65580.19,""size"":0.11773063,""num_orders"":6},{""price"":65578.87,""size"":0.01524882,""num_orders"":2},{""price"":65578.4,""size"":0.01,""num_orders"":1},{""price"":65578.16,""size"":0.001511,""num_orders"":1},{""price"":65578.0,""size"":0.0214,""num_orders"":1},{""price"":65576.17,""size"":0.02,""num_orders"":1},{""price"":65576.16,""size"":1.7e-05,""num_orders"":1},{""price"":65576.04,""size"":0.02,""num_orders"":1},{""price"":65576.03,""size"":0.18087573,""num_orders"":1},{""price"":65576.02,""size"":0.09137463,""num_orders"":1}]","[{""price"":65580.2,""size"":0.51671079,""num_orders"":9},{""price"":65581.06,""size"":0.1530855,""num_orders"":1},{""price"":65581.07,""size"":0.12198642,""num_orders"":1},{""price"":65581.13,""size"":0.00121973,""num_orders"":1},{""price"":65581.52,""size"":0.0152482,""num_orders"":2},{""price"":65581.84,""size"":0.00533697,""num_orders"":1},{""price"":65581.99,""size"":0.09137463,""num_orders"":1},{""price"":65582.0,""size"":0.0214,""num_orders"":1},{""price"":65582.77,""size"":0.0010784,""num_orders"":2},{""price"":65583.9,""size"":0.14883012,""num_orders"":1}]"
btc_usd_d10_20260723T041943Z,27,2026-07-23T04:46:43.746646Z,2026-07-23T04:46:43.746785Z,BTC-USD,10,ok,,133096615040,2026-07-23T04:46:41.098614099Z,0.47597058,0.53538641,-0.058748622482,65620.479999999996,65620.490000000005,65620.485000000001,0.010000000009,0.001523914371,"[{""price"":65620.48,""size"":0.13380735,""num_orders"":5},{""price"":65620.22,""size"":0.04610639,""num_orders"":2},{""price"":65620.0,""size"":0.0214,""num_orders"":1},{""price"":65618.03,""size"":0.02,""num_orders"":1},{""price"":65618.02,""size"":0.16574884,""num_orders"":1},{""price"":65618.01,""size"":0.02,""num_orders"":1},{""price"":65618.0,""size"":0.0214,""num_orders"":1},{""price"":65617.91,""size"":0.02,""num_orders"":1},{""price"":65617.9,""size"":0.007508,""num_orders"":2},{""price"":65617.67,""size"":0.02,""num_orders"":1}]","[{""price"":65620.49,""size"":0.10957262,""num_orders"":5},{""price"":65620.66,""size"":0.12191282,""num_orders"":1},{""price"":65622.13,""size"":0.0053337,""num_orders"":1},{""price"":65623.19,""size"":0.12833462,""num_orders"":1},{""price"":65623.2,""size"":0.1219081,""num_orders"":1},{""price"":65624.0,""size"":0.0214,""num_orders"":1},{""price"":65624.35,""size"":0.00666712,""num_orders"":1},{""price"":65624.43,""size"":9.524e-05,""num_orders"":1},{""price"":65624.52,""size"":0.00016219,""num_orders"":3},{""price"":65624.62,""size"":0.02,""num_orders"":1}]"
btc_usd_d10_20260723T041943Z,28,2026-07-23T04:47:43.746646Z,2026-07-23T04:47:43.746773Z,BTC-USD,10,ok,,133096636500,2026-07-23T04:47:43.089954040Z,0.93785311,0.19538228,0.655177941451,65628.520000000004,65628.529999999999,65628.524999999994,0.009999999995,0.001523727677,"[{""price"":65628.52,""size"":0.47339676,""num_orders"":8},{""price"":65628.51,""size"":0.00182553,""num_orders"":1},{""price"":65628.0,""size"":0.0214,""num_orders"":1},{""price"":65627.21,""size"":0.05864417,""num_orders"":1},{""price"":65627.2,""size"":0.01523758,""num_orders"":2},{""price"":65627.06,""size"":0.001511,""num_orders"":1},{""price"":65627.04,""size"":0.05766082,""num_orders"":3},{""price"":65626.88,""size"":0.00533304,""num_orders"":1},{""price"":65626.23,""size"":0.09137463,""num_orders"":1},{""price"":65626.22,""size"":0.21146958,""num_orders"":1}]","[{""price"":65628.53,""size"":0.00650853,""num_orders"":4},{""price"":65628.55,""size"":1.7e-05,""num_orders"":1},{""price"":65628.9,""size"":0.03810258,""num_orders"":1},{""price"":65629.85,""size"":0.01523696,""num_orders"":2},{""price"":65630.17,""size"":0.00533304,""num_orders"":1},{""price"":65630.32,""size"":0.001511,""num_orders"":1},{""price"":65630.45,""size"":0.12189464,""num_orders"":1},{""price"":65632.39,""size"":0.0066663,""num_orders"":1},{""price"":65632.47,""size"":9.523e-05,""num_orders"":1},{""price"":65632.58,""size"":1.7e-05,""num_orders"":1}]"
btc_usd_d10_20260723T041943Z,29,2026-07-23T04:48:43.746646Z,2026-07-23T04:48:43.746773Z,BTC-USD,10,ok,,133096662182,2026-07-23T04:48:42.542306064Z,1.51790276,0.7421498,0.343245539387,65624.520000000004,65624.529999999999,65624.524999999994,0.009999999995,0.001523820553,"[{""price"":65624.52,""size"":0.11335265,""num_orders"":6},{""price"":65624.0,""size"":0.0214,""num_orders"":1},{""price"":65622.39,""size"":0.02,""num_orders"":1},{""price"":65622.38,""size"":0.60279154,""num_orders"":2},{""price"":65622.37,""size"":0.18087573,""num_orders"":1},{""price"":65622.35,""size"":0.22997211,""num_orders"":1},{""price"":65622.0,""size"":0.0214,""num_orders"":1},{""price"":65621.58,""size"":0.022296,""num_orders"":1},{""price"":65621.37,""size"":0.07584262,""num_orders"":1},{""price"":65621.36,""size"":0.22997211,""num_orders"":1}]","[{""price"":65624.53,""size"":0.06823198,""num_orders"":3},{""price"":65625.84,""size"":0.12190321,""num_orders"":1},{""price"":65626.17,""size"":0.00533337,""num_orders"":1},{""price"":65626.83,""size"":0.03809912,""num_orders"":1},{""price"":65627.44,""size"":0.00097954,""num_orders"":1},{""price"":65628.38,""size"":0.09494624,""num_orders"":1},{""price"":65628.39,""size"":0.00666671,""num_orders"":1},{""price"":65628.77,""size"":0.15237221,""num_orders"":1},{""price"":65630.31,""size"":0.16224279,""num_orders"":1},{""price"":65630.32,""size"":0.09137463,""num_orders"":1}]"
btc_usd_d10_20260723T041943Z,30,2026-07-23T04:49:43.746646Z,2026-07-23T04:49:43.746801Z,BTC-USD,10,ok,,133096691161,2026-07-23T04:49:43.131109560Z,0.66211082,1.02543868,-0.215299083079,65600,65600.009999999995,65600.005000000005,0.009999999995,0.001524390127,"[{""price"":65600.0,""size"":0.0810647,""num_orders"":4},{""price"":65598.0,""size"":0.0214,""num_orders"":1},{""price"":65597.81,""size"":0.14399587,""num_orders"":1},{""price"":65597.72,""size"":0.001511,""num_orders"":1},{""price"":65596.31,""size"":1.7e-05,""num_orders"":1},{""price"":65596.0,""size"":0.0204,""num_orders"":1},{""price"":65595.29,""size"":0.09584262,""num_orders"":2},{""price"":65595.28,""size"":0.19888248,""num_orders"":1},{""price"":65595.27,""size"":0.09137463,""num_orders"":1},{""price"":65595.08,""size"":0.00762252,""num_orders"":1}]","[{""price"":65600.01,""size"":0.39503851,""num_orders"":8},{""price"":65600.34,""size"":0.11194399,""num_orders"":1},{""price"":65600.35,""size"":0.12217554,""num_orders"":2},{""price"":65601.13,""size"":0.06,""num_orders"":2},{""price"":65601.99,""size"":0.00533533,""num_orders"":1},{""price"":65603.77,""size"":0.08955773,""num_orders"":1},{""price"":65604.0,""size"":0.12194378,""num_orders"":1},{""price"":65604.21,""size"":0.00666917,""num_orders"":1},{""price"":65606.0,""size"":0.0214,""num_orders"":1},{""price"":65606.6,""size"":0.09137463,""num_orders"":1}]"
btc_usd_d10_20260723T041943Z,31,2026-07-23T04:50:43.746646Z,2026-07-23T04:50:43.746782Z,BTC-USD,10,ok,,133096713964,2026-07-23T04:50:42.813535431Z,0.64263481,0.41110365,0.219723554553,65580.190000000002,65580.199999999997,65580.195000000007,0.009999999995,0.001524850604,"[{""price"":65580.19,""size"":0.12840041,""num_orders"":29},{""price"":65578.87,""size"":0.01524882,""num_orders"":2},{""price"":65578.55,""size"":0.00533697,""num_orders"":1},{""price"":65578.48,""size"":0.02246877,""num_orders"":1},{""price"":65578.4,""size"":0.01,""num_orders"":1},{""price"":65578.36,""size"":0.17240098,""num_orders"":1},{""price"":65578.35,""size"":0.18087573,""num_orders"":1},{""price"":65578.34,""size"":0.08499213,""num_orders"":1},{""price"":65578.16,""size"":0.001511,""num_orders"":1},{""price"":65578.0,""size"":0.0214,""num_orders"":1}]","[{""price"":65580.2,""size"":0.00575336,""num_orders"":2},{""price"":65580.41,""size"":0.07177029,""num_orders"":1},{""price"":65580.42,""size"":0.02999952,""num_orders"":2},{""price"":65580.44,""size"":0.03,""num_orders"":1},{""price"":65580.69,""size"":0.12198713,""num_orders"":1},{""price"":65581.42,""size"":0.001511,""num_orders"":1},{""price"":65581.52,""size"":0.0152482,""num_orders"":2},{""price"":65581.84,""size"":0.00533697,""num_orders"":1},{""price"":65582.2,""size"":0.03812255,""num_orders"":1},{""price"":65583.65,""size"":0.09137463,""num_orders"":1}]"
btc_usd_d10_20260723T041943Z,32,2026-07-23T04:51:43.746646Z,2026-07-23T04:51:43.746772Z,BTC-USD,10,ok,,133096737815,2026-07-23T04:51:42.816115072Z,0.39333297,1.01731022,-0.442335279696,65568.100000000006,65568.110000000001,65568.10500000001,0.009999999995,0.001525131769,"[{""price"":65568.1,""size"":0.02154104,""num_orders"":6},{""price"":65566.78,""size"":0.01525162,""num_orders"":2},{""price"":65566.0,""size"":0.0214,""num_orders"":1},{""price"":65565.12,""size"":0.001511,""num_orders"":1},{""price"":65565.0,""size"":0.01,""num_orders"":1},{""price"":65564.07,""size"":1.7e-05,""num_orders"":1},{""price"":65564.02,""size"":0.12097467,""num_orders"":1},{""price"":65564.01,""size"":0.18087573,""num_orders"":1},{""price"":65564.0,""size"":0.0214,""num_orders"":1},{""price"":65563.95,""size"":0.00036191,""num_orders"":1}]","[{""price"":65568.11,""size"":0.4047387,""num_orders"":11},{""price"":65568.32,""size"":0.03,""num_orders"":1},{""price"":65568.34,""size"":0.03,""num_orders"":1},{""price"":65568.38,""size"":0.20656556,""num_orders"":1},{""price"":65568.39,""size"":0.12201001,""num_orders"":1},{""price"":65569.43,""size"":0.015251,""num_orders"":2},{""price"":65569.75,""size"":0.00533796,""num_orders"":1},{""price"":65569.77,""size"":0.06,""num_orders"":2},{""price"":65570.0,""size"":0.0214,""num_orders"":1},{""price"":65570.01,""size"":0.12200699,""num_orders"":1}]"
btc_usd_d10_20260723T041943Z,33,2026-07-23T04:52:43.746646Z,2026-07-23T04:52:43.746777Z,BTC-USD,10,ok,,133096760640,2026-07-23T04:52:40.759433171Z,0.2091282,0.47369022,-0.387455892007,65568.100000000006,65568.110000000001,65568.10500000001,0.009999999995,0.001525131769,"[{""price"":65568.1,""size"":0.07684801,""num_orders"":5},{""price"":65567.41,""size"":0.01388613,""num_orders"":1},{""price"":65567.15,""size"":0.00017783,""num_orders"":1},{""price"":65566.81,""size"":0.04471565,""num_orders"":1},{""price"":65566.78,""size"":0.01525162,""num_orders"":2},{""price"":65566.46,""size"":0.00533796,""num_orders"":1},{""price"":65566.0,""size"":0.0214,""num_orders"":1},{""price"":65565.9,""size"":0.01,""num_orders"":1},{""price"":65565.12,""size"":0.001511,""num_orders"":1},{""price"":65564.01,""size"":0.02,""num_orders"":1}]","[{""price"":65568.11,""size"":0.06096298,""num_orders"":6},{""price"":65568.12,""size"":0.03,""num_orders"":1},{""price"":65568.14,""size"":0.03,""num_orders"":1},{""price"":65568.5,""size"":0.12200981,""num_orders"":1},{""price"":65569.43,""size"":0.015251,""num_orders"":2},{""price"":65569.58,""size"":0.03812847,""num_orders"":1},{""price"":65569.71,""size"":0.016,""num_orders"":1},{""price"":65569.75,""size"":0.00533796,""num_orders"":1},{""price"":65569.96,""size"":0.14,""num_orders"":3},{""price"":65570.7,""size"":0.016,""num_orders"":1}]"
btc_usd_d10_20260723T041943Z,34,2026-07-23T04:53:43.746646Z,2026-07-23T04:53:43.746775Z,BTC-USD,10,ok,,133096785934,2026-07-23T04:53:41.547788933Z,1.37795576,0.5130038,0.457414308744,65575.369999999995,65575.380000000005,65575.375,0.010000000009,0.001524962687,"[{""price"":65575.37,""size"":0.66319722,""num_orders"":7},{""price"":65574.9,""size"":0.16521483,""num_orders"":1},{""price"":65574.05,""size"":0.01524994,""num_orders"":2},{""price"":65574.0,""size"":0.0214,""num_orders"":1},{""price"":65573.73,""size"":0.00533736,""num_orders"":1},{""price"":65573.44,""size"":0.18087573,""num_orders"":1},{""price"":65573.4,""size"":0.00426973,""num_orders"":1},{""price"":65572.0,""size"":0.0214,""num_orders"":1},{""price"":65571.51,""size"":0.00667171,""num_orders"":1},{""price"":65570.28,""size"":0.29433924,""num_orders"":1}]","[{""price"":65575.38,""size"":0.14,""num_orders"":3},{""price"":65575.89,""size"":0.12199606,""num_orders"":1},{""price"":65576.16,""size"":1.7e-05,""num_orders"":1},{""price"":65576.7,""size"":0.01524932,""num_orders"":2},{""price"":65577.43,""size"":0.03500104,""num_orders"":1},{""price"":65578.01,""size"":0.03812124,""num_orders"":1},{""price"":65578.16,""size"":0.001511,""num_orders"":1},{""price"":65578.65,""size"":0.03900227,""num_orders"":1},{""price"":65578.68,""size"":0.12201057,""num_orders"":1},{""price"":65579.31,""size"":9.53e-05,""num_orders"":1}]"
btc_usd_d10_20260723T041943Z,35,2026-07-23T04:54:43.746646Z,2026-07-23T04:54:43.746772Z,BTC-USD,10,ok,,133096812985,2026-07-23T04:54:41.343253282Z,0.6900566,0.53321547,0.128214429027,65568.389999999999,65568.399999999994,65568.39499999999,0.009999999995,0.001525125023,"[{""price"":65568.39,""size"":0.06382889,""num_orders"":9},{""price"":65567.25,""size"":0.2662398,""num_orders"":1},{""price"":65567.24,""size"":0.15249627,""num_orders"":1},{""price"":65567.2,""size"":0.00152484,""num_orders"":2},{""price"":65567.07,""size"":0.01525156,""num_orders"":2},{""price"":65566.0,""size"":0.0214,""num_orders"":1},{""price"":65565.54,""size"":0.00680197,""num_orders"":13},{""price"":65565.26,""size"":0.15249627,""num_orders"":1},{""price"":65565.0,""size"":0.01,""num_orders"":1},{""price"":65564.07,""size"":1.7e-05,""num_orders"":1}]","[{""price"":65568.4,""size"":0.04955021,""num_orders"":3},{""price"":65569.72,""size"":0.01525094,""num_orders"":2},{""price"":65570.0,""size"":0.0204,""num_orders"":1},{""price"":65570.04,""size"":0.00533793,""num_orders"":1},{""price"":65570.15,""size"":0.12200673,""num_orders"":1},{""price"":65571.26,""size"":0.14,""num_orders"":3},{""price"":65572.0,""size"":0.0214,""num_orders"":1},{""price"":65572.26,""size"":0.00667242,""num_orders"":1},{""price"":65572.33,""size"":9.531e-05,""num_orders"":1},{""price"":65572.94,""size"":0.15250193,""num_orders"":1}]"
btc_usd_d10_20260723T041943Z,36,2026-07-23T04:55:43.746646Z,2026-07-23T04:55:43.746791Z,BTC-USD,10,ok,,133096840135,2026-07-23T04:55:42.525336896Z,0.5045559,1.05528202,-0.35306624678,65567.199999999997,65567.210000000006,65567.205000000002,0.010000000009,0.001525152705,"[{""price"":65567.2,""size"":0.09262149,""num_orders"":4},{""price"":65565.9,""size"":0.01525184,""num_orders"":2},{""price"":65565.54,""size"":0.01512989,""num_orders"":1},{""price"":65565.12,""size"":0.001511,""num_orders"":1},{""price"":65565.0,""size"":0.01,""num_orders"":1},{""price"":65564.07,""size"":1.7e-05,""num_orders"":1},{""price"":65563.4,""size"":0.18087573,""num_orders"":1},{""price"":65563.39,""size"":0.15249627,""num_orders"":1},{""price"":65562.28,""size"":0.01525268,""num_orders"":2},{""price"":65562.0,""size"":0.0214,""num_orders"":1}]","[{""price"":65567.21,""size"":0.13471841,""num_orders"":5},{""price"":65567.22,""size"":0.31267232,""num_orders"":2},{""price"":65567.23,""size"":0.20331873,""num_orders"":4},{""price"":65568.0,""size"":0.0214,""num_orders"":1},{""price"":65568.4,""size"":0.12200999,""num_orders"":1},{""price"":65568.55,""size"":0.01525122,""num_orders"":2},{""price"":65568.87,""size"":0.00533803,""num_orders"":1},{""price"":65568.9,""size"":0.14,""num_orders"":3},{""price"":65569.18,""size"":0.04758055,""num_orders"":1},{""price"":65569.98,""size"":0.05299277,""num_orders"":1}]"
btc_usd_d10_20260723T041943Z,37,2026-07-23T04:56:43.746646Z,2026-07-23T04:56:43.746776Z,BTC-USD,10,ok,,133096862994,2026-07-23T04:56:42.543736850Z,0.49939886,0.36100677,0.160845170202,65556.839999999997,65556.850000000006,65556.845000000001,0.010000000009,0.001525393727,"[{""price"":65556.84,""size"":0.1033149,""num_orders"":8},{""price"":65556.03,""size"":0.14006658,""num_orders"":1},{""price"":65556.02,""size"":0.15249627,""num_orders"":1},{""price"":65556.01,""size"":1.7e-05,""num_orders"":1},{""price"":65556.0,""size"":0.05,""num_orders"":1},{""price"":65555.52,""size"":0.01525424,""num_orders"":2},{""price"":65555.34,""size"":0.001511,""num_orders"":1},{""price"":65555.2,""size"":0.00533887,""num_orders"":1},{""price"":65555.0,""size"":0.01,""num_orders"":1},{""price"":65554.0,""size"":0.0214,""num_orders"":1}]","[{""price"":65556.85,""size"":0.07490716,""num_orders"":3},{""price"":65558.08,""size"":0.1220292,""num_orders"":1},{""price"":65558.17,""size"":0.01525362,""num_orders"":2},{""price"":65558.32,""size"":0.00076269,""num_orders"":1},{""price"":65558.36,""size"":0.07499693,""num_orders"":1},{""price"":65558.49,""size"":0.00533887,""num_orders"":1},{""price"":65558.59,""size"":0.03813371,""num_orders"":1},{""price"":65558.6,""size"":0.001511,""num_orders"":1},{""price"":65560.0,""size"":0.0214,""num_orders"":1},{""price"":65560.7,""size"":0.00667359,""num_orders"":1}]"
btc_usd_d10_20260723T041943Z,38,2026-07-23T04:57:43.746646Z,2026-07-23T04:57:43.746765Z,BTC-USD,10,ok,,133096885938,2026-07-23T04:57:42.031320582Z,0.65095353,0.58197717,0.055945042167,65572.119999999995,65572.130000000005,65572.125,0.010000000009,0.00152503827,"[{""price"":65572.12,""size"":0.07948337,""num_orders"":32},{""price"":65572.0,""size"":0.0213,""num_orders"":1},{""price"":65570.8,""size"":0.0152507,""num_orders"":2},{""price"":65570.72,""size"":0.00239006,""num_orders"":7},{""price"":65570.48,""size"":0.00533763,""num_orders"":1},{""price"":65570.01,""size"":0.02,""num_orders"":1},{""price"":65570.0,""size"":0.01933101,""num_orders"":2},{""price"":65569.0,""size"":0.02,""num_orders"":1},{""price"":65568.99,""size"":0.28698503,""num_orders"":2},{""price"":65568.98,""size"":0.18087573,""num_orders"":1}]","[{""price"":65572.13,""size"":0.04889404,""num_orders"":4},{""price"":65572.55,""size"":0.12200228,""num_orders"":1},{""price"":65573.45,""size"":0.01525008,""num_orders"":2},{""price"":65573.76,""size"":0.2404264,""num_orders"":1},{""price"":65573.77,""size"":0.00533763,""num_orders"":1},{""price"":65574.26,""size"":0.07400001,""num_orders"":1},{""price"":65574.9,""size"":0.001511,""num_orders"":1},{""price"":65575.9,""size"":0.04758369,""num_orders"":1},{""price"":65575.99,""size"":0.00667204,""num_orders"":1},{""price"":65576.0,""size"":0.0203,""num_orders"":1}]"
btc_usd_d10_20260723T041943Z,39,2026-07-23T04:58:43.746646Z,2026-07-23T04:58:43.746774Z,BTC-USD,10,ok,,133096914304,2026-07-23T04:58:41.026712669Z,0.15714199,1.63632369,-0.824761642498,65565,65565.009999999995,65565.005000000005,0.009999999995,0.001525203879,"[{""price"":65565.0,""size"":0.03991806,""num_orders"":4},{""price"":65564.07,""size"":1.7e-05,""num_orders"":1},{""price"":65563.68,""size"":0.01525234,""num_orders"":2},{""price"":65562.0,""size"":0.0214,""num_orders"":1},{""price"":65561.86,""size"":0.001511,""num_orders"":1},{""price"":65560.09,""size"":0.02,""num_orders"":1},{""price"":65560.08,""size"":0.00762659,""num_orders"":1},{""price"":65560.04,""size"":1.7e-05,""num_orders"":1},{""price"":65560.01,""size"":0.02,""num_orders"":1},{""price"":65560.0,""size"":0.0314,""num_orders"":2}]","[{""price"":65565.01,""size"":0.82886592,""num_orders"":12},{""price"":65565.02,""size"":0.03,""num_orders"":1},{""price"":65565.04,""size"":0.03,""num_orders"":1},{""price"":65565.93,""size"":0.36539893,""num_orders"":1},{""price"":65565.94,""size"":0.15249627,""num_orders"":1},{""price"":65565.95,""size"":0.14,""num_orders"":3},{""price"":65566.0,""size"":0.0214,""num_orders"":1},{""price"":65566.33,""size"":0.01525174,""num_orders"":2},{""price"":65566.55,""size"":0.04757262,""num_orders"":1},{""price"":65566.65,""size"":0.00533821,""num_orders"":1}]"
btc_usd_d10_20260723T041943Z,40,2026-07-23T04:59:43.746646Z,2026-07-23T04:59:43.746778Z,BTC-USD,10,ok,,133096934864,2026-07-23T04:59:41.845689074Z,0.44807648,0.69789417,-0.217996586562,65570.539999999994,65570.550000000003,65570.544999999998,0.010000000009,0.001525075018,"[{""price"":65570.54,""size"":0.04302357,""num_orders"":7},{""price"":65570.33,""size"":0.00010889,""num_orders"":1},{""price"":65569.22,""size"":0.01525106,""num_orders"":2},{""price"":65568.9,""size"":0.00533776,""num_orders"":1},{""price"":65568.41,""size"":0.15249627,""num_orders"":1},{""price"":65568.38,""size"":0.001511,""num_orders"":1},{""price"":65568.37,""size"":0.18087573,""num_orders"":1},{""price"":65568.0,""size"":0.0214,""num_orders"":1},{""price"":65566.68,""size"":0.0066722,""num_orders"":1},{""price"":65566.0,""size"":0.0214,""num_orders"":1}]","[{""price"":65570.55,""size"":0.16079512,""num_orders"":6},{""price"":65571.37,""size"":0.00038328,""num_orders"":1},{""price"":65571.49,""size"":0.12200425,""num_orders"":1},{""price"":65571.64,""size"":0.001511,""num_orders"":1},{""price"":65571.86,""size"":0.19259532,""num_orders"":1},{""price"":65571.87,""size"":0.01525044,""num_orders"":2},{""price"":65571.96,""size"":0.06,""num_orders"":2},{""price"":65572.13,""size"":1.7e-05,""num_orders"":1},{""price"":65572.19,""size"":0.00533776,""num_orders"":1},{""price"":65572.22,""size"":0.14,""num_orders"":3}]"
btc_usd_d10_20260723T041943Z,41,2026-07-23T05:00:43.746646Z,2026-07-23T05:00:43.746791Z,BTC-USD,10,ok,,133096964892,2026-07-23T05:00:43.046831407Z,0.24965138,1.41571705,-0.700184805353,65565,65565.009999999995,65565.005000000005,0.009999999995,0.001525203879,"[{""price"":65565.0,""size"":0.01079335,""num_orders"":5},{""price"":65564.07,""size"":1.7e-05,""num_orders"":1},{""price"":65563.68,""size"":0.01525234,""num_orders"":2},{""price"":65562.0,""size"":0.0214,""num_orders"":1},{""price"":65561.86,""size"":0.001511,""num_orders"":1},{""price"":65560.54,""size"":0.15249627,""num_orders"":1},{""price"":65560.04,""size"":1.7e-05,""num_orders"":1},{""price"":65560.0,""size"":0.0314,""num_orders"":2},{""price"":65559.06,""size"":0.01525342,""num_orders"":2},{""price"":65558.6,""size"":0.001511,""num_orders"":1}]","[{""price"":65565.01,""size"":0.61218215,""num_orders"":6},{""price"":65565.61,""size"":0.16259635,""num_orders"":2},{""price"":65565.62,""size"":0.12201516,""num_orders"":1},{""price"":65566.0,""size"":0.0214,""num_orders"":1},{""price"":65566.33,""size"":0.01525174,""num_orders"":2},{""price"":65566.61,""size"":0.12599352,""num_orders"":1},{""price"":65566.8,""size"":0.00127462,""num_orders"":1},{""price"":65567.59,""size"":0.20660353,""num_orders"":1},{""price"":65567.6,""size"":0.12699998,""num_orders"":1},{""price"":65568.0,""size"":0.0214,""num_orders"":1}]"
btc_usd_d10_20260723T041943Z,42,2026-07-23T05:01:43.746646Z,2026-07-23T05:01:43.746800Z,BTC-USD,10,ok,,133096991285,2026-07-23T05:01:42.686160236Z,0.53598695,1.10453028,-0.346563461574,65551.979999999996,65551.990000000005,65551.985000000001,0.010000000009,0.001525506819,"[{""price"":65551.98,""size"":0.17933944,""num_orders"":74},{""price"":65550.5,""size"":0.01519439,""num_orders"":1},{""price"":65550.0,""size"":0.01003026,""num_orders"":2},{""price"":65548.82,""size"":0.001511,""num_orders"":1},{""price"":65548.16,""size"":0.02,""num_orders"":1},{""price"":65548.15,""size"":0.12012138,""num_orders"":1},{""price"":65548.1,""size"":0.15249627,""num_orders"":1},{""price"":65548.0,""size"":0.02202099,""num_orders"":2},{""price"":65547.95,""size"":1.7e-05,""num_orders"":1},{""price"":65547.06,""size"":0.01525622,""num_orders"":2}]","[{""price"":65551.99,""size"":0.1666401,""num_orders"":5},{""price"":65552.0,""size"":0.0214,""num_orders"":1},{""price"":65553.3,""size"":0.01596334,""num_orders"":1},{""price"":65553.63,""size"":0.00533927,""num_orders"":1},{""price"":65554.0,""size"":0.0214,""num_orders"":1},{""price"":65554.53,""size"":0.38372215,""num_orders"":1},{""price"":65554.54,""size"":0.14397006,""num_orders"":1},{""price"":65554.59,""size"":0.04759907,""num_orders"":1},{""price"":65555.19,""size"":0.15249627,""num_orders"":1},{""price"":65555.2,""size"":0.14600002,""num_orders"":1}]"
btc_usd_d10_20260723T041943Z,43,2026-07-23T05:02:43.746646Z,2026-07-23T05:02:43.746778Z,BTC-USD,10,ok,,133097022578,2026-07-23T05:02:43.000000614Z,0.41623187,1.28736234,-0.511348574025,65535.989999999998,65536,65535.994999999995,0.010000000002,0.001525879023,"[{""price"":65535.99,""size"":0.06021746,""num_orders"":9},{""price"":65535.86,""size"":1.7e-05,""num_orders"":1},{""price"":65534.67,""size"":0.00762955,""num_orders"":1},{""price"":65534.35,""size"":0.00534057,""num_orders"":1},{""price"":65532.53,""size"":0.02,""num_orders"":1},{""price"":65532.52,""size"":0.001511,""num_orders"":1},{""price"":65532.2,""size"":0.02,""num_orders"":1},{""price"":65532.19,""size"":0.20328991,""num_orders"":1},{""price"":65532.18,""size"":0.09155066,""num_orders"":1},{""price"":65532.14,""size"":0.00667572,""num_orders"":1}]","[{""price"":65536.0,""size"":0.13127274,""num_orders"":6},{""price"":65536.33,""size"":0.1220697,""num_orders"":1},{""price"":65537.11,""size"":0.04761393,""num_orders"":1},{""price"":65537.32,""size"":0.00762924,""num_orders"":1},{""price"":65537.48,""size"":0.32310338,""num_orders"":1},{""price"":65537.49,""size"":0.53587112,""num_orders"":2},{""price"":65537.64,""size"":0.00534057,""num_orders"":1},{""price"":65538.0,""size"":0.0214,""num_orders"":1},{""price"":65539.04,""size"":0.001511,""num_orders"":1},{""price"":65539.63,""size"":0.09155066,""num_orders"":1}]"
btc_usd_d10_20260723T041943Z,44,2026-07-23T05:03:43.746646Z,2026-07-23T05:03:43.746780Z,BTC-USD,10,ok,,133097052244,2026-07-23T05:03:41.541535767Z,1.39946188,0.31897594,0.62876056813,65551.970000000001,65551.979999999996,65551.975000000006,0.009999999995,0.001525507049,"[{""price"":65551.97,""size"":0.85207287,""num_orders"":10},{""price"":65551.81,""size"":0.19306223,""num_orders"":3},{""price"":65551.73,""size"":0.09155066,""num_orders"":1},{""price"":65550.65,""size"":0.01525538,""num_orders"":2},{""price"":65550.17,""size"":0.00533928,""num_orders"":1},{""price"":65550.0,""size"":0.0214,""num_orders"":1},{""price"":65548.72,""size"":0.09155066,""num_orders"":1},{""price"":65547.96,""size"":0.0066741,""num_orders"":1},{""price"":65547.94,""size"":0.12204807,""num_orders"":1},{""price"":65546.89,""size"":0.00050863,""num_orders"":3}]","[{""price"":65551.98,""size"":0.00060203,""num_orders"":2},{""price"":65551.99,""size"":0.01113619,""num_orders"":1},{""price"":65552.75,""size"":9.534e-05,""num_orders"":1},{""price"":65553.31,""size"":0.01525476,""num_orders"":2},{""price"":65553.74,""size"":0.00762733,""num_orders"":1},{""price"":65554.06,""size"":9.534e-05,""num_orders"":1},{""price"":65554.5,""size"":0.0080086,""num_orders"":1},{""price"":65554.64,""size"":0.11600264,""num_orders"":1},{""price"":65555.14,""size"":0.0381455,""num_orders"":1},{""price"":65555.21,""size"":0.12200821,""num_orders"":1}]"
btc_usd_d10_20260723T041943Z,45,2026-07-23T05:04:43.746646Z,2026-07-23T05:04:43.746779Z,BTC-USD,10,ok,,133097077279,2026-07-23T05:04:40.585931812Z,0.7302507,0.39070886,0.30290284513,65558.929999999993,65558.940000000002,65558.934999999998,0.010000000009,0.001525345097,"[{""price"":65558.93,""size"":0.10381695,""num_orders"":23},{""price"":65558.23,""size"":0.02,""num_orders"":1},{""price"":65558.22,""size"":0.00160741,""num_orders"":3},{""price"":65558.21,""size"":0.02,""num_orders"":1},{""price"":65558.2,""size"":0.33099937,""num_orders"":1},{""price"":65557.63,""size"":0.09155066,""num_orders"":1},{""price"":65557.61,""size"":0.01525376,""num_orders"":2},{""price"":65557.29,""size"":0.0053387,""num_orders"":1},{""price"":65556.65,""size"":0.12203185,""num_orders"":1},{""price"":65555.9,""size"":0.019652,""num_orders"":1}]","[{""price"":65558.94,""size"":0.0056348,""num_orders"":3},{""price"":65560.04,""size"":1.7e-05,""num_orders"":1},{""price"":65560.26,""size"":0.01525314,""num_orders"":2},{""price"":65560.58,""size"":0.0053387,""num_orders"":1},{""price"":65562.7,""size"":0.09155066,""num_orders"":1},{""price"":65562.72,""size"":0.10899997,""num_orders"":1},{""price"":65562.79,""size"":0.00667338,""num_orders"":1},{""price"":65562.87,""size"":9.533e-05,""num_orders"":1},{""price"":65563.71,""size"":0.11901066,""num_orders"":1},{""price"":65563.77,""size"":0.03813522,""num_orders"":1}]"
btc_usd_d10_20260723T041943Z,46,2026-07-23T05:05:43.746646Z,2026-07-23T05:05:43.746771Z,BTC-USD,10,ok,,133097107361,2026-07-23T05:05:42.033380801Z,1.04268431,0.57338147,0.290398352473,65568.089999999997,65568.100000000006,65568.095000000001,0.010000000009,0.001525132004,"[{""price"":65568.09,""size"":0.40043035,""num_orders"":10},{""price"":65567.97,""size"":0.23858295,""num_orders"":3},{""price"":65566.77,""size"":0.01525162,""num_orders"":2},{""price"":65566.65,""size"":0.05060443,""num_orders"":11},{""price"":65566.45,""size"":0.00533796,""num_orders"":1},{""price"":65566.26,""size"":0.18087573,""num_orders"":1},{""price"":65565.12,""size"":0.001511,""num_orders"":1},{""price"":65564.23,""size"":0.00667245,""num_orders"":1},{""price"":65564.19,""size"":0.12201782,""num_orders"":1},{""price"":65564.0,""size"":0.0214,""num_orders"":1}]","[{""price"":65568.1,""size"":0.00010658,""num_orders"":3},{""price"":65569.87,""size"":0.03813558,""num_orders"":1},{""price"":65570.0,""size"":0.0214,""num_orders"":1},{""price"":65570.61,""size"":0.12200588,""num_orders"":1},{""price"":65570.81,""size"":0.15525068,""num_orders"":5},{""price"":65571.55,""size"":0.09155066,""num_orders"":1},{""price"":65571.57,""size"":0.12200409,""num_orders"":1},{""price"":65571.64,""size"":0.001511,""num_orders"":1},{""price"":65572.0,""size"":0.0214,""num_orders"":1},{""price"":65572.13,""size"":1.7e-05,""num_orders"":1}]"
btc_usd_d10_20260723T041943Z,47,2026-07-23T05:06:43.746646Z,2026-07-23T05:06:43.746776Z,BTC-USD,10,ok,,133097130558,2026-07-23T05:06:42.537259108Z,0.78646877,0.31052866,0.433857087523,65586.320000000007,65586.330000000002,65586.325000000012,0.009999999995,0.001524708084,"[{""price"":65586.32,""size"":0.20549264,""num_orders"":24},{""price"":65585.14,""size"":0.02,""num_orders"":1},{""price"":65585.13,""size"":0.13394924,""num_orders"":1},{""price"":65585.07,""size"":0.02,""num_orders"":1},{""price"":65585.06,""size"":0.18087573,""num_orders"":1},{""price"":65585.0,""size"":0.01524738,""num_orders"":2},{""price"":65584.68,""size"":0.00684747,""num_orders"":2},{""price"":65584.0,""size"":0.0214,""num_orders"":1},{""price"":65583.48,""size"":0.019675,""num_orders"":1},{""price"":65582.86,""size"":0.16298131,""num_orders"":2}]","[{""price"":65586.33,""size"":0.0101181,""num_orders"":3},{""price"":65587.65,""size"":0.01524678,""num_orders"":2},{""price"":65587.97,""size"":0.00533647,""num_orders"":1},{""price"":65588.25,""size"":1.7e-05,""num_orders"":1},{""price"":65588.87,""size"":0.12197192,""num_orders"":1},{""price"":65589.99,""size"":0.09155066,""num_orders"":1},{""price"":65590.0,""size"":0.0214,""num_orders"":1},{""price"":65590.06,""size"":0.03812185,""num_orders"":1},{""price"":65590.19,""size"":0.00667059,""num_orders"":1},{""price"":65590.27,""size"":9.529e-05,""num_orders"":1}]"
btc_usd_d10_20260723T041943Z,48,2026-07-23T05:07:43.746646Z,2026-07-23T05:07:43.746771Z,BTC-USD,10,ok,,133097161696,2026-07-23T05:07:41.677553567Z,0.63021998,0.55846293,0.060366855952,65586.979999999996,65586.990000000005,65586.985000000001,0.010000000009,0.001524692743,"[{""price"":65586.98,""size"":0.03120784,""num_orders"":14},{""price"":65586.04,""size"":0.02,""num_orders"":1},{""price"":65586.03,""size"":0.22444962,""num_orders"":1},{""price"":65586.02,""size"":0.18087573,""num_orders"":1},{""price"":65586.0,""size"":0.02155247,""num_orders"":2},{""price"":65585.66,""size"":0.01524724,""num_orders"":2},{""price"":65585.34,""size"":0.00533642,""num_orders"":1},{""price"":65584.03,""size"":0.02,""num_orders"":1},{""price"":65584.02,""size"":0.09155066,""num_orders"":1},{""price"":65584.01,""size"":0.02,""num_orders"":1}]","[{""price"":65586.99,""size"":0.0385997,""num_orders"":4},{""price"":65588.25,""size"":1.7e-05,""num_orders"":1},{""price"":65588.63,""size"":0.01524654,""num_orders"":2},{""price"":65588.95,""size"":0.09155066,""num_orders"":1},{""price"":65588.96,""size"":0.08901667,""num_orders"":1},{""price"":65589.95,""size"":0.08901667,""num_orders"":1},{""price"":65590.0,""size"":0.0214,""num_orders"":1},{""price"":65590.04,""size"":0.12196974,""num_orders"":1},{""price"":65590.93,""size"":9.529e-05,""num_orders"":1},{""price"":65591.11,""size"":0.09155066,""num_orders"":1}]"
btc_usd_d10_20260723T041943Z,49,2026-07-23T05:08:43.746646Z,2026-07-23T05:08:43.746763Z,BTC-USD,10,ok,,133097188621,2026-07-23T05:08:42.127713519Z,1.03016786,0.29903018,0.550059252269,65582.720000000001,65582.729999999996,65582.725000000006,0.009999999995,0.001524791779,"[{""price"":65582.72,""size"":0.49981255,""num_orders"":9},{""price"":65582.0,""size"":0.0214,""num_orders"":1},{""price"":65581.44,""size"":0.05756728,""num_orders"":1},{""price"":65581.43,""size"":0.07584262,""num_orders"":1},{""price"":65581.4,""size"":0.01524822,""num_orders"":2},{""price"":65581.08,""size"":0.00533677,""num_orders"":1},{""price"":65579.97,""size"":0.13474847,""num_orders"":2},{""price"":65579.75,""size"":0.09155066,""num_orders"":1},{""price"":65578.96,""size"":0.12199033,""num_orders"":1},{""price"":65578.86,""size"":0.00667096,""num_orders"":1}]","[{""price"":65582.73,""size"":0.00018191,""num_orders"":2},{""price"":65584.34,""size"":0.03812686,""num_orders"":1},{""price"":65584.87,""size"":0.01524742,""num_orders"":2},{""price"":65585.42,""size"":0.12197833,""num_orders"":1},{""price"":65586.0,""size"":0.0214,""num_orders"":1},{""price"":65586.99,""size"":0.00047679,""num_orders"":3},{""price"":65587.35,""size"":0.09200802,""num_orders"":1},{""price"":65587.65,""size"":0.00800456,""num_orders"":1},{""price"":65587.94,""size"":0.001511,""num_orders"":1},{""price"":65587.98,""size"":9.529e-05,""num_orders"":1}]"
btc_usd_d10_20260723T041943Z,50,2026-07-23T05:09:43.746646Z,2026-07-23T05:09:43.746776Z,BTC-USD,10,ok,,133097216517,2026-07-23T05:09:42.594474871Z,0.41571125,0.52044673,-0.111877997344,65584.220000000001,65584.229999999996,65584.225000000006,0.009999999995,0.001524756905,"[{""price"":65584.22,""size"":0.18835579,""num_orders"":11},{""price"":65584.21,""size"":0.00065929,""num_orders"":2},{""price"":65582.94,""size"":0.07536145,""num_orders"":2},{""price"":65582.89,""size"":0.01524788,""num_orders"":2},{""price"":65582.71,""size"":0.00160818,""num_orders"":3},{""price"":65582.0,""size"":0.0214,""num_orders"":1},{""price"":65581.86,""size"":0.09155066,""num_orders"":1},{""price"":65581.42,""size"":0.001511,""num_orders"":1},{""price"":65580.2,""size"":0.02,""num_orders"":1},{""price"":65580.19,""size"":1.7e-05,""num_orders"":1}]","[{""price"":65584.23,""size"":0.10523933,""num_orders"":4},{""price"":65585.55,""size"":0.01524726,""num_orders"":2},{""price"":65585.6,""size"":0.12197799,""num_orders"":1},{""price"":65585.87,""size"":0.00533664,""num_orders"":1},{""price"":65586.35,""size"":0.00258305,""num_orders"":1},{""price"":65586.56,""size"":0.09299691,""num_orders"":1},{""price"":65587.57,""size"":0.08899474,""num_orders"":1},{""price"":65588.0,""size"":0.0214,""num_orders"":1},{""price"":65588.07,""size"":0.06,""num_orders"":2},{""price"":65588.09,""size"":0.00667081,""num_orders"":1}]"
btc_usd_d10_20260723T041943Z,51,2026-07-23T05:10:43.746646Z,2026-07-23T05:10:43.746770Z,BTC-USD,10,ok,,133097239959,2026-07-23T05:10:41.033148906Z,0.6325001,0.18619544,0.545141188872,65581.380000000005,65581.389999999999,65581.385000000009,0.009999999995,0.001524822935,"[{""price"":65581.38,""size"":0.14271087,""num_orders"":19},{""price"":65580.23,""size"":0.14873692,""num_orders"":1},{""price"":65580.19,""size"":1.7e-05,""num_orders"":1},{""price"":65580.06,""size"":0.01524854,""num_orders"":2},{""price"":65580.0,""size"":0.0304,""num_orders"":2},{""price"":65579.74,""size"":0.00533688,""num_orders"":1},{""price"":65579.36,""size"":0.07584262,""num_orders"":1},{""price"":65579.35,""size"":0.09155066,""num_orders"":1},{""price"":65578.72,""size"":0.00066545,""num_orders"":2},{""price"":65578.52,""size"":0.12199116,""num_orders"":1}]","[{""price"":65581.39,""size"":0.03514577,""num_orders"":2},{""price"":65581.4,""size"":0.03,""num_orders"":1},{""price"":65581.42,""size"":0.03,""num_orders"":1},{""price"":65581.86,""size"":0.03812652,""num_orders"":1},{""price"":65582.71,""size"":0.01524792,""num_orders"":2},{""price"":65583.03,""size"":0.00533688,""num_orders"":1},{""price"":65583.42,""size"":0.00375625,""num_orders"":1},{""price"":65584.0,""size"":0.0204,""num_orders"":1},{""price"":65584.68,""size"":0.001511,""num_orders"":1},{""price"":65585.25,""size"":0.0066711,""num_orders"":1}]"
btc_usd_d10_20260723T041943Z,52,2026-07-23T05:11:43.746646Z,2026-07-23T05:11:43.746811Z,BTC-USD,10,ok,,133097256164,2026-07-23T05:11:41.088652245Z,0.53168787,0.38453177,0.16061225232,65581.910000000003,65581.919999999998,65581.915000000008,0.009999999995,0.001524810612,"[{""price"":65581.91,""size"":0.07143043,""num_orders"":24},{""price"":65581.4,""size"":0.02,""num_orders"":1},{""price"":65581.39,""size"":0.20766795,""num_orders"":1},{""price"":65581.38,""size"":0.08977113,""num_orders"":29},{""price"":65580.59,""size"":0.01524842,""num_orders"":2},{""price"":65580.27,""size"":0.00533683,""num_orders"":1},{""price"":65580.19,""size"":1.7e-05,""num_orders"":1},{""price"":65580.0,""size"":0.01,""num_orders"":1},{""price"":65578.73,""size"":0.02,""num_orders"":1},{""price"":65578.72,""size"":0.09221611,""num_orders"":3}]","[{""price"":65581.92,""size"":0.09877883,""num_orders"":5},{""price"":65582.0,""size"":0.0193,""num_orders"":1},{""price"":65583.24,""size"":0.0152478,""num_orders"":2},{""price"":65583.38,""size"":0.00375624,""num_orders"":1},{""price"":65583.55,""size"":0.00533685,""num_orders"":1},{""price"":65584.0,""size"":0.0204,""num_orders"":1},{""price"":65584.68,""size"":0.001511,""num_orders"":1},{""price"":65584.91,""size"":0.12197929,""num_orders"":1},{""price"":65585.25,""size"":0.0066711,""num_orders"":1},{""price"":65585.74,""size"":0.09155066,""num_orders"":1}]"
btc_usd_d10_20260723T041943Z,53,2026-07-23T05:12:43.746646Z,2026-07-23T05:12:43.746774Z,BTC-USD,10,ok,,133097283742,2026-07-23T05:12:40.309264294Z,0.30658597,0.69540088,-0.388043924928,65563.139999999999,65563.149999999994,65563.14499999999,0.009999999995,0.001525247148,"[{""price"":65563.14,""size"":0.07653711,""num_orders"":6},{""price"":65562.0,""size"":0.0214,""num_orders"":1},{""price"":65561.82,""size"":0.01525278,""num_orders"":2},{""price"":65561.5,""size"":0.00533836,""num_orders"":1},{""price"":65560.0,""size"":0.0214,""num_orders"":1},{""price"":65559.3,""size"":0.02,""num_orders"":1},{""price"":65559.29,""size"":0.00667295,""num_orders"":1},{""price"":65558.25,""size"":0.02,""num_orders"":1},{""price"":65558.24,""size"":0.11235796,""num_orders"":1},{""price"":65558.22,""size"":0.00762681,""num_orders"":1}]","[{""price"":65563.15,""size"":0.18280702,""num_orders"":4},{""price"":65563.77,""size"":0.06,""num_orders"":2},{""price"":65564.07,""size"":1.7e-05,""num_orders"":1},{""price"":65564.36,""size"":0.22735566,""num_orders"":1},{""price"":65564.37,""size"":0.08,""num_orders"":1},{""price"":65564.47,""size"":0.01525216,""num_orders"":2},{""price"":65565.12,""size"":0.001511,""num_orders"":1},{""price"":65565.27,""size"":0.09155066,""num_orders"":1},{""price"":65566.41,""size"":0.02928937,""num_orders"":1},{""price"":65566.65,""size"":0.00761801,""num_orders"":1}]"
btc_usd_d10_20260723T041943Z,54,2026-07-23T05:13:43.746646Z,2026-07-23T05:13:43.746771Z,BTC-USD,10,ok,,133097313433,2026-07-23T05:13:43.137273497Z,0.41832873,0.77075717,-0.296386022238,65600,65600.339999999997,65600.169999999998,0.339999999997,0.051829133979,"[{""price"":65600.0,""size"":0.07152717,""num_orders"":4},{""price"":65598.87,""size"":0.00609765,""num_orders"":2},{""price"":65598.01,""size"":0.01641611,""num_orders"":1},{""price"":65598.0,""size"":0.0214,""num_orders"":1},{""price"":65597.23,""size"":0.00533545,""num_orders"":1},{""price"":65596.36,""size"":0.02,""num_orders"":1},{""price"":65596.35,""size"":0.09155066,""num_orders"":1},{""price"":65596.34,""size"":0.02,""num_orders"":1},{""price"":65596.33,""size"":0.14600169,""num_orders"":2},{""price"":65596.08,""size"":0.02,""num_orders"":1}]","[{""price"":65600.34,""size"":1.7e-05,""num_orders"":1},{""price"":65601.28,""size"":0.00038328,""num_orders"":1},{""price"":65601.43,""size"":0.12194857,""num_orders"":1},{""price"":65601.53,""size"":0.09155066,""num_orders"":1},{""price"":65601.77,""size"":0.03811668,""num_orders"":1},{""price"":65602.82,""size"":9.527e-05,""num_orders"":1},{""price"":65602.9,""size"":0.15243229,""num_orders"":1},{""price"":65603.6,""size"":0.07401339,""num_orders"":1},{""price"":65603.8,""size"":0.0156241,""num_orders"":2},{""price"":65603.99,""size"":0.27657593,""num_orders"":1}]"
btc_usd_d10_20260723T041943Z,55,2026-07-23T05:14:43.746646Z,2026-07-23T05:14:43.746780Z,BTC-USD,10,ok,,133097339580,2026-07-23T05:14:42.184489555Z,0.56495682,0.51301605,0.048183745107,65600,65600.009999999995,65600.005000000005,0.009999999995,0.001524390127,"[{""price"":65600.0,""size"":0.01062464,""num_orders"":2},{""price"":65598.69,""size"":0.0152442,""num_orders"":2},{""price"":65598.36,""size"":0.00533536,""num_orders"":1},{""price"":65598.0,""size"":0.0214,""num_orders"":1},{""price"":65596.15,""size"":0.09155066,""num_orders"":1},{""price"":65596.14,""size"":0.0066692,""num_orders"":1},{""price"":65596.09,""size"":0.20194623,""num_orders"":1},{""price"":65596.08,""size"":0.18087573,""num_orders"":1},{""price"":65596.07,""size"":0.0099108,""num_orders"":2},{""price"":65596.0,""size"":0.0214,""num_orders"":1}]","[{""price"":65600.01,""size"":0.08788338,""num_orders"":4},{""price"":65600.29,""size"":0.15168506,""num_orders"":2},{""price"":65600.84,""size"":0.0086995,""num_orders"":1},{""price"":65601.12,""size"":0.12194913,""num_orders"":1},{""price"":65601.29,""size"":0.0047074,""num_orders"":1},{""price"":65601.33,""size"":0.0152436,""num_orders"":2},{""price"":65601.65,""size"":0.00533536,""num_orders"":1},{""price"":65602.0,""size"":0.0214,""num_orders"":1},{""price"":65602.45,""size"":0.0381128,""num_orders"":1},{""price"":65603.16,""size"":0.05799982,""num_orders"":1}]"
btc_usd_d10_20260723T041943Z,56,2026-07-23T05:15:43.746646Z,2026-07-23T05:15:43.746785Z,BTC-USD,10,ok,,133097363642,2026-07-23T05:15:41.520643310Z,1.36912658,0.74483757,0.295316744137,65596.970000000001,65596.979999999996,65596.975000000006,0.009999999995,0.00152446054,"[{""price"":65596.97,""size"":0.43218866,""num_orders"":12},{""price"":65596.0,""size"":0.0214,""num_orders"":1},{""price"":65595.65,""size"":0.01524492,""num_orders"":2},{""price"":65595.33,""size"":0.2377837,""num_orders"":2},{""price"":65595.32,""size"":0.07584262,""num_orders"":1},{""price"":65594.0,""size"":0.12037577,""num_orders"":28},{""price"":65593.7,""size"":0.12196292,""num_orders"":1},{""price"":65593.11,""size"":0.00666951,""num_orders"":1},{""price"":65592.43,""size"":0.09155066,""num_orders"":1},{""price"":65592.42,""size"":0.24610782,""num_orders"":1}]","[{""price"":65596.98,""size"":0.00021037,""num_orders"":1},{""price"":65597.47,""size"":0.00128946,""num_orders"":1},{""price"":65600.03,""size"":0.38217387,""num_orders"":2},{""price"":65600.04,""size"":0.12195115,""num_orders"":1},{""price"":65600.92,""size"":9.527e-05,""num_orders"":1},{""price"":65600.93,""size"":0.04499431,""num_orders"":1},{""price"":65601.12,""size"":0.14,""num_orders"":3},{""price"":65601.68,""size"":0.00038328,""num_orders"":1},{""price"":65601.9,""size"":0.01562455,""num_orders"":2},{""price"":65601.98,""size"":0.03811531,""num_orders"":1}]"
btc_usd_d10_20260723T041943Z,57,2026-07-23T05:16:43.746646Z,2026-07-23T05:16:43.746761Z,BTC-USD,10,ok,,133097393544,2026-07-23T05:16:42.683329833Z,0.75088869,0.871744,-0.074481002845,65564.070000000007,65564.080000000002,65564.075000000012,0.009999999995,0.001525225513,"[{""price"":65564.07,""size"":0.05932856,""num_orders"":5},{""price"":65562.75,""size"":0.01525256,""num_orders"":2},{""price"":65562.0,""size"":0.0214,""num_orders"":1},{""price"":65560.05,""size"":0.04,""num_orders"":2},{""price"":65560.04,""size"":0.020017,""num_orders"":2},{""price"":65560.03,""size"":0.31761355,""num_orders"":1},{""price"":65560.02,""size"":0.09155066,""num_orders"":1},{""price"":65560.0,""size"":0.0314,""num_orders"":2},{""price"":65559.86,""size"":0.03230039,""num_orders"":1},{""price"":65559.81,""size"":0.12202597,""num_orders"":1}]","[{""price"":65564.08,""size"":0.12480663,""num_orders"":6},{""price"":65564.1,""size"":0.03258001,""num_orders"":2},{""price"":65565.4,""size"":0.01525194,""num_orders"":2},{""price"":65565.72,""size"":0.00533828,""num_orders"":1},{""price"":65565.77,""size"":0.09155066,""num_orders"":1},{""price"":65565.78,""size"":0.24509341,""num_orders"":1},{""price"":65565.8,""size"":0.13697691,""num_orders"":1},{""price"":65566.16,""size"":0.12201416,""num_orders"":1},{""price"":65566.46,""size"":0.06,""num_orders"":2},{""price"":65567.82,""size"":0.038132,""num_orders"":1}]"
btc_usd_d10_20260723T041943Z,58,2026-07-23T05:17:43.746646Z,2026-07-23T05:17:43.746782Z,BTC-USD,10,ok,,133097420588,2026-07-23T05:17:43.297684483Z,0.27652997,0.80661854,-0.489396020127,65596.020000000004,65596.029999999999,65596.024999999994,0.009999999995,0.001524482618,"[{""price"":65596.02,""size"":0.11114464,""num_orders"":18},{""price"":65595.35,""size"":0.00076224,""num_orders"":1},{""price"":65594.7,""size"":0.01524514,""num_orders"":2},{""price"":65594.46,""size"":0.001511,""num_orders"":1},{""price"":65594.38,""size"":0.00533568,""num_orders"":1},{""price"":65594.0,""size"":0.0214,""num_orders"":1},{""price"":65592.16,""size"":0.00666961,""num_orders"":1},{""price"":65592.0,""size"":0.0214,""num_orders"":1},{""price"":65591.2,""size"":0.001511,""num_orders"":1},{""price"":65590.81,""size"":0.09155066,""num_orders"":1}]","[{""price"":65596.03,""size"":0.11919416,""num_orders"":6},{""price"":65596.31,""size"":1.7e-05,""num_orders"":1},{""price"":65596.78,""size"":0.09155066,""num_orders"":1},{""price"":65596.79,""size"":0.30329457,""num_orders"":1},{""price"":65596.8,""size"":0.12195718,""num_orders"":1},{""price"":65597.35,""size"":0.01524452,""num_orders"":2},{""price"":65597.67,""size"":0.00533568,""num_orders"":1},{""price"":65597.88,""size"":0.12195516,""num_orders"":1},{""price"":65598.0,""size"":0.0214,""num_orders"":1},{""price"":65599.89,""size"":0.00666961,""num_orders"":1}]"
btc_usd_d10_20260723T041943Z,59,2026-07-23T05:18:43.746646Z,2026-07-23T05:18:43.746773Z,BTC-USD,10,ok,,133097447026,2026-07-23T05:18:43.586113800Z,0.77808414,0.61397861,0.117886589523,65617.850000000006,65617.860000000001,65617.85500000001,0.009999999995,0.001523975448,"[{""price"":65617.85,""size"":0.32607921,""num_orders"":7},{""price"":65617.84,""size"":0.03,""num_orders"":1},{""price"":65617.82,""size"":0.03,""num_orders"":1},{""price"":65617.25,""size"":0.00076198,""num_orders"":1},{""price"":65616.46,""size"":0.24489099,""num_orders"":2},{""price"":65616.21,""size"":0.00533391,""num_orders"":1},{""price"":65616.0,""size"":0.0214,""num_orders"":1},{""price"":65614.0,""size"":0.0214,""num_orders"":1},{""price"":65613.99,""size"":0.00666739,""num_orders"":1},{""price"":65613.8,""size"":0.09155066,""num_orders"":1}]","[{""price"":65617.86,""size"":0.11889541,""num_orders"":3},{""price"":65618.5,""size"":0.03810626,""num_orders"":1},{""price"":65618.79,""size"":0.09155066,""num_orders"":1},{""price"":65619.74,""size"":0.00038328,""num_orders"":1},{""price"":65620.0,""size"":0.0214,""num_orders"":1},{""price"":65620.49,""size"":1.7e-05,""num_orders"":1},{""price"":65620.54,""size"":0.001511,""num_orders"":1},{""price"":65620.68,""size"":0.06,""num_orders"":2},{""price"":65621.78,""size"":0.28201976,""num_orders"":1},{""price"":65621.8,""size"":9.524e-05,""num_orders"":1}]"
