window_id,sample_index,planned_at_utc,collected_at_utc,product_id,depth,status,error,sequence,snapshot_time_utc,bid_volume,ask_volume,imbalance,best_bid,best_ask,mid_price,spread,spread_bps,bids_json,asks_json
btc_usd_d10_20260824T234721Z,13,2026-08-25T00:00:21.126834Z,2026-08-25T00:00:21.126974Z,BTC-USD,10,ok,,134888218351,2026-08-25T00:00:19.582110934Z,1.62440628,0.17838907,0.802097259681,78996.949999999997,78996.960000000006,78996.955000000002,0.010000000009,0.001265871578,"[{""price"":78996.95,""size"":0.27660345,""num_orders"":4},{""price"":78996.94,""size"":0.03,""num_orders"":1},{""price"":78996.92,""size"":0.03,""num_orders"":1},{""price"":78996.25,""size"":0.025,""num_orders"":1},{""price"":78996.24,""size"":0.10177699,""num_orders"":2},{""price"":78996.23,""size"":0.07597976,""num_orders"":1},{""price"":78996.0,""size"":1.0,""num_orders"":1},{""price"":78994.97,""size"":0.00405078,""num_orders"":1},{""price"":78993.64,""size"":0.00761791,""num_orders"":2},{""price"":78992.71,""size"":0.07337739,""num_orders"":1}]","[{""price"":78996.96,""size"":4.45e-06,""num_orders"":1},{""price"":78997.57,""size"":1.5e-06,""num_orders"":1},{""price"":79000.0,""size"":0.17772037,""num_orders"":2},{""price"":79000.56,""size"":0.00012945,""num_orders"":1},{""price"":79001.26,""size"":1.5e-06,""num_orders"":1},{""price"":79001.28,""size"":0.00012945,""num_orders"":1},{""price"":79001.72,""size"":1.4e-05,""num_orders"":1},{""price"":79002.0,""size"":0.00012945,""num_orders"":1},{""price"":79002.72,""size"":0.00012945,""num_orders"":1},{""price"":79003.44,""size"":0.00012945,""num_orders"":1}]"
btc_usd_d10_20260824T234721Z,14,2026-08-25T00:01:21.126834Z,2026-08-25T00:01:21.126974Z,BTC-USD,10,ok,,134888291234,2026-08-25T00:01:19.537287012Z,0.23567137,0.72210803,-0.507879643266,78981.690000000002,78981.710000000006,78981.700000000012,0.020000000004,0.00253223215,"[{""price"":78981.69,""size"":0.00405141,""num_orders"":1},{""price"":78979.75,""size"":0.00252625,""num_orders"":1},{""price"":78979.03,""size"":0.00506427,""num_orders"":1},{""price"":78977.68,""size"":0.010029,""num_orders"":1},{""price"":78976.52,""size"":1.608e-05,""num_orders"":1},{""price"":78973.16,""size"":1.4e-05,""num_orders"":1},{""price"":78968.86,""size"":0.0610548,""num_orders"":1},{""price"":78968.4,""size"":1.4e-05,""num_orders"":1},{""price"":78967.55,""size"":0.00094959,""num_orders"":1},{""price"":78965.72,""size"":0.15195197,""num_orders"":1}]","[{""price"":78981.71,""size"":0.1453,""num_orders"":2},{""price"":78982.67,""size"":0.0557,""num_orders"":2},{""price"":78982.87,""size"":0.1096,""num_orders"":1},{""price"":78985.64,""size"":0.02,""num_orders"":1},{""price"":78985.65,""size"":0.00011574,""num_orders"":1},{""price"":78988.51,""size"":0.00110735,""num_orders"":2},{""price"":78988.95,""size"":1.5e-06,""num_orders"":1},{""price"":78989.54,""size"":0.07597976,""num_orders"":1},{""price"":78989.55,""size"":0.17430368,""num_orders"":1},{""price"":78989.56,""size"":0.14,""num_orders"":3}]"
btc_usd_d10_20260824T234721Z,15,2026-08-25T00:02:21.126834Z,2026-08-25T00:02:21.127000Z,BTC-USD,10,ok,,134888344828,2026-08-25T00:02:20.036850074Z,0.44795247,0.70611318,-0.223696728171,78954.679999999993,78956.779999999999,78955.729999999996,2.100000000006,0.265971830038,"[{""price"":78954.68,""size"":0.00100127,""num_orders"":1},{""price"":78954.67,""size"":0.0040529,""num_orders"":1},{""price"":78954.47,""size"":0.07597976,""num_orders"":1},{""price"":78953.05,""size"":0.10183266,""num_orders"":2},{""price"":78952.9,""size"":0.02533156,""num_orders"":2},{""price"":78952.5,""size"":0.0040529,""num_orders"":1},{""price"":78950.8,""size"":0.07597976,""num_orders"":1},{""price"":78950.31,""size"":0.00270356,""num_orders"":1},{""price"":78949.84,""size"":0.00506613,""num_orders"":1},{""price"":78948.72,""size"":0.15195197,""num_orders"":1}]","[{""price"":78956.78,""size"":0.03696311,""num_orders"":2},{""price"":78957.79,""size"":0.1344872,""num_orders"":2},{""price"":78957.87,""size"":0.00023162,""num_orders"":1},{""price"":78958.36,""size"":0.0253298,""num_orders"":2},{""price"":78958.87,""size"":0.13999993,""num_orders"":3},{""price"":78958.88,""size"":1.4e-05,""num_orders"":1},{""price"":78959.0,""size"":0.101825,""num_orders"":2},{""price"":78960.78,""size"":0.115303,""num_orders"":1},{""price"":78960.79,""size"":0.07597976,""num_orders"":1},{""price"":78962.27,""size"":0.07597976,""num_orders"":1}]"
btc_usd_d10_20260824T234721Z,16,2026-08-25T00:03:21.126834Z,2026-08-25T00:03:21.126971Z,BTC-USD,10,ok,,134888389996,2026-08-25T00:03:19.183999248Z,2.63039518,0.19884532,0.859435548162,78925.869999999995,78925.880000000005,78925.875,0.010000000009,0.001267011612,"[{""price"":78925.87,""size"":0.68767809,""num_orders"":10},{""price"":78925.58,""size"":0.83691462,""num_orders"":1},{""price"":78925.57,""size"":4.307e-05,""num_orders"":1},{""price"":78925.53,""size"":0.07597976,""num_orders"":1},{""price"":78925.52,""size"":0.02533684,""num_orders"":1},{""price"":78925.5,""size"":1.0,""num_orders"":1},{""price"":78924.96,""size"":0.00012945,""num_orders"":1},{""price"":78924.24,""size"":0.00012945,""num_orders"":1},{""price"":78923.59,""size"":0.00405445,""num_orders"":1},{""price"":78923.52,""size"":0.00012945,""num_orders"":1}]","[{""price"":78925.88,""size"":0.0050046,""num_orders"":2},{""price"":78927.86,""size"":0.00405443,""num_orders"":1},{""price"":78930.52,""size"":0.00506804,""num_orders"":1},{""price"":78931.2,""size"":0.00017345,""num_orders"":1},{""price"":78933.41,""size"":0.00252625,""num_orders"":1},{""price"":78933.42,""size"":0.14,""num_orders"":3},{""price"":78933.6,""size"":0.00012945,""num_orders"":1},{""price"":78933.85,""size"":0.0416302,""num_orders"":1},{""price"":78934.32,""size"":0.00012945,""num_orders"":1},{""price"":78935.04,""size"":0.00012945,""num_orders"":1}]"
btc_usd_d10_20260824T234721Z,17,2026-08-25T00:04:21.126834Z,2026-08-25T00:04:21.127008Z,BTC-USD,10,ok,,134888440167,2026-08-25T00:04:20.046997376Z,0.47337824,0.88469651,-0.302868652848,78981.380000000005,78981.389999999999,78981.385000000009,0.009999999995,0.001266121124,"[{""price"":78981.38,""size"":0.03057096,""num_orders"":2},{""price"":78979.83,""size"":0.02532292,""num_orders"":2},{""price"":78979.43,""size"":0.00405158,""num_orders"":1},{""price"":78976.25,""size"":0.00506443,""num_orders"":1},{""price"":78975.95,""size"":0.00252625,""num_orders"":1},{""price"":78975.94,""size"":0.07597976,""num_orders"":1},{""price"":78975.92,""size"":0.15195197,""num_orders"":1},{""price"":78975.83,""size"":8.572e-05,""num_orders"":1},{""price"":78973.87,""size"":0.10184489,""num_orders"":3},{""price"":78973.52,""size"":0.07597976,""num_orders"":1}]","[{""price"":78981.39,""size"":0.30361359,""num_orders"":6},{""price"":78981.42,""size"":0.00011574,""num_orders"":1},{""price"":78981.96,""size"":0.12124891,""num_orders"":1},{""price"":78981.97,""size"":0.07597976,""num_orders"":1},{""price"":78982.0,""size"":0.1012889,""num_orders"":1},{""price"":78982.3,""size"":0.00050644,""num_orders"":1},{""price"":78983.0,""size"":0.0253219,""num_orders"":2},{""price"":78984.77,""size"":0.07597976,""num_orders"":1},{""price"":78984.78,""size"":0.17430819,""num_orders"":1},{""price"":78985.84,""size"":0.00633332,""num_orders"":1}]"
btc_usd_d10_20260824T234721Z,18,2026-08-25T00:05:21.126834Z,2026-08-25T00:05:21.126981Z,BTC-USD,10,ok,,134888485233,2026-08-25T00:05:20.629938611Z,1.28277838,0.58066598,0.376782057501,78913.300000000003,78914.830000000002,78914.065000000002,1.529999999999,0.193881787739,"[{""price"":78913.3,""size"":0.03574267,""num_orders"":2},{""price"":78912.33,""size"":0.07597976,""num_orders"":1},{""price"":78912.32,""size"":0.025,""num_orders"":1},{""price"":78912.1,""size"":0.00877527,""num_orders"":1},{""price"":78912.0,""size"":1.0,""num_orders"":1},{""price"":78911.72,""size"":0.02534478,""num_orders"":2},{""price"":78911.28,""size"":1.4e-05,""num_orders"":1},{""price"":78910.45,""size"":0.010034,""num_orders"":1},{""price"":78910.24,""size"":0.101381,""num_orders"":1},{""price"":78910.23,""size"":0.0005069,""num_orders"":1}]","[{""price"":78914.83,""size"":0.0012628,""num_orders"":1},{""price"":78914.84,""size"":0.00405504,""num_orders"":1},{""price"":78915.89,""size"":0.10188061,""num_orders"":2},{""price"":78916.2,""size"":0.00037617,""num_orders"":2},{""price"":78916.86,""size"":0.07597976,""num_orders"":1},{""price"":78916.95,""size"":0.00405505,""num_orders"":1},{""price"":78918.13,""size"":0.17200796,""num_orders"":1},{""price"":78920.09,""size"":0.07597976,""num_orders"":1},{""price"":78920.1,""size"":0.14,""num_orders"":3},{""price"":78920.28,""size"":0.00506883,""num_orders"":1}]"
btc_usd_d10_20260824T234721Z,19,2026-08-25T00:06:21.126834Z,2026-08-25T00:06:21.126979Z,BTC-USD,10,ok,,134888529889,2026-08-25T00:06:18.527875618Z,0.94031715,0.51060502,0.296164838394,78955.190000000002,78955.199999999997,78955.195000000007,0.009999999995,0.001266541105,"[{""price"":78955.19,""size"":0.10396045,""num_orders"":3},{""price"":78955.18,""size"":0.03,""num_orders"":1},{""price"":78955.16,""size"":0.03,""num_orders"":1},{""price"":78954.7,""size"":0.025,""num_orders"":1},{""price"":78953.61,""size"":0.02533134,""num_orders"":2},{""price"":78953.19,""size"":0.00405292,""num_orders"":1},{""price"":78951.04,""size"":0.00252625,""num_orders"":1},{""price"":78950.54,""size"":0.01158473,""num_orders"":1},{""price"":78949.51,""size"":0.00506623,""num_orders"":1},{""price"":78948.06,""size"":0.70279523,""num_orders"":2}]","[{""price"":78955.2,""size"":0.27245529,""num_orders"":5},{""price"":78955.25,""size"":0.00252624,""num_orders"":1},{""price"":78955.26,""size"":0.10134613,""num_orders"":1},{""price"":78955.27,""size"":0.1018298,""num_orders"":2},{""price"":78955.59,""size"":0.0003921,""num_orders"":2},{""price"":78956.78,""size"":0.02533032,""num_orders"":2},{""price"":78957.36,""size"":0.00012945,""num_orders"":1},{""price"":78958.08,""size"":0.00012945,""num_orders"":1},{""price"":78958.8,""size"":0.00012945,""num_orders"":1},{""price"":78958.87,""size"":0.00633679,""num_orders"":1}]"
btc_usd_d10_20260824T234721Z,20,2026-08-25T00:07:21.126834Z,2026-08-25T00:07:21.126966Z,BTC-USD,10,ok,,134888598977,2026-08-25T00:07:20.536202219Z,0.79854948,0.77364287,0.015841961068,79030.570000000007,79032.339999999997,79031.455000000002,1.76999999999,0.223961459395,"[{""price"":79030.57,""size"":0.08,""num_orders"":2},{""price"":79026.16,""size"":0.26038224,""num_orders"":2},{""price"":79026.15,""size"":0.10134613,""num_orders"":1},{""price"":79026.12,""size"":0.03,""num_orders"":1},{""price"":79025.53,""size"":0.025,""num_orders"":1},{""price"":79025.52,""size"":0.03404912,""num_orders"":2},{""price"":79025.51,""size"":0.15195197,""num_orders"":1},{""price"":79024.79,""size"":0.010029,""num_orders"":1},{""price"":79023.63,""size"":0.1017417,""num_orders"":2},{""price"":79023.53,""size"":0.00404932,""num_orders"":1}]","[{""price"":79032.34,""size"":0.02,""num_orders"":1},{""price"":79033.34,""size"":0.190721,""num_orders"":2},{""price"":79034.44,""size"":0.02,""num_orders"":1},{""price"":79034.55,""size"":0.15195197,""num_orders"":1},{""price"":79034.56,""size"":0.10134613,""num_orders"":1},{""price"":79035.04,""size"":1.4e-05,""num_orders"":1},{""price"":79035.91,""size"":0.10826364,""num_orders"":1},{""price"":79035.92,""size"":0.04,""num_orders"":1},{""price"":79037.71,""size"":0.10134613,""num_orders"":1},{""price"":79039.43,""size"":0.04,""num_orders"":1}]"
btc_usd_d10_20260824T234721Z,21,2026-08-25T00:08:21.126834Z,2026-08-25T00:08:21.126971Z,BTC-USD,10,ok,,134888672118,2026-08-25T00:08:20.686950597Z,0.49317043,0.5096765,-0.016459211776,79005.770000000004,79005.779999999999,79005.774999999994,0.009999999995,0.001265730258,"[{""price"":79005.77,""size"":0.105,""num_orders"":3},{""price"":79005.76,""size"":8.594e-05,""num_orders"":1},{""price"":79004.18,""size"":0.02531512,""num_orders"":2},{""price"":79003.93,""size"":1.5e-06,""num_orders"":1},{""price"":79003.24,""size"":0.12658131,""num_orders"":1},{""price"":79002.58,""size"":0.10176881,""num_orders"":2},{""price"":79002.3,""size"":0.00149619,""num_orders"":1},{""price"":79001.72,""size"":1.4e-05,""num_orders"":1},{""price"":79000.8,""size"":0.12658131,""num_orders"":1},{""price"":78999.13,""size"":0.00632625,""num_orders"":1}]","[{""price"":79005.78,""size"":0.02968731,""num_orders"":1},{""price"":79005.8,""size"":0.03,""num_orders"":1},{""price"":79007.36,""size"":0.0253141,""num_orders"":2},{""price"":79009.41,""size"":0.06075073,""num_orders"":1},{""price"":79009.42,""size"":0.10176001,""num_orders"":2},{""price"":79015.51,""size"":0.02,""num_orders"":1},{""price"":79015.52,""size"":0.09556904,""num_orders"":2},{""price"":79015.53,""size"":0.12658131,""num_orders"":1},{""price"":79016.0,""size"":1.4e-05,""num_orders"":1},{""price"":79017.26,""size"":0.02,""num_orders"":1}]"
btc_usd_d10_20260824T234721Z,22,2026-08-25T00:09:21.126834Z,2026-08-25T00:09:21.126972Z,BTC-USD,10,ok,,134888749762,2026-08-25T00:09:20.598289620Z,0.3688232,0.64792662,-0.274505502248,78949.360000000001,78949.369999999995,78949.364999999991,0.009999999995,0.001266634633,"[{""price"":78949.36,""size"":1.394e-05,""num_orders"":1},{""price"":78948.36,""size"":0.00024553,""num_orders"":1},{""price"":78944.6,""size"":1.4e-05,""num_orders"":1},{""price"":78943.72,""size"":0.13211654,""num_orders"":2},{""price"":78943.71,""size"":0.1265413,""num_orders"":1},{""price"":78941.78,""size"":1.899e-05,""num_orders"":1},{""price"":78941.45,""size"":0.1096,""num_orders"":1},{""price"":78940.8,""size"":0.00012945,""num_orders"":1},{""price"":78940.08,""size"":0.00012945,""num_orders"":1},{""price"":78939.84,""size"":1.4e-05,""num_orders"":1}]","[{""price"":78949.37,""size"":0.15588701,""num_orders"":2},{""price"":78950.12,""size"":0.15703471,""num_orders"":1},{""price"":78950.13,""size"":0.10183642,""num_orders"":2},{""price"":78950.14,""size"":0.15183382,""num_orders"":1},{""price"":78951.35,""size"":0.00405323,""num_orders"":1},{""price"":78952.36,""size"":0.0433609,""num_orders"":1},{""price"":78954.8,""size"":0.00632784,""num_orders"":1},{""price"":78954.81,""size"":0.00506651,""num_orders"":1},{""price"":78955.86,""size"":0.02,""num_orders"":1},{""price"":78955.87,""size"":0.00252618,""num_orders"":1}]"
btc_usd_d10_20260824T234721Z,23,2026-08-25T00:10:21.126834Z,2026-08-25T00:10:21.126974Z,BTC-USD,10,ok,,134888825658,2026-08-25T00:10:20.526519056Z,1.22707663,0.80615603,0.207020381032,78970.960000000006,78971.929999999993,78971.445000000007,0.969999999987,0.122829207442,"[{""price"":78970.96,""size"":0.24985259,""num_orders"":1},{""price"":78968.9,""size"":0.10181221,""num_orders"":2},{""price"":78968.87,""size"":0.15201095,""num_orders"":1},{""price"":78968.86,""size"":0.15183369,""num_orders"":1},{""price"":78968.41,""size"":0.15183382,""num_orders"":1},{""price"":78968.4,""size"":0.15715373,""num_orders"":2},{""price"":78966.48,""size"":0.0009497,""num_orders"":1},{""price"":78966.07,""size"":0.15201095,""num_orders"":1},{""price"":78965.48,""size"":1.899e-05,""num_orders"":1},{""price"":78965.26,""size"":0.1096,""num_orders"":1}]","[{""price"":78971.93,""size"":0.1276,""num_orders"":3},{""price"":78972.21,""size"":0.0025262,""num_orders"":1},{""price"":78973.07,""size"":0.00405206,""num_orders"":1},{""price"":78973.09,""size"":0.15201094,""num_orders"":1},{""price"":78975.06,""size"":0.00405206,""num_orders"":1},{""price"":78977.12,""size"":0.25070999,""num_orders"":1},{""price"":78977.13,""size"":0.15201095,""num_orders"":1},{""price"":78977.69,""size"":0.10180091,""num_orders"":2},{""price"":78977.72,""size"":0.00506508,""num_orders"":1},{""price"":78979.61,""size"":0.00632784,""num_orders"":1}]"
btc_usd_d10_20260824T234721Z,24,2026-08-25T00:11:21.126834Z,2026-08-25T00:11:21.126974Z,BTC-USD,10,ok,,134888896596,2026-08-25T00:11:20.589417267Z,0.72010856,0.95252979,-0.138954861342,79011.240000000005,79011.25,79011.244999999995,0.009999999995,0.00126564263,"[{""price"":79011.24,""size"":3.775e-05,""num_orders"":2},{""price"":79011.23,""size"":3.303e-05,""num_orders"":1},{""price"":79006.48,""size"":1.4e-05,""num_orders"":1},{""price"":79005.02,""size"":0.00252625,""num_orders"":1},{""price"":79003.35,""size"":0.29401376,""num_orders"":3},{""price"":79003.34,""size"":0.15183382,""num_orders"":1},{""price"":79003.32,""size"":0.1096,""num_orders"":1},{""price"":79001.96,""size"":0.15201095,""num_orders"":1},{""price"":79001.72,""size"":1.4e-05,""num_orders"":1},{""price"":79001.5,""size"":0.010025,""num_orders"":1}]","[{""price"":79011.25,""size"":0.06800687,""num_orders"":2},{""price"":79011.37,""size"":0.10125125,""num_orders"":1},{""price"":79013.59,""size"":0.00405004,""num_orders"":1},{""price"":79014.12,""size"":0.15201095,""num_orders"":1},{""price"":79015.0,""size"":0.15183382,""num_orders"":1},{""price"":79016.25,""size"":0.00506255,""num_orders"":1},{""price"":79016.58,""size"":0.00633104,""num_orders"":1},{""price"":79016.59,""size"":0.15201095,""num_orders"":1},{""price"":79019.13,""size"":0.15996137,""num_orders"":1},{""price"":79019.14,""size"":0.15201095,""num_orders"":1}]"
btc_usd_d10_20260824T234721Z,25,2026-08-25T00:12:21.126834Z,2026-08-25T00:12:21.126972Z,BTC-USD,10,ok,,134888958457,2026-08-25T00:12:20.624778655Z,0.30665582,1.15274028,-0.57974970606,78973.160000000003,78974,78973.580000000002,0.839999999997,0.106364685506,"[{""price"":78973.16,""size"":1.4e-05,""num_orders"":1},{""price"":78972.13,""size"":0.025,""num_orders"":1},{""price"":78968.4,""size"":0.06900299,""num_orders"":2},{""price"":78967.68,""size"":0.00094962,""num_orders"":1},{""price"":78965.73,""size"":0.10130977,""num_orders"":1},{""price"":78965.72,""size"":0.00050654,""num_orders"":1},{""price"":78964.74,""size"":0.1096,""num_orders"":1},{""price"":78964.56,""size"":0.00012945,""num_orders"":1},{""price"":78963.84,""size"":0.00012945,""num_orders"":1},{""price"":78963.64,""size"":1.4e-05,""num_orders"":1}]","[{""price"":78974.0,""size"":0.10180565,""num_orders"":2},{""price"":78974.34,""size"":0.15201095,""num_orders"":1},{""price"":78976.12,""size"":0.1096,""num_orders"":1},{""price"":78977.01,""size"":0.11492964,""num_orders"":2},{""price"":78977.21,""size"":0.15183382,""num_orders"":1},{""price"":78977.93,""size"":0.15201095,""num_orders"":1},{""price"":78981.16,""size"":0.06019633,""num_orders"":1},{""price"":78981.7,""size"":0.15201095,""num_orders"":1},{""price"":78984.48,""size"":0.00633104,""num_orders"":1},{""price"":78984.49,""size"":0.15201095,""num_orders"":1}]"
btc_usd_d10_20260824T234721Z,26,2026-08-25T00:13:21.126834Z,2026-08-25T00:13:21.126964Z,BTC-USD,10,ok,,134889033021,2026-08-25T00:13:20.545782216Z,0.56032164,2.32801441,-0.612010770007,78987.440000000002,78987.449999999997,78987.445000000007,0.009999999995,0.001266023986,"[{""price"":78987.44,""size"":1.4e-05,""num_orders"":1},{""price"":78982.68,""size"":1.4e-05,""num_orders"":1},{""price"":78977.92,""size"":1.4e-05,""num_orders"":1},{""price"":78973.42,""size"":0.17189546,""num_orders"":2},{""price"":78973.41,""size"":0.17721133,""num_orders"":1},{""price"":78973.39,""size"":0.1096,""num_orders"":1},{""price"":78973.2,""size"":0.00012945,""num_orders"":1},{""price"":78973.16,""size"":1.347e-05,""num_orders"":1},{""price"":78972.96,""size"":0.10130048,""num_orders"":1},{""price"":78972.48,""size"":0.00012945,""num_orders"":1}]","[{""price"":78987.45,""size"":1.57546758,""num_orders"":11},{""price"":78988.31,""size"":0.00270935,""num_orders"":1},{""price"":78989.18,""size"":0.00633064,""num_orders"":1},{""price"":78989.19,""size"":0.00252625,""num_orders"":1},{""price"":78989.43,""size"":0.00405127,""num_orders"":1},{""price"":78989.81,""size"":0.10881843,""num_orders"":1},{""price"":78989.82,""size"":0.17721133,""num_orders"":1},{""price"":78992.09,""size"":0.00506409,""num_orders"":1},{""price"":78993.57,""size"":0.26862414,""num_orders"":1},{""price"":78993.58,""size"":0.17721133,""num_orders"":1}]"
btc_usd_d10_20260824T234721Z,27,2026-08-25T00:14:21.126834Z,2026-08-25T00:14:21.126972Z,BTC-USD,10,ok,,134889114001,2026-08-25T00:14:19.831893007Z,1.54101777,0.93226568,0.246131146028,78934.020000000004,78934.029999999999,78934.024999999994,0.009999999995,0.00126688079,"[{""price"":78934.02,""size"":0.02511439,""num_orders"":3},{""price"":78930.59,""size"":0.00252625,""num_orders"":1},{""price"":78930.58,""size"":0.1247028,""num_orders"":1},{""price"":78930.57,""size"":0.20254833,""num_orders"":1},{""price"":78929.65,""size"":0.00633409,""num_orders"":1},{""price"":78929.33,""size"":0.10186325,""num_orders"":2},{""price"":78928.1,""size"":0.00633322,""num_orders"":1},{""price"":78928.09,""size"":0.20254833,""num_orders"":1},{""price"":78928.07,""size"":0.86900416,""num_orders"":2},{""price"":78928.06,""size"":4.295e-05,""num_orders"":1}]","[{""price"":78934.03,""size"":0.13188547,""num_orders"":6},{""price"":78936.01,""size"":0.00405401,""num_orders"":1},{""price"":78936.17,""size"":0.00182842,""num_orders"":1},{""price"":78936.32,""size"":0.10185425,""num_orders"":2},{""price"":78938.61,""size"":0.02,""num_orders"":1},{""price"":78938.62,""size"":0.36389437,""num_orders"":1},{""price"":78938.63,""size"":0.15183382,""num_orders"":1},{""price"":78938.65,""size"":0.15183382,""num_orders"":1},{""price"":78938.67,""size"":0.00506752,""num_orders"":1},{""price"":78939.84,""size"":1.4e-05,""num_orders"":1}]"
btc_usd_d10_20260824T234721Z,28,2026-08-25T00:15:21.126834Z,2026-08-25T00:15:21.126966Z,BTC-USD,10,ok,,134889179843,2026-08-25T00:15:20.047405043Z,1.14782108,0.34815016,0.53454966153,78908.649999999994,78908.660000000003,78908.654999999999,0.010000000009,0.001267288108,"[{""price"":78908.65,""size"":0.02498419,""num_orders"":1},{""price"":78907.74,""size"":0.00126229,""num_orders"":1},{""price"":78907.73,""size"":0.07630873,""num_orders"":2},{""price"":78907.55,""size"":0.00436842,""num_orders"":1},{""price"":78907.07,""size"":0.02534628,""num_orders"":2},{""price"":78906.78,""size"":0.10189237,""num_orders"":2},{""price"":78906.52,""size"":1.4e-05,""num_orders"":1},{""price"":78904.28,""size"":0.00633322,""num_orders"":1},{""price"":78904.27,""size"":0.75524207,""num_orders"":2},{""price"":78904.26,""size"":0.15206951,""num_orders"":1}]","[{""price"":78908.66,""size"":0.00405524,""num_orders"":1},{""price"":78908.87,""size"":0.00095046,""num_orders"":1},{""price"":78910.24,""size"":0.02534526,""num_orders"":2},{""price"":78910.64,""size"":0.00405537,""num_orders"":1},{""price"":78911.11,""size"":0.01371352,""num_orders"":1},{""price"":78913.28,""size"":1.21e-05,""num_orders"":1},{""price"":78913.29,""size"":0.02,""num_orders"":1},{""price"":78913.3,""size"":0.00506922,""num_orders"":1},{""price"":78914.06,""size"":0.02,""num_orders"":1},{""price"":78914.07,""size"":0.25494899,""num_orders"":1}]"
btc_usd_d10_20260824T234721Z,29,2026-08-25T00:16:21.126834Z,2026-08-25T00:16:21.126948Z,BTC-USD,10,ok,,134889254956,2026-08-25T00:16:20.543096787Z,0.3537559,0.73605754,-0.350795490281,78813.279999999999,78813.289999999994,78813.285000000003,0.009999999995,0.00126882162,"[{""price"":78813.28,""size"":0.0476,""num_orders"":1},{""price"":78811.33,""size"":0.00252625,""num_orders"":1},{""price"":78811.32,""size"":3.128e-05,""num_orders"":2},{""price"":78809.82,""size"":0.10048584,""num_orders"":2},{""price"":78809.57,""size"":0.025,""num_orders"":1},{""price"":78808.43,""size"":0.10201952,""num_orders"":2},{""price"":78808.23,""size"":1.5e-06,""num_orders"":1},{""price"":78807.04,""size"":0.07607601,""num_orders"":1},{""price"":78806.56,""size"":1.4e-05,""num_orders"":1},{""price"":78804.78,""size"":1.5e-06,""num_orders"":1}]","[{""price"":78813.29,""size"":0.15589407,""num_orders"":2},{""price"":78814.48,""size"":0.07607601,""num_orders"":1},{""price"":78814.96,""size"":0.15183382,""num_orders"":1},{""price"":78815.26,""size"":0.00406025,""num_orders"":1},{""price"":78816.17,""size"":0.00095162,""num_orders"":1},{""price"":78817.28,""size"":0.00022449,""num_orders"":1},{""price"":78817.92,""size"":0.00507531,""num_orders"":1},{""price"":78818.75,""size"":0.15626596,""num_orders"":1},{""price"":78818.76,""size"":0.07607601,""num_orders"":1},{""price"":78819.22,""size"":0.1096,""num_orders"":1}]"
btc_usd_d10_20260824T234721Z,30,2026-08-25T00:17:21.126834Z,2026-08-25T00:17:21.126977Z,BTC-USD,10,ok,,134889319548,2026-08-25T00:17:19.685853134Z,0.11990363,1.00989788,-0.787743902024,78768.889999999999,78768.919999999998,78768.904999999999,0.029999999999,0.003808609501,"[{""price"":78768.89,""size"":1.5e-06,""num_orders"":1},{""price"":78768.86,""size"":0.02883157,""num_orders"":1},{""price"":78768.58,""size"":0.025,""num_orders"":1},{""price"":78768.48,""size"":1.4e-05,""num_orders"":1},{""price"":78767.33,""size"":0.02539124,""num_orders"":2},{""price"":78766.62,""size"":0.04,""num_orders"":1},{""price"":78763.72,""size"":1.4e-05,""num_orders"":1},{""price"":78759.36,""size"":0.00012945,""num_orders"":1},{""price"":78759.24,""size"":0.00050787,""num_orders"":1},{""price"":78758.96,""size"":1.4e-05,""num_orders"":1}]","[{""price"":78768.92,""size"":0.35455095,""num_orders"":8},{""price"":78770.49,""size"":0.07607601,""num_orders"":1},{""price"":78770.5,""size"":0.02539022,""num_orders"":2},{""price"":78771.0,""size"":0.10206802,""num_orders"":2},{""price"":78771.08,""size"":0.00406251,""num_orders"":1},{""price"":78773.23,""size"":0.1698422,""num_orders"":1},{""price"":78773.24,""size"":0.15183382,""num_orders"":1},{""price"":78773.26,""size"":0.07607601,""num_orders"":1},{""price"":78773.29,""size"":0.02495187,""num_orders"":1},{""price"":78773.33,""size"":0.02504627,""num_orders"":1}]"
btc_usd_d10_20260824T234721Z,31,2026-08-25T00:18:21.126834Z,2026-08-25T00:18:21.126998Z,BTC-USD,10,ok,,134889386927,2026-08-25T00:18:19.545925815Z,0.41574233,0.53528077,-0.125694570405,78716.119999999995,78716.130000000005,78716.125,0.010000000009,0.001270387739,"[{""price"":78716.12,""size"":4.626e-05,""num_orders"":2},{""price"":78712.58,""size"":0.0476,""num_orders"":1},{""price"":78711.84,""size"":0.0609804,""num_orders"":1},{""price"":78711.83,""size"":0.10214473,""num_orders"":2},{""price"":78711.58,""size"":0.05844232,""num_orders"":2},{""price"":78711.36,""size"":1.4e-05,""num_orders"":1},{""price"":78710.68,""size"":0.025,""num_orders"":1},{""price"":78708.28,""size"":0.07607601,""num_orders"":1},{""price"":78708.08,""size"":1.5e-06,""num_orders"":1},{""price"":78706.97,""size"":0.04543711,""num_orders"":1}]","[{""price"":78716.13,""size"":0.11587626,""num_orders"":2},{""price"":78718.1,""size"":0.00406524,""num_orders"":1},{""price"":78719.4,""size"":0.06097454,""num_orders"":1},{""price"":78719.41,""size"":0.10162678,""num_orders"":1},{""price"":78719.42,""size"":0.00050813,""num_orders"":1},{""price"":78720.76,""size"":0.00508155,""num_orders"":1},{""price"":78720.87,""size"":0.09144605,""num_orders"":1},{""price"":78720.89,""size"":0.15183382,""num_orders"":1},{""price"":78721.0,""size"":0.00134215,""num_orders"":1},{""price"":78724.9,""size"":0.00252625,""num_orders"":1}]"
btc_usd_d10_20260824T234721Z,32,2026-08-25T00:19:21.126834Z,2026-08-25T00:19:21.127008Z,BTC-USD,10,ok,,134889452630,2026-08-25T00:19:19.047009233Z,1.4221158,0.40684415,0.555108738166,78744.669999999998,78744.679999999993,78744.674999999988,0.009999999995,0.00126992714,"[{""price"":78744.67,""size"":0.75613566,""num_orders"":8},{""price"":78744.66,""size"":0.03,""num_orders"":1},{""price"":78744.64,""size"":0.03,""num_orders"":1},{""price"":78744.62,""size"":0.01922105,""num_orders"":1},{""price"":78744.58,""size"":0.07607601,""num_orders"":1},{""price"":78744.51,""size"":0.33604686,""num_orders"":1},{""price"":78744.5,""size"":0.04346941,""num_orders"":1},{""price"":78744.32,""size"":0.025,""num_orders"":1},{""price"":78743.96,""size"":0.10210305,""num_orders"":2},{""price"":78742.7,""size"":0.00406376,""num_orders"":1}]","[{""price"":78744.68,""size"":0.00035751,""num_orders"":1},{""price"":78746.16,""size"":1.5e-06,""num_orders"":1},{""price"":78749.44,""size"":1.4e-05,""num_orders"":1},{""price"":78750.25,""size"":1.5e-06,""num_orders"":1},{""price"":78752.3,""size"":0.15183382,""num_orders"":1},{""price"":78752.31,""size"":0.07607601,""num_orders"":1},{""price"":78752.32,""size"":0.10209223,""num_orders"":2},{""price"":78754.2,""size"":1.4e-05,""num_orders"":1},{""price"":78755.38,""size"":0.07645208,""num_orders"":1},{""price"":78755.67,""size"":1.5e-06,""num_orders"":1}]"
btc_usd_d10_20260824T234721Z,33,2026-08-25T00:20:21.126834Z,2026-08-25T00:20:21.126995Z,BTC-USD,10,ok,,134889513364,2026-08-25T00:20:19.024563533Z,0.25362948,0.740601,-0.489797415987,78762.490000000005,78762.5,78762.494999999995,0.009999999995,0.00126963982,"[{""price"":78762.49,""size"":0.10102875,""num_orders"":3},{""price"":78762.48,""size"":0.03,""num_orders"":1},{""price"":78762.46,""size"":0.03,""num_orders"":1},{""price"":78760.91,""size"":0.0253933,""num_orders"":2},{""price"":78760.52,""size"":0.00406284,""num_orders"":1},{""price"":78758.94,""size"":0.0317797,""num_orders"":2},{""price"":78757.86,""size"":0.00507855,""num_orders"":1},{""price"":78755.61,""size"":0.025,""num_orders"":1},{""price"":78754.98,""size"":1.349e-05,""num_orders"":1},{""price"":78753.33,""size"":0.00127285,""num_orders"":1}]","[{""price"":78762.5,""size"":0.39782911,""num_orders"":7},{""price"":78762.51,""size"":0.10204054,""num_orders"":2},{""price"":78762.88,""size"":0.00095222,""num_orders"":1},{""price"":78763.72,""size"":1.4e-05,""num_orders"":1},{""price"":78763.73,""size"":0.00023149,""num_orders"":1},{""price"":78764.08,""size"":0.02539228,""num_orders"":2},{""price"":78765.15,""size"":1.5e-06,""num_orders"":1},{""price"":78765.54,""size"":0.0012534,""num_orders"":1},{""price"":78765.55,""size"":0.13681045,""num_orders"":1},{""price"":78765.56,""size"":0.07607601,""num_orders"":1}]"
btc_usd_d10_20260824T234721Z,34,2026-08-25T00:21:21.126834Z,2026-08-25T00:21:21.126978Z,BTC-USD,10,ok,,134889560197,2026-08-25T00:21:19.602784695Z,0.51008927,0.81811649,-0.231912275399,78759.839999999997,78759.850000000006,78759.845000000001,0.010000000009,0.001269682541,"[{""price"":78759.84,""size"":0.07677222,""num_orders"":3},{""price"":78759.82,""size"":0.03,""num_orders"":1},{""price"":78757.87,""size"":0.00406298,""num_orders"":1},{""price"":78757.4,""size"":0.00126297,""num_orders"":1},{""price"":78757.39,""size"":0.07890213,""num_orders"":1},{""price"":78757.38,""size"":0.10208565,""num_orders"":2},{""price"":78756.07,""size"":0.025,""num_orders"":1},{""price"":78755.21,""size"":0.00507873,""num_orders"":1},{""price"":78753.18,""size"":0.11084858,""num_orders"":1},{""price"":78753.17,""size"":0.07607601,""num_orders"":1}]","[{""price"":78759.85,""size"":0.0800967,""num_orders"":3},{""price"":78762.12,""size"":0.03517268,""num_orders"":4},{""price"":78763.44,""size"":0.15183382,""num_orders"":1},{""price"":78763.72,""size"":1.4e-05,""num_orders"":1},{""price"":78765.05,""size"":0.04572055,""num_orders"":1},{""price"":78765.06,""size"":0.07607601,""num_orders"":1},{""price"":78765.85,""size"":0.10207469,""num_orders"":2},{""price"":78767.5,""size"":0.07607601,""num_orders"":1},{""price"":78767.51,""size"":0.25103803,""num_orders"":2},{""price"":78768.48,""size"":1.4e-05,""num_orders"":1}]"
btc_usd_d10_20260824T234721Z,35,2026-08-25T00:22:21.126834Z,2026-08-25T00:22:21.127017Z,BTC-USD,10,ok,,134889611564,2026-08-25T00:22:20.039398901Z,2.0586533,0.44444901,0.64488146711,78803.75,78804.339999999997,78804.044999999998,0.589999999997,0.074869253221,"[{""price"":78803.75,""size"":0.00105755,""num_orders"":1},{""price"":78803.74,""size"":0.02883157,""num_orders"":1},{""price"":78803.27,""size"":0.70381329,""num_orders"":1},{""price"":78803.25,""size"":4.91e-05,""num_orders"":1},{""price"":78802.63,""size"":0.025,""num_orders"":1},{""price"":78802.5,""size"":1.0,""num_orders"":1},{""price"":78800.85,""size"":0.10202934,""num_orders"":2},{""price"":78800.01,""size"":0.07607601,""num_orders"":1},{""price"":78800.0,""size"":0.04572043,""num_orders"":1},{""price"":78797.12,""size"":0.07607601,""num_orders"":1}]","[{""price"":78804.34,""size"":0.02999946,""num_orders"":1},{""price"":78804.36,""size"":0.03,""num_orders"":1},{""price"":78804.77,""size"":0.00211877,""num_orders"":1},{""price"":78806.55,""size"":0.00011576,""num_orders"":1},{""price"":78806.56,""size"":1.4e-05,""num_orders"":1},{""price"":78807.28,""size"":0.15183382,""num_orders"":1},{""price"":78807.29,""size"":0.10202102,""num_orders"":2},{""price"":78809.64,""size"":0.05225617,""num_orders"":1},{""price"":78811.19,""size"":0.07607601,""num_orders"":1},{""price"":78811.32,""size"":1.4e-05,""num_orders"":1}]"
btc_usd_d10_20260824T234721Z,36,2026-08-25T00:23:21.126834Z,2026-08-25T00:23:21.126994Z,BTC-USD,10,ok,,134889668125,2026-08-25T00:23:20.689291212Z,1.83640556,0.72996669,0.431129533138,78842.119999999995,78842.130000000005,78842.125,0.010000000009,0.001268357494,"[{""price"":78842.12,""size"":0.06899976,""num_orders"":2},{""price"":78842.1,""size"":0.03,""num_orders"":1},{""price"":78840.54,""size"":0.02536766,""num_orders"":2},{""price"":78839.17,""size"":0.00126311,""num_orders"":1},{""price"":78839.16,""size"":0.60887821,""num_orders"":2},{""price"":78837.54,""size"":0.02502844,""num_orders"":2},{""price"":78837.01,""size"":0.07607601,""num_orders"":1},{""price"":78837.0,""size"":1.0,""num_orders"":1},{""price"":78835.12,""size"":1.4e-05,""num_orders"":1},{""price"":78835.11,""size"":0.00077837,""num_orders"":1}]","[{""price"":78842.13,""size"":0.10968773,""num_orders"":4},{""price"":78842.41,""size"":0.28863577,""num_orders"":1},{""price"":78842.42,""size"":0.10197556,""num_orders"":2},{""price"":78842.5,""size"":0.07607601,""num_orders"":1},{""price"":78843.67,""size"":0.0417536,""num_orders"":1},{""price"":78843.71,""size"":0.02536664,""num_orders"":2},{""price"":78844.1,""size"":0.00405874,""num_orders"":1},{""price"":78844.99,""size"":0.07607601,""num_orders"":1},{""price"":78845.77,""size"":0.00507349,""num_orders"":1},{""price"":78847.01,""size"":0.00126314,""num_orders"":1}]"
btc_usd_d10_20260824T234721Z,37,2026-08-25T00:24:21.126834Z,2026-08-25T00:24:21.126983Z,BTC-USD,10,ok,,134889723477,2026-08-25T00:24:20.532349899Z,0.32920803,1.03126402,-0.51603852501,78841.839999999997,78841.850000000006,78841.845000000001,0.010000000009,0.001268361999,"[{""price"":78841.84,""size"":0.00619384,""num_orders"":2},{""price"":78839.87,""size"":0.00405875,""num_orders"":1},{""price"":78838.88,""size"":0.03,""num_orders"":1},{""price"":78838.86,""size"":0.03,""num_orders"":1},{""price"":78837.21,""size"":0.00507344,""num_orders"":1},{""price"":78837.02,""size"":0.025,""num_orders"":1},{""price"":78835.14,""size"":0.00126432,""num_orders"":1},{""price"":78835.13,""size"":0.07607601,""num_orders"":1},{""price"":78835.12,""size"":1.183e-05,""num_orders"":1},{""price"":78835.11,""size"":0.15152984,""num_orders"":1}]","[{""price"":78841.85,""size"":0.66382422,""num_orders"":11},{""price"":78843.76,""size"":0.00349641,""num_orders"":1},{""price"":78843.96,""size"":0.00126193,""num_orders"":1},{""price"":78843.97,""size"":0.10727448,""num_orders"":1},{""price"":78844.53,""size"":0.09907251,""num_orders"":1},{""price"":78844.86,""size"":0.06995356,""num_orders"":1},{""price"":78845.04,""size"":0.00012945,""num_orders"":1},{""price"":78845.76,""size"":0.00012945,""num_orders"":1},{""price"":78845.88,""size"":0.010046,""num_orders"":1},{""price"":78846.01,""size"":0.07607601,""num_orders"":1}]"
btc_usd_d10_20260824T234721Z,38,2026-08-25T00:25:21.126834Z,2026-08-25T00:25:21.126977Z,BTC-USD,10,ok,,134889788983,2026-08-25T00:25:20.045232100Z,0.30415306,1.64214406,-0.687454647212,78833.130000000005,78833.139999999999,78833.135000000009,0.009999999995,0.001268502134,"[{""price"":78833.13,""size"":0.00806837,""num_orders"":4},{""price"":78831.56,""size"":0.00405914,""num_orders"":1},{""price"":78828.9,""size"":0.00507393,""num_orders"":1},{""price"":78828.23,""size"":0.025,""num_orders"":1},{""price"":78827.21,""size"":0.1096,""num_orders"":1},{""price"":78827.04,""size"":0.00012945,""num_orders"":1},{""price"":78826.32,""size"":0.00012945,""num_orders"":1},{""price"":78825.6,""size"":0.00012945,""num_orders"":1},{""price"":78824.88,""size"":0.00012945,""num_orders"":1},{""price"":78824.55,""size"":0.15183382,""num_orders"":1}]","[{""price"":78833.14,""size"":1.15196608,""num_orders"":9},{""price"":78833.53,""size"":0.09227585,""num_orders"":1},{""price"":78833.54,""size"":0.15222563,""num_orders"":1},{""price"":78835.11,""size"":0.00026369,""num_orders"":2},{""price"":78835.12,""size"":1.387e-05,""num_orders"":1},{""price"":78837.04,""size"":0.00010244,""num_orders"":1},{""price"":78838.45,""size"":0.00206272,""num_orders"":1},{""price"":78838.46,""size"":0.0908787,""num_orders"":1},{""price"":78838.47,""size"":0.15222563,""num_orders"":1},{""price"":78839.28,""size"":0.00012945,""num_orders"":1}]"
btc_usd_d10_20260824T234721Z,39,2026-08-25T00:26:21.126834Z,2026-08-25T00:26:21.126996Z,BTC-USD,10,ok,,134889862173,2026-08-25T00:26:20.547753922Z,0.90293371,1.73708221,-0.315963435554,78870.559999999998,78870.570000000007,78870.565000000002,0.010000000009,0.001267900136,"[{""price"":78870.56,""size"":0.02626312,""num_orders"":2},{""price"":78868.7,""size"":0.09067881,""num_orders"":1},{""price"":78868.69,""size"":0.15183382,""num_orders"":1},{""price"":78868.53,""size"":4.298e-05,""num_orders"":1},{""price"":78868.44,""size"":1.4e-05,""num_orders"":1},{""price"":78866.5,""size"":0.10143723,""num_orders"":1},{""price"":78865.92,""size"":0.0050716,""num_orders"":1},{""price"":78863.93,""size"":0.2235187,""num_orders"":2},{""price"":78863.68,""size"":0.15223963,""num_orders"":2},{""price"":78863.67,""size"":0.15183382,""num_orders"":1}]","[{""price"":78870.57,""size"":0.12759999,""num_orders"":3},{""price"":78875.18,""size"":0.2056374,""num_orders"":1},{""price"":78875.19,""size"":0.15222563,""num_orders"":1},{""price"":78875.38,""size"":0.10142582,""num_orders"":1},{""price"":78877.56,""size"":0.15222563,""num_orders"":1},{""price"":78879.83,""size"":0.1096,""num_orders"":1},{""price"":78880.03,""size"":0.15183382,""num_orders"":1},{""price"":78880.04,""size"":0.32096853,""num_orders"":1},{""price"":78880.05,""size"":0.15222563,""num_orders"":1},{""price"":78881.92,""size"":0.26333976,""num_orders"":1}]"
btc_usd_d10_20260824T234721Z,40,2026-08-25T00:27:21.126834Z,2026-08-25T00:27:21.126950Z,BTC-USD,10,ok,,134889938463,2026-08-25T00:27:20.604498588Z,0.60587864,0.73657103,-0.097353660938,78782.759999999995,78783.380000000005,78783.070000000007,0.62000000001,0.078697110941,"[{""price"":78782.76,""size"":1.388e-05,""num_orders"":1},{""price"":78780.38,""size"":0.03,""num_orders"":1},{""price"":78780.36,""size"":0.03,""num_orders"":1},{""price"":78779.82,""size"":0.24148938,""num_orders"":1},{""price"":78778.12,""size"":4.303e-05,""num_orders"":1},{""price"":78778.08,""size"":0.00012945,""num_orders"":1},{""price"":78778.0,""size"":1.4e-05,""num_orders"":1},{""price"":78777.61,""size"":0.15222563,""num_orders"":1},{""price"":78777.36,""size"":0.00012945,""num_orders"":1},{""price"":78776.88,""size"":0.15183382,""num_orders"":1}]","[{""price"":78783.38,""size"":0.10205197,""num_orders"":2},{""price"":78783.39,""size"":0.04126324,""num_orders"":2},{""price"":78783.4,""size"":0.00406178,""num_orders"":1},{""price"":78785.4,""size"":0.00406178,""num_orders"":1},{""price"":78786.61,""size"":0.15222563,""num_orders"":1},{""price"":78787.75,""size"":0.15183382,""num_orders"":1},{""price"":78787.98,""size"":0.12,""num_orders"":2},{""price"":78788.06,""size"":0.00507723,""num_orders"":1},{""price"":78789.4,""size"":0.15222563,""num_orders"":1},{""price"":78790.89,""size"":0.00376995,""num_orders"":1}]"
btc_usd_d10_20260824T234721Z,41,2026-08-25T00:28:21.126834Z,2026-08-25T00:28:21.126992Z,BTC-USD,10,ok,,134889997498,2026-08-25T00:28:19.533491237Z,1.9947521,4.42021392,-0.378094258401,78744.690000000002,78749.440000000002,78747.065000000002,4.75,0.603197084234,"[{""price"":78744.69,""size"":0.15183382,""num_orders"":1},{""price"":78742.51,""size"":0.14095811,""num_orders"":1},{""price"":78742.5,""size"":1.0,""num_orders"":1},{""price"":78742.41,""size"":0.10210507,""num_orders"":2},{""price"":78741.13,""size"":0.18025102,""num_orders"":2},{""price"":78740.12,""size"":0.10635271,""num_orders"":1},{""price"":78740.11,""size"":0.00090562,""num_orders"":1},{""price"":78739.92,""size"":1.4e-05,""num_orders"":1},{""price"":78739.13,""size"":0.15222563,""num_orders"":1},{""price"":78736.82,""size"":0.16010612,""num_orders"":1}]","[{""price"":78749.44,""size"":0.19597583,""num_orders"":5},{""price"":78749.45,""size"":3.92,""num_orders"":3},{""price"":78750.47,""size"":0.00456312,""num_orders"":1},{""price"":78751.01,""size"":0.10158599,""num_orders"":1},{""price"":78751.02,""size"":0.00050792,""num_orders"":1},{""price"":78751.42,""size"":0.00406352,""num_orders"":1},{""price"":78753.42,""size"":0.02,""num_orders"":1},{""price"":78753.88,""size"":0.15222563,""num_orders"":1},{""price"":78754.08,""size"":0.0050794,""num_orders"":1},{""price"":78754.43,""size"":0.01621251,""num_orders"":1}]"
btc_usd_d10_20260824T234721Z,42,2026-08-25T00:29:21.126834Z,2026-08-25T00:29:21.126946Z,BTC-USD,10,ok,,134890048917,2026-08-25T00:29:19.545484543Z,1.44492253,1.02887293,0.168182700117,78782.759999999995,78782.770000000004,78782.764999999999,0.010000000009,0.001269313156,"[{""price"":78782.76,""size"":3.786e-05,""num_orders"":2},{""price"":78778.0,""size"":1.4e-05,""num_orders"":1},{""price"":78776.44,""size"":0.025,""num_orders"":1},{""price"":78775.88,""size"":0.02538848,""num_orders"":2},{""price"":78774.0,""size"":1.0,""num_orders"":1},{""price"":78773.24,""size"":1.4e-05,""num_orders"":1},{""price"":78772.27,""size"":0.14016219,""num_orders"":2},{""price"":78772.26,""size"":0.10206637,""num_orders"":2},{""price"":78770.59,""size"":0.15222563,""num_orders"":1},{""price"":78768.48,""size"":1.4e-05,""num_orders"":1}]","[{""price"":78782.77,""size"":0.37123266,""num_orders"":9},{""price"":78783.6,""size"":0.21136665,""num_orders"":1},{""price"":78783.61,""size"":0.10154396,""num_orders"":1},{""price"":78783.62,""size"":0.00050771,""num_orders"":1},{""price"":78783.89,""size"":0.00563769,""num_orders"":1},{""price"":78784.35,""size"":0.02538576,""num_orders"":2},{""price"":78784.72,""size"":0.15222563,""num_orders"":1},{""price"":78784.74,""size"":0.0040618,""num_orders"":1},{""price"":78785.01,""size"":0.15183382,""num_orders"":1},{""price"":78787.4,""size"":0.00507725,""num_orders"":1}]"
btc_usd_d10_20260824T234721Z,43,2026-08-25T00:30:21.126834Z,2026-08-25T00:30:21.126980Z,BTC-USD,10,ok,,134890095184,2026-08-25T00:30:18.841540478Z,0.63146961,0.47168141,0.144847076332,78771.610000000001,78771.619999999995,78771.614999999991,0.009999999995,0.001269492824,"[{""price"":78771.61,""size"":0.04708888,""num_orders"":4},{""price"":78770.04,""size"":0.01758326,""num_orders"":1},{""price"":78770.03,""size"":0.02539036,""num_orders"":2},{""price"":78769.69,""size"":0.00406233,""num_orders"":1},{""price"":78768.38,""size"":0.21769225,""num_orders"":1},{""price"":78768.37,""size"":0.15222563,""num_orders"":1},{""price"":78768.0,""size"":0.010051,""num_orders"":1},{""price"":78767.03,""size"":0.00507791,""num_orders"":1},{""price"":78765.59,""size"":0.15222563,""num_orders"":1},{""price"":78764.95,""size"":7.236e-05,""num_orders"":1}]","[{""price"":78771.62,""size"":0.1100229,""num_orders"":2},{""price"":78773.2,""size"":0.02538934,""num_orders"":2},{""price"":78773.24,""size"":0.00034213,""num_orders"":2},{""price"":78774.64,""size"":0.00117527,""num_orders"":1},{""price"":78776.07,""size"":0.00252614,""num_orders"":1},{""price"":78776.08,""size"":0.02,""num_orders"":1},{""price"":78776.09,""size"":0.15222563,""num_orders"":1},{""price"":78776.11,""size"":0.06,""num_orders"":2},{""price"":78776.27,""size"":0.08,""num_orders"":1},{""price"":78777.99,""size"":0.02,""num_orders"":1}]"
btc_usd_d10_20260824T234721Z,44,2026-08-25T00:31:21.126834Z,2026-08-25T00:31:21.126986Z,BTC-USD,10,ok,,134890151637,2026-08-25T00:31:19.546918441Z,1.52331498,0.5128555,0.496254851902,78804.330000000002,78805.330000000002,78804.830000000002,1,0.126895775297,"[{""price"":78804.33,""size"":2.491e-05,""num_orders"":1},{""price"":78800.95,""size"":0.0476,""num_orders"":1},{""price"":78799.95,""size"":0.00050761,""num_orders"":1},{""price"":78799.89,""size"":0.14585374,""num_orders"":1},{""price"":78798.83,""size"":0.15183382,""num_orders"":1},{""price"":78798.82,""size"":0.0779179,""num_orders"":1},{""price"":78797.4,""size"":0.15222563,""num_orders"":1},{""price"":78795.82,""size"":0.7645468,""num_orders"":2},{""price"":78795.78,""size"":0.03057894,""num_orders"":1},{""price"":78795.01,""size"":0.15222563,""num_orders"":1}]","[{""price"":78805.33,""size"":0.15972623,""num_orders"":3},{""price"":78806.48,""size"":0.00050757,""num_orders"":1},{""price"":78808.35,""size"":0.00011574,""num_orders"":1},{""price"":78809.73,""size"":0.04179386,""num_orders"":1},{""price"":78810.59,""size"":0.02,""num_orders"":1},{""price"":78810.7,""size"":0.00095179,""num_orders"":1},{""price"":78810.79,""size"":0.09119006,""num_orders"":1},{""price"":78810.8,""size"":0.15222563,""num_orders"":1},{""price"":78811.18,""size"":0.00634462,""num_orders"":1},{""price"":78811.19,""size"":0.04,""num_orders"":1}]"
btc_usd_d10_20260824T234721Z,45,2026-08-25T00:32:21.126834Z,2026-08-25T00:32:21.127027Z,BTC-USD,10,ok,,134890215325,2026-08-25T00:32:19.034372015Z,1.81801584,0.36806661,0.663263743781,78754.179999999993,78754.190000000002,78754.184999999998,0.010000000009,0.001269773792,"[{""price"":78754.18,""size"":0.10214406,""num_orders"":3},{""price"":78753.8,""size"":0.0009727,""num_orders"":1},{""price"":78752.21,""size"":0.00406327,""num_orders"":1},{""price"":78751.81,""size"":0.10209288,""num_orders"":2},{""price"":78751.51,""size"":0.15222563,""num_orders"":1},{""price"":78751.5,""size"":1.0,""num_orders"":1},{""price"":78749.85,""size"":0.000102,""num_orders"":1},{""price"":78749.55,""size"":0.00507909,""num_orders"":1},{""price"":78748.25,""size"":0.29911058,""num_orders"":1},{""price"":78748.24,""size"":0.15222563,""num_orders"":1}]","[{""price"":78754.19,""size"":0.00020572,""num_orders"":1},{""price"":78754.2,""size"":1.4e-05,""num_orders"":1},{""price"":78755.68,""size"":0.02,""num_orders"":1},{""price"":78755.73,""size"":0.00144256,""num_orders"":1},{""price"":78758.44,""size"":0.00233767,""num_orders"":1},{""price"":78758.45,""size"":0.15788373,""num_orders"":2},{""price"":78758.46,""size"":0.15222563,""num_orders"":1},{""price"":78758.49,""size"":0.01697165,""num_orders"":1},{""price"":78758.96,""size"":1.4e-05,""num_orders"":1},{""price"":78759.68,""size"":0.01697165,""num_orders"":1}]"
btc_usd_d10_20260824T234721Z,46,2026-08-25T00:33:21.126834Z,2026-08-25T00:33:21.126984Z,BTC-USD,10,ok,,134890275289,2026-08-25T00:33:19.061982706Z,1.93942943,0.50561494,0.586416552433,78749.429999999993,78749.440000000002,78749.434999999998,0.010000000009,0.001269850382,"[{""price"":78749.43,""size"":0.5838324,""num_orders"":7},{""price"":78749.42,""size"":0.03185109,""num_orders"":2},{""price"":78747.85,""size"":0.02539752,""num_orders"":2},{""price"":78747.46,""size"":0.00406352,""num_orders"":1},{""price"":78747.01,""size"":0.15222563,""num_orders"":1},{""price"":78747.0,""size"":1.0,""num_orders"":1},{""price"":78745.86,""size"":0.04118243,""num_orders"":1},{""price"":78744.8,""size"":0.0050794,""num_orders"":1},{""price"":78744.67,""size"":0.08944752,""num_orders"":1},{""price"":78744.5,""size"":0.00634992,""num_orders"":1}]","[{""price"":78749.44,""size"":1.398e-05,""num_orders"":1},{""price"":78754.2,""size"":1.4e-05,""num_orders"":1},{""price"":78758.96,""size"":1.4e-05,""num_orders"":1},{""price"":78759.67,""size"":0.14,""num_orders"":3},{""price"":78760.35,""size"":0.02539348,""num_orders"":2},{""price"":78762.25,""size"":0.01479962,""num_orders"":1},{""price"":78763.44,""size"":0.01479962,""num_orders"":1},{""price"":78763.72,""size"":1.4e-05,""num_orders"":1},{""price"":78765.07,""size"":0.15834061,""num_orders"":1},{""price"":78765.08,""size"":0.15222563,""num_orders"":1}]"
btc_usd_d10_20260824T234721Z,47,2026-08-25T00:34:21.126834Z,2026-08-25T00:34:21.127019Z,BTC-USD,10,ok,,134890328072,2026-08-25T00:34:19.343113525Z,1.05598538,1.74770073,-0.246716402215,78792.279999999999,78792.289999999994,78792.285000000003,0.009999999995,0.001269159791,"[{""price"":78792.28,""size"":5.631e-05,""num_orders"":2},{""price"":78787.52,""size"":1.4e-05,""num_orders"":1},{""price"":78782.76,""size"":1.4e-05,""num_orders"":1},{""price"":78781.11,""size"":0.09118182,""num_orders"":1},{""price"":78781.1,""size"":0.15222563,""num_orders"":1},{""price"":78780.0,""size"":0.025,""num_orders"":1},{""price"":78779.98,""size"":0.68542234,""num_orders"":2},{""price"":78779.29,""size"":0.00050774,""num_orders"":1},{""price"":78779.27,""size"":0.10154954,""num_orders"":1},{""price"":78778.0,""size"":1.4e-05,""num_orders"":1}]","[{""price"":78792.29,""size"":0.31117081,""num_orders"":6},{""price"":78792.9,""size"":0.00126312,""num_orders"":1},{""price"":78792.91,""size"":0.42622747,""num_orders"":2},{""price"":78792.92,""size"":0.15222563,""num_orders"":1},{""price"":78792.94,""size"":0.10203959,""num_orders"":2},{""price"":78793.52,""size"":0.15183382,""num_orders"":1},{""price"":78794.26,""size"":0.00406131,""num_orders"":1},{""price"":78794.67,""size"":0.04272521,""num_orders"":1},{""price"":78795.31,""size"":0.31896383,""num_orders"":1},{""price"":78796.49,""size"":0.23718994,""num_orders"":1}]"
btc_usd_d10_20260824T234721Z,48,2026-08-25T00:35:21.126834Z,2026-08-25T00:35:21.126928Z,BTC-USD,10,ok,,134890391989,2026-08-25T00:35:19.317714539Z,2.00290926,0.59227128,0.543560634128,78813.809999999998,78813.820000000007,78813.815000000002,0.010000000009,0.001268813089,"[{""price"":78813.81,""size"":0.02792775,""num_orders"":5},{""price"":78811.59,""size"":0.00252506,""num_orders"":1},{""price"":78811.58,""size"":0.10201544,""num_orders"":2},{""price"":78810.01,""size"":0.597,""num_orders"":1},{""price"":78810.0,""size"":1.0,""num_orders"":1},{""price"":78806.57,""size"":0.1536802,""num_orders"":2},{""price"":78806.56,""size"":1.4e-05,""num_orders"":1},{""price"":78805.92,""size"":0.1096,""num_orders"":1},{""price"":78805.64,""size"":0.01005,""num_orders"":1},{""price"":78805.3,""size"":9.681e-05,""num_orders"":1}]","[{""price"":78813.82,""size"":0.00452518,""num_orders"":1},{""price"":78815.79,""size"":0.0040602,""num_orders"":1},{""price"":78817.96,""size"":0.15222563,""num_orders"":1},{""price"":78818.44,""size"":0.00030563,""num_orders"":2},{""price"":78818.45,""size"":0.00507525,""num_orders"":1},{""price"":78818.93,""size"":0.15183382,""num_orders"":1},{""price"":78818.94,""size"":0.10200594,""num_orders"":2},{""price"":78820.37,""size"":0.15222563,""num_orders"":1},{""price"":78820.84,""size"":1.4e-05,""num_orders"":1},{""price"":78823.18,""size"":0.02,""num_orders"":1}]"
btc_usd_d10_20260824T234721Z,49,2026-08-25T00:36:21.126834Z,2026-08-25T00:36:21.127011Z,BTC-USD,10,ok,,134890446950,2026-08-25T00:36:19.036070720Z,2.17579369,0.98954697,0.37476115446,78854.160000000003,78854.169999999998,78854.165000000008,0.009999999995,0.001268163831,"[{""price"":78854.16,""size"":0.04001356,""num_orders"":2},{""price"":78852.58,""size"":0.02536378,""num_orders"":2},{""price"":78850.14,""size"":0.025,""num_orders"":1},{""price"":78849.4,""size"":0.01736996,""num_orders"":2},{""price"":78847.29,""size"":0.0908787,""num_orders"":1},{""price"":78847.28,""size"":0.15222563,""num_orders"":1},{""price"":78847.27,""size"":0.72295813,""num_orders"":2},{""price"":78846.76,""size"":0.10196993,""num_orders"":2},{""price"":78846.0,""size"":1.0,""num_orders"":1},{""price"":78844.64,""size"":1.4e-05,""num_orders"":1}]","[{""price"":78854.17,""size"":0.2474643,""num_orders"":4},{""price"":78854.65,""size"":0.00050726,""num_orders"":1},{""price"":78854.66,""size"":0.00126327,""num_orders"":1},{""price"":78855.75,""size"":0.02536276,""num_orders"":2},{""price"":78856.14,""size"":0.00405812,""num_orders"":1},{""price"":78856.28,""size"":0.15222563,""num_orders"":1},{""price"":78856.29,""size"":0.15183382,""num_orders"":1},{""price"":78857.25,""size"":0.0052817,""num_orders"":1},{""price"":78859.51,""size"":0.24425185,""num_orders"":1},{""price"":78859.52,""size"":0.15729826,""num_orders"":2}]"
btc_usd_d10_20260824T234721Z,50,2026-08-25T00:37:21.126834Z,2026-08-25T00:37:21.127005Z,BTC-USD,10,ok,,134890512905,2026-08-25T00:37:19.545211539Z,0.56901901,0.34967873,0.238751300292,78846.149999999994,78846.160000000003,78846.154999999999,0.010000000009,0.001268292666,"[{""price"":78846.15,""size"":0.04747986,""num_orders"":4},{""price"":78846.13,""size"":4.294e-05,""num_orders"":1},{""price"":78846.01,""size"":0.03249166,""num_orders"":1},{""price"":78846.0,""size"":0.025,""num_orders"":1},{""price"":78844.57,""size"":0.02536636,""num_orders"":2},{""price"":78844.16,""size"":0.00405853,""num_orders"":1},{""price"":78842.94,""size"":0.00126313,""num_orders"":1},{""price"":78842.77,""size"":0.17911578,""num_orders"":1},{""price"":78842.76,""size"":0.15222563,""num_orders"":1},{""price"":78842.74,""size"":0.10197512,""num_orders"":2}]","[{""price"":78846.16,""size"":0.00037203,""num_orders"":2},{""price"":78846.77,""size"":0.00126312,""num_orders"":1},{""price"":78847.74,""size"":0.02536534,""num_orders"":2},{""price"":78849.4,""size"":1.4e-05,""num_orders"":1},{""price"":78849.55,""size"":0.10196633,""num_orders"":2},{""price"":78849.73,""size"":0.00251115,""num_orders"":1},{""price"":78850.21,""size"":0.15183382,""num_orders"":1},{""price"":78851.35,""size"":0.06,""num_orders"":2},{""price"":78854.16,""size"":1.4e-05,""num_orders"":1},{""price"":78855.59,""size"":0.00633894,""num_orders"":1}]"
btc_usd_d10_20260824T234721Z,51,2026-08-25T00:38:21.126834Z,2026-08-25T00:38:21.126982Z,BTC-USD,10,ok,,134890566419,2026-08-25T00:38:19.629264925Z,1.67128128,0.62580226,0.455133216444,78915.770000000004,78915.779999999999,78915.774999999994,0.009999999995,0.001267173768,"[{""price"":78915.77,""size"":0.36567468,""num_orders"":5},{""price"":78915.76,""size"":0.00101434,""num_orders"":1},{""price"":78914.83,""size"":0.70975825,""num_orders"":2},{""price"":78914.64,""size"":0.10188222,""num_orders"":2},{""price"":78913.79,""size"":0.00405495,""num_orders"":1},{""price"":78912.73,""size"":0.1096,""num_orders"":1},{""price"":78912.04,""size"":0.15222563,""num_orders"":1},{""price"":78911.13,""size"":0.00506869,""num_orders"":1},{""price"":78910.3,""size"":0.04024512,""num_orders"":1},{""price"":78909.63,""size"":0.1817574,""num_orders"":1}]","[{""price"":78915.78,""size"":1.3e-06,""num_orders"":1},{""price"":78916.04,""size"":1.4e-05,""num_orders"":1},{""price"":78920.11,""size"":0.0476,""num_orders"":1},{""price"":78920.8,""size"":1.4e-05,""num_orders"":1},{""price"":78921.1,""size"":0.15222563,""num_orders"":1},{""price"":78921.11,""size"":0.10187388,""num_orders"":2},{""price"":78922.17,""size"":0.15183382,""num_orders"":1},{""price"":78923.48,""size"":0.15222563,""num_orders"":1},{""price"":78923.73,""size"":0.02,""num_orders"":1},{""price"":78925.56,""size"":1.4e-05,""num_orders"":1}]"
btc_usd_d10_20260824T234721Z,52,2026-08-25T00:39:21.126834Z,2026-08-25T00:39:21.127022Z,BTC-USD,10,ok,,134890650117,2026-08-25T00:39:19.540694599Z,3.51321259,0.36771198,0.810502897767,78920.789999999994,78920.800000000003,78920.794999999998,0.010000000009,0.001267093167,"[{""price"":78920.79,""size"":0.84740569,""num_orders"":10},{""price"":78919.61,""size"":0.1018758,""num_orders"":2},{""price"":78919.51,""size"":0.597,""num_orders"":1},{""price"":78919.5,""size"":1.0,""num_orders"":1},{""price"":78918.81,""size"":0.00405469,""num_orders"":1},{""price"":78917.93,""size"":0.025,""num_orders"":1},{""price"":78917.92,""size"":0.47693754,""num_orders"":1},{""price"":78917.91,""size"":0.15183382,""num_orders"":1},{""price"":78917.72,""size"":0.30403668,""num_orders"":1},{""price"":78916.15,""size"":0.00506837,""num_orders"":1}]","[{""price"":78920.8,""size"":1.4e-05,""num_orders"":1},{""price"":78925.56,""size"":1.4e-05,""num_orders"":1},{""price"":78926.0,""size"":0.00221999,""num_orders"":1},{""price"":78929.0,""size"":0.1018637,""num_orders"":2},{""price"":78930.32,""size"":1.4e-05,""num_orders"":1},{""price"":78930.33,""size"":0.00011574,""num_orders"":1},{""price"":78930.74,""size"":0.00011574,""num_orders"":1},{""price"":78931.19,""size"":0.1096,""num_orders"":1},{""price"":78931.93,""size"":0.00192099,""num_orders"":1},{""price"":78932.42,""size"":0.15183382,""num_orders"":1}]"
btc_usd_d10_20260824T234721Z,53,2026-08-25T00:40:21.126834Z,2026-08-25T00:40:21.126987Z,BTC-USD,10,ok,,134890710466,2026-08-25T00:40:19.542205958Z,2.53161297,0.46822766,0.687831643243,78965.039999999994,78965.050000000003,78965.044999999998,0.010000000009,0.00126638312,"[{""price"":78965.04,""size"":0.0050022,""num_orders"":2},{""price"":78964.54,""size"":0.15183382,""num_orders"":1},{""price"":78964.53,""size"":0.21982014,""num_orders"":1},{""price"":78963.46,""size"":0.02532818,""num_orders"":2},{""price"":78963.06,""size"":0.00405242,""num_orders"":1},{""price"":78962.05,""size"":0.25329164,""num_orders"":1},{""price"":78962.04,""size"":0.10182106,""num_orders"":2},{""price"":78961.53,""size"":0.76539798,""num_orders"":2},{""price"":78961.5,""size"":1.0,""num_orders"":1},{""price"":78960.4,""size"":0.00506553,""num_orders"":1}]","[{""price"":78965.05,""size"":0.00011574,""num_orders"":1},{""price"":78966.54,""size"":0.00105678,""num_orders"":3},{""price"":78968.4,""size"":1.4e-05,""num_orders"":1},{""price"":78969.73,""size"":0.10181117,""num_orders"":2},{""price"":78970.74,""size"":0.02,""num_orders"":1},{""price"":78971.89,""size"":0.00183561,""num_orders"":1},{""price"":78973.16,""size"":1.4e-05,""num_orders"":1},{""price"":78974.38,""size"":0.02,""num_orders"":1},{""price"":78974.39,""size"":0.00240459,""num_orders"":1},{""price"":78974.4,""size"":0.32097577,""num_orders"":1}]"
btc_usd_d10_20260824T234721Z,54,2026-08-25T00:41:21.126834Z,2026-08-25T00:41:21.126968Z,BTC-USD,10,ok,,134890786508,2026-08-25T00:41:20.520155707Z,1.04405282,0.22386848,0.646873224703,78905.570000000007,78905.580000000002,78905.575000000012,0.009999999995,0.001267337573,"[{""price"":78905.57,""size"":0.08003596,""num_orders"":3},{""price"":78905.42,""size"":0.025,""num_orders"":1},{""price"":78903.99,""size"":0.02534726,""num_orders"":2},{""price"":78901.76,""size"":1.381e-05,""num_orders"":1},{""price"":78900.4,""size"":0.00126316,""num_orders"":1},{""price"":78900.39,""size"":0.15290185,""num_orders"":2},{""price"":78900.38,""size"":0.17740375,""num_orders"":1},{""price"":78900.15,""size"":0.10190093,""num_orders"":2},{""price"":78897.72,""size"":0.30278235,""num_orders"":1},{""price"":78897.71,""size"":0.17740375,""num_orders"":1}]","[{""price"":78905.58,""size"":0.00434471,""num_orders"":2},{""price"":78906.15,""size"":0.08014275,""num_orders"":2},{""price"":78906.36,""size"":0.00151532,""num_orders"":1},{""price"":78906.97,""size"":0.00024146,""num_orders"":1},{""price"":78907.16,""size"":0.02534624,""num_orders"":2},{""price"":78907.66,""size"":0.00405547,""num_orders"":1},{""price"":78908.55,""size"":0.10138319,""num_orders"":1},{""price"":78908.56,""size"":0.00050691,""num_orders"":1},{""price"":78910.31,""size"":0.00126309,""num_orders"":1},{""price"":78910.32,""size"":0.00506934,""num_orders"":1}]"
btc_usd_d10_20260824T234721Z,55,2026-08-25T00:42:21.126834Z,2026-08-25T00:42:21.126957Z,BTC-USD,10,ok,,134890846111,2026-08-25T00:42:20.310951602Z,1.97818012,0.89176037,0.378551316233,78952.080000000002,78952.089999999997,78952.084999999992,0.009999999995,0.001266590996,"[{""price"":78952.08,""size"":0.4674921,""num_orders"":8},{""price"":78950.75,""size"":0.27067108,""num_orders"":1},{""price"":78950.74,""size"":0.15183382,""num_orders"":1},{""price"":78950.5,""size"":0.02533232,""num_orders"":2},{""price"":78950.1,""size"":0.00405309,""num_orders"":1},{""price"":78949.36,""size"":0.27740375,""num_orders"":2},{""price"":78949.3,""size"":0.02009473,""num_orders"":1},{""price"":78948.65,""size"":0.71379469,""num_orders"":2},{""price"":78947.83,""size"":0.04243818,""num_orders"":1},{""price"":78947.44,""size"":0.00506636,""num_orders"":1}]","[{""price"":78952.09,""size"":1.45e-06,""num_orders"":1},{""price"":78954.12,""size"":1.4e-05,""num_orders"":1},{""price"":78958.88,""size"":0.00011885,""num_orders"":2},{""price"":78961.93,""size"":0.02532866,""num_orders"":2},{""price"":78962.63,""size"":0.14300153,""num_orders"":2},{""price"":78962.64,""size"":0.17740375,""num_orders"":1},{""price"":78963.64,""size"":1.4e-05,""num_orders"":1},{""price"":78963.86,""size"":0.06,""num_orders"":2},{""price"":78965.0,""size"":0.30847438,""num_orders"":1},{""price"":78965.01,""size"":0.17740375,""num_orders"":1}]"
btc_usd_d10_20260824T234721Z,56,2026-08-25T00:43:21.126834Z,2026-08-25T00:43:21.126963Z,BTC-USD,10,ok,,134890925632,2026-08-25T00:43:20.104934863Z,1.59449623,1.24913854,0.1214493836,79206.929999999993,79210.580000000002,79208.755000000005,3.650000000009,0.460807646833,"[{""price"":79206.93,""size"":0.0476,""num_orders"":1},{""price"":79206.0,""size"":1.0,""num_orders"":1},{""price"":79205.93,""size"":0.40375485,""num_orders"":1},{""price"":79204.52,""size"":0.00026235,""num_orders"":1},{""price"":79204.33,""size"":2.146e-05,""num_orders"":1},{""price"":79204.0,""size"":0.025,""num_orders"":1},{""price"":79202.35,""size"":0.1010071,""num_orders"":1},{""price"":79202.34,""size"":0.00050503,""num_orders"":1},{""price"":79200.12,""size"":0.010012,""num_orders"":1},{""price"":79196.89,""size"":0.00633344,""num_orders"":1}]","[{""price"":79210.58,""size"":0.0476,""num_orders"":1},{""price"":79211.58,""size"":0.00708337,""num_orders"":1},{""price"":79213.56,""size"":0.00403993,""num_orders"":1},{""price"":79216.24,""size"":0.00504991,""num_orders"":1},{""price"":79219.52,""size"":0.1096,""num_orders"":1},{""price"":79221.54,""size"":0.40375485,""num_orders"":1},{""price"":79222.67,""size"":0.26700905,""num_orders"":1},{""price"":79222.68,""size"":0.3035181,""num_orders"":1},{""price"":79224.8,""size"":0.00050489,""num_orders"":1},{""price"":79224.83,""size"":0.10097844,""num_orders"":1}]"
btc_usd_d10_20260824T234721Z,57,2026-08-25T00:44:21.126834Z,2026-08-25T00:44:21.126977Z,BTC-USD,10,ok,,134891055650,2026-08-25T00:44:19.845451161Z,0.51224636,1.18736636,-0.397219903132,79311.119999999995,79311.130000000005,79311.125,0.010000000009,0.001260857163,"[{""price"":79311.12,""size"":1.385e-05,""num_orders"":1},{""price"":79306.36,""size"":1.4e-05,""num_orders"":1},{""price"":79303.29,""size"":0.025,""num_orders"":1},{""price"":79301.6,""size"":1.4e-05,""num_orders"":1},{""price"":79299.31,""size"":0.009986,""num_orders"":1},{""price"":79296.84,""size"":1.4e-05,""num_orders"":1},{""price"":79296.83,""size"":0.06550848,""num_orders"":1},{""price"":79296.82,""size"":0.1096,""num_orders"":1},{""price"":79296.48,""size"":0.00012945,""num_orders"":1},{""price"":79296.16,""size"":0.30196658,""num_orders"":1}]","[{""price"":79311.13,""size"":0.29590066,""num_orders"":5},{""price"":79311.82,""size"":0.10086768,""num_orders"":1},{""price"":79312.9,""size"":0.00630999,""num_orders"":1},{""price"":79312.91,""size"":0.30280494,""num_orders"":2},{""price"":79313.12,""size"":0.00403474,""num_orders"":1},{""price"":79315.71,""size"":0.15140247,""num_orders"":1},{""price"":79315.79,""size"":0.00504342,""num_orders"":1},{""price"":79320.65,""size"":0.25847621,""num_orders"":2},{""price"":79321.8,""size"":0.00252625,""num_orders"":1},{""price"":79321.81,""size"":0.06,""num_orders"":2}]"
btc_usd_d10_20260824T234721Z,58,2026-08-25T00:45:21.126834Z,2026-08-25T00:45:21.126978Z,BTC-USD,10,ok,,134891145902,2026-08-25T00:45:19.547439321Z,2.3818967,0.6992928,0.546089067225,79331.039999999994,79331.050000000003,79331.044999999998,0.010000000009,0.001260540563,"[{""price"":79331.04,""size"":0.04745587,""num_orders"":1},{""price"":79328.54,""size"":0.0476,""num_orders"":1},{""price"":79325.4,""size"":1.4e-05,""num_orders"":1},{""price"":79325.21,""size"":0.10085065,""num_orders"":1},{""price"":79325.2,""size"":0.00050425,""num_orders"":1},{""price"":79324.81,""size"":0.7984468,""num_orders"":2},{""price"":79324.8,""size"":0.27729568,""num_orders"":1},{""price"":79324.78,""size"":0.1096,""num_orders"":1},{""price"":79324.5,""size"":1.0,""num_orders"":1},{""price"":79321.68,""size"":0.00012945,""num_orders"":1}]","[{""price"":79331.05,""size"":0.15140247,""num_orders"":1},{""price"":79334.27,""size"":0.00252621,""num_orders"":1},{""price"":79334.28,""size"":0.27729568,""num_orders"":1},{""price"":79334.3,""size"":0.10083911,""num_orders"":1},{""price"":79334.31,""size"":0.00050419,""num_orders"":1},{""price"":79334.52,""size"":0.00403364,""num_orders"":1},{""price"":79334.53,""size"":0.15140247,""num_orders"":1},{""price"":79335.47,""size"":0.00630999,""num_orders"":1},{""price"":79335.48,""size"":0.00094538,""num_orders"":1},{""price"":79336.55,""size"":0.00403366,""num_orders"":1}]"
btc_usd_d10_20260824T234721Z,59,2026-08-25T00:46:21.126834Z,2026-08-25T00:46:21.126962Z,BTC-USD,10,ok,,134891301198,2026-08-25T00:46:19.117619127Z,3.70009013,1.63445384,0.387218907861,79620.490000000005,79623.990000000005,79622.240000000005,3.5,0.439575676344,"[{""price"":79620.49,""size"":2.07999995,""num_orders"":3},{""price"":79612.55,""size"":0.00583,""num_orders"":1},{""price"":79610.49,""size"":0.00629245,""num_orders"":1},{""price"":79609.17,""size"":0.1096,""num_orders"":1},{""price"":79608.56,""size"":0.15074659,""num_orders"":1},{""price"":79606.24,""size"":1.4e-05,""num_orders"":1},{""price"":79606.07,""size"":0.15074659,""num_orders"":1},{""price"":79602.7,""size"":0.74462079,""num_orders"":1},{""price"":79602.55,""size"":0.30149317,""num_orders"":1},{""price"":79602.54,""size"":0.15074659,""num_orders"":1}]","[{""price"":79623.99,""size"":0.08625906,""num_orders"":1},{""price"":79624.0,""size"":0.04759999,""num_orders"":1},{""price"":79625.0,""size"":0.02,""num_orders"":1},{""price"":79630.04,""size"":0.30149317,""num_orders"":1},{""price"":79633.32,""size"":0.30149316,""num_orders"":1},{""price"":79635.02,""size"":0.1096,""num_orders"":1},{""price"":79640.37,""size"":0.30149317,""num_orders"":1},{""price"":79645.73,""size"":0.1096,""num_orders"":1},{""price"":79648.14,""size"":0.30149317,""num_orders"":1},{""price"":79648.15,""size"":0.05542212,""num_orders"":1}]"
btc_usd_d10_20260825T013901Z,0,2026-08-25T01:39:01.506084Z,2026-08-25T01:39:01.506118Z,BTC-USD,10,ok,,134895784151,2026-08-25T01:38:59.099643831Z,0.75319306,1.61363938,-0.363543403182,79815.669999999998,79815.679999999993,79815.674999999988,0.009999999995,0.001252886729,"[{""price"":79815.67,""size"":0.03365997,""num_orders"":1},{""price"":79814.07,""size"":0.02505824,""num_orders"":2},{""price"":79813.67,""size"":0.00400923,""num_orders"":1},{""price"":79811.14,""size"":0.04385432,""num_orders"":1},{""price"":79811.0,""size"":0.00252619,""num_orders"":1},{""price"":79810.99,""size"":0.15034643,""num_orders"":1},{""price"":79810.98,""size"":0.00501154,""num_orders"":1},{""price"":79810.95,""size"":0.47613618,""num_orders"":1},{""price"":79810.38,""size"":0.009924,""num_orders"":1},{""price"":79810.12,""size"":0.00266696,""num_orders"":1}]","[{""price"":79815.68,""size"":0.32182116,""num_orders"":7},{""price"":79817.21,""size"":0.02797167,""num_orders"":2},{""price"":79817.28,""size"":0.02505724,""num_orders"":2},{""price"":79818.09,""size"":0.025,""num_orders"":1},{""price"":79820.44,""size"":1.4e-05,""num_orders"":1},{""price"":79821.95,""size"":0.4176927,""num_orders"":2},{""price"":79823.65,""size"":0.47613618,""num_orders"":1},{""price"":79823.66,""size"":0.15034643,""num_orders"":1},{""price"":79823.67,""size"":0.1096,""num_orders"":1},{""price"":79824.95,""size"":0.06,""num_orders"":2}]"
btc_usd_d10_20260825T013901Z,1,2026-08-25T01:40:01.506084Z,2026-08-25T01:40:01.506202Z,BTC-USD,10,ok,,134895847803,2026-08-25T01:40:01.040876665Z,1.40362121,2.41492439,-0.264839885636,79813.649999999994,79813.660000000003,79813.654999999999,0.010000000009,0.00125291844,"[{""price"":79813.65,""size"":0.0595,""num_orders"":1},{""price"":79813.5,""size"":1.0,""num_orders"":1},{""price"":79810.9,""size"":0.12671012,""num_orders"":2},{""price"":79809.44,""size"":0.009926,""num_orders"":1},{""price"":79807.71,""size"":0.04118732,""num_orders"":1},{""price"":79806.53,""size"":4.26e-05,""num_orders"":1},{""price"":79806.36,""size"":0.00050121,""num_orders"":1},{""price"":79806.35,""size"":0.10024264,""num_orders"":1},{""price"":79806.16,""size"":1.4e-05,""num_orders"":1},{""price"":79803.82,""size"":0.06549732,""num_orders"":1}]","[{""price"":79813.66,""size"":0.50124431,""num_orders"":1},{""price"":79815.03,""size"":0.06013754,""num_orders"":1},{""price"":79815.04,""size"":0.10073289,""num_orders"":2},{""price"":79816.38,""size"":0.51965589,""num_orders"":2},{""price"":79816.39,""size"":0.50124431,""num_orders"":1},{""price"":79818.15,""size"":0.025,""num_orders"":1},{""price"":79818.68,""size"":0.01663572,""num_orders"":2},{""price"":79820.44,""size"":1.4e-05,""num_orders"":1},{""price"":79821.06,""size"":0.00126312,""num_orders"":1},{""price"":79821.07,""size"":0.68899661,""num_orders"":1}]"
btc_usd_d10_20260825T013901Z,2,2026-08-25T01:41:01.506084Z,2026-08-25T01:41:01.506210Z,BTC-USD,10,ok,,134895937224,2026-08-25T01:41:00.189707106Z,0.45105572,0.32220141,0.16663837293,79816.050000000003,79816.059999999998,79816.054999999993,0.009999999995,0.001252880764,"[{""price"":79816.05,""size"":1.1e-07,""num_orders"":1},{""price"":79816.04,""size"":0.07516213,""num_orders"":1},{""price"":79815.69,""size"":0.15034643,""num_orders"":1},{""price"":79815.68,""size"":1.388e-05,""num_orders"":1},{""price"":79813.26,""size"":0.07516213,""num_orders"":1},{""price"":79810.92,""size"":1.4e-05,""num_orders"":1},{""price"":79810.5,""size"":0.07516213,""num_orders"":1},{""price"":79807.38,""size"":0.07516213,""num_orders"":1},{""price"":79806.75,""size"":1.878e-05,""num_orders"":1},{""price"":79806.16,""size"":1.4e-05,""num_orders"":1}]","[{""price"":79816.06,""size"":0.06044912,""num_orders"":2},{""price"":79819.43,""size"":0.01653683,""num_orders"":2},{""price"":79819.44,""size"":0.08,""num_orders"":2},{""price"":79820.43,""size"":0.0092884,""num_orders"":1},{""price"":79820.44,""size"":0.0406156,""num_orders"":1},{""price"":79820.45,""size"":0.04153683,""num_orders"":3},{""price"":79822.45,""size"":0.00400899,""num_orders"":1},{""price"":79825.14,""size"":0.00501124,""num_orders"":1},{""price"":79825.58,""size"":0.0047544,""num_orders"":1},{""price"":79826.0,""size"":0.06,""num_orders"":2}]"
btc_usd_d10_20260825T013901Z,3,2026-08-25T01:42:01.506084Z,2026-08-25T01:42:01.506223Z,BTC-USD,10,ok,,134895999939,2026-08-25T01:42:00.031831998Z,1.54613344,0.15027906,0.822827219205,79806.440000000002,79806.449999999997,79806.445000000007,0.009999999995,0.001253031631,"[{""price"":79806.44,""size"":0.01,""num_orders"":1},{""price"":79804.84,""size"":0.02506114,""num_orders"":2},{""price"":79802.43,""size"":0.15036925,""num_orders"":2},{""price"":79800.73,""size"":0.07514499,""num_orders"":1},{""price"":79797.35,""size"":0.07514499,""num_orders"":1},{""price"":79797.03,""size"":4.26e-05,""num_orders"":1},{""price"":79796.64,""size"":1.395e-05,""num_orders"":1},{""price"":79796.31,""size"":0.10075652,""num_orders"":2},{""price"":79795.5,""size"":1.0,""num_orders"":1},{""price"":79794.44,""size"":0.1096,""num_orders"":1}]","[{""price"":79806.45,""size"":0.00412545,""num_orders"":2},{""price"":79806.47,""size"":0.00252625,""num_orders"":1},{""price"":79806.48,""size"":0.10024248,""num_orders"":1},{""price"":79806.51,""size"":0.00093977,""num_orders"":1},{""price"":79807.59,""size"":0.00023872,""num_orders"":1},{""price"":79808.05,""size"":0.02506012,""num_orders"":2},{""price"":79808.45,""size"":0.0040097,""num_orders"":1},{""price"":79808.59,""size"":0.01061683,""num_orders"":1},{""price"":79808.86,""size"":0.00250574,""num_orders"":1},{""price"":79810.92,""size"":1.4e-05,""num_orders"":1}]"
btc_usd_d10_20260825T013901Z,4,2026-08-25T01:43:01.506084Z,2026-08-25T01:43:01.506209Z,BTC-USD,10,ok,,134896056864,2026-08-25T01:42:59.040307701Z,0.55022056,0.26561153,0.348857361078,79720.649999999994,79720.660000000003,79720.654999999999,0.010000000009,0.001254380061,"[{""price"":79720.65,""size"":9.9e-07,""num_orders"":1},{""price"":79718.18,""size"":0.15036556,""num_orders"":2},{""price"":79718.17,""size"":0.07385582,""num_orders"":1},{""price"":79717.75,""size"":0.15034643,""num_orders"":1},{""price"":79716.59,""size"":0.02508888,""num_orders"":2},{""price"":79715.72,""size"":1.4e-05,""num_orders"":1},{""price"":79715.63,""size"":0.07514499,""num_orders"":1},{""price"":79714.08,""size"":0.00012945,""num_orders"":1},{""price"":79713.36,""size"":0.00012945,""num_orders"":1},{""price"":79712.98,""size"":0.07514499,""num_orders"":1}]","[{""price"":79720.66,""size"":0.11380714,""num_orders"":4},{""price"":79722.25,""size"":0.01737336,""num_orders"":1},{""price"":79722.26,""size"":0.0250871,""num_orders"":2},{""price"":79722.66,""size"":0.00401401,""num_orders"":1},{""price"":79725.26,""size"":0.00026515,""num_orders"":2},{""price"":79725.85,""size"":0.01300428,""num_orders"":1},{""price"":79725.86,""size"":0.00501748,""num_orders"":1},{""price"":79728.45,""size"":0.00024844,""num_orders"":1},{""price"":79730.08,""size"":0.00252625,""num_orders"":1},{""price"":79730.09,""size"":0.08426832,""num_orders"":1}]"
btc_usd_d10_20260825T013901Z,5,2026-08-25T01:44:01.506084Z,2026-08-25T01:44:01.506197Z,BTC-USD,10,ok,,134896120693,2026-08-25T01:44:00.044262485Z,0.6363293,0.62721836,0.007210602566,79719.360000000001,79719.369999999995,79719.364999999991,0.009999999995,0.001254400357,"[{""price"":79719.36,""size"":0.07358282,""num_orders"":3},{""price"":79717.35,""size"":0.00401403,""num_orders"":1},{""price"":79714.27,""size"":0.00153922,""num_orders"":1},{""price"":79714.26,""size"":0.12543962,""num_orders"":1},{""price"":79713.92,""size"":0.04133605,""num_orders"":1},{""price"":79713.65,""size"":0.00501751,""num_orders"":1},{""price"":79711.69,""size"":0.12543962,""num_orders"":1},{""price"":79711.51,""size"":0.15034643,""num_orders"":1},{""price"":79710.96,""size"":1.4e-05,""num_orders"":1},{""price"":79710.36,""size"":0.1096,""num_orders"":1}]","[{""price"":79719.37,""size"":0.22547865,""num_orders"":4},{""price"":79725.24,""size"":5.674e-05,""num_orders"":2},{""price"":79726.48,""size"":0.00098703,""num_orders"":1},{""price"":79726.49,""size"":0.02,""num_orders"":1},{""price"":79726.51,""size"":0.02,""num_orders"":1},{""price"":79726.52,""size"":0.02,""num_orders"":1},{""price"":79726.53,""size"":0.07488745,""num_orders"":1},{""price"":79726.54,""size"":0.12543962,""num_orders"":1},{""price"":79728.96,""size"":0.02,""num_orders"":1},{""price"":79728.97,""size"":0.12036887,""num_orders"":2}]"
btc_usd_d10_20260825T013901Z,6,2026-08-25T01:45:01.506084Z,2026-08-25T01:45:01.506230Z,BTC-USD,10,ok,,134896179889,2026-08-25T01:44:59.535093259Z,1.52000701,0.27401576,0.694523654234,79693.559999999998,79693.570000000007,79693.565000000002,0.010000000009,0.001254806459,"[{""price"":79693.56,""size"":0.19954534,""num_orders"":5},{""price"":79691.96,""size"":0.02509664,""num_orders"":2},{""price"":79691.92,""size"":6.527e-05,""num_orders"":2},{""price"":79690.51,""size"":0.07528095,""num_orders"":1},{""price"":79690.5,""size"":1.0,""num_orders"":1},{""price"":79688.9,""size"":0.04381058,""num_orders"":1},{""price"":79687.22,""size"":0.10089446,""num_orders"":2},{""price"":79687.16,""size"":1.4e-05,""num_orders"":1},{""price"":79686.9,""size"":1.882e-05,""num_orders"":1},{""price"":79686.17,""size"":0.07528095,""num_orders"":1}]","[{""price"":79693.57,""size"":0.003959,""num_orders"":2},{""price"":79695.19,""size"":0.00126388,""num_orders"":1},{""price"":79695.2,""size"":0.02509562,""num_orders"":2},{""price"":79695.21,""size"":0.06328888,""num_orders"":1},{""price"":79695.22,""size"":0.10088434,""num_orders"":2},{""price"":79695.35,""size"":0.0013822,""num_orders"":1},{""price"":79695.36,""size"":0.00023148,""num_orders"":1},{""price"":79695.67,""size"":0.00401541,""num_orders"":1},{""price"":79696.72,""size"":0.02950018,""num_orders"":1},{""price"":79696.73,""size"":0.04439477,""num_orders"":1}]"
btc_usd_d10_20260825T013901Z,7,2026-08-25T01:46:01.506084Z,2026-08-25T01:46:01.506206Z,BTC-USD,10,ok,,134896235542,2026-08-25T01:46:01.104605431Z,1.53861528,0.5473385,0.475215121976,79725.220000000001,79725.229999999996,79725.225000000006,0.009999999995,0.001254308156,"[{""price"":79725.22,""size"":0.05258916,""num_orders"":4},{""price"":79724.05,""size"":0.00094073,""num_orders"":1},{""price"":79723.22,""size"":0.00401378,""num_orders"":1},{""price"":79721.45,""size"":0.15034643,""num_orders"":1},{""price"":79720.5,""size"":1.0,""num_orders"":1},{""price"":79720.44,""size"":0.15038958,""num_orders"":2},{""price"":79719.47,""size"":0.00501729,""num_orders"":1},{""price"":79718.71,""size"":0.07528095,""num_orders"":1},{""price"":79717.02,""size"":0.02475641,""num_orders"":1},{""price"":79716.26,""size"":0.07528095,""num_orders"":1}]","[{""price"":79725.23,""size"":0.12238758,""num_orders"":5},{""price"":79725.24,""size"":1.4e-05,""num_orders"":1},{""price"":79725.53,""size"":0.00252625,""num_orders"":1},{""price"":79725.54,""size"":0.11977321,""num_orders"":1},{""price"":79725.55,""size"":0.07528095,""num_orders"":1},{""price"":79725.59,""size"":0.10084591,""num_orders"":2},{""price"":79730.0,""size"":1.4e-05,""num_orders"":1},{""price"":79730.05,""size"":0.04494273,""num_orders"":1},{""price"":79730.06,""size"":0.07528095,""num_orders"":1},{""price"":79732.52,""size"":0.00627292,""num_orders"":1}]"
btc_usd_d10_20260825T013901Z,8,2026-08-25T01:47:01.506084Z,2026-08-25T01:47:01.506236Z,BTC-USD,10,ok,,134896286854,2026-08-25T01:46:59.628342293Z,0.60715185,0.49601539,0.100743075003,79677.610000000001,79677.619999999995,79677.614999999991,0.009999999995,0.001255057646,"[{""price"":79677.61,""size"":0.1691,""num_orders"":2},{""price"":79674.47,""size"":0.1009106,""num_orders"":2},{""price"":79672.88,""size"":1.4e-05,""num_orders"":1},{""price"":79671.15,""size"":0.07528095,""num_orders"":1},{""price"":79669.45,""size"":0.009932,""num_orders"":1},{""price"":79668.92,""size"":0.15034643,""num_orders"":1},{""price"":79668.46,""size"":0.07528095,""num_orders"":1},{""price"":79668.12,""size"":1.4e-05,""num_orders"":1},{""price"":79665.06,""size"":0.00627292,""num_orders"":1},{""price"":79665.05,""size"":0.02,""num_orders"":1}]","[{""price"":79677.62,""size"":0.00401615,""num_orders"":1},{""price"":79679.61,""size"":0.00401618,""num_orders"":1},{""price"":79681.52,""size"":0.003,""num_orders"":1},{""price"":79682.3,""size"":0.00502023,""num_orders"":1},{""price"":79682.82,""size"":0.15034643,""num_orders"":1},{""price"":79682.83,""size"":0.0026497,""num_orders"":1},{""price"":79682.84,""size"":0.10039803,""num_orders"":1},{""price"":79683.81,""size"":0.07528095,""num_orders"":1},{""price"":79683.82,""size"":0.15034643,""num_orders"":1},{""price"":79685.66,""size"":0.00094129,""num_orders"":1}]"
btc_usd_d10_20260825T013901Z,9,2026-08-25T01:48:01.506084Z,2026-08-25T01:48:01.506205Z,BTC-USD,10,ok,,134896344504,2026-08-25T01:47:59.188512182Z,0.57820969,1.31489356,-0.389140882834,79668.119999999995,79668.130000000005,79668.125,0.010000000009,0.00125520715,"[{""price"":79668.12,""size"":1.38e-05,""num_orders"":1},{""price"":79668.1,""size"":0.00021275,""num_orders"":1},{""price"":79663.36,""size"":1.4e-05,""num_orders"":1},{""price"":79663.33,""size"":0.06188541,""num_orders"":1},{""price"":79659.98,""size"":0.15547958,""num_orders"":1},{""price"":79659.85,""size"":0.07528095,""num_orders"":1},{""price"":79658.85,""size"":0.10042825,""num_orders"":1},{""price"":79658.6,""size"":1.4e-05,""num_orders"":1},{""price"":79657.41,""size"":0.07528095,""num_orders"":1},{""price"":79657.39,""size"":0.1096,""num_orders"":1}]","[{""price"":79668.13,""size"":0.35176429,""num_orders"":9},{""price"":79668.28,""size"":0.1359506,""num_orders"":2},{""price"":79668.51,""size"":0.10041608,""num_orders"":1},{""price"":79670.12,""size"":0.00401666,""num_orders"":1},{""price"":79671.25,""size"":0.04167106,""num_orders"":1},{""price"":79671.41,""size"":0.07528095,""num_orders"":1},{""price"":79672.81,""size"":0.00502082,""num_orders"":1},{""price"":79673.78,""size"":0.34726657,""num_orders"":1},{""price"":79673.79,""size"":0.2509803,""num_orders"":1},{""price"":79675.83,""size"":0.00252623,""num_orders"":1}]"
btc_usd_d10_20260825T013901Z,10,2026-08-25T01:49:01.506084Z,2026-08-25T01:49:01.506213Z,BTC-USD,10,ok,,134896405295,2026-08-25T01:49:00.547485303Z,0.29252015,0.71389248,-0.418687442347,79710.929999999993,79710.940000000002,79710.934999999998,0.010000000009,0.001254533021,"[{""price"":79710.93,""size"":0.08552163,""num_orders"":3},{""price"":79709.08,""size"":0.00173917,""num_orders"":1},{""price"":79709.07,""size"":6.197e-05,""num_orders"":1},{""price"":79708.91,""size"":0.0040145,""num_orders"":1},{""price"":79707.48,""size"":0.00713405,""num_orders"":1},{""price"":79706.22,""size"":0.00501813,""num_orders"":1},{""price"":79704.18,""size"":0.10653688,""num_orders"":1},{""price"":79703.64,""size"":0.07528095,""num_orders"":1},{""price"":79702.25,""size"":0.00094089,""num_orders"":1},{""price"":79701.79,""size"":0.00627198,""num_orders"":1}]","[{""price"":79710.94,""size"":0.02499997,""num_orders"":1},{""price"":79710.96,""size"":5.589e-05,""num_orders"":3},{""price"":79711.36,""size"":0.00753222,""num_orders"":1},{""price"":79712.26,""size"":0.15018248,""num_orders"":2},{""price"":79712.27,""size"":0.10036097,""num_orders"":1},{""price"":79715.72,""size"":1.4e-05,""num_orders"":1},{""price"":79715.78,""size"":0.07528095,""num_orders"":1},{""price"":79715.79,""size"":0.15034643,""num_orders"":1},{""price"":79718.57,""size"":0.12983862,""num_orders"":1},{""price"":79718.58,""size"":0.07528095,""num_orders"":1}]"
btc_usd_d10_20260825T013901Z,11,2026-08-25T01:50:01.506084Z,2026-08-25T01:50:01.506231Z,BTC-USD,10,ok,,134896468937,2026-08-25T01:50:00.178382459Z,2.05988894,0.42439795,0.658334186999,79696.679999999993,79696.690000000002,79696.684999999998,0.010000000009,0.001254757335,"[{""price"":79696.68,""size"":0.60685882,""num_orders"":8},{""price"":79696.51,""size"":0.07528095,""num_orders"":1},{""price"":79695.08,""size"":0.02509566,""num_orders"":2},{""price"":79693.5,""size"":1.0,""num_orders"":1},{""price"":79693.17,""size"":0.07528095,""num_orders"":1},{""price"":79691.94,""size"":0.009935,""num_orders"":1},{""price"":79691.92,""size"":1.4e-05,""num_orders"":1},{""price"":79691.03,""size"":0.01618654,""num_orders"":2},{""price"":79690.28,""size"":0.15084837,""num_orders"":2},{""price"":79690.27,""size"":0.10038865,""num_orders"":1}]","[{""price"":79696.69,""size"":0.00561444,""num_orders"":2},{""price"":79698.29,""size"":0.02509464,""num_orders"":2},{""price"":79698.69,""size"":0.00401522,""num_orders"":1},{""price"":79701.38,""size"":0.00501902,""num_orders"":1},{""price"":79702.44,""size"":0.00252625,""num_orders"":1},{""price"":79702.45,""size"":0.07635604,""num_orders"":1},{""price"":79702.46,""size"":0.10037332,""num_orders"":1},{""price"":79703.13,""size"":0.025,""num_orders"":1},{""price"":79704.63,""size"":0.10511807,""num_orders"":2},{""price"":79704.64,""size"":0.07528095,""num_orders"":1}]"
btc_usd_d10_20260825T013901Z,12,2026-08-25T01:51:01.506084Z,2026-08-25T01:51:01.506190Z,BTC-USD,10,ok,,134896529475,2026-08-25T01:51:00.603164759Z,0.93771139,0.87713217,0.033379857821,79672.880000000005,79672.889999999999,79672.885000000009,0.009999999995,0.001255132156,"[{""price"":79672.88,""size"":4.026e-05,""num_orders"":2},{""price"":79672.34,""size"":0.01052865,""num_orders"":1},{""price"":79670.83,""size"":0.0251033,""num_orders"":2},{""price"":79668.28,""size"":0.01286046,""num_orders"":1},{""price"":79668.12,""size"":1.4e-05,""num_orders"":1},{""price"":79667.8,""size"":0.08921222,""num_orders"":2},{""price"":79665.84,""size"":0.10092154,""num_orders"":2},{""price"":79664.63,""size"":0.02613533,""num_orders"":1},{""price"":79664.4,""size"":0.00012945,""num_orders"":1},{""price"":79664.19,""size"":0.67276618,""num_orders"":1}]","[{""price"":79672.89,""size"":0.31722263,""num_orders"":5},{""price"":79673.85,""size"":0.025,""num_orders"":1},{""price"":79674.49,""size"":0.02510214,""num_orders"":2},{""price"":79674.64,""size"":0.00141554,""num_orders"":1},{""price"":79674.78,""size"":0.17689087,""num_orders"":1},{""price"":79674.82,""size"":0.15034643,""num_orders"":1},{""price"":79674.88,""size"":0.00401642,""num_orders"":1},{""price"":79675.59,""size"":0.09948951,""num_orders"":1},{""price"":79677.18,""size"":0.07741774,""num_orders"":1},{""price"":79677.19,""size"":0.00023089,""num_orders"":1}]"
btc_usd_d10_20260825T013901Z,13,2026-08-25T01:52:01.506084Z,2026-08-25T01:52:01.506204Z,BTC-USD,10,ok,,134896600666,2026-08-25T01:52:00.045182523Z,1.09624541,0.67519992,0.237684721549,79601.850000000006,79601.860000000001,79601.85500000001,0.009999999995,0.001256252131,"[{""price"":79601.85,""size"":0.0595,""num_orders"":1},{""price"":79600.18,""size"":0.00138691,""num_orders"":1},{""price"":79598.57,""size"":2.29e-05,""num_orders"":1},{""price"":79598.56,""size"":4.258e-05,""num_orders"":1},{""price"":79596.72,""size"":1.4e-05,""num_orders"":1},{""price"":79596.11,""size"":0.009939,""num_orders"":1},{""price"":79595.77,""size"":0.00339617,""num_orders"":1},{""price"":79595.0,""size"":0.77109694,""num_orders"":1},{""price"":79594.99,""size"":0.10050048,""num_orders"":1},{""price"":79594.51,""size"":0.15034643,""num_orders"":1}]","[{""price"":79601.86,""size"":0.04402008,""num_orders"":2},{""price"":79603.85,""size"":0.00402008,""num_orders"":1},{""price"":79606.54,""size"":0.00502511,""num_orders"":1},{""price"":79608.0,""size"":0.00113934,""num_orders"":1},{""price"":79608.01,""size"":0.2354982,""num_orders"":2},{""price"":79608.02,""size"":0.15034643,""num_orders"":1},{""price"":79608.51,""size"":0.025,""num_orders"":1},{""price"":79609.06,""size"":5.965e-05,""num_orders"":1},{""price"":79609.1,""size"":0.10049103,""num_orders"":1},{""price"":79609.84,""size"":0.1096,""num_orders"":1}]"
btc_usd_d10_20260825T013901Z,14,2026-08-25T01:53:01.506084Z,2026-08-25T01:53:01.506232Z,BTC-USD,10,ok,,134896673627,2026-08-25T01:52:59.034640614Z,0.95562675,0.59599854,0.231775166542,79528.130000000005,79528.139999999999,79528.135000000009,0.009999999995,0.001257416636,"[{""price"":79528.13,""size"":0.00022269,""num_orders"":3},{""price"":79526.1,""size"":0.02514898,""num_orders"":2},{""price"":79525.32,""size"":1.4e-05,""num_orders"":1},{""price"":79523.2,""size"":0.15034643,""num_orders"":1},{""price"":79523.19,""size"":0.22625382,""num_orders"":1},{""price"":79521.87,""size"":1.134e-05,""num_orders"":1},{""price"":79520.65,""size"":0.22625382,""num_orders"":1},{""price"":79520.56,""size"":1.4e-05,""num_orders"":1},{""price"":79519.04,""size"":0.10110785,""num_orders"":2},{""price"":79518.2,""size"":0.22625382,""num_orders"":1}]","[{""price"":79528.14,""size"":0.30614242,""num_orders"":8},{""price"":79528.9,""size"":0.025,""num_orders"":1},{""price"":79529.35,""size"":0.00120745,""num_orders"":1},{""price"":79529.36,""size"":0.04131269,""num_orders"":1},{""price"":79529.37,""size"":0.04,""num_orders"":1},{""price"":79529.74,""size"":0.02514782,""num_orders"":2},{""price"":79530.13,""size"":0.00402373,""num_orders"":1},{""price"":79531.27,""size"":2.893e-05,""num_orders"":1},{""price"":79532.81,""size"":0.14810584,""num_orders"":2},{""price"":79532.82,""size"":0.00502966,""num_orders"":1}]"
btc_usd_d10_20260825T013901Z,15,2026-08-25T01:54:01.506084Z,2026-08-25T01:54:01.506224Z,BTC-USD,10,ok,,134896751191,2026-08-25T01:54:01.044859683Z,1.55554211,0.94235826,0.245479706623,79569.190000000002,79572.850000000006,79571.020000000004,3.660000000003,0.459966455124,"[{""price"":79569.19,""size"":0.15034643,""num_orders"":1},{""price"":79568.16,""size"":4.726e-05,""num_orders"":2},{""price"":79566.0,""size"":1.0,""num_orders"":1},{""price"":79565.91,""size"":0.10054556,""num_orders"":1},{""price"":79563.4,""size"":1.4e-05,""num_orders"":1},{""price"":79562.7,""size"":0.00789705,""num_orders"":1},{""price"":79562.23,""size"":0.02398269,""num_orders"":1},{""price"":79562.22,""size"":0.04017201,""num_orders"":1},{""price"":79562.05,""size"":0.22625382,""num_orders"":1},{""price"":79560.01,""size"":0.00628329,""num_orders"":1}]","[{""price"":79572.85,""size"":0.0595,""num_orders"":1},{""price"":79573.62,""size"":0.0803562,""num_orders"":1},{""price"":79573.63,""size"":0.1096,""num_orders"":1},{""price"":79574.73,""size"":0.025,""num_orders"":1},{""price"":79580.13,""size"":0.00094255,""num_orders"":1},{""price"":79580.41,""size"":0.15034643,""num_orders"":1},{""price"":79580.42,""size"":0.26041726,""num_orders"":1},{""price"":79580.43,""size"":0.22625382,""num_orders"":1},{""price"":79581.0,""size"":0.009942,""num_orders"":1},{""price"":79581.06,""size"":0.02,""num_orders"":1}]"
btc_usd_d10_20260825T013901Z,16,2026-08-25T01:55:01.506084Z,2026-08-25T01:55:01.506215Z,BTC-USD,10,ok,,134896819807,2026-08-25T01:55:00.101025863Z,0.40384846,0.85350458,-0.35762121353,79607.820000000007,79607.830000000002,79607.825000000012,0.009999999995,0.001256157921,"[{""price"":79607.82,""size"":0.03485939,""num_orders"":3},{""price"":79605.83,""size"":0.0040197,""num_orders"":1},{""price"":79605.62,""size"":0.06263844,""num_orders"":1},{""price"":79604.5,""size"":0.00094211,""num_orders"":1},{""price"":79603.14,""size"":0.00502463,""num_orders"":1},{""price"":79602.17,""size"":0.0424049,""num_orders"":1},{""price"":79600.13,""size"":0.00050251,""num_orders"":1},{""price"":79600.12,""size"":0.10050235,""num_orders"":1},{""price"":79600.0,""size"":0.00252355,""num_orders"":1},{""price"":79599.99,""size"":0.15043088,""num_orders"":2}]","[{""price"":79607.83,""size"":0.00011574,""num_orders"":1},{""price"":79607.86,""size"":0.10049259,""num_orders"":1},{""price"":79608.37,""size"":0.00011574,""num_orders"":1},{""price"":79608.49,""size"":0.025,""num_orders"":1},{""price"":79609.08,""size"":0.27635959,""num_orders"":1},{""price"":79610.0,""size"":1.256e-05,""num_orders"":1},{""price"":79610.56,""size"":0.01004809,""num_orders"":1},{""price"":79611.0,""size"":1.4e-05,""num_orders"":1},{""price"":79611.6,""size"":0.16498668,""num_orders"":1},{""price"":79611.61,""size"":0.27635959,""num_orders"":1}]"
btc_usd_d10_20260825T013901Z,17,2026-08-25T01:56:01.506084Z,2026-08-25T01:56:01.506235Z,BTC-USD,10,ok,,134896879139,2026-08-25T01:55:59.631359651Z,0.96752717,1.25909997,-0.13094819279,79659.960000000006,79659.970000000001,79659.964999999997,0.009999999995,0.001255335725,"[{""price"":79659.96,""size"":0.00071799,""num_orders"":1},{""price"":79659.08,""size"":0.00094149,""num_orders"":1},{""price"":79658.36,""size"":0.0252286,""num_orders"":3},{""price"":79655.87,""size"":0.19493966,""num_orders"":1},{""price"":79655.86,""size"":0.32653209,""num_orders"":1},{""price"":79655.13,""size"":0.27876178,""num_orders"":1},{""price"":79653.84,""size"":1.4e-05,""num_orders"":1},{""price"":79653.56,""size"":0.00982706,""num_orders"":1},{""price"":79652.57,""size"":0.1096,""num_orders"":1},{""price"":79652.37,""size"":0.0209645,""num_orders"":1}]","[{""price"":79659.97,""size"":0.11253809,""num_orders"":3},{""price"":79661.96,""size"":0.00401707,""num_orders"":1},{""price"":79665.23,""size"":0.0050213,""num_orders"":1},{""price"":79666.53,""size"":0.0002315,""num_orders"":2},{""price"":79668.03,""size"":0.00180808,""num_orders"":1},{""price"":79668.04,""size"":0.54722009,""num_orders"":1},{""price"":79668.05,""size"":0.32653209,""num_orders"":1},{""price"":79668.1,""size"":0.15034643,""num_orders"":1},{""price"":79668.12,""size"":0.00178532,""num_orders"":2},{""price"":79669.92,""size"":0.1096,""num_orders"":1}]"
btc_usd_d10_20260825T013901Z,18,2026-08-25T01:57:01.506084Z,2026-08-25T01:57:01.506215Z,BTC-USD,10,ok,,134896933908,2026-08-25T01:56:59.538333045Z,1.88549166,0.16257836,0.841237498316,79639.550000000003,79639.559999999998,79639.554999999993,0.009999999995,0.001255657442,"[{""price"":79639.55,""size"":0.15176709,""num_orders"":2},{""price"":79639.46,""size"":0.33936279,""num_orders"":1},{""price"":79639.45,""size"":0.12558075,""num_orders"":1},{""price"":79639.44,""size"":0.15034643,""num_orders"":1},{""price"":79637.95,""size"":0.01257443,""num_orders"":2},{""price"":79637.56,""size"":0.0040181,""num_orders"":1},{""price"":79636.67,""size"":0.27592718,""num_orders"":2},{""price"":79634.87,""size"":0.00502262,""num_orders"":1},{""price"":79634.77,""size"":0.72043309,""num_orders"":2},{""price"":79634.33,""size"":0.10045918,""num_orders"":1}]","[{""price"":79639.56,""size"":0.00012038,""num_orders"":2},{""price"":79641.34,""size"":0.00472235,""num_orders"":1},{""price"":79643.98,""size"":0.10044702,""num_orders"":1},{""price"":79644.32,""size"":1.4e-05,""num_orders"":1},{""price"":79644.33,""size"":0.00019119,""num_orders"":1},{""price"":79644.83,""size"":0.01493273,""num_orders"":1},{""price"":79645.13,""size"":0.025,""num_orders"":1},{""price"":79646.03,""size"":0.01493273,""num_orders"":1},{""price"":79649.08,""size"":1.4e-05,""num_orders"":1},{""price"":79650.18,""size"":0.00220396,""num_orders"":1}]"
btc_usd_d10_20260825T013901Z,19,2026-08-25T01:58:01.506084Z,2026-08-25T01:58:01.506201Z,BTC-USD,10,ok,,134896993219,2026-08-25T01:58:01.131310783Z,2.24711143,0.10276479,0.912535997322,79706.179999999993,79706.190000000002,79706.184999999998,0.010000000009,0.001254607783,"[{""price"":79706.18,""size"":0.91233819,""num_orders"":11},{""price"":79706.17,""size"":0.00094095,""num_orders"":1},{""price"":79705.51,""size"":0.00250003,""num_orders"":1},{""price"":79705.5,""size"":1.0,""num_orders"":1},{""price"":79705.12,""size"":0.15057637,""num_orders"":1},{""price"":79704.18,""size"":0.00401474,""num_orders"":1},{""price"":79703.47,""size"":0.00752965,""num_orders"":1},{""price"":79702.53,""size"":0.00627605,""num_orders"":1},{""price"":79702.52,""size"":0.15057637,""num_orders"":1},{""price"":79702.25,""size"":0.01235908,""num_orders"":1}]","[{""price"":79706.19,""size"":2.622e-05,""num_orders"":1},{""price"":79706.2,""size"":1.4e-05,""num_orders"":1},{""price"":79706.72,""size"":0.03,""num_orders"":1},{""price"":79706.74,""size"":0.03,""num_orders"":1},{""price"":79710.96,""size"":1.4e-05,""num_orders"":1},{""price"":79713.45,""size"":0.01003747,""num_orders"":1},{""price"":79714.3,""size"":0.025,""num_orders"":1},{""price"":79715.42,""size"":0.00752965,""num_orders"":1},{""price"":79715.72,""size"":1.4e-05,""num_orders"":1},{""price"":79718.4,""size"":0.00012945,""num_orders"":1}]"
btc_usd_d10_20260825T013901Z,20,2026-08-25T01:59:01.506084Z,2026-08-25T01:59:01.506210Z,BTC-USD,10,ok,,134897055581,2026-08-25T01:59:00.184080353Z,1.83666904,0.38085955,0.656500888676,79824,79824.009999999995,79824.005000000005,0.009999999995,0.001252755984,"[{""price"":79824.0,""size"":0.49370299,""num_orders"":7},{""price"":79823.98,""size"":0.05591907,""num_orders"":3},{""price"":79823.7,""size"":0.10072195,""num_orders"":2},{""price"":79822.4,""size"":0.02505562,""num_orders"":2},{""price"":79822.0,""size"":0.00400881,""num_orders"":1},{""price"":79821.13,""size"":0.00126349,""num_orders"":1},{""price"":79821.12,""size"":0.80998627,""num_orders"":2},{""price"":79821.11,""size"":0.15057637,""num_orders"":1},{""price"":79821.1,""size"":0.15034643,""num_orders"":1},{""price"":79821.08,""size"":0.04508804,""num_orders"":1}]","[{""price"":79824.01,""size"":0.00023098,""num_orders"":2},{""price"":79825.2,""size"":1.4e-05,""num_orders"":1},{""price"":79825.77,""size"":0.02505456,""num_orders"":2},{""price"":79828.2,""size"":0.00393178,""num_orders"":1},{""price"":79829.96,""size"":1.4e-05,""num_orders"":1},{""price"":79832.13,""size"":0.025,""num_orders"":1},{""price"":79834.72,""size"":1.4e-05,""num_orders"":1},{""price"":79835.44,""size"":0.02567743,""num_orders"":35},{""price"":79836.33,""size"":0.15057637,""num_orders"":1},{""price"":79836.34,""size"":0.15034643,""num_orders"":1}]"
btc_usd_d10_20260825T013901Z,21,2026-08-25T02:00:01.506084Z,2026-08-25T02:00:01.506234Z,BTC-USD,10,ok,,134897118114,2026-08-25T01:59:59.131373468Z,0.65284911,0.62028586,0.025577217473,79821.889999999999,79821.899999999994,79821.89499999999,0.009999999995,0.001252789099,"[{""price"":79821.89,""size"":0.26189036,""num_orders"":5},{""price"":79821.88,""size"":0.03,""num_orders"":1},{""price"":79821.86,""size"":0.03,""num_orders"":1},{""price"":79821.64,""size"":0.12518197,""num_orders"":1},{""price"":79821.63,""size"":0.1,""num_orders"":1},{""price"":79821.5,""size"":0.00093959,""num_orders"":1},{""price"":79819.63,""size"":0.00400893,""num_orders"":1},{""price"":79819.26,""size"":0.00050113,""num_orders"":1},{""price"":79819.25,""size"":0.10022644,""num_orders"":1},{""price"":79819.18,""size"":0.00010069,""num_orders"":1}]","[{""price"":79821.9,""size"":0.00371926,""num_orders"":1},{""price"":79824.95,""size"":0.025,""num_orders"":1},{""price"":79825.2,""size"":1.4e-05,""num_orders"":1},{""price"":79826.73,""size"":0.10021706,""num_orders"":1},{""price"":79827.02,""size"":0.03759928,""num_orders"":1},{""price"":79829.96,""size"":1.4e-05,""num_orders"":1},{""price"":79830.32,""size"":0.00222309,""num_orders"":1},{""price"":79830.33,""size"":0.15057637,""num_orders"":1},{""price"":79830.34,""size"":0.15034643,""num_orders"":1},{""price"":79832.95,""size"":0.15057637,""num_orders"":1}]"
btc_usd_d10_20260825T013901Z,22,2026-08-25T02:01:01.506084Z,2026-08-25T02:01:01.506229Z,BTC-USD,10,ok,,134897186632,2026-08-25T02:00:59.184420305Z,0.87116175,0.68821172,0.117322779642,79791.880000000005,79791.889999999999,79791.885000000009,0.009999999995,0.001253260278,"[{""price"":79791.88,""size"":4.462e-05,""num_orders"":2},{""price"":79788.42,""size"":0.009924,""num_orders"":1},{""price"":79787.12,""size"":1.4e-05,""num_orders"":1},{""price"":79785.77,""size"":0.17538024,""num_orders"":1},{""price"":79783.03,""size"":0.15034643,""num_orders"":1},{""price"":79783.02,""size"":0.35941648,""num_orders"":1},{""price"":79783.01,""size"":0.17538024,""num_orders"":1},{""price"":79782.78,""size"":1.88e-05,""num_orders"":1},{""price"":79782.36,""size"":1.4e-05,""num_orders"":1},{""price"":79781.93,""size"":0.00062294,""num_orders"":1}]","[{""price"":79791.89,""size"":0.18427122,""num_orders"":4},{""price"":79792.02,""size"":0.025,""num_orders"":1},{""price"":79792.58,""size"":0.03758415,""num_orders"":1},{""price"":79793.89,""size"":0.00401043,""num_orders"":1},{""price"":79794.81,""size"":0.104702,""num_orders"":1},{""price"":79794.82,""size"":0.17538024,""num_orders"":1},{""price"":79795.62,""size"":0.15034643,""num_orders"":1},{""price"":79796.58,""size"":0.00501304,""num_orders"":1},{""price"":79796.63,""size"":0.00126312,""num_orders"":1},{""price"":79796.65,""size"":0.00064109,""num_orders"":3}]"
btc_usd_d10_20260825T013901Z,23,2026-08-25T02:02:01.506084Z,2026-08-25T02:02:01.506226Z,BTC-USD,10,ok,,134897258831,2026-08-25T02:02:00.114083724Z,0.94705938,0.16547884,0.702520170498,79752.440000000002,79752.449999999997,79752.445000000007,0.009999999995,0.001253880053,"[{""price"":79752.44,""size"":0.0595,""num_orders"":1},{""price"":79751.44,""size"":0.1,""num_orders"":1},{""price"":79751.14,""size"":0.27176495,""num_orders"":1},{""price"":79751.12,""size"":0.07523281,""num_orders"":1},{""price"":79751.11,""size"":0.15034643,""num_orders"":1},{""price"":79750.92,""size"":0.15034643,""num_orders"":1},{""price"":79750.84,""size"":0.0250781,""num_orders"":2},{""price"":79749.82,""size"":0.10081526,""num_orders"":2},{""price"":79748.93,""size"":0.00401249,""num_orders"":1},{""price"":79748.03,""size"":0.00996291,""num_orders"":2}]","[{""price"":79752.45,""size"":0.00056435,""num_orders"":2},{""price"":79752.79,""size"":0.0595,""num_orders"":1},{""price"":79753.8,""size"":1.4e-05,""num_orders"":1},{""price"":79755.25,""size"":0.00094041,""num_orders"":1},{""price"":79755.57,""size"":0.0376083,""num_orders"":1},{""price"":79756.16,""size"":0.025,""num_orders"":1},{""price"":79758.56,""size"":1.4e-05,""num_orders"":1},{""price"":79759.35,""size"":0.00212622,""num_orders"":1},{""price"":79759.5,""size"":0.00183106,""num_orders"":1},{""price"":79759.51,""size"":0.0378805,""num_orders"":1}]"
btc_usd_d10_20260825T013901Z,24,2026-08-25T02:03:01.506084Z,2026-08-25T02:03:01.506222Z,BTC-USD,10,ok,,134897341507,2026-08-25T02:02:59.496527487Z,1.43669214,0.69614279,0.347213626138,79899,79899.009999999995,79899.005000000005,0.009999999995,0.001251580041,"[{""price"":79899.0,""size"":1.00003604,""num_orders"":2},{""price"":79897.41,""size"":0.01495246,""num_orders"":1},{""price"":79897.4,""size"":0.0250321,""num_orders"":2},{""price"":79896.6,""size"":1.39e-05,""num_orders"":1},{""price"":79895.63,""size"":0.08967159,""num_orders"":1},{""price"":79895.62,""size"":0.07509483,""num_orders"":1},{""price"":79893.12,""size"":0.07509483,""num_orders"":1},{""price"":79891.84,""size"":1.4e-05,""num_orders"":1},{""price"":79891.2,""size"":0.00206871,""num_orders"":1},{""price"":79891.19,""size"":0.15471368,""num_orders"":1}]","[{""price"":79899.01,""size"":0.0454879,""num_orders"":4},{""price"":79899.33,""size"":0.100126,""num_orders"":1},{""price"":79900.61,""size"":0.0250311,""num_orders"":2},{""price"":79900.72,""size"":0.025,""num_orders"":1},{""price"":79901.26,""size"":0.00400504,""num_orders"":1},{""price"":79903.31,""size"":0.0050064,""num_orders"":1},{""price"":79908.5,""size"":0.23075801,""num_orders"":2},{""price"":79908.51,""size"":0.15018965,""num_orders"":1},{""price"":79908.6,""size"":0.00093869,""num_orders"":1},{""price"":79908.65,""size"":0.1096,""num_orders"":1}]"
btc_usd_d10_20260825T013901Z,25,2026-08-25T02:04:01.506084Z,2026-08-25T02:04:01.506231Z,BTC-USD,10,ok,,134897431966,2026-08-25T02:03:58.684146515Z,1.33648312,0.65890397,0.339572784346,79796.639999999999,79796.649999999994,79796.64499999999,0.009999999995,0.001253185519,"[{""price"":79796.64,""size"":3.581e-05,""num_orders"":2},{""price"":79791.88,""size"":1.4e-05,""num_orders"":1},{""price"":79789.94,""size"":0.0010317,""num_orders"":1},{""price"":79789.41,""size"":0.0250853,""num_orders"":3},{""price"":79788.93,""size"":0.07509483,""num_orders"":1},{""price"":79787.12,""size"":1.4e-05,""num_orders"":1},{""price"":79786.53,""size"":0.07509483,""num_orders"":1},{""price"":79786.52,""size"":0.15018965,""num_orders"":1},{""price"":79786.5,""size"":1.0,""num_orders"":1},{""price"":79785.28,""size"":0.009923,""num_orders"":1}]","[{""price"":79796.65,""size"":0.20775672,""num_orders"":6},{""price"":79796.7,""size"":0.03228181,""num_orders"":1},{""price"":79796.79,""size"":0.025,""num_orders"":1},{""price"":79798.25,""size"":0.0250632,""num_orders"":2},{""price"":79798.65,""size"":0.00401019,""num_orders"":1},{""price"":79801.34,""size"":0.00501274,""num_orders"":1},{""price"":79801.39,""size"":0.08966322,""num_orders"":1},{""price"":79803.57,""size"":0.07509483,""num_orders"":1},{""price"":79803.82,""size"":0.15018965,""num_orders"":1},{""price"":79806.07,""size"":0.04483161,""num_orders"":1}]"
btc_usd_d10_20260825T013901Z,26,2026-08-25T02:05:01.506084Z,2026-08-25T02:05:01.506233Z,BTC-USD,10,ok,,134897502177,2026-08-25T02:05:00.342757141Z,0.36019864,0.31033131,0.074370026275,79777.600000000006,79777.610000000001,79777.60500000001,0.009999999995,0.001253484608,"[{""price"":79777.6,""size"":0.22004192,""num_orders"":4},{""price"":79777.29,""size"":0.0010968,""num_orders"":1},{""price"":79776.0,""size"":0.00311497,""num_orders"":1},{""price"":79775.6,""size"":0.00401115,""num_orders"":1},{""price"":79774.1,""size"":0.00070504,""num_orders"":1},{""price"":79774.09,""size"":0.04483997,""num_orders"":1},{""price"":79774.08,""size"":0.07509483,""num_orders"":1},{""price"":79773.77,""size"":0.00501376,""num_orders"":1},{""price"":79772.84,""size"":1.4e-05,""num_orders"":1},{""price"":79771.68,""size"":0.0062662,""num_orders"":1}]","[{""price"":79777.61,""size"":0.00161289,""num_orders"":2},{""price"":79778.46,""size"":0.00034733,""num_orders"":1},{""price"":79778.81,""size"":0.00411671,""num_orders"":1},{""price"":79781.15,""size"":0.00011574,""num_orders"":1},{""price"":79783.01,""size"":0.02260458,""num_orders"":1},{""price"":79783.14,""size"":0.00010044,""num_orders"":1},{""price"":79784.07,""size"":0.0025068,""num_orders"":1},{""price"":79784.14,""size"":9.919e-05,""num_orders"":1},{""price"":79786.4,""size"":0.12863798,""num_orders"":1},{""price"":79786.41,""size"":0.15018965,""num_orders"":1}]"
btc_usd_d10_20260825T013901Z,27,2026-08-25T02:06:01.506084Z,2026-08-25T02:06:01.506186Z,BTC-USD,10,ok,,134897571310,2026-08-25T02:06:00.036439239Z,0.22512331,0.90889668,-0.602964124116,79777.600000000006,79777.610000000001,79777.60500000001,0.009999999995,0.001253484608,"[{""price"":79777.6,""size"":3.314e-05,""num_orders"":2},{""price"":79772.84,""size"":1.4e-05,""num_orders"":1},{""price"":79768.08,""size"":1.4e-05,""num_orders"":1},{""price"":79764.48,""size"":0.04483161,""num_orders"":1},{""price"":79764.47,""size"":0.07509483,""num_orders"":1},{""price"":79763.76,""size"":0.00012945,""num_orders"":1},{""price"":79763.32,""size"":1.4e-05,""num_orders"":1},{""price"":79763.04,""size"":0.00012945,""num_orders"":1},{""price"":79762.32,""size"":0.00012945,""num_orders"":1},{""price"":79762.01,""size"":0.10473338,""num_orders"":2}]","[{""price"":79777.61,""size"":0.42685003,""num_orders"":11},{""price"":79778.36,""size"":0.01731966,""num_orders"":1},{""price"":79779.21,""size"":0.02506918,""num_orders"":2},{""price"":79779.61,""size"":0.00401115,""num_orders"":1},{""price"":79781.68,""size"":0.07509483,""num_orders"":1},{""price"":79781.69,""size"":0.09265654,""num_orders"":1},{""price"":79781.7,""size"":0.15018965,""num_orders"":1},{""price"":79782.3,""size"":0.00501393,""num_orders"":1},{""price"":79784.6,""size"":0.0794802,""num_orders"":2},{""price"":79786.09,""size"":0.03321151,""num_orders"":1}]"
btc_usd_d10_20260825T013901Z,28,2026-08-25T02:07:01.506084Z,2026-08-25T02:07:01.506222Z,BTC-USD,10,ok,,134897622470,2026-08-25T02:06:59.603775740Z,0.21210276,0.76943247,-0.567814269896,79744.279999999999,79744.289999999994,79744.285000000003,0.009999999995,0.001254008359,"[{""price"":79744.28,""size"":1.391e-05,""num_orders"":1},{""price"":79739.52,""size"":1.4e-05,""num_orders"":1},{""price"":79736.85,""size"":0.00087052,""num_orders"":1},{""price"":79736.84,""size"":0.07509483,""num_orders"":1},{""price"":79734.76,""size"":1.4e-05,""num_orders"":1},{""price"":79734.45,""size"":0.05092442,""num_orders"":1},{""price"":79734.44,""size"":0.07509483,""num_orders"":1},{""price"":79733.87,""size"":1.88e-05,""num_orders"":1},{""price"":79733.52,""size"":0.00012945,""num_orders"":1},{""price"":79733.15,""size"":0.009928,""num_orders"":1}]","[{""price"":79744.29,""size"":0.39139681,""num_orders"":7},{""price"":79746.29,""size"":0.00401282,""num_orders"":1},{""price"":79746.97,""size"":0.15018965,""num_orders"":1},{""price"":79748.97,""size"":0.07509483,""num_orders"":1},{""price"":79748.98,""size"":0.00501603,""num_orders"":1},{""price"":79749.03,""size"":0.025,""num_orders"":1},{""price"":79749.63,""size"":0.04127261,""num_orders"":1},{""price"":79750.6,""size"":0.00165074,""num_orders"":1},{""price"":79751.44,""size"":0.00070415,""num_orders"":1},{""price"":79751.45,""size"":0.07509483,""num_orders"":1}]"
btc_usd_d10_20260825T013901Z,29,2026-08-25T02:08:01.506084Z,2026-08-25T02:08:01.506229Z,BTC-USD,10,ok,,134897681243,2026-08-25T02:07:59.034254703Z,0.78150803,1.01559634,-0.13025860596,79768.080000000002,79768.089999999997,79768.084999999992,0.009999999995,0.001253634207,"[{""price"":79768.08,""size"":1.794e-05,""num_orders"":2},{""price"":79763.32,""size"":1.4e-05,""num_orders"":1},{""price"":79759.98,""size"":0.07509483,""num_orders"":1},{""price"":79758.56,""size"":1.4e-05,""num_orders"":1},{""price"":79757.58,""size"":0.07509483,""num_orders"":1},{""price"":79756.13,""size"":0.10030576,""num_orders"":1},{""price"":79756.02,""size"":0.00050152,""num_orders"":1},{""price"":79755.17,""size"":0.30518067,""num_orders"":1},{""price"":79755.16,""size"":0.07509483,""num_orders"":1},{""price"":79755.13,""size"":0.15018965,""num_orders"":1}]","[{""price"":79768.09,""size"":0.27311019,""num_orders"":8},{""price"":79768.1,""size"":0.21070206,""num_orders"":2},{""price"":79768.16,""size"":0.00194423,""num_orders"":1},{""price"":79769.69,""size"":0.02507218,""num_orders"":2},{""price"":79770.09,""size"":0.00401162,""num_orders"":1},{""price"":79771.09,""size"":0.15018965,""num_orders"":1},{""price"":79771.1,""size"":0.12112331,""num_orders"":1},{""price"":79771.94,""size"":0.07509483,""num_orders"":1},{""price"":79772.06,""size"":0.00324371,""num_orders"":1},{""price"":79772.29,""size"":0.15110456,""num_orders"":1}]"
btc_usd_d10_20260825T013901Z,30,2026-08-25T02:09:01.506084Z,2026-08-25T02:09:01.506199Z,BTC-USD,10,ok,,134897750876,2026-08-25T02:09:00.345339850Z,0.49477735,1.1122767,-0.384243050195,79772.839999999997,79772.850000000006,79772.845000000001,0.010000000009,0.001253559405,"[{""price"":79772.84,""size"":3.071e-05,""num_orders"":2},{""price"":79768.08,""size"":1.4e-05,""num_orders"":1},{""price"":79763.32,""size"":1.4e-05,""num_orders"":1},{""price"":79759.55,""size"":0.09929798,""num_orders"":2},{""price"":79758.56,""size"":1.4e-05,""num_orders"":1},{""price"":79758.53,""size"":0.07509483,""num_orders"":1},{""price"":79757.81,""size"":1.881e-05,""num_orders"":1},{""price"":79757.5,""size"":0.10030404,""num_orders"":1},{""price"":79757.49,""size"":0.00050152,""num_orders"":1},{""price"":79756.07,""size"":0.21948746,""num_orders"":1}]","[{""price"":79772.85,""size"":0.33394135,""num_orders"":8},{""price"":79773.41,""size"":0.07509483,""num_orders"":1},{""price"":79773.42,""size"":0.19864933,""num_orders"":1},{""price"":79773.44,""size"":0.10028401,""num_orders"":1},{""price"":79774.24,""size"":0.15018965,""num_orders"":1},{""price"":79774.85,""size"":0.00401139,""num_orders"":1},{""price"":79776.06,""size"":0.04782511,""num_orders"":1},{""price"":79776.07,""size"":0.07509483,""num_orders"":1},{""price"":79777.54,""size"":0.00501423,""num_orders"":1},{""price"":79780.8,""size"":0.12217197,""num_orders"":2}]"
btc_usd_d10_20260825T013901Z,31,2026-08-25T02:10:01.506084Z,2026-08-25T02:10:01.506191Z,BTC-USD,10,ok,,134897804475,2026-08-25T02:09:59.809524072Z,0.75829305,0.60206739,0.114841372482,79791.75,79791.880000000005,79791.815000000002,0.130000000005,0.016292397911,"[{""price"":79791.75,""size"":0.3,""num_orders"":1},{""price"":79791.74,""size"":0.15018965,""num_orders"":1},{""price"":79790.73,""size"":0.10076357,""num_orders"":2},{""price"":79789.5,""size"":0.0065978,""num_orders"":1},{""price"":79789.49,""size"":0.07509483,""num_orders"":1},{""price"":79788.11,""size"":0.00160846,""num_orders"":1},{""price"":79787.5,""size"":0.00401049,""num_orders"":1},{""price"":79787.46,""size"":0.00010181,""num_orders"":1},{""price"":79785.22,""size"":0.04483161,""num_orders"":1},{""price"":79784.83,""size"":0.07509483,""num_orders"":1}]","[{""price"":79791.88,""size"":1.4e-05,""num_orders"":1},{""price"":79796.04,""size"":0.02261695,""num_orders"":1},{""price"":79796.64,""size"":1.4e-05,""num_orders"":1},{""price"":79799.82,""size"":0.01061683,""num_orders"":1},{""price"":79799.83,""size"":0.00252618,""num_orders"":1},{""price"":79799.85,""size"":0.0654312,""num_orders"":1},{""price"":79799.86,""size"":0.1096,""num_orders"":1},{""price"":79800.03,""size"":0.26449933,""num_orders"":2},{""price"":79800.04,""size"":0.12661945,""num_orders"":1},{""price"":79800.48,""size"":0.00012945,""num_orders"":1}]"
btc_usd_d10_20260825T013901Z,32,2026-08-25T02:11:01.506084Z,2026-08-25T02:11:01.506223Z,BTC-USD,10,ok,,134897875169,2026-08-25T02:10:59.546364408Z,0.46659868,0.75819238,-0.238076280537,79913.160000000003,79913.169999999998,79913.165000000008,0.009999999995,0.001251358271,"[{""price"":79913.16,""size"":0.05402422,""num_orders"":3},{""price"":79911.16,""size"":0.00400434,""num_orders"":1},{""price"":79909.17,""size"":0.00093851,""num_orders"":1},{""price"":79908.46,""size"":0.00500543,""num_orders"":1},{""price"":79904.26,""size"":0.00171227,""num_orders"":1},{""price"":79904.25,""size"":0.04490272,""num_orders"":2},{""price"":79904.24,""size"":0.07510516,""num_orders"":1},{""price"":79903.01,""size"":0.10517889,""num_orders"":1},{""price"":79903.0,""size"":0.10062198,""num_orders"":2},{""price"":79901.64,""size"":0.07510516,""num_orders"":1}]","[{""price"":79913.17,""size"":0.28232423,""num_orders"":6},{""price"":79913.18,""size"":0.00015582,""num_orders"":1},{""price"":79914.41,""size"":0.00081398,""num_orders"":1},{""price"":79914.42,""size"":0.05977227,""num_orders"":1},{""price"":79914.45,""size"":0.10010705,""num_orders"":1},{""price"":79915.64,""size"":1.4e-05,""num_orders"":1},{""price"":79917.23,""size"":0.08967556,""num_orders"":1},{""price"":79917.25,""size"":0.15021031,""num_orders"":1},{""price"":79918.17,""size"":0.07510516,""num_orders"":1},{""price"":79920.4,""size"":1.4e-05,""num_orders"":1}]"
btc_usd_d10_20260825T013901Z,33,2026-08-25T02:12:01.506084Z,2026-08-25T02:12:01.506217Z,BTC-USD,10,ok,,134897944181,2026-08-25T02:12:01.102498475Z,0.3932607,0.91483723,-0.398728962135,79861.669999999998,79861.679999999993,79861.674999999988,0.009999999995,0.001252165071,"[{""price"":79861.67,""size"":8.95e-06,""num_orders"":1},{""price"":79858.52,""size"":3.149e-05,""num_orders"":2},{""price"":79853.76,""size"":1.4e-05,""num_orders"":1},{""price"":79852.99,""size"":0.07510516,""num_orders"":1},{""price"":79852.12,""size"":0.0250463,""num_orders"":2},{""price"":79850.57,""size"":0.07510516,""num_orders"":1},{""price"":79849.72,""size"":0.15021031,""num_orders"":1},{""price"":79849.0,""size"":1.4e-05,""num_orders"":1},{""price"":79848.32,""size"":0.02258012,""num_orders"":1},{""price"":79846.25,""size"":0.04514521,""num_orders"":1}]","[{""price"":79861.68,""size"":0.36005011,""num_orders"":9},{""price"":79862.17,""size"":0.00085923,""num_orders"":1},{""price"":79862.18,""size"":0.12249642,""num_orders"":1},{""price"":79862.19,""size"":0.07510516,""num_orders"":1},{""price"":79862.22,""size"":0.10017252,""num_orders"":1},{""price"":79863.28,""size"":0.0250428,""num_orders"":2},{""price"":79863.68,""size"":0.00400692,""num_orders"":1},{""price"":79864.45,""size"":0.00298327,""num_orders"":1},{""price"":79864.75,""size"":0.14901564,""num_orders"":2},{""price"":79865.84,""size"":0.07510516,""num_orders"":1}]"
btc_usd_d10_20260825T013901Z,34,2026-08-25T02:13:01.506084Z,2026-08-25T02:13:01.506206Z,BTC-USD,10,ok,,134898000894,2026-08-25T02:13:00.017711479Z,0.4876918,0.81201455,-0.24953540467,79834.699999999997,79834.710000000006,79834.705000000002,0.010000000009,0.001252588083,"[{""price"":79834.7,""size"":0.00400772,""num_orders"":1},{""price"":79833.0,""size"":0.0250523,""num_orders"":2},{""price"":79832.61,""size"":0.00400828,""num_orders"":1},{""price"":79829.92,""size"":0.00501035,""num_orders"":1},{""price"":79825.28,""size"":0.00110192,""num_orders"":1},{""price"":79825.27,""size"":0.10502014,""num_orders"":2},{""price"":79825.26,""size"":0.07510516,""num_orders"":1},{""price"":79824.71,""size"":0.10072067,""num_orders"":2},{""price"":79822.78,""size"":0.00625891,""num_orders"":1},{""price"":79822.77,""size"":0.16140635,""num_orders"":1}]","[{""price"":79834.71,""size"":0.36614695,""num_orders"":6},{""price"":79834.72,""size"":1.399e-05,""num_orders"":1},{""price"":79835.06,""size"":0.12356907,""num_orders"":1},{""price"":79835.08,""size"":0.10020658,""num_orders"":1},{""price"":79836.31,""size"":0.02505126,""num_orders"":2},{""price"":79837.81,""size"":0.07510516,""num_orders"":1},{""price"":79839.48,""size"":1.4e-05,""num_orders"":1},{""price"":79840.48,""size"":0.04566484,""num_orders"":1},{""price"":79840.49,""size"":0.07510516,""num_orders"":1},{""price"":79841.09,""size"":0.00113754,""num_orders"":1}]"
btc_usd_d10_20260825T013901Z,35,2026-08-25T02:14:01.506084Z,2026-08-25T02:14:01.506209Z,BTC-USD,10,ok,,134898062316,2026-08-25T02:13:59.020405426Z,0.59942753,0.58292392,0.013958294719,79829.850000000006,79829.860000000001,79829.85500000001,0.009999999995,0.001252664181,"[{""price"":79829.85,""size"":0.00092031,""num_orders"":1},{""price"":79828.26,""size"":0.00137138,""num_orders"":1},{""price"":79828.25,""size"":0.02505378,""num_orders"":2},{""price"":79827.28,""size"":0.1185322,""num_orders"":3},{""price"":79826.34,""size"":0.07510516,""num_orders"":1},{""price"":79825.43,""size"":0.03757809,""num_orders"":1},{""price"":79825.2,""size"":0.10073406,""num_orders"":3},{""price"":79823.83,""size"":0.00626366,""num_orders"":1},{""price"":79823.82,""size"":0.07510516,""num_orders"":1},{""price"":79823.8,""size"":0.15876373,""num_orders"":2}]","[{""price"":79829.86,""size"":0.17544565,""num_orders"":6},{""price"":79830.79,""size"":0.025,""num_orders"":1},{""price"":79831.46,""size"":0.02505278,""num_orders"":2},{""price"":79831.86,""size"":0.00400852,""num_orders"":1},{""price"":79834.55,""size"":0.00501065,""num_orders"":1},{""price"":79835.88,""size"":0.00115487,""num_orders"":1},{""price"":79835.89,""size"":0.05982271,""num_orders"":1},{""price"":79835.9,""size"":0.10020555,""num_orders"":1},{""price"":79836.97,""size"":0.07510516,""num_orders"":1},{""price"":79836.98,""size"":0.11211803,""num_orders"":1}]"
btc_usd_d10_20260825T013901Z,36,2026-08-25T02:15:01.506084Z,2026-08-25T02:15:01.506225Z,BTC-USD,10,ok,,134898132957,2026-08-25T02:14:59.629573538Z,0.27036007,0.86565645,-0.524020883077,79851.789999999994,79851.800000000003,79851.794999999998,0.010000000009,0.001252320002,"[{""price"":79851.79,""size"":0.0040072,""num_orders"":1},{""price"":79850.78,""size"":6.141e-05,""num_orders"":2},{""price"":79850.2,""size"":0.00252557,""num_orders"":1},{""price"":79850.19,""size"":0.0250469,""num_orders"":2},{""price"":79849.59,""size"":0.00400743,""num_orders"":1},{""price"":79849.28,""size"":0.10068969,""num_orders"":2},{""price"":79849.0,""size"":1.4e-05,""num_orders"":1},{""price"":79848.15,""size"":0.02243016,""num_orders"":1},{""price"":79848.14,""size"":0.03757146,""num_orders"":1},{""price"":79847.76,""size"":0.07400625,""num_orders"":1}]","[{""price"":79851.8,""size"":0.23025862,""num_orders"":4},{""price"":79853.4,""size"":0.0250459,""num_orders"":2},{""price"":79856.19,""size"":0.10068099,""num_orders"":2},{""price"":79857.04,""size"":8.357e-05,""num_orders"":1},{""price"":79858.43,""size"":0.07510516,""num_orders"":1},{""price"":79859.04,""size"":0.025,""num_orders"":1},{""price"":79860.11,""size"":0.03757146,""num_orders"":1},{""price"":79861.03,""size"":0.14659528,""num_orders"":1},{""price"":79861.05,""size"":0.07510516,""num_orders"":1},{""price"":79861.06,""size"":0.15021031,""num_orders"":1}]"
btc_usd_d10_20260825T013901Z,37,2026-08-25T02:16:01.506084Z,2026-08-25T02:16:01.506206Z,BTC-USD,10,ok,,134898189013,2026-08-25T02:15:59.181471853Z,0.81873484,0.27831854,0.492607114523,79834.070000000007,79834.080000000002,79834.075000000012,0.009999999995,0.001252597966,"[{""price"":79834.07,""size"":0.04393858,""num_orders"":2},{""price"":79832.07,""size"":0.00400831,""num_orders"":1},{""price"":79830.51,""size"":0.00252625,""num_orders"":1},{""price"":79830.49,""size"":0.09266676,""num_orders"":1},{""price"":79829.76,""size"":0.15021031,""num_orders"":1},{""price"":79829.38,""size"":0.00501039,""num_orders"":1},{""price"":79827.88,""size"":0.07510516,""num_orders"":1},{""price"":79827.87,""size"":0.19434207,""num_orders"":1},{""price"":79827.86,""size"":0.1007167,""num_orders"":2},{""price"":79825.2,""size"":0.15021031,""num_orders"":1}]","[{""price"":79834.08,""size"":0.07367489,""num_orders"":3},{""price"":79834.23,""size"":0.025,""num_orders"":1},{""price"":79835.22,""size"":0.03758164,""num_orders"":1},{""price"":79836.08,""size"":0.10070634,""num_orders"":2},{""price"":79838.49,""size"":5.787e-05,""num_orders"":1},{""price"":79838.79,""size"":0.001265,""num_orders"":1},{""price"":79839.48,""size"":1.4e-05,""num_orders"":1},{""price"":79841.64,""size"":0.02,""num_orders"":1},{""price"":79841.65,""size"":1.88e-05,""num_orders"":1},{""price"":79842.6,""size"":0.02,""num_orders"":1}]"
btc_usd_d10_20260825T013901Z,38,2026-08-25T02:17:01.506084Z,2026-08-25T02:17:01.506228Z,BTC-USD,10,ok,,134898234936,2026-08-25T02:17:01.100231642Z,0.72597517,0.39530632,0.29490262075,79858.520000000004,79858.529999999999,79858.524999999994,0.009999999995,0.001252214462,"[{""price"":79858.52,""size"":4.226e-05,""num_orders"":2},{""price"":79853.76,""size"":1.4e-05,""num_orders"":1},{""price"":79853.66,""size"":0.00126312,""num_orders"":1},{""price"":79851.46,""size"":0.07510516,""num_orders"":1},{""price"":79850.53,""size"":0.1096,""num_orders"":1},{""price"":79849.0,""size"":1.4e-05,""num_orders"":1},{""price"":79848.95,""size"":0.23948308,""num_orders"":1},{""price"":79848.94,""size"":0.07510516,""num_orders"":1},{""price"":79848.64,""size"":0.15021031,""num_orders"":1},{""price"":79848.57,""size"":0.07513808,""num_orders"":1}]","[{""price"":79858.53,""size"":0.10761345,""num_orders"":4},{""price"":79858.54,""size"":0.03,""num_orders"":1},{""price"":79858.55,""size"":0.09325941,""num_orders"":2},{""price"":79858.56,""size"":0.03,""num_orders"":1},{""price"":79859.16,""size"":0.025,""num_orders"":1},{""price"":79860.13,""size"":0.02504378,""num_orders"":2},{""price"":79860.53,""size"":0.00400708,""num_orders"":1},{""price"":79860.54,""size"":0.07513808,""num_orders"":1},{""price"":79861.68,""size"":0.00023567,""num_orders"":2},{""price"":79863.22,""size"":0.00500885,""num_orders"":1}]"
btc_usd_d10_20260825T013901Z,39,2026-08-25T02:18:01.506084Z,2026-08-25T02:18:01.506207Z,BTC-USD,10,ok,,134898334622,2026-08-25T02:17:59.064073500Z,0.1933722,2.71771486,-0.867147772626,80061.559999999998,80676.470000000001,80369.014999999999,614.910000000003,76.510829453366,"[{""price"":80061.56,""size"":3e-08,""num_orders"":3},{""price"":80038.89,""size"":0.0714,""num_orders"":1},{""price"":80037.89,""size"":0.0714,""num_orders"":1},{""price"":79997.01,""size"":0.01250046,""num_orders"":1},{""price"":79987.04,""size"":1.4e-05,""num_orders"":1},{""price"":79948.96,""size"":1.4e-05,""num_orders"":1},{""price"":79939.44,""size"":1.4e-05,""num_orders"":1},{""price"":79934.68,""size"":1.4e-05,""num_orders"":1},{""price"":79929.92,""size"":1.4e-05,""num_orders"":1},{""price"":79928.42,""size"":0.03800171,""num_orders"":1}]","[{""price"":80676.47,""size"":0.00062004,""num_orders"":1},{""price"":80681.76,""size"":1.72269109,""num_orders"":1},{""price"":80687.99,""size"":0.060083,""num_orders"":1},{""price"":80688.0,""size"":0.17304694,""num_orders"":1},{""price"":80688.38,""size"":0.73420011,""num_orders"":1},{""price"":80688.39,""size"":0.00090069,""num_orders"":1},{""price"":80689.08,""size"":0.0009722,""num_orders"":1},{""price"":80690.01,""size"":0.00028541,""num_orders"":1},{""price"":80690.92,""size"":0.02478593,""num_orders"":1},{""price"":80691.12,""size"":0.00012945,""num_orders"":1}]"
btc_usd_d10_20260825T013901Z,40,2026-08-25T02:19:01.506084Z,2026-08-25T02:19:01.506215Z,BTC-USD,10,ok,,134898538512,2026-08-25T02:18:59.532735954Z,1.90813665,0.38621983,0.663330582351,80875.970000000001,80875.979999999996,80875.975000000006,0.009999999995,0.001236461136,"[{""price"":80875.97,""size"":0.36926735,""num_orders"":3},{""price"":80875.64,""size"":0.09891729,""num_orders"":1},{""price"":80874.35,""size"":0.02472972,""num_orders"":2},{""price"":80874.0,""size"":1.0,""num_orders"":1},{""price"":80868.66,""size"":0.29694502,""num_orders"":1},{""price"":80868.65,""size"":0.1096,""num_orders"":1},{""price"":80867.65,""size"":0.00190592,""num_orders"":1},{""price"":80867.64,""size"":1.4e-05,""num_orders"":1},{""price"":80863.84,""size"":0.00092735,""num_orders"":1},{""price"":80863.6,""size"":0.00583,""num_orders"":1}]","[{""price"":80875.98,""size"":1.3e-07,""num_orders"":1},{""price"":80883.31,""size"":0.15126661,""num_orders"":1},{""price"":80884.93,""size"":0.02472648,""num_orders"":2},{""price"":80885.75,""size"":0.01021,""num_orders"":1},{""price"":80885.76,""size"":0.00011574,""num_orders"":1},{""price"":80886.68,""size"":1.4e-05,""num_orders"":1},{""price"":80887.0,""size"":0.00613376,""num_orders"":1},{""price"":80887.68,""size"":1.054e-05,""num_orders"":1},{""price"":80887.91,""size"":5.114e-05,""num_orders"":1},{""price"":80888.0,""size"":0.19369143,""num_orders"":5}]"
btc_usd_d10_20260825T013901Z,41,2026-08-25T02:20:01.506084Z,2026-08-25T02:20:01.506223Z,BTC-USD,10,ok,,134898733467,2026-08-25T02:20:00.975184119Z,0.53610769,1.35292168,-0.432398777368,80829.550000000003,80829.559999999998,80829.554999999993,0.009999999995,0.00123717123,"[{""price"":80829.55,""size"":0.26051774,""num_orders"":1},{""price"":80824.8,""size"":1.4e-05,""num_orders"":1},{""price"":80820.04,""size"":1.4e-05,""num_orders"":1},{""price"":80818.42,""size"":0.06590456,""num_orders"":1},{""price"":80818.41,""size"":0.1096,""num_orders"":1},{""price"":80818.12,""size"":0.00079289,""num_orders"":1},{""price"":80815.28,""size"":1.4e-05,""num_orders"":1},{""price"":80814.93,""size"":0.0989916,""num_orders"":1},{""price"":80814.24,""size"":0.00012945,""num_orders"":1},{""price"":80813.52,""size"":0.00012945,""num_orders"":1}]","[{""price"":80829.56,""size"":0.02781,""num_orders"":1},{""price"":80837.09,""size"":0.09896447,""num_orders"":1},{""price"":80839.08,""size"":0.00618789,""num_orders"":1},{""price"":80839.09,""size"":0.14855189,""num_orders"":1},{""price"":80839.5,""size"":1.0,""num_orders"":1},{""price"":80840.4,""size"":0.03,""num_orders"":1},{""price"":80840.42,""size"":0.03,""num_orders"":1},{""price"":80841.1,""size"":0.00395871,""num_orders"":1},{""price"":80843.83,""size"":0.00494839,""num_orders"":1},{""price"":80843.84,""size"":0.00250033,""num_orders"":1}]"
btc_usd_d10_20260825T013901Z,42,2026-08-25T02:21:01.506084Z,2026-08-25T02:21:01.506200Z,BTC-USD,10,ok,,134898939318,2026-08-25T02:21:00.547147982Z,0.37602344,0.58360376,-0.216313501743,80887.279999999999,80887.289999999994,80887.285000000003,0.009999999995,0.001236288249,"[{""price"":80887.28,""size"":0.0714,""num_orders"":1},{""price"":80886.13,""size"":0.1096,""num_orders"":1},{""price"":80881.94,""size"":0.02,""num_orders"":1},{""price"":80881.93,""size"":0.02,""num_orders"":1},{""price"":80881.92,""size"":1.4e-05,""num_orders"":1},{""price"":80877.16,""size"":1.4e-05,""num_orders"":1},{""price"":80874.93,""size"":4.179e-05,""num_orders"":1},{""price"":80874.54,""size"":0.00092725,""num_orders"":1},{""price"":80872.4,""size"":1.4e-05,""num_orders"":1},{""price"":80871.45,""size"":0.1540124,""num_orders"":1}]","[{""price"":80887.29,""size"":0.01036947,""num_orders"":2},{""price"":80889.32,""size"":0.00395617,""num_orders"":1},{""price"":80892.05,""size"":0.00494522,""num_orders"":1},{""price"":80893.35,""size"":0.14837722,""num_orders"":1},{""price"":80899.83,""size"":0.14837722,""num_orders"":1},{""price"":80899.84,""size"":0.04741652,""num_orders"":1},{""price"":80900.27,""size"":0.14837722,""num_orders"":1},{""price"":80900.92,""size"":0.024,""num_orders"":1},{""price"":80900.96,""size"":1.4e-05,""num_orders"":1},{""price"":80907.04,""size"":0.04777072,""num_orders"":1}]"
btc_usd_d10_20260825T013901Z,43,2026-08-25T02:22:01.506084Z,2026-08-25T02:22:01.506193Z,BTC-USD,10,ok,,134899105236,2026-08-25T02:21:59.628844718Z,1.06825997,0.54757685,0.322237439793,80778.059999999998,80778.070000000007,80778.065000000002,0.010000000009,0.001237959836,"[{""price"":80778.06,""size"":0.00126272,""num_orders"":1},{""price"":80778.05,""size"":0.02002745,""num_orders"":2},{""price"":80776.95,""size"":2.277e-05,""num_orders"":1},{""price"":80775.68,""size"":6.153e-05,""num_orders"":1},{""price"":80772.44,""size"":1.4e-05,""num_orders"":1},{""price"":80771.5,""size"":0.10062803,""num_orders"":1},{""price"":80768.36,""size"":0.02,""num_orders"":1},{""price"":80768.34,""size"":0.14854217,""num_orders"":1},{""price"":80767.68,""size"":1.4e-05,""num_orders"":1},{""price"":80765.8,""size"":0.7776873,""num_orders"":2}]","[{""price"":80778.07,""size"":0.09673441,""num_orders"":2},{""price"":80781.06,""size"":0.00617386,""num_orders"":1},{""price"":80781.07,""size"":0.02533447,""num_orders"":1},{""price"":80783.39,""size"":0.0742723,""num_orders"":1},{""price"":80784.13,""size"":0.06336236,""num_orders"":1},{""price"":80785.02,""size"":0.00378491,""num_orders"":1},{""price"":80785.85,""size"":0.0742723,""num_orders"":1},{""price"":80786.72,""size"":1.4e-05,""num_orders"":1},{""price"":80787.26,""size"":0.02806339,""num_orders"":1},{""price"":80788.35,""size"":0.17556485,""num_orders"":1}]"
btc_usd_d10_20260825T013901Z,44,2026-08-25T02:23:01.506084Z,2026-08-25T02:23:01.506209Z,BTC-USD,10,ok,,134899265835,2026-08-25T02:23:01.022804581Z,0.30732159,1.05809407,-0.549849032785,80662.960000000006,80662.970000000001,80662.964999999997,0.009999999995,0.00123972631,"[{""price"":80662.96,""size"":1.4e-05,""num_orders"":1},{""price"":80658.2,""size"":1.4e-05,""num_orders"":1},{""price"":80653.44,""size"":1.4e-05,""num_orders"":1},{""price"":80652.12,""size"":0.05921729,""num_orders"":1},{""price"":80652.11,""size"":0.09919144,""num_orders"":1},{""price"":80650.3,""size"":1.859e-05,""num_orders"":1},{""price"":80648.68,""size"":1.4e-05,""num_orders"":1},{""price"":80644.92,""size"":0.14876264,""num_orders"":1},{""price"":80643.92,""size"":1.4e-05,""num_orders"":1},{""price"":80643.91,""size"":6.163e-05,""num_orders"":1}]","[{""price"":80662.97,""size"":0.32528862,""num_orders"":3},{""price"":80664.09,""size"":0.09917672,""num_orders"":1},{""price"":80666.72,""size"":0.14871598,""num_orders"":1},{""price"":80667.72,""size"":0.00579267,""num_orders"":1},{""price"":80667.73,""size"":0.14876262,""num_orders"":1},{""price"":80669.75,""size"":0.00396689,""num_orders"":1},{""price"":80670.62,""size"":0.14871598,""num_orders"":1},{""price"":80672.47,""size"":0.00495861,""num_orders"":1},{""price"":80674.54,""size"":0.14871598,""num_orders"":1},{""price"":80676.25,""size"":0.024,""num_orders"":1}]"
btc_usd_d10_20260825T013901Z,45,2026-08-25T02:24:01.506084Z,2026-08-25T02:24:01.506231Z,BTC-USD,10,ok,,134899391208,2026-08-25T02:24:00.045702483Z,0.97286793,0.64551662,0.202270412184,80653.570000000007,80653.580000000002,80653.575000000012,0.009999999995,0.001239870644,"[{""price"":80653.57,""size"":0.18595189,""num_orders"":2},{""price"":80653.56,""size"":2.4e-07,""num_orders"":1},{""price"":80651.95,""size"":0.02479792,""num_orders"":2},{""price"":80649.62,""size"":0.00252625,""num_orders"":1},{""price"":80649.61,""size"":0.14876264,""num_orders"":1},{""price"":80649.6,""size"":0.03,""num_orders"":1},{""price"":80649.59,""size"":0.17361411,""num_orders"":1},{""price"":80645.79,""size"":0.17361411,""num_orders"":1},{""price"":80644.65,""size"":0.12400077,""num_orders"":1},{""price"":80643.98,""size"":0.1096,""num_orders"":1}]","[{""price"":80653.58,""size"":0.00321771,""num_orders"":1},{""price"":80663.87,""size"":0.04099412,""num_orders"":1},{""price"":80663.88,""size"":0.14876264,""num_orders"":1},{""price"":80664.95,""size"":0.1404609,""num_orders"":2},{""price"":80665.66,""size"":0.03718925,""num_orders"":1},{""price"":80665.67,""size"":0.00092988,""num_orders"":1},{""price"":80666.05,""size"":0.12820642,""num_orders"":1},{""price"":80666.21,""size"":0.00049587,""num_orders"":1},{""price"":80666.34,""size"":0.14513038,""num_orders"":1},{""price"":80666.64,""size"":0.00012945,""num_orders"":1}]"
btc_usd_d10_20260825T013901Z,46,2026-08-25T02:25:01.506084Z,2026-08-25T02:25:01.506215Z,BTC-USD,10,ok,,134899547044,2026-08-25T02:25:00.100428783Z,0.62205201,0.45004432,0.160440517505,80777.679999999993,80777.690000000002,80777.684999999998,0.010000000009,0.00123796566,"[{""price"":80777.68,""size"":0.1514,""num_orders"":3},{""price"":80777.5,""size"":0.024,""num_orders"":1},{""price"":80777.2,""size"":1.4e-05,""num_orders"":1},{""price"":80774.17,""size"":0.00092845,""num_orders"":1},{""price"":80772.44,""size"":1.4e-05,""num_orders"":1},{""price"":80770.56,""size"":0.14828346,""num_orders"":1},{""price"":80770.55,""size"":0.2230488,""num_orders"":2},{""price"":80769.47,""size"":6.314e-05,""num_orders"":1},{""price"":80767.68,""size"":1.4e-05,""num_orders"":1},{""price"":80767.52,""size"":0.07428616,""num_orders"":1}]","[{""price"":80777.69,""size"":0.0012631,""num_orders"":1},{""price"":80779.98,""size"":0.00049517,""num_orders"":1},{""price"":80780.02,""size"":0.09903439,""num_orders"":1},{""price"":80781.21,""size"":0.02043511,""num_orders"":1},{""price"":80781.22,""size"":0.00023101,""num_orders"":2},{""price"":80782.48,""size"":0.009808,""num_orders"":1},{""price"":80783.24,""size"":0.00396131,""num_orders"":1},{""price"":80784.43,""size"":0.07428616,""num_orders"":1},{""price"":80784.44,""size"":0.09176743,""num_orders"":1},{""price"":80784.45,""size"":0.14876264,""num_orders"":1}]"
btc_usd_d10_20260825T013901Z,47,2026-08-25T02:26:01.506084Z,2026-08-25T02:26:01.506188Z,BTC-USD,10,ok,,134899703523,2026-08-25T02:25:59.183796627Z,1.0974806,0.67035508,0.241609288031,80802.110000000001,80802.119999999995,80802.114999999991,0.009999999995,0.001237591367,"[{""price"":80802.11,""size"":0.36763745,""num_orders"":6},{""price"":80801.83,""size"":0.02910514,""num_orders"":1},{""price"":80801.82,""size"":0.024,""num_orders"":1},{""price"":80800.49,""size"":0.02475232,""num_orders"":2},{""price"":80798.91,""size"":0.0977479,""num_orders"":2},{""price"":80798.36,""size"":0.07420405,""num_orders"":1},{""price"":80796.14,""size"":0.09901462,""num_orders"":1},{""price"":80795.96,""size"":0.15840697,""num_orders"":1},{""price"":80795.94,""size"":0.1484081,""num_orders"":1},{""price"":80795.92,""size"":0.07420405,""num_orders"":1}]","[{""price"":80802.12,""size"":0.00017329,""num_orders"":1},{""price"":80812.13,""size"":0.14893021,""num_orders"":1},{""price"":80812.14,""size"":0.1096,""num_orders"":1},{""price"":80813.51,""size"":0.00272309,""num_orders"":1},{""price"":80813.85,""size"":0.00979694,""num_orders"":1},{""price"":80814.88,""size"":0.07420405,""num_orders"":1},{""price"":80814.89,""size"":0.0506,""num_orders"":1},{""price"":80815.28,""size"":1.4e-05,""num_orders"":1},{""price"":80816.24,""size"":0.1259054,""num_orders"":1},{""price"":80816.25,""size"":0.1484081,""num_orders"":1}]"
btc_usd_d10_20260825T013901Z,48,2026-08-25T02:27:01.506084Z,2026-08-25T02:27:01.506203Z,BTC-USD,10,ok,,134899833905,2026-08-25T02:26:58.544701930Z,0.59726816,0.59701528,0.00021174203,80787.610000000001,80787.619999999995,80787.614999999991,0.009999999995,0.001237813493,"[{""price"":80787.61,""size"":0.04999979,""num_orders"":1},{""price"":80786.72,""size"":1.4e-05,""num_orders"":1},{""price"":80785.99,""size"":0.02475676,""num_orders"":2},{""price"":80785.25,""size"":0.00341342,""num_orders"":1},{""price"":80782.39,""size"":0.00252625,""num_orders"":1},{""price"":80782.38,""size"":0.11701613,""num_orders"":3},{""price"":80782.37,""size"":0.0990315,""num_orders"":1},{""price"":80782.2,""size"":0.07420405,""num_orders"":1},{""price"":80781.96,""size"":5.596e-05,""num_orders"":2},{""price"":80779.62,""size"":0.2262503,""num_orders"":1}]","[{""price"":80787.62,""size"":0.19557708,""num_orders"":3},{""price"":80788.52,""size"":4.29e-06,""num_orders"":1},{""price"":80789.23,""size"":0.01769815,""num_orders"":1},{""price"":80789.24,""size"":0.02475578,""num_orders"":2},{""price"":80789.51,""size"":0.00092836,""num_orders"":1},{""price"":80789.64,""size"":0.003961,""num_orders"":1},{""price"":80792.37,""size"":0.00495125,""num_orders"":1},{""price"":80792.64,""size"":0.024,""num_orders"":1},{""price"":80792.87,""size"":0.25093532,""num_orders"":1},{""price"":80792.88,""size"":0.07420405,""num_orders"":1}]"
btc_usd_d10_20260825T013901Z,49,2026-08-25T02:28:01.506084Z,2026-08-25T02:28:01.506219Z,BTC-USD,10,ok,,134899967805,2026-08-25T02:27:59.845360089Z,0.47876781,0.72149744,-0.202229990413,80851.770000000004,80851.779999999999,80851.774999999994,0.009999999995,0.001236831225,"[{""price"":80851.77,""size"":0.00395776,""num_orders"":1},{""price"":80850.15,""size"":0.01713081,""num_orders"":1},{""price"":80850.14,""size"":0.02473712,""num_orders"":2},{""price"":80849.66,""size"":0.0039577,""num_orders"":1},{""price"":80846.93,""size"":0.00494713,""num_orders"":1},{""price"":80846.28,""size"":0.10367028,""num_orders"":1},{""price"":80846.27,""size"":0.07420405,""num_orders"":1},{""price"":80846.25,""size"":0.09944801,""num_orders"":2},{""price"":80843.68,""size"":0.1096,""num_orders"":1},{""price"":80843.46,""size"":0.03711495,""num_orders"":1}]","[{""price"":80851.78,""size"":0.1484081,""num_orders"":1},{""price"":80853.4,""size"":0.02473612,""num_orders"":2},{""price"":80857.25,""size"":0.11532744,""num_orders"":2},{""price"":80857.48,""size"":0.00049469,""num_orders"":1},{""price"":80858.05,""size"":0.09893882,""num_orders"":1},{""price"":80858.12,""size"":1.398e-05,""num_orders"":1},{""price"":80859.87,""size"":0.1096,""num_orders"":1},{""price"":80861.15,""size"":0.07420405,""num_orders"":1},{""price"":80861.16,""size"":0.14818474,""num_orders"":1},{""price"":80861.66,""size"":0.0015895,""num_orders"":1}]"
btc_usd_d10_20260825T013901Z,50,2026-08-25T02:29:01.506084Z,2026-08-25T02:29:01.506214Z,BTC-USD,10,ok,,134900121143,2026-08-25T02:28:59.104693978Z,0.67512535,0.7499411,-0.052499832552,80987.089999999997,80989.610000000001,80988.350000000006,2.520000000004,0.311155863776,"[{""price"":80987.09,""size"":0.07420405,""num_orders"":1},{""price"":80985.4,""size"":0.09878323,""num_orders"":1},{""price"":80981.63,""size"":0.07420405,""num_orders"":1},{""price"":80978.39,""size"":0.1096,""num_orders"":1},{""price"":80977.7,""size"":0.00092608,""num_orders"":1},{""price"":80977.12,""size"":1.4e-05,""num_orders"":1},{""price"":80976.77,""size"":0.07420405,""num_orders"":1},{""price"":80975.84,""size"":0.08859964,""num_orders"":1},{""price"":80975.83,""size"":0.1484081,""num_orders"":1},{""price"":80972.39,""size"":0.00618215,""num_orders"":1}]","[{""price"":80989.61,""size"":0.00018404,""num_orders"":1},{""price"":80991.54,""size"":0.00011574,""num_orders"":1},{""price"":80996.31,""size"":0.10292764,""num_orders"":1},{""price"":80996.32,""size"":0.1484081,""num_orders"":1},{""price"":80998.18,""size"":0.14173479,""num_orders"":2},{""price"":80998.57,""size"":0.024,""num_orders"":1},{""price"":80998.93,""size"":0.09876674,""num_orders"":1},{""price"":80999.99,""size"":0.07420405,""num_orders"":1},{""price"":81000.0,""size"":0.05,""num_orders"":1},{""price"":81000.38,""size"":0.1096,""num_orders"":1}]"
btc_usd_d10_20260825T013901Z,51,2026-08-25T02:30:01.506084Z,2026-08-25T02:30:01.506191Z,BTC-USD,10,ok,,134900261012,2026-08-25T02:30:00.338403267Z,0.814392,0.17057956,0.653635562838,80979.649999999994,80979.660000000003,80979.654999999999,0.010000000009,0.00123487807,"[{""price"":80979.65,""size"":0.0714,""num_orders"":1},{""price"":80979.21,""size"":0.1484081,""num_orders"":1},{""price"":80976.2,""size"":0.02,""num_orders"":1},{""price"":80976.19,""size"":0.02,""num_orders"":1},{""price"":80972.73,""size"":0.1484081,""num_orders"":1},{""price"":80972.56,""size"":0.1096,""num_orders"":1},{""price"":80967.6,""size"":1.4e-05,""num_orders"":1},{""price"":80963.56,""size"":0.1484081,""num_orders"":1},{""price"":80962.84,""size"":1.4e-05,""num_orders"":1},{""price"":80959.5,""size"":0.1481397,""num_orders"":1}]","[{""price"":80979.66,""size"":0.00252625,""num_orders"":1},{""price"":80980.24,""size"":0.00395193,""num_orders"":1},{""price"":80982.97,""size"":0.00493992,""num_orders"":1},{""price"":80984.7,""size"":0.009777,""num_orders"":1},{""price"":80984.92,""size"":0.00256385,""num_orders"":1},{""price"":80991.41,""size"":1.743e-05,""num_orders"":1},{""price"":80992.09,""size"":0.024,""num_orders"":1},{""price"":80994.68,""size"":0.00092623,""num_orders"":1},{""price"":80994.75,""size"":0.1096,""num_orders"":1},{""price"":80998.26,""size"":0.01227695,""num_orders"":1}]"
btc_usd_d10_20260825T013901Z,52,2026-08-25T02:31:01.506084Z,2026-08-25T02:31:01.506232Z,BTC-USD,10,ok,,134900399672,2026-08-25T02:31:00.184518292Z,0.85548388,1.8465181,-0.366777754915,80888.139999999999,80890.940000000002,80889.540000000008,2.800000000003,0.346151059828,"[{""price"":80888.14,""size"":0.14826282,""num_orders"":1},{""price"":80888.09,""size"":0.14826282,""num_orders"":1},{""price"":80886.68,""size"":1.4e-05,""num_orders"":1},{""price"":80884.72,""size"":0.00049453,""num_orders"":1},{""price"":80884.71,""size"":0.09890619,""num_orders"":1},{""price"":80881.92,""size"":1.4e-05,""num_orders"":1},{""price"":80881.27,""size"":0.0654312,""num_orders"":1},{""price"":80881.26,""size"":0.1096,""num_orders"":1},{""price"":80880.36,""size"":0.1362355,""num_orders"":2},{""price"":80880.35,""size"":0.14826282,""num_orders"":1}]","[{""price"":80890.94,""size"":0.07139999,""num_orders"":1},{""price"":80894.99,""size"":0.5993617,""num_orders"":1},{""price"":80897.19,""size"":0.022,""num_orders"":1},{""price"":80897.22,""size"":0.06198894,""num_orders"":1},{""price"":80898.66,""size"":0.09888025,""num_orders"":1},{""price"":80901.67,""size"":0.4887315,""num_orders"":1},{""price"":80901.68,""size"":0.09888025,""num_orders"":1},{""price"":80903.23,""size"":0.14826282,""num_orders"":1},{""price"":80903.64,""size"":0.24722765,""num_orders"":1},{""price"":80903.74,""size"":0.009785,""num_orders"":1}]"
btc_usd_d10_20260825T013901Z,53,2026-08-25T02:32:01.506084Z,2026-08-25T02:32:01.506201Z,BTC-USD,10,ok,,134900536193,2026-08-25T02:31:59.547838821Z,0.72618017,2.38521455,-0.533212443068,80979.639999999999,80981.520000000004,80980.580000000002,1.880000000005,0.232154425173,"[{""price"":80979.64,""size"":0.00092613,""num_orders"":1},{""price"":80977.24,""size"":0.01,""num_orders"":1},{""price"":80977.23,""size"":0.07373443,""num_orders"":1},{""price"":80977.12,""size"":1.4e-05,""num_orders"":1},{""price"":80975.46,""size"":0.12361547,""num_orders"":1},{""price"":80973.5,""size"":0.23981143,""num_orders"":1},{""price"":80973.49,""size"":0.14826282,""num_orders"":1},{""price"":80972.95,""size"":0.12361547,""num_orders"":1},{""price"":80972.37,""size"":0.00618642,""num_orders"":1},{""price"":80972.36,""size"":1.4e-05,""num_orders"":1}]","[{""price"":80981.52,""size"":0.08013664,""num_orders"":4},{""price"":80982.52,""size"":0.08962277,""num_orders"":1},{""price"":80983.85,""size"":0.00250642,""num_orders"":1},{""price"":80985.25,""size"":0.12361547,""num_orders"":1},{""price"":80986.79,""size"":0.07379844,""num_orders"":1},{""price"":80987.13,""size"":0.024,""num_orders"":1},{""price"":80988.82,""size"":0.12361547,""num_orders"":1},{""price"":80990.0,""size"":0.00030868,""num_orders"":1},{""price"":80990.99,""size"":0.86761066,""num_orders"":2},{""price"":80991.0,""size"":1.0,""num_orders"":1}]"
btc_usd_d10_20260825T013901Z,54,2026-08-25T02:33:01.506084Z,2026-08-25T02:33:01.506231Z,BTC-USD,10,ok,,134900645547,2026-08-25T02:33:00.042095130Z,0.780209,0.75840831,0.014169013866,80831.139999999999,80831.149999999994,80831.14499999999,0.009999999995,0.001237146894,"[{""price"":80831.14,""size"":0.11586974,""num_orders"":3},{""price"":80829.52,""size"":0.02474344,""num_orders"":2},{""price"":80828.32,""size"":0.12361547,""num_orders"":1},{""price"":80825.91,""size"":0.16243251,""num_orders"":1},{""price"":80825.9,""size"":0.14845179,""num_orders"":1},{""price"":80825.89,""size"":0.12361547,""num_orders"":1},{""price"":80824.8,""size"":1.4e-05,""num_orders"":1},{""price"":80824.2,""size"":0.07435234,""num_orders"":1},{""price"":80822.13,""size"":0.00618642,""num_orders"":1},{""price"":80822.12,""size"":0.00092782,""num_orders"":1}]","[{""price"":80831.15,""size"":0.08548364,""num_orders"":4},{""price"":80832.77,""size"":0.02474244,""num_orders"":2},{""price"":80833.17,""size"":0.00395887,""num_orders"":1},{""price"":80833.5,""size"":0.024,""num_orders"":1},{""price"":80837.01,""size"":0.00494862,""num_orders"":1},{""price"":80837.96,""size"":0.00203264,""num_orders"":1},{""price"":80837.97,""size"":0.02,""num_orders"":1},{""price"":80837.99,""size"":0.34533307,""num_orders"":2},{""price"":80838.0,""size"":0.14845179,""num_orders"":1},{""price"":80838.76,""size"":0.09945724,""num_orders"":2}]"
btc_usd_d10_20260825T013901Z,55,2026-08-25T02:34:01.506084Z,2026-08-25T02:34:01.506214Z,BTC-USD,10,ok,,134900747903,2026-08-25T02:33:59.544651416Z,0.71797667,0.5363818,0.144771111563,80840.740000000005,80840.75,80840.744999999995,0.009999999995,0.00123699998,"[{""price"":80840.74,""size"":0.00395839,""num_orders"":1},{""price"":80838.72,""size"":0.00395839,""num_orders"":1},{""price"":80835.99,""size"":0.00494799,""num_orders"":1},{""price"":80835.62,""size"":0.14845179,""num_orders"":1},{""price"":80835.47,""size"":0.14845179,""num_orders"":1},{""price"":80832.84,""size"":0.09,""num_orders"":1},{""price"":80830.84,""size"":0.1197989,""num_orders"":1},{""price"":80830.83,""size"":0.09894229,""num_orders"":1},{""price"":80830.72,""size"":0.00049486,""num_orders"":1},{""price"":80830.71,""size"":0.09897227,""num_orders"":1}]","[{""price"":80840.75,""size"":0.16630762,""num_orders"":4},{""price"":80840.83,""size"":0.009796,""num_orders"":1},{""price"":80841.96,""size"":0.00092778,""num_orders"":1},{""price"":80843.84,""size"":1.4e-05,""num_orders"":1},{""price"":80845.15,""size"":0.00234876,""num_orders"":1},{""price"":80845.36,""size"":0.00049477,""num_orders"":1},{""price"":80845.37,""size"":0.09895434,""num_orders"":1},{""price"":80845.62,""size"":0.13326177,""num_orders"":1},{""price"":80845.63,""size"":0.09894229,""num_orders"":1},{""price"":80846.83,""size"":0.02533447,""num_orders"":1}]"
btc_usd_d10_20260825T013901Z,56,2026-08-25T02:35:01.506084Z,2026-08-25T02:35:01.506208Z,BTC-USD,10,ok,,134900841913,2026-08-25T02:35:00.507110070Z,0.33454003,1.47559987,-0.630371077948,80848.600000000006,80848.610000000001,80848.60500000001,0.009999999995,0.00123687972,"[{""price"":80848.6,""size"":1.399e-05,""num_orders"":1},{""price"":80843.84,""size"":1.4e-05,""num_orders"":1},{""price"":80839.08,""size"":1.4e-05,""num_orders"":1},{""price"":80836.09,""size"":0.12485906,""num_orders"":1},{""price"":80836.08,""size"":0.09946052,""num_orders"":2},{""price"":80834.39,""size"":0.1096,""num_orders"":1},{""price"":80834.32,""size"":1.4e-05,""num_orders"":1},{""price"":80833.82,""size"":0.00030556,""num_orders"":1},{""price"":80833.68,""size"":0.00012945,""num_orders"":1},{""price"":80832.96,""size"":0.00012945,""num_orders"":1}]","[{""price"":80848.61,""size"":0.18702188,""num_orders"":4},{""price"":80849.56,""size"":0.00126312,""num_orders"":1},{""price"":80849.57,""size"":0.00049474,""num_orders"":1},{""price"":80849.59,""size"":0.14851612,""num_orders"":1},{""price"":80849.6,""size"":0.09894916,""num_orders"":1},{""price"":80850.0,""size"":1.0,""num_orders"":1},{""price"":80850.38,""size"":0.024,""num_orders"":1},{""price"":80850.49,""size"":0.00644933,""num_orders"":1},{""price"":80850.63,""size"":0.00395801,""num_orders"":1},{""price"":80853.36,""size"":0.00494751,""num_orders"":1}]"
btc_usd_d10_20260825T013901Z,57,2026-08-25T02:36:01.506084Z,2026-08-25T02:36:01.506193Z,BTC-USD,10,ok,,134900930341,2026-08-25T02:35:59.837838752Z,0.53786858,0.79942534,-0.195586591764,80859.130000000005,80860.630000000005,80859.880000000005,1.5,0.185506087815,"[{""price"":80859.13,""size"":0.05743298,""num_orders"":2},{""price"":80859.12,""size"":0.00252617,""num_orders"":1},{""price"":80858.14,""size"":0.09943339,""num_orders"":2},{""price"":80858.11,""size"":3.434e-05,""num_orders"":1},{""price"":80857.11,""size"":0.00395746,""num_orders"":1},{""price"":80855.55,""size"":0.02690632,""num_orders"":1},{""price"":80855.54,""size"":0.04012228,""num_orders"":1},{""price"":80853.36,""size"":0.00494693,""num_orders"":1},{""price"":80851.57,""size"":0.15405692,""num_orders"":1},{""price"":80851.54,""size"":0.14845179,""num_orders"":1}]","[{""price"":80860.63,""size"":0.024,""num_orders"":1},{""price"":80860.65,""size"":0.04,""num_orders"":1},{""price"":80861.69,""size"":0.14848744,""num_orders"":2},{""price"":80861.7,""size"":0.19786212,""num_orders"":1},{""price"":80863.51,""size"":0.14845179,""num_orders"":1},{""price"":80864.52,""size"":0.13699955,""num_orders"":1},{""price"":80865.49,""size"":0.00271682,""num_orders"":1},{""price"":80865.84,""size"":0.09942393,""num_orders"":2},{""price"":80865.91,""size"":1.856e-05,""num_orders"":1},{""price"":80866.37,""size"":0.00146513,""num_orders"":1}]"
btc_usd_d10_20260825T013901Z,58,2026-08-25T02:37:01.506084Z,2026-08-25T02:37:01.506233Z,BTC-USD,10,ok,,134901019573,2026-08-25T02:36:59.045953927Z,0.14796234,1.21333331,-0.7826154223,80836.940000000002,80836.949999999997,80836.945000000007,0.009999999995,0.001237058129,"[{""price"":80836.94,""size"":0.01132343,""num_orders"":2},{""price"":80835.32,""size"":0.02474166,""num_orders"":2},{""price"":80834.92,""size"":0.00395851,""num_orders"":1},{""price"":80832.19,""size"":0.00494813,""num_orders"":1},{""price"":80831.1,""size"":0.09946664,""num_orders"":2},{""price"":80829.56,""size"":1.4e-05,""num_orders"":1},{""price"":80827.71,""size"":4.194e-05,""num_orders"":1},{""price"":80826.94,""size"":0.00092778,""num_orders"":1},{""price"":80824.8,""size"":1.4e-05,""num_orders"":1},{""price"":80822.67,""size"":0.00252625,""num_orders"":1}]","[{""price"":80836.95,""size"":0.33386502,""num_orders"":4},{""price"":80838.57,""size"":0.02474066,""num_orders"":2},{""price"":80838.77,""size"":0.26806132,""num_orders"":2},{""price"":80838.78,""size"":0.19786212,""num_orders"":1},{""price"":80839.01,""size"":0.09945693,""num_orders"":2},{""price"":80839.12,""size"":0.024,""num_orders"":1},{""price"":80840.04,""size"":0.00917286,""num_orders"":1},{""price"":80840.31,""size"":0.24751633,""num_orders"":1},{""price"":80840.98,""size"":0.00247516,""num_orders"":1},{""price"":80843.83,""size"":0.00618291,""num_orders"":1}]"
btc_usd_d10_20260825T013901Z,59,2026-08-25T02:38:01.506084Z,2026-08-25T02:38:01.506204Z,BTC-USD,10,ok,,134901134797,2026-08-25T02:38:01.031390325Z,1.51628508,0.21091942,0.755767866515,80862.669999999998,80865.130000000005,80863.899999999994,2.460000000006,0.304214859784,"[{""price"":80862.67,""size"":0.09942782,""num_orders"":2},{""price"":80862.63,""size"":0.00092751,""num_orders"":1},{""price"":80860.11,""size"":0.0714,""num_orders"":1},{""price"":80859.51,""size"":0.22287071,""num_orders"":1},{""price"":80858.12,""size"":0.29036486,""num_orders"":2},{""price"":80856.1,""size"":0.00395737,""num_orders"":1},{""price"":80855.69,""size"":0.381575,""num_orders"":1},{""price"":80855.68,""size"":0.22287071,""num_orders"":1},{""price"":80854.84,""size"":2.039e-05,""num_orders"":1},{""price"":80853.22,""size"":0.22287071,""num_orders"":1}]","[{""price"":80865.13,""size"":0.02338562,""num_orders"":1},{""price"":80866.37,""size"":0.00146513,""num_orders"":1},{""price"":80867.64,""size"":1.4e-05,""num_orders"":1},{""price"":80868.59,""size"":0.00134748,""num_orders"":1},{""price"":80869.68,""size"":0.00012945,""num_orders"":1},{""price"":80870.25,""size"":0.02533447,""num_orders"":1},{""price"":80870.4,""size"":0.00012945,""num_orders"":1},{""price"":80870.69,""size"":0.009795,""num_orders"":1},{""price"":80871.12,""size"":0.00012945,""num_orders"":1},{""price"":80871.47,""size"":0.14918937,""num_orders"":1}]"
btc_usd_d10_20260825T030415Z,0,2026-08-25T03:04:15.206059Z,2026-08-25T03:04:15.206096Z,BTC-USD,10,ok,,134903711632,2026-08-25T03:04:15.024359547Z,0.62053845,0.605715,0.012088406357,80818.720000000001,80818.729999999996,80818.725000000006,0.009999999995,0.001237337015,"[{""price"":80818.72,""size"":0.07147439,""num_orders"":2},{""price"":80815.28,""size"":1.4e-05,""num_orders"":1},{""price"":80813.65,""size"":0.05020415,""num_orders"":1},{""price"":80813.64,""size"":0.08409406,""num_orders"":2},{""price"":80812.53,""size"":0.09804885,""num_orders"":2},{""price"":80811.01,""size"":0.07429306,""num_orders"":1},{""price"":80810.52,""size"":1.4e-05,""num_orders"":1},{""price"":80810.37,""size"":0.09949217,""num_orders"":2},{""price"":80809.07,""size"":0.06861071,""num_orders"":2},{""price"":80808.53,""size"":0.07429306,""num_orders"":1}]","[{""price"":80818.73,""size"":0.16955019,""num_orders"":2},{""price"":80818.84,""size"":0.09948176,""num_orders"":2},{""price"":80820.75,""size"":0.00395947,""num_orders"":1},{""price"":80823.48,""size"":0.00494934,""num_orders"":1},{""price"":80824.72,""size"":0.00252622,""num_orders"":1},{""price"":80824.73,""size"":0.14884621,""num_orders"":1},{""price"":80824.81,""size"":0.00011575,""num_orders"":1},{""price"":80825.39,""size"":0.07429306,""num_orders"":1},{""price"":80828.92,""size"":0.06,""num_orders"":2},{""price"":80829.09,""size"":0.041993,""num_orders"":1}]"
btc_usd_d10_20260825T030415Z,1,2026-08-25T03:05:15.206059Z,2026-08-25T03:05:15.206189Z,BTC-USD,10,ok,,134903777213,2026-08-25T03:05:14.046429297Z,1.35851651,0.43623519,0.513876833213,80833.169999999998,80833.649999999994,80833.410000000003,0.479999999996,0.059381386978,"[{""price"":80833.17,""size"":0.0714,""num_orders"":1},{""price"":80832.69,""size"":0.10412078,""num_orders"":2},{""price"":80830.61,""size"":0.00395879,""num_orders"":1},{""price"":80827.88,""size"":0.00494849,""num_orders"":1},{""price"":80827.52,""size"":0.07429306,""num_orders"":1},{""price"":80827.5,""size"":1.0,""num_orders"":1},{""price"":80827.43,""size"":0.09947117,""num_orders"":2},{""price"":80827.2,""size"":0.00012945,""num_orders"":1},{""price"":80827.08,""size"":6.532e-05,""num_orders"":1},{""price"":80826.48,""size"":0.00012945,""num_orders"":1}]","[{""price"":80833.65,""size"":0.07429306,""num_orders"":1},{""price"":80836.33,""size"":0.02486259,""num_orders"":1},{""price"":80839.08,""size"":1.4e-05,""num_orders"":1},{""price"":80840.51,""size"":0.00618991,""num_orders"":1},{""price"":80840.52,""size"":0.00143736,""num_orders"":1},{""price"":80840.88,""size"":0.042299,""num_orders"":1},{""price"":80841.89,""size"":0.07429306,""num_orders"":1},{""price"":80841.9,""size"":0.14884621,""num_orders"":1},{""price"":80842.08,""size"":0.04,""num_orders"":1},{""price"":80842.14,""size"":0.024,""num_orders"":1}]"
btc_usd_d10_20260825T030415Z,2,2026-08-25T03:06:15.206059Z,2026-08-25T03:06:15.206184Z,BTC-USD,10,ok,,134903852720,2026-08-25T03:06:13.538683581Z,0.37762165,0.67933475,-0.285454631809,80834.309999999998,80834.320000000007,80834.315000000002,0.010000000009,0.001237098379,"[{""price"":80834.31,""size"":0.00395856,""num_orders"":1},{""price"":80832.71,""size"":0.00126309,""num_orders"":1},{""price"":80832.7,""size"":0.04176341,""num_orders"":1},{""price"":80832.69,""size"":0.02474246,""num_orders"":2},{""price"":80831.81,""size"":0.00395872,""num_orders"":1},{""price"":80831.51,""size"":0.00092782,""num_orders"":1},{""price"":80830.79,""size"":0.04075943,""num_orders"":1},{""price"":80829.08,""size"":0.0049484,""num_orders"":1},{""price"":80828.88,""size"":0.1810067,""num_orders"":2},{""price"":80827.52,""size"":0.07429306,""num_orders"":1}]","[{""price"":80834.32,""size"":0.15920831,""num_orders"":4},{""price"":80834.44,""size"":0.07429306,""num_orders"":1},{""price"":80834.45,""size"":0.09946253,""num_orders"":2},{""price"":80835.86,""size"":0.024,""num_orders"":1},{""price"":80835.94,""size"":0.02474148,""num_orders"":2},{""price"":80835.95,""size"":0.00018304,""num_orders"":1},{""price"":80836.71,""size"":0.14884621,""num_orders"":1},{""price"":80837.07,""size"":0.07429306,""num_orders"":1},{""price"":80839.08,""size"":1.4e-05,""num_orders"":1},{""price"":80839.55,""size"":0.07429306,""num_orders"":1}]"
btc_usd_d10_20260825T030415Z,3,2026-08-25T03:07:15.206059Z,2026-08-25T03:07:15.206191Z,BTC-USD,10,ok,,134903919618,2026-08-25T03:07:13.042527716Z,2.06628427,0.36413254,0.700353833547,80897.020000000004,80897.029999999999,80897.024999999994,0.009999999995,0.0012361394,"[{""price"":80897.02,""size"":0.0714,""num_orders"":1},{""price"":80896.26,""size"":0.04516636,""num_orders"":1},{""price"":80895.48,""size"":0.07429306,""num_orders"":1},{""price"":80894.64,""size"":0.00134519,""num_orders"":1},{""price"":80894.63,""size"":1.729e-05,""num_orders"":1},{""price"":80893.06,""size"":0.70033615,""num_orders"":2},{""price"":80893.05,""size"":0.07429306,""num_orders"":1},{""price"":80892.41,""size"":0.09939126,""num_orders"":2},{""price"":80892.32,""size"":4.19e-05,""num_orders"":1},{""price"":80892.0,""size"":1.0,""num_orders"":1}]","[{""price"":80897.03,""size"":0.00395574,""num_orders"":1},{""price"":80897.95,""size"":0.00111397,""num_orders"":1},{""price"":80898.86,""size"":0.09938335,""num_orders"":2},{""price"":80899.76,""size"":0.00494468,""num_orders"":1},{""price"":80901.51,""size"":0.024,""num_orders"":1},{""price"":80902.04,""size"":0.00023355,""num_orders"":2},{""price"":80905.33,""size"":0.00618092,""num_orders"":1},{""price"":80905.34,""size"":0.00118106,""num_orders"":1},{""price"":80905.39,""size"":0.07429306,""num_orders"":1},{""price"":80905.4,""size"":0.14884621,""num_orders"":1}]"
btc_usd_d10_20260825T030415Z,4,2026-08-25T03:08:15.206059Z,2026-08-25T03:08:15.206187Z,BTC-USD,10,ok,,134903990942,2026-08-25T03:08:14.545596192Z,0.71275015,0.38144579,0.302783393621,80932.669999999998,80932.679999999993,80932.674999999988,0.009999999995,0.001235594894,"[{""price"":80932.67,""size"":0.07139995,""num_orders"":1},{""price"":80931.38,""size"":0.05903441,""num_orders"":1},{""price"":80931.37,""size"":0.09888511,""num_orders"":1},{""price"":80930.36,""size"":0.18138124,""num_orders"":1},{""price"":80930.35,""size"":0.09934467,""num_orders"":2},{""price"":80929.94,""size"":0.03,""num_orders"":1},{""price"":80929.92,""size"":0.03,""num_orders"":1},{""price"":80928.88,""size"":0.09888511,""num_orders"":1},{""price"":80928.14,""size"":0.04007264,""num_orders"":1},{""price"":80927.91,""size"":0.00374702,""num_orders"":1}]","[{""price"":80932.68,""size"":0.00252624,""num_orders"":1},{""price"":80933.88,""size"":0.07139993,""num_orders"":1},{""price"":80933.93,""size"":0.00786315,""num_orders"":1},{""price"":80939.04,""size"":0.00363608,""num_orders"":3},{""price"":80939.33,""size"":0.024,""num_orders"":1},{""price"":80939.47,""size"":0.09933348,""num_orders"":2},{""price"":80940.1,""size"":0.0229,""num_orders"":1},{""price"":80943.7,""size"":0.14884621,""num_orders"":1},{""price"":80943.8,""size"":1.4e-05,""num_orders"":1},{""price"":80943.89,""size"":0.0009267,""num_orders"":1}]"
btc_usd_d10_20260825T030415Z,5,2026-08-25T03:09:15.206059Z,2026-08-25T03:09:15.206150Z,BTC-USD,10,ok,,134904062999,2026-08-25T03:09:13.689507168Z,0.59431572,0.64451531,-0.040521740887,80888.869999999995,80888.880000000005,80888.875,0.010000000009,0.00123626395,"[{""price"":80888.87,""size"":0.11297765,""num_orders"":3},{""price"":80887.25,""size"":0.02472578,""num_orders"":2},{""price"":80886.84,""size"":0.00395604,""num_orders"":1},{""price"":80884.11,""size"":0.00494505,""num_orders"":1},{""price"":80882.05,""size"":0.00252607,""num_orders"":1},{""price"":80882.04,""size"":0.17742714,""num_orders"":1},{""price"":80881.39,""size"":0.07417584,""num_orders"":1},{""price"":80880.16,""size"":0.09940631,""num_orders"":2},{""price"":80878.97,""size"":0.02,""num_orders"":1},{""price"":80878.96,""size"":0.07417584,""num_orders"":1}]","[{""price"":80888.88,""size"":0.17453014,""num_orders"":4},{""price"":80889.54,""size"":0.10871517,""num_orders"":3},{""price"":80890.32,""size"":0.09939384,""num_orders"":2},{""price"":80890.5,""size"":0.02472478,""num_orders"":2},{""price"":80891.44,""size"":1.4e-05,""num_orders"":1},{""price"":80894.64,""size"":0.0886481,""num_orders"":1},{""price"":80894.65,""size"":0.07417584,""num_orders"":1},{""price"":80896.2,""size"":1.4e-05,""num_orders"":1},{""price"":80897.1,""size"":0.07417584,""num_orders"":1},{""price"":80897.61,""size"":0.0001236,""num_orders"":1}]"
btc_usd_d10_20260825T030415Z,6,2026-08-25T03:10:15.206059Z,2026-08-25T03:10:15.206202Z,BTC-USD,10,ok,,134904121396,2026-08-25T03:10:13.189007385Z,0.94518308,0.49167012,0.315629293236,80872.389999999999,80872.399999999994,80872.39499999999,0.009999999995,0.001236515871,"[{""price"":80872.39,""size"":0.19170205,""num_orders"":5},{""price"":80870.78,""size"":0.00120005,""num_orders"":1},{""price"":80870.77,""size"":0.02473082,""num_orders"":2},{""price"":80870.75,""size"":0.1,""num_orders"":1},{""price"":80870.37,""size"":0.00395685,""num_orders"":1},{""price"":80870.27,""size"":0.14884621,""num_orders"":1},{""price"":80869.28,""size"":0.13993734,""num_orders"":1},{""price"":80869.27,""size"":0.24826591,""num_orders"":3},{""price"":80867.64,""size"":0.0791219,""num_orders"":2},{""price"":80866.23,""size"":0.00742195,""num_orders"":1}]","[{""price"":80872.4,""size"":0.00015996,""num_orders"":3},{""price"":80874.76,""size"":0.024,""num_orders"":1},{""price"":80874.86,""size"":0.02472956,""num_orders"":2},{""price"":80876.9,""size"":0.0593563,""num_orders"":1},{""price"":80876.93,""size"":0.09941029,""num_orders"":2},{""price"":80877.16,""size"":1.4e-05,""num_orders"":1},{""price"":80878.35,""size"":0.00742195,""num_orders"":1},{""price"":80880.1,""size"":0.09280222,""num_orders"":1},{""price"":80880.48,""size"":0.07417584,""num_orders"":1},{""price"":80880.49,""size"":0.1096,""num_orders"":1}]"
btc_usd_d10_20260825T030415Z,7,2026-08-25T03:11:15.206059Z,2026-08-25T03:11:15.206197Z,BTC-USD,10,ok,,134904194577,2026-08-25T03:11:13.046424230Z,1.67233923,0.38221275,0.627935672866,80831.539999999994,80832.770000000004,80832.154999999999,1.23000000001,0.152167166644,"[{""price"":80831.54,""size"":0.00215136,""num_orders"":1},{""price"":80831.53,""size"":0.07417584,""num_orders"":1},{""price"":80830.5,""size"":1.0,""num_orders"":1},{""price"":80830.48,""size"":0.14884621,""num_orders"":1},{""price"":80830.01,""size"":0.09946799,""num_orders"":2},{""price"":80829.48,""size"":0.14884621,""num_orders"":1},{""price"":80829.01,""size"":0.07417584,""num_orders"":1},{""price"":80825.91,""size"":0.07417584,""num_orders"":1},{""price"":80824.86,""size"":0.00618395,""num_orders"":1},{""price"":80824.85,""size"":0.04431599,""num_orders"":1}]","[{""price"":80832.77,""size"":0.00323393,""num_orders"":1},{""price"":80832.82,""size"":8.516e-05,""num_orders"":1},{""price"":80835.49,""size"":0.01462341,""num_orders"":1},{""price"":80835.5,""size"":0.024,""num_orders"":1},{""price"":80838.57,""size"":0.10458731,""num_orders"":1},{""price"":80838.58,""size"":0.09945746,""num_orders"":2},{""price"":80838.99,""size"":0.07417584,""num_orders"":1},{""price"":80839.08,""size"":1.4e-05,""num_orders"":1},{""price"":80840.67,""size"":0.00203564,""num_orders"":1},{""price"":80842.03,""size"":0.06,""num_orders"":2}]"
btc_usd_d10_20260825T030415Z,8,2026-08-25T03:12:15.206059Z,2026-08-25T03:12:15.206188Z,BTC-USD,10,ok,,134904271890,2026-08-25T03:12:14.537418097Z,0.65894232,0.80792927,-0.101567820262,80840.270000000004,80842.210000000006,80841.240000000005,1.940000000002,0.239976526832,"[{""price"":80840.27,""size"":0.1,""num_orders"":1},{""price"":80840.26,""size"":0.03685613,""num_orders"":3},{""price"":80840.24,""size"":0.03,""num_orders"":1},{""price"":80838.32,""size"":0.009799,""num_orders"":1},{""price"":80838.0,""size"":0.00395841,""num_orders"":1},{""price"":80835.86,""size"":0.07417584,""num_orders"":1},{""price"":80835.85,""size"":0.15089788,""num_orders"":1},{""price"":80835.84,""size"":0.09946083,""num_orders"":2},{""price"":80835.27,""size"":0.00494802,""num_orders"":1},{""price"":80833.26,""size"":0.14884621,""num_orders"":1}]","[{""price"":80842.21,""size"":0.07417584,""num_orders"":1},{""price"":80843.27,""size"":0.09945169,""num_orders"":2},{""price"":80843.84,""size"":0.00019405,""num_orders"":3},{""price"":80844.77,""size"":0.07417584,""num_orders"":1},{""price"":80847.38,""size"":0.07417584,""num_orders"":1},{""price"":80848.6,""size"":1.4e-05,""num_orders"":1},{""price"":80849.67,""size"":0.024,""num_orders"":1},{""price"":80849.9,""size"":0.2032958,""num_orders"":1},{""price"":80849.91,""size"":0.1096,""num_orders"":1},{""price"":80850.63,""size"":0.14884621,""num_orders"":1}]"
btc_usd_d10_20260825T030415Z,9,2026-08-25T03:13:15.206059Z,2026-08-25T03:13:15.206185Z,BTC-USD,10,ok,,134904331313,2026-08-25T03:13:13.684645723Z,2.35049937,0.82460943,0.480578788355,80796.470000000001,80799.020000000004,80797.744999999995,2.550000000003,0.315602867382,"[{""price"":80796.47,""size"":0.0355215,""num_orders"":1},{""price"":80796.46,""size"":0.0595,""num_orders"":1},{""price"":80795.46,""size"":0.20911052,""num_orders"":3},{""price"":80795.43,""size"":0.84860989,""num_orders"":2},{""price"":80793.0,""size"":1.0,""num_orders"":1},{""price"":80792.14,""size"":1.756e-05,""num_orders"":1},{""price"":80789.9,""size"":1.968e-05,""num_orders"":1},{""price"":80787.91,""size"":0.00618604,""num_orders"":1},{""price"":80787.9,""size"":0.009799,""num_orders"":1},{""price"":80787.28,""size"":0.18173518,""num_orders"":1}]","[{""price"":80799.02,""size"":0.08101399,""num_orders"":3},{""price"":80799.03,""size"":0.00046298,""num_orders"":2},{""price"":80800.61,""size"":0.024,""num_orders"":1},{""price"":80801.0,""size"":1.4e-05,""num_orders"":1},{""price"":80803.35,""size"":0.09950082,""num_orders"":2},{""price"":80803.67,""size"":0.2474864,""num_orders"":1},{""price"":80804.3,""size"":0.0009283,""num_orders"":1},{""price"":80804.88,""size"":0.12370254,""num_orders"":1},{""price"":80804.89,""size"":0.2474864,""num_orders"":1},{""price"":80805.76,""size"":1.4e-05,""num_orders"":1}]"
btc_usd_d10_20260825T030415Z,10,2026-08-25T03:14:15.206059Z,2026-08-25T03:14:15.206217Z,BTC-USD,10,ok,,134904393836,2026-08-25T03:14:12.673596216Z,0.75613514,0.30755632,0.4217189259,80816.039999999994,80816.050000000003,80816.044999999998,0.010000000009,0.001237378049,"[{""price"":80816.04,""size"":0.00760331,""num_orders"":2},{""price"":80808.71,""size"":0.00126337,""num_orders"":1},{""price"":80806.44,""size"":0.12370254,""num_orders"":1},{""price"":80806.43,""size"":0.13932314,""num_orders"":1},{""price"":80805.76,""size"":6.956e-05,""num_orders"":2},{""price"":80805.2,""size"":0.09949852,""num_orders"":2},{""price"":80804.94,""size"":0.1096,""num_orders"":1},{""price"":80803.15,""size"":0.15135816,""num_orders"":2},{""price"":80801.77,""size"":0.12370254,""num_orders"":1},{""price"":80801.0,""size"":1.4e-05,""num_orders"":1}]","[{""price"":80816.05,""size"":0.11097143,""num_orders"":5},{""price"":80816.06,""size"":0.00022301,""num_orders"":2},{""price"":80816.1,""size"":0.00436842,""num_orders"":1},{""price"":80816.59,""size"":0.00126288,""num_orders"":1},{""price"":80816.6,""size"":0.07130527,""num_orders"":1},{""price"":80816.65,""size"":0.0989895,""num_orders"":1},{""price"":80816.66,""size"":0.00049494,""num_orders"":1},{""price"":80818.07,""size"":0.00395983,""num_orders"":1},{""price"":80818.91,""size"":0.009795,""num_orders"":1},{""price"":80820.03,""size"":0.00618604,""num_orders"":1}]"
btc_usd_d10_20260825T030415Z,11,2026-08-25T03:15:15.206059Z,2026-08-25T03:15:15.206191Z,BTC-USD,10,ok,,134904462454,2026-08-25T03:15:14.674819331Z,0.86122613,0.42755644,0.336495620049,80748.009999999995,80748.020000000004,80748.014999999999,0.010000000009,0.001238420537,"[{""price"":80748.01,""size"":0.0595,""num_orders"":1},{""price"":80747.02,""size"":0.04116217,""num_orders"":1},{""price"":80743.88,""size"":1.346e-05,""num_orders"":1},{""price"":80743.46,""size"":0.09907922,""num_orders"":1},{""price"":80743.45,""size"":0.00049539,""num_orders"":1},{""price"":80739.26,""size"":0.1543818,""num_orders"":1},{""price"":80739.25,""size"":0.23403134,""num_orders"":1},{""price"":80739.23,""size"":0.12370254,""num_orders"":1},{""price"":80739.21,""size"":0.14884621,""num_orders"":1},{""price"":80739.12,""size"":1.4e-05,""num_orders"":1}]","[{""price"":80748.02,""size"":0.00396295,""num_orders"":1},{""price"":80749.69,""size"":0.00092878,""num_orders"":1},{""price"":80750.04,""size"":0.00396296,""num_orders"":1},{""price"":80751.76,""size"":0.00436842,""num_orders"":1},{""price"":80752.03,""size"":0.14834948,""num_orders"":1},{""price"":80752.68,""size"":0.12370254,""num_orders"":1},{""price"":80752.69,""size"":0.024,""num_orders"":1},{""price"":80752.77,""size"":0.00495371,""num_orders"":1},{""price"":80752.84,""size"":0.01376511,""num_orders"":1},{""price"":80753.3,""size"":0.09956249,""num_orders"":2}]"
btc_usd_d10_20260825T030415Z,12,2026-08-25T03:16:15.206059Z,2026-08-25T03:16:15.206195Z,BTC-USD,10,ok,,134904526897,2026-08-25T03:16:13.545175049Z,0.57426839,0.83069619,-0.182515490889,80793.089999999997,80793.100000000006,80793.095000000001,0.010000000009,0.001237729537,"[{""price"":80793.09,""size"":0.00396068,""num_orders"":1},{""price"":80791.47,""size"":0.02475508,""num_orders"":2},{""price"":80791.07,""size"":0.00396068,""num_orders"":1},{""price"":80788.45,""size"":0.04316883,""num_orders"":1},{""price"":80788.08,""size"":0.0990245,""num_orders"":1},{""price"":80788.07,""size"":0.00049512,""num_orders"":1},{""price"":80787.33,""size"":0.00495088,""num_orders"":1},{""price"":80783.36,""size"":0.00193291,""num_orders"":1},{""price"":80783.35,""size"":0.2131735,""num_orders"":1},{""price"":80783.34,""size"":0.17884621,""num_orders"":2}]","[{""price"":80793.1,""size"":0.26894893,""num_orders"":4},{""price"":80794.72,""size"":0.01237705,""num_orders"":1},{""price"":80795.05,""size"":0.00011574,""num_orders"":1},{""price"":80796.24,""size"":1.399e-05,""num_orders"":1},{""price"":80796.27,""size"":0.18073188,""num_orders"":1},{""price"":80797.38,""size"":0.14884621,""num_orders"":1},{""price"":80797.39,""size"":0.09950817,""num_orders"":2},{""price"":80797.69,""size"":0.00124564,""num_orders"":1},{""price"":80798.68,""size"":0.07426718,""num_orders"":1},{""price"":80800.27,""size"":0.0446414,""num_orders"":1}]"
btc_usd_d10_20260825T030415Z,13,2026-08-25T03:17:15.206059Z,2026-08-25T03:17:15.206174Z,BTC-USD,10,ok,,134904592465,2026-08-25T03:17:13.128961605Z,1.26802664,0.62005409,0.343191125096,80745.690000000002,80745.699999999997,80745.695000000007,0.009999999995,0.001238456118,"[{""price"":80745.69,""size"":0.01002574,""num_orders"":2},{""price"":80741.91,""size"":0.07426718,""num_orders"":1},{""price"":80741.67,""size"":0.09908142,""num_orders"":1},{""price"":80741.66,""size"":0.0004954,""num_orders"":1},{""price"":80738.71,""size"":0.00109322,""num_orders"":1},{""price"":80738.7,""size"":0.11042136,""num_orders"":1},{""price"":80738.69,""size"":0.07426718,""num_orders"":1},{""price"":80735.43,""size"":0.1096,""num_orders"":1},{""price"":80734.44,""size"":0.01225657,""num_orders"":1},{""price"":80734.43,""size"":0.77651857,""num_orders"":2}]","[{""price"":80745.7,""size"":0.21311252,""num_orders"":4},{""price"":80745.75,""size"":0.024,""num_orders"":1},{""price"":80746.23,""size"":0.07299869,""num_orders"":2},{""price"":80748.64,""size"":1.4e-05,""num_orders"":1},{""price"":80749.96,""size"":0.00023162,""num_orders"":2},{""price"":80750.14,""size"":0.00143303,""num_orders"":1},{""price"":80750.72,""size"":0.00092885,""num_orders"":1},{""price"":80750.92,""size"":0.09956543,""num_orders"":2},{""price"":80751.72,""size"":0.13350277,""num_orders"":1},{""price"":80751.73,""size"":0.07426718,""num_orders"":1}]"
btc_usd_d10_20260825T030415Z,14,2026-08-25T03:18:15.206059Z,2026-08-25T03:18:15.206170Z,BTC-USD,10,ok,,134904671280,2026-08-25T03:18:14.605041721Z,0.48789606,0.9329533,-0.313233233958,80648.710000000006,80648.759999999995,80648.735000000001,0.049999999988,0.006199725264,"[{""price"":80648.71,""size"":0.00252576,""num_orders"":1},{""price"":80648.7,""size"":0.14884602,""num_orders"":1},{""price"":80648.68,""size"":1.4e-05,""num_orders"":1},{""price"":80647.42,""size"":0.13618684,""num_orders"":1},{""price"":80647.41,""size"":0.07426718,""num_orders"":1},{""price"":80647.21,""size"":0.00247951,""num_orders"":1},{""price"":80645.0,""size"":0.04619619,""num_orders"":1},{""price"":80644.99,""size"":0.07426718,""num_orders"":1},{""price"":80643.92,""size"":1.4e-05,""num_orders"":1},{""price"":80642.67,""size"":0.00309938,""num_orders"":1}]","[{""price"":80648.76,""size"":0.0595,""num_orders"":1},{""price"":80650.76,""size"":0.03599921,""num_orders"":1},{""price"":80650.77,""size"":0.00080018,""num_orders"":1},{""price"":80652.76,""size"":0.03,""num_orders"":1},{""price"":80654.97,""size"":0.25111627,""num_orders"":2},{""price"":80655.44,""size"":0.024,""num_orders"":1},{""price"":80656.42,""size"":0.07426718,""num_orders"":1},{""price"":80656.77,""size"":0.09968165,""num_orders"":2},{""price"":80656.78,""size"":0.1096,""num_orders"":1},{""price"":80658.47,""size"":0.24798881,""num_orders"":1}]"
btc_usd_d10_20260825T030415Z,15,2026-08-25T03:19:15.206059Z,2026-08-25T03:19:15.206190Z,BTC-USD,10,ok,,134904747420,2026-08-25T03:19:13.545484880Z,0.72205236,0.84623115,-0.079181340114,80781.949999999997,80781.960000000006,80781.955000000002,0.010000000009,0.001237900223,"[{""price"":80781.95,""size"":0.30283462,""num_orders"":5},{""price"":80779.93,""size"":0.00396128,""num_orders"":1},{""price"":80779.59,""size"":0.00092842,""num_orders"":1},{""price"":80778.1,""size"":0.0022371,""num_orders"":1},{""price"":80778.09,""size"":0.14884621,""num_orders"":1},{""price"":80778.05,""size"":0.07426718,""num_orders"":1},{""price"":80777.2,""size"":0.0049516,""num_orders"":1},{""price"":80774.82,""size"":0.07430017,""num_orders"":2},{""price"":80773.87,""size"":0.1096,""num_orders"":1},{""price"":80772.42,""size"":0.00012578,""num_orders"":1}]","[{""price"":80781.96,""size"":0.01507253,""num_orders"":4},{""price"":80784.63,""size"":0.024,""num_orders"":1},{""price"":80786.72,""size"":1.4e-05,""num_orders"":1},{""price"":80789.73,""size"":0.10375786,""num_orders"":1},{""price"":80789.74,""size"":0.07426718,""num_orders"":1},{""price"":80789.75,""size"":0.09951758,""num_orders"":2},{""price"":80791.48,""size"":1.4e-05,""num_orders"":1},{""price"":80792.33,""size"":0.30647461,""num_orders"":1},{""price"":80792.34,""size"":0.14884621,""num_orders"":1},{""price"":80792.36,""size"":0.07426718,""num_orders"":1}]"
btc_usd_d10_20260825T030415Z,16,2026-08-25T03:20:15.206059Z,2026-08-25T03:20:15.206184Z,BTC-USD,10,ok,,134904811274,2026-08-25T03:20:12.535538580Z,0.46957085,0.63673106,-0.151098184401,80762.910000000003,80762.919999999998,80762.915000000008,0.009999999995,0.001238192058,"[{""price"":80762.91,""size"":0.00443153,""num_orders"":1},{""price"":80762.87,""size"":0.14794751,""num_orders"":1},{""price"":80762.86,""size"":0.09905542,""num_orders"":1},{""price"":80762.85,""size"":0.00049527,""num_orders"":1},{""price"":80760.89,""size"":0.00396221,""num_orders"":1},{""price"":80760.5,""size"":0.07426718,""num_orders"":1},{""price"":80759.93,""size"":0.02922349,""num_orders"":1},{""price"":80759.79,""size"":0.04130997,""num_orders"":1},{""price"":80759.38,""size"":0.06794963,""num_orders"":1},{""price"":80759.22,""size"":0.00092864,""num_orders"":1}]","[{""price"":80762.92,""size"":1.385e-05,""num_orders"":1},{""price"":80767.09,""size"":0.00126324,""num_orders"":1},{""price"":80767.37,""size"":0.14884621,""num_orders"":1},{""price"":80767.68,""size"":1.4e-05,""num_orders"":1},{""price"":80770.06,""size"":0.07426718,""num_orders"":1},{""price"":80770.07,""size"":0.024,""num_orders"":1},{""price"":80772.44,""size"":1.4e-05,""num_orders"":1},{""price"":80772.87,""size"":0.07426718,""num_orders"":1},{""price"":80772.88,""size"":0.21450766,""num_orders"":1},{""price"":80773.38,""size"":0.09953774,""num_orders"":2}]"
btc_usd_d10_20260825T030415Z,17,2026-08-25T03:21:15.206059Z,2026-08-25T03:21:15.206189Z,BTC-USD,10,ok,,134904911805,2026-08-25T03:21:14.529257749Z,0.63563755,0.77953325,-0.10168080065,80593.309999999998,80593.320000000007,80593.315000000002,0.010000000009,0.001240797703,"[{""price"":80593.31,""size"":0.21718593,""num_orders"":2},{""price"":80592.58,""size"":0.00126298,""num_orders"":1},{""price"":80592.57,""size"":0.13430642,""num_orders"":1},{""price"":80592.56,""size"":0.09926474,""num_orders"":1},{""price"":80592.55,""size"":0.00049632,""num_orders"":1},{""price"":80592.05,""size"":0.09901127,""num_orders"":1},{""price"":80591.69,""size"":0.02481646,""num_orders"":2},{""price"":80591.56,""size"":1.399e-05,""num_orders"":1},{""price"":80590.96,""size"":0.00010356,""num_orders"":1},{""price"":80589.54,""size"":0.05917588,""num_orders"":1}]","[{""price"":80593.32,""size"":0.03053958,""num_orders"":4},{""price"":80593.37,""size"":0.00611578,""num_orders"":1},{""price"":80594.94,""size"":0.02481546,""num_orders"":2},{""price"":80595.34,""size"":0.00397055,""num_orders"":1},{""price"":80598.06,""size"":0.00496319,""num_orders"":1},{""price"":80599.83,""size"":0.00126327,""num_orders"":1},{""price"":80599.84,""size"":0.14814471,""num_orders"":1},{""price"":80599.85,""size"":0.24814859,""num_orders"":1},{""price"":80601.84,""size"":0.00619255,""num_orders"":1},{""price"":80602.08,""size"":0.30537957,""num_orders"":2}]"
btc_usd_d10_20260825T030415Z,18,2026-08-25T03:22:15.206059Z,2026-08-25T03:22:15.206191Z,BTC-USD,10,ok,,134904987571,2026-08-25T03:22:14.188484005Z,0.53535935,0.78122103,-0.186742627898,80721.110000000001,80721.119999999995,80721.114999999991,0.009999999995,0.001238833234,"[{""price"":80721.11,""size"":4.532e-05,""num_orders"":1},{""price"":80716.71,""size"":0.05953819,""num_orders"":2},{""price"":80715.32,""size"":1.4e-05,""num_orders"":1},{""price"":80712.69,""size"":0.00252625,""num_orders"":1},{""price"":80712.68,""size"":0.11073342,""num_orders"":2},{""price"":80711.85,""size"":0.09911803,""num_orders"":1},{""price"":80711.84,""size"":0.00049559,""num_orders"":1},{""price"":80711.66,""size"":0.09901127,""num_orders"":1},{""price"":80710.56,""size"":1.4e-05,""num_orders"":1},{""price"":80708.64,""size"":0.16386328,""num_orders"":1}]","[{""price"":80721.12,""size"":0.23247085,""num_orders"":4},{""price"":80721.59,""size"":0.09901127,""num_orders"":1},{""price"":80721.99,""size"":0.148855,""num_orders"":1},{""price"":80722.0,""size"":0.09960109,""num_orders"":2},{""price"":80724.05,""size"":0.00010394,""num_orders"":1},{""price"":80724.13,""size"":0.09901127,""num_orders"":1},{""price"":80726.77,""size"":0.00015198,""num_orders"":1},{""price"":80728.03,""size"":0.00619563,""num_orders"":1},{""price"":80728.04,""size"":0.03582,""num_orders"":1},{""price"":80728.05,""size"":0.06,""num_orders"":2}]"
btc_usd_d10_20260825T030415Z,19,2026-08-25T03:23:15.206059Z,2026-08-25T03:23:15.206217Z,BTC-USD,10,ok,,134905048975,2026-08-25T03:23:13.125164384Z,2.81225773,0.33944944,0.78459328758,80710.550000000003,80710.559999999998,80710.554999999993,0.009999999995,0.00123899532,"[{""price"":80710.55,""size"":0.36340145,""num_orders"":7},{""price"":80710.5,""size"":0.1543818,""num_orders"":1},{""price"":80710.49,""size"":0.83782117,""num_orders"":2},{""price"":80710.47,""size"":0.09901127,""num_orders"":1},{""price"":80710.43,""size"":0.09961536,""num_orders"":2},{""price"":80710.36,""size"":0.148855,""num_orders"":1},{""price"":80708.53,""size"":0.00396478,""num_orders"":1},{""price"":80706.42,""size"":0.00619563,""num_orders"":1},{""price"":80706.41,""size"":0.09901127,""num_orders"":1},{""price"":80706.0,""size"":1.0,""num_orders"":1}]","[{""price"":80710.56,""size"":0.00012344,""num_orders"":2},{""price"":80715.32,""size"":1.4e-05,""num_orders"":1},{""price"":80716.66,""size"":0.01481223,""num_orders"":1},{""price"":80717.88,""size"":0.01481223,""num_orders"":1},{""price"":80720.08,""size"":1.4e-05,""num_orders"":1},{""price"":80721.33,""size"":0.09960193,""num_orders"":2},{""price"":80723.39,""size"":0.00120144,""num_orders"":1},{""price"":80723.4,""size"":0.20861127,""num_orders"":2},{""price"":80723.52,""size"":0.00012945,""num_orders"":1},{""price"":80724.24,""size"":0.00012945,""num_orders"":1}]"
btc_usd_d10_20260825T030415Z,20,2026-08-25T03:24:15.206059Z,2026-08-25T03:24:15.206166Z,BTC-USD,10,ok,,134905123439,2026-08-25T03:24:15.046593381Z,0.8641664,0.85183131,0.007188290479,80634.399999999994,80634.410000000003,80634.404999999999,0.010000000009,0.001240165412,"[{""price"":80634.4,""size"":1.4e-05,""num_orders"":1},{""price"":80629.64,""size"":1.4e-05,""num_orders"":1},{""price"":80627.0,""size"":0.0595,""num_orders"":1},{""price"":80626.0,""size"":0.09901127,""num_orders"":1},{""price"":80624.88,""size"":1.4e-05,""num_orders"":1},{""price"":80623.54,""size"":0.09901127,""num_orders"":1},{""price"":80622.11,""size"":0.24900614,""num_orders"":1},{""price"":80621.11,""size"":0.24786627,""num_orders"":2},{""price"":80621.08,""size"":0.1096,""num_orders"":1},{""price"":80620.56,""size"":0.00012945,""num_orders"":1}]","[{""price"":80634.41,""size"":0.14192219,""num_orders"":4},{""price"":80634.42,""size"":0.03,""num_orders"":1},{""price"":80634.44,""size"":0.03,""num_orders"":1},{""price"":80634.56,""size"":0.12736909,""num_orders"":2},{""price"":80634.57,""size"":0.09980914,""num_orders"":3},{""price"":80634.58,""size"":0.00136187,""num_orders"":2},{""price"":80634.62,""size"":9.756e-05,""num_orders"":1},{""price"":80639.58,""size"":0.09901127,""num_orders"":1},{""price"":80640.62,""size"":0.21266019,""num_orders"":1},{""price"":80640.63,""size"":0.1096,""num_orders"":1}]"
btc_usd_d10_20260825T030415Z,21,2026-08-25T03:25:15.206059Z,2026-08-25T03:25:15.206195Z,BTC-USD,10,ok,,134905200014,2026-08-25T03:25:14.046659868Z,0.71774674,0.79516595,-0.051172292038,80591.559999999998,80591.570000000007,80591.565000000002,0.010000000009,0.001240824646,"[{""price"":80591.56,""size"":1.346e-05,""num_orders"":1},{""price"":80586.8,""size"":1.4e-05,""num_orders"":1},{""price"":80583.83,""size"":0.024,""num_orders"":1},{""price"":80583.5,""size"":0.1096,""num_orders"":1},{""price"":80582.04,""size"":1.4e-05,""num_orders"":1},{""price"":80581.4,""size"":0.148855,""num_orders"":1},{""price"":80577.28,""size"":1.4e-05,""num_orders"":1},{""price"":80576.35,""size"":0.05910973,""num_orders"":1},{""price"":80576.34,""size"":0.09901127,""num_orders"":1},{""price"":80575.77,""size"":0.27711528,""num_orders"":2}]","[{""price"":80591.57,""size"":0.32725142,""num_orders"":5},{""price"":80591.58,""size"":0.03,""num_orders"":1},{""price"":80591.59,""size"":0.15459283,""num_orders"":1},{""price"":80591.6,""size"":0.03,""num_orders"":1},{""price"":80591.62,""size"":0.00436842,""num_orders"":1},{""price"":80592.23,""size"":0.09976147,""num_orders"":2},{""price"":80593.59,""size"":0.00397063,""num_orders"":1},{""price"":80593.9,""size"":0.04368366,""num_orders"":1},{""price"":80594.98,""size"":0.00252625,""num_orders"":1},{""price"":80594.99,""size"":0.09901127,""num_orders"":1}]"
btc_usd_d10_20260825T030415Z,22,2026-08-25T03:26:15.206059Z,2026-08-25T03:26:15.206183Z,BTC-USD,10,ok,,134905264283,2026-08-25T03:26:13.104685485Z,0.4375355,0.56225828,-0.124748505637,80570.619999999995,80570.660000000003,80570.639999999999,0.040000000008,0.004964587598,"[{""price"":80570.62,""size"":0.0595,""num_orders"":1},{""price"":80569.62,""size"":0.014328,""num_orders"":1},{""price"":80569.61,""size"":0.024,""num_orders"":1},{""price"":80567.62,""size"":0.07483986,""num_orders"":1},{""price"":80567.61,""size"":0.09979195,""num_orders"":2},{""price"":80563.96,""size"":0.00620419,""num_orders"":1},{""price"":80563.95,""size"":0.01986023,""num_orders"":1},{""price"":80563.26,""size"":0.09901127,""num_orders"":1},{""price"":80563.19,""size"":0.02,""num_orders"":1},{""price"":80563.18,""size"":0.02,""num_orders"":1}]","[{""price"":80570.66,""size"":0.00397169,""num_orders"":1},{""price"":80572.83,""size"":0.00184611,""num_orders"":1},{""price"":80572.84,""size"":0.00397166,""num_orders"":1},{""price"":80573.17,""size"":0.00093086,""num_orders"":1},{""price"":80573.54,""size"":0.148855,""num_orders"":1},{""price"":80574.87,""size"":0.03287774,""num_orders"":3},{""price"":80575.06,""size"":0.09978274,""num_orders"":2},{""price"":80575.56,""size"":0.00496457,""num_orders"":1},{""price"":80575.76,""size"":0.148855,""num_orders"":1},{""price"":80575.77,""size"":0.11620291,""num_orders"":2}]"
btc_usd_d10_20260825T030415Z,23,2026-08-25T03:27:15.206059Z,2026-08-25T03:27:15.206179Z,BTC-USD,10,ok,,134905353812,2026-08-25T03:27:15.047825370Z,1.15267668,0.30811678,0.578151479402,80601.080000000002,80601.089999999997,80601.084999999992,0.009999999995,0.001240678087,"[{""price"":80601.08,""size"":0.18886891,""num_orders"":3},{""price"":80600.9,""size"":0.024,""num_orders"":1},{""price"":80597.89,""size"":0.1,""num_orders"":1},{""price"":80596.32,""size"":1.4e-05,""num_orders"":1},{""price"":80595.2,""size"":0.22330627,""num_orders"":1},{""price"":80593.57,""size"":0.148855,""num_orders"":1},{""price"":80593.01,""size"":0.1096,""num_orders"":1},{""price"":80592.59,""size"":0.22330627,""num_orders"":1},{""price"":80591.56,""size"":1.4e-05,""num_orders"":1},{""price"":80590.15,""size"":0.13471223,""num_orders"":1}]","[{""price"":80601.09,""size"":0.00575287,""num_orders"":2},{""price"":80601.14,""size"":0.00698947,""num_orders"":1},{""price"":80602.15,""size"":0.00011574,""num_orders"":1},{""price"":80602.88,""size"":0.05925346,""num_orders"":1},{""price"":80602.89,""size"":0.09974828,""num_orders"":2},{""price"":80603.11,""size"":0.00397016,""num_orders"":1},{""price"":80604.69,""size"":0.05127498,""num_orders"":1},{""price"":80604.7,""size"":0.04092508,""num_orders"":1},{""price"":80605.17,""size"":0.04,""num_orders"":1},{""price"":80606.82,""size"":8.674e-05,""num_orders"":1}]"
btc_usd_d10_20260825T030415Z,24,2026-08-25T03:28:15.206059Z,2026-08-25T03:28:15.206190Z,BTC-USD,10,ok,,134905408927,2026-08-25T03:28:14.532791939Z,0.86949409,0.37848026,0.393448655415,80635.839999999997,80635.850000000006,80635.845000000001,0.010000000009,0.001240143265,"[{""price"":80635.84,""size"":0.1214452,""num_orders"":5},{""price"":80634.22,""size"":0.02480336,""num_orders"":2},{""price"":80633.89,""size"":3.435e-05,""num_orders"":1},{""price"":80633.82,""size"":0.00396845,""num_orders"":1},{""price"":80632.82,""size"":0.13331384,""num_orders"":1},{""price"":80632.81,""size"":0.22330627,""num_orders"":1},{""price"":80631.1,""size"":0.00496057,""num_orders"":1},{""price"":80630.39,""size"":0.13434178,""num_orders"":1},{""price"":80630.38,""size"":0.22330627,""num_orders"":1},{""price"":80629.64,""size"":1.4e-05,""num_orders"":1}]","[{""price"":80635.85,""size"":0.00589043,""num_orders"":3},{""price"":80637.05,""size"":0.09970602,""num_orders"":2},{""price"":80637.47,""size"":0.02480236,""num_orders"":2},{""price"":80637.87,""size"":0.00396845,""num_orders"":1},{""price"":80640.53,""size"":0.009818,""num_orders"":1},{""price"":80640.59,""size"":0.00496057,""num_orders"":1},{""price"":80642.45,""size"":0.00252622,""num_orders"":1},{""price"":80642.46,""size"":0.08479202,""num_orders"":1},{""price"":80643.26,""size"":0.14,""num_orders"":3},{""price"":80643.89,""size"":0.00201619,""num_orders"":1}]"
btc_usd_d10_20260825T030415Z,25,2026-08-25T03:29:15.206059Z,2026-08-25T03:29:15.206184Z,BTC-USD,10,ok,,134905454905,2026-08-25T03:29:13.175005537Z,8.45485488,0.25508706,0.941426231826,80605,80605.009999999995,80605.005000000005,0.009999999995,0.00124061775,"[{""price"":80605.0,""size"":0.21539186,""num_orders"":6},{""price"":80603.38,""size"":0.02481286,""num_orders"":2},{""price"":80602.46,""size"":0.22330627,""num_orders"":1},{""price"":80601.08,""size"":1.4e-05,""num_orders"":1},{""price"":80600.03,""size"":0.22330627,""num_orders"":1},{""price"":80600.02,""size"":0.148855,""num_orders"":1},{""price"":80600.0,""size"":7.61881153,""num_orders"":1},{""price"":80599.68,""size"":0.00012945,""num_orders"":1},{""price"":80599.38,""size"":9.819e-05,""num_orders"":1},{""price"":80598.96,""size"":0.00012945,""num_orders"":1}]","[{""price"":80605.01,""size"":0.00647985,""num_orders"":3},{""price"":80605.85,""size"":0.0619176,""num_orders"":1},{""price"":80605.86,""size"":0.0997446,""num_orders"":2},{""price"":80607.03,""size"":0.00396997,""num_orders"":1},{""price"":80609.17,""size"":0.00620124,""num_orders"":1},{""price"":80609.18,""size"":0.00052085,""num_orders"":1},{""price"":80610.17,""size"":0.02756095,""num_orders"":1},{""price"":80610.18,""size"":0.04120334,""num_orders"":1},{""price"":80610.6,""size"":0.00496241,""num_orders"":1},{""price"":80612.79,""size"":0.00252625,""num_orders"":1}]"
btc_usd_d10_20260825T030415Z,26,2026-08-25T03:30:15.206059Z,2026-08-25T03:30:15.206203Z,BTC-USD,10,ok,,134905498811,2026-08-25T03:30:12.546118071Z,0.74627999,1.089589,-0.187000821883,80615.350000000006,80615.360000000001,80615.35500000001,0.009999999995,0.00124045847,"[{""price"":80615.35,""size"":0.19975853,""num_orders"":3},{""price"":80613.82,""size"":0.148855,""num_orders"":1},{""price"":80613.73,""size"":0.02480966,""num_orders"":2},{""price"":80613.33,""size"":0.00396946,""num_orders"":1},{""price"":80612.69,""size"":0.024,""num_orders"":1},{""price"":80612.44,""size"":0.00373614,""num_orders"":1},{""price"":80610.61,""size"":0.00496183,""num_orders"":1},{""price"":80607.95,""size"":9.606e-05,""num_orders"":1},{""price"":80607.84,""size"":0.00252625,""num_orders"":1},{""price"":80607.83,""size"":0.33356706,""num_orders"":1}]","[{""price"":80615.36,""size"":0.10310382,""num_orders"":4},{""price"":80616.98,""size"":0.02480866,""num_orders"":2},{""price"":80618.34,""size"":0.14,""num_orders"":3},{""price"":80620.12,""size"":1.4e-05,""num_orders"":1},{""price"":80622.72,""size"":0.00620124,""num_orders"":1},{""price"":80622.73,""size"":0.009821,""num_orders"":1},{""price"":80623.42,""size"":0.0654312,""num_orders"":1},{""price"":80623.43,""size"":0.1096,""num_orders"":1},{""price"":80624.26,""size"":0.61060908,""num_orders"":2},{""price"":80624.27,""size"":0.02,""num_orders"":1}]"
btc_usd_d10_20260825T030415Z,27,2026-08-25T03:31:15.206059Z,2026-08-25T03:31:15.206192Z,BTC-USD,10,ok,,134905562219,2026-08-25T03:31:12.546546261Z,2.05904446,0.23994909,0.791257274297,80663.020000000004,80663.029999999999,80663.024999999994,0.009999999995,0.001239725388,"[{""price"":80663.02,""size"":0.47357653,""num_orders"":7},{""price"":80661.74,""size"":0.06187464,""num_orders"":1},{""price"":80661.73,""size"":0.0996755,""num_orders"":2},{""price"":80661.0,""size"":0.00396712,""num_orders"":1},{""price"":80659.8,""size"":0.87817557,""num_orders"":2},{""price"":80659.79,""size"":0.17357307,""num_orders"":1},{""price"":80658.46,""size"":0.04081506,""num_orders"":1},{""price"":80658.28,""size"":0.0049589,""num_orders"":1},{""price"":80658.18,""size"":0.148855,""num_orders"":1},{""price"":80657.37,""size"":0.17357307,""num_orders"":1}]","[{""price"":80663.03,""size"":0.00023149,""num_orders"":1},{""price"":80667.72,""size"":0.00024214,""num_orders"":2},{""price"":80669.6,""size"":0.09916995,""num_orders"":1},{""price"":80672.48,""size"":1.4e-05,""num_orders"":1},{""price"":80677.15,""size"":0.02,""num_orders"":1},{""price"":80677.24,""size"":1.4e-05,""num_orders"":1},{""price"":80677.44,""size"":0.00012945,""num_orders"":1},{""price"":80678.16,""size"":0.00012945,""num_orders"":1},{""price"":80678.39,""size"":1.861e-05,""num_orders"":1},{""price"":80678.65,""size"":0.12,""num_orders"":2}]"
btc_usd_d10_20260825T030415Z,28,2026-08-25T03:32:15.206059Z,2026-08-25T03:32:15.206202Z,BTC-USD,10,ok,,134905627012,2026-08-25T03:32:13.689749051Z,12.043711,0.78778286,0.877211045168,80730.320000000007,80730.330000000002,80730.325000000012,0.009999999995,0.001238691904,"[{""price"":80730.32,""size"":0.33796536,""num_orders"":6},{""price"":80730.1,""size"":0.09959109,""num_orders"":2},{""price"":80730.01,""size"":4.00070623,""num_orders"":2},{""price"":80730.0,""size"":6.56413687,""num_orders"":1},{""price"":80729.92,""size"":2.35e-06,""num_orders"":1},{""price"":80725.18,""size"":0.17341756,""num_orders"":1},{""price"":80724.84,""size"":1.4e-05,""num_orders"":1},{""price"":80723.55,""size"":0.68826603,""num_orders"":2},{""price"":80722.15,""size"":0.17341756,""num_orders"":1},{""price"":80721.01,""size"":0.00619395,""num_orders"":1}]","[{""price"":80730.33,""size"":0.00992686,""num_orders"":2},{""price"":80737.71,""size"":0.00252624,""num_orders"":1},{""price"":80737.72,""size"":0.17341756,""num_orders"":1},{""price"":80738.67,""size"":0.09908511,""num_orders"":1},{""price"":80740.22,""size"":0.17341756,""num_orders"":1},{""price"":80741.67,""size"":0.148855,""num_orders"":1},{""price"":80742.12,""size"":0.00092902,""num_orders"":1},{""price"":80743.01,""size"":0.17341756,""num_orders"":1},{""price"":80743.87,""size"":0.00619395,""num_orders"":1},{""price"":80743.88,""size"":1.4e-05,""num_orders"":1}]"
btc_usd_d10_20260825T030415Z,29,2026-08-25T03:33:15.206059Z,2026-08-25T03:33:15.206192Z,BTC-USD,10,ok,,134905706847,2026-08-25T03:33:13.845111238Z,0.7012698,0.54704766,0.123544006186,80826.360000000001,80826.369999999995,80826.364999999991,0.009999999995,0.001237220057,"[{""price"":80826.36,""size"":0.04008237,""num_orders"":3},{""price"":80826.34,""size"":0.03,""num_orders"":1},{""price"":80824.34,""size"":0.0039591,""num_orders"":1},{""price"":80821.61,""size"":0.00369467,""num_orders"":1},{""price"":80820.04,""size"":1.4e-05,""num_orders"":1},{""price"":80818.88,""size"":0.00126313,""num_orders"":1},{""price"":80818.87,""size"":0.12104303,""num_orders"":1},{""price"":80818.86,""size"":0.3465285,""num_orders"":1},{""price"":80817.54,""size"":0.00583,""num_orders"":1},{""price"":80817.03,""size"":0.148855,""num_orders"":1}]","[{""price"":80826.37,""size"":0.05961574,""num_orders"":2},{""price"":80826.4,""size"":0.09897756,""num_orders"":1},{""price"":80832.22,""size"":0.00619395,""num_orders"":1},{""price"":80832.23,""size"":0.00010262,""num_orders"":1},{""price"":80834.32,""size"":1.4e-05,""num_orders"":1},{""price"":80837.69,""size"":0.00126312,""num_orders"":1},{""price"":80837.7,""size"":0.01990325,""num_orders"":1},{""price"":80837.77,""size"":0.03333877,""num_orders"":1},{""price"":80837.78,""size"":0.02,""num_orders"":1},{""price"":80837.79,""size"":0.30763865,""num_orders"":2}]"
btc_usd_d10_20260825T030415Z,30,2026-08-25T03:34:15.206059Z,2026-08-25T03:34:15.206195Z,BTC-USD,10,ok,,134905764340,2026-08-25T03:34:12.683632633Z,1.03572714,0.29708586,0.554197235471,80764.139999999999,80764.149999999994,80764.14499999999,0.009999999995,0.001238173201,"[{""price"":80764.14,""size"":0.148855,""num_orders"":1},{""price"":80764.13,""size"":0.00127237,""num_orders"":1},{""price"":80764.12,""size"":0.148855,""num_orders"":1},{""price"":80762.91,""size"":4.197e-05,""num_orders"":1},{""price"":80759.16,""size"":0.00212008,""num_orders"":1},{""price"":80759.03,""size"":0.1543818,""num_orders"":1},{""price"":80759.02,""size"":0.47045747,""num_orders"":1},{""price"":80758.6,""size"":0.1096,""num_orders"":1},{""price"":80758.16,""size"":1.4e-05,""num_orders"":1},{""price"":80758.08,""size"":0.00012945,""num_orders"":1}]","[{""price"":80764.15,""size"":0.09905385,""num_orders"":1},{""price"":80767.8,""size"":0.0595,""num_orders"":1},{""price"":80768.84,""size"":0.00514857,""num_orders"":1},{""price"":80768.85,""size"":0.0595,""num_orders"":1},{""price"":80770.23,""size"":0.000102,""num_orders"":1},{""price"":80770.51,""size"":0.02,""num_orders"":1},{""price"":80770.87,""size"":0.00396192,""num_orders"":1},{""price"":80771.04,""size"":0.009807,""num_orders"":1},{""price"":80772.44,""size"":1.252e-05,""num_orders"":1},{""price"":80772.93,""size"":0.04,""num_orders"":1}]"
btc_usd_d10_20260825T030415Z,31,2026-08-25T03:35:15.206059Z,2026-08-25T03:35:15.206196Z,BTC-USD,10,ok,,134905821585,2026-08-25T03:35:14.528371572Z,0.72388655,0.34246288,0.357691071303,80743.880000000005,80743.889999999999,80743.885000000009,0.009999999995,0.00123848388,"[{""price"":80743.88,""size"":1.4e-05,""num_orders"":1},{""price"":80739.12,""size"":1.4e-05,""num_orders"":1},{""price"":80736.65,""size"":0.148855,""num_orders"":1},{""price"":80736.46,""size"":0.02351381,""num_orders"":1},{""price"":80735.8,""size"":0.1096,""num_orders"":1},{""price"":80734.36,""size"":1.4e-05,""num_orders"":1},{""price"":80734.35,""size"":0.00019139,""num_orders"":1},{""price"":80731.87,""size"":0.009807,""num_orders"":1},{""price"":80729.6,""size"":1.4e-05,""num_orders"":1},{""price"":80728.76,""size"":0.43186335,""num_orders"":2}]","[{""price"":80743.89,""size"":0.0990787,""num_orders"":1},{""price"":80746.68,""size"":0.00213859,""num_orders"":1},{""price"":80748.63,""size"":0.0808729,""num_orders"":1},{""price"":80748.64,""size"":0.05799174,""num_orders"":3},{""price"":80750.67,""size"":0.00396291,""num_orders"":1},{""price"":80751.11,""size"":0.03311279,""num_orders"":1},{""price"":80752.9,""size"":0.06,""num_orders"":2},{""price"":80753.4,""size"":0.00495364,""num_orders"":1},{""price"":80753.41,""size"":0.00023148,""num_orders"":1},{""price"":80755.03,""size"":0.00012013,""num_orders"":1}]"
btc_usd_d10_20260825T030415Z,32,2026-08-25T03:36:15.206059Z,2026-08-25T03:36:15.206185Z,BTC-USD,10,ok,,134905873965,2026-08-25T03:36:14.173843008Z,0.70794407,0.22709969,0.514247996265,80712.360000000001,80712.369999999995,80712.364999999991,0.009999999995,0.001238967535,"[{""price"":80712.36,""size"":0.36817,""num_orders"":6},{""price"":80712.22,""size"":0.10586448,""num_orders"":1},{""price"":80710.54,""size"":0.148855,""num_orders"":1},{""price"":80710.34,""size"":0.00396469,""num_orders"":1},{""price"":80709.29,""size"":0.00092922,""num_orders"":1},{""price"":80709.01,""size"":0.00010012,""num_orders"":1},{""price"":80707.73,""size"":0.02006056,""num_orders"":2},{""price"":80707.72,""size"":0.02,""num_orders"":1},{""price"":80707.71,""size"":0.02,""num_orders"":1},{""price"":80707.7,""size"":0.02,""num_orders"":1}]","[{""price"":80712.37,""size"":0.00035443,""num_orders"":2},{""price"":80713.02,""size"":0.00743494,""num_orders"":1},{""price"":80713.63,""size"":0.09911585,""num_orders"":1},{""price"":80715.32,""size"":1.4e-05,""num_orders"":1},{""price"":80717.18,""size"":0.02391364,""num_orders"":1},{""price"":80718.4,""size"":0.02391364,""num_orders"":1},{""price"":80720.08,""size"":1.4e-05,""num_orders"":1},{""price"":80723.76,""size"":0.00252619,""num_orders"":1},{""price"":80723.82,""size"":0.06,""num_orders"":2},{""price"":80724.08,""size"":0.009813,""num_orders"":1}]"
btc_usd_d10_20260825T030415Z,33,2026-08-25T03:37:15.206059Z,2026-08-25T03:37:15.206183Z,BTC-USD,10,ok,,134905929221,2026-08-25T03:37:12.845534558Z,0.94940174,1.55944063,-0.243155527543,80730.330000000002,80730.339999999997,80730.334999999992,0.009999999995,0.00123869175,"[{""price"":80730.33,""size"":1.038e-05,""num_orders"":1},{""price"":80729.6,""size"":1.4e-05,""num_orders"":1},{""price"":80726.46,""size"":0.00619246,""num_orders"":1},{""price"":80726.45,""size"":0.0012629,""num_orders"":1},{""price"":80726.43,""size"":1.858e-05,""num_orders"":1},{""price"":80726.01,""size"":0.29576219,""num_orders"":1},{""price"":80726.0,""size"":0.49541405,""num_orders"":1},{""price"":80724.86,""size"":0.148855,""num_orders"":1},{""price"":80724.84,""size"":1.4e-05,""num_orders"":1},{""price"":80723.89,""size"":0.00185818,""num_orders"":1}]","[{""price"":80730.34,""size"":0.18305906,""num_orders"":4},{""price"":80732.36,""size"":0.00396381,""num_orders"":1},{""price"":80734.36,""size"":0.00549658,""num_orders"":1},{""price"":80735.09,""size"":0.00495476,""num_orders"":1},{""price"":80740.61,""size"":0.02,""num_orders"":1},{""price"":80740.62,""size"":0.00126335,""num_orders"":1},{""price"":80740.67,""size"":0.1543818,""num_orders"":1},{""price"":80740.68,""size"":0.29576219,""num_orders"":1},{""price"":80740.69,""size"":0.49541405,""num_orders"":1},{""price"":80741.11,""size"":0.39514503,""num_orders"":2}]"
btc_usd_d10_20260825T030415Z,34,2026-08-25T03:38:15.206059Z,2026-08-25T03:38:15.206191Z,BTC-USD,10,ok,,134905995504,2026-08-25T03:38:14.630081397Z,3.29190633,0.75313878,0.627624039031,80800.990000000005,80801,80800.994999999995,0.009999999995,0.001237608521,"[{""price"":80800.99,""size"":0.34242533,""num_orders"":7},{""price"":80800.8,""size"":0.00141765,""num_orders"":1},{""price"":80800.79,""size"":0.90552451,""num_orders"":1},{""price"":80800.78,""size"":0.49541405,""num_orders"":1},{""price"":80800.51,""size"":0.00619246,""num_orders"":1},{""price"":80800.5,""size"":1.0,""num_orders"":1},{""price"":80798.97,""size"":0.00396034,""num_orders"":1},{""price"":80798.0,""size"":0.009807,""num_orders"":1},{""price"":80797.04,""size"":0.4276564,""num_orders"":2},{""price"":80797.03,""size"":0.09950859,""num_orders"":2}]","[{""price"":80801.0,""size"":1.008e-05,""num_orders"":1},{""price"":80805.76,""size"":1.4e-05,""num_orders"":1},{""price"":80810.0,""size"":1.6e-06,""num_orders"":1},{""price"":80810.52,""size"":1.4e-05,""num_orders"":1},{""price"":80812.12,""size"":0.09899505,""num_orders"":1},{""price"":80815.28,""size"":1.4e-05,""num_orders"":1},{""price"":80818.91,""size"":0.49541405,""num_orders"":1},{""price"":80818.92,""size"":0.148855,""num_orders"":1},{""price"":80818.94,""size"":0.009807,""num_orders"":1},{""price"":80820.04,""size"":1.4e-05,""num_orders"":1}]"
btc_usd_d10_20260825T030415Z,35,2026-08-25T03:39:15.206059Z,2026-08-25T03:39:15.206185Z,BTC-USD,10,ok,,134906078450,2026-08-25T03:39:14.119433911Z,1.31594933,1.55687883,-0.083864918673,80824.800000000003,80824.809999999998,80824.804999999993,0.009999999995,0.001237243937,"[{""price"":80824.8,""size"":4.142e-05,""num_orders"":2},{""price"":80823.62,""size"":0.00122983,""num_orders"":1},{""price"":80822.2,""size"":0.02474568,""num_orders"":2},{""price"":80821.73,""size"":0.024,""num_orders"":1},{""price"":80820.04,""size"":1.4e-05,""num_orders"":1},{""price"":80815.28,""size"":1.4e-05,""num_orders"":1},{""price"":80814.03,""size"":0.26589285,""num_orders"":1},{""price"":80814.02,""size"":0.44538165,""num_orders"":1},{""price"":80811.98,""size"":0.4057749,""num_orders"":2},{""price"":80811.97,""size"":0.148855,""num_orders"":1}]","[{""price"":80824.81,""size"":0.53470786,""num_orders"":4},{""price"":80825.57,""size"":0.09897857,""num_orders"":1},{""price"":80825.58,""size"":0.1096,""num_orders"":1},{""price"":80826.83,""size"":0.00395918,""num_orders"":1},{""price"":80827.91,""size"":0.00189088,""num_orders"":1},{""price"":80828.67,""size"":0.00126312,""num_orders"":1},{""price"":80829.56,""size"":0.00494897,""num_orders"":1},{""price"":80829.62,""size"":0.00698947,""num_orders"":1},{""price"":80830.12,""size"":0.34915913,""num_orders"":1},{""price"":80830.13,""size"":0.44538165,""num_orders"":1}]"
btc_usd_d10_20260825T030415Z,36,2026-08-25T03:40:15.206059Z,2026-08-25T03:40:15.206226Z,BTC-USD,10,ok,,134906144707,2026-08-25T03:40:13.129202656Z,2.14414391,0.47881958,0.63490183388,80732.919999999998,80737.210000000006,80735.065000000002,4.290000000008,0.531367628181,"[{""price"":80732.92,""size"":0.43698805,""num_orders"":1},{""price"":80732.86,""size"":0.024,""num_orders"":1},{""price"":80732.64,""size"":0.14863561,""num_orders"":1},{""price"":80731.23,""size"":4.211e-05,""num_orders"":1},{""price"":80730.03,""size"":0.49546661,""num_orders"":1},{""price"":80730.02,""size"":0.14863561,""num_orders"":1},{""price"":80729.6,""size"":1.4e-05,""num_orders"":1},{""price"":80727.12,""size"":0.29579357,""num_orders"":1},{""price"":80727.11,""size"":0.49546661,""num_orders"":1},{""price"":80725.11,""size"":0.09910174,""num_orders"":1}]","[{""price"":80737.21,""size"":0.03193706,""num_orders"":1},{""price"":80737.27,""size"":0.00252625,""num_orders"":1},{""price"":80738.15,""size"":4.578e-05,""num_orders"":1},{""price"":80738.27,""size"":0.0039636,""num_orders"":1},{""price"":80739.53,""size"":0.00223896,""num_orders"":1},{""price"":80740.01,""size"":0.0442259,""num_orders"":1},{""price"":80741.46,""size"":0.34273992,""num_orders"":2},{""price"":80741.81,""size"":0.00618764,""num_orders"":1},{""price"":80742.0,""size"":0.04,""num_orders"":1},{""price"":80742.02,""size"":0.00495447,""num_orders"":1}]"
btc_usd_d10_20260825T030415Z,37,2026-08-25T03:41:15.206059Z,2026-08-25T03:41:15.206198Z,BTC-USD,10,ok,,134906224898,2026-08-25T03:41:15.047418032Z,1.4992211,1.11370354,0.147542548338,80777.190000000002,80777.199999999997,80777.195000000007,0.009999999995,0.001237973167,"[{""price"":80777.19,""size"":0.11121679,""num_orders"":5},{""price"":80775.6,""size"":0.31985308,""num_orders"":1},{""price"":80775.59,""size"":0.44611736,""num_orders"":1},{""price"":80775.57,""size"":0.02475996,""num_orders"":2},{""price"":80775.48,""size"":0.03,""num_orders"":1},{""price"":80775.46,""size"":0.03,""num_orders"":1},{""price"":80775.4,""size"":0.00092847,""num_orders"":1},{""price"":80774.77,""size"":0.00396152,""num_orders"":1},{""price"":80773.16,""size"":0.38367813,""num_orders"":1},{""price"":80773.15,""size"":0.14870579,""num_orders"":1}]","[{""price"":80777.2,""size"":1.4e-05,""num_orders"":1},{""price"":80778.2,""size"":0.00128031,""num_orders"":1},{""price"":80779.76,""size"":0.02475868,""num_orders"":2},{""price"":80780.28,""size"":0.09903407,""num_orders"":1},{""price"":80781.96,""size"":1.4e-05,""num_orders"":1},{""price"":80783.35,""size"":0.009807,""num_orders"":1},{""price"":80784.53,""size"":0.26633206,""num_orders"":1},{""price"":80784.54,""size"":0.44611736,""num_orders"":1},{""price"":80786.72,""size"":1.4e-05,""num_orders"":1},{""price"":80787.0,""size"":0.26633206,""num_orders"":1}]"
btc_usd_d10_20260825T030415Z,38,2026-08-25T03:42:15.206059Z,2026-08-25T03:42:15.206223Z,BTC-USD,10,ok,,134906282496,2026-08-25T03:42:14.031733996Z,2.11659755,0.24917256,0.789351840277,80742.389999999999,80742.399999999994,80742.39499999999,0.009999999995,0.001238506734,"[{""price"":80742.39,""size"":0.32816142,""num_orders"":6},{""price"":80740.77,""size"":0.02477064,""num_orders"":2},{""price"":80740.05,""size"":0.00252618,""num_orders"":1},{""price"":80740.04,""size"":0.35493755,""num_orders"":1},{""price"":80740.03,""size"":0.14870579,""num_orders"":1},{""price"":80740.01,""size"":0.44582947,""num_orders"":1},{""price"":80736.91,""size"":0.09958268,""num_orders"":2},{""price"":80735.86,""size"":0.26616019,""num_orders"":1},{""price"":80735.85,""size"":0.44582947,""num_orders"":1},{""price"":80734.35,""size"":9.416e-05,""num_orders"":1}]","[{""price"":80742.4,""size"":0.00115104,""num_orders"":3},{""price"":80742.45,""size"":0.00349473,""num_orders"":1},{""price"":80744.02,""size"":0.02476964,""num_orders"":2},{""price"":80744.74,""size"":0.08215092,""num_orders"":1},{""price"":80744.75,""size"":0.09907765,""num_orders"":1},{""price"":80744.94,""size"":0.009804,""num_orders"":1},{""price"":80746.05,""size"":0.01266007,""num_orders"":1},{""price"":80746.06,""size"":0.00092888,""num_orders"":1},{""price"":80746.66,""size"":0.00247556,""num_orders"":1},{""price"":80747.27,""size"":0.01266007,""num_orders"":1}]"
btc_usd_d10_20260825T030415Z,39,2026-08-25T03:43:15.206059Z,2026-08-25T03:43:15.206191Z,BTC-USD,10,ok,,134906351004,2026-08-25T03:43:13.678654664Z,1.75472252,0.34514397,0.671270557777,80639.169999999998,80639.179999999993,80639.174999999988,0.009999999995,0.001240092051,"[{""price"":80639.17,""size"":0.18819518,""num_orders"":3},{""price"":80637.46,""size"":0.024,""num_orders"":1},{""price"":80636.31,""size"":0.09970692,""num_orders"":2},{""price"":80634.93,""size"":0.00172606,""num_orders"":1},{""price"":80634.92,""size"":0.19225494,""num_orders"":1},{""price"":80634.91,""size"":0.32203507,""num_orders"":1},{""price"":80632.48,""size"":0.34646349,""num_orders"":1},{""price"":80632.47,""size"":0.14870579,""num_orders"":1},{""price"":80632.46,""size"":0.32203507,""num_orders"":1},{""price"":80631.1,""size"":0.1096,""num_orders"":1}]","[{""price"":80639.18,""size"":0.00408404,""num_orders"":2},{""price"":80639.33,""size"":0.00244396,""num_orders"":1},{""price"":80641.2,""size"":0.00396829,""num_orders"":1},{""price"":80642.15,""size"":0.00619523,""num_orders"":1},{""price"":80642.94,""size"":0.21423424,""num_orders"":2},{""price"":80643.11,""size"":0.009811,""num_orders"":1},{""price"":80643.92,""size"":0.00497436,""num_orders"":2},{""price"":80643.93,""size"":0.00017368,""num_orders"":1},{""price"":80644.1,""size"":0.0992013,""num_orders"":1},{""price"":80645.54,""size"":5.787e-05,""num_orders"":1}]"
btc_usd_d10_20260825T030415Z,40,2026-08-25T03:44:15.206059Z,2026-08-25T03:44:15.206223Z,BTC-USD,10,ok,,134906408510,2026-08-25T03:44:14.631095097Z,0.47233186,0.60940052,-0.126712172562,80637.070000000007,80637.080000000002,80637.075000000012,0.009999999995,0.001240124347,"[{""price"":80637.07,""size"":0.00023464,""num_orders"":2},{""price"":80635.26,""size"":0.02480304,""num_orders"":2},{""price"":80634.72,""size"":0.024,""num_orders"":1},{""price"":80634.4,""size"":1.4e-05,""num_orders"":1},{""price"":80630.63,""size"":0.00247875,""num_orders"":1},{""price"":80630.39,""size"":0.05952942,""num_orders"":1},{""price"":80630.38,""size"":0.09971427,""num_orders"":2},{""price"":80629.64,""size"":1.396e-05,""num_orders"":1},{""price"":80628.98,""size"":0.00252624,""num_orders"":1},{""price"":80628.97,""size"":0.25901754,""num_orders"":2}]","[{""price"":80637.08,""size"":0.15278992,""num_orders"":3},{""price"":80637.13,""size"":0.00887837,""num_orders"":1},{""price"":80637.26,""size"":0.11058316,""num_orders"":1},{""price"":80637.38,""size"":0.14870579,""num_orders"":1},{""price"":80638.7,""size"":0.02480198,""num_orders"":2},{""price"":80639.1,""size"":0.00396839,""num_orders"":1},{""price"":80642.11,""size"":0.00023076,""num_orders"":1},{""price"":80642.37,""size"":0.00496046,""num_orders"":1},{""price"":80642.5,""size"":9.989e-05,""num_orders"":1},{""price"":80643.28,""size"":0.1543818,""num_orders"":1}]"
btc_usd_d10_20260825T030415Z,41,2026-08-25T03:45:15.206059Z,2026-08-25T03:45:15.206235Z,BTC-USD,10,ok,,134906495345,2026-08-25T03:45:13.597030931Z,0.90130145,1.03235408,-0.067774548241,80563.880000000005,80565.339999999997,80564.610000000001,1.459999999992,0.181221010068,"[{""price"":80563.88,""size"":0.20849369,""num_orders"":2},{""price"":80563.03,""size"":0.14899369,""num_orders"":1},{""price"":80563.02,""size"":0.00583861,""num_orders"":2},{""price"":80563.01,""size"":0.024,""num_orders"":1},{""price"":80562.89,""size"":0.00620733,""num_orders"":1},{""price"":80562.54,""size"":0.00175556,""num_orders"":1},{""price"":80560.97,""size"":0.00397204,""num_orders"":1},{""price"":80559.63,""size"":0.39727078,""num_orders"":1},{""price"":80558.25,""size"":0.00496505,""num_orders"":1},{""price"":80557.32,""size"":0.0998047,""num_orders"":2}]","[{""price"":80565.34,""size"":0.09868865,""num_orders"":1},{""price"":80567.76,""size"":1.4e-05,""num_orders"":1},{""price"":80570.04,""size"":0.06545068,""num_orders"":1},{""price"":80571.06,""size"":0.1096,""num_orders"":1},{""price"":80572.52,""size"":1.4e-05,""num_orders"":1},{""price"":80572.88,""size"":1.863e-05,""num_orders"":1},{""price"":80575.74,""size"":0.23717901,""num_orders"":1},{""price"":80575.75,""size"":0.39727078,""num_orders"":1},{""price"":80577.28,""size"":1.4e-05,""num_orders"":1},{""price"":80577.36,""size"":0.12410433,""num_orders"":1}]"
btc_usd_d10_20260825T030415Z,42,2026-08-25T03:46:15.206059Z,2026-08-25T03:46:15.206229Z,BTC-USD,10,ok,,134906573473,2026-08-25T03:46:12.516980841Z,1.15631408,0.3931636,0.492521118471,80587.539999999994,80587.550000000003,80587.544999999998,0.010000000009,0.001240886543,"[{""price"":80587.54,""size"":0.14899369,""num_orders"":1},{""price"":80586.59,""size"":0.14899343,""num_orders"":1},{""price"":80586.19,""size"":0.024,""num_orders"":1},{""price"":80582.04,""size"":1.4e-05,""num_orders"":1},{""price"":80581.82,""size"":0.09927797,""num_orders"":1},{""price"":80579.48,""size"":0.1096,""num_orders"":1},{""price"":80577.28,""size"":1.4e-05,""num_orders"":1},{""price"":80573.68,""size"":0.13852885,""num_orders"":1},{""price"":80573.67,""size"":0.14899369,""num_orders"":1},{""price"":80573.06,""size"":0.33789845,""num_orders"":1}]","[{""price"":80587.55,""size"":0.05949999,""num_orders"":1},{""price"":80587.97,""size"":0.00126312,""num_orders"":1},{""price"":80589.57,""size"":0.00397083,""num_orders"":1},{""price"":80591.65,""size"":0.09926587,""num_orders"":1},{""price"":80592.2,""size"":0.00496364,""num_orders"":1},{""price"":80592.53,""size"":0.00414681,""num_orders"":1},{""price"":80592.93,""size"":0.04424641,""num_orders"":1},{""price"":80599.5,""size"":0.1096,""num_orders"":1},{""price"":80600.61,""size"":0.06,""num_orders"":2},{""price"":80601.07,""size"":0.00620693,""num_orders"":1}]"
btc_usd_d10_20260825T030415Z,43,2026-08-25T03:47:15.206059Z,2026-08-25T03:47:15.206193Z,BTC-USD,10,ok,,134906630256,2026-08-25T03:47:14.032875702Z,1.2059546,0.2217513,0.689359972527,80653.440000000002,80653.449999999997,80653.445000000007,0.009999999995,0.001239872642,"[{""price"":80653.44,""size"":0.42588273,""num_orders"":8},{""price"":80653.17,""size"":0.024,""num_orders"":1},{""price"":80652.54,""size"":0.09968687,""num_orders"":2},{""price"":80651.82,""size"":0.02479796,""num_orders"":2},{""price"":80651.42,""size"":0.00396759,""num_orders"":1},{""price"":80649.49,""size"":0.00252625,""num_orders"":1},{""price"":80649.48,""size"":0.47112649,""num_orders"":1},{""price"":80648.93,""size"":0.14899369,""num_orders"":1},{""price"":80648.7,""size"":0.00495949,""num_orders"":1},{""price"":80648.68,""size"":1.353e-05,""num_orders"":1}]","[{""price"":80653.45,""size"":0.00089702,""num_orders"":1},{""price"":80653.5,""size"":0.0052421,""num_orders"":1},{""price"":80655.29,""size"":0.01976176,""num_orders"":1},{""price"":80655.3,""size"":0.02479688,""num_orders"":2},{""price"":80655.76,""size"":0.00396758,""num_orders"":1},{""price"":80656.05,""size"":6.756e-05,""num_orders"":1},{""price"":80657.53,""size"":0.00426976,""num_orders"":1},{""price"":80658.86,""size"":0.05860784,""num_orders"":1},{""price"":80659.14,""size"":0.00495946,""num_orders"":1},{""price"":80660.34,""size"":0.09918134,""num_orders"":1}]"
btc_usd_d10_20260825T030415Z,44,2026-08-25T03:48:15.206059Z,2026-08-25T03:48:15.206186Z,BTC-USD,10,ok,,134906678368,2026-08-25T03:48:13.187518243Z,2.00139818,0.83440615,0.411520646067,80629.399999999994,80629.410000000003,80629.404999999999,0.010000000009,0.001240242317,"[{""price"":80629.4,""size"":0.06422547,""num_orders"":5},{""price"":80628.58,""size"":0.0997165,""num_orders"":2},{""price"":80628.06,""size"":8.484e-05,""num_orders"":1},{""price"":80626.52,""size"":0.04339646,""num_orders"":1},{""price"":80626.08,""size"":0.1543818,""num_orders"":1},{""price"":80626.07,""size"":0.14899369,""num_orders"":1},{""price"":80625.26,""size"":0.78551974,""num_orders"":1},{""price"":80625.24,""size"":0.44648599,""num_orders"":1},{""price"":80625.22,""size"":0.14899369,""num_orders"":1},{""price"":80625.19,""size"":0.1096,""num_orders"":1}]","[{""price"":80629.41,""size"":0.00400049,""num_orders"":2},{""price"":80631.45,""size"":0.00396885,""num_orders"":1},{""price"":80634.49,""size"":0.00744243,""num_orders"":1},{""price"":80635.19,""size"":0.00496098,""num_orders"":1},{""price"":80635.6,""size"":0.00126343,""num_orders"":1},{""price"":80635.61,""size"":0.09970781,""num_orders"":2},{""price"":80636.59,""size"":0.26655732,""num_orders"":1},{""price"":80636.6,""size"":0.44648599,""num_orders"":1},{""price"":80637.24,""size"":8.69e-06,""num_orders"":1},{""price"":80639.16,""size"":1.016e-05,""num_orders"":1}]"
btc_usd_d10_20260825T030415Z,45,2026-08-25T03:49:15.206059Z,2026-08-25T03:49:15.206184Z,BTC-USD,10,ok,,134906756678,2026-08-25T03:49:12.459433326Z,0.20517645,1.7454135,-0.789626261532,80453.520000000004,80460.220000000001,80456.869999999995,6.699999999997,0.832744301387,"[{""price"":80453.52,""size"":1.4e-05,""num_orders"":1},{""price"":80451.0,""size"":0.0595,""num_orders"":1},{""price"":80450.0,""size"":0.0003018,""num_orders"":1},{""price"":80448.76,""size"":1.4e-05,""num_orders"":1},{""price"":80447.19,""size"":0.1096,""num_orders"":1},{""price"":80444.0,""size"":2.628e-05,""num_orders"":2},{""price"":80443.06,""size"":1.865e-05,""num_orders"":1},{""price"":80441.2,""size"":0.03292728,""num_orders"":1},{""price"":80439.24,""size"":1.4e-05,""num_orders"":1},{""price"":80436.34,""size"":0.00276044,""num_orders"":1}]","[{""price"":80460.22,""size"":0.00010344,""num_orders"":1},{""price"":80462.03,""size"":0.49680369,""num_orders"":1},{""price"":80463.0,""size"":0.00587868,""num_orders"":1},{""price"":80465.01,""size"":0.00397719,""num_orders"":1},{""price"":80465.05,""size"":0.49680369,""num_orders"":1},{""price"":80467.73,""size"":0.00497149,""num_orders"":1},{""price"":80467.88,""size"":0.12427319,""num_orders"":1},{""price"":80468.45,""size"":0.00619844,""num_orders"":1},{""price"":80468.46,""size"":0.49680369,""num_orders"":1},{""price"":80470.51,""size"":0.1096,""num_orders"":1}]"
btc_usd_d10_20260825T030415Z,46,2026-08-25T03:50:15.206059Z,2026-08-25T03:50:15.206187Z,BTC-USD,10,ok,,134906849011,2026-08-25T03:50:14.103249380Z,1.93026583,0.38687772,0.666073584435,80497.389999999999,80497.399999999994,80497.39499999999,0.009999999995,0.001242276225,"[{""price"":80497.39,""size"":0.49749459,""num_orders"":1},{""price"":80496.7,""size"":0.00397523,""num_orders"":1},{""price"":80496.57,""size"":0.00093169,""num_orders"":1},{""price"":80494.68,""size"":0.00397523,""num_orders"":1},{""price"":80493.41,""size"":0.05963072,""num_orders"":1},{""price"":80493.4,""size"":0.09988395,""num_orders"":2},{""price"":80492.13,""size"":0.60283941,""num_orders"":1},{""price"":80492.12,""size"":0.64674297,""num_orders"":2},{""price"":80491.97,""size"":0.00496904,""num_orders"":1},{""price"":80489.85,""size"":0.009823,""num_orders"":1}]","[{""price"":80497.4,""size"":0.0595,""num_orders"":1},{""price"":80498.01,""size"":0.00016063,""num_orders"":1},{""price"":80499.01,""size"":0.00128198,""num_orders"":1},{""price"":80501.12,""size"":1.4e-05,""num_orders"":1},{""price"":80501.19,""size"":0.11655735,""num_orders"":2},{""price"":80502.62,""size"":0.1096,""num_orders"":1},{""price"":80502.81,""size"":0.09937541,""num_orders"":1},{""price"":80503.2,""size"":0.00012945,""num_orders"":1},{""price"":80503.92,""size"":0.00012945,""num_orders"":1},{""price"":80504.64,""size"":0.00012945,""num_orders"":1}]"
btc_usd_d10_20260825T030415Z,47,2026-08-25T03:51:15.206059Z,2026-08-25T03:51:15.206189Z,BTC-USD,10,ok,,134906911194,2026-08-25T03:51:13.190259041Z,0.95409144,0.52205802,0.292675932693,80535.529999999999,80536.410000000003,80535.970000000001,0.880000000005,0.10926794574,"[{""price"":80535.53,""size"":0.08397335,""num_orders"":3},{""price"":80534.89,""size"":2.118e-05,""num_orders"":1},{""price"":80534.57,""size"":0.00093125,""num_orders"":1},{""price"":80533.52,""size"":0.024,""num_orders"":1},{""price"":80533.51,""size"":0.00397335,""num_orders"":1},{""price"":80533.26,""size"":0.04259827,""num_orders"":1},{""price"":80531.79,""size"":0.30039185,""num_orders"":1},{""price"":80531.78,""size"":0.09987116,""num_orders"":3},{""price"":80530.59,""size"":0.0009716,""num_orders"":1},{""price"":80530.58,""size"":0.39735943,""num_orders"":1}]","[{""price"":80536.41,""size"":0.0015207,""num_orders"":1},{""price"":80537.42,""size"":0.00011578,""num_orders"":1},{""price"":80537.43,""size"":0.009827,""num_orders"":1},{""price"":80537.8,""size"":0.0074515,""num_orders"":1},{""price"":80539.2,""size"":1.4e-05,""num_orders"":1},{""price"":80539.58,""size"":0.229054,""num_orders"":1},{""price"":80539.59,""size"":0.14924838,""num_orders"":1},{""price"":80539.61,""size"":0.09933001,""num_orders"":1},{""price"":80539.62,""size"":0.00049665,""num_orders"":1},{""price"":80539.8,""size"":0.025,""num_orders"":1}]"
btc_usd_d10_20260825T030415Z,48,2026-08-25T03:52:15.206059Z,2026-08-25T03:52:15.206197Z,BTC-USD,10,ok,,134906963559,2026-08-25T03:52:12.550081857Z,1.26479241,0.51507121,0.421223958721,80596.309999999998,80596.320000000007,80596.315000000002,0.010000000009,0.001240751517,"[{""price"":80596.31,""size"":0.0074508,""num_orders"":1},{""price"":80595.87,""size"":0.42193554,""num_orders"":1},{""price"":80595.3,""size"":0.09926136,""num_orders"":1},{""price"":80595.29,""size"":0.0004963,""num_orders"":1},{""price"":80595.19,""size"":0.0473,""num_orders"":1},{""price"":80594.44,""size"":0.0061,""num_orders"":1},{""price"":80594.19,""size"":9.806e-05,""num_orders"":1},{""price"":80593.45,""size"":0.57118392,""num_orders"":2},{""price"":80593.44,""size"":0.10970331,""num_orders"":2},{""price"":80593.2,""size"":0.00126312,""num_orders"":1}]","[{""price"":80596.32,""size"":1.4e-05,""num_orders"":1},{""price"":80599.33,""size"":0.25772854,""num_orders"":1},{""price"":80599.68,""size"":0.00012945,""num_orders"":1},{""price"":80600.4,""size"":0.00012945,""num_orders"":1},{""price"":80601.08,""size"":1.4e-05,""num_orders"":1},{""price"":80601.12,""size"":0.00012945,""num_orders"":1},{""price"":80601.84,""size"":0.00012945,""num_orders"":1},{""price"":80602.56,""size"":0.00012945,""num_orders"":1},{""price"":80602.58,""size"":0.25653797,""num_orders"":1},{""price"":80603.28,""size"":0.00012945,""num_orders"":1}]"
btc_usd_d10_20260825T030415Z,49,2026-08-25T03:53:15.206059Z,2026-08-25T03:53:15.206201Z,BTC-USD,10,ok,,134907041916,2026-08-25T03:53:14.684877111Z,2.16209343,1.43329221,0.202704603337,80600.399999999994,80600.410000000003,80600.404999999999,0.010000000009,0.001240688556,"[{""price"":80600.4,""size"":0.01002436,""num_orders"":2},{""price"":80597.46,""size"":0.024,""num_orders"":1},{""price"":80596.02,""size"":0.28134396,""num_orders"":1},{""price"":80596.01,""size"":0.47126292,""num_orders"":1},{""price"":80595.37,""size"":9.838e-05,""num_orders"":1},{""price"":80593.69,""size"":0.00049631,""num_orders"":1},{""price"":80593.58,""size"":0.28134396,""num_orders"":1},{""price"":80593.57,""size"":0.47126292,""num_orders"":1},{""price"":80591.56,""size"":1.388e-05,""num_orders"":1},{""price"":80591.03,""size"":0.62224674,""num_orders"":1}]","[{""price"":80600.41,""size"":0.17304552,""num_orders"":5},{""price"":80601.62,""size"":0.00126299,""num_orders"":1},{""price"":80602.43,""size"":0.0039702,""num_orders"":1},{""price"":80602.64,""size"":0.18057276,""num_orders"":1},{""price"":80602.68,""size"":0.14924838,""num_orders"":1},{""price"":80603.69,""size"":0.14924838,""num_orders"":1},{""price"":80605.15,""size"":0.00496275,""num_orders"":1},{""price"":80606.78,""size"":0.00541607,""num_orders"":1},{""price"":80609.45,""size"":0.1543818,""num_orders"":1},{""price"":80609.46,""size"":0.61118336,""num_orders"":2}]"
btc_usd_d10_20260825T030415Z,50,2026-08-25T03:54:15.206059Z,2026-08-25T03:54:15.206224Z,BTC-USD,10,ok,,134907096524,2026-08-25T03:54:13.682765809Z,2.1173158,1.20242074,0.275592670977,80549.490000000005,80549.5,80549.494999999995,0.009999999995,0.001241472711,"[{""price"":80549.49,""size"":0.22673479,""num_orders"":6},{""price"":80548.72,""size"":1.4e-05,""num_orders"":1},{""price"":80548.28,""size"":0.65466024,""num_orders"":2},{""price"":80548.27,""size"":0.0998159,""num_orders"":2},{""price"":80547.87,""size"":0.02482996,""num_orders"":2},{""price"":80545.96,""size"":0.99297489,""num_orders"":1},{""price"":80543.96,""size"":1.4e-05,""num_orders"":1},{""price"":80542.75,""size"":0.00705547,""num_orders"":1},{""price"":80542.5,""size"":0.08621979,""num_orders"":1},{""price"":80542.49,""size"":0.02499676,""num_orders"":1}]","[{""price"":80549.5,""size"":0.01026093,""num_orders"":2},{""price"":80549.52,""size"":0.03,""num_orders"":1},{""price"":80549.85,""size"":0.04317095,""num_orders"":1},{""price"":80551.12,""size"":0.02482896,""num_orders"":2},{""price"":80551.52,""size"":0.00397271,""num_orders"":1},{""price"":80553.82,""size"":0.04486007,""num_orders"":1},{""price"":80554.25,""size"":0.00496591,""num_orders"":1},{""price"":80555.03,""size"":0.04486007,""num_orders"":1},{""price"":80556.66,""size"":0.00252625,""num_orders"":1},{""price"":80558.85,""size"":0.99297489,""num_orders"":1}]"
btc_usd_d10_20260825T030415Z,51,2026-08-25T03:55:15.206059Z,2026-08-25T03:55:15.206223Z,BTC-USD,10,ok,,134907154380,2026-08-25T03:55:12.538258511Z,1.97744739,0.37393604,0.681943799357,80534.660000000003,80534.669999999998,80534.665000000008,0.009999999995,0.001241701321,"[{""price"":80534.66,""size"":0.02402074,""num_orders"":2},{""price"":80534.44,""size"":1.4e-05,""num_orders"":1},{""price"":80533.78,""size"":0.005,""num_orders"":1},{""price"":80533.04,""size"":0.02483452,""num_orders"":2},{""price"":80531.38,""size"":0.09983685,""num_orders"":2},{""price"":80531.25,""size"":0.68176177,""num_orders"":1},{""price"":80531.24,""size"":0.49650674,""num_orders"":1},{""price"":80529.68,""size"":1.4e-05,""num_orders"":1},{""price"":80529.3,""size"":0.14895203,""num_orders"":1},{""price"":80528.56,""size"":0.49650674,""num_orders"":1}]","[{""price"":80534.67,""size"":0.09706333,""num_orders"":4},{""price"":80535.27,""size"":0.00197414,""num_orders"":1},{""price"":80536.28,""size"":0.07485445,""num_orders"":2},{""price"":80536.29,""size"":0.02483352,""num_orders"":2},{""price"":80536.71,""size"":0.00397344,""num_orders"":1},{""price"":80537.7,""size"":0.09982902,""num_orders"":2},{""price"":80539.21,""size"":0.00049449,""num_orders"":1},{""price"":80539.88,""size"":0.00249577,""num_orders"":1},{""price"":80539.91,""size"":0.06345115,""num_orders"":1},{""price"":80540.46,""size"":0.00496673,""num_orders"":1}]"
btc_usd_d10_20260825T030415Z,52,2026-08-25T03:56:15.206059Z,2026-08-25T03:56:15.206229Z,BTC-USD,10,ok,,134907238439,2026-08-25T03:56:14.532959206Z,2.68268675,0.26108105,0.822621165976,80466.490000000005,80466.5,80466.494999999995,0.009999999995,0.001242753272,"[{""price"":80466.49,""size"":0.0995,""num_orders"":2},{""price"":80466.35,""size"":0.00084051,""num_orders"":1},{""price"":80466.34,""size"":0.09991754,""num_orders"":2},{""price"":80465.41,""size"":0.49718151,""num_orders"":1},{""price"":80463.0,""size"":0.29681736,""num_orders"":1},{""price"":80462.99,""size"":0.49718151,""num_orders"":1},{""price"":80462.81,""size"":0.14915446,""num_orders"":1},{""price"":80460.0,""size"":0.14915446,""num_orders"":1},{""price"":80458.17,""size"":0.39575789,""num_orders"":1},{""price"":80458.16,""size"":0.49718151,""num_orders"":1}]","[{""price"":80466.5,""size"":0.0002599,""num_orders"":2},{""price"":80467.8,""size"":1.4e-05,""num_orders"":1},{""price"":80470.14,""size"":0.00166312,""num_orders"":1},{""price"":80472.56,""size"":1.4e-05,""num_orders"":1},{""price"":80473.11,""size"":0.02823972,""num_orders"":1},{""price"":80473.12,""size"":0.04627027,""num_orders"":1},{""price"":80474.98,""size"":0.00093219,""num_orders"":1},{""price"":80477.32,""size"":1.4e-05,""num_orders"":1},{""price"":80479.47,""size"":0.08426966,""num_orders"":1},{""price"":80479.5,""size"":0.09940419,""num_orders"":1}]"
btc_usd_d10_20260825T030415Z,53,2026-08-25T03:57:15.206059Z,2026-08-25T03:57:15.206184Z,BTC-USD,10,ok,,134907319921,2026-08-25T03:57:13.174655773Z,2.0431508,1.18701613,0.265043475632,80309.919999999998,80309.990000000005,80309.955000000002,0.070000000007,0.008716229514,"[{""price"":80309.92,""size"":0.14915446,""num_orders"":1},{""price"":80308.57,""size"":0.1096,""num_orders"":1},{""price"":80308.11,""size"":0.49718151,""num_orders"":1},{""price"":80308.1,""size"":0.0595,""num_orders"":1},{""price"":80307.23,""size"":0.1001155,""num_orders"":2},{""price"":80307.21,""size"":0.119,""num_orders"":2},{""price"":80307.08,""size"":0.0595,""num_orders"":1},{""price"":80306.91,""size"":0.139,""num_orders"":3},{""price"":80305.21,""size"":0.51718151,""num_orders"":2},{""price"":80305.2,""size"":0.29291782,""num_orders"":5}]","[{""price"":80309.99,""size"":0.0012838,""num_orders"":1},{""price"":80311.41,""size"":0.04194588,""num_orders"":1},{""price"":80313.97,""size"":0.67014252,""num_orders"":1},{""price"":80315.48,""size"":1.4e-05,""num_orders"":1},{""price"":80318.55,""size"":0.00011574,""num_orders"":1},{""price"":80318.87,""size"":0.29682572,""num_orders"":1},{""price"":80319.95,""size"":0.009838,""num_orders"":1},{""price"":80320.24,""size"":1.4e-05,""num_orders"":1},{""price"":80322.21,""size"":0.16590253,""num_orders"":1},{""price"":80322.51,""size"":0.00093394,""num_orders"":1}]"
btc_usd_d10_20260825T030415Z,54,2026-08-25T03:58:15.206059Z,2026-08-25T03:58:15.206182Z,BTC-USD,10,ok,,134907395165,2026-08-25T03:58:12.546842541Z,0.33653156,2.40892151,-0.75484442719,80429.710000000006,80429.720000000001,80429.714999999997,0.009999999995,0.001243321575,"[{""price"":80429.71,""size"":0.00491111,""num_orders"":2},{""price"":80428.39,""size"":6.269e-05,""num_orders"":1},{""price"":80427.7,""size"":0.00397862,""num_orders"":1},{""price"":80427.56,""size"":0.14915446,""num_orders"":1},{""price"":80426.55,""size"":0.14915446,""num_orders"":1},{""price"":80425.64,""size"":0.024,""num_orders"":1},{""price"":80424.98,""size"":0.00497328,""num_orders"":1},{""price"":80422.97,""size"":9.919e-05,""num_orders"":1},{""price"":80422.95,""size"":0.00010119,""num_orders"":1},{""price"":80422.94,""size"":9.656e-05,""num_orders"":1}]","[{""price"":80429.72,""size"":1.399e-05,""num_orders"":1},{""price"":80430.62,""size"":0.05938872,""num_orders"":1},{""price"":80430.63,""size"":0.09946459,""num_orders"":1},{""price"":80433.14,""size"":0.49718151,""num_orders"":1},{""price"":80434.48,""size"":1.4e-05,""num_orders"":1},{""price"":80435.54,""size"":0.14915446,""num_orders"":1},{""price"":80435.55,""size"":0.59950622,""num_orders"":1},{""price"":80435.56,""size"":0.49718151,""num_orders"":1},{""price"":80438.12,""size"":0.49718151,""num_orders"":1},{""price"":80438.33,""size"":0.009835,""num_orders"":1}]"
btc_usd_d10_20260825T030415Z,55,2026-08-25T03:59:15.206059Z,2026-08-25T03:59:15.206186Z,BTC-USD,10,ok,,134907454338,2026-08-25T03:59:14.542429549Z,1.38543094,1.12967623,0.101687400462,80424.960000000006,80424.970000000001,80424.964999999997,0.009999999995,0.001243395007,"[{""price"":80424.96,""size"":0.18182021,""num_orders"":5},{""price"":80423.75,""size"":0.00010062,""num_orders"":1},{""price"":80420.69,""size"":0.00984,""num_orders"":1},{""price"":80420.2,""size"":1.4e-05,""num_orders"":1},{""price"":80419.55,""size"":0.00128534,""num_orders"":1},{""price"":80419.54,""size"":0.35727052,""num_orders"":1},{""price"":80419.53,""size"":0.49718151,""num_orders"":1},{""price"":80419.09,""size"":0.09947886,""num_orders"":1},{""price"":80418.52,""size"":0.08928542,""num_orders"":1},{""price"":80416.89,""size"":0.14915446,""num_orders"":1}]","[{""price"":80424.97,""size"":0.00093251,""num_orders"":1},{""price"":80425.86,""size"":0.09996784,""num_orders"":2},{""price"":80426.57,""size"":0.00065753,""num_orders"":1},{""price"":80431.12,""size"":0.0104842,""num_orders"":2},{""price"":80433.01,""size"":0.06556936,""num_orders"":1},{""price"":80433.02,""size"":0.1096,""num_orders"":1},{""price"":80433.05,""size"":0.00023142,""num_orders"":2},{""price"":80435.49,""size"":0.00124091,""num_orders"":1},{""price"":80435.5,""size"":0.1543818,""num_orders"":1},{""price"":80435.51,""size"":0.68661066,""num_orders"":1}]"
btc_usd_d10_20260825T030415Z,56,2026-08-25T04:00:15.206059Z,2026-08-25T04:00:15.206187Z,BTC-USD,10,ok,,134907513678,2026-08-25T04:00:14.104724100Z,1.10412609,2.50067992,-0.387414420117,80470.600000000006,80476.440000000002,80473.520000000004,5.839999999997,0.72570455474,"[{""price"":80470.6,""size"":0.00111411,""num_orders"":1},{""price"":80469.0,""size"":0.00447372,""num_orders"":2},{""price"":80468.99,""size"":0.09839472,""num_orders"":2},{""price"":80468.37,""size"":0.31191352,""num_orders"":2},{""price"":80468.36,""size"":0.39762388,""num_orders"":1},{""price"":80467.8,""size"":3.077e-05,""num_orders"":2},{""price"":80467.38,""size"":0.0248548,""num_orders"":2},{""price"":80466.98,""size"":0.00397668,""num_orders"":1},{""price"":80465.32,""size"":0.00323082,""num_orders"":1},{""price"":80464.13,""size"":0.25851307,""num_orders"":2}]","[{""price"":80476.44,""size"":0.22915446,""num_orders"":3},{""price"":80477.02,""size"":0.1096,""num_orders"":1},{""price"":80478.29,""size"":0.00093509,""num_orders"":1},{""price"":80478.3,""size"":0.39762388,""num_orders"":1},{""price"":80481.02,""size"":0.24327756,""num_orders"":1},{""price"":80481.03,""size"":0.39762388,""num_orders"":1},{""price"":80482.08,""size"":3.622e-05,""num_orders"":2},{""price"":80483.67,""size"":0.71858925,""num_orders"":1},{""price"":80483.68,""size"":0.39762388,""num_orders"":1},{""price"":80486.49,""size"":0.0062157,""num_orders"":1}]"
btc_usd_d10_20260825T030415Z,57,2026-08-25T04:01:15.206059Z,2026-08-25T04:01:15.206184Z,BTC-USD,10,ok,,134907569280,2026-08-25T04:01:13.129248690Z,1.72007815,1.41000463,0.099062402433,80454.220000000001,80454.229999999996,80454.225000000006,0.009999999995,0.001242942803,"[{""price"":80454.22,""size"":0.1096,""num_orders"":1},{""price"":80452.12,""size"":0.014328,""num_orders"":1},{""price"":80452.11,""size"":0.024,""num_orders"":1},{""price"":80450.82,""size"":0.023894,""num_orders"":1},{""price"":80448.76,""size"":0.04002345,""num_orders"":3},{""price"":80446.14,""size"":0.56381648,""num_orders"":1},{""price"":80446.13,""size"":0.39762388,""num_orders"":1},{""price"":80444.0,""size"":1.4e-05,""num_orders"":1},{""price"":80443.74,""size"":0.14915446,""num_orders"":1},{""price"":80443.59,""size"":0.39762388,""num_orders"":1}]","[{""price"":80454.23,""size"":0.0595,""num_orders"":1},{""price"":80454.48,""size"":0.23495561,""num_orders"":2},{""price"":80454.49,""size"":0.39762388,""num_orders"":1},{""price"":80456.13,""size"":0.15313192,""num_orders"":2},{""price"":80457.13,""size"":0.14915446,""num_orders"":1},{""price"":80457.15,""size"":0.39762388,""num_orders"":1},{""price"":80457.56,""size"":0.00193985,""num_orders"":1},{""price"":80457.83,""size"":0.00984,""num_orders"":1},{""price"":80458.85,""size"":0.00497182,""num_orders"":1},{""price"":80459.03,""size"":0.00126321,""num_orders"":1}]"
btc_usd_d10_20260825T030415Z,58,2026-08-25T04:02:15.206059Z,2026-08-25T04:02:15.206191Z,BTC-USD,10,ok,,134907629210,2026-08-25T04:02:15.063667640Z,1.40369844,0.6858844,0.343520259766,80458.270000000004,80458.279999999999,80458.274999999994,0.009999999995,0.001242880238,"[{""price"":80458.27,""size"":0.24952757,""num_orders"":4},{""price"":80455.75,""size"":0.5243433,""num_orders"":1},{""price"":80455.74,""size"":0.39762388,""num_orders"":1},{""price"":80454.64,""size"":0.00163867,""num_orders"":1},{""price"":80454.53,""size"":0.14915446,""num_orders"":1},{""price"":80454.52,""size"":0.01126312,""num_orders"":2},{""price"":80454.51,""size"":0.02,""num_orders"":1},{""price"":80453.53,""size"":0.024,""num_orders"":1},{""price"":80453.52,""size"":0.02578441,""num_orders"":2},{""price"":80453.51,""size"":0.00036303,""num_orders"":2}]","[{""price"":80458.28,""size"":1.4e-05,""num_orders"":1},{""price"":80461.28,""size"":0.0015197,""num_orders"":1},{""price"":80463.04,""size"":1.4e-05,""num_orders"":1},{""price"":80463.63,""size"":0.04052329,""num_orders"":1},{""price"":80465.26,""size"":0.00014782,""num_orders"":1},{""price"":80467.8,""size"":1.4e-05,""num_orders"":1},{""price"":80469.63,""size"":0.00093221,""num_orders"":1},{""price"":80470.23,""size"":0.38396492,""num_orders"":2},{""price"":80470.24,""size"":0.14915446,""num_orders"":1},{""price"":80470.25,""size"":0.1096,""num_orders"":1}]"
btc_usd_d10_20260825T030415Z,59,2026-08-25T04:03:15.206059Z,2026-08-25T04:03:15.206187Z,BTC-USD,10,ok,,134907690890,2026-08-25T04:03:14.047614576Z,1.3353791,1.47647004,-0.050177279425,80591.550000000003,80596.320000000007,80593.934999999998,4.770000000004,0.591855950451,"[{""price"":80591.55,""size"":0.20770026,""num_orders"":7},{""price"":80589.93,""size"":0.024817,""num_orders"":2},{""price"":80589.89,""size"":0.14917015,""num_orders"":2},{""price"":80589.53,""size"":0.00397063,""num_orders"":1},{""price"":80588.78,""size"":0.00144374,""num_orders"":2},{""price"":80588.53,""size"":0.00252625,""num_orders"":1},{""price"":80588.52,""size"":0.50218838,""num_orders"":1},{""price"":80588.51,""size"":0.39762388,""num_orders"":1},{""price"":80587.13,""size"":0.04097552,""num_orders"":1},{""price"":80586.81,""size"":0.00496329,""num_orders"":1}]","[{""price"":80596.32,""size"":1.4e-05,""num_orders"":1},{""price"":80599.33,""size"":0.25772854,""num_orders"":1},{""price"":80599.68,""size"":0.00012945,""num_orders"":1},{""price"":80599.99,""size"":0.39762388,""num_orders"":1},{""price"":80600.0,""size"":0.5,""num_orders"":1},{""price"":80600.4,""size"":0.00012945,""num_orders"":1},{""price"":80601.02,""size"":0.32057182,""num_orders"":2},{""price"":80601.08,""size"":1.4e-05,""num_orders"":1},{""price"":80601.12,""size"":0.00012945,""num_orders"":1},{""price"":80601.84,""size"":0.00012945,""num_orders"":1}]"
btc_usd_d10_20260825T044441Z,0,2026-08-25T04:44:41.343071Z,2026-08-25T04:44:41.343105Z,BTC-USD,10,ok,,134910246023,2026-08-25T04:44:40.104493916Z,1.1075542,0.98969864,0.056195208204,80197.479999999996,80197.490000000005,80197.485000000001,0.010000000009,0.001246921897,"[{""price"":80197.48,""size"":0.00252521,""num_orders"":1},{""price"":80197.47,""size"":5.104e-05,""num_orders"":1},{""price"":80197.02,""size"":0.009867,""num_orders"":1},{""price"":80196.48,""size"":1.4e-05,""num_orders"":1},{""price"":80195.87,""size"":0.02493894,""num_orders"":2},{""price"":80191.72,""size"":1.389e-05,""num_orders"":1},{""price"":80189.26,""size"":0.36261516,""num_orders"":1},{""price"":80189.25,""size"":0.34874333,""num_orders"":1},{""price"":80189.24,""size"":0.25902161,""num_orders"":2},{""price"":80189.22,""size"":0.09976402,""num_orders"":1}]","[{""price"":80197.49,""size"":0.1527778,""num_orders"":5},{""price"":80197.5,""size"":0.03,""num_orders"":1},{""price"":80197.52,""size"":0.03,""num_orders"":1},{""price"":80198.47,""size"":0.024,""num_orders"":1},{""price"":80199.1,""size"":0.02493794,""num_orders"":2},{""price"":80199.5,""size"":0.00399015,""num_orders"":1},{""price"":80199.64,""size"":0.00748119,""num_orders"":1},{""price"":80203.2,""size"":0.00498762,""num_orders"":1},{""price"":80203.66,""size"":0.34874333,""num_orders"":1},{""price"":80206.14,""size"":0.36278061,""num_orders"":1}]"
btc_usd_d10_20260825T044441Z,1,2026-08-25T04:45:41.343071Z,2026-08-25T04:45:41.343195Z,BTC-USD,10,ok,,134910300023,2026-08-25T04:45:39.546222025Z,2.76314909,0.78080575,0.559359085964,80206.119999999995,80206.130000000005,80206.125,0.010000000009,0.001246787575,"[{""price"":80206.12,""size"":0.00986782,""num_orders"":1},{""price"":80206.0,""size"":1.4e-05,""num_orders"":1},{""price"":80201.81,""size"":0.00070354,""num_orders"":1},{""price"":80201.8,""size"":0.3240836,""num_orders"":1},{""price"":80201.24,""size"":1.4e-05,""num_orders"":1},{""price"":80200.87,""size"":0.14932939,""num_orders"":1},{""price"":80199.21,""size"":0.10025034,""num_orders"":2},{""price"":80199.03,""size"":0.8548028,""num_orders"":1},{""price"":80199.02,""size"":0.3240836,""num_orders"":1},{""price"":80199.0,""size"":1.0,""num_orders"":1}]","[{""price"":80206.13,""size"":0.11565437,""num_orders"":5},{""price"":80206.51,""size"":0.024,""num_orders"":1},{""price"":80208.14,""size"":0.00398972,""num_orders"":1},{""price"":80208.52,""size"":0.04102752,""num_orders"":1},{""price"":80208.94,""size"":0.00748086,""num_orders"":1},{""price"":80211.5,""size"":0.00498711,""num_orders"":1},{""price"":80214.52,""size"":0.14932939,""num_orders"":1},{""price"":80214.54,""size"":0.3240836,""num_orders"":1},{""price"":80214.82,""size"":0.1096,""num_orders"":1},{""price"":80214.98,""size"":0.00065318,""num_orders"":1}]"
btc_usd_d10_20260825T044441Z,2,2026-08-25T04:46:41.343071Z,2026-08-25T04:46:41.343193Z,BTC-USD,10,ok,,134910365970,2026-08-25T04:46:41.046573317Z,0.95807771,0.70339042,0.153290505789,80282.169999999998,80282.179999999993,80282.174999999988,0.009999999995,0.001245606512,"[{""price"":80282.17,""size"":0.00991453,""num_orders"":2},{""price"":80282.16,""size"":1.4e-05,""num_orders"":1},{""price"":80278.99,""size"":0.00017924,""num_orders"":1},{""price"":80278.65,""size"":0.00126267,""num_orders"":1},{""price"":80278.64,""size"":0.39855249,""num_orders"":1},{""price"":80277.75,""size"":0.14932939,""num_orders"":1},{""price"":80277.4,""size"":1.4e-05,""num_orders"":1},{""price"":80277.12,""size"":0.00012945,""num_orders"":1},{""price"":80276.4,""size"":0.00012945,""num_orders"":1},{""price"":80276.23,""size"":0.39855249,""num_orders"":1}]","[{""price"":80282.18,""size"":0.24116122,""num_orders"":5},{""price"":80282.19,""size"":0.0996485,""num_orders"":1},{""price"":80283.39,""size"":0.024,""num_orders"":1},{""price"":80284.2,""size"":0.00398594,""num_orders"":1},{""price"":80286.91,""size"":0.00498242,""num_orders"":1},{""price"":80290.56,""size"":0.00124534,""num_orders"":1},{""price"":80291.59,""size"":0.00373638,""num_orders"":1},{""price"":80291.97,""size"":0.00126358,""num_orders"":1},{""price"":80291.98,""size"":0.02,""num_orders"":1},{""price"":80292.02,""size"":0.30336704,""num_orders"":1}]"
btc_usd_d10_20260825T044441Z,3,2026-08-25T04:47:41.343071Z,2026-08-25T04:47:41.343197Z,BTC-USD,10,ok,,134910414887,2026-08-25T04:47:40.047295161Z,2.62165445,1.63344728,0.232240550921,80283.660000000003,80283.669999999998,80283.665000000008,0.009999999995,0.001245583394,"[{""price"":80283.66,""size"":0.13158586,""num_orders"":4},{""price"":80282.86,""size"":0.00614413,""num_orders"":1},{""price"":80281.65,""size"":0.00398586,""num_orders"":1},{""price"":80280.02,""size"":0.63388863,""num_orders"":2},{""price"":80280.01,""size"":0.42348955,""num_orders"":1},{""price"":80278.15,""size"":0.0049821,""num_orders"":1},{""price"":80277.58,""size"":0.42348955,""num_orders"":1},{""price"":80277.4,""size"":1.4e-05,""num_orders"":1},{""price"":80277.35,""size"":0.10015276,""num_orders"":2},{""price"":80275.51,""size"":0.89392201,""num_orders"":2}]","[{""price"":80283.67,""size"":0.02399995,""num_orders"":1},{""price"":80284.24,""size"":0.09964596,""num_orders"":1},{""price"":80288.87,""size"":0.00126308,""num_orders"":1},{""price"":80288.88,""size"":0.1096,""num_orders"":1},{""price"":80290.66,""size"":0.14932939,""num_orders"":1},{""price"":80291.12,""size"":0.14932939,""num_orders"":1},{""price"":80291.13,""size"":0.42348955,""num_orders"":1},{""price"":80291.68,""size"":0.00047715,""num_orders"":3},{""price"":80294.08,""size"":0.25282326,""num_orders"":1},{""price"":80294.09,""size"":0.42348955,""num_orders"":1}]"
btc_usd_d10_20260825T044441Z,4,2026-08-25T04:48:41.343071Z,2026-08-25T04:48:41.343190Z,BTC-USD,10,ok,,134910470401,2026-08-25T04:48:39.681040961Z,2.18153052,1.84014807,0.084885562672,80258.360000000001,80258.369999999995,80258.364999999991,0.009999999995,0.001245976042,"[{""price"":80258.36,""size"":0.01252688,""num_orders"":2},{""price"":80257.05,""size"":0.10022,""num_orders"":3},{""price"":80256.37,""size"":0.009866,""num_orders"":1},{""price"":80253.6,""size"":0.020014,""num_orders"":2},{""price"":80253.59,""size"":4.224e-05,""num_orders"":1},{""price"":80253.22,""size"":0.00250893,""num_orders"":1},{""price"":80253.02,""size"":0.02,""num_orders"":1},{""price"":80253.01,""size"":0.597,""num_orders"":1},{""price"":80253.0,""size"":1.0,""num_orders"":1},{""price"":80251.53,""size"":0.41935247,""num_orders"":1}]","[{""price"":80258.37,""size"":0.10291273,""num_orders"":4},{""price"":80260.39,""size"":0.00126323,""num_orders"":1},{""price"":80260.4,""size"":0.14932939,""num_orders"":1},{""price"":80260.42,""size"":0.42348955,""num_orders"":1},{""price"":80264.49,""size"":0.42348955,""num_orders"":1},{""price"":80265.31,""size"":0.1001678,""num_orders"":2},{""price"":80267.79,""size"":0.14932939,""num_orders"":1},{""price"":80267.8,""size"":0.42348955,""num_orders"":1},{""price"":80268.79,""size"":0.00124568,""num_orders"":1},{""price"":80269.61,""size"":0.0654312,""num_orders"":1}]"
btc_usd_d10_20260825T044441Z,5,2026-08-25T04:49:41.343071Z,2026-08-25T04:49:41.343190Z,BTC-USD,10,ok,,134910514072,2026-08-25T04:49:39.547264882Z,1.07681685,0.83966184,0.123745184978,80273.419999999998,80275.389999999999,80274.404999999999,1.970000000001,0.245408234418,"[{""price"":80273.42,""size"":0.0339863,""num_orders"":2},{""price"":80273.4,""size"":0.03,""num_orders"":1},{""price"":80271.8,""size"":0.02491536,""num_orders"":2},{""price"":80271.38,""size"":0.00398627,""num_orders"":1},{""price"":80268.74,""size"":0.28864326,""num_orders"":1},{""price"":80268.73,""size"":0.42348955,""num_orders"":1},{""price"":80268.67,""size"":0.00498284,""num_orders"":1},{""price"":80268.01,""size"":0.25929589,""num_orders"":1},{""price"":80267.8,""size"":4.165e-05,""num_orders"":1},{""price"":80266.96,""size"":0.00747573,""num_orders"":1}]","[{""price"":80275.39,""size"":0.00238125,""num_orders"":1},{""price"":80275.4,""size"":0.0476,""num_orders"":1},{""price"":80277.42,""size"":0.14866538,""num_orders"":1},{""price"":80278.99,""size"":0.00747573,""num_orders"":1},{""price"":80279.56,""size"":0.10015002,""num_orders"":2},{""price"":80282.1,""size"":0.1096,""num_orders"":1},{""price"":80282.16,""size"":1.4e-05,""num_orders"":1},{""price"":80282.55,""size"":0.42348955,""num_orders"":1},{""price"":80282.88,""size"":0.00012945,""num_orders"":1},{""price"":80283.38,""size"":0.00015646,""num_orders"":1}]"
btc_usd_d10_20260825T044441Z,6,2026-08-25T04:50:41.343071Z,2026-08-25T04:50:41.343197Z,BTC-USD,10,ok,,134910561497,2026-08-25T04:50:38.679565231Z,2.39173076,0.35881704,0.739094125178,80299.990000000005,80300,80299.994999999995,0.009999999995,0.001245330089,"[{""price"":80299.99,""size"":0.25394793,""num_orders"":7},{""price"":80299.56,""size"":0.42348955,""num_orders"":1},{""price"":80299.53,""size"":0.10012511,""num_orders"":2},{""price"":80298.38,""size"":0.0249071,""num_orders"":2},{""price"":80297.89,""size"":0.00398506,""num_orders"":1},{""price"":80296.53,""size"":0.14932939,""num_orders"":1},{""price"":80296.51,""size"":0.42348955,""num_orders"":1},{""price"":80296.5,""size"":1.0,""num_orders"":1},{""price"":80296.48,""size"":0.00747575,""num_orders"":1},{""price"":80295.18,""size"":0.00498132,""num_orders"":1}]","[{""price"":80300.0,""size"":0.05857754,""num_orders"":4},{""price"":80301.2,""size"":1.4e-05,""num_orders"":1},{""price"":80301.41,""size"":0.024,""num_orders"":1},{""price"":80301.61,""size"":0.0249061,""num_orders"":2},{""price"":80305.96,""size"":1.4e-05,""num_orders"":1},{""price"":80306.64,""size"":0.00012945,""num_orders"":1},{""price"":80307.36,""size"":0.00012945,""num_orders"":1},{""price"":80307.65,""size"":0.0021003,""num_orders"":1},{""price"":80307.67,""size"":0.14932939,""num_orders"":1},{""price"":80307.73,""size"":0.09961681,""num_orders"":1}]"
btc_usd_d10_20260825T044441Z,7,2026-08-25T04:51:41.343071Z,2026-08-25T04:51:41.343193Z,BTC-USD,10,ok,,134910610723,2026-08-25T04:51:40.838053621Z,3.32866216,0.25590308,0.857219460176,80299.710000000006,80299.720000000001,80299.714999999997,0.009999999995,0.001245334432,"[{""price"":80299.71,""size"":0.93774631,""num_orders"":10},{""price"":80299.7,""size"":0.03,""num_orders"":1},{""price"":80299.68,""size"":0.03,""num_orders"":1},{""price"":80299.54,""size"":0.87508852,""num_orders"":2},{""price"":80299.53,""size"":5.093e-05,""num_orders"":1},{""price"":80298.0,""size"":1.0,""num_orders"":1},{""price"":80297.92,""size"":0.02490724,""num_orders"":2},{""price"":80297.78,""size"":0.00339454,""num_orders"":1},{""price"":80297.52,""size"":0.00398507,""num_orders"":1},{""price"":80297.12,""size"":0.42348955,""num_orders"":1}]","[{""price"":80299.72,""size"":0.00093398,""num_orders"":1},{""price"":80301.15,""size"":0.02490624,""num_orders"":2},{""price"":80301.65,""size"":0.00033894,""num_orders"":2},{""price"":80305.14,""size"":0.024,""num_orders"":1},{""price"":80305.68,""size"":0.00014929,""num_orders"":1},{""price"":80308.14,""size"":0.00252622,""num_orders"":1},{""price"":80308.15,""size"":0.0996163,""num_orders"":1},{""price"":80308.17,""size"":0.00049808,""num_orders"":1},{""price"":80309.26,""size"":0.00093403,""num_orders"":1},{""price"":80310.0,""size"":0.102,""num_orders"":1}]"
btc_usd_d10_20260825T044441Z,8,2026-08-25T04:52:41.343071Z,2026-08-25T04:52:41.343198Z,BTC-USD,10,ok,,134910657921,2026-08-25T04:52:40.828849718Z,0.70527534,0.16845884,0.614393384496,80290.309999999998,80290.320000000007,80290.315000000002,0.010000000009,0.001245480231,"[{""price"":80290.31,""size"":0.39188429,""num_orders"":7},{""price"":80290.3,""size"":0.03,""num_orders"":1},{""price"":80290.28,""size"":0.03,""num_orders"":1},{""price"":80290.23,""size"":0.009864,""num_orders"":1},{""price"":80288.64,""size"":0.02,""num_orders"":1},{""price"":80288.63,""size"":0.07449263,""num_orders"":2},{""price"":80288.62,""size"":0.02491014,""num_orders"":2},{""price"":80288.57,""size"":0.10013877,""num_orders"":2},{""price"":80288.23,""size"":0.00398551,""num_orders"":1},{""price"":80287.52,""size"":0.02,""num_orders"":1}]","[{""price"":80290.32,""size"":0.00923511,""num_orders"":1},{""price"":80291.68,""size"":0.00015294,""num_orders"":3},{""price"":80291.85,""size"":0.02490912,""num_orders"":2},{""price"":80292.01,""size"":0.00011575,""num_orders"":1},{""price"":80292.33,""size"":0.00398553,""num_orders"":1},{""price"":80293.13,""size"":0.00093411,""num_orders"":1},{""price"":80293.3,""size"":0.024,""num_orders"":1},{""price"":80295.26,""size"":0.10013044,""num_orders"":2},{""price"":80296.17,""size"":0.00498185,""num_orders"":1},{""price"":80296.44,""size"":1.399e-05,""num_orders"":1}]"
btc_usd_d10_20260825T044441Z,9,2026-08-25T04:53:41.343071Z,2026-08-25T04:53:41.343192Z,BTC-USD,10,ok,,134910706032,2026-08-25T04:53:40.042629018Z,1.01355594,1.22602788,-0.094871171198,80272.630000000005,80272.639999999999,80272.635000000009,0.009999999995,0.001245754546,"[{""price"":80272.63,""size"":0.18849242,""num_orders"":5},{""price"":80272.21,""size"":0.00126312,""num_orders"":1},{""price"":80271.26,""size"":0.10016037,""num_orders"":2},{""price"":80271.02,""size"":0.0249156,""num_orders"":2},{""price"":80270.62,""size"":0.00398641,""num_orders"":1},{""price"":80267.91,""size"":0.00498301,""num_orders"":1},{""price"":80267.1,""size"":0.00747386,""num_orders"":1},{""price"":80266.91,""size"":0.14932939,""num_orders"":1},{""price"":80266.9,""size"":0.42335176,""num_orders"":1},{""price"":80264.6,""size"":0.1096,""num_orders"":1}]","[{""price"":80272.64,""size"":0.00012974,""num_orders"":2},{""price"":80277.4,""size"":1.4e-05,""num_orders"":1},{""price"":80277.68,""size"":0.14932939,""num_orders"":1},{""price"":80277.69,""size"":0.42335176,""num_orders"":1},{""price"":80279.0,""size"":0.09965246,""num_orders"":1},{""price"":80279.07,""size"":0.00049826,""num_orders"":1},{""price"":80279.13,""size"":0.00747386,""num_orders"":1},{""price"":80280.16,""size"":0.42335176,""num_orders"":1},{""price"":80280.67,""size"":0.1096,""num_orders"":1},{""price"":80281.35,""size"":0.01262665,""num_orders"":1}]"
btc_usd_d10_20260825T044441Z,10,2026-08-25T04:54:41.343071Z,2026-08-25T04:54:41.343195Z,BTC-USD,10,ok,,134910751608,2026-08-25T04:54:39.575019063Z,1.13976867,1.74353437,-0.209400708709,80243.080000000002,80243.089999999997,80243.084999999992,0.009999999995,0.001246213302,"[{""price"":80243.08,""size"":0.04028452,""num_orders"":3},{""price"":80239.32,""size"":1.4e-05,""num_orders"":1},{""price"":80239.0,""size"":0.00013421,""num_orders"":1},{""price"":80238.92,""size"":0.00141854,""num_orders"":1},{""price"":80238.91,""size"":0.42335176,""num_orders"":1},{""price"":80238.75,""size"":0.00216217,""num_orders"":1},{""price"":80236.04,""size"":0.14932939,""num_orders"":1},{""price"":80236.03,""size"":0.42335176,""num_orders"":1},{""price"":80234.56,""size"":1.4e-05,""num_orders"":1},{""price"":80234.01,""size"":0.09970832,""num_orders"":1}]","[{""price"":80243.09,""size"":0.18956217,""num_orders"":6},{""price"":80243.39,""size"":0.10019516,""num_orders"":2},{""price"":80245.09,""size"":0.00108941,""num_orders"":1},{""price"":80245.1,""size"":0.00398788,""num_orders"":1},{""price"":80245.2,""size"":0.42335176,""num_orders"":1},{""price"":80247.61,""size"":0.42335176,""num_orders"":1},{""price"":80247.81,""size"":0.00498485,""num_orders"":1},{""price"":80248.84,""size"":0.44145726,""num_orders"":1},{""price"":80248.85,""size"":0.14932939,""num_orders"":1},{""price"":80249.61,""size"":0.00622473,""num_orders"":1}]"
btc_usd_d10_20260825T044441Z,11,2026-08-25T04:55:41.343071Z,2026-08-25T04:55:41.343197Z,BTC-USD,10,ok,,134910793915,2026-08-25T04:55:39.045137373Z,0.25052214,0.55507123,-0.378043193181,80251.110000000001,80251.119999999995,80251.114999999991,0.009999999995,0.001246088605,"[{""price"":80251.11,""size"":0.02497206,""num_orders"":1},{""price"":80251.1,""size"":0.03,""num_orders"":1},{""price"":80251.08,""size"":0.03,""num_orders"":1},{""price"":80250.03,""size"":0.00252602,""num_orders"":1},{""price"":80249.8,""size"":0.09968871,""num_orders"":1},{""price"":80249.78,""size"":0.00049844,""num_orders"":1},{""price"":80249.56,""size"":0.04399808,""num_orders"":1},{""price"":80249.1,""size"":0.00398748,""num_orders"":1},{""price"":80247.33,""size"":0.009867,""num_orders"":1},{""price"":80246.39,""size"":0.00498435,""num_orders"":1}]","[{""price"":80251.12,""size"":0.10692877,""num_orders"":1},{""price"":80251.92,""size"":0.00012945,""num_orders"":1},{""price"":80252.64,""size"":0.00012945,""num_orders"":1},{""price"":80253.08,""size"":0.024,""num_orders"":1},{""price"":80253.36,""size"":0.00012945,""num_orders"":1},{""price"":80253.6,""size"":1.4e-05,""num_orders"":1},{""price"":80254.08,""size"":0.00012945,""num_orders"":1},{""price"":80254.8,""size"":0.00012945,""num_orders"":1},{""price"":80255.52,""size"":0.00012945,""num_orders"":1},{""price"":80256.0,""size"":0.42335176,""num_orders"":1}]"
btc_usd_d10_20260825T044441Z,12,2026-08-25T04:56:41.343071Z,2026-08-25T04:56:41.343189Z,BTC-USD,10,ok,,134910836791,2026-08-25T04:56:38.630844691Z,1.07040033,1.34555928,-0.113892197892,80226.520000000004,80226.529999999999,80226.524999999994,0.009999999995,0.00124647054,"[{""price"":80226.52,""size"":0.01999611,""num_orders"":2},{""price"":80220.6,""size"":0.00252625,""num_orders"":1},{""price"":80220.59,""size"":0.47358325,""num_orders"":1},{""price"":80220.28,""size"":1.4e-05,""num_orders"":1},{""price"":80219.91,""size"":0.10022448,""num_orders"":2},{""price"":80219.52,""size"":0.00012945,""num_orders"":1},{""price"":80219.45,""size"":8.464e-05,""num_orders"":1},{""price"":80218.8,""size"":0.00012945,""num_orders"":1},{""price"":80218.12,""size"":0.47358325,""num_orders"":1},{""price"":80218.08,""size"":0.00012945,""num_orders"":1}]","[{""price"":80226.53,""size"":0.17112157,""num_orders"":6},{""price"":80226.54,""size"":0.03,""num_orders"":1},{""price"":80226.56,""size"":0.03,""num_orders"":1},{""price"":80227.14,""size"":0.10021546,""num_orders"":2},{""price"":80228.54,""size"":0.0039887,""num_orders"":1},{""price"":80228.88,""size"":0.00747961,""num_orders"":1},{""price"":80231.21,""size"":0.37485542,""num_orders"":1},{""price"":80231.22,""size"":0.47358325,""num_orders"":1},{""price"":80231.24,""size"":0.14932939,""num_orders"":1},{""price"":80231.25,""size"":0.00498588,""num_orders"":1}]"
btc_usd_d10_20260825T044441Z,13,2026-08-25T04:57:41.343071Z,2026-08-25T04:57:41.343190Z,BTC-USD,10,ok,,134910880501,2026-08-25T04:57:40.183739085Z,1.79810169,0.5974025,0.501230260841,80191.720000000001,80192.210000000006,80191.964999999997,0.490000000005,0.061103378625,"[{""price"":80191.72,""size"":5.627e-05,""num_orders"":2},{""price"":80191.71,""size"":0.10025972,""num_orders"":2},{""price"":80189.44,""size"":0.009869,""num_orders"":1},{""price"":80189.26,""size"":0.44874769,""num_orders"":1},{""price"":80189.25,""size"":0.14932939,""num_orders"":1},{""price"":80189.24,""size"":0.25852279,""num_orders"":1},{""price"":80188.56,""size"":0.00012945,""num_orders"":1},{""price"":80187.84,""size"":0.00012945,""num_orders"":1},{""price"":80187.12,""size"":0.00012945,""num_orders"":1},{""price"":80187.01,""size"":0.83092848,""num_orders"":2}]","[{""price"":80192.21,""size"":0.00651665,""num_orders"":2},{""price"":80192.22,""size"":0.00093524,""num_orders"":1},{""price"":80194.3,""size"":0.00399042,""num_orders"":1},{""price"":80195.28,""size"":0.00748081,""num_orders"":1},{""price"":80196.36,""size"":0.024,""num_orders"":1},{""price"":80196.49,""size"":0.00028936,""num_orders"":1},{""price"":80197.0,""size"":0.00498802,""num_orders"":1},{""price"":80197.11,""size"":0.00020255,""num_orders"":1},{""price"":80198.09,""size"":0.10025176,""num_orders"":2},{""price"":80198.54,""size"":0.44874769,""num_orders"":1}]"
btc_usd_d10_20260825T044441Z,14,2026-08-25T04:58:41.343071Z,2026-08-25T04:58:41.343193Z,BTC-USD,10,ok,,134910924277,2026-08-25T04:58:40.100833728Z,2.58317571,0.57048265,0.638208972008,80254.919999999998,80254.929999999993,80254.924999999988,0.009999999995,0.001246029449,"[{""price"":80254.92,""size"":0.1806967,""num_orders"":4},{""price"":80253.97,""size"":0.07469488,""num_orders"":1},{""price"":80253.96,""size"":0.10018196,""num_orders"":2},{""price"":80253.6,""size"":1.4e-05,""num_orders"":1},{""price"":80253.31,""size"":0.0249211,""num_orders"":2},{""price"":80251.69,""size"":1.15015909,""num_orders"":2},{""price"":80251.68,""size"":0.44847421,""num_orders"":1},{""price"":80251.28,""size"":0.14932939,""num_orders"":1},{""price"":80249.2,""size"":0.00623017,""num_orders"":1},{""price"":80249.19,""size"":0.44847421,""num_orders"":1}]","[{""price"":80254.93,""size"":0.00191935,""num_orders"":1},{""price"":80254.94,""size"":0.03,""num_orders"":1},{""price"":80254.96,""size"":0.03,""num_orders"":1},{""price"":80255.99,""size"":0.00093452,""num_orders"":1},{""price"":80256.54,""size"":0.02492008,""num_orders"":2},{""price"":80256.95,""size"":0.00398731,""num_orders"":1},{""price"":80259.66,""size"":0.00498414,""num_orders"":1},{""price"":80260.55,""size"":0.024,""num_orders"":1},{""price"":80262.94,""size"":0.00126304,""num_orders"":1},{""price"":80262.95,""size"":0.44847421,""num_orders"":1}]"
btc_usd_d10_20260825T044441Z,15,2026-08-25T04:59:41.343071Z,2026-08-25T04:59:41.343192Z,BTC-USD,10,ok,,134910972601,2026-08-25T04:59:39.578224443Z,2.0519853,0.57130071,0.564438869554,80334.509999999995,80334.520000000004,80334.514999999999,0.010000000009,0.001244794969,"[{""price"":80334.51,""size"":0.31999513,""num_orders"":8},{""price"":80334.5,""size"":0.03,""num_orders"":1},{""price"":80334.48,""size"":0.03,""num_orders"":1},{""price"":80334.03,""size"":0.02,""num_orders"":1},{""price"":80334.02,""size"":0.39837124,""num_orders"":1},{""price"":80334.01,""size"":0.14932939,""num_orders"":1},{""price"":80334.0,""size"":1.0,""num_orders"":1},{""price"":80332.6,""size"":0.10008388,""num_orders"":2},{""price"":80332.5,""size"":0.00398334,""num_orders"":1},{""price"":80331.87,""size"":0.00022232,""num_orders"":1}]","[{""price"":80334.52,""size"":0.00018306,""num_orders"":2},{""price"":80339.28,""size"":1.4e-05,""num_orders"":1},{""price"":80340.56,""size"":0.024,""num_orders"":1},{""price"":80342.04,""size"":0.09957427,""num_orders"":1},{""price"":80342.06,""size"":0.00049787,""num_orders"":1},{""price"":80343.71,""size"":0.00747516,""num_orders"":1},{""price"":80344.04,""size"":1.4e-05,""num_orders"":1},{""price"":80347.19,""size"":0.39837124,""num_orders"":1},{""price"":80348.28,""size"":0.04115711,""num_orders"":1},{""price"":80348.8,""size"":1.4e-05,""num_orders"":1}]"
btc_usd_d10_20260825T044441Z,16,2026-08-25T05:00:41.343071Z,2026-08-25T05:00:41.343189Z,BTC-USD,10,ok,,134911032267,2026-08-25T05:00:38.604622445Z,0.60754767,1.5701411,-0.442025253223,80325,80325.009999999995,80325.005000000005,0.009999999995,0.001244942343,"[{""price"":80325.0,""size"":1.385e-05,""num_orders"":1},{""price"":80320.24,""size"":1.4e-05,""num_orders"":1},{""price"":80315.48,""size"":1.4e-05,""num_orders"":1},{""price"":80310.72,""size"":1.4e-05,""num_orders"":1},{""price"":80307.84,""size"":0.14932939,""num_orders"":1},{""price"":80307.21,""size"":0.009857,""num_orders"":1},{""price"":80305.96,""size"":1.4e-05,""num_orders"":1},{""price"":80305.65,""size"":0.09961938,""num_orders"":1},{""price"":80304.92,""size"":0.3485426,""num_orders"":1},{""price"":80304.48,""size"":0.00012945,""num_orders"":1}]","[{""price"":80325.01,""size"":0.50156494,""num_orders"":11},{""price"":80325.02,""size"":0.03,""num_orders"":1},{""price"":80325.03,""size"":0.05448408,""num_orders"":1},{""price"":80325.04,""size"":0.03,""num_orders"":1},{""price"":80326.56,""size"":0.06,""num_orders"":2},{""price"":80327.02,""size"":0.00398381,""num_orders"":1},{""price"":80328.75,""size"":0.024,""num_orders"":1},{""price"":80329.63,""size"":0.51258591,""num_orders"":1},{""price"":80329.64,""size"":0.3485426,""num_orders"":1},{""price"":80329.73,""size"":0.00497976,""num_orders"":1}]"
btc_usd_d10_20260825T044441Z,17,2026-08-25T05:01:41.343071Z,2026-08-25T05:01:41.343192Z,BTC-USD,10,ok,,134911101677,2026-08-25T05:01:41.104074266Z,0.93140412,0.78742726,0.083764388802,80367.089999999997,80368.529999999999,80367.809999999998,1.440000000002,0.179176214955,"[{""price"":80367.09,""size"":0.0003,""num_orders"":1},{""price"":80366.1,""size"":0.1014303,""num_orders"":1},{""price"":80366.09,""size"":0.1096,""num_orders"":1},{""price"":80365.09,""size"":0.02,""num_orders"":1},{""price"":80360.94,""size"":0.04108194,""num_orders"":1},{""price"":80360.37,""size"":0.17835478,""num_orders"":1},{""price"":80360.35,""size"":0.29873306,""num_orders"":1},{""price"":80360.13,""size"":1.867e-05,""num_orders"":1},{""price"":80359.51,""size"":0.18185227,""num_orders"":1},{""price"":80359.33,""size"":3.31e-05,""num_orders"":1}]","[{""price"":80368.53,""size"":0.00398171,""num_orders"":1},{""price"":80368.54,""size"":0.00252625,""num_orders"":1},{""price"":80369.44,""size"":0.024,""num_orders"":1},{""price"":80370.55,""size"":0.00398179,""num_orders"":1},{""price"":80371.53,""size"":0.00011579,""num_orders"":1},{""price"":80372.61,""size"":0.00011574,""num_orders"":1},{""price"":80373.26,""size"":0.00497724,""num_orders"":1},{""price"":80374.54,""size"":0.29873306,""num_orders"":1},{""price"":80378.12,""size"":0.14932939,""num_orders"":1},{""price"":80378.13,""size"":0.29966629,""num_orders"":2}]"
btc_usd_d10_20260825T044441Z,18,2026-08-25T05:02:41.343071Z,2026-08-25T05:02:41.343202Z,BTC-USD,10,ok,,134911171608,2026-08-25T05:02:40.058185023Z,1.63907001,0.55173852,0.496315161782,80396.399999999994,80396.410000000003,80396.404999999999,0.010000000009,0.001243836713,"[{""price"":80396.4,""size"":0.1559,""num_orders"":2},{""price"":80396.37,""size"":0.10000449,""num_orders"":2},{""price"":80395.32,""size"":0.17834364,""num_orders"":1},{""price"":80394.79,""size"":0.024,""num_orders"":1},{""price"":80393.04,""size"":0.29873306,""num_orders"":1},{""price"":80390.49,""size"":0.06000533,""num_orders"":1},{""price"":80390.12,""size"":0.36004046,""num_orders"":2},{""price"":80390.11,""size"":0.15932939,""num_orders"":2},{""price"":80389.52,""size"":0.29873306,""num_orders"":1},{""price"":80388.1,""size"":0.00398058,""num_orders"":1}]","[{""price"":80396.41,""size"":0.00011574,""num_orders"":1},{""price"":80399.71,""size"":0.00093295,""num_orders"":1},{""price"":80401.16,""size"":1.4e-05,""num_orders"":1},{""price"":80405.92,""size"":1.4e-05,""num_orders"":1},{""price"":80406.75,""size"":0.00237764,""num_orders"":1},{""price"":80407.81,""size"":0.29873306,""num_orders"":1},{""price"":80407.82,""size"":0.09949282,""num_orders"":1},{""price"":80407.83,""size"":0.00049746,""num_orders"":1},{""price"":80408.54,""size"":0.14932939,""num_orders"":1},{""price"":80408.66,""size"":0.00023146,""num_orders"":1}]"
btc_usd_d10_20260825T044441Z,19,2026-08-25T05:03:41.343071Z,2026-08-25T05:03:41.343194Z,BTC-USD,10,ok,,134911229622,2026-08-25T05:03:39.807384617Z,0.52870313,1.59254914,-0.501517912341,80434.479999999996,80434.490000000005,80434.485000000001,0.010000000009,0.001243247844,"[{""price"":80434.48,""size"":4.265e-05,""num_orders"":2},{""price"":80430.66,""size"":0.00531585,""num_orders"":1},{""price"":80429.72,""size"":4.884e-05,""num_orders"":2},{""price"":80424.96,""size"":1.4e-05,""num_orders"":1},{""price"":80424.6,""size"":0.024,""num_orders"":1},{""price"":80421.64,""size"":0.00126313,""num_orders"":1},{""price"":80421.63,""size"":0.24870104,""num_orders"":1},{""price"":80420.71,""size"":0.09997423,""num_orders"":2},{""price"":80420.2,""size"":1.4e-05,""num_orders"":1},{""price"":80420.04,""size"":0.14932939,""num_orders"":1}]","[{""price"":80434.49,""size"":0.30062245,""num_orders"":6},{""price"":80434.5,""size"":0.03,""num_orders"":1},{""price"":80434.52,""size"":0.03,""num_orders"":1},{""price"":80434.53,""size"":0.53214676,""num_orders"":3},{""price"":80434.54,""size"":0.15136495,""num_orders"":2},{""price"":80435.46,""size"":0.04081688,""num_orders"":1},{""price"":80435.55,""size"":0.24870104,""num_orders"":1},{""price"":80436.55,""size"":0.00397839,""num_orders"":1},{""price"":80438.21,""size"":0.00621763,""num_orders"":1},{""price"":80438.22,""size"":0.24870104,""num_orders"":1}]"
btc_usd_d10_20260825T044441Z,20,2026-08-25T05:04:41.343071Z,2026-08-25T05:04:41.343196Z,BTC-USD,10,ok,,134911287424,2026-08-25T05:04:39.060745701Z,2.88561401,0.16155611,0.893963183125,80448.75,80448.759999999995,80448.755000000005,0.009999999995,0.001243027315,"[{""price"":80448.75,""size"":0.76010178,""num_orders"":8},{""price"":80448.74,""size"":0.03,""num_orders"":1},{""price"":80448.72,""size"":0.03,""num_orders"":1},{""price"":80448.54,""size"":0.76465756,""num_orders"":2},{""price"":80448.53,""size"":0.09993966,""num_orders"":2},{""price"":80448.33,""size"":0.04195483,""num_orders"":1},{""price"":80446.74,""size"":0.00397768,""num_orders"":1},{""price"":80446.43,""size"":0.00565311,""num_orders"":1},{""price"":80445.0,""size"":1.0,""num_orders"":1},{""price"":80444.61,""size"":0.14932939,""num_orders"":1}]","[{""price"":80448.76,""size"":0.000236,""num_orders"":2},{""price"":80453.52,""size"":1.4e-05,""num_orders"":1},{""price"":80454.39,""size"":0.00031073,""num_orders"":1},{""price"":80455.34,""size"":0.00127556,""num_orders"":1},{""price"":80455.35,""size"":0.15919936,""num_orders"":1},{""price"":80455.68,""size"":0.00012945,""num_orders"":1},{""price"":80456.4,""size"":0.00012945,""num_orders"":1},{""price"":80457.12,""size"":0.00012945,""num_orders"":1},{""price"":80457.84,""size"":0.00012945,""num_orders"":1},{""price"":80458.28,""size"":2.66e-06,""num_orders"":1}]"
btc_usd_d10_20260825T044441Z,21,2026-08-25T05:05:41.343071Z,2026-08-25T05:05:41.343198Z,BTC-USD,10,ok,,134911339834,2026-08-25T05:05:38.842968721Z,0.47877757,1.28425869,-0.456871556346,80453.509999999995,80453.520000000004,80453.514999999999,0.010000000009,0.001242953774,"[{""price"":80453.51,""size"":0.02156165,""num_orders"":3},{""price"":80451.9,""size"":0.02485958,""num_orders"":2},{""price"":80451.5,""size"":0.00400709,""num_orders"":2},{""price"":80449.27,""size"":0.00463213,""num_orders"":1},{""price"":80448.78,""size"":0.00497181,""num_orders"":1},{""price"":80448.43,""size"":0.00252625,""num_orders"":1},{""price"":80448.42,""size"":0.27352137,""num_orders"":1},{""price"":80447.6,""size"":0.04275624,""num_orders"":1},{""price"":80447.09,""size"":0.09944423,""num_orders"":1},{""price"":80446.79,""size"":0.00049722,""num_orders"":1}]","[{""price"":80453.52,""size"":0.08047624,""num_orders"":5},{""price"":80454.81,""size"":0.09993187,""num_orders"":2},{""price"":80455.13,""size"":0.01242929,""num_orders"":1},{""price"":80458.28,""size"":0.00013828,""num_orders"":2},{""price"":80461.66,""size"":0.16917748,""num_orders"":1},{""price"":80463.04,""size"":1.4e-05,""num_orders"":1},{""price"":80463.27,""size"":0.009844,""num_orders"":1},{""price"":80464.16,""size"":0.27352137,""num_orders"":1},{""price"":80464.41,""size"":0.51132502,""num_orders"":1},{""price"":80464.49,""size"":0.12740114,""num_orders"":1}]"
btc_usd_d10_20260825T044441Z,22,2026-08-25T05:06:41.343071Z,2026-08-25T05:06:41.343194Z,BTC-USD,10,ok,,134911386614,2026-08-25T05:06:40.344528828Z,0.57959673,0.36272644,0.230144282667,80477.320000000007,80477.330000000002,80477.325000000012,0.009999999995,0.001242586032,"[{""price"":80477.32,""size"":0.14747658,""num_orders"":4},{""price"":80477.31,""size"":4.311e-05,""num_orders"":1},{""price"":80476.67,""size"":0.00328106,""num_orders"":1},{""price"":80475.71,""size"":0.02485222,""num_orders"":2},{""price"":80475.31,""size"":0.00397627,""num_orders"":1},{""price"":80474.59,""size"":0.00241455,""num_orders"":1},{""price"":80474.58,""size"":0.09990731,""num_orders"":2},{""price"":80473.6,""size"":0.024,""num_orders"":1},{""price"":80473.06,""size"":0.27352137,""num_orders"":1},{""price"":80472.72,""size"":0.00012426,""num_orders"":1}]","[{""price"":80477.33,""size"":0.00209737,""num_orders"":2},{""price"":80478.94,""size"":0.01242561,""num_orders"":1},{""price"":80479.34,""size"":0.00397627,""num_orders"":1},{""price"":80482.06,""size"":0.00497034,""num_orders"":1},{""price"":80482.29,""size"":0.09989775,""num_orders"":2},{""price"":80482.98,""size"":0.00745739,""num_orders"":1},{""price"":80483.76,""size"":0.00142341,""num_orders"":2},{""price"":80485.29,""size"":0.02,""num_orders"":1},{""price"":80485.3,""size"":0.1904783,""num_orders"":1},{""price"":80485.92,""size"":0.02,""num_orders"":1}]"
btc_usd_d10_20260825T044441Z,23,2026-08-25T05:07:41.343071Z,2026-08-25T05:07:41.343192Z,BTC-USD,10,ok,,134911427154,2026-08-25T05:07:40.189741055Z,1.03479947,0.37883504,0.464026893345,80513.800000000003,80513.809999999998,80513.804999999993,0.009999999995,0.001242023029,"[{""price"":80513.8,""size"":0.17751142,""num_orders"":4},{""price"":80512.74,""size"":0.00252625,""num_orders"":1},{""price"":80512.73,""size"":0.29818934,""num_orders"":1},{""price"":80511.78,""size"":0.00397447,""num_orders"":1},{""price"":80511.17,""size"":0.14955842,""num_orders"":2},{""price"":80510.06,""size"":0.29818934,""num_orders"":1},{""price"":80509.07,""size"":0.00496809,""num_orders"":1},{""price"":80507.51,""size"":0.00049684,""num_orders"":1},{""price"":80506.13,""size"":0.0993713,""num_orders"":1},{""price"":80505.88,""size"":1.4e-05,""num_orders"":1}]","[{""price"":80513.81,""size"":0.10383311,""num_orders"":3},{""price"":80515.78,""size"":0.00015994,""num_orders"":1},{""price"":80515.83,""size"":0.00397447,""num_orders"":1},{""price"":80516.7,""size"":0.25799303,""num_orders"":1},{""price"":80516.88,""size"":0.00012945,""num_orders"":1},{""price"":80517.09,""size"":0.00745574,""num_orders"":1},{""price"":80517.6,""size"":0.00012945,""num_orders"":1},{""price"":80517.96,""size"":6.231e-05,""num_orders"":1},{""price"":80518.32,""size"":0.00012945,""num_orders"":1},{""price"":80518.54,""size"":0.00496809,""num_orders"":1}]"
btc_usd_d10_20260825T044441Z,24,2026-08-25T05:08:41.343071Z,2026-08-25T05:08:41.343197Z,BTC-USD,10,ok,,134911472240,2026-08-25T05:08:40.543149373Z,1.09101577,1.50911699,-0.160799950846,80532.820000000007,80532.830000000002,80532.825000000012,0.009999999995,0.001241729692,"[{""price"":80532.82,""size"":0.00999986,""num_orders"":1},{""price"":80531.2,""size"":0.0248351,""num_orders"":2},{""price"":80525.87,""size"":0.00111538,""num_orders"":1},{""price"":80525.75,""size"":0.0240383,""num_orders"":2},{""price"":80525.14,""size"":0.14932939,""num_orders"":1},{""price"":80525.13,""size"":0.29818934,""num_orders"":1},{""price"":80522.63,""size"":0.17801904,""num_orders"":1},{""price"":80522.62,""size"":0.29818934,""num_orders"":1},{""price"":80521.17,""size"":0.09984951,""num_orders"":2},{""price"":80520.76,""size"":0.00745051,""num_orders"":1}]","[{""price"":80532.83,""size"":0.35157746,""num_orders"":5},{""price"":80534.44,""size"":0.03915466,""num_orders"":3},{""price"":80534.45,""size"":0.0248341,""num_orders"":2},{""price"":80535.97,""size"":0.04,""num_orders"":1},{""price"":80538.07,""size"":0.17802739,""num_orders"":1},{""price"":80538.08,""size"":0.29818934,""num_orders"":1},{""price"":80539.2,""size"":1.4e-05,""num_orders"":1},{""price"":80540.24,""size"":0.02,""num_orders"":1},{""price"":80541.29,""size"":0.40799065,""num_orders"":1},{""price"":80541.3,""size"":0.14932939,""num_orders"":1}]"
btc_usd_d10_20260825T044441Z,25,2026-08-25T05:09:41.343071Z,2026-08-25T05:09:41.343196Z,BTC-USD,10,ok,,134911504503,2026-08-25T05:09:39.684168939Z,1.69634251,0.64687275,0.447875949732,80538.929999999993,80538.940000000002,80538.934999999998,0.010000000009,0.001241635491,"[{""price"":80538.93,""size"":0.11527423,""num_orders"":5},{""price"":80537.93,""size"":0.00745065,""num_orders"":1},{""price"":80537.31,""size"":0.02483322,""num_orders"":2},{""price"":80536.91,""size"":0.00397323,""num_orders"":1},{""price"":80534.66,""size"":0.00237799,""num_orders"":1},{""price"":80534.65,""size"":0.29818934,""num_orders"":1},{""price"":80534.44,""size"":1.4e-05,""num_orders"":1},{""price"":80534.43,""size"":1.21526331,""num_orders"":1},{""price"":80534.2,""size"":0.00496654,""num_orders"":1},{""price"":80534.18,""size"":0.024,""num_orders"":1}]","[{""price"":80538.94,""size"":0.07193197,""num_orders"":5},{""price"":80538.96,""size"":0.03,""num_orders"":1},{""price"":80540.12,""size"":0.09932938,""num_orders"":1},{""price"":80540.13,""size"":0.00049664,""num_orders"":1},{""price"":80540.56,""size"":0.0248322,""num_orders"":2},{""price"":80540.96,""size"":0.00397323,""num_orders"":1},{""price"":80542.56,""size"":0.00012415,""num_orders"":1},{""price"":80542.57,""size"":0.00011478,""num_orders"":1},{""price"":80543.67,""size"":0.00496654,""num_orders"":1},{""price"":80544.78,""size"":0.41110386,""num_orders"":2}]"
btc_usd_d10_20260825T044441Z,26,2026-08-25T05:10:41.343071Z,2026-08-25T05:10:41.343194Z,BTC-USD,10,ok,,134911534544,2026-08-25T05:10:39.515769120Z,2.43693427,0.34848133,0.749781447336,80520.160000000003,80520.169999999998,80520.165000000008,0.009999999995,0.001241924926,"[{""price"":80520.16,""size"":0.54462752,""num_orders"":5},{""price"":80518.91,""size"":0.024,""num_orders"":1},{""price"":80518.54,""size"":0.024839,""num_orders"":2},{""price"":80515.5,""size"":0.09985653,""num_orders"":2},{""price"":80515.4,""size"":1.4e-05,""num_orders"":1},{""price"":80514.34,""size"":0.32290049,""num_orders"":1},{""price"":80513.88,""size"":0.14932939,""num_orders"":1},{""price"":80511.86,""size"":0.00620768,""num_orders"":1},{""price"":80511.85,""size"":0.94225917,""num_orders"":2},{""price"":80511.84,""size"":0.32290049,""num_orders"":1}]","[{""price"":80520.17,""size"":0.00780396,""num_orders"":4},{""price"":80520.18,""size"":0.03,""num_orders"":1},{""price"":80520.2,""size"":0.03,""num_orders"":1},{""price"":80521.56,""size"":0.00745156,""num_orders"":1},{""price"":80521.78,""size"":0.09683743,""num_orders"":2},{""price"":80521.79,""size"":0.024838,""num_orders"":2},{""price"":80522.19,""size"":0.00397415,""num_orders"":1},{""price"":80522.38,""size"":0.09984802,""num_orders"":2},{""price"":80524.35,""size"":0.04276052,""num_orders"":1},{""price"":80524.9,""size"":0.00496769,""num_orders"":1}]"
btc_usd_d10_20260825T044441Z,27,2026-08-25T05:11:41.343071Z,2026-08-25T05:11:41.343196Z,BTC-USD,10,ok,,134911580813,2026-08-25T05:11:39.344613418Z,0.9285673,0.4394689,0.357518609522,80537.110000000001,80537.119999999995,80537.114999999991,0.009999999995,0.001241663548,"[{""price"":80537.11,""size"":4.184e-05,""num_orders"":1},{""price"":80532.33,""size"":0.00255784,""num_orders"":1},{""price"":80530.61,""size"":0.024,""num_orders"":1},{""price"":80529.68,""size"":1.4e-05,""num_orders"":1},{""price"":80527.58,""size"":0.14932939,""num_orders"":1},{""price"":80527.57,""size"":0.37247835,""num_orders"":1},{""price"":80526.85,""size"":0.00020154,""num_orders"":2},{""price"":80525.1,""size"":0.37247835,""num_orders"":1},{""price"":80525.05,""size"":0.00745199,""num_orders"":1},{""price"":80524.92,""size"":1.4e-05,""num_orders"":1}]","[{""price"":80537.12,""size"":0.2973163,""num_orders"":6},{""price"":80537.13,""size"":0.00397332,""num_orders"":1},{""price"":80538.76,""size"":0.02483276,""num_orders"":2},{""price"":80539.15,""size"":0.00397332,""num_orders"":1},{""price"":80539.9,""size"":0.04023026,""num_orders"":1},{""price"":80541.6,""size"":0.00014569,""num_orders"":1},{""price"":80541.86,""size"":0.00496665,""num_orders"":1},{""price"":80542.29,""size"":0.0001506,""num_orders"":1},{""price"":80542.83,""size"":0.02388,""num_orders"":1},{""price"":80542.84,""size"":0.04,""num_orders"":1}]"
btc_usd_d10_20260825T044441Z,28,2026-08-25T05:12:41.343071Z,2026-08-25T05:12:41.343193Z,BTC-USD,10,ok,,134911627868,2026-08-25T05:12:38.687569439Z,1.01861506,1.23089877,-0.094368706326,80534.449999999997,80534.460000000006,80534.455000000002,0.010000000009,0.001241704561,"[{""price"":80534.45,""size"":0.00240032,""num_orders"":1},{""price"":80534.44,""size"":0.00010903,""num_orders"":2},{""price"":80532.77,""size"":0.02483462,""num_orders"":2},{""price"":80532.11,""size"":0.024,""num_orders"":1},{""price"":80531.83,""size"":0.23721448,""num_orders"":1},{""price"":80531.82,""size"":0.39734418,""num_orders"":1},{""price"":80529.68,""size"":1.4e-05,""num_orders"":1},{""price"":80529.67,""size"":0.00012417,""num_orders"":1},{""price"":80529.04,""size"":0.00621014,""num_orders"":1},{""price"":80529.03,""size"":0.32636412,""num_orders"":1}]","[{""price"":80534.46,""size"":0.08671525,""num_orders"":3},{""price"":80536.2,""size"":0.09983088,""num_orders"":2},{""price"":80536.48,""size"":0.00397345,""num_orders"":1},{""price"":80539.19,""size"":0.00496681,""num_orders"":1},{""price"":80539.21,""size"":0.00011574,""num_orders"":1},{""price"":80540.3,""size"":0.00745455,""num_orders"":1},{""price"":80541.19,""size"":0.02388,""num_orders"":1},{""price"":80541.2,""size"":0.04,""num_orders"":1},{""price"":80544.09,""size"":0.56661791,""num_orders"":2},{""price"":80544.1,""size"":0.39734418,""num_orders"":1}]"
btc_usd_d10_20260825T044441Z,29,2026-08-25T05:13:41.343071Z,2026-08-25T05:13:41.343166Z,BTC-USD,10,ok,,134911678070,2026-08-25T05:13:40.545654200Z,1.12380188,1.60750076,-0.177094574917,80518.350000000006,80518.360000000001,80518.35500000001,0.009999999995,0.001241952844,"[{""price"":80518.35,""size"":0.02005911,""num_orders"":3},{""price"":80516.73,""size"":0.02483956,""num_orders"":2},{""price"":80515.4,""size"":1.4e-05,""num_orders"":1},{""price"":80512.15,""size"":0.0025262,""num_orders"":1},{""price"":80512.14,""size"":0.35606415,""num_orders"":1},{""price"":80512.13,""size"":0.14932939,""num_orders"":1},{""price"":80511.88,""size"":0.44709298,""num_orders"":1},{""price"":80511.83,""size"":0.024,""num_orders"":1},{""price"":80510.7,""size"":0.09986249,""num_orders"":2},{""price"":80510.64,""size"":1.4e-05,""num_orders"":1}]","[{""price"":80518.36,""size"":0.11490512,""num_orders"":5},{""price"":80518.37,""size"":0.35648042,""num_orders"":2},{""price"":80518.38,""size"":0.12985298,""num_orders"":3},{""price"":80519.67,""size"":0.00745388,""num_orders"":1},{""price"":80519.98,""size"":0.02483856,""num_orders"":2},{""price"":80520.38,""size"":0.00397424,""num_orders"":1},{""price"":80523.09,""size"":0.00496781,""num_orders"":1},{""price"":80523.19,""size"":0.44709298,""num_orders"":1},{""price"":80525.0,""size"":0.35330989,""num_orders"":2},{""price"":80525.01,""size"":0.16462488,""num_orders"":3}]"
btc_usd_d10_20260825T044441Z,30,2026-08-25T05:14:41.343071Z,2026-08-25T05:14:41.343189Z,BTC-USD,10,ok,,134911723535,2026-08-25T05:14:38.542673073Z,2.10556781,0.20120385,0.825553735128,80517.929999999993,80517.940000000002,80517.934999999998,0.010000000009,0.001241959324,"[{""price"":80517.93,""size"":0.30307557,""num_orders"":7},{""price"":80517.48,""size"":0.00620905,""num_orders"":1},{""price"":80517.47,""size"":0.31891331,""num_orders"":2},{""price"":80515.76,""size"":0.44709298,""num_orders"":1},{""price"":80515.4,""size"":1.4e-05,""num_orders"":1},{""price"":80515.15,""size"":0.09985697,""num_orders"":2},{""price"":80514.0,""size"":0.00745295,""num_orders"":1},{""price"":80513.27,""size"":0.14932939,""num_orders"":1},{""price"":80513.26,""size"":0.32653061,""num_orders"":1},{""price"":80513.25,""size"":0.44709298,""num_orders"":1}]","[{""price"":80517.94,""size"":0.04140807,""num_orders"":5},{""price"":80517.96,""size"":0.03,""num_orders"":1},{""price"":80519.97,""size"":0.00397427,""num_orders"":1},{""price"":80521.37,""size"":0.00337885,""num_orders"":1},{""price"":80522.34,""size"":0.09984806,""num_orders"":2},{""price"":80522.68,""size"":0.00496784,""num_orders"":1},{""price"":80524.06,""size"":0.00342415,""num_orders"":1},{""price"":80526.07,""size"":0.00745295,""num_orders"":1},{""price"":80528.02,""size"":0.00422356,""num_orders"":1},{""price"":80528.74,""size"":0.0025261,""num_orders"":1}]"
btc_usd_d10_20260825T044441Z,31,2026-08-25T05:15:41.343071Z,2026-08-25T05:15:41.343194Z,BTC-USD,10,ok,,134911779870,2026-08-25T05:15:41.039334559Z,0.99725211,1.55421205,-0.218290324721,80499.130000000005,80499.139999999999,80499.135000000009,0.009999999995,0.001242249373,"[{""price"":80499.13,""size"":0.05095813,""num_orders"":4},{""price"":80499.12,""size"":0.03,""num_orders"":1},{""price"":80499.1,""size"":0.03,""num_orders"":1},{""price"":80497.11,""size"":0.00397519,""num_orders"":1},{""price"":80496.2,""size"":0.00256879,""num_orders"":1},{""price"":80495.61,""size"":0.00126316,""num_orders"":1},{""price"":80495.6,""size"":0.32654362,""num_orders"":1},{""price"":80495.59,""size"":0.44709298,""num_orders"":1},{""price"":80495.58,""size"":0.09988125,""num_orders"":2},{""price"":80494.4,""size"":0.00496899,""num_orders"":1}]","[{""price"":80499.14,""size"":0.16270335,""num_orders"":2},{""price"":80502.84,""size"":0.00049687,""num_orders"":1},{""price"":80505.2,""size"":0.00126309,""num_orders"":1},{""price"":80505.21,""size"":0.009836,""num_orders"":1},{""price"":80505.29,""size"":0.40249385,""num_orders"":2},{""price"":80505.88,""size"":1.4e-05,""num_orders"":1},{""price"":80507.18,""size"":0.44709298,""num_orders"":1},{""price"":80507.19,""size"":0.25892939,""num_orders"":2},{""price"":80507.61,""size"":0.00144048,""num_orders"":1},{""price"":80509.98,""size"":0.26994204,""num_orders"":1}]"
btc_usd_d10_20260825T044441Z,32,2026-08-25T05:16:41.343071Z,2026-08-25T05:16:41.343191Z,BTC-USD,10,ok,,134911835412,2026-08-25T05:16:39.045420955Z,0.93579781,1.77807295,-0.310359340767,80472.559999999998,80472.570000000007,80472.565000000002,0.010000000009,0.001242659534,"[{""price"":80472.56,""size"":2.66e-05,""num_orders"":2},{""price"":80470.25,""size"":0.00093199,""num_orders"":1},{""price"":80469.8,""size"":0.00252625,""num_orders"":1},{""price"":80469.79,""size"":0.09995169,""num_orders"":3},{""price"":80469.07,""size"":0.024,""num_orders"":1},{""price"":80467.8,""size"":1.4e-05,""num_orders"":1},{""price"":80466.81,""size"":0.67253724,""num_orders"":2},{""price"":80464.51,""size"":0.00621004,""num_orders"":1},{""price"":80464.5,""size"":0.1096,""num_orders"":1},{""price"":80463.34,""size"":0.02,""num_orders"":1}]","[{""price"":80472.57,""size"":0.14406024,""num_orders"":3},{""price"":80474.22,""size"":0.14932939,""num_orders"":1},{""price"":80474.58,""size"":0.00397651,""num_orders"":1},{""price"":80476.56,""size"":0.39763045,""num_orders"":1},{""price"":80477.16,""size"":0.04035866,""num_orders"":1},{""price"":80477.3,""size"":0.00497063,""num_orders"":1},{""price"":80477.67,""size"":0.09990349,""num_orders"":2},{""price"":80478.97,""size"":0.23738538,""num_orders"":1},{""price"":80478.98,""size"":0.39763045,""num_orders"":1},{""price"":80483.3,""size"":0.30282775,""num_orders"":1}]"
btc_usd_d10_20260825T044441Z,33,2026-08-25T05:17:41.343071Z,2026-08-25T05:17:41.343200Z,BTC-USD,10,ok,,134911892965,2026-08-25T05:17:39.125910674Z,0.30354513,0.63303393,-0.351800306105,80477.320000000007,80477.330000000002,80477.325000000012,0.009999999995,0.001242586032,"[{""price"":80477.32,""size"":4.142e-05,""num_orders"":3},{""price"":80475.23,""size"":0.00049704,""num_orders"":1},{""price"":80475.22,""size"":0.09940947,""num_orders"":1},{""price"":80474.14,""size"":0.00012426,""num_orders"":1},{""price"":80472.62,""size"":0.04995995,""num_orders"":1},{""price"":80472.56,""size"":1.4e-05,""num_orders"":1},{""price"":80472.55,""size"":0.08367101,""num_orders"":1},{""price"":80470.79,""size"":0.04284575,""num_orders"":1},{""price"":80470.71,""size"":0.02077219,""num_orders"":1},{""price"":80469.51,""size"":0.00621004,""num_orders"":1}]","[{""price"":80477.33,""size"":0.11967619,""num_orders"":4},{""price"":80477.34,""size"":0.03,""num_orders"":1},{""price"":80477.36,""size"":0.03,""num_orders"":1},{""price"":80479.34,""size"":0.00397627,""num_orders"":1},{""price"":80481.27,""size"":0.00425443,""num_orders"":1},{""price"":80482.03,""size"":0.00252625,""num_orders"":1},{""price"":80482.04,""size"":0.02,""num_orders"":1},{""price"":80482.06,""size"":0.00497034,""num_orders"":1},{""price"":80482.19,""size"":0.02,""num_orders"":1},{""price"":80482.2,""size"":0.39763045,""num_orders"":1}]"
btc_usd_d10_20260825T044441Z,34,2026-08-25T05:18:41.343071Z,2026-08-25T05:18:41.343187Z,BTC-USD,10,ok,,134911945836,2026-08-25T05:18:39.099956250Z,0.41211924,1.11205195,-0.459221847646,80484.020000000004,80484.029999999999,80484.024999999994,0.009999999995,0.001242482591,"[{""price"":80484.02,""size"":0.05999942,""num_orders"":2},{""price"":80483.67,""size"":4.199e-05,""num_orders"":1},{""price"":80483.52,""size"":0.00745528,""num_orders"":1},{""price"":80483.24,""size"":0.00049699,""num_orders"":1},{""price"":80483.23,""size"":0.09939958,""num_orders"":1},{""price"":80482.08,""size"":1.4e-05,""num_orders"":1},{""price"":80478.91,""size"":0.089158,""num_orders"":1},{""price"":80478.9,""size"":0.14932939,""num_orders"":1},{""price"":80477.32,""size"":1.4e-05,""num_orders"":1},{""price"":80475.04,""size"":0.00621059,""num_orders"":1}]","[{""price"":80484.03,""size"":0.04211473,""num_orders"":2},{""price"":80486.05,""size"":0.00397594,""num_orders"":1},{""price"":80488.36,""size"":0.00252623,""num_orders"":1},{""price"":80488.37,""size"":0.14932939,""num_orders"":1},{""price"":80488.38,""size"":0.39763045,""num_orders"":1},{""price"":80488.76,""size"":0.00496993,""num_orders"":1},{""price"":80490.89,""size"":0.39763045,""num_orders"":1},{""price"":80492.01,""size"":0.0037779,""num_orders"":1},{""price"":80492.08,""size"":0.1096,""num_orders"":1},{""price"":80493.78,""size"":0.00049693,""num_orders"":1}]"
btc_usd_d10_20260825T044441Z,35,2026-08-25T05:19:41.343071Z,2026-08-25T05:19:41.343199Z,BTC-USD,10,ok,,134912000265,2026-08-25T05:19:40.689929846Z,1.47026193,2.0994356,-0.176254056461,80547.350000000006,80547.960000000006,80547.654999999999,0.610000000001,0.07573156537,"[{""price"":80547.35,""size"":0.00126313,""num_orders"":1},{""price"":80547.34,""size"":0.00093112,""num_orders"":1},{""price"":80547.27,""size"":0.02,""num_orders"":1},{""price"":80544.03,""size"":0.02,""num_orders"":1},{""price"":80544.01,""size"":0.02,""num_orders"":1},{""price"":80544.0,""size"":1.0,""num_orders"":1},{""price"":80543.96,""size"":1.4e-05,""num_orders"":1},{""price"":80542.41,""size"":0.09982318,""num_orders"":2},{""price"":80539.29,""size"":0.1986305,""num_orders"":1},{""price"":80539.28,""size"":0.1096,""num_orders"":1}]","[{""price"":80547.96,""size"":0.04224629,""num_orders"":2},{""price"":80549.9,""size"":0.1986305,""num_orders"":1},{""price"":80549.98,""size"":0.00397278,""num_orders"":1},{""price"":80550.8,""size"":0.09981279,""num_orders"":2},{""price"":80552.32,""size"":0.1986305,""num_orders"":1},{""price"":80552.7,""size"":0.00496598,""num_orders"":1},{""price"":80554.74,""size"":0.1986305,""num_orders"":1},{""price"":80555.21,""size"":0.53007971,""num_orders"":3},{""price"":80555.22,""size"":0.81626088,""num_orders"":4},{""price"":80557.94,""size"":0.00620567,""num_orders"":1}]"
btc_usd_d10_20260825T044441Z,36,2026-08-25T05:20:41.343071Z,2026-08-25T05:20:41.343195Z,BTC-USD,10,ok,,134912053013,2026-08-25T05:20:39.604841557Z,0.34746977,1.49832894,-0.623501990637,80530,80530.009999999995,80530.005000000005,0.009999999995,0.001241773174,"[{""price"":80530.0,""size"":0.05857594,""num_orders"":3},{""price"":80529.68,""size"":1.4e-05,""num_orders"":1},{""price"":80526.41,""size"":0.09984301,""num_orders"":2},{""price"":80526.09,""size"":0.009831,""num_orders"":1},{""price"":80524.92,""size"":1.4e-05,""num_orders"":1},{""price"":80524.11,""size"":0.024,""num_orders"":1},{""price"":80522.48,""size"":0.14932939,""num_orders"":1},{""price"":80520.16,""size"":1.38e-05,""num_orders"":1},{""price"":80520.03,""size"":0.00583,""num_orders"":1},{""price"":80518.97,""size"":1.863e-05,""num_orders"":1}]","[{""price"":80530.01,""size"":0.07980449,""num_orders"":2},{""price"":80530.02,""size"":0.03,""num_orders"":1},{""price"":80530.04,""size"":0.02999946,""num_orders"":2},{""price"":80532.03,""size"":0.00397367,""num_orders"":1},{""price"":80532.54,""size"":0.00064254,""num_orders"":1},{""price"":80532.55,""size"":0.58313054,""num_orders"":1},{""price"":80532.56,""size"":0.1986305,""num_orders"":1},{""price"":80532.57,""size"":0.14932939,""num_orders"":1},{""price"":80532.58,""size"":0.32298386,""num_orders"":3},{""price"":80533.28,""size"":0.09983449,""num_orders"":2}]"
btc_usd_d10_20260825T044441Z,37,2026-08-25T05:21:41.343071Z,2026-08-25T05:21:41.343198Z,BTC-USD,10,ok,,134912091678,2026-08-25T05:21:39.033017182Z,0.90662831,0.47579965,0.31164637324,80460.940000000002,80460.949999999997,80460.945000000007,0.009999999995,0.001242838994,"[{""price"":80460.94,""size"":0.23876057,""num_orders"":8},{""price"":80459.33,""size"":0.02485728,""num_orders"":2},{""price"":80458.93,""size"":0.00397708,""num_orders"":1},{""price"":80456.21,""size"":0.00497135,""num_orders"":1},{""price"":80453.53,""size"":0.0062082,""num_orders"":1},{""price"":80453.52,""size"":1.4e-05,""num_orders"":1},{""price"":80452.74,""size"":0.24496725,""num_orders"":1},{""price"":80452.73,""size"":0.22370519,""num_orders"":1},{""price"":80452.64,""size"":0.14932939,""num_orders"":1},{""price"":80451.53,""size"":0.009838,""num_orders"":1}]","[{""price"":80460.95,""size"":0.0053662,""num_orders"":2},{""price"":80460.96,""size"":0.02999906,""num_orders"":3},{""price"":80460.98,""size"":0.03,""num_orders"":1},{""price"":80462.56,""size"":0.02485628,""num_orders"":2},{""price"":80462.96,""size"":0.00397708,""num_orders"":1},{""price"":80463.05,""size"":0.34423974,""num_orders"":3},{""price"":80463.14,""size"":0.00093212,""num_orders"":1},{""price"":80463.17,""size"":0.00745782,""num_orders"":1},{""price"":80464.54,""size"":0.024,""num_orders"":1},{""price"":80465.68,""size"":0.00497135,""num_orders"":1}]"
btc_usd_d10_20260825T044441Z,38,2026-08-25T05:22:41.343071Z,2026-08-25T05:22:41.343192Z,BTC-USD,10,ok,,134912145433,2026-08-25T05:22:41.179892481Z,0.67625919,1.1157635,-0.245255996173,80516.850000000006,80516.860000000001,80516.85500000001,0.009999999995,0.001241975981,"[{""price"":80516.85,""size"":0.24880427,""num_orders"":6},{""price"":80516.01,""size"":0.00745126,""num_orders"":1},{""price"":80515.23,""size"":0.02486441,""num_orders"":3},{""price"":80514.83,""size"":0.00397432,""num_orders"":1},{""price"":80512.25,""size"":0.14458535,""num_orders"":2},{""price"":80512.24,""size"":0.009836,""num_orders"":1},{""price"":80512.12,""size"":0.0049679,""num_orders"":1},{""price"":80511.13,""size"":0.22370519,""num_orders"":1},{""price"":80510.46,""size"":0.00620738,""num_orders"":1},{""price"":80510.45,""size"":0.00186311,""num_orders"":1}]","[{""price"":80516.86,""size"":0.6667157,""num_orders"":2},{""price"":80518.48,""size"":0.02483902,""num_orders"":2},{""price"":80520.16,""size"":1.4e-05,""num_orders"":1},{""price"":80523.23,""size"":0.024,""num_orders"":1},{""price"":80524.92,""size"":1.4e-05,""num_orders"":1},{""price"":80525.44,""size"":0.00115121,""num_orders"":1},{""price"":80525.49,""size"":0.024471,""num_orders"":1},{""price"":80526.1,""size"":0.14932939,""num_orders"":1},{""price"":80526.29,""size"":0.22370519,""num_orders"":1},{""price"":80527.63,""size"":0.00152399,""num_orders"":1}]"
btc_usd_d10_20260825T044441Z,39,2026-08-25T05:23:41.343071Z,2026-08-25T05:23:41.343191Z,BTC-USD,10,ok,,134912182066,2026-08-25T05:23:40.674943033Z,0.19566251,1.97786466,-0.819958533116,80509.330000000002,80509.339999999997,80509.334999999992,0.009999999995,0.001242091988,"[{""price"":80509.33,""size"":0.05562715,""num_orders"":5},{""price"":80507.71,""size"":0.02484234,""num_orders"":2},{""price"":80507.31,""size"":0.00397469,""num_orders"":1},{""price"":80506.19,""size"":0.00014519,""num_orders"":2},{""price"":80505.88,""size"":1.4e-05,""num_orders"":1},{""price"":80505.14,""size"":0.00049686,""num_orders"":1},{""price"":80505.13,""size"":0.09937254,""num_orders"":1},{""price"":80504.6,""size"":0.00496836,""num_orders"":1},{""price"":80501.13,""size"":0.00620738,""num_orders"":1},{""price"":80501.12,""size"":1.4e-05,""num_orders"":1}]","[{""price"":80509.34,""size"":0.25338512,""num_orders"":5},{""price"":80510.64,""size"":0.22623139,""num_orders"":2},{""price"":80510.65,""size"":0.66589031,""num_orders"":3},{""price"":80511.08,""size"":0.0248413,""num_orders"":2},{""price"":80513.11,""size"":0.09985952,""num_orders"":2},{""price"":80513.42,""size"":0.22370519,""num_orders"":1},{""price"":80514.16,""size"":0.00131725,""num_orders"":3},{""price"":80516.45,""size"":0.14932939,""num_orders"":1},{""price"":80516.46,""size"":0.22370519,""num_orders"":1},{""price"":80517.4,""size"":0.1096,""num_orders"":1}]"
btc_usd_d10_20260825T044441Z,40,2026-08-25T05:24:41.343071Z,2026-08-25T05:24:41.343196Z,BTC-USD,10,ok,,134912215011,2026-08-25T05:24:40.186382216Z,1.00641449,0.7012533,0.178700559785,80501.119999999995,80501.130000000005,80501.125,0.010000000009,0.001242218666,"[{""price"":80501.12,""size"":1.4e-05,""num_orders"":1},{""price"":80499.49,""size"":0.09937951,""num_orders"":1},{""price"":80496.36,""size"":1.4e-05,""num_orders"":1},{""price"":80496.34,""size"":0.00745177,""num_orders"":1},{""price"":80494.84,""size"":0.02,""num_orders"":1},{""price"":80494.81,""size"":1.863e-05,""num_orders"":1},{""price"":80494.06,""size"":0.009834,""num_orders"":1},{""price"":80491.88,""size"":0.22370519,""num_orders"":1},{""price"":80491.87,""size"":0.14932939,""num_orders"":1},{""price"":80491.86,""size"":0.496668,""num_orders"":1}]","[{""price"":80501.13,""size"":0.14208583,""num_orders"":4},{""price"":80502.75,""size"":0.02484388,""num_orders"":2},{""price"":80502.87,""size"":0.14932939,""num_orders"":1},{""price"":80503.15,""size"":0.00397509,""num_orders"":1},{""price"":80504.58,""size"":0.04250001,""num_orders"":1},{""price"":80504.61,""size"":0.22370519,""num_orders"":1},{""price"":80505.86,""size"":0.00496887,""num_orders"":1},{""price"":80506.99,""size"":0.09986711,""num_orders"":2},{""price"":80508.41,""size"":0.00745177,""num_orders"":1},{""price"":80509.49,""size"":0.00252616,""num_orders"":1}]"
btc_usd_d10_20260825T044441Z,41,2026-08-25T05:25:41.343071Z,2026-08-25T05:25:41.343195Z,BTC-USD,10,ok,,134912264477,2026-08-25T05:25:40.046799977Z,0.95631139,1.51971783,-0.227544342146,80567.75,80567.759999999995,80567.755000000005,0.009999999995,0.001241191342,"[{""price"":80567.75,""size"":0.20723955,""num_orders"":4},{""price"":80567.21,""size"":0.00181076,""num_orders"":1},{""price"":80566.13,""size"":0.02486436,""num_orders"":3},{""price"":80558.77,""size"":0.02,""num_orders"":1},{""price"":80557.88,""size"":0.00252625,""num_orders"":1},{""price"":80557.87,""size"":0.04,""num_orders"":1},{""price"":80557.22,""size"":0.14932939,""num_orders"":1},{""price"":80556.16,""size"":0.00620341,""num_orders"":1},{""price"":80556.15,""size"":0.28063248,""num_orders"":1},{""price"":80556.14,""size"":0.22370519,""num_orders"":1}]","[{""price"":80567.76,""size"":0.53462747,""num_orders"":6},{""price"":80568.31,""size"":0.024,""num_orders"":1},{""price"":80569.38,""size"":0.02482332,""num_orders"":2},{""price"":80571.27,""size"":0.22370519,""num_orders"":1},{""price"":80572.52,""size"":1.4e-05,""num_orders"":1},{""price"":80573.7,""size"":0.22370519,""num_orders"":1},{""price"":80575.81,""size"":0.14932939,""num_orders"":1},{""price"":80575.82,""size"":0.1096,""num_orders"":1},{""price"":80576.21,""size"":0.22370519,""num_orders"":1},{""price"":80577.27,""size"":0.00620808,""num_orders"":1}]"
btc_usd_d10_20260825T044441Z,42,2026-08-25T05:26:41.343071Z,2026-08-25T05:26:41.343197Z,BTC-USD,10,ok,,134912310735,2026-08-25T05:26:39.673629910Z,0.66281995,1.23344092,-0.300919023868,80589.110000000001,80589.119999999995,80589.114999999991,0.009999999995,0.001240862366,"[{""price"":80589.11,""size"":0.11092928,""num_orders"":6},{""price"":80587.49,""size"":0.02481774,""num_orders"":2},{""price"":80587.09,""size"":0.00397075,""num_orders"":1},{""price"":80584.37,""size"":0.00496344,""num_orders"":1},{""price"":80578.69,""size"":7.733e-05,""num_orders"":1},{""price"":80578.25,""size"":0.00065224,""num_orders"":1},{""price"":80578.24,""size"":0.22370519,""num_orders"":1},{""price"":80578.22,""size"":0.1096,""num_orders"":1},{""price"":80577.72,""size"":0.06,""num_orders"":2},{""price"":80577.59,""size"":0.12410398,""num_orders"":1}]","[{""price"":80589.12,""size"":0.06805091,""num_orders"":5},{""price"":80589.13,""size"":0.66669999,""num_orders"":1},{""price"":80590.74,""size"":0.02481674,""num_orders"":2},{""price"":80590.85,""size"":0.00011575,""num_orders"":1},{""price"":80591.37,""size"":0.02011574,""num_orders"":2},{""price"":80591.56,""size"":1.4e-05,""num_orders"":1},{""price"":80593.19,""size"":0.22370519,""num_orders"":1},{""price"":80595.66,""size"":0.00620341,""num_orders"":1},{""price"":80595.67,""size"":0.22370519,""num_orders"":1},{""price"":80596.32,""size"":1.4e-05,""num_orders"":1}]"
btc_usd_d10_20260825T044441Z,43,2026-08-25T05:27:41.343071Z,2026-08-25T05:27:41.343195Z,BTC-USD,10,ok,,134912359827,2026-08-25T05:27:38.543632961Z,0.99091574,1.19745212,-0.094379187236,80620.580000000002,80620.589999999997,80620.584999999992,0.009999999995,0.001240378,"[{""price"":80620.58,""size"":0.0128185,""num_orders"":2},{""price"":80618.78,""size"":0.09972862,""num_orders"":2},{""price"":80618.56,""size"":0.00396916,""num_orders"":1},{""price"":80618.09,""size"":0.009821,""num_orders"":1},{""price"":80615.84,""size"":0.00496145,""num_orders"":1},{""price"":80615.36,""size"":0.09999903,""num_orders"":2},{""price"":80611.25,""size"":0.13177899,""num_orders"":1},{""price"":80610.99,""size"":0.13177899,""num_orders"":1},{""price"":80610.6,""size"":1.4e-05,""num_orders"":1},{""price"":80610.05,""size"":0.496046,""num_orders"":1}]","[{""price"":80620.59,""size"":0.20794403,""num_orders"":3},{""price"":80620.96,""size"":0.024,""num_orders"":1},{""price"":80621.58,""size"":0.00246737,""num_orders"":1},{""price"":80621.59,""size"":0.14932939,""num_orders"":1},{""price"":80622.57,""size"":0.22370519,""num_orders"":1},{""price"":80624.06,""size"":0.00145282,""num_orders"":1},{""price"":80626.57,""size"":0.32342417,""num_orders"":3},{""price"":80628.98,""size"":0.00619976,""num_orders"":1},{""price"":80628.99,""size"":0.1096,""num_orders"":1},{""price"":80629.1,""size"":0.14932939,""num_orders"":1}]"
btc_usd_d10_20260825T044441Z,44,2026-08-25T05:28:41.343071Z,2026-08-25T05:28:41.343158Z,BTC-USD,10,ok,,134912402684,2026-08-25T05:28:40.123647393Z,0.26506583,1.38426406,-0.678577546424,80632.039999999994,80632.050000000003,80632.044999999998,0.010000000009,0.00124020171,"[{""price"":80632.04,""size"":0.03159079,""num_orders"":5},{""price"":80631.35,""size"":0.09971306,""num_orders"":2},{""price"":80630.42,""size"":0.02480454,""num_orders"":2},{""price"":80630.14,""size"":0.03,""num_orders"":1},{""price"":80630.12,""size"":0.03,""num_orders"":1},{""price"":80630.02,""size"":0.00396864,""num_orders"":1},{""price"":80629.64,""size"":1.4e-05,""num_orders"":1},{""price"":80627.3,""size"":0.0049608,""num_orders"":1},{""price"":80624.89,""size"":0.04,""num_orders"":1},{""price"":80624.88,""size"":1.4e-05,""num_orders"":1}]","[{""price"":80632.05,""size"":0.71172579,""num_orders"":7},{""price"":80633.47,""size"":0.00093015,""num_orders"":1},{""price"":80633.67,""size"":0.02480354,""num_orders"":2},{""price"":80634.07,""size"":0.00396864,""num_orders"":1},{""price"":80634.63,""size"":0.04090388,""num_orders"":1},{""price"":80635.15,""size"":0.00023149,""num_orders"":1},{""price"":80636.0,""size"":0.22370519,""num_orders"":1},{""price"":80636.79,""size"":0.0049608,""num_orders"":1},{""price"":80638.45,""size"":0.22370519,""num_orders"":1},{""price"":80639.8,""size"":0.14932939,""num_orders"":1}]"
btc_usd_d10_20260825T044441Z,45,2026-08-25T05:29:41.343071Z,2026-08-25T05:29:41.343164Z,BTC-USD,10,ok,,134912449805,2026-08-25T05:29:39.184598013Z,0.50761938,0.97811273,-0.316674417167,80701.75,80701.759999999995,80701.755000000005,0.009999999995,0.001239130425,"[{""price"":80701.75,""size"":2.035e-05,""num_orders"":1},{""price"":80701.74,""size"":0.03,""num_orders"":1},{""price"":80701.72,""size"":0.03,""num_orders"":1},{""price"":80700.69,""size"":0.09913173,""num_orders"":1},{""price"":80700.68,""size"":0.00049565,""num_orders"":1},{""price"":80699.05,""size"":0.00743336,""num_orders"":1},{""price"":80696.28,""size"":1.4e-05,""num_orders"":1},{""price"":80693.67,""size"":0.10972335,""num_orders"":2},{""price"":80692.85,""size"":0.11540047,""num_orders"":1},{""price"":80691.63,""size"":0.11540047,""num_orders"":1}]","[{""price"":80701.76,""size"":0.28372566,""num_orders"":6},{""price"":80703.78,""size"":0.00396521,""num_orders"":1},{""price"":80704.19,""size"":0.22370519,""num_orders"":1},{""price"":80704.82,""size"":0.04,""num_orders"":1},{""price"":80706.5,""size"":0.00495652,""num_orders"":1},{""price"":80708.07,""size"":0.00252625,""num_orders"":1},{""price"":80708.08,""size"":0.14932939,""num_orders"":1},{""price"":80708.09,""size"":0.22370519,""num_orders"":1},{""price"":80710.5,""size"":0.00619932,""num_orders"":1},{""price"":80710.51,""size"":0.04,""num_orders"":1}]"
btc_usd_d10_20260825T044441Z,46,2026-08-25T05:30:41.343071Z,2026-08-25T05:30:41.343196Z,BTC-USD,10,ok,,134912517551,2026-08-25T05:30:38.540536373Z,0.24801794,1.88126023,-0.767040358095,80613.330000000002,80613.339999999997,80613.334999999992,0.009999999995,0.001240489554,"[{""price"":80613.33,""size"":0.00099992,""num_orders"":2},{""price"":80607.71,""size"":0.00982489,""num_orders"":1},{""price"":80603.99,""size"":0.00619932,""num_orders"":1},{""price"":80603.98,""size"":0.00252596,""num_orders"":1},{""price"":80603.96,""size"":0.05232649,""num_orders"":1},{""price"":80601.23,""size"":0.00093036,""num_orders"":1},{""price"":80601.2,""size"":0.12468795,""num_orders"":2},{""price"":80601.08,""size"":1.4e-05,""num_orders"":1},{""price"":80598.17,""size"":0.04926914,""num_orders"":1},{""price"":80597.13,""size"":0.00123991,""num_orders"":1}]","[{""price"":80613.34,""size"":0.8388823,""num_orders"":4},{""price"":80615.36,""size"":1.4e-05,""num_orders"":1},{""price"":80615.76,""size"":0.22335371,""num_orders"":1},{""price"":80618.79,""size"":0.22335371,""num_orders"":1},{""price"":80620.12,""size"":1.4e-05,""num_orders"":1},{""price"":80621.23,""size"":0.22335371,""num_orders"":1},{""price"":80622.1,""size"":1.862e-05,""num_orders"":1},{""price"":80623.65,""size"":0.22335371,""num_orders"":1},{""price"":80624.88,""size"":1.4e-05,""num_orders"":1},{""price"":80626.36,""size"":0.14890247,""num_orders"":1}]"
btc_usd_d10_20260825T044441Z,47,2026-08-25T05:31:41.343071Z,2026-08-25T05:31:41.343195Z,BTC-USD,10,ok,,134912565197,2026-08-25T05:31:40.543509938Z,1.64501956,0.80816494,0.341129915015,80641.309999999998,80641.320000000007,80641.315000000002,0.010000000009,0.001240059145,"[{""price"":80641.31,""size"":0.1797414,""num_orders"":6},{""price"":80639.69,""size"":0.02480168,""num_orders"":2},{""price"":80639.16,""size"":0.00989053,""num_orders"":3},{""price"":80637.13,""size"":0.01061683,""num_orders"":1},{""price"":80634.4,""size"":1.4e-05,""num_orders"":1},{""price"":80632.14,""size"":0.00619875,""num_orders"":1},{""price"":80632.13,""size"":0.14890247,""num_orders"":1},{""price"":80632.11,""size"":0.22335371,""num_orders"":1},{""price"":80632.1,""size"":0.54561419,""num_orders"":2},{""price"":80632.09,""size"":0.495886,""num_orders"":1}]","[{""price"":80641.32,""size"":0.0277303,""num_orders"":2},{""price"":80642.06,""size"":0.00126308,""num_orders"":1},{""price"":80642.07,""size"":0.14890247,""num_orders"":1},{""price"":80642.2,""size"":0.14890247,""num_orders"":1},{""price"":80642.48,""size"":0.00093004,""num_orders"":1},{""price"":80642.94,""size"":0.02480068,""num_orders"":2},{""price"":80643.34,""size"":0.00396818,""num_orders"":1},{""price"":80645.73,""size"":0.22335371,""num_orders"":1},{""price"":80645.92,""size"":0.0049603,""num_orders"":1},{""price"":80648.16,""size"":0.22335371,""num_orders"":1}]"
btc_usd_d10_20260825T044441Z,48,2026-08-25T05:32:41.343071Z,2026-08-25T05:32:41.343193Z,BTC-USD,10,ok,,134912636464,2026-08-25T05:32:39.536691615Z,0.80796026,1.61709937,-0.333657407839,80766.399999999994,80766.410000000003,80766.404999999999,0.010000000009,0.001238138556,"[{""price"":80766.4,""size"":0.00396185,""num_orders"":1},{""price"":80764.78,""size"":0.02476326,""num_orders"":2},{""price"":80764.38,""size"":0.00272988,""num_orders"":1},{""price"":80764.06,""size"":0.505248,""num_orders"":2},{""price"":80764.04,""size"":4.197e-05,""num_orders"":1},{""price"":80757.71,""size"":0.05951754,""num_orders"":1},{""price"":80757.34,""size"":0.09955751,""num_orders"":2},{""price"":80753.4,""size"":1.4e-05,""num_orders"":1},{""price"":80749.11,""size"":0.00252625,""num_orders"":1},{""price"":80749.09,""size"":0.1096,""num_orders"":1}]","[{""price"":80766.41,""size"":0.39426135,""num_orders"":8},{""price"":80768.03,""size"":0.02476228,""num_orders"":2},{""price"":80769.76,""size"":0.024,""num_orders"":1},{""price"":80770.41,""size"":0.29728672,""num_orders"":1},{""price"":80771.44,""size"":0.00619875,""num_orders"":1},{""price"":80771.45,""size"":1.86e-05,""num_orders"":1},{""price"":80772.44,""size"":1.4e-05,""num_orders"":1},{""price"":80773.63,""size"":0.04,""num_orders"":1},{""price"":80773.64,""size"":0.53327095,""num_orders"":1},{""price"":80773.65,""size"":0.29728672,""num_orders"":1}]"
btc_usd_d10_20260825T044441Z,49,2026-08-25T05:33:41.343071Z,2026-08-25T05:33:41.343192Z,BTC-USD,10,ok,,134912698564,2026-08-25T05:33:39.324668794Z,0.14507443,1.01836417,-0.750610938987,80682,80682.009999999995,80682.005000000005,0.009999999995,0.001239433749,"[{""price"":80682.0,""size"":7.293e-05,""num_orders"":3},{""price"":80680.08,""size"":0.009812,""num_orders"":1},{""price"":80679.03,""size"":0.02478958,""num_orders"":2},{""price"":80677.24,""size"":1.4e-05,""num_orders"":1},{""price"":80672.48,""size"":1.4e-05,""num_orders"":1},{""price"":80671.78,""size"":0.09916725,""num_orders"":1},{""price"":80671.77,""size"":0.00049583,""num_orders"":1},{""price"":80669.41,""size"":0.01061683,""num_orders"":1},{""price"":80667.72,""size"":1.4e-05,""num_orders"":1},{""price"":80667.71,""size"":7.801e-05,""num_orders"":1}]","[{""price"":80682.01,""size"":0.33765824,""num_orders"":8},{""price"":80683.62,""size"":0.00070839,""num_orders"":1},{""price"":80683.63,""size"":0.02478818,""num_orders"":2},{""price"":80683.73,""size"":0.08573786,""num_orders"":1},{""price"":80683.74,""size"":0.09964833,""num_orders"":2},{""price"":80684.03,""size"":0.00396618,""num_orders"":1},{""price"":80684.47,""size"":0.04,""num_orders"":1},{""price"":80685.12,""size"":0.27199679,""num_orders"":2},{""price"":80685.15,""size"":0.14890247,""num_orders"":1},{""price"":80686.75,""size"":0.00495773,""num_orders"":1}]"
btc_usd_d10_20260825T044441Z,50,2026-08-25T05:34:41.343071Z,2026-08-25T05:34:41.343193Z,BTC-USD,10,ok,,134912754060,2026-08-25T05:34:40.120232404Z,1.36845826,0.66415787,0.346499459295,80753.399999999994,80753.410000000003,80753.404999999999,0.010000000009,0.001238337877,"[{""price"":80753.4,""size"":0.07583153,""num_orders"":5},{""price"":80752.36,""size"":0.09906831,""num_orders"":1},{""price"":80752.35,""size"":0.00049534,""num_orders"":1},{""price"":80749.16,""size"":0.19223744,""num_orders"":1},{""price"":80749.15,""size"":0.32200577,""num_orders"":1},{""price"":80748.64,""size"":1.4e-05,""num_orders"":1},{""price"":80746.64,""size"":0.19809163,""num_orders"":1},{""price"":80746.63,""size"":0.32200577,""num_orders"":1},{""price"":80746.52,""size"":0.009806,""num_orders"":1},{""price"":80744.02,""size"":0.14890247,""num_orders"":1}]","[{""price"":80753.41,""size"":0.0181355,""num_orders"":2},{""price"":80755.43,""size"":0.00396268,""num_orders"":1},{""price"":80757.69,""size"":0.00252622,""num_orders"":1},{""price"":80757.7,""size"":0.024,""num_orders"":1},{""price"":80758.16,""size"":0.00495335,""num_orders"":1},{""price"":80758.45,""size"":0.09955614,""num_orders"":2},{""price"":80758.51,""size"":0.14890247,""num_orders"":1},{""price"":80760.13,""size"":0.04,""num_orders"":1},{""price"":80765.04,""size"":0.00011574,""num_orders"":1},{""price"":80766.18,""size"":0.32200577,""num_orders"":1}]"
btc_usd_d10_20260825T044441Z,51,2026-08-25T05:35:41.343071Z,2026-08-25T05:35:41.343187Z,BTC-USD,10,ok,,134912813927,2026-08-25T05:35:39.619445258Z,0.88978671,1.23223389,-0.161377877293,80749,80749.009999999995,80749.005000000005,0.009999999995,0.001238405352,"[{""price"":80749.0,""size"":0.06573471,""num_orders"":3},{""price"":80748.98,""size"":0.03,""num_orders"":1},{""price"":80747.87,""size"":0.00126283,""num_orders"":1},{""price"":80747.86,""size"":0.09956919,""num_orders"":2},{""price"":80746.92,""size"":0.0039629,""num_orders"":1},{""price"":80745.07,""size"":0.04,""num_orders"":1},{""price"":80745.06,""size"":0.37191935,""num_orders"":1},{""price"":80745.05,""size"":0.27237012,""num_orders"":1},{""price"":80743.88,""size"":1.4e-05,""num_orders"":1},{""price"":80743.61,""size"":0.00495361,""num_orders"":1}]","[{""price"":80749.01,""size"":0.00092877,""num_orders"":1},{""price"":80750.37,""size"":0.14890246,""num_orders"":1},{""price"":80752.39,""size"":0.42127259,""num_orders"":2},{""price"":80753.41,""size"":0.1096,""num_orders"":1},{""price"":80754.41,""size"":0.01017531,""num_orders"":3},{""price"":80754.82,""size"":0.09956062,""num_orders"":2},{""price"":80758.08,""size"":0.00398335,""num_orders"":1},{""price"":80758.09,""size"":0.16366502,""num_orders"":1},{""price"":80758.1,""size"":0.27237012,""num_orders"":1},{""price"":80759.43,""size"":0.00177565,""num_orders"":1}]"
btc_usd_d10_20260825T044441Z,52,2026-08-25T05:36:41.343071Z,2026-08-25T05:36:41.343193Z,BTC-USD,10,ok,,134912863354,2026-08-25T05:36:39.843092417Z,3.46678401,0.82252387,0.616477113319,80790.190000000002,80790.199999999997,80790.195000000007,0.009999999995,0.001237773964,"[{""price"":80790.19,""size"":0.0357,""num_orders"":1},{""price"":80789.85,""size"":0.00209753,""num_orders"":1},{""price"":80788.23,""size"":0.02475608,""num_orders"":2},{""price"":80787.34,""size"":0.09952053,""num_orders"":2},{""price"":80785.87,""size"":0.27237012,""num_orders"":1},{""price"":80785.57,""size"":1.99479572,""num_orders"":2},{""price"":80783.41,""size"":0.16703967,""num_orders"":1},{""price"":80783.4,""size"":0.27237012,""num_orders"":1},{""price"":80780.48,""size"":0.32576412,""num_orders"":1},{""price"":80780.47,""size"":0.27237012,""num_orders"":1}]","[{""price"":80790.2,""size"":0.054,""num_orders"":2},{""price"":80790.22,""size"":0.03,""num_orders"":1},{""price"":80791.48,""size"":1.396e-05,""num_orders"":1},{""price"":80791.84,""size"":0.02475498,""num_orders"":2},{""price"":80792.26,""size"":0.00046518,""num_orders"":3},{""price"":80794.29,""size"":0.04,""num_orders"":1},{""price"":80796.21,""size"":0.25150809,""num_orders"":1},{""price"":80796.22,""size"":0.27237012,""num_orders"":1},{""price"":80796.24,""size"":0.14891647,""num_orders"":2},{""price"":80796.3,""size"":0.00049507,""num_orders"":1}]"
btc_usd_d10_20260825T044441Z,53,2026-08-25T05:37:41.343071Z,2026-08-25T05:37:41.343194Z,BTC-USD,10,ok,,134912929707,2026-08-25T05:37:39.130685508Z,2.44230748,0.21806706,0.836062887596,80782.279999999999,80783.490000000005,80782.885000000009,1.210000000006,0.149784202434,"[{""price"":80782.28,""size"":0.0357,""num_orders"":1},{""price"":80781.28,""size"":0.029994,""num_orders"":1},{""price"":80781.26,""size"":0.03,""num_orders"":1},{""price"":80778.02,""size"":0.24755774,""num_orders"":1},{""price"":80778.01,""size"":0.597,""num_orders"":1},{""price"":80778.0,""size"":1.0,""num_orders"":1},{""price"":80777.72,""size"":0.09953237,""num_orders"":2},{""price"":80775.44,""size"":0.15047367,""num_orders"":1},{""price"":80775.43,""size"":0.24755774,""num_orders"":1},{""price"":80774.86,""size"":0.00449196,""num_orders"":1}]","[{""price"":80783.49,""size"":0.07197157,""num_orders"":2},{""price"":80784.02,""size"":0.00011525,""num_orders"":1},{""price"":80785.16,""size"":0.09952323,""num_orders"":2},{""price"":80785.54,""size"":0.01642246,""num_orders"":1},{""price"":80785.59,""size"":0.024,""num_orders"":1},{""price"":80786.68,""size"":0.00157595,""num_orders"":1},{""price"":80786.72,""size"":1.4e-05,""num_orders"":1},{""price"":80789.23,""size"":0.00180262,""num_orders"":1},{""price"":80789.24,""size"":0.00011574,""num_orders"":1},{""price"":80789.67,""size"":0.00252624,""num_orders"":1}]"
btc_usd_d10_20260825T044441Z,54,2026-08-25T05:38:41.343071Z,2026-08-25T05:38:41.343192Z,BTC-USD,10,ok,,134912974278,2026-08-25T05:38:38.573093581Z,0.66812106,0.82213125,-0.103345043632,80752.410000000003,80752.419999999998,80752.415000000008,0.009999999995,0.001238353057,"[{""price"":80752.41,""size"":0.0060814,""num_orders"":1},{""price"":80750.39,""size"":0.00396272,""num_orders"":1},{""price"":80748.64,""size"":0.00012451,""num_orders"":2},{""price"":80747.66,""size"":0.00495341,""num_orders"":1},{""price"":80746.58,""size"":0.00275057,""num_orders"":2},{""price"":80745.19,""size"":0.04,""num_orders"":1},{""price"":80745.18,""size"":0.04,""num_orders"":1},{""price"":80745.17,""size"":0.24755774,""num_orders"":1},{""price"":80744.36,""size"":0.04,""num_orders"":1},{""price"":80744.35,""size"":0.28269071,""num_orders"":2}]","[{""price"":80752.42,""size"":0.12288019,""num_orders"":5},{""price"":80752.66,""size"":0.024,""num_orders"":1},{""price"":80752.91,""size"":0.07376709,""num_orders"":1},{""price"":80752.92,""size"":0.09956296,""num_orders"":2},{""price"":80760.0,""size"":3.87e-05,""num_orders"":1},{""price"":80761.31,""size"":0.00225155,""num_orders"":1},{""price"":80761.32,""size"":0.23989025,""num_orders"":1},{""price"":80761.33,""size"":0.14890247,""num_orders"":1},{""price"":80762.1,""size"":0.1096,""num_orders"":1},{""price"":80762.41,""size"":0.00123804,""num_orders"":1}]"
btc_usd_d10_20260825T044441Z,55,2026-08-25T05:39:41.343071Z,2026-08-25T05:39:41.343194Z,BTC-USD,10,ok,,134913028189,2026-08-25T05:39:39.839241235Z,0.60049271,0.28280013,0.359668465104,80734.360000000001,80734.369999999995,80734.364999999991,0.009999999995,0.001238629919,"[{""price"":80734.36,""size"":0.15746226,""num_orders"":3},{""price"":80732.75,""size"":0.14890247,""num_orders"":1},{""price"":80732.74,""size"":0.0247731,""num_orders"":2},{""price"":80732.34,""size"":0.00396361,""num_orders"":1},{""price"":80730.22,""size"":0.009809,""num_orders"":1},{""price"":80729.61,""size"":0.00495451,""num_orders"":1},{""price"":80729.02,""size"":4.893e-05,""num_orders"":1},{""price"":80728.06,""size"":0.0025256,""num_orders"":1},{""price"":80728.05,""size"":0.00049549,""num_orders"":1},{""price"":80728.04,""size"":0.24755774,""num_orders"":1}]","[{""price"":80734.37,""size"":0.00499246,""num_orders"":3},{""price"":80734.9,""size"":0.00743264,""num_orders"":1},{""price"":80735.24,""size"":0.08856904,""num_orders"":1},{""price"":80735.25,""size"":0.09958475,""num_orders"":2},{""price"":80735.99,""size"":0.0247721,""num_orders"":2},{""price"":80736.39,""size"":0.00396361,""num_orders"":1},{""price"":80737.07,""size"":0.01999428,""num_orders"":1},{""price"":80737.19,""size"":0.024,""num_orders"":1},{""price"":80737.22,""size"":0.00452274,""num_orders"":1},{""price"":80739.12,""size"":0.00496851,""num_orders"":2}]"
btc_usd_d10_20260825T044441Z,56,2026-08-25T05:40:41.343071Z,2026-08-25T05:40:41.343192Z,BTC-USD,10,ok,,134913076679,2026-08-25T05:40:39.613999393Z,1.56761304,0.56402908,0.47080321344,80749.720000000001,80749.729999999996,80749.725000000006,0.009999999995,0.00123839431,"[{""price"":80749.72,""size"":0.08,""num_orders"":2},{""price"":80742.82,""size"":0.00252625,""num_orders"":1},{""price"":80742.81,""size"":0.14779197,""num_orders"":1},{""price"":80742.8,""size"":0.24755774,""num_orders"":1},{""price"":80740.62,""size"":0.1096,""num_orders"":1},{""price"":80740.32,""size"":0.47665301,""num_orders"":1},{""price"":80740.31,""size"":0.34713623,""num_orders"":3},{""price"":80740.3,""size"":0.00743137,""num_orders"":1},{""price"":80739.12,""size"":1.4e-05,""num_orders"":1},{""price"":80737.89,""size"":0.14890247,""num_orders"":1}]","[{""price"":80749.73,""size"":0.00023149,""num_orders"":2},{""price"":80750.79,""size"":0.024,""num_orders"":1},{""price"":80750.96,""size"":0.07164052,""num_orders"":2},{""price"":80751.61,""size"":0.09906923,""num_orders"":1},{""price"":80752.4,""size"":0.00743137,""num_orders"":1},{""price"":80753.61,""size"":0.00166813,""num_orders"":1},{""price"":80755.37,""size"":0.00396274,""num_orders"":1},{""price"":80757.39,""size"":0.00396274,""num_orders"":1},{""price"":80757.79,""size"":0.04,""num_orders"":1},{""price"":80757.8,""size"":0.31206286,""num_orders"":2}]"
btc_usd_d10_20260825T044441Z,57,2026-08-25T05:41:41.343071Z,2026-08-25T05:41:41.343192Z,BTC-USD,10,ok,,134913124532,2026-08-25T05:41:38.674752862Z,0.37372673,0.72481937,-0.319597548068,80758.110000000001,80758.119999999995,80758.114999999991,0.009999999995,0.001238265652,"[{""price"":80758.11,""size"":0.08822259,""num_orders"":3},{""price"":80758.1,""size"":0.03,""num_orders"":1},{""price"":80758.08,""size"":0.03,""num_orders"":1},{""price"":80756.49,""size"":0.02476582,""num_orders"":2},{""price"":80756.09,""size"":0.00396245,""num_orders"":1},{""price"":80753.4,""size"":0.00160183,""num_orders"":1},{""price"":80753.36,""size"":0.00495306,""num_orders"":1},{""price"":80752.98,""size"":0.00242901,""num_orders"":1},{""price"":80749.74,""size"":0.04,""num_orders"":1},{""price"":80749.73,""size"":0.14779197,""num_orders"":1}]","[{""price"":80758.12,""size"":0.08022556,""num_orders"":4},{""price"":80758.16,""size"":1.4e-05,""num_orders"":1},{""price"":80758.38,""size"":0.00252624,""num_orders"":1},{""price"":80758.39,""size"":0.08865572,""num_orders"":2},{""price"":80758.4,""size"":0.024,""num_orders"":1},{""price"":80758.84,""size"":0.0074311,""num_orders"":1},{""price"":80759.78,""size"":0.0247648,""num_orders"":2},{""price"":80760.18,""size"":0.09955401,""num_orders"":2},{""price"":80762.44,""size"":0.1500902,""num_orders"":1},{""price"":80762.45,""size"":0.24755774,""num_orders"":1}]"
btc_usd_d10_20260825T044441Z,58,2026-08-25T05:42:41.343071Z,2026-08-25T05:42:41.343160Z,BTC-USD,10,ok,,134913160280,2026-08-25T05:42:40.338087872Z,0.38327208,0.56998049,-0.195864575534,80759.529999999999,80759.539999999994,80759.535000000003,0.009999999995,0.00123824388,"[{""price"":80759.53,""size"":0.04034561,""num_orders"":4},{""price"":80759.52,""size"":0.03,""num_orders"":1},{""price"":80759.5,""size"":0.03,""num_orders"":1},{""price"":80759.35,""size"":0.0014291,""num_orders"":1},{""price"":80757.91,""size"":0.02476538,""num_orders"":2},{""price"":80757.51,""size"":0.00396238,""num_orders"":1},{""price"":80756.03,""size"":0.24755774,""num_orders"":1},{""price"":80755.92,""size"":0.00012945,""num_orders"":1},{""price"":80755.2,""size"":0.00012945,""num_orders"":1},{""price"":80754.78,""size"":0.00495297,""num_orders"":1}]","[{""price"":80759.54,""size"":0.33821225,""num_orders"":8},{""price"":80759.94,""size"":0.09071732,""num_orders"":2},{""price"":80761.16,""size"":0.02476438,""num_orders"":2},{""price"":80761.49,""size"":0.0995524,""num_orders"":2},{""price"":80761.56,""size"":0.00396238,""num_orders"":1},{""price"":80762.0,""size"":0.00743044,""num_orders"":1},{""price"":80763.12,""size"":0.00012945,""num_orders"":1},{""price"":80763.84,""size"":0.00012945,""num_orders"":1},{""price"":80764.29,""size"":0.00495297,""num_orders"":1},{""price"":80764.56,""size"":0.00012945,""num_orders"":1}]"
btc_usd_d10_20260825T044441Z,59,2026-08-25T05:43:41.343071Z,2026-08-25T05:43:41.343157Z,BTC-USD,10,ok,,134913197392,2026-08-25T05:43:39.419050626Z,2.13845283,0.32116267,0.73885132046,80724.830000000002,80724.839999999997,80724.834999999992,0.009999999995,0.001238776146,"[{""price"":80724.83,""size"":0.14832495,""num_orders"":3},{""price"":80723.43,""size"":0.44837618,""num_orders"":1},{""price"":80723.42,""size"":0.39646021,""num_orders"":2},{""price"":80720.63,""size"":0.24755774,""num_orders"":1},{""price"":80720.55,""size"":0.09960287,""num_orders"":2},{""price"":80719.98,""size"":0.00743146,""num_orders"":1},{""price"":80717.27,""size"":0.14779197,""num_orders"":1},{""price"":80717.26,""size"":0.24755774,""num_orders"":1},{""price"":80714.66,""size"":0.14779197,""num_orders"":1},{""price"":80714.65,""size"":0.24755774,""num_orders"":1}]","[{""price"":80724.84,""size"":0.03815258,""num_orders"":3},{""price"":80724.86,""size"":0.03,""num_orders"":1},{""price"":80726.86,""size"":0.00396408,""num_orders"":1},{""price"":80727.57,""size"":0.024,""num_orders"":1},{""price"":80728.0,""size"":0.0793529,""num_orders"":2},{""price"":80728.01,""size"":0.00982829,""num_orders"":3},{""price"":80729.58,""size"":0.00495518,""num_orders"":1},{""price"":80731.15,""size"":0.09958982,""num_orders"":2},{""price"":80732.08,""size"":0.00743146,""num_orders"":1},{""price"":80734.34,""size"":0.02388836,""num_orders"":1}]"
btc_usd_d10_20260825T054358Z,0,2026-08-25T05:43:58.255717Z,2026-08-25T05:43:58.255778Z,BTC-USD,10,ok,,134913209848,2026-08-25T05:43:58.112511234Z,0.51202027,1.09332403,-0.362105350235,80724.509999999995,80724.520000000004,80724.514999999999,0.010000000009,0.001238781058,"[{""price"":80724.51,""size"":4.179e-05,""num_orders"":1},{""price"":80721.36,""size"":0.05396399,""num_orders"":2},{""price"":80720.52,""size"":2.4e-07,""num_orders"":1},{""price"":80720.27,""size"":0.02477692,""num_orders"":2},{""price"":80716.68,""size"":0.04296364,""num_orders"":1},{""price"":80716.39,""size"":0.24755774,""num_orders"":1},{""price"":80715.69,""size"":0.09960886,""num_orders"":2},{""price"":80715.46,""size"":0.04296364,""num_orders"":1},{""price"":80715.32,""size"":1.4e-05,""num_orders"":1},{""price"":80714.88,""size"":0.00012945,""num_orders"":1}]","[{""price"":80724.52,""size"":0.73503487,""num_orders"":13},{""price"":80725.12,""size"":0.07425022,""num_orders"":1},{""price"":80725.13,""size"":0.09959723,""num_orders"":2},{""price"":80726.52,""size"":0.024775,""num_orders"":2},{""price"":80726.54,""size"":0.00396409,""num_orders"":1},{""price"":80728.01,""size"":0.00092484,""num_orders"":2},{""price"":80729.27,""size"":0.00495512,""num_orders"":1},{""price"":80729.6,""size"":1.4e-05,""num_orders"":1},{""price"":80731.3,""size"":0.00201669,""num_orders"":1},{""price"":80731.31,""size"":0.14779197,""num_orders"":1}]"
btc_usd_d10_20260825T054358Z,1,2026-08-25T05:44:58.255717Z,2026-08-25T05:44:58.255882Z,BTC-USD,10,ok,,134913253612,2026-08-25T05:44:57.081103635Z,1.41883513,1.00009623,0.173109045971,80688.289999999994,80688.300000000003,80688.294999999998,0.010000000009,0.001239337132,"[{""price"":80688.29,""size"":0.00409191,""num_orders"":2},{""price"":80686.27,""size"":0.00396587,""num_orders"":1},{""price"":80683.55,""size"":0.00495734,""num_orders"":1},{""price"":80681.85,""size"":0.32101615,""num_orders"":1},{""price"":80681.84,""size"":0.24755774,""num_orders"":1},{""price"":80681.83,""size"":0.14890247,""num_orders"":1},{""price"":80680.7,""size"":0.09965207,""num_orders"":2},{""price"":80679.39,""size"":0.04160322,""num_orders"":1},{""price"":80678.54,""size"":0.29953062,""num_orders"":1},{""price"":80678.53,""size"":0.24755774,""num_orders"":1}]","[{""price"":80688.3,""size"":0.17675886,""num_orders"":7},{""price"":80690.2,""size"":0.00743709,""num_orders"":1},{""price"":80690.32,""size"":0.00396587,""num_orders"":1},{""price"":80691.0,""size"":0.00244158,""num_orders"":1},{""price"":80691.01,""size"":0.06244417,""num_orders"":1},{""price"":80691.07,""size"":0.00049571,""num_orders"":1},{""price"":80691.08,""size"":0.09914355,""num_orders"":1},{""price"":80693.04,""size"":0.00495734,""num_orders"":1},{""price"":80695.15,""size"":0.39489432,""num_orders"":1},{""price"":80695.16,""size"":0.24755774,""num_orders"":1}]"
btc_usd_d10_20260825T054358Z,2,2026-08-25T05:45:58.255717Z,2026-08-25T05:45:58.255890Z,BTC-USD,10,ok,,134913293588,2026-08-25T05:45:55.623058789Z,0.47527072,0.32936748,0.181327756997,80710.089999999997,80710.100000000006,80710.095000000001,0.010000000009,0.001239002384,"[{""price"":80710.09,""size"":0.00198388,""num_orders"":2},{""price"":80709.57,""size"":0.001,""num_orders"":1},{""price"":80709.56,""size"":0.00062148,""num_orders"":2},{""price"":80708.47,""size"":0.02478054,""num_orders"":2},{""price"":80708.07,""size"":0.0039648,""num_orders"":1},{""price"":80705.13,""size"":0.24755774,""num_orders"":1},{""price"":80705.12,""size"":0.14890247,""num_orders"":1},{""price"":80704.8,""size"":0.00012945,""num_orders"":1},{""price"":80704.59,""size"":0.04137433,""num_orders"":1},{""price"":80704.2,""size"":0.00495603,""num_orders"":1}]","[{""price"":80710.1,""size"":0.1100437,""num_orders"":6},{""price"":80710.55,""size"":8.323e-05,""num_orders"":1},{""price"":80710.56,""size"":0.00011579,""num_orders"":1},{""price"":80710.73,""size"":0.00244155,""num_orders"":1},{""price"":80710.74,""size"":0.08088842,""num_orders"":2},{""price"":80711.82,""size"":0.02477952,""num_orders"":2},{""price"":80712.04,""size"":0.0991178,""num_orders"":1},{""price"":80712.06,""size"":0.00049558,""num_orders"":1},{""price"":80712.12,""size"":0.0039648,""num_orders"":1},{""price"":80713.55,""size"":0.00743709,""num_orders"":1}]"
btc_usd_d10_20260825T054358Z,3,2026-08-25T05:46:58.255717Z,2026-08-25T05:46:58.255853Z,BTC-USD,10,ok,,134913330675,2026-08-25T05:46:57.171224035Z,0.18565687,0.85248372,-0.642328078127,80720.070000000007,80720.080000000002,80720.075000000012,0.009999999995,0.001238849195,"[{""price"":80720.07,""size"":0.15600893,""num_orders"":7},{""price"":80719.92,""size"":0.00012945,""num_orders"":1},{""price"":80719.2,""size"":0.00012945,""num_orders"":1},{""price"":80718.48,""size"":0.00012945,""num_orders"":1},{""price"":80718.45,""size"":0.02477748,""num_orders"":2},{""price"":80718.05,""size"":0.00396431,""num_orders"":1},{""price"":80717.76,""size"":0.00012945,""num_orders"":1},{""price"":80717.04,""size"":0.00012945,""num_orders"":1},{""price"":80716.32,""size"":0.00012945,""num_orders"":1},{""price"":80715.6,""size"":0.00012945,""num_orders"":1}]","[{""price"":80720.08,""size"":0.02869116,""num_orders"":5},{""price"":80720.24,""size"":0.00743495,""num_orders"":1},{""price"":80720.43,""size"":0.07662125,""num_orders"":1},{""price"":80720.44,""size"":0.09960302,""num_orders"":2},{""price"":80721.7,""size"":0.02477648,""num_orders"":2},{""price"":80722.1,""size"":0.00396431,""num_orders"":1},{""price"":80723.53,""size"":0.35886542,""num_orders"":1},{""price"":80723.54,""size"":0.24755774,""num_orders"":1},{""price"":80724.83,""size"":0.00495539,""num_orders"":1},{""price"":80724.84,""size"":1.4e-05,""num_orders"":1}]"
btc_usd_d10_20260825T054358Z,4,2026-08-25T05:47:58.255717Z,2026-08-25T05:47:58.255893Z,BTC-USD,10,ok,,134913385614,2026-08-25T05:47:56.038370088Z,1.47149164,0.61214577,0.412425821247,80663.940000000002,80663.949999999997,80663.945000000007,0.009999999995,0.001239711248,"[{""price"":80663.94,""size"":0.24555026,""num_orders"":5},{""price"":80660.1,""size"":0.09967751,""num_orders"":2},{""price"":80659.87,""size"":0.23670413,""num_orders"":2},{""price"":80659.86,""size"":0.24755774,""num_orders"":1},{""price"":80659.6,""size"":0.0020778,""num_orders"":1},{""price"":80659.35,""size"":0.14890247,""num_orders"":1},{""price"":80657.42,""size"":0.21327132,""num_orders"":2},{""price"":80656.84,""size"":0.24755774,""num_orders"":1},{""price"":80655.62,""size"":0.00619267,""num_orders"":1},{""price"":80655.61,""size"":0.024,""num_orders"":1}]","[{""price"":80663.95,""size"":0.00682908,""num_orders"":1},{""price"":80665.97,""size"":0.00396707,""num_orders"":1},{""price"":80667.51,""size"":0.00126436,""num_orders"":1},{""price"":80667.53,""size"":0.24755774,""num_orders"":1},{""price"":80667.59,""size"":0.00032949,""num_orders"":2},{""price"":80667.72,""size"":1.4e-05,""num_orders"":1},{""price"":80668.25,""size"":0.0991716,""num_orders"":1},{""price"":80668.26,""size"":0.00049585,""num_orders"":1},{""price"":80668.69,""size"":0.00495884,""num_orders"":1},{""price"":80670.42,""size"":0.24755774,""num_orders"":1}]"
btc_usd_d10_20260825T054358Z,5,2026-08-25T05:48:58.255717Z,2026-08-25T05:48:58.255858Z,BTC-USD,10,ok,,134913434263,2026-08-25T05:48:57.523345977Z,0.26050856,1.66050557,-0.728780173002,80729.589999999997,80729.600000000006,80729.595000000001,0.010000000009,0.001238703106,"[{""price"":80729.59,""size"":0.01396296,""num_orders"":2},{""price"":80729.58,""size"":0.00092902,""num_orders"":1},{""price"":80727.96,""size"":0.02477456,""num_orders"":2},{""price"":80727.56,""size"":0.00396385,""num_orders"":1},{""price"":80727.44,""size"":0.03,""num_orders"":1},{""price"":80727.42,""size"":0.03,""num_orders"":1},{""price"":80724.83,""size"":0.00495481,""num_orders"":1},{""price"":80724.49,""size"":0.00252538,""num_orders"":1},{""price"":80724.48,""size"":0.14890247,""num_orders"":1},{""price"":80724.47,""size"":0.00049551,""num_orders"":1}]","[{""price"":80729.6,""size"":0.67698802,""num_orders"":5},{""price"":80731.14,""size"":0.00743408,""num_orders"":1},{""price"":80731.21,""size"":0.3502678,""num_orders"":2},{""price"":80731.22,""size"":0.02477356,""num_orders"":2},{""price"":80732.29,""size"":0.24755774,""num_orders"":1},{""price"":80733.32,""size"":0.09958712,""num_orders"":2},{""price"":80734.36,""size"":1.4e-05,""num_orders"":1},{""price"":80734.84,""size"":0.00619606,""num_orders"":1},{""price"":80734.85,""size"":0.24755774,""num_orders"":1},{""price"":80735.04,""size"":0.00012945,""num_orders"":1}]"
btc_usd_d10_20260825T054358Z,6,2026-08-25T05:49:58.255717Z,2026-08-25T05:49:58.255889Z,BTC-USD,10,ok,,134913478696,2026-08-25T05:49:57.104455196Z,0.4435154,0.39721868,0.055067019527,80737.389999999999,80737.399999999994,80737.39499999999,0.009999999995,0.001238583434,"[{""price"":80737.39,""size"":0.00041475,""num_orders"":1},{""price"":80737.38,""size"":0.03,""num_orders"":1},{""price"":80737.36,""size"":0.03,""num_orders"":1},{""price"":80735.77,""size"":0.02477216,""num_orders"":2},{""price"":80735.37,""size"":0.00403288,""num_orders"":2},{""price"":80734.35,""size"":0.00092893,""num_orders"":1},{""price"":80732.64,""size"":0.00495433,""num_orders"":1},{""price"":80729.8,""size"":0.00126315,""num_orders"":1},{""price"":80729.79,""size"":0.09959146,""num_orders"":2},{""price"":80728.59,""size"":0.24755774,""num_orders"":1}]","[{""price"":80737.4,""size"":0.24674348,""num_orders"":2},{""price"":80737.8,""size"":0.00743241,""num_orders"":1},{""price"":80738.64,""size"":0.0012631,""num_orders"":1},{""price"":80738.65,""size"":0.09958055,""num_orders"":2},{""price"":80739.02,""size"":0.02477118,""num_orders"":2},{""price"":80739.03,""size"":0.00981,""num_orders"":1},{""price"":80739.11,""size"":0.00018712,""num_orders"":1},{""price"":80739.12,""size"":1.4e-05,""num_orders"":1},{""price"":80739.33,""size"":0.00345338,""num_orders"":1},{""price"":80739.42,""size"":0.00396346,""num_orders"":1}]"
btc_usd_d10_20260825T054358Z,7,2026-08-25T05:50:58.255717Z,2026-08-25T05:50:58.255885Z,BTC-USD,10,ok,,134913531718,2026-08-25T05:50:56.178339770Z,1.80853322,0.12465034,0.871041382123,80715.320000000007,80715.330000000002,80715.325000000012,0.009999999995,0.0012389221,"[{""price"":80715.32,""size"":0.20666805,""num_orders"":6},{""price"":80714.63,""size"":0.09961018,""num_orders"":2},{""price"":80713.7,""size"":0.02477894,""num_orders"":2},{""price"":80713.5,""size"":1.0,""num_orders"":1},{""price"":80710.56,""size"":1.4e-05,""num_orders"":1},{""price"":80705.95,""size"":0.00619166,""num_orders"":1},{""price"":80705.94,""size"":0.00743283,""num_orders"":1},{""price"":80705.8,""size"":1.4e-05,""num_orders"":1},{""price"":80704.94,""size"":0.024,""num_orders"":1},{""price"":80702.39,""size"":0.43982356,""num_orders"":1}]","[{""price"":80715.33,""size"":0.00445985,""num_orders"":2},{""price"":80715.34,""size"":0.03,""num_orders"":1},{""price"":80715.36,""size"":0.03,""num_orders"":1},{""price"":80716.95,""size"":0.02477794,""num_orders"":2},{""price"":80717.35,""size"":0.00396455,""num_orders"":1},{""price"":80717.55,""size"":0.015,""num_orders"":1},{""price"":80718.04,""size"":0.00743283,""num_orders"":1},{""price"":80719.84,""size"":0.00363988,""num_orders"":1},{""price"":80720.08,""size"":0.00495568,""num_orders"":1},{""price"":80720.7,""size"":0.00041961,""num_orders"":4}]"
btc_usd_d10_20260825T054358Z,8,2026-08-25T05:51:58.255717Z,2026-08-25T05:51:58.255856Z,BTC-USD,10,ok,,134913595710,2026-08-25T05:51:57.604151099Z,4.09231526,0.5127391,0.777314637389,80719.990000000005,80720,80719.994999999995,0.009999999995,0.001238850423,"[{""price"":80719.99,""size"":1.51074155,""num_orders"":9},{""price"":80719.98,""size"":0.00092913,""num_orders"":1},{""price"":80719.79,""size"":0.34686738,""num_orders"":1},{""price"":80719.78,""size"":0.00252625,""num_orders"":1},{""price"":80718.38,""size"":0.84972175,""num_orders"":1},{""price"":80718.37,""size"":0.0247775,""num_orders"":2},{""price"":80717.73,""size"":0.00396432,""num_orders"":1},{""price"":80716.73,""size"":0.34686738,""num_orders"":1},{""price"":80716.55,""size"":0.00592,""num_orders"":1},{""price"":80716.5,""size"":1.0,""num_orders"":1}]","[{""price"":80720.0,""size"":0.05402899,""num_orders"":4},{""price"":80720.08,""size"":1.4e-05,""num_orders"":1},{""price"":80724.62,""size"":0.08107112,""num_orders"":1},{""price"":80724.84,""size"":1.4e-05,""num_orders"":1},{""price"":80727.08,""size"":0.08107112,""num_orders"":1},{""price"":80729.6,""size"":1.4e-05,""num_orders"":1},{""price"":80732.16,""size"":0.00012945,""num_orders"":1},{""price"":80732.88,""size"":0.00012945,""num_orders"":1},{""price"":80733.6,""size"":0.00012945,""num_orders"":1},{""price"":80733.64,""size"":0.29613752,""num_orders"":1}]"
btc_usd_d10_20260825T054358Z,9,2026-08-25T05:52:58.255717Z,2026-08-25T05:52:58.255844Z,BTC-USD,10,ok,,134913639565,2026-08-25T05:52:56.021859381Z,1.827759,1.48588968,0.103170056036,80743.889999999999,80743.899999999994,80743.89499999999,0.009999999995,0.001238483726,"[{""price"":80743.89,""size"":0.11615256,""num_orders"":5},{""price"":80743.88,""size"":1.4e-05,""num_orders"":1},{""price"":80742.28,""size"":0.00618957,""num_orders"":1},{""price"":80742.27,""size"":0.02477018,""num_orders"":2},{""price"":80740.5,""size"":1.0,""num_orders"":1},{""price"":80740.26,""size"":7.868e-05,""num_orders"":1},{""price"":80739.12,""size"":1.4e-05,""num_orders"":1},{""price"":80734.63,""size"":0.00123787,""num_orders"":1},{""price"":80734.58,""size"":0.33243476,""num_orders"":1},{""price"":80734.57,""size"":0.34686738,""num_orders"":1}]","[{""price"":80743.9,""size"":0.65039262,""num_orders"":3},{""price"":80745.02,""size"":0.03,""num_orders"":1},{""price"":80745.04,""size"":0.03,""num_orders"":1},{""price"":80745.52,""size"":0.02476918,""num_orders"":2},{""price"":80745.92,""size"":0.00396314,""num_orders"":1},{""price"":80747.03,""size"":0.00011574,""num_orders"":1},{""price"":80747.28,""size"":0.04084184,""num_orders"":1},{""price"":80748.99,""size"":0.14890247,""num_orders"":1},{""price"":80749.0,""size"":0.21003731,""num_orders"":1},{""price"":80749.01,""size"":0.34686738,""num_orders"":1}]"
btc_usd_d10_20260825T054358Z,10,2026-08-25T05:53:58.255717Z,2026-08-25T05:53:58.255861Z,BTC-USD,10,ok,,134913686377,2026-08-25T05:53:55.546678229Z,0.28156305,2.29898442,-0.781780375464,80701.039999999994,80701.050000000003,80701.044999999998,0.010000000009,0.001239141328,"[{""price"":80701.04,""size"":1.392e-05,""num_orders"":1},{""price"":80694.58,""size"":0.01061683,""num_orders"":1},{""price"":80694.57,""size"":0.09913926,""num_orders"":1},{""price"":80692.41,""size"":0.00743276,""num_orders"":1},{""price"":80691.84,""size"":0.01061683,""num_orders"":1},{""price"":80691.83,""size"":0.1096,""num_orders"":1},{""price"":80691.1,""size"":0.024,""num_orders"":1},{""price"":80682.59,""size"":0.02,""num_orders"":1},{""price"":80682.48,""size"":0.00012945,""num_orders"":1},{""price"":80682.0,""size"":1.4e-05,""num_orders"":1}]","[{""price"":80701.05,""size"":0.61563044,""num_orders"":5},{""price"":80703.07,""size"":0.00396525,""num_orders"":1},{""price"":80703.53,""size"":0.00126312,""num_orders"":1},{""price"":80703.54,""size"":0.71735003,""num_orders"":2},{""price"":80703.55,""size"":0.42128673,""num_orders"":1},{""price"":80704.06,""size"":0.09962323,""num_orders"":2},{""price"":80704.5,""size"":0.00743276,""num_orders"":1},{""price"":80705.79,""size"":0.00495656,""num_orders"":1},{""price"":80706.78,""size"":0.42128673,""num_orders"":1},{""price"":80708.26,""size"":0.00618957,""num_orders"":1}]"
btc_usd_d10_20260825T054358Z,11,2026-08-25T05:54:58.255717Z,2026-08-25T05:54:58.255859Z,BTC-USD,10,ok,,134913740670,2026-08-25T05:54:57.038210432Z,0.81612679,2.5304996,-0.512268956918,80634.529999999999,80634.539999999994,80634.535000000003,0.009999999995,0.001240163411,"[{""price"":80634.53,""size"":0.16140216,""num_orders"":7},{""price"":80634.52,""size"":0.03,""num_orders"":1},{""price"":80634.5,""size"":0.03,""num_orders"":1},{""price"":80632.51,""size"":0.00396852,""num_orders"":1},{""price"":80629.79,""size"":0.00496065,""num_orders"":1},{""price"":80628.74,""size"":0.00252579,""num_orders"":1},{""price"":80628.73,""size"":0.14890247,""num_orders"":1},{""price"":80628.71,""size"":0.40417158,""num_orders"":2},{""price"":80628.46,""size"":0.024,""num_orders"":1},{""price"":80626.83,""size"":0.00619562,""num_orders"":1}]","[{""price"":80634.54,""size"":0.66689428,""num_orders"":3},{""price"":80635.44,""size"":0.00248046,""num_orders"":1},{""price"":80639.16,""size"":1.4e-05,""num_orders"":1},{""price"":80640.62,""size"":0.25150818,""num_orders"":1},{""price"":80640.63,""size"":0.42128673,""num_orders"":1},{""price"":80642.61,""size"":0.1096,""num_orders"":1},{""price"":80643.18,""size"":0.65419919,""num_orders"":2},{""price"":80643.19,""size"":0.42128673,""num_orders"":1},{""price"":80643.51,""size"":0.00310058,""num_orders"":1},{""price"":80643.6,""size"":0.00012945,""num_orders"":1}]"
btc_usd_d10_20260825T054358Z,12,2026-08-25T05:55:58.255717Z,2026-08-25T05:55:58.255870Z,BTC-USD,10,ok,,134913805080,2026-08-25T05:55:56.178627152Z,1.06294592,1.32742672,-0.110644171362,80747.990000000005,80748,80747.994999999995,0.009999999995,0.001238420842,"[{""price"":80747.99,""size"":0.00949504,""num_orders"":2},{""price"":80747.27,""size"":0.09956991,""num_orders"":2},{""price"":80746.99,""size"":0.009808,""num_orders"":1},{""price"":80746.37,""size"":0.02476892,""num_orders"":2},{""price"":80746.15,""size"":0.024,""num_orders"":1},{""price"":80745.97,""size"":0.00396294,""num_orders"":1},{""price"":80742.24,""size"":0.00495374,""num_orders"":1},{""price"":80739.04,""size"":0.00252625,""num_orders"":1},{""price"":80739.03,""size"":0.73520481,""num_orders"":3},{""price"":80739.02,""size"":0.14865631,""num_orders"":1}]","[{""price"":80748.0,""size"":0.0903306,""num_orders"":2},{""price"":80748.64,""size"":1.4e-05,""num_orders"":1},{""price"":80749.62,""size"":0.02476792,""num_orders"":2},{""price"":80751.8,""size"":0.39634283,""num_orders"":1},{""price"":80751.82,""size"":0.14865631,""num_orders"":1},{""price"":80751.83,""size"":0.66691271,""num_orders"":2},{""price"":80752.32,""size"":0.00012945,""num_orders"":1},{""price"":80753.04,""size"":0.00012945,""num_orders"":1},{""price"":80753.4,""size"":1.4e-05,""num_orders"":1},{""price"":80753.76,""size"":0.00012945,""num_orders"":1}]"
btc_usd_d10_20260825T054358Z,13,2026-08-25T05:56:58.255717Z,2026-08-25T05:56:58.255844Z,BTC-USD,10,ok,,134913844246,2026-08-25T05:56:57.821720249Z,1.23572738,0.60131365,0.34534543303,80751.820000000007,80751.830000000002,80751.825000000012,0.009999999995,0.001238362104,"[{""price"":80751.82,""size"":0.03088948,""num_orders"":5},{""price"":80751.58,""size"":0.0995646,""num_orders"":2},{""price"":80749.8,""size"":0.00396275,""num_orders"":1},{""price"":80747.22,""size"":0.024,""num_orders"":1},{""price"":80747.07,""size"":0.00495344,""num_orders"":1},{""price"":80746.89,""size"":0.0797614,""num_orders"":2},{""price"":80745.25,""size"":0.00017635,""num_orders"":1},{""price"":80743.75,""size"":0.00252612,""num_orders"":1},{""price"":80743.74,""size"":0.1096,""num_orders"":1},{""price"":80742.89,""size"":0.88029324,""num_orders"":1}]","[{""price"":80751.83,""size"":0.59221188,""num_orders"":5},{""price"":80752.32,""size"":0.00012945,""num_orders"":1},{""price"":80752.76,""size"":0.00185752,""num_orders"":1},{""price"":80753.04,""size"":0.00012945,""num_orders"":1},{""price"":80753.4,""size"":0.00027825,""num_orders"":2},{""price"":80753.76,""size"":0.00012945,""num_orders"":1},{""price"":80754.48,""size"":0.00012945,""num_orders"":1},{""price"":80755.2,""size"":0.00012945,""num_orders"":1},{""price"":80755.91,""size"":0.0061893,""num_orders"":1},{""price"":80755.92,""size"":0.00012945,""num_orders"":1}]"
btc_usd_d10_20260825T054358Z,14,2026-08-25T05:57:58.255717Z,2026-08-25T05:57:58.255876Z,BTC-USD,10,ok,,134913887214,2026-08-25T05:57:56.534837628Z,0.18648517,0.15298085,0.098697124384,80739.110000000001,80739.119999999995,80739.114999999991,0.009999999995,0.001238557048,"[{""price"":80739.11,""size"":0.1370103,""num_orders"":7},{""price"":80737.49,""size"":0.02477164,""num_orders"":2},{""price"":80737.38,""size"":0.024,""num_orders"":1},{""price"":80736.48,""size"":0.00012945,""num_orders"":1},{""price"":80735.76,""size"":0.00012945,""num_orders"":1},{""price"":80735.16,""size"":4.198e-05,""num_orders"":1},{""price"":80735.04,""size"":0.00012945,""num_orders"":1},{""price"":80734.36,""size"":1.4e-05,""num_orders"":1},{""price"":80734.32,""size"":0.00012945,""num_orders"":1},{""price"":80733.6,""size"":0.00012945,""num_orders"":1}]","[{""price"":80739.12,""size"":0.04560492,""num_orders"":5},{""price"":80739.14,""size"":0.03,""num_orders"":1},{""price"":80739.16,""size"":0.00476607,""num_orders"":1},{""price"":80739.36,""size"":0.00012945,""num_orders"":1},{""price"":80740.08,""size"":0.00012945,""num_orders"":1},{""price"":80740.64,""size"":0.04335806,""num_orders"":1},{""price"":80740.75,""size"":0.02477064,""num_orders"":2},{""price"":80740.8,""size"":0.00012945,""num_orders"":1},{""price"":80741.52,""size"":0.00012945,""num_orders"":1},{""price"":80741.65,""size"":0.00396336,""num_orders"":1}]"
btc_usd_d10_20260825T054358Z,15,2026-08-25T05:58:58.255717Z,2026-08-25T05:58:58.255857Z,BTC-USD,10,ok,,134913922835,2026-08-25T05:58:55.668754556Z,1.27503935,1.45537597,-0.066047322061,80720.059999999998,80720.070000000007,80720.065000000002,0.010000000009,0.00123884935,"[{""price"":80720.06,""size"":0.10139877,""num_orders"":4},{""price"":80719.27,""size"":0.09960446,""num_orders"":2},{""price"":80718.44,""size"":0.02477748,""num_orders"":2},{""price"":80718.04,""size"":0.00396431,""num_orders"":1},{""price"":80717.68,""size"":0.024,""num_orders"":1},{""price"":80715.31,""size"":0.00495539,""num_orders"":1},{""price"":80710.51,""size"":0.00619048,""num_orders"":1},{""price"":80710.5,""size"":1.0,""num_orders"":1},{""price"":80709.81,""size"":0.01001901,""num_orders"":2},{""price"":80709.12,""size"":0.00012945,""num_orders"":1}]","[{""price"":80720.07,""size"":0.22818357,""num_orders"":4},{""price"":80720.08,""size"":1.4e-05,""num_orders"":1},{""price"":80721.69,""size"":0.02477648,""num_orders"":2},{""price"":80722.93,""size"":0.00252625,""num_orders"":1},{""price"":80722.94,""size"":0.03,""num_orders"":1},{""price"":80722.96,""size"":0.03,""num_orders"":1},{""price"":80723.25,""size"":0.14865631,""num_orders"":1},{""price"":80723.79,""size"":0.49560268,""num_orders"":1},{""price"":80724.84,""size"":1.4e-05,""num_orders"":1},{""price"":80726.24,""size"":0.49560268,""num_orders"":1}]"
btc_usd_d10_20260825T054358Z,16,2026-08-25T05:59:58.255717Z,2026-08-25T05:59:58.255856Z,BTC-USD,10,ok,,134913969961,2026-08-25T05:59:57.682868094Z,1.7450991,1.32718651,0.136026607891,80701.020000000004,80701.029999999999,80701.024999999994,0.009999999995,0.001239141634,"[{""price"":80701.02,""size"":0.28984668,""num_orders"":9},{""price"":80701.0,""size"":0.03,""num_orders"":1},{""price"":80699.4,""size"":0.02478334,""num_orders"":2},{""price"":80699.19,""size"":0.0074347,""num_orders"":1},{""price"":80699.0,""size"":0.00396525,""num_orders"":1},{""price"":80697.01,""size"":0.00252622,""num_orders"":1},{""price"":80697.0,""size"":1.0,""num_orders"":1},{""price"":80696.28,""size"":0.00495656,""num_orders"":1},{""price"":80694.43,""size"":0.36592998,""num_orders"":1},{""price"":80693.4,""size"":0.01565637,""num_orders"":1}]","[{""price"":80701.03,""size"":0.14865626,""num_orders"":1},{""price"":80701.04,""size"":1.4e-05,""num_orders"":1},{""price"":80702.01,""size"":0.65748398,""num_orders"":3},{""price"":80702.64,""size"":0.00012945,""num_orders"":1},{""price"":80702.65,""size"":0.02478234,""num_orders"":2},{""price"":80703.36,""size"":0.00012945,""num_orders"":1},{""price"":80704.08,""size"":0.00012945,""num_orders"":1},{""price"":80704.8,""size"":0.00012945,""num_orders"":1},{""price"":80705.3,""size"":0.49560268,""num_orders"":1},{""price"":80705.52,""size"":0.00012945,""num_orders"":1}]"
btc_usd_d10_20260825T054358Z,17,2026-08-25T06:00:58.255717Z,2026-08-25T06:00:58.255862Z,BTC-USD,10,ok,,134914025543,2026-08-25T06:00:56.815888181Z,0.24925019,1.38725084,-0.695386455088,80681.990000000005,80682,80681.994999999995,0.009999999995,0.001239433903,"[{""price"":80681.99,""size"":0.12594722,""num_orders"":6},{""price"":80681.98,""size"":0.03,""num_orders"":1},{""price"":80681.96,""size"":0.03,""num_orders"":1},{""price"":80680.37,""size"":0.02478918,""num_orders"":2},{""price"":80679.97,""size"":0.00396618,""num_orders"":1},{""price"":80679.33,""size"":0.00275376,""num_orders"":1},{""price"":80678.45,""size"":0.00030987,""num_orders"":1},{""price"":80678.19,""size"":0.024,""num_orders"":1},{""price"":80677.25,""size"":0.00495773,""num_orders"":1},{""price"":80674.51,""size"":0.00252625,""num_orders"":1}]","[{""price"":80682.0,""size"":0.86606928,""num_orders"":6},{""price"":80682.48,""size"":0.00012945,""num_orders"":1},{""price"":80683.2,""size"":0.00012945,""num_orders"":1},{""price"":80683.62,""size"":0.02478818,""num_orders"":2},{""price"":80683.92,""size"":0.00012945,""num_orders"":1},{""price"":80684.64,""size"":0.00012945,""num_orders"":1},{""price"":80685.36,""size"":0.00012945,""num_orders"":1},{""price"":80686.08,""size"":0.00012945,""num_orders"":1},{""price"":80686.37,""size"":0.49560268,""num_orders"":1},{""price"":80686.76,""size"":1.4e-05,""num_orders"":1}]"
btc_usd_d10_20260825T054358Z,18,2026-08-25T06:01:58.255717Z,2026-08-25T06:01:58.255845Z,BTC-USD,10,ok,,134914068163,2026-08-25T06:01:55.585804486Z,1.25769397,2.03160374,-0.235281156718,80662.490000000005,80662.5,80662.494999999995,0.009999999995,0.001239733534,"[{""price"":80662.49,""size"":0.13879155,""num_orders"":6},{""price"":80662.48,""size"":0.03,""num_orders"":1},{""price"":80662.46,""size"":0.03,""num_orders"":1},{""price"":80661.23,""size"":0.00743712,""num_orders"":1},{""price"":80660.47,""size"":0.00396714,""num_orders"":1},{""price"":80658.2,""size"":1.298e-05,""num_orders"":1},{""price"":80657.75,""size"":0.00495893,""num_orders"":1},{""price"":80655.02,""size"":0.00252625,""num_orders"":1},{""price"":80655.01,""size"":0.04,""num_orders"":1},{""price"":80655.0,""size"":1.0,""num_orders"":1}]","[{""price"":80662.5,""size"":0.10074151,""num_orders"":4},{""price"":80664.77,""size"":0.00185903,""num_orders"":1},{""price"":80666.28,""size"":0.00542327,""num_orders"":1},{""price"":80667.92,""size"":0.49560268,""num_orders"":1},{""price"":80668.31,""size"":0.00055363,""num_orders"":1},{""price"":80670.34,""size"":0.49560268,""num_orders"":1},{""price"":80670.57,""size"":0.1096,""num_orders"":1},{""price"":80670.68,""size"":0.14865631,""num_orders"":1},{""price"":80670.69,""size"":0.66737075,""num_orders"":3},{""price"":80672.47,""size"":0.00619388,""num_orders"":1}]"
btc_usd_d10_20260825T054358Z,19,2026-08-25T06:02:58.255717Z,2026-08-25T06:02:58.255858Z,BTC-USD,10,ok,,134914128985,2026-08-25T06:02:57.129598204Z,2.26851908,1.10287708,0.345744595023,80702.240000000005,80702.25,80702.244999999995,0.009999999995,0.001239122901,"[{""price"":80702.24,""size"":0.63258167,""num_orders"":10},{""price"":80702.23,""size"":0.00252602,""num_orders"":1},{""price"":80702.22,""size"":0.03,""num_orders"":1},{""price"":80702.04,""size"":0.09962573,""num_orders"":2},{""price"":80700.62,""size"":0.02478296,""num_orders"":2},{""price"":80700.22,""size"":0.00396519,""num_orders"":1},{""price"":80698.81,""size"":0.024,""num_orders"":1},{""price"":80698.51,""size"":0.44608102,""num_orders"":1},{""price"":80698.5,""size"":1.0,""num_orders"":1},{""price"":80697.5,""size"":0.00495649,""num_orders"":1}]","[{""price"":80702.25,""size"":0.52384492,""num_orders"":2},{""price"":80703.87,""size"":0.02478196,""num_orders"":2},{""price"":80705.8,""size"":1.4e-05,""num_orders"":1},{""price"":80710.56,""size"":1.4e-05,""num_orders"":1},{""price"":80710.67,""size"":0.09266,""num_orders"":1},{""price"":80712.49,""size"":0.00619388,""num_orders"":1},{""price"":80712.5,""size"":0.44608102,""num_orders"":1},{""price"":80713.44,""size"":0.00012945,""num_orders"":1},{""price"":80714.16,""size"":0.00012945,""num_orders"":1},{""price"":80714.79,""size"":0.0090284,""num_orders"":1}]"
btc_usd_d10_20260825T054358Z,20,2026-08-25T06:03:58.255717Z,2026-08-25T06:03:58.255853Z,BTC-USD,10,ok,,134914182227,2026-08-25T06:03:55.845444695Z,1.29050929,1.72284568,-0.143473435524,80725.779999999999,80725.800000000003,80725.790000000008,0.020000000004,0.002477522983,"[{""price"":80725.78,""size"":0.03,""num_orders"":1},{""price"":80725.77,""size"":0.08,""num_orders"":2},{""price"":80724.15,""size"":0.02477574,""num_orders"":2},{""price"":80722.19,""size"":0.009807,""num_orders"":1},{""price"":80721.48,""size"":0.024,""num_orders"":1},{""price"":80720.71,""size"":0.1096,""num_orders"":1},{""price"":80719.5,""size"":1.0,""num_orders"":1},{""price"":80715.32,""size"":1.4e-05,""num_orders"":1},{""price"":80713.02,""size"":0.0061921,""num_orders"":1},{""price"":80713.01,""size"":0.00612045,""num_orders"":1}]","[{""price"":80725.8,""size"":0.03,""num_orders"":1},{""price"":80727.34,""size"":0.00119206,""num_orders"":1},{""price"":80727.35,""size"":0.00746511,""num_orders"":1},{""price"":80727.87,""size"":0.49435854,""num_orders"":1},{""price"":80729.41,""size"":0.00396399,""num_orders"":1},{""price"":80730.54,""size"":0.14865631,""num_orders"":1},{""price"":80730.55,""size"":0.0414094,""num_orders"":1},{""price"":80731.43,""size"":0.49542264,""num_orders"":1},{""price"":80732.14,""size"":0.00495499,""num_orders"":1},{""price"":80733.91,""size"":0.49542264,""num_orders"":1}]"
btc_usd_d10_20260825T054358Z,21,2026-08-25T06:04:58.255717Z,2026-08-25T06:04:58.255860Z,BTC-USD,10,ok,,134914233243,2026-08-25T06:04:57.673872760Z,1.37005963,1.92521541,-0.168470240954,80689.199999999997,80689.210000000006,80689.205000000002,0.010000000009,0.001239323155,"[{""price"":80689.2,""size"":0.20716703,""num_orders"":8},{""price"":80688.98,""size"":3.197e-05,""num_orders"":1},{""price"":80687.58,""size"":0.02478696,""num_orders"":2},{""price"":80687.18,""size"":0.00396583,""num_orders"":1},{""price"":80686.76,""size"":1.4e-05,""num_orders"":1},{""price"":80685.0,""size"":1.0,""num_orders"":1},{""price"":80684.46,""size"":0.00495729,""num_orders"":1},{""price"":80682.07,""size"":0.00619394,""num_orders"":1},{""price"":80682.06,""size"":0.00252583,""num_orders"":1},{""price"":80682.05,""size"":0.12041678,""num_orders"":2}]","[{""price"":80689.21,""size"":0.0039533,""num_orders"":1},{""price"":80689.23,""size"":0.00092949,""num_orders"":1},{""price"":80690.83,""size"":0.02478596,""num_orders"":2},{""price"":80691.23,""size"":0.00396583,""num_orders"":1},{""price"":80693.05,""size"":0.70712195,""num_orders"":1},{""price"":80693.06,""size"":0.49542264,""num_orders"":1},{""price"":80693.54,""size"":0.14865631,""num_orders"":1},{""price"":80693.55,""size"":0.04,""num_orders"":1},{""price"":80693.95,""size"":0.00495729,""num_orders"":1},{""price"":80695.62,""size"":0.49542264,""num_orders"":1}]"
btc_usd_d10_20260825T054358Z,22,2026-08-25T06:05:58.255717Z,2026-08-25T06:05:58.255844Z,BTC-USD,10,ok,,134914277792,2026-08-25T06:05:57.683742842Z,1.58609768,2.18835811,-0.159562189494,80639.160000000003,80639.169999999998,80639.165000000008,0.009999999995,0.001240092205,"[{""price"":80639.16,""size"":0.11728544,""num_orders"":6},{""price"":80638.5,""size"":1.0,""num_orders"":1},{""price"":80637.54,""size"":0.02480234,""num_orders"":2},{""price"":80635.93,""size"":0.024,""num_orders"":1},{""price"":80635.6,""size"":0.04,""num_orders"":1},{""price"":80634.4,""size"":1.382e-05,""num_orders"":1},{""price"":80632.63,""size"":0.00619394,""num_orders"":1},{""price"":80632.62,""size"":0.18689407,""num_orders"":1},{""price"":80631.41,""size"":0.18689407,""num_orders"":1},{""price"":80629.64,""size"":1.4e-05,""num_orders"":1}]","[{""price"":80639.17,""size"":0.08440422,""num_orders"":5},{""price"":80640.79,""size"":0.02480134,""num_orders"":2},{""price"":80641.19,""size"":0.00396829,""num_orders"":1},{""price"":80643.91,""size"":0.00496036,""num_orders"":1},{""price"":80644.01,""size"":0.0040649,""num_orders"":1},{""price"":80644.37,""size"":0.00252625,""num_orders"":1},{""price"":80644.38,""size"":0.49542264,""num_orders"":1},{""price"":80646.82,""size"":0.49542264,""num_orders"":1},{""price"":80648.91,""size"":0.093,""num_orders"":1},{""price"":80650.22,""size"":0.97978747,""num_orders"":2}]"
btc_usd_d10_20260825T054358Z,23,2026-08-25T06:06:58.255717Z,2026-08-25T06:06:58.255836Z,BTC-USD,10,ok,,134914328891,2026-08-25T06:06:56.557804428Z,2.50541487,2.39925667,0.021644303626,80729.589999999997,80729.600000000006,80729.595000000001,0.010000000009,0.001238703106,"[{""price"":80729.59,""size"":0.09913775,""num_orders"":2},{""price"":80729.58,""size"":0.03,""num_orders"":1},{""price"":80729.56,""size"":0.03,""num_orders"":1},{""price"":80728.25,""size"":0.00743236,""num_orders"":1},{""price"":80723.76,""size"":0.14865631,""num_orders"":1},{""price"":80723.71,""size"":0.39641981,""num_orders"":1},{""price"":80719.34,""size"":0.39641981,""num_orders"":1},{""price"":80716.91,""size"":0.39641981,""num_orders"":1},{""price"":80716.64,""size"":0.00092902,""num_orders"":1},{""price"":80716.5,""size"":1.0,""num_orders"":1}]","[{""price"":80729.6,""size"":0.15191828,""num_orders"":4},{""price"":80730.72,""size"":0.00012386,""num_orders"":1},{""price"":80734.33,""size"":0.00218528,""num_orders"":1},{""price"":80734.34,""size"":0.63630034,""num_orders"":1},{""price"":80734.35,""size"":0.39641981,""num_orders"":1},{""price"":80734.36,""size"":0.66683628,""num_orders"":4},{""price"":80735.04,""size"":0.00012945,""num_orders"":1},{""price"":80735.76,""size"":0.00012945,""num_orders"":1},{""price"":80736.48,""size"":0.00012945,""num_orders"":1},{""price"":80737.15,""size"":0.54508447,""num_orders"":1}]"
btc_usd_d10_20260825T054358Z,24,2026-08-25T06:07:58.255717Z,2026-08-25T06:07:58.255849Z,BTC-USD,10,ok,,134914369785,2026-08-25T06:07:56.087910524Z,0.37904482,2.02773043,-0.685018515958,80699.899999999994,80699.910000000003,80699.904999999999,0.010000000009,0.001239158833,"[{""price"":80699.9,""size"":0.11122037,""num_orders"":4},{""price"":80697.88,""size"":0.0039653,""num_orders"":1},{""price"":80695.16,""size"":0.00495663,""num_orders"":1},{""price"":80694.78,""size"":4.112e-05,""num_orders"":1},{""price"":80693.34,""size"":0.14865631,""num_orders"":1},{""price"":80691.52,""size"":1.4e-05,""num_orders"":1},{""price"":80689.46,""size"":0.024,""num_orders"":1},{""price"":80688.3,""size"":0.04,""num_orders"":1},{""price"":80687.81,""size"":0.00619109,""num_orders"":1},{""price"":80687.8,""size"":0.04,""num_orders"":1}]","[{""price"":80699.91,""size"":0.07951998,""num_orders"":4},{""price"":80701.39,""size"":0.49570733,""num_orders"":1},{""price"":80703.88,""size"":0.00199746,""num_orders"":1},{""price"":80703.9,""size"":0.49570733,""num_orders"":1},{""price"":80703.91,""size"":0.14714778,""num_orders"":1},{""price"":80707.01,""size"":0.30187232,""num_orders"":1},{""price"":80707.02,""size"":0.49570733,""num_orders"":1},{""price"":80707.21,""size"":0.009812,""num_orders"":1},{""price"":80708.4,""size"":0.00012945,""num_orders"":1},{""price"":80709.12,""size"":0.00012945,""num_orders"":1}]"
btc_usd_d10_20260825T054358Z,25,2026-08-25T06:08:58.255717Z,2026-08-25T06:08:58.255844Z,BTC-USD,10,ok,,134914409325,2026-08-25T06:08:55.631508322Z,1.678187,1.442418,0.075552336806,80701.75,80701.759999999995,80701.755000000005,0.009999999995,0.001239130425,"[{""price"":80701.75,""size"":0.10359057,""num_orders"":3},{""price"":80701.74,""size"":0.03,""num_orders"":1},{""price"":80701.72,""size"":0.03,""num_orders"":1},{""price"":80701.34,""size"":0.00743483,""num_orders"":1},{""price"":80699.73,""size"":0.00396521,""num_orders"":1},{""price"":80697.01,""size"":0.00495652,""num_orders"":1},{""price"":80695.51,""size"":0.00252625,""num_orders"":1},{""price"":80695.41,""size"":0.24785681,""num_orders"":1},{""price"":80694.19,""size"":0.24785681,""num_orders"":1},{""price"":80694.0,""size"":1.0,""num_orders"":1}]","[{""price"":80701.76,""size"":0.18265645,""num_orders"":4},{""price"":80705.77,""size"":0.14865631,""num_orders"":1},{""price"":80705.79,""size"":0.00981191,""num_orders"":1},{""price"":80705.8,""size"":1.398e-05,""num_orders"":1},{""price"":80706.17,""size"":0.49570733,""num_orders"":1},{""price"":80706.42,""size"":0.00012389,""num_orders"":1},{""price"":80708.43,""size"":0.0001268,""num_orders"":1},{""price"":80708.79,""size"":0.49570733,""num_orders"":1},{""price"":80710.15,""size"":0.1096,""num_orders"":1},{""price"":80710.56,""size"":1.4e-05,""num_orders"":1}]"
btc_usd_d10_20260825T054358Z,26,2026-08-25T06:09:58.255717Z,2026-08-25T06:09:58.255823Z,BTC-USD,10,ok,,134914451668,2026-08-25T06:09:57.546547771Z,0.22829356,1.55411545,-0.743837066892,80744.789999999994,80744.800000000003,80744.794999999998,0.010000000009,0.001238469924,"[{""price"":80744.79,""size"":0.04396263,""num_orders"":2},{""price"":80744.78,""size"":0.03,""num_orders"":1},{""price"":80744.76,""size"":0.03,""num_orders"":1},{""price"":80744.03,""size"":0.09907852,""num_orders"":1},{""price"":80743.49,""size"":0.00049539,""num_orders"":1},{""price"":80743.26,""size"":0.00092885,""num_orders"":1},{""price"":80743.17,""size"":0.01238495,""num_orders"":1},{""price"":80742.77,""size"":0.0039631,""num_orders"":1},{""price"":80740.04,""size"":0.00495387,""num_orders"":1},{""price"":80739.56,""size"":0.00252625,""num_orders"":1}]","[{""price"":80744.8,""size"":0.08248463,""num_orders"":4},{""price"":80745.78,""size"":0.000114,""num_orders"":1},{""price"":80746.42,""size"":0.01238445,""num_orders"":1},{""price"":80748.64,""size"":1.4e-05,""num_orders"":1},{""price"":80750.03,""size"":0.00083448,""num_orders"":1},{""price"":80750.04,""size"":0.80599168,""num_orders"":1},{""price"":80750.05,""size"":0.49570733,""num_orders"":1},{""price"":80751.0,""size"":0.00743323,""num_orders"":1},{""price"":80751.15,""size"":0.14865631,""num_orders"":1},{""price"":80751.55,""size"":0.00049534,""num_orders"":1}]"
btc_usd_d10_20260825T054358Z,27,2026-08-25T06:10:58.255717Z,2026-08-25T06:10:58.255848Z,BTC-USD,10,ok,,134914495541,2026-08-25T06:10:56.309003021Z,0.89175027,1.6633913,-0.30199541155,80706.330000000002,80706.339999999997,80706.334999999992,0.009999999995,0.001239060105,"[{""price"":80706.33,""size"":0.39599516,""num_orders"":5},{""price"":80704.71,""size"":0.0247817,""num_orders"":2},{""price"":80704.31,""size"":0.46524047,""num_orders"":4},{""price"":80704.08,""size"":0.00012945,""num_orders"":1},{""price"":80703.36,""size"":0.00012945,""num_orders"":1},{""price"":80702.64,""size"":0.00012945,""num_orders"":1},{""price"":80701.92,""size"":0.00012945,""num_orders"":1},{""price"":80701.59,""size"":0.00495624,""num_orders"":1},{""price"":80701.2,""size"":0.00012945,""num_orders"":1},{""price"":80700.48,""size"":0.00012945,""num_orders"":1}]","[{""price"":80706.34,""size"":0.28478602,""num_orders"":9},{""price"":80707.95,""size"":0.01875913,""num_orders"":2},{""price"":80707.96,""size"":0.0247807,""num_orders"":2},{""price"":80709.01,""size"":0.00215815,""num_orders"":1},{""price"":80709.02,""size"":0.68358355,""num_orders"":1},{""price"":80709.03,""size"":0.49570733,""num_orders"":1},{""price"":80709.05,""size"":0.14865631,""num_orders"":1},{""price"":80710.67,""size"":0.00495631,""num_orders"":1},{""price"":80711.0,""size"":3.1e-07,""num_orders"":1},{""price"":80711.47,""size"":3.49e-06,""num_orders"":1}]"
btc_usd_d10_20260825T054358Z,28,2026-08-25T06:11:58.255717Z,2026-08-25T06:11:58.255872Z,BTC-USD,10,ok,,134914541411,2026-08-25T06:11:57.845450261Z,0.15396599,0.7492624,-0.659076283021,80703.039999999994,80703.050000000003,80703.044999999998,0.010000000009,0.00123911062,"[{""price"":80703.04,""size"":0.02878303,""num_orders"":2},{""price"":80701.76,""size"":0.00012601,""num_orders"":1},{""price"":80701.42,""size"":0.02478272,""num_orders"":2},{""price"":80701.2,""size"":0.00012945,""num_orders"":1},{""price"":80701.02,""size"":0.09913133,""num_orders"":1},{""price"":80701.01,""size"":0.00049565,""num_orders"":1},{""price"":80700.48,""size"":0.00012945,""num_orders"":1},{""price"":80699.76,""size"":0.00012945,""num_orders"":1},{""price"":80699.04,""size"":0.00012945,""num_orders"":1},{""price"":80698.32,""size"":0.00012945,""num_orders"":1}]","[{""price"":80703.05,""size"":0.58954136,""num_orders"":11},{""price"":80703.06,""size"":0.03,""num_orders"":1},{""price"":80703.07,""size"":0.06077583,""num_orders"":2},{""price"":80703.08,""size"":0.03,""num_orders"":1},{""price"":80703.36,""size"":0.00012945,""num_orders"":1},{""price"":80704.08,""size"":0.00012945,""num_orders"":1},{""price"":80704.67,""size"":0.02478172,""num_orders"":2},{""price"":80704.8,""size"":0.00012945,""num_orders"":1},{""price"":80705.05,""size"":0.00980999,""num_orders"":1},{""price"":80705.07,""size"":0.00396515,""num_orders"":1}]"
btc_usd_d10_20260825T054358Z,29,2026-08-25T06:12:58.255717Z,2026-08-25T06:12:58.255866Z,BTC-USD,10,ok,,134914574383,2026-08-25T06:12:56.674936191Z,0.95624825,1.65119914,-0.266525373691,80724.830000000002,80724.839999999997,80724.834999999992,0.009999999995,0.001238776146,"[{""price"":80724.83,""size"":0.2207085,""num_orders"":7},{""price"":80724.82,""size"":0.03,""num_orders"":1},{""price"":80724.8,""size"":0.03,""num_orders"":1},{""price"":80724.48,""size"":0.09910252,""num_orders"":1},{""price"":80724.47,""size"":0.00049551,""num_orders"":1},{""price"":80723.21,""size"":0.02477602,""num_orders"":2},{""price"":80722.81,""size"":0.00396408,""num_orders"":1},{""price"":80721.55,""size"":0.49570733,""num_orders"":1},{""price"":80720.98,""size"":0.00751922,""num_orders"":2},{""price"":80720.32,""size"":0.04397507,""num_orders"":1}]","[{""price"":80724.84,""size"":0.0104379,""num_orders"":4},{""price"":80726.45,""size"":0.01479069,""num_orders"":1},{""price"":80726.46,""size"":0.02477502,""num_orders"":2},{""price"":80729.6,""size"":1.4e-05,""num_orders"":1},{""price"":80733.08,""size"":0.00743409,""num_orders"":1},{""price"":80734.36,""size"":1.387e-05,""num_orders"":1},{""price"":80735.89,""size"":0.94924048,""num_orders"":2},{""price"":80735.9,""size"":0.49570733,""num_orders"":1},{""price"":80735.92,""size"":0.14865631,""num_orders"":1},{""price"":80736.48,""size"":0.00012945,""num_orders"":1}]"
btc_usd_d10_20260825T054358Z,30,2026-08-25T06:13:58.255717Z,2026-08-25T06:13:58.255856Z,BTC-USD,10,ok,,134914599594,2026-08-25T06:13:55.541003422Z,1.17594451,1.30675157,-0.052687504143,80723.5,80723.509999999995,80723.505000000005,0.009999999995,0.001238796556,"[{""price"":80723.5,""size"":0.3095906,""num_orders"":10},{""price"":80723.32,""size"":0.00743338,""num_orders"":1},{""price"":80721.88,""size"":0.02477642,""num_orders"":2},{""price"":80721.37,""size"":0.00396413,""num_orders"":1},{""price"":80720.1,""size"":0.16413447,""num_orders"":1},{""price"":80720.0,""size"":0.16512414,""num_orders"":1},{""price"":80719.37,""size"":0.00495514,""num_orders"":1},{""price"":80717.76,""size"":0.00012945,""num_orders"":1},{""price"":80717.18,""size"":0.49570733,""num_orders"":1},{""price"":80717.04,""size"":0.00012945,""num_orders"":1}]","[{""price"":80723.51,""size"":0.01017349,""num_orders"":3},{""price"":80725.13,""size"":0.02477544,""num_orders"":2},{""price"":80725.45,""size"":0.00175679,""num_orders"":1},{""price"":80729.6,""size"":1.4e-05,""num_orders"":1},{""price"":80731.44,""size"":0.66433617,""num_orders"":1},{""price"":80731.45,""size"":0.49570733,""num_orders"":1},{""price"":80731.59,""size"":0.1096,""num_orders"":1},{""price"":80732.16,""size"":0.00012945,""num_orders"":1},{""price"":80732.88,""size"":0.00012945,""num_orders"":1},{""price"":80733.6,""size"":0.00012945,""num_orders"":1}]"
btc_usd_d10_20260825T054358Z,31,2026-08-25T06:14:58.255717Z,2026-08-25T06:14:58.255858Z,BTC-USD,10,ok,,134914649318,2026-08-25T06:14:57.037838271Z,0.2896882,2.07871998,-0.755373079314,80839.070000000007,80839.080000000002,80839.075000000012,0.009999999995,0.001237025534,"[{""price"":80839.07,""size"":0.10900329,""num_orders"":4},{""price"":80839.06,""size"":0.03,""num_orders"":1},{""price"":80839.04,""size"":0.03,""num_orders"":1},{""price"":80837.05,""size"":0.00395848,""num_orders"":1},{""price"":80835.0,""size"":0.00742834,""num_orders"":1},{""price"":80834.32,""size"":0.0049481,""num_orders"":1},{""price"":80834.04,""size"":0.0989682,""num_orders"":1},{""price"":80834.03,""size"":0.00049484,""num_orders"":1},{""price"":80832.9,""size"":0.00304838,""num_orders"":1},{""price"":80831.27,""size"":0.00183857,""num_orders"":1}]","[{""price"":80839.08,""size"":0.02640257,""num_orders"":3},{""price"":80843.84,""size"":1.4e-05,""num_orders"":1},{""price"":80844.0,""size"":6.1e-07,""num_orders"":1},{""price"":80844.87,""size"":0.9539679,""num_orders"":2},{""price"":80844.88,""size"":0.49570733,""num_orders"":1},{""price"":80846.07,""size"":0.09895348,""num_orders"":1},{""price"":80846.08,""size"":0.00049476,""num_orders"":1},{""price"":80847.11,""size"":0.00742834,""num_orders"":1},{""price"":80847.58,""size"":4.366e-05,""num_orders"":1},{""price"":80847.63,""size"":0.49570733,""num_orders"":1}]"
btc_usd_d10_20260825T054358Z,32,2026-08-25T06:15:58.255717Z,2026-08-25T06:15:58.255853Z,BTC-USD,10,ok,,134914704295,2026-08-25T06:15:56.597895614Z,1.40413479,1.55020388,-0.049442229316,80762.899999999994,80762.910000000003,80762.904999999999,0.010000000009,0.001238192213,"[{""price"":80762.9,""size"":0.12582294,""num_orders"":7},{""price"":80762.88,""size"":0.03,""num_orders"":1},{""price"":80761.22,""size"":0.09955271,""num_orders"":2},{""price"":80760.88,""size"":0.00396221,""num_orders"":1},{""price"":80758.15,""size"":0.00507658,""num_orders"":2},{""price"":80757.43,""size"":0.49570733,""num_orders"":1},{""price"":80756.42,""size"":0.00743037,""num_orders"":1},{""price"":80755.34,""size"":0.04287532,""num_orders"":1},{""price"":80755.32,""size"":0.098,""num_orders"":1},{""price"":80754.89,""size"":0.49570733,""num_orders"":1}]","[{""price"":80762.91,""size"":0.00251384,""num_orders"":1},{""price"":80762.92,""size"":4.34e-06,""num_orders"":1},{""price"":80766.38,""size"":0.38457658,""num_orders"":1},{""price"":80766.39,""size"":0.49570733,""num_orders"":1},{""price"":80766.41,""size"":0.14846055,""num_orders"":1},{""price"":80767.68,""size"":0.41162091,""num_orders"":2},{""price"":80767.69,""size"":0.00034699,""num_orders"":2},{""price"":80768.53,""size"":0.00743037,""num_orders"":1},{""price"":80769.13,""size"":0.09904774,""num_orders"":1},{""price"":80769.14,""size"":0.00049523,""num_orders"":1}]"
btc_usd_d10_20260825T054358Z,33,2026-08-25T06:16:58.255717Z,2026-08-25T06:16:58.255855Z,BTC-USD,10,ok,,134914751955,2026-08-25T06:16:55.541471205Z,0.71270284,1.59852504,-0.383269087252,80772.720000000001,80772.729999999996,80772.725000000006,0.009999999995,0.001238041677,"[{""price"":80772.72,""size"":0.03001656,""num_orders"":2},{""price"":80772.7,""size"":0.03,""num_orders"":1},{""price"":80771.1,""size"":0.02476134,""num_orders"":2},{""price"":80770.31,""size"":0.00016577,""num_orders"":2},{""price"":80769.11,""size"":0.024,""num_orders"":1},{""price"":80767.68,""size"":1.4e-05,""num_orders"":1},{""price"":80766.95,""size"":0.00230258,""num_orders"":1},{""price"":80766.94,""size"":0.49570733,""num_orders"":1},{""price"":80766.91,""size"":0.0995457,""num_orders"":2},{""price"":80766.35,""size"":0.00618956,""num_orders"":1}]","[{""price"":80772.73,""size"":0.2956598,""num_orders"":3},{""price"":80773.97,""size"":0.07063243,""num_orders"":1},{""price"":80773.98,""size"":0.09953699,""num_orders"":2},{""price"":80774.35,""size"":0.02476034,""num_orders"":2},{""price"":80774.75,""size"":0.00396173,""num_orders"":1},{""price"":80775.41,""size"":0.00023822,""num_orders"":1},{""price"":80775.81,""size"":0.00742878,""num_orders"":1},{""price"":80777.48,""size"":0.00495216,""num_orders"":1},{""price"":80779.88,""size"":0.59564726,""num_orders"":1},{""price"":80779.89,""size"":0.49570733,""num_orders"":1}]"
btc_usd_d10_20260825T054358Z,34,2026-08-25T06:17:58.255717Z,2026-08-25T06:17:58.255870Z,BTC-USD,10,ok,,134914807549,2026-08-25T06:17:57.183840361Z,0.18226023,1.72282019,-0.808658754679,80810.509999999995,80810.520000000004,80810.514999999999,0.010000000009,0.001237462725,"[{""price"":80810.51,""size"":0.01528121,""num_orders"":4},{""price"":80810.37,""size"":0.09949217,""num_orders"":2},{""price"":80809.59,""size"":0.00092809,""num_orders"":1},{""price"":80808.74,""size"":0.0247498,""num_orders"":2},{""price"":80808.34,""size"":0.00395988,""num_orders"":1},{""price"":80808.07,""size"":0.024,""num_orders"":1},{""price"":80804.62,""size"":0.00618522,""num_orders"":1},{""price"":80804.61,""size"":0.00494992,""num_orders"":1},{""price"":80803.76,""size"":0.00258449,""num_orders"":1},{""price"":80802.72,""size"":0.00012945,""num_orders"":1}]","[{""price"":80810.52,""size"":0.10391644,""num_orders"":6},{""price"":80811.99,""size"":0.0247488,""num_orders"":2},{""price"":80812.54,""size"":0.00395988,""num_orders"":1},{""price"":80814.24,""size"":0.00067055,""num_orders"":1},{""price"":80814.32,""size"":0.0012631,""num_orders"":1},{""price"":80815.27,""size"":0.00494985,""num_orders"":1},{""price"":80816.75,""size"":0.59188291,""num_orders"":1},{""price"":80816.76,""size"":0.49570733,""num_orders"":1},{""price"":80819.26,""size"":0.49570733,""num_orders"":1},{""price"":80820.04,""size"":1.4e-05,""num_orders"":1}]"
btc_usd_d10_20260825T054358Z,35,2026-08-25T06:18:58.255717Z,2026-08-25T06:18:58.255869Z,BTC-USD,10,ok,,134914861366,2026-08-25T06:18:56.345446384Z,0.3965086,1.60652749,-0.604092405544,80786.729999999996,80786.740000000005,80786.735000000001,0.010000000009,0.001237826979,"[{""price"":80786.73,""size"":0.00126353,""num_orders"":1},{""price"":80786.72,""size"":3.64e-05,""num_orders"":2},{""price"":80785.61,""size"":0.09902753,""num_orders"":1},{""price"":80785.6,""size"":0.00049513,""num_orders"":1},{""price"":80783.5,""size"":0.024,""num_orders"":1},{""price"":80783.2,""size"":0.00742624,""num_orders"":1},{""price"":80782.42,""size"":0.14846055,""num_orders"":1},{""price"":80781.96,""size"":1.4e-05,""num_orders"":1},{""price"":80779.6,""size"":0.1096,""num_orders"":1},{""price"":80778.97,""size"":0.00618522,""num_orders"":1}]","[{""price"":80786.74,""size"":0.07137564,""num_orders"":3},{""price"":80786.76,""size"":0.03,""num_orders"":1},{""price"":80788.17,""size"":0.56266478,""num_orders"":1},{""price"":80788.18,""size"":0.44551277,""num_orders"":1},{""price"":80788.19,""size"":0.03182082,""num_orders"":1},{""price"":80788.35,""size"":0.00092837,""num_orders"":1},{""price"":80788.76,""size"":0.00396104,""num_orders"":1},{""price"":80790.23,""size"":0.0098,""num_orders"":1},{""price"":80791.01,""size"":0.44551277,""num_orders"":1},{""price"":80791.49,""size"":0.0049513,""num_orders"":1}]"
btc_usd_d10_20260825T054358Z,36,2026-08-25T06:19:58.255717Z,2026-08-25T06:19:58.255859Z,BTC-USD,10,ok,,134914899197,2026-08-25T06:19:57.597701549Z,2.8275526,1.59776859,0.277897119147,80791.350000000006,80791.360000000001,80791.35500000001,0.009999999995,0.001237756192,"[{""price"":80791.35,""size"":1.49735484,""num_orders"":10},{""price"":80791.34,""size"":0.03,""num_orders"":1},{""price"":80791.32,""size"":0.03,""num_orders"":1},{""price"":80790.03,""size"":0.00252625,""num_orders"":1},{""price"":80790.02,""size"":0.47483285,""num_orders"":1},{""price"":80790.01,""size"":0.44551277,""num_orders"":1},{""price"":80789.33,""size"":0.00396081,""num_orders"":1},{""price"":80789.11,""size"":0.14846055,""num_orders"":1},{""price"":80789.09,""size"":0.15015143,""num_orders"":1},{""price"":80789.07,""size"":0.0447531,""num_orders"":1}]","[{""price"":80791.36,""size"":0.00073806,""num_orders"":2},{""price"":80791.48,""size"":1.4e-05,""num_orders"":1},{""price"":80796.24,""size"":1.4e-05,""num_orders"":1},{""price"":80800.96,""size"":0.68718598,""num_orders"":2},{""price"":80800.97,""size"":0.44551277,""num_orders"":1},{""price"":80801.0,""size"":1.4e-05,""num_orders"":1},{""price"":80802.89,""size"":0.00154612,""num_orders"":1},{""price"":80803.44,""size"":0.44551277,""num_orders"":1},{""price"":80803.56,""size"":0.009802,""num_orders"":1},{""price"":80805.55,""size"":0.00742889,""num_orders"":1}]"
btc_usd_d10_20260825T054358Z,37,2026-08-25T06:20:58.255717Z,2026-08-25T06:20:58.255887Z,BTC-USD,10,ok,,134914941110,2026-08-25T06:20:57.012085768Z,0.66420173,2.19010675,-0.534597094425,80777.199999999997,80777.210000000006,80777.205000000002,0.010000000009,0.001237973016,"[{""price"":80777.2,""size"":0.03011808,""num_orders"":4},{""price"":80777.18,""size"":0.03,""num_orders"":1},{""price"":80776.72,""size"":0.09953362,""num_orders"":2},{""price"":80775.58,""size"":0.02475996,""num_orders"":2},{""price"":80774.42,""size"":0.024,""num_orders"":1},{""price"":80773.85,""size"":0.00742799,""num_orders"":1},{""price"":80772.44,""size"":1.4e-05,""num_orders"":1},{""price"":80770.13,""size"":0.00175199,""num_orders"":1},{""price"":80770.12,""size"":0.44551277,""num_orders"":1},{""price"":80770.1,""size"":0.00108332,""num_orders"":1}]","[{""price"":80777.21,""size"":0.42418958,""num_orders"":5},{""price"":80778.8,""size"":0.01770042,""num_orders"":1},{""price"":80778.83,""size"":0.02475896,""num_orders"":2},{""price"":80779.23,""size"":0.00396151,""num_orders"":1},{""price"":80781.25,""size"":0.59431523,""num_orders"":1},{""price"":80781.26,""size"":0.44551277,""num_orders"":1},{""price"":80781.96,""size"":0.00495189,""num_orders"":1},{""price"":80783.35,""size"":0.09952546,""num_orders"":2},{""price"":80783.74,""size"":0.44551277,""num_orders"":1},{""price"":80783.86,""size"":0.12967816,""num_orders"":2}]"
btc_usd_d10_20260825T054358Z,38,2026-08-25T06:21:58.255717Z,2026-08-25T06:21:58.255876Z,BTC-USD,10,ok,,134914971617,2026-08-25T06:21:56.189811111Z,0.34613869,0.81479085,-0.403686997232,80782.710000000006,80782.720000000001,80782.714999999997,0.009999999995,0.001237888575,"[{""price"":80782.71,""size"":0.08022179,""num_orders"":4},{""price"":80781.09,""size"":0.02475826,""num_orders"":2},{""price"":80780.69,""size"":0.00396124,""num_orders"":1},{""price"":80779.52,""size"":0.00252625,""num_orders"":1},{""price"":80779.51,""size"":0.14846055,""num_orders"":1},{""price"":80779.12,""size"":0.024,""num_orders"":1},{""price"":80778.96,""size"":0.00012945,""num_orders"":1},{""price"":80778.24,""size"":0.00012945,""num_orders"":1},{""price"":80777.99,""size"":0.05700015,""num_orders"":1},{""price"":80777.96,""size"":0.00495155,""num_orders"":1}]","[{""price"":80782.72,""size"":0.07184124,""num_orders"":3},{""price"":80784.34,""size"":0.02475728,""num_orders"":2},{""price"":80784.74,""size"":0.00396124,""num_orders"":1},{""price"":80785.58,""size"":0.09902758,""num_orders"":1},{""price"":80785.59,""size"":0.00049513,""num_orders"":1},{""price"":80786.07,""size"":0.02062174,""num_orders"":4},{""price"":80786.08,""size"":9.932e-05,""num_orders"":2},{""price"":80786.72,""size"":1.4e-05,""num_orders"":1},{""price"":80787.07,""size"":0.14846055,""num_orders"":1},{""price"":80787.08,""size"":0.44551277,""num_orders"":1}]"
btc_usd_d10_20260825T054358Z,39,2026-08-25T06:22:58.255717Z,2026-08-25T06:22:58.255855Z,BTC-USD,10,ok,,134915011848,2026-08-25T06:22:57.319586109Z,0.82252718,0.61031203,0.148108139782,80803.460000000006,80803.470000000001,80803.464999999997,0.009999999995,0.00123757069,"[{""price"":80803.46,""size"":0.03395989,""num_orders"":2},{""price"":80803.44,""size"":0.03,""num_orders"":1},{""price"":80801.84,""size"":0.02475192,""num_orders"":2},{""price"":80801.46,""size"":0.00742677,""num_orders"":1},{""price"":80801.44,""size"":0.00396022,""num_orders"":1},{""price"":80800.86,""size"":0.14846055,""num_orders"":1},{""price"":80800.12,""size"":0.09950478,""num_orders"":2},{""price"":80799.59,""size"":0.024,""num_orders"":1},{""price"":80798.71,""size"":0.00495028,""num_orders"":1},{""price"":80797.96,""size"":0.44551277,""num_orders"":1}]","[{""price"":80803.47,""size"":0.04456242,""num_orders"":2},{""price"":80804.11,""size"":0.00011589,""num_orders"":1},{""price"":80804.75,""size"":0.03335333,""num_orders"":1},{""price"":80805.02,""size"":0.00053425,""num_orders"":1},{""price"":80805.09,""size"":0.02475092,""num_orders"":2},{""price"":80805.76,""size"":1.4e-05,""num_orders"":1},{""price"":80805.77,""size"":0.01903132,""num_orders"":1},{""price"":80807.63,""size"":0.00243713,""num_orders"":1},{""price"":80807.64,""size"":0.04,""num_orders"":1},{""price"":80807.65,""size"":0.44551277,""num_orders"":1}]"
btc_usd_d10_20260825T054358Z,40,2026-08-25T06:23:58.255717Z,2026-08-25T06:23:58.255849Z,BTC-USD,10,ok,,134915061590,2026-08-25T06:23:57.045426957Z,0.63157962,0.65565864,-0.01870595425,80829.559999999998,80830.080000000002,80829.820000000007,0.520000000004,0.064332693059,"[{""price"":80829.56,""size"":3.136e-05,""num_orders"":2},{""price"":80829.01,""size"":0.09946923,""num_orders"":2},{""price"":80828.13,""size"":0.024,""num_orders"":1},{""price"":80824.8,""size"":1.4e-05,""num_orders"":1},{""price"":80822.24,""size"":0.00619113,""num_orders"":1},{""price"":80822.23,""size"":0.00592,""num_orders"":1},{""price"":80822.16,""size"":0.04,""num_orders"":1},{""price"":80822.15,""size"":0.34622445,""num_orders"":1},{""price"":80821.47,""size"":0.1096,""num_orders"":1},{""price"":80821.44,""size"":0.00012945,""num_orders"":1}]","[{""price"":80830.08,""size"":0.08126298,""num_orders"":3},{""price"":80830.09,""size"":0.01777884,""num_orders"":1},{""price"":80832.15,""size"":0.00395893,""num_orders"":1},{""price"":80833.21,""size"":0.00023149,""num_orders"":2},{""price"":80834.32,""size"":0.0420709,""num_orders"":1},{""price"":80834.33,""size"":0.14846055,""num_orders"":1},{""price"":80835.77,""size"":0.009794,""num_orders"":1},{""price"":80835.87,""size"":0.34622445,""num_orders"":1},{""price"":80835.91,""size"":0.00494863,""num_orders"":1},{""price"":80837.45,""size"":0.00092787,""num_orders"":1}]"
btc_usd_d10_20260825T054358Z,41,2026-08-25T06:24:58.255717Z,2026-08-25T06:24:58.255872Z,BTC-USD,10,ok,,134915109293,2026-08-25T06:24:55.627344620Z,0.24731304,2.6628081,-0.830032477617,80758.149999999994,80758.160000000003,80758.154999999999,0.010000000009,0.001238265041,"[{""price"":80758.15,""size"":0.00408693,""num_orders"":2},{""price"":80758.14,""size"":0.03,""num_orders"":1},{""price"":80758.12,""size"":0.03,""num_orders"":1},{""price"":80756.13,""size"":0.00396244,""num_orders"":1},{""price"":80755.74,""size"":0.01477937,""num_orders"":1},{""price"":80753.4,""size"":0.00495306,""num_orders"":1},{""price"":80753.31,""size"":0.09956247,""num_orders"":2},{""price"":80751.47,""size"":0.024,""num_orders"":1},{""price"":80751.3,""size"":0.03592802,""num_orders"":1},{""price"":80748.56,""size"":4.075e-05,""num_orders"":1}]","[{""price"":80758.16,""size"":0.89645477,""num_orders"":9},{""price"":80758.17,""size"":0.00057871,""num_orders"":2},{""price"":80760.58,""size"":0.41340035,""num_orders"":1},{""price"":80760.59,""size"":0.34622445,""num_orders"":1},{""price"":80762.0,""size"":0.09955177,""num_orders"":2},{""price"":80762.92,""size"":1.4e-05,""num_orders"":1},{""price"":80763.07,""size"":0.34622445,""num_orders"":1},{""price"":80765.49,""size"":0.20670435,""num_orders"":1},{""price"":80765.5,""size"":0.34622445,""num_orders"":1},{""price"":80766.01,""size"":0.0074308,""num_orders"":1}]"
btc_usd_d10_20260825T054358Z,42,2026-08-25T06:25:58.255717Z,2026-08-25T06:25:58.255847Z,BTC-USD,10,ok,,134915153114,2026-08-25T06:25:57.631386750Z,0.20279052,1.67400001,-0.783896479912,80730.240000000005,80730.25,80730.244999999995,0.009999999995,0.001238693131,"[{""price"":80730.24,""size"":0.02988534,""num_orders"":1},{""price"":80730.22,""size"":0.03,""num_orders"":1},{""price"":80729.95,""size"":0.00253654,""num_orders"":1},{""price"":80728.62,""size"":0.02477436,""num_orders"":2},{""price"":80726.57,""size"":0.00131755,""num_orders"":1},{""price"":80726.56,""size"":0.05789482,""num_orders"":1},{""price"":80726.4,""size"":0.00012945,""num_orders"":1},{""price"":80726.07,""size"":0.05599985,""num_orders"":1},{""price"":80725.68,""size"":0.00012945,""num_orders"":1},{""price"":80725.64,""size"":0.00012316,""num_orders"":1}]","[{""price"":80730.25,""size"":0.83550169,""num_orders"":8},{""price"":80731.19,""size"":0.35394895,""num_orders"":5},{""price"":80731.87,""size"":0.01238668,""num_orders"":1},{""price"":80731.96,""size"":0.00863947,""num_orders"":1},{""price"":80732.27,""size"":0.00396381,""num_orders"":1},{""price"":80733.0,""size"":0.00049546,""num_orders"":1},{""price"":80733.01,""size"":0.09909206,""num_orders"":1},{""price"":80734.88,""size"":0.00879267,""num_orders"":1},{""price"":80735.0,""size"":0.00495477,""num_orders"":1},{""price"":80735.25,""size"":0.34622445,""num_orders"":1}]"
btc_usd_d10_20260825T054358Z,43,2026-08-25T06:26:58.255717Z,2026-08-25T06:26:58.255850Z,BTC-USD,10,ok,,134915208128,2026-08-25T06:26:56.612832586Z,0.57979819,1.21169433,-0.352720501451,80843.830000000002,80843.839999999997,80843.834999999992,0.009999999995,0.0012369527,"[{""price"":80843.83,""size"":0.01400017,""num_orders"":3},{""price"":80843.82,""size"":0.03,""num_orders"":1},{""price"":80843.8,""size"":0.03,""num_orders"":1},{""price"":80843.12,""size"":0.00742295,""num_orders"":1},{""price"":80842.35,""size"":0.00049479,""num_orders"":1},{""price"":80842.34,""size"":0.09895803,""num_orders"":1},{""price"":80842.21,""size"":0.02473956,""num_orders"":2},{""price"":80841.8,""size"":0.00395824,""num_orders"":1},{""price"":80840.28,""size"":0.024,""num_orders"":1},{""price"":80839.2,""size"":0.34622445,""num_orders"":1}]","[{""price"":80843.84,""size"":0.16356801,""num_orders"":2},{""price"":80845.46,""size"":0.01236928,""num_orders"":1},{""price"":80848.6,""size"":1.4e-05,""num_orders"":1},{""price"":80849.22,""size"":0.34622445,""num_orders"":1},{""price"":80850.84,""size"":0.00223122,""num_orders"":1},{""price"":80850.86,""size"":0.14846055,""num_orders"":1},{""price"":80852.0,""size"":0.34622445,""num_orders"":1},{""price"":80853.36,""size"":1.4e-05,""num_orders"":1},{""price"":80853.49,""size"":0.09315,""num_orders"":1},{""price"":80854.1,""size"":0.09943837,""num_orders"":2}]"
btc_usd_d10_20260825T054358Z,44,2026-08-25T06:27:58.255717Z,2026-08-25T06:27:58.255845Z,BTC-USD,10,ok,,134915253535,2026-08-25T06:27:55.680866762Z,1.42171119,1.08686305,0.133481455187,80781.880000000005,80781.889999999999,80781.885000000009,0.009999999995,0.001237901294,"[{""price"":80781.88,""size"":0.09954451,""num_orders"":3},{""price"":80781.78,""size"":0.024,""num_orders"":1},{""price"":80777.44,""size"":0.00742793,""num_orders"":1},{""price"":80777.2,""size"":1.4e-05,""num_orders"":1},{""price"":80774.65,""size"":0.34622445,""num_orders"":1},{""price"":80774.64,""size"":0.83462283,""num_orders"":2},{""price"":80774.31,""size"":0.1096,""num_orders"":1},{""price"":80774.2,""size"":1.857e-05,""num_orders"":1},{""price"":80773.92,""size"":0.00012945,""num_orders"":1},{""price"":80773.2,""size"":0.00012945,""num_orders"":1}]","[{""price"":80781.89,""size"":0.08546781,""num_orders"":4},{""price"":80781.9,""size"":0.03,""num_orders"":1},{""price"":80781.92,""size"":0.03,""num_orders"":1},{""price"":80782.26,""size"":0.00092839,""num_orders"":1},{""price"":80783.91,""size"":0.00396128,""num_orders"":1},{""price"":80783.97,""size"":0.05245998,""num_orders"":2},{""price"":80785.69,""size"":0.00146714,""num_orders"":1},{""price"":80785.7,""size"":0.38789345,""num_orders"":1},{""price"":80785.71,""size"":0.34622445,""num_orders"":1},{""price"":80785.72,""size"":0.14846055,""num_orders"":1}]"
btc_usd_d10_20260825T054358Z,45,2026-08-25T06:28:58.255717Z,2026-08-25T06:28:58.255847Z,BTC-USD,10,ok,,134915289381,2026-08-25T06:28:57.039248136Z,0.88601167,0.96694296,-0.043676887005,80743.369999999995,80743.380000000005,80743.375,0.010000000009,0.001238491704,"[{""price"":80743.37,""size"":0.21152437,""num_orders"":6},{""price"":80741.34,""size"":0.00396317,""num_orders"":1},{""price"":80739.55,""size"":0.00743206,""num_orders"":1},{""price"":80738.61,""size"":0.00495396,""num_orders"":1},{""price"":80737.52,""size"":0.00224485,""num_orders"":1},{""price"":80737.51,""size"":0.24287071,""num_orders"":1},{""price"":80737.3,""size"":0.29721861,""num_orders"":1},{""price"":80737.28,""size"":0.1096,""num_orders"":1},{""price"":80734.36,""size"":1.4e-05,""num_orders"":1},{""price"":80733.19,""size"":0.00618994,""num_orders"":1}]","[{""price"":80743.38,""size"":0.00011568,""num_orders"":1},{""price"":80744.37,""size"":3.3e-07,""num_orders"":1},{""price"":80744.38,""size"":0.14846055,""num_orders"":1},{""price"":80745.14,""size"":0.14846055,""num_orders"":1},{""price"":80747.86,""size"":0.00299083,""num_orders"":1},{""price"":80748.2,""size"":0.009804,""num_orders"":1},{""price"":80748.29,""size"":0.35961799,""num_orders"":1},{""price"":80748.3,""size"":0.29721861,""num_orders"":1},{""price"":80748.64,""size"":1.4e-05,""num_orders"":1},{""price"":80748.65,""size"":0.00026042,""num_orders"":1}]"
btc_usd_d10_20260825T054358Z,46,2026-08-25T06:29:58.255717Z,2026-08-25T06:29:58.255816Z,BTC-USD,10,ok,,134915323317,2026-08-25T06:29:56.047512123Z,0.16792999,1.10996298,-0.73717675276,80725.089999999997,80725.100000000006,80725.095000000001,0.010000000009,0.001238772157,"[{""price"":80725.09,""size"":0.00328396,""num_orders"":1},{""price"":80725.0,""size"":0.0012239,""num_orders"":1},{""price"":80724.84,""size"":1.4e-05,""num_orders"":1},{""price"":80723.47,""size"":0.02477594,""num_orders"":2},{""price"":80721.48,""size"":0.024,""num_orders"":1},{""price"":80720.08,""size"":1.4e-05,""num_orders"":1},{""price"":80719.49,""size"":0.09910865,""num_orders"":1},{""price"":80719.48,""size"":0.00049554,""num_orders"":1},{""price"":80717.88,""size"":0.015,""num_orders"":1},{""price"":80715.32,""size"":1.4e-05,""num_orders"":1}]","[{""price"":80725.1,""size"":0.25603598,""num_orders"":5},{""price"":80726.72,""size"":0.02477494,""num_orders"":2},{""price"":80727.02,""size"":0.00743255,""num_orders"":1},{""price"":80727.12,""size"":0.00396407,""num_orders"":1},{""price"":80727.34,""size"":0.0010348,""num_orders"":2},{""price"":80728.29,""size"":0.00049548,""num_orders"":1},{""price"":80729.85,""size"":0.00495508,""num_orders"":1},{""price"":80730.08,""size"":0.17743951,""num_orders"":1},{""price"":80730.09,""size"":0.29721861,""num_orders"":1},{""price"":80731.37,""size"":0.33661196,""num_orders"":2}]"
btc_usd_d10_20260825T054358Z,47,2026-08-25T06:30:58.255717Z,2026-08-25T06:30:58.255856Z,BTC-USD,10,ok,,134915377813,2026-08-25T06:30:57.602806979Z,1.49103847,0.72493534,0.345718494751,80685.25,80685.259999999995,80685.255000000005,0.009999999995,0.001239383825,"[{""price"":80685.25,""size"":0.31638825,""num_orders"":7},{""price"":80684.66,""size"":0.00252593,""num_orders"":1},{""price"":80684.65,""size"":0.32237503,""num_orders"":1},{""price"":80684.64,""size"":0.09915145,""num_orders"":1},{""price"":80684.63,""size"":0.00049575,""num_orders"":1},{""price"":80684.41,""size"":0.00743628,""num_orders"":1},{""price"":80683.63,""size"":0.02478818,""num_orders"":2},{""price"":80683.23,""size"":0.00396602,""num_orders"":1},{""price"":80682.03,""size"":0.39153655,""num_orders"":1},{""price"":80682.02,""size"":0.32237503,""num_orders"":1}]","[{""price"":80685.26,""size"":0.0552473,""num_orders"":2},{""price"":80685.28,""size"":0.03,""num_orders"":1},{""price"":80686.88,""size"":0.02478718,""num_orders"":2},{""price"":80688.28,""size"":0.00038273,""num_orders"":1},{""price"":80691.52,""size"":1.4e-05,""num_orders"":1},{""price"":80694.59,""size"":2.388e-05,""num_orders"":1},{""price"":80694.88,""size"":0.19245789,""num_orders"":1},{""price"":80694.89,""size"":0.32237503,""num_orders"":1},{""price"":80695.81,""size"":0.09963342,""num_orders"":2},{""price"":80696.28,""size"":1.391e-05,""num_orders"":1}]"
btc_usd_d10_20260825T054358Z,48,2026-08-25T06:31:58.255717Z,2026-08-25T06:31:58.255848Z,BTC-USD,10,ok,,134915432864,2026-08-25T06:31:56.604736826Z,1.79270203,0.3763863,0.652954381991,80720.070000000007,80720.080000000002,80720.075000000012,0.009999999995,0.001238849195,"[{""price"":80720.07,""size"":0.89781597,""num_orders"":8},{""price"":80720.06,""size"":0.03,""num_orders"":1},{""price"":80720.04,""size"":0.03,""num_orders"":1},{""price"":80719.41,""size"":0.30747077,""num_orders"":1},{""price"":80719.4,""size"":0.0996043,""num_orders"":2},{""price"":80718.45,""size"":0.01238874,""num_orders"":1},{""price"":80718.01,""size"":0.00743375,""num_orders"":1},{""price"":80717.4,""size"":0.009806,""num_orders"":1},{""price"":80715.76,""size"":0.00172629,""num_orders"":1},{""price"":80715.75,""size"":0.39645621,""num_orders"":1}]","[{""price"":80720.08,""size"":0.00185738,""num_orders"":4},{""price"":80721.7,""size"":0.01238824,""num_orders"":1},{""price"":80722.9,""size"":0.0020149,""num_orders"":1},{""price"":80727.97,""size"":0.09707018,""num_orders"":1},{""price"":80727.98,""size"":0.14846055,""num_orders"":1},{""price"":80729.42,""size"":0.09909646,""num_orders"":1},{""price"":80729.6,""size"":1.4e-05,""num_orders"":1},{""price"":80729.73,""size"":0.00619283,""num_orders"":1},{""price"":80730.11,""size"":0.00743375,""num_orders"":1},{""price"":80731.52,""size"":0.00185801,""num_orders"":1}]"
btc_usd_d10_20260825T054358Z,49,2026-08-25T06:32:58.255717Z,2026-08-25T06:32:58.255859Z,BTC-USD,10,ok,,134915499263,2026-08-25T06:32:55.845580097Z,0.42776786,3.96006886,-0.80502106742,80624.880000000005,80624.889999999999,80624.885000000009,0.009999999995,0.001240311846,"[{""price"":80624.88,""size"":7.122e-05,""num_orders"":3},{""price"":80620.34,""size"":1.24e-05,""num_orders"":1},{""price"":80620.12,""size"":1.4e-05,""num_orders"":1},{""price"":80618.92,""size"":0.00499972,""num_orders"":1},{""price"":80615.58,""size"":0.0021708,""num_orders"":1},{""price"":80615.36,""size"":1.4e-05,""num_orders"":1},{""price"":80614.13,""size"":0.024,""num_orders"":1},{""price"":80613.12,""size"":1.551e-05,""num_orders"":1},{""price"":80610.6,""size"":1.4e-05,""num_orders"":1},{""price"":80608.31,""size"":0.39645621,""num_orders"":1}]","[{""price"":80624.89,""size"":1.63811869,""num_orders"":14},{""price"":80624.9,""size"":0.03,""num_orders"":1},{""price"":80624.91,""size"":0.04423473,""num_orders"":1},{""price"":80624.92,""size"":0.03,""num_orders"":1},{""price"":80625.44,""size"":0.66153886,""num_orders"":1},{""price"":80625.45,""size"":0.09922425,""num_orders"":1},{""price"":80625.47,""size"":0.00049612,""num_orders"":1},{""price"":80625.58,""size"":0.06,""num_orders"":2},{""price"":80626.49,""size"":0.39645621,""num_orders"":1},{""price"":80626.5,""size"":1.0,""num_orders"":1}]"
btc_usd_d10_20260825T054358Z,50,2026-08-25T06:33:58.255717Z,2026-08-25T06:33:58.255845Z,BTC-USD,10,ok,,134915565796,2026-08-25T06:33:57.844111307Z,2.13238324,0.3862346,0.693296383543,80668.259999999995,80668.270000000004,80668.264999999999,0.010000000009,0.00123964486,"[{""price"":80668.26,""size"":0.024,""num_orders"":1},{""price"":80663.82,""size"":0.00252491,""num_orders"":1},{""price"":80663.81,""size"":0.14851787,""num_orders"":2},{""price"":80663.8,""size"":0.42157387,""num_orders"":1},{""price"":80662.1,""size"":0.00092973,""num_orders"":1},{""price"":80661.24,""size"":0.42157387,""num_orders"":1},{""price"":80660.84,""size"":0.09967661,""num_orders"":2},{""price"":80658.37,""size"":0.59199851,""num_orders"":1},{""price"":80658.36,""size"":0.42157387,""num_orders"":1},{""price"":80658.2,""size"":1.4e-05,""num_orders"":1}]","[{""price"":80668.27,""size"":0.06386744,""num_orders"":2},{""price"":80668.43,""size"":0.06386683,""num_orders"":2},{""price"":80669.68,""size"":0.09966569,""num_orders"":2},{""price"":80670.05,""size"":0.01239617,""num_orders"":1},{""price"":80672.48,""size"":0.00022427,""num_orders"":3},{""price"":80673.8,""size"":0.009809,""num_orders"":1},{""price"":80676.38,""size"":0.00156215,""num_orders"":1},{""price"":80677.18,""size"":0.0461981,""num_orders"":2},{""price"":80677.24,""size"":1.4e-05,""num_orders"":1},{""price"":80677.83,""size"":0.08863095,""num_orders"":1}]"
btc_usd_d10_20260825T054358Z,51,2026-08-25T06:34:58.255717Z,2026-08-25T06:34:58.255842Z,BTC-USD,10,ok,,134915620046,2026-08-25T06:34:56.345067904Z,0.32188391,1.0041824,-0.514528183738,80693.179999999993,80693.190000000002,80693.184999999998,0.010000000009,0.001239262028,"[{""price"":80693.18,""size"":0.0285,""num_orders"":1},{""price"":80693.01,""size"":0.024,""num_orders"":1},{""price"":80691.52,""size"":1.4e-05,""num_orders"":1},{""price"":80686.76,""size"":1.4e-05,""num_orders"":1},{""price"":80686.32,""size"":0.1096,""num_orders"":1},{""price"":80686.08,""size"":0.00012945,""num_orders"":1},{""price"":80685.36,""size"":0.00012945,""num_orders"":1},{""price"":80685.09,""size"":0.0597209,""num_orders"":1},{""price"":80685.08,""size"":0.09964666,""num_orders"":2},{""price"":80684.64,""size"":0.00012945,""num_orders"":1}]","[{""price"":80693.19,""size"":0.0168625,""num_orders"":2},{""price"":80694.19,""size"":0.06240997,""num_orders"":1},{""price"":80694.2,""size"":0.09963541,""num_orders"":2},{""price"":80694.27,""size"":0.00490393,""num_orders"":1},{""price"":80695.21,""size"":0.00396567,""num_orders"":1},{""price"":80696.29,""size"":0.00023149,""num_orders"":2},{""price"":80696.98,""size"":0.04347596,""num_orders"":1},{""price"":80697.93,""size"":0.00495708,""num_orders"":1},{""price"":80701.01,""size"":0.34616652,""num_orders"":1},{""price"":80701.02,""size"":0.42157387,""num_orders"":1}]"
btc_usd_d10_20260825T054358Z,52,2026-08-25T06:35:58.255717Z,2026-08-25T06:35:58.255855Z,BTC-USD,10,ok,,134915675730,2026-08-25T06:35:55.683217409Z,1.94403693,0.28701094,0.742711984033,80629.630000000005,80629.639999999999,80629.635000000009,0.009999999995,0.001240238778,"[{""price"":80629.63,""size"":0.27962846,""num_orders"":5},{""price"":80628.01,""size"":0.02480528,""num_orders"":2},{""price"":80627.61,""size"":0.00396876,""num_orders"":1},{""price"":80626.94,""size"":0.00252583,""num_orders"":1},{""price"":80626.93,""size"":0.44631027,""num_orders"":2},{""price"":80624.89,""size"":0.00496095,""num_orders"":1},{""price"":80623.67,""size"":0.09972256,""num_orders"":2},{""price"":80622.74,""size"":0.26643166,""num_orders"":1},{""price"":80622.73,""size"":0.44628419,""num_orders"":1},{""price"":80620.91,""size"":0.36939897,""num_orders"":1}]","[{""price"":80629.64,""size"":0.00208403,""num_orders"":3},{""price"":80631.26,""size"":0.02480428,""num_orders"":2},{""price"":80633.15,""size"":0.09921478,""num_orders"":1},{""price"":80633.3,""size"":0.00049607,""num_orders"":1},{""price"":80634.4,""size"":0.00027599,""num_orders"":3},{""price"":80636.85,""size"":0.0062012,""num_orders"":1},{""price"":80636.89,""size"":0.009813,""num_orders"":1},{""price"":80639.16,""size"":1.4e-05,""num_orders"":1},{""price"":80639.31,""size"":0.00253372,""num_orders"":1},{""price"":80640.94,""size"":0.14157387,""num_orders"":1}]"
btc_usd_d10_20260825T054358Z,53,2026-08-25T06:36:58.255717Z,2026-08-25T06:36:58.255874Z,BTC-USD,10,ok,,134915722694,2026-08-25T06:36:57.578482363Z,1.11597672,0.22141659,0.668883359376,80586.800000000003,80586.809999999998,80586.804999999993,0.009999999995,0.001240897935,"[{""price"":80586.8,""size"":0.02860413,""num_orders"":4},{""price"":80585.18,""size"":0.02481846,""num_orders"":2},{""price"":80585.0,""size"":3.6e-07,""num_orders"":1},{""price"":80584.9,""size"":0.44628419,""num_orders"":1},{""price"":80584.89,""size"":0.09977055,""num_orders"":2},{""price"":80583.88,""size"":0.024,""num_orders"":1},{""price"":80582.05,""size"":0.00620084,""num_orders"":1},{""price"":80582.04,""size"":1.4e-05,""num_orders"":1},{""price"":80581.75,""size"":0.04,""num_orders"":1},{""price"":80581.55,""size"":0.44628419,""num_orders"":1}]","[{""price"":80586.81,""size"":0.08020439,""num_orders"":3},{""price"":80588.42,""size"":0.01718663,""num_orders"":1},{""price"":80588.43,""size"":0.02481746,""num_orders"":2},{""price"":80588.83,""size"":0.00397087,""num_orders"":1},{""price"":80590.44,""size"":0.00620375,""num_orders"":1},{""price"":80590.52,""size"":0.00154365,""num_orders"":1},{""price"":80591.55,""size"":0.00496359,""num_orders"":1},{""price"":80592.93,""size"":0.04,""num_orders"":1},{""price"":80592.94,""size"":0.00252625,""num_orders"":1},{""price"":80592.95,""size"":0.04,""num_orders"":1}]"
btc_usd_d10_20260825T054358Z,54,2026-08-25T06:37:58.255717Z,2026-08-25T06:37:58.255858Z,BTC-USD,10,ok,,134915776759,2026-08-25T06:37:56.544265149Z,2.36995134,1.78405243,0.141044385716,80543.770000000004,80543.779999999999,80543.774999999994,0.009999999995,0.001241560877,"[{""price"":80543.77,""size"":1.37714782,""num_orders"":9},{""price"":80543.76,""size"":0.00272464,""num_orders"":1},{""price"":80543.56,""size"":0.05979373,""num_orders"":2},{""price"":80543.55,""size"":0.09932514,""num_orders"":1},{""price"":80541.16,""size"":0.00620084,""num_orders"":1},{""price"":80541.15,""size"":0.009817,""num_orders"":1},{""price"":80539.23,""size"":0.00251901,""num_orders"":1},{""price"":80539.22,""size"":0.36612497,""num_orders"":1},{""price"":80539.21,""size"":0.44628419,""num_orders"":1},{""price"":80539.2,""size"":1.4e-05,""num_orders"":1}]","[{""price"":80543.78,""size"":0.00777871,""num_orders"":2},{""price"":80545.8,""size"":0.00397299,""num_orders"":1},{""price"":80546.61,""size"":0.00620837,""num_orders"":1},{""price"":80548.51,""size"":0.00496624,""num_orders"":1},{""price"":80553.28,""size"":0.00093117,""num_orders"":1},{""price"":80553.46,""size"":0.44628419,""num_orders"":1},{""price"":80553.48,""size"":0.71171792,""num_orders"":4},{""price"":80555.85,""size"":0.0074481,""num_orders"":1},{""price"":80555.96,""size"":0.14846055,""num_orders"":1},{""price"":80556.05,""size"":0.44628419,""num_orders"":1}]"
btc_usd_d10_20260825T054358Z,55,2026-08-25T06:38:58.255717Z,2026-08-25T06:38:58.255884Z,BTC-USD,10,ok,,134915821500,2026-08-25T06:38:57.616981009Z,0.51661299,1.41484787,-0.465054663339,80511.440000000002,80511.449999999997,80511.445000000007,0.009999999995,0.001242059436,"[{""price"":80511.44,""size"":0.28274618,""num_orders"":6},{""price"":80511.42,""size"":0.03,""num_orders"":1},{""price"":80511.24,""size"":0.024,""num_orders"":1},{""price"":80510.22,""size"":0.09986308,""num_orders"":2},{""price"":80509.69,""size"":0.02484174,""num_orders"":2},{""price"":80509.42,""size"":0.00397457,""num_orders"":1},{""price"":80505.93,""size"":0.00496819,""num_orders"":1},{""price"":80505.88,""size"":1.4e-05,""num_orders"":1},{""price"":80503.57,""size"":0.00620523,""num_orders"":1},{""price"":80503.56,""size"":0.04,""num_orders"":1}]","[{""price"":80511.45,""size"":0.04067735,""num_orders"":5},{""price"":80512.71,""size"":0.00093154,""num_orders"":1},{""price"":80513.07,""size"":0.02484068,""num_orders"":2},{""price"":80514.72,""size"":0.00026042,""num_orders"":1},{""price"":80515.6,""size"":0.00745093,""num_orders"":1},{""price"":80517.71,""size"":0.00252622,""num_orders"":1},{""price"":80517.72,""size"":0.0998538,""num_orders"":2},{""price"":80517.77,""size"":0.74146434,""num_orders"":1},{""price"":80517.78,""size"":0.49682859,""num_orders"":1},{""price"":80520.16,""size"":1.4e-05,""num_orders"":1}]"
btc_usd_d10_20260825T054358Z,56,2026-08-25T06:39:58.255717Z,2026-08-25T06:39:58.255863Z,BTC-USD,10,ok,,134915861328,2026-08-25T06:39:57.081298293Z,0.28487939,1.26360957,-0.632054993792,80529.669999999998,80529.679999999993,80529.674999999988,0.009999999995,0.001241778263,"[{""price"":80529.67,""size"":0.00975951,""num_orders"":5},{""price"":80529.66,""size"":0.03,""num_orders"":1},{""price"":80529.64,""size"":0.03,""num_orders"":1},{""price"":80528.05,""size"":0.02483606,""num_orders"":2},{""price"":80527.7,""size"":0.0998414,""num_orders"":2},{""price"":80527.65,""size"":0.00397369,""num_orders"":1},{""price"":80526.27,""size"":0.01331,""num_orders"":1},{""price"":80526.24,""size"":0.06806217,""num_orders"":1},{""price"":80524.94,""size"":0.00496711,""num_orders"":1},{""price"":80524.08,""size"":0.00012945,""num_orders"":1}]","[{""price"":80529.68,""size"":0.7171907,""num_orders"":5},{""price"":80531.3,""size"":0.02483506,""num_orders"":2},{""price"":80533.62,""size"":0.009822,""num_orders"":1},{""price"":80533.79,""size"":0.00620963,""num_orders"":1},{""price"":80534.44,""size"":1.4e-05,""num_orders"":1},{""price"":80535.5,""size"":0.49682859,""num_orders"":1},{""price"":80535.64,""size"":0.00037938,""num_orders"":1},{""price"":80535.68,""size"":0.00049667,""num_orders"":1},{""price"":80536.04,""size"":0.00038119,""num_orders"":1},{""price"":80536.05,""size"":0.00745235,""num_orders"":1}]"
btc_usd_d10_20260825T054358Z,57,2026-08-25T06:40:58.255717Z,2026-08-25T06:40:58.255828Z,BTC-USD,10,ok,,134915900842,2026-08-25T06:40:56.027624521Z,0.75851969,0.86176186,-0.063718660501,80491.589999999997,80491.600000000006,80491.595000000001,0.010000000009,0.001242365741,"[{""price"":80491.59,""size"":0.42836779,""num_orders"":8},{""price"":80489.57,""size"":0.00397557,""num_orders"":1},{""price"":80487.92,""size"":0.00745254,""num_orders"":1},{""price"":80486.89,""size"":0.00620773,""num_orders"":1},{""price"":80486.88,""size"":0.1032498,""num_orders"":1},{""price"":80486.86,""size"":0.00496946,""num_orders"":1},{""price"":80485.6,""size"":0.01331,""num_orders"":1},{""price"":80484.91,""size"":0.00252625,""num_orders"":1},{""price"":80484.9,""size"":0.04,""num_orders"":1},{""price"":80484.88,""size"":0.14846055,""num_orders"":1}]","[{""price"":80491.6,""size"":1.393e-05,""num_orders"":1},{""price"":80496.36,""size"":1.4e-05,""num_orders"":1},{""price"":80497.99,""size"":0.0285,""num_orders"":1},{""price"":80498.85,""size"":0.009826,""num_orders"":1},{""price"":80498.99,""size"":0.31343384,""num_orders"":2},{""price"":80499.99,""size"":0.00745254,""num_orders"":1},{""price"":80500.0,""size"":0.00381802,""num_orders"":1},{""price"":80500.41,""size"":0.49682859,""num_orders"":1},{""price"":80501.12,""size"":1.4e-05,""num_orders"":1},{""price"":80501.46,""size"":0.00186094,""num_orders"":1}]"
btc_usd_d10_20260825T054358Z,58,2026-08-25T06:41:58.255717Z,2026-08-25T06:41:58.255859Z,BTC-USD,10,ok,,134915938305,2026-08-25T06:41:57.542049060Z,1.55306968,1.31940073,0.081347730924,80515.389999999999,80515.399999999994,80515.39499999999,0.009999999995,0.001241998502,"[{""price"":80515.39,""size"":0.49056535,""num_orders"":13},{""price"":80513.37,""size"":0.00397439,""num_orders"":1},{""price"":80512.62,""size"":0.00215671,""num_orders"":1},{""price"":80512.61,""size"":0.40337546,""num_orders"":2},{""price"":80512.33,""size"":0.49682859,""num_orders"":1},{""price"":80512.32,""size"":0.14846055,""num_orders"":1},{""price"":80511.84,""size"":0.00012945,""num_orders"":1},{""price"":80511.48,""size"":0.00620846,""num_orders"":1},{""price"":80511.47,""size"":0.00124127,""num_orders"":1},{""price"":80511.12,""size"":0.00012945,""num_orders"":1}]","[{""price"":80515.4,""size"":0.71472704,""num_orders"":4},{""price"":80520.16,""size"":1.4e-05,""num_orders"":1},{""price"":80522.86,""size"":0.00621003,""num_orders"":1},{""price"":80524.92,""size"":1.4e-05,""num_orders"":1},{""price"":80525.98,""size"":0.49682859,""num_orders"":1},{""price"":80529.48,""size"":0.09983922,""num_orders"":2},{""price"":80529.67,""size"":0.00149495,""num_orders"":1},{""price"":80529.68,""size"":1.4e-05,""num_orders"":1},{""price"":80529.84,""size"":0.00012945,""num_orders"":1},{""price"":80530.56,""size"":0.00012945,""num_orders"":1}]"
btc_usd_d10_20260825T054358Z,59,2026-08-25T06:42:58.255717Z,2026-08-25T06:42:58.255887Z,BTC-USD,10,ok,,134915972685,2026-08-25T06:42:56.094901495Z,0.48416312,0.75605569,-0.219229516443,80543.119999999995,80543.130000000005,80543.125,0.010000000009,0.001241570899,"[{""price"":80543.12,""size"":0.0261,""num_orders"":7},{""price"":80542.41,""size"":0.09982318,""num_orders"":2},{""price"":80542.4,""size"":0.3049172,""num_orders"":2},{""price"":80542.08,""size"":0.00012945,""num_orders"":1},{""price"":80541.5,""size"":0.02483192,""num_orders"":2},{""price"":80541.36,""size"":0.00012945,""num_orders"":1},{""price"":80541.1,""size"":0.00397302,""num_orders"":1},{""price"":80540.64,""size"":0.00012945,""num_orders"":1},{""price"":80539.92,""size"":0.00012945,""num_orders"":1},{""price"":80539.58,""size"":0.024,""num_orders"":1}]","[{""price"":80543.13,""size"":0.7263456,""num_orders"":11},{""price"":80543.52,""size"":0.00012945,""num_orders"":1},{""price"":80544.24,""size"":0.00012945,""num_orders"":1},{""price"":80544.75,""size"":0.02483092,""num_orders"":2},{""price"":80544.96,""size"":0.00012945,""num_orders"":1},{""price"":80545.15,""size"":0.00397302,""num_orders"":1},{""price"":80545.68,""size"":0.00012945,""num_orders"":1},{""price"":80546.4,""size"":0.00012945,""num_orders"":1},{""price"":80547.12,""size"":0.00012945,""num_orders"":1},{""price"":80547.84,""size"":0.00012945,""num_orders"":1}]"
