window_id,sample_index,planned_at_utc,collected_at_utc,product_id,depth,status,error,sequence,snapshot_time_utc,bid_volume,ask_volume,imbalance,best_bid,best_ask,mid_price,spread,spread_bps,bids_json,asks_json
btc_usd_d10_20260708T231425Z,46,2026-07-09T00:00:25.211685Z,2026-07-09T00:00:25.211807Z,BTC-USD,10,ok,,132313540220,2026-07-09T00:00:24.828474195Z,0.29844521,1.03809901,-0.553407653059,62243.57,62243.580000000002,62243.574999999997,0.010000000002,0.001606591524,"[{""price"":62243.57,""size"":0.01006068,""num_orders"":2},{""price"":62241.4,""size"":1.8e-05,""num_orders"":1},{""price"":62240.47,""size"":0.00319945,""num_orders"":1},{""price"":62240.46,""size"":0.02209174,""num_orders"":4},{""price"":62240.0,""size"":0.0484,""num_orders"":1},{""price"":62239.47,""size"":0.04829129,""num_orders"":1},{""price"":62239.12,""size"":0.001631,""num_orders"":1},{""price"":62238.02,""size"":0.01,""num_orders"":1},{""price"":62238.01,""size"":0.10635305,""num_orders"":2},{""price"":62238.0,""size"":0.0484,""num_orders"":1}]","[{""price"":62243.58,""size"":0.35490163,""num_orders"":7},{""price"":62244.0,""size"":0.0484,""num_orders"":1},{""price"":62244.3,""size"":0.00142232,""num_orders"":1},{""price"":62245.14,""size"":0.00803295,""num_orders"":1},{""price"":62245.67,""size"":0.11041859,""num_orders"":1},{""price"":62245.69,""size"":0.12852295,""num_orders"":1},{""price"":62246.0,""size"":0.0484,""num_orders"":1},{""price"":62246.68,""size"":0.2235718,""num_orders"":2},{""price"":62247.24,""size"":0.01004119,""num_orders"":1},{""price"":62247.97,""size"":0.10438758,""num_orders"":1}]"
btc_usd_d10_20260708T231425Z,47,2026-07-09T00:01:25.211685Z,2026-07-09T00:01:25.211805Z,BTC-USD,10,ok,,132313590327,2026-07-09T00:01:24.844253363Z,2.3977205,0.26765595,0.79916086525,62226.589999999997,62226.599999999999,62226.595000000001,0.010000000002,0.001607029921,"[{""price"":62226.59,""size"":1.56237569,""num_orders"":10},{""price"":62226.34,""size"":0.0301485,""num_orders"":1},{""price"":62226.0,""size"":0.0505,""num_orders"":1},{""price"":62224.03,""size"":0.16583401,""num_orders"":1},{""price"":62224.02,""size"":0.1285677,""num_orders"":1},{""price"":62224.0,""size"":0.0505,""num_orders"":1},{""price"":62223.37,""size"":0.09635305,""num_orders"":1},{""price"":62222.83,""size"":0.04821121,""num_orders"":1},{""price"":62222.0,""size"":0.0505,""num_orders"":1},{""price"":62221.75,""size"":0.21473034,""num_orders"":2}]","[{""price"":62226.6,""size"":1.8e-05,""num_orders"":1},{""price"":62229.29,""size"":0.0281,""num_orders"":1},{""price"":62229.81,""size"":0.03299233,""num_orders"":1},{""price"":62229.99,""size"":0.04829129,""num_orders"":1},{""price"":62230.0,""size"":0.0631,""num_orders"":2},{""price"":62230.3,""size"":1.8e-05,""num_orders"":1},{""price"":62230.75,""size"":0.03299233,""num_orders"":1},{""price"":62230.9,""size"":0.001644,""num_orders"":1},{""price"":62231.99,""size"":0.01,""num_orders"":1},{""price"":62232.0,""size"":0.0505,""num_orders"":1}]"
btc_usd_d10_20260708T231425Z,48,2026-07-09T00:02:25.211685Z,2026-07-09T00:02:25.211803Z,BTC-USD,10,ok,,132313643368,2026-07-09T00:02:23.546493742Z,0.75822772,0.52701601,0.179897170166,62152.599999999999,62152.610000000001,62152.604999999996,0.010000000002,0.00160894302,"[{""price"":62152.6,""size"":0.100018,""num_orders"":2},{""price"":62150.0,""size"":0.0415,""num_orders"":1},{""price"":62149.49,""size"":0.0100564,""num_orders"":2},{""price"":62148.9,""size"":1.8e-05,""num_orders"":1},{""price"":62148.29,""size"":0.15914673,""num_orders"":1},{""price"":62148.28,""size"":0.12872438,""num_orders"":1},{""price"":62148.01,""size"":0.09635305,""num_orders"":1},{""price"":62148.0,""size"":0.0415,""num_orders"":1},{""price"":62146.1,""size"":0.02,""num_orders"":1},{""price"":62146.09,""size"":0.16091116,""num_orders"":1}]","[{""price"":62152.61,""size"":0.11001866,""num_orders"":3},{""price"":62154.0,""size"":0.0415,""num_orders"":1},{""price"":62155.68,""size"":0.09635305,""num_orders"":1},{""price"":62155.69,""size"":0.12870906,""num_orders"":1},{""price"":62156.0,""size"":0.0394,""num_orders"":1},{""price"":62156.29,""size"":0.04829129,""num_orders"":1},{""price"":62156.43,""size"":0.00319954,""num_orders"":1},{""price"":62157.19,""size"":0.00804441,""num_orders"":1},{""price"":62157.5,""size"":0.01,""num_orders"":1},{""price"":62158.0,""size"":0.0415,""num_orders"":1}]"
btc_usd_d10_20260708T231425Z,49,2026-07-09T00:03:25.211685Z,2026-07-09T00:03:25.211804Z,BTC-USD,10,ok,,132313699873,2026-07-09T00:03:23.680636465Z,0.31556516,0.38766266,-0.102523674334,62156.510000000002,62156.519999999997,62156.514999999999,0.009999999995,0.001608841808,"[{""price"":62156.51,""size"":0.0128705,""num_orders"":1},{""price"":62156.3,""size"":1.8e-05,""num_orders"":1},{""price"":62156.0,""size"":0.0455,""num_orders"":1},{""price"":62154.0,""size"":0.0455,""num_orders"":1},{""price"":62153.88,""size"":0.00849675,""num_orders"":1},{""price"":62153.78,""size"":0.01407798,""num_orders"":3},{""price"":62153.51,""size"":0.09635305,""num_orders"":1},{""price"":62153.4,""size"":0.00804461,""num_orders"":1},{""price"":62152.6,""size"":1.8e-05,""num_orders"":1},{""price"":62152.01,""size"":0.08468627,""num_orders"":1}]","[{""price"":62156.52,""size"":0.01613867,""num_orders"":3},{""price"":62156.9,""size"":0.00040216,""num_orders"":1},{""price"":62158.45,""size"":0.00153822,""num_orders"":1},{""price"":62158.46,""size"":0.00804415,""num_orders"":1},{""price"":62158.69,""size"":0.01,""num_orders"":1},{""price"":62158.7,""size"":0.0482512,""num_orders"":1},{""price"":62159.74,""size"":0.01,""num_orders"":1},{""price"":62159.75,""size"":0.16087583,""num_orders"":1},{""price"":62159.98,""size"":0.01,""num_orders"":1},{""price"":62159.99,""size"":0.12241243,""num_orders"":1}]"
btc_usd_d10_20260708T231425Z,50,2026-07-09T00:04:25.211685Z,2026-07-09T00:04:25.211812Z,BTC-USD,10,ok,,132313747093,2026-07-09T00:04:24.671574499Z,0.64849295,0.24115626,0.457862138719,62170.919999999998,62170.93,62170.925000000003,0.010000000002,0.001608468911,"[{""price"":62170.92,""size"":0.19766438,""num_orders"":7},{""price"":62170.0,""size"":0.0454,""num_orders"":1},{""price"":62169.27,""size"":0.00080425,""num_orders"":1},{""price"":62168.06,""size"":0.00319954,""num_orders"":1},{""price"":62168.05,""size"":0.04829129,""num_orders"":1},{""price"":62168.03,""size"":0.13201045,""num_orders"":1},{""price"":62168.0,""size"":0.0454,""num_orders"":1},{""price"":62167.19,""size"":0.12868523,""num_orders"":1},{""price"":62166.0,""size"":0.0454,""num_orders"":1},{""price"":62165.94,""size"":0.00163781,""num_orders"":1}]","[{""price"":62170.93,""size"":0.00010053,""num_orders"":1},{""price"":62171.1,""size"":1.8e-05,""num_orders"":1},{""price"":62171.55,""size"":0.00804226,""num_orders"":1},{""price"":62172.49,""size"":7.539e-05,""num_orders"":2},{""price"":62172.63,""size"":0.12867398,""num_orders"":1},{""price"":62172.76,""size"":0.04825673,""num_orders"":1},{""price"":62173.11,""size"":0.00603155,""num_orders"":2},{""price"":62173.39,""size"":0.001566,""num_orders"":1},{""price"":62173.42,""size"":0.00010053,""num_orders"":1},{""price"":62173.99,""size"":0.04829129,""num_orders"":1}]"
btc_usd_d10_20260708T231425Z,51,2026-07-09T00:05:25.211685Z,2026-07-09T00:05:25.211815Z,BTC-USD,10,ok,,132313804531,2026-07-09T00:05:23.083793645Z,0.44741454,0.73389105,-0.242508384304,62140.010000000002,62140.019999999997,62140.014999999999,0.009999999995,0.001609269002,"[{""price"":62140.01,""size"":0.00319924,""num_orders"":1},{""price"":62140.0,""size"":0.0495,""num_orders"":1},{""price"":62138.45,""size"":0.00806761,""num_orders"":2},{""price"":62138.02,""size"":0.0295515,""num_orders"":1},{""price"":62138.0,""size"":0.0495,""num_orders"":1},{""price"":62137.27,""size"":0.001654,""num_orders"":1},{""price"":62136.9,""size"":0.02011687,""num_orders"":3},{""price"":62136.78,""size"":0.01005773,""num_orders"":1},{""price"":62136.67,""size"":0.17941454,""num_orders"":1},{""price"":62136.66,""size"":0.09635305,""num_orders"":1}]","[{""price"":62140.02,""size"":0.06943802,""num_orders"":5},{""price"":62140.22,""size"":0.1287411,""num_orders"":1},{""price"":62141.97,""size"":0.04829129,""num_orders"":1},{""price"":62141.99,""size"":0.00200788,""num_orders"":1},{""price"":62142.23,""size"":0.12873694,""num_orders"":1},{""price"":62143.38,""size"":0.04828213,""num_orders"":1},{""price"":62144.0,""size"":0.0495,""num_orders"":1},{""price"":62145.08,""size"":0.16252264,""num_orders"":1},{""price"":62145.09,""size"":0.09635305,""num_orders"":1},{""price"":62145.2,""size"":1.8e-05,""num_orders"":1}]"
btc_usd_d10_20260708T231425Z,52,2026-07-09T00:06:25.211685Z,2026-07-09T00:06:25.211808Z,BTC-USD,10,ok,,132313848212,2026-07-09T00:06:22.627928381Z,0.37262877,0.93789456,-0.43132829234,62134.099999999999,62134.110000000001,62134.104999999996,0.010000000002,0.001609422072,"[{""price"":62134.1,""size"":0.01004585,""num_orders"":3},{""price"":62132.0,""size"":0.0446,""num_orders"":1},{""price"":62130.99,""size"":0.02213066,""num_orders"":4},{""price"":62130.4,""size"":1.8e-05,""num_orders"":1},{""price"":62130.08,""size"":0.00016167,""num_orders"":1},{""price"":62130.0,""size"":0.0446,""num_orders"":1},{""price"":62128.26,""size"":0.01,""num_orders"":1},{""price"":62128.25,""size"":0.14344686,""num_orders"":1},{""price"":62128.24,""size"":0.04933444,""num_orders"":1},{""price"":62127.69,""size"":0.04829129,""num_orders"":1}]","[{""price"":62134.11,""size"":0.1059761,""num_orders"":3},{""price"":62134.19,""size"":0.00084763,""num_orders"":1},{""price"":62134.2,""size"":0.37536239,""num_orders"":2},{""price"":62134.21,""size"":0.12875356,""num_orders"":1},{""price"":62135.52,""size"":0.00091549,""num_orders"":1},{""price"":62135.67,""size"":0.00804711,""num_orders"":1},{""price"":62136.0,""size"":0.0446,""num_orders"":1},{""price"":62136.9,""size"":0.04829129,""num_orders"":1},{""price"":62136.91,""size"":0.09635305,""num_orders"":1},{""price"":62136.92,""size"":0.12874794,""num_orders"":1}]"
btc_usd_d10_20260708T231425Z,53,2026-07-09T00:07:25.211685Z,2026-07-09T00:07:25.211775Z,BTC-USD,10,ok,,132313899565,2026-07-09T00:07:23.547810167Z,0.46412682,0.70173481,-0.203804623024,62150.089999999997,62150.099999999999,62150.095000000001,0.010000000002,0.001609007999,"[{""price"":62150.09,""size"":0.10319948,""num_orders"":2},{""price"":62150.08,""size"":0.01120531,""num_orders"":3},{""price"":62148.9,""size"":1.8e-05,""num_orders"":1},{""price"":62148.01,""size"":0.09635305,""num_orders"":1},{""price"":62148.0,""size"":0.0469,""num_orders"":1},{""price"":62146.73,""size"":0.001539,""num_orders"":1},{""price"":62146.38,""size"":0.00022544,""num_orders"":1},{""price"":62146.23,""size"":0.01,""num_orders"":1},{""price"":62146.16,""size"":0.01,""num_orders"":1},{""price"":62146.15,""size"":0.18468654,""num_orders"":1}]","[{""price"":62150.1,""size"":0.03178064,""num_orders"":3},{""price"":62150.99,""size"":0.0189085,""num_orders"":2},{""price"":62151.98,""size"":0.02,""num_orders"":2},{""price"":62151.99,""size"":0.19501358,""num_orders"":3},{""price"":62152.0,""size"":0.0469,""num_orders"":1},{""price"":62153.16,""size"":0.16089286,""num_orders"":1},{""price"":62153.19,""size"":0.03209898,""num_orders"":2},{""price"":62153.2,""size"":3.218e-05,""num_orders"":1},{""price"":62153.85,""size"":0.04826058,""num_orders"":1},{""price"":62153.97,""size"":0.14784749,""num_orders"":1}]"
btc_usd_d10_20260708T231425Z,54,2026-07-09T00:08:25.211685Z,2026-07-09T00:08:25.211810Z,BTC-USD,10,ok,,132313944841,2026-07-09T00:08:23.345781757Z,0.5003289,1.03582909,-0.348597080174,62139.57,62139.580000000002,62139.574999999997,0.010000000002,0.001609280399,"[{""price"":62139.57,""size"":0.01903802,""num_orders"":3},{""price"":62136.47,""size"":0.12815,""num_orders"":1},{""price"":62136.46,""size"":0.0140819,""num_orders"":3},{""price"":62136.01,""size"":0.01373318,""num_orders"":1},{""price"":62134.1,""size"":1.8e-05,""num_orders"":1},{""price"":62134.0,""size"":0.0422,""num_orders"":1},{""price"":62133.14,""size"":0.01,""num_orders"":1},{""price"":62133.13,""size"":0.12875577,""num_orders"":1},{""price"":62132.9,""size"":0.04799898,""num_orders"":1},{""price"":62132.54,""size"":0.09635305,""num_orders"":1}]","[{""price"":62139.58,""size"":0.35508092,""num_orders"":11},{""price"":62139.98,""size"":0.00319954,""num_orders"":1},{""price"":62139.99,""size"":0.38419703,""num_orders"":2},{""price"":62140.0,""size"":0.0422,""num_orders"":1},{""price"":62141.08,""size"":0.00081983,""num_orders"":1},{""price"":62141.14,""size"":0.0080464,""num_orders"":1},{""price"":62141.24,""size"":0.001548,""num_orders"":1},{""price"":62141.57,""size"":0.09635305,""num_orders"":1},{""price"":62141.58,""size"":0.03999674,""num_orders"":1},{""price"":62142.15,""size"":0.10438758,""num_orders"":1}]"
btc_usd_d10_20260708T231425Z,55,2026-07-09T00:09:25.211685Z,2026-07-09T00:09:25.211806Z,BTC-USD,10,ok,,132313978828,2026-07-09T00:09:23.047086479Z,0.4333401,0.54485165,-0.113997639011,62143.040000000001,62143.839999999997,62143.440000000002,0.799999999996,0.128734424743,"[{""price"":62143.04,""size"":0.01,""num_orders"":1},{""price"":62143.03,""size"":3.792e-05,""num_orders"":1},{""price"":62143.02,""size"":0.01467738,""num_orders"":1},{""price"":62141.46,""size"":0.00804585,""num_orders"":1},{""price"":62140.51,""size"":0.0016003,""num_orders"":1},{""price"":62140.5,""size"":0.09635305,""num_orders"":1},{""price"":62140.01,""size"":0.24602909,""num_orders"":2},{""price"":62140.0,""size"":0.0465,""num_orders"":1},{""price"":62139.57,""size"":3.92e-05,""num_orders"":1},{""price"":62139.37,""size"":0.01005731,""num_orders"":1}]","[{""price"":62143.84,""size"":0.00626708,""num_orders"":1},{""price"":62143.85,""size"":0.02495788,""num_orders"":1},{""price"":62143.86,""size"":0.02495788,""num_orders"":1},{""price"":62143.99,""size"":0.00159924,""num_orders"":1},{""price"":62144.0,""size"":0.0465,""num_orders"":1},{""price"":62145.56,""size"":0.06099543,""num_orders"":1},{""price"":62145.57,""size"":0.001576,""num_orders"":1},{""price"":62146.0,""size"":0.0465,""num_orders"":1},{""price"":62146.84,""size"":0.05299741,""num_orders"":1},{""price"":62147.37,""size"":0.27850073,""num_orders"":1}]"
btc_usd_d10_20260708T231425Z,56,2026-07-09T00:10:25.211685Z,2026-07-09T00:10:25.211809Z,BTC-USD,10,ok,,132314019281,2026-07-09T00:10:23.689620484Z,1.71223671,0.18161317,0.808207427719,62119.290000000001,62119.300000000003,62119.294999999998,0.010000000002,0.001609805778,"[{""price"":62119.29,""size"":0.98970349,""num_orders"":10},{""price"":62118.91,""size"":0.14397742,""num_orders"":2},{""price"":62118.9,""size"":0.13038504,""num_orders"":2},{""price"":62118.89,""size"":0.02669622,""num_orders"":1},{""price"":62117.33,""size"":0.00804908,""num_orders"":1},{""price"":62116.19,""size"":0.0008049,""num_orders"":1},{""price"":62116.11,""size"":0.09635305,""num_orders"":1},{""price"":62116.02,""size"":0.21436991,""num_orders"":1},{""price"":62116.0,""size"":0.0536,""num_orders"":1},{""price"":62115.99,""size"":0.0482976,""num_orders"":1}]","[{""price"":62119.3,""size"":1.8e-05,""num_orders"":1},{""price"":62119.81,""size"":0.05200279,""num_orders"":1},{""price"":62120.56,""size"":2.515e-05,""num_orders"":1},{""price"":62120.75,""size"":0.05200279,""num_orders"":1},{""price"":62121.19,""size"":0.00211281,""num_orders"":2},{""price"":62121.38,""size"":0.00015091,""num_orders"":2},{""price"":62121.82,""size"":0.0080487,""num_orders"":1},{""price"":62122.0,""size"":0.0536,""num_orders"":1},{""price"":62122.01,""size"":0.01207302,""num_orders"":2},{""price"":62122.62,""size"":0.001579,""num_orders"":1}]"
btc_usd_d10_20260708T231425Z,57,2026-07-09T00:11:25.211685Z,2026-07-09T00:11:25.211809Z,BTC-USD,10,ok,,132314062377,2026-07-09T00:11:24.043518243Z,1.69051297,0.52748803,0.524357265844,62145.190000000002,62145.199999999997,62145.195,0.009999999995,0.001609134865,"[{""price"":62145.19,""size"":1.11478112,""num_orders"":11},{""price"":62144.78,""size"":0.31023162,""num_orders"":1},{""price"":62144.17,""size"":0.00080456,""num_orders"":1},{""price"":62144.0,""size"":0.0536,""num_orders"":1},{""price"":62143.63,""size"":0.00804567,""num_orders"":1},{""price"":62142.66,""size"":0.001623,""num_orders"":1},{""price"":62142.57,""size"":0.04827441,""num_orders"":1},{""price"":62142.01,""size"":0.00319954,""num_orders"":1},{""price"":62142.0,""size"":0.0536,""num_orders"":1},{""price"":62141.99,""size"":0.09635305,""num_orders"":1}]","[{""price"":62145.2,""size"":1.8e-05,""num_orders"":1},{""price"":62147.63,""size"":0.12872576,""num_orders"":1},{""price"":62147.69,""size"":0.00010057,""num_orders"":1},{""price"":62148.0,""size"":0.0536,""num_orders"":1},{""price"":62148.3,""size"":0.04830608,""num_orders"":1},{""price"":62148.31,""size"":0.00804527,""num_orders"":1},{""price"":62148.9,""size"":1.8e-05,""num_orders"":1},{""price"":62149.77,""size"":0.09635305,""num_orders"":1},{""price"":62149.78,""size"":0.1287213,""num_orders"":1},{""price"":62150.0,""size"":0.0636,""num_orders"":2}]"
btc_usd_d10_20260708T231425Z,58,2026-07-09T00:12:25.211685Z,2026-07-09T00:12:25.211782Z,BTC-USD,10,ok,,132314091176,2026-07-09T00:12:23.661397464Z,0.95562981,0.28380351,0.54204311693,62167.389999999999,62167.400000000001,62167.395000000004,0.010000000002,0.001608560243,"[{""price"":62167.39,""size"":0.34943534,""num_orders"":6},{""price"":62166.79,""size"":0.00319954,""num_orders"":1},{""price"":62166.78,""size"":0.03751235,""num_orders"":1},{""price"":62166.49,""size"":0.00119196,""num_orders"":1},{""price"":62166.0,""size"":0.0536,""num_orders"":1},{""price"":62165.83,""size"":0.0080428,""num_orders"":1},{""price"":62165.28,""size"":0.09635305,""num_orders"":1},{""price"":62165.27,""size"":0.35147419,""num_orders"":3},{""price"":62165.13,""size"":0.00080428,""num_orders"":1},{""price"":62164.0,""size"":0.0540163,""num_orders"":3}]","[{""price"":62167.4,""size"":0.02054839,""num_orders"":2},{""price"":62168.96,""size"":0.0080428,""num_orders"":1},{""price"":62169.89,""size"":0.00112576,""num_orders"":5},{""price"":62170.0,""size"":0.0636,""num_orders"":2},{""price"":62170.51,""size"":0.02213986,""num_orders"":5},{""price"":62170.53,""size"":0.010018,""num_orders"":1},{""price"":62170.59,""size"":0.1286782,""num_orders"":1},{""price"":62170.91,""size"":0.018,""num_orders"":1},{""price"":62171.06,""size"":0.0100535,""num_orders"":1},{""price"":62171.1,""size"":0.001597,""num_orders"":2}]"
btc_usd_d10_20260708T231425Z,59,2026-07-09T00:13:25.211685Z,2026-07-09T00:13:25.211810Z,BTC-USD,10,ok,,132314121997,2026-07-09T00:13:23.547071046Z,1.15146898,0.37327297,0.510378828365,62193.290000000001,62193.300000000003,62193.294999999998,0.010000000002,0.001607890369,"[{""price"":62193.29,""size"":0.02440541,""num_orders"":4},{""price"":62191.73,""size"":0.00803945,""num_orders"":1},{""price"":62190.13,""size"":0.00183106,""num_orders"":1},{""price"":62190.12,""size"":0.01,""num_orders"":1},{""price"":62190.1,""size"":0.09635305,""num_orders"":1},{""price"":62190.01,""size"":0.41481907,""num_orders"":1},{""price"":62190.0,""size"":0.54,""num_orders"":1},{""price"":62189.28,""size"":0.00080394,""num_orders"":1},{""price"":62188.37,""size"":0.001617,""num_orders"":1},{""price"":62188.0,""size"":0.0536,""num_orders"":1}]","[{""price"":62193.3,""size"":0.05618157,""num_orders"":4},{""price"":62193.94,""size"":0.01,""num_orders"":1},{""price"":62193.95,""size"":0.04830608,""num_orders"":1},{""price"":62193.96,""size"":0.12862987,""num_orders"":1},{""price"":62194.0,""size"":0.0536,""num_orders"":1},{""price"":62194.86,""size"":0.00803945,""num_orders"":1},{""price"":62195.0,""size"":0.01,""num_orders"":1},{""price"":62195.59,""size"":0.04823966,""num_orders"":1},{""price"":62195.79,""size"":0.00027634,""num_orders"":4},{""price"":62195.99,""size"":0.01,""num_orders"":1}]"
btc_usd_d10_20260709T035423Z,0,2026-07-09T03:54:23.811256Z,2026-07-09T03:54:23.811311Z,BTC-USD,10,ok,,132325081240,2026-07-09T03:54:22.042860288Z,0.5276941,1.30546458,-0.424278862755,61908.870000000003,61908.879999999997,61908.875,0.009999999995,0.001615277292,"[{""price"":61908.87,""size"":0.02403723,""num_orders"":2},{""price"":61907.31,""size"":0.00823126,""num_orders"":1},{""price"":61905.57,""size"":0.00311583,""num_orders"":1},{""price"":61905.56,""size"":0.01,""num_orders"":1},{""price"":61905.54,""size"":0.088417,""num_orders"":1},{""price"":61905.53,""size"":0.09726052,""num_orders"":1},{""price"":61905.5,""size"":0.04845699,""num_orders"":1},{""price"":61904.84,""size"":0.23605981,""num_orders"":1},{""price"":61904.43,""size"":0.00403848,""num_orders"":1},{""price"":61904.36,""size"":0.00807698,""num_orders"":1}]","[{""price"":61908.88,""size"":0.01685057,""num_orders"":2},{""price"":61909.87,""size"":0.1292201,""num_orders"":1},{""price"":61910.0,""size"":1.01254577,""num_orders"":2},{""price"":61910.43,""size"":0.00807638,""num_orders"":1},{""price"":61911.27,""size"":0.10711464,""num_orders"":1},{""price"":61911.36,""size"":0.00130018,""num_orders"":2},{""price"":61911.98,""size"":0.00403799,""num_orders"":1},{""price"":61912.0,""size"":0.0262,""num_orders"":1},{""price"":61912.1,""size"":1.8e-05,""num_orders"":1},{""price"":61912.35,""size"":0.00010095,""num_orders"":1}]"
btc_usd_d10_20260709T035423Z,1,2026-07-09T03:55:23.811256Z,2026-07-09T03:55:23.811385Z,BTC-USD,10,ok,,132325111194,2026-07-09T03:55:22.118819145Z,0.78918555,0.91790714,-0.075403984068,61941.989999999998,61942,61941.994999999995,0.010000000002,0.001614413614,"[{""price"":61941.99,""size"":0.04813514,""num_orders"":5},{""price"":61940.44,""size"":0.00807206,""num_orders"":1},{""price"":61940.0,""size"":0.00019634,""num_orders"":1},{""price"":61938.56,""size"":0.00319929,""num_orders"":1},{""price"":61938.55,""size"":0.09726052,""num_orders"":1},{""price"":61938.54,""size"":0.04842686,""num_orders"":1},{""price"":61938.35,""size"":0.00512955,""num_orders"":1},{""price"":61938.0,""size"":0.0317,""num_orders"":1},{""price"":61937.48,""size"":0.35400043,""num_orders"":1},{""price"":61937.47,""size"":0.19306536,""num_orders"":1}]","[{""price"":61942.0,""size"":0.15895258,""num_orders"":2},{""price"":61943.44,""size"":0.01,""num_orders"":1},{""price"":61943.45,""size"":0.16321645,""num_orders"":2},{""price"":61943.46,""size"":0.09726052,""num_orders"":1},{""price"":61943.59,""size"":0.1614372,""num_orders"":1},{""price"":61944.0,""size"":0.0317,""num_orders"":1},{""price"":61944.48,""size"":0.00012612,""num_orders"":2},{""price"":61945.1,""size"":0.01008958,""num_orders"":2},{""price"":61945.31,""size"":0.18786417,""num_orders"":1},{""price"":61945.32,""size"":0.09726052,""num_orders"":1}]"
btc_usd_d10_20260709T035423Z,2,2026-07-09T03:56:23.811256Z,2026-07-09T03:56:23.811400Z,BTC-USD,10,ok,,132325141618,2026-07-09T03:56:22.154759412Z,0.48266784,0.71467884,-0.193770946941,61931.470000000001,61931.480000000003,61931.475000000006,0.010000000002,0.001614687847,"[{""price"":61931.47,""size"":0.01301145,""num_orders"":2},{""price"":61930.65,""size"":0.02431776,""num_orders"":1},{""price"":61929.92,""size"":0.00807343,""num_orders"":1},{""price"":61928.71,""size"":0.00159976,""num_orders"":1},{""price"":61928.7,""size"":0.0486697,""num_orders"":1},{""price"":61927.97,""size"":0.14844188,""num_orders"":1},{""price"":61927.96,""size"":0.09726052,""num_orders"":1},{""price"":61927.95,""size"":0.12918236,""num_orders"":1},{""price"":61927.3,""size"":0.00403699,""num_orders"":1},{""price"":61927.26,""size"":0.00807399,""num_orders"":1}]","[{""price"":61931.48,""size"":0.06319491,""num_orders"":5},{""price"":61932.0,""size"":0.0287,""num_orders"":1},{""price"":61932.18,""size"":0.00124312,""num_orders"":1},{""price"":61933.0,""size"":0.32823037,""num_orders"":1},{""price"":61933.01,""size"":0.09726052,""num_orders"":1},{""price"":61933.03,""size"":0.00807343,""num_orders"":1},{""price"":61933.18,""size"":0.12917147,""num_orders"":1},{""price"":61933.61,""size"":0.02835274,""num_orders"":1},{""price"":61933.96,""size"":0.00025228,""num_orders"":3},{""price"":61934.0,""size"":0.0302,""num_orders"":1}]"
btc_usd_d10_20260709T035423Z,3,2026-07-09T03:57:23.811256Z,2026-07-09T03:57:23.811400Z,BTC-USD,10,ok,,132325173518,2026-07-09T03:57:22.342955478Z,0.30606753,0.73618829,-0.412682521648,61926.290000000001,61926.300000000003,61926.294999999998,0.010000000002,0.001614822912,"[{""price"":61926.29,""size"":0.00016915,""num_orders"":3},{""price"":61924.0,""size"":0.0285,""num_orders"":1},{""price"":61923.2,""size"":1.8e-05,""num_orders"":1},{""price"":61923.19,""size"":0.0201863,""num_orders"":3},{""price"":61922.01,""size"":0.09726052,""num_orders"":1},{""price"":61922.0,""size"":0.0285,""num_orders"":1},{""price"":61921.25,""size"":0.02431776,""num_orders"":1},{""price"":61920.71,""size"":0.0484461,""num_orders"":1},{""price"":61920.02,""size"":0.01,""num_orders"":1},{""price"":61920.01,""size"":0.0486697,""num_orders"":1}]","[{""price"":61926.3,""size"":0.26788384,""num_orders"":8},{""price"":61926.6,""size"":0.12687329,""num_orders"":1},{""price"":61926.61,""size"":0.12918517,""num_orders"":1},{""price"":61927.85,""size"":0.00807411,""num_orders"":1},{""price"":61928.0,""size"":0.0259,""num_orders"":1},{""price"":61928.2,""size"":0.00091375,""num_orders"":1},{""price"":61929.15,""size"":0.00319954,""num_orders"":1},{""price"":61929.93,""size"":0.13816605,""num_orders"":1},{""price"":61930.0,""size"":0.0259,""num_orders"":1},{""price"":61930.55,""size"":0.01009254,""num_orders"":1}]"
btc_usd_d10_20260709T035423Z,4,2026-07-09T03:58:23.811256Z,2026-07-09T03:58:23.811431Z,BTC-USD,10,ok,,132325203955,2026-07-09T03:58:22.622899290Z,0.55490282,0.67051637,-0.094346123305,61923.199999999997,61923.209999999999,61923.205000000002,0.010000000002,0.001614903492,"[{""price"":61923.2,""size"":8.159e-05,""num_orders"":2},{""price"":61920.91,""size"":0.04844324,""num_orders"":1},{""price"":61920.1,""size"":0.02220603,""num_orders"":4},{""price"":61919.74,""size"":0.10403037,""num_orders"":2},{""price"":61919.59,""size"":0.00012655,""num_orders"":3},{""price"":61919.5,""size"":1.8e-05,""num_orders"":1},{""price"":61919.22,""size"":0.09726052,""num_orders"":1},{""price"":61919.21,""size"":0.1292006,""num_orders"":1},{""price"":61918.56,""size"":7.828e-05,""num_orders"":1},{""price"":61918.52,""size"":0.15345764,""num_orders"":2}]","[{""price"":61923.21,""size"":0.20616574,""num_orders"":7},{""price"":61923.75,""size"":0.00177818,""num_orders"":1},{""price"":61923.76,""size"":0.01,""num_orders"":1},{""price"":61923.81,""size"":0.19643142,""num_orders"":2},{""price"":61924.0,""size"":0.0347,""num_orders"":1},{""price"":61924.6,""size"":0.12918937,""num_orders"":1},{""price"":61924.62,""size"":0.0486697,""num_orders"":1},{""price"":61924.76,""size"":0.00807451,""num_orders"":1},{""price"":61924.94,""size"":0.00080745,""num_orders"":1},{""price"":61926.0,""size"":0.0347,""num_orders"":1}]"
btc_usd_d10_20260709T035423Z,5,2026-07-09T03:59:23.811256Z,2026-07-09T03:59:23.811393Z,BTC-USD,10,ok,,132325230837,2026-07-09T03:59:21.129523811Z,0.40068772,0.5495693,-0.156675064605,61926.82,61926.830000000002,61926.824999999997,0.010000000002,0.001614809092,"[{""price"":61926.82,""size"":0.01064195,""num_orders"":3},{""price"":61925.27,""size"":0.00807404,""num_orders"":1},{""price"":61924.45,""size"":0.02431776,""num_orders"":1},{""price"":61924.44,""size"":0.172,""num_orders"":1},{""price"":61924.0,""size"":0.0282,""num_orders"":1},{""price"":61923.35,""size"":0.0486697,""num_orders"":1},{""price"":61923.33,""size"":0.00201863,""num_orders"":1},{""price"":61923.32,""size"":0.0080745,""num_orders"":1},{""price"":61923.18,""size"":0.00143062,""num_orders"":1},{""price"":61922.67,""size"":0.09726052,""num_orders"":1}]","[{""price"":61926.83,""size"":0.03750231,""num_orders"":4},{""price"":61926.96,""size"":0.09894439,""num_orders"":1},{""price"":61926.97,""size"":0.12918442,""num_orders"":1},{""price"":61928.0,""size"":0.0282,""num_orders"":1},{""price"":61928.38,""size"":0.00807404,""num_orders"":1},{""price"":61929.31,""size"":0.00012615,""num_orders"":2},{""price"":61929.92,""size"":0.00285626,""num_orders"":1},{""price"":61929.93,""size"":0.01009205,""num_orders"":2},{""price"":61930.0,""size"":0.0282,""num_orders"":1},{""price"":61930.23,""size"":0.20638968,""num_orders"":1}]"
btc_usd_d10_20260709T035423Z,6,2026-07-09T04:00:23.811256Z,2026-07-09T04:00:23.811414Z,BTC-USD,10,ok,,132325276506,2026-07-09T04:00:21.547536973Z,0.53133159,0.82553699,-0.216826746773,61957.339999999997,61957.349999999999,61957.345000000001,0.010000000002,0.001614013641,"[{""price"":61957.34,""size"":0.07835813,""num_orders"":3},{""price"":61956.5,""size"":1.8e-05,""num_orders"":1},{""price"":61956.07,""size"":0.00404656,""num_orders"":1},{""price"":61954.28,""size"":0.01412332,""num_orders"":3},{""price"":61954.24,""size"":0.00807047,""num_orders"":1},{""price"":61954.0,""size"":0.0229,""num_orders"":1},{""price"":61953.96,""size"":0.00809312,""num_orders"":1},{""price"":61953.52,""size"":0.24730438,""num_orders"":2},{""price"":61953.51,""size"":0.1,""num_orders"":1},{""price"":61953.08,""size"":0.04841761,""num_orders"":1}]","[{""price"":61957.35,""size"":0.04340536,""num_orders"":3},{""price"":61957.99,""size"":0.15179536,""num_orders"":1},{""price"":61958.0,""size"":0.0229,""num_orders"":1},{""price"":61958.9,""size"":0.00807006,""num_orders"":1},{""price"":61959.15,""size"":0.12911734,""num_orders"":1},{""price"":61959.99,""size"":0.0486697,""num_orders"":1},{""price"":61960.0,""size"":0.0229,""num_orders"":1},{""price"":61960.07,""size"":0.09683057,""num_orders"":1},{""price"":61960.68,""size"":0.17273448,""num_orders"":1},{""price"":61960.69,""size"":0.12911412,""num_orders"":1}]"
btc_usd_d10_20260709T035423Z,7,2026-07-09T04:01:23.811256Z,2026-07-09T04:01:23.811427Z,BTC-USD,10,ok,,132325332330,2026-07-09T04:01:22.547433220Z,1.48178493,0.0451289,0.940888740264,61930.589999999997,61930.599999999999,61930.595000000001,0.010000000002,0.001614710791,"[{""price"":61930.59,""size"":0.52977049,""num_orders"":9},{""price"":61930.58,""size"":0.03245384,""num_orders"":2},{""price"":61930.57,""size"":0.00308825,""num_orders"":1},{""price"":61930.56,""size"":0.03,""num_orders"":1},{""price"":61930.02,""size"":0.09683057,""num_orders"":1},{""price"":61930.01,""size"":0.18927195,""num_orders"":1},{""price"":61930.0,""size"":0.1583781,""num_orders"":2},{""price"":61929.63,""size"":0.1,""num_orders"":1},{""price"":61929.04,""size"":0.00807355,""num_orders"":1},{""price"":61928.68,""size"":0.33391818,""num_orders"":1}]","[{""price"":61930.6,""size"":5.76e-06,""num_orders"":1},{""price"":61934.0,""size"":0.0307,""num_orders"":1},{""price"":61934.3,""size"":1.8e-05,""num_orders"":1},{""price"":61934.73,""size"":2.523e-05,""num_orders"":1},{""price"":61934.76,""size"":5.046e-05,""num_orders"":1},{""price"":61934.78,""size"":0.00010091,""num_orders"":1},{""price"":61934.83,""size"":0.00010091,""num_orders"":1},{""price"":61935.35,""size"":0.00201823,""num_orders"":1},{""price"":61935.38,""size"":0.00403647,""num_orders"":1},{""price"":61935.4,""size"":0.00807293,""num_orders"":1}]"
btc_usd_d10_20260709T035423Z,8,2026-07-09T04:02:23.811256Z,2026-07-09T04:02:23.811377Z,BTC-USD,10,ok,,132325369744,2026-07-09T04:02:23.343916337Z,1.08687476,0.14785842,0.760501422664,61940.959999999999,61940.970000000001,61940.964999999997,0.010000000002,0.00161444046,"[{""price"":61940.96,""size"":0.23431441,""num_orders"":10},{""price"":61940.01,""size"":0.00319954,""num_orders"":1},{""price"":61940.0,""size"":0.0322,""num_orders"":1},{""price"":61939.93,""size"":0.09683057,""num_orders"":1},{""price"":61939.92,""size"":0.3389579,""num_orders"":1},{""price"":61939.91,""size"":0.08761996,""num_orders"":2},{""price"":61939.44,""size"":0.02423185,""num_orders"":1},{""price"":61939.42,""size"":0.1,""num_orders"":1},{""price"":61939.41,""size"":0.0080722,""num_orders"":1},{""price"":61939.32,""size"":0.16144833,""num_orders"":1}]","[{""price"":61940.97,""size"":0.0080722,""num_orders"":1},{""price"":61942.52,""size"":0.0080722,""num_orders"":1},{""price"":61943.96,""size"":7.567e-05,""num_orders"":2},{""price"":61943.99,""size"":0.0486697,""num_orders"":1},{""price"":61944.0,""size"":0.0322,""num_orders"":1},{""price"":61944.02,""size"":0.0001009,""num_orders"":1},{""price"":61944.58,""size"":0.0060538,""num_orders"":2},{""price"":61944.6,""size"":0.02645198,""num_orders"":1},{""price"":61944.61,""size"":0.01009025,""num_orders"":1},{""price"":61944.64,""size"":0.00807172,""num_orders"":1}]"
btc_usd_d10_20260709T035423Z,9,2026-07-09T04:03:23.811256Z,2026-07-09T04:03:23.811396Z,BTC-USD,10,ok,,132325408530,2026-07-09T04:03:21.046652535Z,0.88093139,0.65319826,0.1484445138,61943.080000000002,61943.089999999997,61943.084999999999,0.009999999995,0.001614385205,"[{""price"":61943.08,""size"":0.12915081,""num_orders"":1},{""price"":61941.7,""size"":1.8e-05,""num_orders"":1},{""price"":61941.53,""size"":0.01009016,""num_orders"":2},{""price"":61940.24,""size"":0.2769412,""num_orders"":1},{""price"":61940.0,""size"":0.0338,""num_orders"":1},{""price"":61939.95,""size"":0.04842051,""num_orders"":1},{""price"":61939.58,""size"":0.02423185,""num_orders"":1},{""price"":61939.33,""size"":0.16144829,""num_orders"":1},{""price"":61938.12,""size"":0.1,""num_orders"":1},{""price"":61938.11,""size"":0.09683057,""num_orders"":1}]","[{""price"":61943.09,""size"":0.13385114,""num_orders"":7},{""price"":61943.1,""size"":0.03,""num_orders"":1},{""price"":61943.12,""size"":0.03,""num_orders"":1},{""price"":61943.46,""size"":0.00159977,""num_orders"":1},{""price"":61943.47,""size"":0.02,""num_orders"":2},{""price"":61943.48,""size"":0.06301504,""num_orders"":1},{""price"":61944.62,""size"":0.01,""num_orders"":1},{""price"":61944.99,""size"":0.32286044,""num_orders"":1},{""price"":61945.03,""size"":0.00807187,""num_orders"":1},{""price"":61946.0,""size"":0.0338,""num_orders"":1}]"
btc_usd_d10_20260709T035423Z,10,2026-07-09T04:04:23.811256Z,2026-07-09T04:04:23.811386Z,BTC-USD,10,ok,,132325440239,2026-07-09T04:04:21.120431953Z,1.31040233,0.69827732,0.304739986787,61960.190000000002,61960.199999999997,61960.195,0.009999999995,0.0016139394,"[{""price"":61960.19,""size"":0.23948768,""num_orders"":7},{""price"":61960.0,""size"":0.0305,""num_orders"":1},{""price"":61959.6,""size"":0.36061499,""num_orders"":2},{""price"":61959.59,""size"":0.11868,""num_orders"":1},{""price"":61959.19,""size"":0.04841695,""num_orders"":1},{""price"":61958.0,""size"":0.03065607,""num_orders"":2},{""price"":61957.75,""size"":0.09683057,""num_orders"":1},{""price"":61956.88,""size"":0.02423185,""num_orders"":1},{""price"":61956.53,""size"":0.19958071,""num_orders"":1},{""price"":61956.52,""size"":0.16140351,""num_orders"":1}]","[{""price"":61960.2,""size"":1.8e-05,""num_orders"":1},{""price"":61960.88,""size"":0.00319954,""num_orders"":1},{""price"":61960.89,""size"":0.0486697,""num_orders"":1},{""price"":61961.75,""size"":0.00485,""num_orders"":1},{""price"":61962.08,""size"":0.00012609,""num_orders"":2},{""price"":61962.7,""size"":0.01008671,""num_orders"":2},{""price"":61962.92,""size"":9.7e-05,""num_orders"":1},{""price"":61963.84,""size"":0.308404,""num_orders"":1},{""price"":61963.85,""size"":0.32280828,""num_orders"":1},{""price"":61963.9,""size"":1.8e-05,""num_orders"":1}]"
btc_usd_d10_20260709T035423Z,11,2026-07-09T04:05:23.811256Z,2026-07-09T04:05:23.811385Z,BTC-USD,10,ok,,132325471121,2026-07-09T04:05:23.101518532Z,0.46957507,0.19811124,0.406573904443,61980.889999999999,61980.900000000001,61980.895000000004,0.010000000002,0.001613400388,"[{""price"":61980.89,""size"":0.16535308,""num_orders"":4},{""price"":61980.0,""size"":0.029,""num_orders"":1},{""price"":61979.56,""size"":0.01962229,""num_orders"":2},{""price"":61978.63,""size"":0.02,""num_orders"":2},{""price"":61978.01,""size"":0.00244874,""num_orders"":1},{""price"":61978.0,""size"":0.029,""num_orders"":1},{""price"":61976.56,""size"":0.00319954,""num_orders"":1},{""price"":61976.55,""size"":0.07512085,""num_orders"":1},{""price"":61976.54,""size"":0.09683057,""num_orders"":1},{""price"":61976.0,""size"":0.029,""num_orders"":1}]","[{""price"":61980.9,""size"":0.00040173,""num_orders"":1},{""price"":61982.4,""size"":1.8e-05,""num_orders"":1},{""price"":61983.3,""size"":0.00485,""num_orders"":1},{""price"":61984.41,""size"":9.7e-05,""num_orders"":1},{""price"":61984.84,""size"":0.10400978,""num_orders"":2},{""price"":61984.85,""size"":0.04840489,""num_orders"":1},{""price"":61985.34,""size"":0.00161184,""num_orders"":1},{""price"":61986.0,""size"":0.029,""num_orders"":1},{""price"":61986.1,""size"":1.8e-05,""num_orders"":1},{""price"":61986.57,""size"":0.0097,""num_orders"":1}]"
btc_usd_d10_20260709T035423Z,12,2026-07-09T04:06:23.811256Z,2026-07-09T04:06:23.811386Z,BTC-USD,10,ok,,132325514513,2026-07-09T04:06:22.826101161Z,0.22928839,0.72987941,-0.521901402445,62004.800000000003,62004.809999999998,62004.805,0.009999999995,0.001612778235,"[{""price"":62004.8,""size"":0.00041563,""num_orders"":2},{""price"":62000.9,""size"":1.8e-05,""num_orders"":1},{""price"":62000.4,""size"":0.12903141,""num_orders"":1},{""price"":62000.0,""size"":0.0487,""num_orders"":2},{""price"":61999.63,""size"":0.028049,""num_orders"":1},{""price"":61999.23,""size"":0.00403231,""num_orders"":1},{""price"":61999.21,""size"":0.00201615,""num_orders"":1},{""price"":61999.13,""size"":0.00806463,""num_orders"":1},{""price"":61999.07,""size"":0.00806464,""num_orders"":1},{""price"":61998.96,""size"":0.00089662,""num_orders"":2}]","[{""price"":62004.81,""size"":0.09437099,""num_orders"":7},{""price"":62005.39,""size"":0.00171111,""num_orders"":1},{""price"":62005.4,""size"":0.29035066,""num_orders"":1},{""price"":62005.73,""size"":0.09683057,""num_orders"":1},{""price"":62006.0,""size"":0.0387,""num_orders"":1},{""price"":62006.45,""size"":0.00806389,""num_orders"":1},{""price"":62007.29,""size"":0.00027718,""num_orders"":4},{""price"":62007.42,""size"":0.04838467,""num_orders"":1},{""price"":62007.91,""size"":0.02217459,""num_orders"":4},{""price"":62007.93,""size"":0.12901575,""num_orders"":1}]"
btc_usd_d10_20260709T035423Z,13,2026-07-09T04:07:23.811256Z,2026-07-09T04:07:23.811387Z,BTC-USD,10,ok,,132325556346,2026-07-09T04:07:23.131477688Z,0.33471617,0.26089139,0.123948695346,62009.82,62009.830000000002,62009.824999999997,0.010000000002,0.001612647673,"[{""price"":62009.82,""size"":0.06298937,""num_orders"":4},{""price"":62008.27,""size"":0.00806323,""num_orders"":1},{""price"":62008.0,""size"":0.0315,""num_orders"":1},{""price"":62007.35,""size"":0.12901694,""num_orders"":1},{""price"":62006.17,""size"":0.01007904,""num_orders"":1},{""price"":62006.01,""size"":0.00237995,""num_orders"":1},{""price"":62006.0,""size"":0.0315,""num_orders"":1},{""price"":62005.26,""size"":0.04838129,""num_orders"":1},{""price"":62004.64,""size"":0.01,""num_orders"":1},{""price"":62004.63,""size"":0.00080635,""num_orders"":1}]","[{""price"":62009.83,""size"":0.00081959,""num_orders"":1},{""price"":62009.84,""size"":0.0486697,""num_orders"":1},{""price"":62009.99,""size"":0.0486697,""num_orders"":1},{""price"":62010.18,""size"":0.00017638,""num_orders"":3},{""price"":62010.74,""size"":9.7e-05,""num_orders"":1},{""price"":62010.8,""size"":0.01411045,""num_orders"":3},{""price"":62011.99,""size"":0.01,""num_orders"":1},{""price"":62012.0,""size"":0.031518,""num_orders"":2},{""price"":62012.76,""size"":0.01,""num_orders"":1},{""price"":62012.77,""size"":0.09683057,""num_orders"":1}]"
btc_usd_d10_20260709T035423Z,14,2026-07-09T04:08:23.811256Z,2026-07-09T04:08:23.811396Z,BTC-USD,10,ok,,132325580445,2026-07-09T04:08:21.546441775Z,0.60994475,0.77148703,-0.116938297163,62004.639999999999,62004.650000000001,62004.645000000004,0.010000000002,0.001612782398,"[{""price"":62004.64,""size"":0.02629371,""num_orders"":4},{""price"":62004.21,""size"":0.00134865,""num_orders"":1},{""price"":62003.09,""size"":0.00806391,""num_orders"":1},{""price"":62002.32,""size"":0.27098741,""num_orders"":1},{""price"":62002.06,""size"":0.27099423,""num_orders"":1},{""price"":62001.32,""size"":0.00806435,""num_orders"":1},{""price"":62001.31,""size"":0.00201609,""num_orders"":1},{""price"":62001.3,""size"":0.00806435,""num_orders"":1},{""price"":62001.29,""size"":0.00403217,""num_orders"":1},{""price"":62000.99,""size"":0.01007988,""num_orders"":1}]","[{""price"":62004.65,""size"":0.07050137,""num_orders"":5},{""price"":62005.28,""size"":0.00319954,""num_orders"":1},{""price"":62005.29,""size"":0.36284889,""num_orders"":1},{""price"":62005.3,""size"":0.12902122,""num_orders"":1},{""price"":62005.99,""size"":0.0486697,""num_orders"":1},{""price"":62006.0,""size"":0.0299,""num_orders"":1},{""price"":62006.2,""size"":0.00806391,""num_orders"":1},{""price"":62007.13,""size"":0.00027718,""num_orders"":4},{""price"":62007.69,""size"":0.09683057,""num_orders"":1},{""price"":62007.75,""size"":0.02217465,""num_orders"":4}]"
btc_usd_d10_20260709T035423Z,15,2026-07-09T04:09:23.811256Z,2026-07-09T04:09:23.811398Z,BTC-USD,10,ok,,132325614863,2026-07-09T04:09:22.099798215Z,0.63900592,0.21712528,0.492775686717,62014.669999999998,62014.68,62014.675000000003,0.010000000002,0.001612521553,"[{""price"":62014.67,""size"":0.12900172,""num_orders"":1},{""price"":62014.66,""size"":0.04775487,""num_orders"":2},{""price"":62013.07,""size"":0.1,""num_orders"":1},{""price"":62013.02,""size"":0.09683057,""num_orders"":1},{""price"":62012.88,""size"":0.00806284,""num_orders"":1},{""price"":62012.37,""size"":0.12900651,""num_orders"":1},{""price"":62012.32,""size"":2.419e-05,""num_orders"":1},{""price"":62012.22,""size"":7.665e-05,""num_orders"":1},{""price"":62012.0,""size"":0.031418,""num_orders"":2},{""price"":62011.1,""size"":0.09683057,""num_orders"":1}]","[{""price"":62014.68,""size"":0.0229,""num_orders"":2},{""price"":62014.98,""size"":0.00225545,""num_orders"":1},{""price"":62015.98,""size"":0.00867016,""num_orders"":1},{""price"":62015.99,""size"":0.06516754,""num_orders"":1},{""price"":62017.54,""size"":0.00806243,""num_orders"":1},{""price"":62017.92,""size"":0.01,""num_orders"":1},{""price"":62017.95,""size"":0.01,""num_orders"":1},{""price"":62017.96,""size"":0.01,""num_orders"":1},{""price"":62017.97,""size"":0.0486697,""num_orders"":1},{""price"":62018.0,""size"":0.0314,""num_orders"":1}]"
btc_usd_d10_20260709T035423Z,16,2026-07-09T04:10:23.811256Z,2026-07-09T04:10:23.811390Z,BTC-USD,10,ok,,132325641730,2026-07-09T04:10:21.542850490Z,0.50350949,0.49027334,0.013318956215,61990.400000000001,61990.410000000003,61990.404999999999,0.010000000002,0.001613152875,"[{""price"":61990.4,""size"":0.02218684,""num_orders"":5},{""price"":61989.8,""size"":1.77e-05,""num_orders"":1},{""price"":61988.67,""size"":0.0486697,""num_orders"":1},{""price"":61988.0,""size"":0.0269,""num_orders"":1},{""price"":61987.34,""size"":0.12905859,""num_orders"":1},{""price"":61986.82,""size"":0.09683057,""num_orders"":1},{""price"":61986.15,""size"":0.07299752,""num_orders"":1},{""price"":61986.1,""size"":1.8e-05,""num_orders"":1},{""price"":61985.0,""size"":0.01,""num_orders"":1},{""price"":61984.88,""size"":0.09683057,""num_orders"":1}]","[{""price"":61990.41,""size"":0.15605656,""num_orders"":5},{""price"":61990.42,""size"":0.03,""num_orders"":1},{""price"":61990.44,""size"":0.03,""num_orders"":1},{""price"":61991.95,""size"":0.00161492,""num_orders"":1},{""price"":61991.96,""size"":0.00806576,""num_orders"":1},{""price"":61991.98,""size"":0.08079931,""num_orders"":1},{""price"":61992.0,""size"":0.0269,""num_orders"":1},{""price"":61993.02,""size"":0.00161166,""num_orders"":1},{""price"":61993.48,""size"":0.05839456,""num_orders"":2},{""price"":61993.53,""size"":0.09683057,""num_orders"":1}]"
btc_usd_d10_20260709T035423Z,17,2026-07-09T04:11:23.811256Z,2026-07-09T04:11:23.811393Z,BTC-USD,10,ok,,132325682243,2026-07-09T04:11:22.540674186Z,0.85015075,0.08881673,0.810820434378,61982.389999999999,61982.400000000001,61982.395000000004,0.010000000002,0.001613361343,"[{""price"":61982.39,""size"":0.05244324,""num_orders"":4},{""price"":61982.08,""size"":0.12906956,""num_orders"":1},{""price"":61980.0,""size"":0.0297,""num_orders"":1},{""price"":61979.9,""size"":0.16376046,""num_orders"":1},{""price"":61979.29,""size"":0.00605041,""num_orders"":2},{""price"":61978.92,""size"":0.04839971,""num_orders"":1},{""price"":61978.72,""size"":0.09683057,""num_orders"":1},{""price"":61978.69,""size"":0.12907662,""num_orders"":1},{""price"":61978.19,""size"":0.14615048,""num_orders"":2},{""price"":61978.04,""size"":0.0486697,""num_orders"":1}]","[{""price"":61982.4,""size"":1.8e-05,""num_orders"":1},{""price"":61983.93,""size"":0.00159973,""num_orders"":1},{""price"":61983.94,""size"":0.00451883,""num_orders"":1},{""price"":61983.98,""size"":0.0486697,""num_orders"":1},{""price"":61984.0,""size"":0.0297,""num_orders"":1},{""price"":61985.21,""size"":5.042e-05,""num_orders"":1},{""price"":61985.31,""size"":2.521e-05,""num_orders"":1},{""price"":61985.32,""size"":0.00010083,""num_orders"":1},{""price"":61985.38,""size"":0.00010083,""num_orders"":1},{""price"":61985.83,""size"":0.00403318,""num_orders"":1}]"
btc_usd_d10_20260709T035423Z,18,2026-07-09T04:12:23.811256Z,2026-07-09T04:12:23.811401Z,BTC-USD,10,ok,,132325711393,2026-07-09T04:12:23.569882963Z,1.43729269,0.3488989,0.609337652295,61965.449999999997,61965.459999999999,61965.455000000002,0.010000000002,0.0016138024,"[{""price"":61965.45,""size"":0.55807408,""num_orders"":10},{""price"":61964.4,""size"":0.25149993,""num_orders"":2},{""price"":61964.39,""size"":0.1,""num_orders"":1},{""price"":61964.0,""size"":0.0296,""num_orders"":1},{""price"":61963.9,""size"":0.00036985,""num_orders"":2},{""price"":61963.72,""size"":0.1291078,""num_orders"":1},{""price"":61962.35,""size"":0.01412148,""num_orders"":3},{""price"":61962.17,""size"":0.22808898,""num_orders"":1},{""price"":61962.16,""size"":0.09683057,""num_orders"":1},{""price"":61962.0,""size"":0.0296,""num_orders"":1}]","[{""price"":61965.46,""size"":0.01806901,""num_orders"":2},{""price"":61967.01,""size"":0.00806901,""num_orders"":1},{""price"":61969.1,""size"":0.01008626,""num_orders"":1},{""price"":61970.0,""size"":0.0296,""num_orders"":1},{""price"":61971.71,""size"":0.00160037,""num_orders"":1},{""price"":61971.72,""size"":0.10549028,""num_orders"":1},{""price"":61971.73,""size"":0.09683057,""num_orders"":1},{""price"":61971.89,""size"":0.0486697,""num_orders"":1},{""price"":61971.99,""size"":0.0008837,""num_orders"":1},{""price"":61972.0,""size"":0.0296,""num_orders"":1}]"
btc_usd_d10_20260709T035423Z,19,2026-07-09T04:13:23.811256Z,2026-07-09T04:13:23.811398Z,BTC-USD,10,ok,,132325737073,2026-07-09T04:13:22.641579801Z,0.39076678,1.16376852,-0.497255829443,61997.190000000002,61997.199999999997,61997.195,0.009999999995,0.001612976199,"[{""price"":61997.19,""size"":0.01116898,""num_orders"":2},{""price"":61995.77,""size"":0.00123658,""num_orders"":1},{""price"":61995.64,""size"":0.00806488,""num_orders"":1},{""price"":61993.03,""size"":0.0031993,""num_orders"":1},{""price"":61993.02,""size"":0.09683057,""num_orders"":1},{""price"":61992.97,""size"":0.1,""num_orders"":1},{""price"":61992.94,""size"":0.01008119,""num_orders"":1},{""price"":61992.0,""size"":0.0311,""num_orders"":1},{""price"":61991.49,""size"":0.12904996,""num_orders"":1},{""price"":61990.79,""size"":3.532e-05,""num_orders"":1}]","[{""price"":61997.2,""size"":0.42773101,""num_orders"":10},{""price"":61997.22,""size"":0.14052358,""num_orders"":2},{""price"":61998.0,""size"":0.0326,""num_orders"":1},{""price"":61998.51,""size"":0.12903536,""num_orders"":1},{""price"":61998.75,""size"":0.00806488,""num_orders"":1},{""price"":61999.09,""size"":0.04839112,""num_orders"":1},{""price"":61999.68,""size"":0.00027722,""num_orders"":4},{""price"":62000.0,""size"":0.0326,""num_orders"":1},{""price"":62000.12,""size"":0.09683057,""num_orders"":1},{""price"":62000.13,""size"":0.24771478,""num_orders"":2}]"
btc_usd_d10_20260709T035423Z,20,2026-07-09T04:14:23.811256Z,2026-07-09T04:14:23.811402Z,BTC-USD,10,ok,,132325762347,2026-07-09T04:14:23.131437907Z,0.20268755,0.74490928,-0.572207201242,62011.760000000002,62011.769999999997,62011.764999999999,0.009999999995,0.001612597222,"[{""price"":62011.76,""size"":0.00033957,""num_orders"":2},{""price"":62008.9,""size"":0.00165682,""num_orders"":1},{""price"":62008.3,""size"":1.8e-05,""num_orders"":1},{""price"":62008.01,""size"":0.00319945,""num_orders"":1},{""price"":62008.0,""size"":0.0377,""num_orders"":1},{""price"":62007.99,""size"":0.00016206,""num_orders"":1},{""price"":62006.75,""size"":0.09683057,""num_orders"":1},{""price"":62006.73,""size"":0.00604773,""num_orders"":2},{""price"":62006.68,""size"":0.00806365,""num_orders"":1},{""price"":62006.52,""size"":0.0486697,""num_orders"":1}]","[{""price"":62011.77,""size"":0.34836527,""num_orders"":8},{""price"":62011.87,""size"":0.1608952,""num_orders"":1},{""price"":62012.58,""size"":0.02423185,""num_orders"":1},{""price"":62013.24,""size"":0.00161058,""num_orders"":1},{""price"":62013.32,""size"":0.00806298,""num_orders"":1},{""price"":62014.25,""size"":0.00017637,""num_orders"":3},{""price"":62014.36,""size"":0.12900239,""num_orders"":1},{""price"":62014.43,""size"":0.04837639,""num_orders"":1},{""price"":62014.87,""size"":0.01410952,""num_orders"":3},{""price"":62015.42,""size"":0.01007873,""num_orders"":1}]"
btc_usd_d10_20260709T035423Z,21,2026-07-09T04:15:23.811256Z,2026-07-09T04:15:23.811390Z,BTC-USD,10,ok,,132325794669,2026-07-09T04:15:23.175221724Z,0.3688018,0.37150406,-0.003650193989,61975,61975.010000000002,61975.005000000005,0.010000000002,0.001613553723,"[{""price"":61975.0,""size"":0.02104727,""num_orders"":2},{""price"":61974.52,""size"":0.00806779,""num_orders"":1},{""price"":61972.53,""size"":0.01886494,""num_orders"":1},{""price"":61972.02,""size"":0.09683057,""num_orders"":1},{""price"":61972.01,""size"":0.0486697,""num_orders"":1},{""price"":61972.0,""size"":0.034,""num_orders"":1},{""price"":61971.8,""size"":0.12909096,""num_orders"":1},{""price"":61971.7,""size"":0.00011021,""num_orders"":3},{""price"":61971.41,""size"":0.01210236,""num_orders"":2},{""price"":61971.3,""size"":1.8e-05,""num_orders"":1}]","[{""price"":61975.01,""size"":0.02610806,""num_orders"":3},{""price"":61975.02,""size"":0.03,""num_orders"":1},{""price"":61975.04,""size"":0.03,""num_orders"":1},{""price"":61975.11,""size"":0.00843904,""num_orders"":1},{""price"":61975.86,""size"":0.00080677,""num_orders"":1},{""price"":61976.0,""size"":0.034,""num_orders"":1},{""price"":61976.73,""size"":0.00806782,""num_orders"":1},{""price"":61977.07,""size"":0.00161058,""num_orders"":1},{""price"":61977.93,""size"":0.18406456,""num_orders"":1},{""price"":61977.94,""size"":0.04840723,""num_orders"":1}]"
btc_usd_d10_20260709T035423Z,22,2026-07-09T04:16:23.811256Z,2026-07-09T04:16:23.811394Z,BTC-USD,10,ok,,132325826833,2026-07-09T04:16:21.026941093Z,0.65319657,0.36369861,0.284688103252,62007.440000000002,62007.449999999997,62007.445,0.009999999995,0.00161270957,"[{""price"":62007.44,""size"":0.00921612,""num_orders"":3},{""price"":62006.83,""size"":0.00331812,""num_orders"":2},{""price"":62006.82,""size"":0.02076382,""num_orders"":1},{""price"":62006.05,""size"":0.12901966,""num_orders"":1},{""price"":62005.27,""size"":0.00806362,""num_orders"":1},{""price"":62004.13,""size"":0.18059026,""num_orders"":1},{""price"":62004.12,""size"":0.09683057,""num_orders"":1},{""price"":62004.0,""size"":0.0277,""num_orders"":1},{""price"":62003.65,""size"":0.0486697,""num_orders"":1},{""price"":62003.62,""size"":0.1290247,""num_orders"":1}]","[{""price"":62007.45,""size"":0.021,""num_orders"":1},{""price"":62007.98,""size"":0.02,""num_orders"":2},{""price"":62008.0,""size"":0.0277,""num_orders"":1},{""price"":62008.3,""size"":1.8e-05,""num_orders"":1},{""price"":62009.31,""size"":0.00022678,""num_orders"":3},{""price"":62009.93,""size"":0.01814225,""num_orders"":3},{""price"":62010.0,""size"":0.0277,""num_orders"":1},{""price"":62011.96,""size"":0.10341131,""num_orders"":1},{""price"":62011.97,""size"":0.09683057,""num_orders"":1},{""price"":62011.98,""size"":0.0486697,""num_orders"":1}]"
btc_usd_d10_20260709T035423Z,23,2026-07-09T04:17:23.811256Z,2026-07-09T04:17:23.811385Z,BTC-USD,10,ok,,132325868646,2026-07-09T04:17:21.603506419Z,0.45529335,1.20129182,-0.450323040137,62023.699999999997,62023.709999999999,62023.705000000002,0.010000000002,0.001612286786,"[{""price"":62023.7,""size"":0.00022332,""num_orders"":2},{""price"":62023.1,""size"":1.8e-05,""num_orders"":1},{""price"":62020.61,""size"":0.0486697,""num_orders"":1},{""price"":62020.6,""size"":0.02217006,""num_orders"":4},{""price"":62020.0,""size"":0.01,""num_orders"":1},{""price"":62019.4,""size"":1.8e-05,""num_orders"":1},{""price"":62018.16,""size"":0.09683057,""num_orders"":1},{""price"":62018.15,""size"":0.1,""num_orders"":1},{""price"":62017.46,""size"":0.04836491,""num_orders"":1},{""price"":62016.08,""size"":0.12899879,""num_orders"":1}]","[{""price"":62023.71,""size"":0.5395616,""num_orders"":13},{""price"":62023.89,""size"":0.00159991,""num_orders"":1},{""price"":62023.9,""size"":0.28124439,""num_orders"":1},{""price"":62023.91,""size"":0.12898252,""num_orders"":1},{""price"":62024.0,""size"":0.0379,""num_orders"":1},{""price"":62024.89,""size"":0.0486697,""num_orders"":1},{""price"":62025.26,""size"":0.00806143,""num_orders"":1},{""price"":62025.68,""size"":0.09683057,""num_orders"":1},{""price"":62026.76,""size"":0.04836491,""num_orders"":1},{""price"":62027.36,""size"":0.01007679,""num_orders"":1}]"
btc_usd_d10_20260709T035423Z,24,2026-07-09T04:18:23.811256Z,2026-07-09T04:18:23.811390Z,BTC-USD,10,ok,,132325901577,2026-07-09T04:18:21.660857044Z,1.81404496,0.20575113,0.796265443805,62021.989999999998,62022,62021.994999999995,0.010000000002,0.001612331239,"[{""price"":62021.99,""size"":0.24597996,""num_orders"":9},{""price"":62021.97,""size"":0.00129058,""num_orders"":1},{""price"":62020.78,""size"":0.00319951,""num_orders"":1},{""price"":62020.77,""size"":0.18322325,""num_orders"":3},{""price"":62020.76,""size"":0.09683057,""num_orders"":1},{""price"":62020.0,""size"":0.16149063,""num_orders"":2},{""price"":62019.07,""size"":0.06,""num_orders"":2},{""price"":62018.35,""size"":0.02423185,""num_orders"":1},{""price"":62018.34,""size"":0.94096804,""num_orders"":2},{""price"":62018.33,""size"":0.09683057,""num_orders"":1}]","[{""price"":62022.0,""size"":0.00485095,""num_orders"":1},{""price"":62023.55,""size"":0.00806165,""num_orders"":1},{""price"":62024.48,""size"":0.00027711,""num_orders"":4},{""price"":62025.1,""size"":0.02216844,""num_orders"":4},{""price"":62025.65,""size"":0.01007707,""num_orders"":1},{""price"":62026.8,""size"":1.8e-05,""num_orders"":1},{""price"":62027.99,""size"":0.02423185,""num_orders"":1},{""price"":62028.0,""size"":0.0342,""num_orders"":1},{""price"":62029.19,""size"":0.099093,""num_orders"":1},{""price"":62029.73,""size"":0.00277306,""num_orders"":1}]"
btc_usd_d10_20260709T035423Z,25,2026-07-09T04:19:23.811256Z,2026-07-09T04:19:23.811402Z,BTC-USD,10,ok,,132325933528,2026-07-09T04:19:22.535468947Z,0.45598868,0.85721108,-0.305530363484,61986.150000000001,61986.160000000003,61986.154999999999,0.010000000002,0.001613263478,"[{""price"":61986.15,""size"":0.02294165,""num_orders"":3},{""price"":61985.27,""size"":0.00146087,""num_orders"":1},{""price"":61984.02,""size"":0.00171476,""num_orders"":1},{""price"":61984.01,""size"":0.12905294,""num_orders"":1},{""price"":61984.0,""size"":0.0415,""num_orders"":1},{""price"":61983.65,""size"":0.1,""num_orders"":1},{""price"":61983.05,""size"":0.02218348,""num_orders"":4},{""price"":61982.52,""size"":0.00804828,""num_orders"":1},{""price"":61982.48,""size"":0.1290687,""num_orders"":1},{""price"":61982.4,""size"":1.8e-05,""num_orders"":1}]","[{""price"":61986.16,""size"":0.09043866,""num_orders"":3},{""price"":61987.72,""size"":0.01,""num_orders"":1},{""price"":61987.73,""size"":0.0586697,""num_orders"":2},{""price"":61987.74,""size"":0.20405445,""num_orders"":2},{""price"":61987.75,""size"":0.15403794,""num_orders"":1},{""price"":61988.0,""size"":0.0415,""num_orders"":1},{""price"":61989.15,""size"":0.12905485,""num_orders"":1},{""price"":61989.49,""size"":0.04839306,""num_orders"":1},{""price"":61991.44,""size"":0.02423185,""num_orders"":1},{""price"":61991.82,""size"":0.09683057,""num_orders"":1}]"
btc_usd_d10_20260709T035423Z,26,2026-07-09T04:20:23.811256Z,2026-07-09T04:20:23.811427Z,BTC-USD,10,ok,,132325961661,2026-07-09T04:20:21.105116453Z,1.64073902,0.07194478,0.915985916373,61982.32,61982.330000000002,61982.324999999997,0.010000000002,0.001613363165,"[{""price"":61982.32,""size"":0.62387688,""num_orders"":7},{""price"":61982.0,""size"":0.0394,""num_orders"":1},{""price"":61980.75,""size"":0.23823189,""num_orders"":1},{""price"":61980.74,""size"":0.12905294,""num_orders"":1},{""price"":61980.25,""size"":0.17774307,""num_orders"":2},{""price"":61980.01,""size"":0.04840017,""num_orders"":1},{""price"":61980.0,""size"":0.0394,""num_orders"":1},{""price"":61978.7,""size"":0.00014939,""num_orders"":4},{""price"":61978.28,""size"":0.21543174,""num_orders"":1},{""price"":61978.27,""size"":0.12905294,""num_orders"":1}]","[{""price"":61982.33,""size"":5.042e-05,""num_orders"":1},{""price"":61982.38,""size"":2.521e-05,""num_orders"":1},{""price"":61982.41,""size"":0.00010084,""num_orders"":1},{""price"":61982.42,""size"":0.00010084,""num_orders"":1},{""price"":61982.95,""size"":0.00403337,""num_orders"":1},{""price"":61983.0,""size"":0.00201668,""num_orders"":1},{""price"":61983.03,""size"":0.00806672,""num_orders"":1},{""price"":61983.04,""size"":0.00806672,""num_orders"":1},{""price"":61983.83,""size"":0.0394,""num_orders"":1},{""price"":61983.89,""size"":0.01008398,""num_orders"":1}]"
btc_usd_d10_20260709T035423Z,27,2026-07-09T04:21:23.811256Z,2026-07-09T04:21:23.811384Z,BTC-USD,10,ok,,132325990514,2026-07-09T04:21:21.527954008Z,0.36270402,1.37425922,-0.582369952746,61990.260000000002,61990.269999999997,61990.264999999999,0.009999999995,0.001613156517,"[{""price"":61990.26,""size"":0.00220191,""num_orders"":4},{""price"":61986.74,""size"":0.01209936,""num_orders"":2},{""price"":61986.72,""size"":0.00201656,""num_orders"":1},{""price"":61986.71,""size"":0.00806624,""num_orders"":1},{""price"":61984.0,""size"":0.0392,""num_orders"":1},{""price"":61982.4,""size"":1.8e-05,""num_orders"":1},{""price"":61982.03,""size"":0.0017791,""num_orders"":1},{""price"":61982.02,""size"":0.12905294,""num_orders"":1},{""price"":61982.0,""size"":0.0392,""num_orders"":1},{""price"":61981.9,""size"":0.12906991,""num_orders"":1}]","[{""price"":61990.27,""size"":0.63940024,""num_orders"":12},{""price"":61990.28,""size"":0.03,""num_orders"":1},{""price"":61990.3,""size"":0.02999997,""num_orders"":2},{""price"":61990.64,""size"":0.4190839,""num_orders"":2},{""price"":61990.65,""size"":0.13178283,""num_orders"":2},{""price"":61990.96,""size"":0.0483943,""num_orders"":1},{""price"":61991.24,""size"":0.028055,""num_orders"":1},{""price"":61992.0,""size"":0.0392,""num_orders"":1},{""price"":61992.2,""size"":0.00806573,""num_orders"":1},{""price"":61992.75,""size"":0.00027725,""num_orders"":4}]"
btc_usd_d10_20260709T035423Z,28,2026-07-09T04:22:23.811256Z,2026-07-09T04:22:23.811389Z,BTC-USD,10,ok,,132326023551,2026-07-09T04:22:22.546642023Z,0.48434732,0.9779695,-0.337561719354,61956.5,61956.510000000002,61956.505000000005,0.010000000002,0.001614035524,"[{""price"":61956.5,""size"":3.902e-05,""num_orders"":2},{""price"":61953.4,""size"":0.0221941,""num_orders"":4},{""price"":61952.8,""size"":1.8e-05,""num_orders"":1},{""price"":61952.77,""size"":3.986e-05,""num_orders"":1},{""price"":61952.07,""size"":0.1,""num_orders"":1},{""price"":61952.0,""size"":0.0452,""num_orders"":1},{""price"":61951.29,""size"":0.1291337,""num_orders"":1},{""price"":61950.0,""size"":0.01,""num_orders"":1},{""price"":61949.88,""size"":0.12905294,""num_orders"":1},{""price"":61949.87,""size"":0.0486697,""num_orders"":1}]","[{""price"":61956.51,""size"":0.43886468,""num_orders"":8},{""price"":61957.08,""size"":0.00319954,""num_orders"":1},{""price"":61957.09,""size"":0.13281007,""num_orders"":2},{""price"":61957.54,""size"":0.12912069,""num_orders"":1},{""price"":61958.0,""size"":0.0452,""num_orders"":1},{""price"":61958.06,""size"":0.00807017,""num_orders"":1},{""price"":61958.54,""size"":0.04841563,""num_orders"":1},{""price"":61958.86,""size"":0.00080701,""num_orders"":1},{""price"":61960.15,""size"":0.01008772,""num_orders"":1},{""price"":61960.18,""size"":0.16139399,""num_orders"":1}]"
btc_usd_d10_20260709T035423Z,29,2026-07-09T04:23:23.811256Z,2026-07-09T04:23:23.811394Z,BTC-USD,10,ok,,132326054564,2026-07-09T04:23:20.833543394Z,0.77940609,0.67341408,0.072956042454,61989.790000000001,61989.800000000003,61989.794999999998,0.010000000002,0.001613168749,"[{""price"":61989.79,""size"":0.22995855,""num_orders"":4},{""price"":61988.62,""size"":0.00166624,""num_orders"":1},{""price"":61988.24,""size"":0.00806584,""num_orders"":1},{""price"":61987.69,""size"":0.00166624,""num_orders"":1},{""price"":61987.56,""size"":0.00159976,""num_orders"":1},{""price"":61987.55,""size"":0.15302209,""num_orders"":1},{""price"":61986.63,""size"":0.12905294,""num_orders"":1},{""price"":61986.62,""size"":0.15302209,""num_orders"":1},{""price"":61986.15,""size"":0.00135234,""num_orders"":1},{""price"":61986.05,""size"":0.1,""num_orders"":1}]","[{""price"":61989.8,""size"":0.03134658,""num_orders"":2},{""price"":61990.0,""size"":0.0406,""num_orders"":1},{""price"":61990.64,""size"":0.01,""num_orders"":1},{""price"":61990.65,""size"":0.00272989,""num_orders"":1},{""price"":61991.25,""size"":0.01,""num_orders"":1},{""price"":61991.26,""size"":0.12905045,""num_orders"":1},{""price"":61991.35,""size"":0.01,""num_orders"":1},{""price"":61991.36,""size"":0.23773267,""num_orders"":1},{""price"":61991.98,""size"":0.12905294,""num_orders"":1},{""price"":61991.99,""size"":0.07290155,""num_orders"":2}]"
btc_usd_d10_20260709T035423Z,30,2026-07-09T04:24:23.811256Z,2026-07-09T04:24:23.811396Z,BTC-USD,10,ok,,132326079828,2026-07-09T04:24:21.578871335Z,0.83841477,0.49043152,0.261868699652,61985.529999999999,61985.540000000001,61985.535000000003,0.010000000002,0.001613279615,"[{""price"":61985.53,""size"":0.00108346,""num_orders"":1},{""price"":61984.71,""size"":0.04842876,""num_orders"":2},{""price"":61983.52,""size"":0.12906655,""num_orders"":1},{""price"":61983.25,""size"":0.1,""num_orders"":1},{""price"":61982.6,""size"":0.12905294,""num_orders"":1},{""price"":61982.43,""size"":0.0221837,""num_orders"":4},{""price"":61982.0,""size"":0.0426,""num_orders"":1},{""price"":61981.85,""size"":0.01008299,""num_orders"":1},{""price"":61980.63,""size"":0.12905294,""num_orders"":1},{""price"":61980.21,""size"":0.22686343,""num_orders"":1}]","[{""price"":61985.54,""size"":0.04036064,""num_orders"":4},{""price"":61986.0,""size"":0.0426,""num_orders"":1},{""price"":61987.08,""size"":0.01,""num_orders"":1},{""price"":61987.09,""size"":0.00806639,""num_orders"":1},{""price"":61987.96,""size"":0.01,""num_orders"":1},{""price"":61987.97,""size"":0.00131676,""num_orders"":1},{""price"":61987.98,""size"":0.01,""num_orders"":1},{""price"":61987.99,""size"":0.19643479,""num_orders"":1},{""price"":61988.0,""size"":0.0426,""num_orders"":1},{""price"":61988.91,""size"":0.12905294,""num_orders"":1}]"
btc_usd_d10_20260709T035423Z,31,2026-07-09T04:25:23.811256Z,2026-07-09T04:25:23.811385Z,BTC-USD,10,ok,,132326105533,2026-07-09T04:25:22.047472343Z,0.3225339,0.60008261,-0.300827816316,61970.230000000003,61970.239999999998,61970.235000000001,0.009999999995,0.00161367792,"[{""price"":61970.23,""size"":0.03110018,""num_orders"":2},{""price"":61970.01,""size"":0.01570566,""num_orders"":1},{""price"":61970.0,""size"":0.05820566,""num_orders"":2},{""price"":61969.77,""size"":0.01570566,""num_orders"":1},{""price"":61968.23,""size"":0.02,""num_orders"":2},{""price"":61968.21,""size"":0.01,""num_orders"":1},{""price"":61968.2,""size"":0.0002458,""num_orders"":3},{""price"":61968.01,""size"":0.12905294,""num_orders"":1},{""price"":61968.0,""size"":0.0425,""num_orders"":1},{""price"":61967.6,""size"":1.8e-05,""num_orders"":1}]","[{""price"":61970.24,""size"":0.00080686,""num_orders"":1},{""price"":61971.3,""size"":0.00806855,""num_orders"":1},{""price"":61971.71,""size"":0.00291561,""num_orders"":1},{""price"":61973.39,""size"":0.01008569,""num_orders"":1},{""price"":61974.0,""size"":0.0425,""num_orders"":1},{""price"":61974.35,""size"":0.12908566,""num_orders"":1},{""price"":61975.55,""size"":0.19470729,""num_orders"":2},{""price"":61975.97,""size"":0.0080601,""num_orders"":1},{""price"":61975.98,""size"":0.16135285,""num_orders"":1},{""price"":61976.0,""size"":0.0425,""num_orders"":1}]"
btc_usd_d10_20260709T035423Z,32,2026-07-09T04:26:23.811256Z,2026-07-09T04:26:23.811392Z,BTC-USD,10,ok,,132326137619,2026-07-09T04:26:21.528078416Z,0.47054609,0.80652631,-0.263086274513,61989.790000000001,61989.800000000003,61989.794999999998,0.010000000002,0.001613168749,"[{""price"":61989.79,""size"":0.05498109,""num_orders"":5},{""price"":61988.24,""size"":0.00806584,""num_orders"":1},{""price"":61986.85,""size"":0.00139985,""num_orders"":1},{""price"":61986.21,""size"":0.00319954,""num_orders"":1},{""price"":61986.2,""size"":0.12905294,""num_orders"":1},{""price"":61986.15,""size"":0.0100823,""num_orders"":1},{""price"":61986.0,""size"":0.0383,""num_orders"":1},{""price"":61985.87,""size"":0.12906166,""num_orders"":1},{""price"":61985.71,""size"":0.04800749,""num_orders"":1},{""price"":61985.15,""size"":0.04839538,""num_orders"":1}]","[{""price"":61989.8,""size"":0.00571661,""num_orders"":1},{""price"":61990.0,""size"":0.0383,""num_orders"":1},{""price"":61990.95,""size"":0.31678061,""num_orders"":1},{""price"":61990.96,""size"":0.12905107,""num_orders"":1},{""price"":61991.97,""size"":0.12905294,""num_orders"":1},{""price"":61991.98,""size"":0.01,""num_orders"":1},{""price"":61992.0,""size"":0.0383,""num_orders"":1},{""price"":61992.28,""size"":0.00027725,""num_orders"":4},{""price"":61992.51,""size"":0.01,""num_orders"":1},{""price"":61992.52,""size"":0.12904783,""num_orders"":1}]"
btc_usd_d10_20260709T035423Z,33,2026-07-09T04:27:23.811256Z,2026-07-09T04:27:23.811381Z,BTC-USD,10,ok,,132326163004,2026-07-09T04:27:22.183664664Z,0.19453988,0.7092404,-0.569497400408,61997.550000000003,61997.559999999998,61997.555,0.009999999995,0.001612966833,"[{""price"":61997.55,""size"":0.00938265,""num_orders"":8},{""price"":61995.0,""size"":0.01,""num_orders"":1},{""price"":61994.05,""size"":0.00604897,""num_orders"":2},{""price"":61994.04,""size"":0.00806529,""num_orders"":1},{""price"":61993.5,""size"":1.8e-05,""num_orders"":1},{""price"":61993.16,""size"":0.00319944,""num_orders"":1},{""price"":61993.15,""size"":0.0899898,""num_orders"":1},{""price"":61991.93,""size"":0.04900292,""num_orders"":1},{""price"":61990.07,""size"":0.00403674,""num_orders"":1},{""price"":61990.0,""size"":0.01479607,""num_orders"":2}]","[{""price"":61997.56,""size"":0.15213129,""num_orders"":8},{""price"":61997.73,""size"":0.01,""num_orders"":1},{""price"":61997.74,""size"":0.02423185,""num_orders"":1},{""price"":61997.75,""size"":0.12905294,""num_orders"":1},{""price"":61997.79,""size"":0.12903686,""num_orders"":1},{""price"":61998.0,""size"":0.0345,""num_orders"":1},{""price"":61999.17,""size"":0.01,""num_orders"":1},{""price"":61999.18,""size"":0.00806482,""num_orders"":1},{""price"":61999.9,""size"":0.17772264,""num_orders"":2},{""price"":62000.0,""size"":0.0345,""num_orders"":1}]"
btc_usd_d10_20260709T035423Z,34,2026-07-09T04:28:23.811256Z,2026-07-09T04:28:23.811422Z,BTC-USD,10,ok,,132326188425,2026-07-09T04:28:21.681423268Z,0.59799634,0.48997888,0.09928301492,62030.489999999998,62030.5,62030.494999999995,0.010000000002,0.001612110302,"[{""price"":62030.49,""size"":0.08633805,""num_orders"":9},{""price"":62029.36,""size"":0.00159966,""num_orders"":1},{""price"":62029.35,""size"":0.04836343,""num_orders"":1},{""price"":62029.29,""size"":0.01,""num_orders"":1},{""price"":62029.28,""size"":0.12905294,""num_orders"":1},{""price"":62028.94,""size"":0.00806055,""num_orders"":1},{""price"":62028.85,""size"":0.07800299,""num_orders"":1},{""price"":62028.28,""size"":0.07800299,""num_orders"":1},{""price"":62028.0,""size"":0.0296,""num_orders"":1},{""price"":62027.17,""size"":0.12897573,""num_orders"":1}]","[{""price"":62030.5,""size"":1.8e-05,""num_orders"":1},{""price"":62032.98,""size"":0.00027707,""num_orders"":4},{""price"":62033.46,""size"":0.12896267,""num_orders"":1},{""price"":62033.6,""size"":0.02216541,""num_orders"":4},{""price"":62034.0,""size"":0.0281,""num_orders"":1},{""price"":62034.17,""size"":0.12905294,""num_orders"":1},{""price"":62034.2,""size"":1.8e-05,""num_orders"":1},{""price"":62036.0,""size"":0.0281,""num_orders"":1},{""price"":62036.3,""size"":0.02423185,""num_orders"":1},{""price"":62037.14,""size"":0.12905294,""num_orders"":1}]"
btc_usd_d10_20260709T035423Z,35,2026-07-09T04:29:23.811256Z,2026-07-09T04:29:23.811425Z,BTC-USD,10,ok,,132326211739,2026-07-09T04:29:22.077959120Z,0.52098964,0.4404534,0.083766002404,62039.980000000003,62039.989999999998,62039.985000000001,0.009999999995,0.001611863703,"[{""price"":62039.98,""size"":0.02874789,""num_orders"":3},{""price"":62039.78,""size"":0.00016202,""num_orders"":1},{""price"":62038.22,""size"":0.00805933,""num_orders"":1},{""price"":62037.04,""size"":0.00133561,""num_orders"":1},{""price"":62036.68,""size"":0.00319954,""num_orders"":1},{""price"":62036.67,""size"":0.0483534,""num_orders"":1},{""price"":62036.5,""size"":0.12905294,""num_orders"":1},{""price"":62036.48,""size"":0.15200475,""num_orders"":1},{""price"":62036.12,""size"":0.01007416,""num_orders"":1},{""price"":62035.86,""size"":0.14,""num_orders"":1}]","[{""price"":62039.99,""size"":0.0236994,""num_orders"":3},{""price"":62040.67,""size"":0.02874789,""num_orders"":1},{""price"":62041.54,""size"":0.13700519,""num_orders"":2},{""price"":62041.6,""size"":1.8e-05,""num_orders"":1},{""price"":62042.0,""size"":0.0267,""num_orders"":1},{""price"":62042.2,""size"":0.0486697,""num_orders"":1},{""price"":62042.21,""size"":0.02423185,""num_orders"":1},{""price"":62042.47,""size"":0.00027703,""num_orders"":4},{""price"":62043.09,""size"":0.02216201,""num_orders"":4},{""price"":62043.24,""size"":0.12894233,""num_orders"":1}]"
btc_usd_d10_20260709T035423Z,36,2026-07-09T04:30:23.811256Z,2026-07-09T04:30:23.811390Z,BTC-USD,10,ok,,132326236603,2026-07-09T04:30:22.546187Z,1.32242315,1.78237086,-0.148141135457,62044.940000000002,62044.949999999997,62044.945,0.009999999995,0.001611734847,"[{""price"":62044.94,""size"":0.00146143,""num_orders"":4},{""price"":62043.01,""size"":0.00230562,""num_orders"":1},{""price"":62043.0,""size"":1.0,""num_orders"":1},{""price"":62042.09,""size"":0.11700979,""num_orders"":1},{""price"":62041.84,""size"":0.02216247,""num_orders"":4},{""price"":62041.18,""size"":0.11100002,""num_orders"":1},{""price"":62040.0,""size"":0.034,""num_orders"":1},{""price"":62039.75,""size"":0.00046582,""num_orders"":2},{""price"":62038.0,""size"":0.034,""num_orders"":1},{""price"":62037.9,""size"":1.8e-05,""num_orders"":1}]","[{""price"":62044.95,""size"":0.95008056,""num_orders"":15},{""price"":62045.77,""size"":0.32299148,""num_orders"":1},{""price"":62045.83,""size"":0.16122258,""num_orders"":1},{""price"":62046.0,""size"":0.0358,""num_orders"":1},{""price"":62046.5,""size"":0.00805867,""num_orders"":1},{""price"":62047.97,""size"":0.12905294,""num_orders"":1},{""price"":62048.0,""size"":0.0358,""num_orders"":1},{""price"":62048.26,""size"":0.1289319,""num_orders"":1},{""price"":62049.0,""size"":0.00035953,""num_orders"":2},{""price"":62049.43,""size"":0.0100732,""num_orders"":1}]"
btc_usd_d10_20260709T035423Z,37,2026-07-09T04:31:23.811256Z,2026-07-09T04:31:23.811392Z,BTC-USD,10,ok,,132326284532,2026-07-09T04:31:22.670505850Z,0.30530576,0.6118882,-0.334261294089,62082.300000000003,62082.309999999998,62082.305,0.009999999995,0.001610764935,"[{""price"":62082.3,""size"":0.02125182,""num_orders"":8},{""price"":62081.57,""size"":8.477e-05,""num_orders"":1},{""price"":62080.88,""size"":0.0042025,""num_orders"":1},{""price"":62080.0,""size"":0.01,""num_orders"":1},{""price"":62078.68,""size"":0.04832102,""num_orders"":1},{""price"":62078.6,""size"":1.8e-05,""num_orders"":1},{""price"":62078.01,""size"":0.0486697,""num_orders"":1},{""price"":62078.0,""size"":0.0353,""num_orders"":1},{""price"":62077.33,""size"":0.12905294,""num_orders"":1},{""price"":62076.98,""size"":0.00840501,""num_orders"":1}]","[{""price"":62082.31,""size"":0.05814432,""num_orders"":2},{""price"":62082.36,""size"":0.00159995,""num_orders"":1},{""price"":62082.37,""size"":0.22736272,""num_orders"":1},{""price"":62082.38,""size"":0.12886104,""num_orders"":1},{""price"":62083.87,""size"":0.00805382,""num_orders"":1},{""price"":62084.0,""size"":0.0353,""num_orders"":1},{""price"":62084.79,""size"":0.00027684,""num_orders"":4},{""price"":62084.96,""size"":0.00108966,""num_orders"":1},{""price"":62085.41,""size"":0.02214691,""num_orders"":4},{""price"":62085.54,""size"":0.12905294,""num_orders"":1}]"
btc_usd_d10_20260709T035423Z,38,2026-07-09T04:32:23.811256Z,2026-07-09T04:32:23.811385Z,BTC-USD,10,ok,,132326315352,2026-07-09T04:32:22.654789552Z,0.47728783,0.72511616,-0.206110701612,62113.040000000001,62113.050000000003,62113.044999999998,0.010000000002,0.001609967762,"[{""price"":62113.04,""size"":0.06330019,""num_orders"":4},{""price"":62113.02,""size"":0.03,""num_orders"":1},{""price"":62112.06,""size"":0.00153617,""num_orders"":1},{""price"":62111.48,""size"":0.00804983,""num_orders"":1},{""price"":62110.48,""size"":0.00319954,""num_orders"":1},{""price"":62110.46,""size"":0.00462522,""num_orders"":2},{""price"":62110.0,""size"":0.0318,""num_orders"":1},{""price"":62109.5,""size"":0.27604489,""num_orders"":1},{""price"":62109.39,""size"":0.01006229,""num_orders"":1},{""price"":62108.46,""size"":0.0486697,""num_orders"":1}]","[{""price"":62113.05,""size"":0.2045878,""num_orders"":4},{""price"":62113.36,""size"":0.05598648,""num_orders"":1},{""price"":62113.38,""size"":0.0486697,""num_orders"":1},{""price"":62114.0,""size"":0.0318,""num_orders"":1},{""price"":62114.61,""size"":0.00804983,""num_orders"":1},{""price"":62114.83,""size"":0.20851935,""num_orders"":1},{""price"":62115.53,""size"":0.00010062,""num_orders"":1},{""price"":62115.78,""size"":0.12905294,""num_orders"":1},{""price"":62116.0,""size"":0.0303,""num_orders"":1},{""price"":62116.16,""size"":0.00804944,""num_orders"":1}]"
btc_usd_d10_20260709T035423Z,39,2026-07-09T04:33:23.811256Z,2026-07-09T04:33:23.811390Z,BTC-USD,10,ok,,132326367424,2026-07-09T04:33:23.545345450Z,1.15998559,1.4308145,-0.104534854328,62178.059999999998,62178.07,62178.065000000002,0.010000000002,0.001608284208,"[{""price"":62178.06,""size"":0.00075411,""num_orders"":2},{""price"":62178.01,""size"":0.00167086,""num_orders"":1},{""price"":62178.0,""size"":1.0,""num_orders"":1},{""price"":62175.78,""size"":0.00023513,""num_orders"":1},{""price"":62174.8,""size"":1.8e-05,""num_orders"":1},{""price"":62174.0,""size"":0.0536,""num_orders"":1},{""price"":62172.0,""size"":0.0536,""num_orders"":1},{""price"":62171.63,""size"":0.00016445,""num_orders"":1},{""price"":62171.38,""size"":0.00127334,""num_orders"":1},{""price"":62171.24,""size"":0.0486697,""num_orders"":1}]","[{""price"":62178.07,""size"":0.72562712,""num_orders"":11},{""price"":62178.15,""size"":0.07704461,""num_orders"":1},{""price"":62178.16,""size"":0.12905294,""num_orders"":1},{""price"":62179.99,""size"":0.0486697,""num_orders"":1},{""price"":62180.0,""size"":0.28980855,""num_orders"":2},{""price"":62180.01,""size"":0.01,""num_orders"":1},{""price"":62180.02,""size"":0.00010677,""num_orders"":1},{""price"":62180.03,""size"":0.14439866,""num_orders"":2},{""price"":62180.56,""size"":7.539e-05,""num_orders"":2},{""price"":62181.18,""size"":0.00603076,""num_orders"":2}]"
btc_usd_d10_20260709T035423Z,40,2026-07-09T04:34:23.811256Z,2026-07-09T04:34:23.811391Z,BTC-USD,10,ok,,132326413009,2026-07-09T04:34:23.183132872Z,0.87002417,0.53457322,0.238823560679,62148.059999999998,62148.07,62148.065000000002,0.010000000002,0.001609060556,"[{""price"":62148.06,""size"":0.11713761,""num_orders"":8},{""price"":62148.02,""size"":0.01,""num_orders"":1},{""price"":62148.01,""size"":0.13905294,""num_orders"":2},{""price"":62148.0,""size"":0.0436,""num_orders"":1},{""price"":62147.79,""size"":0.23962288,""num_orders"":1},{""price"":62147.78,""size"":0.12872542,""num_orders"":1},{""price"":62147.52,""size"":0.04826789,""num_orders"":1},{""price"":62146.57,""size"":0.1,""num_orders"":1},{""price"":62146.0,""size"":0.0436,""num_orders"":1},{""price"":62145.2,""size"":1.743e-05,""num_orders"":1}]","[{""price"":62148.07,""size"":0.0215978,""num_orders"":2},{""price"":62152.29,""size"":0.00319954,""num_orders"":1},{""price"":62152.3,""size"":0.0486697,""num_orders"":1},{""price"":62152.31,""size"":0.32177144,""num_orders"":1},{""price"":62154.16,""size"":0.00010056,""num_orders"":1},{""price"":62154.17,""size"":2.514e-05,""num_orders"":1},{""price"":62154.23,""size"":0.00010056,""num_orders"":1},{""price"":62154.76,""size"":0.12905294,""num_orders"":1},{""price"":62154.78,""size"":0.00804443,""num_orders"":1},{""price"":62154.79,""size"":0.00201111,""num_orders"":1}]"
btc_usd_d10_20260709T035423Z,41,2026-07-09T04:35:23.811256Z,2026-07-09T04:35:23.811388Z,BTC-USD,10,ok,,132326446755,2026-07-09T04:35:23.186017141Z,0.17593883,0.60521626,-0.549541871384,62196.989999999998,62197,62196.994999999995,0.010000000002,0.001607794718,"[{""price"":62196.99,""size"":0.00951487,""num_orders"":2},{""price"":62195.43,""size"":0.00803897,""num_orders"":1},{""price"":62195.07,""size"":0.00017148,""num_orders"":1},{""price"":62194.0,""size"":0.0479,""num_orders"":1},{""price"":62193.85,""size"":0.00442347,""num_orders"":1},{""price"":62193.59,""size"":0.00884693,""num_orders"":1},{""price"":62192.83,""size"":0.00090015,""num_orders"":1},{""price"":62192.0,""size"":0.0479,""num_orders"":1},{""price"":62190.59,""size"":0.00034296,""num_orders"":1},{""price"":62190.0,""size"":0.0479,""num_orders"":1}]","[{""price"":62197.0,""size"":0.13870977,""num_orders"":7},{""price"":62197.71,""size"":0.09646652,""num_orders"":1},{""price"":62197.72,""size"":0.12862208,""num_orders"":1},{""price"":62197.74,""size"":0.02,""num_orders"":2},{""price"":62197.75,""size"":0.00297682,""num_orders"":1},{""price"":62198.0,""size"":0.0479,""num_orders"":1},{""price"":62199.0,""size"":0.001173,""num_orders"":1},{""price"":62199.74,""size"":0.02423185,""num_orders"":1},{""price"":62199.76,""size"":0.0486697,""num_orders"":1},{""price"":62199.77,""size"":0.09646652,""num_orders"":1}]"
btc_usd_d10_20260709T035423Z,42,2026-07-09T04:36:23.811256Z,2026-07-09T04:36:23.811386Z,BTC-USD,10,ok,,132326501378,2026-07-09T04:36:21.009200009Z,0.48195863,0.37175938,0.129081557035,62180.919999999998,62180.93,62180.925000000003,0.010000000002,0.001608210235,"[{""price"":62180.92,""size"":0.0606098,""num_orders"":4},{""price"":62179.34,""size"":0.00804097,""num_orders"":1},{""price"":62178.29,""size"":0.0017229,""num_orders"":1},{""price"":62178.01,""size"":0.00319954,""num_orders"":1},{""price"":62178.0,""size"":0.0415,""num_orders"":1},{""price"":62177.81,""size"":0.0160829,""num_orders"":2},{""price"":62176.64,""size"":0.09646652,""num_orders"":1},{""price"":62176.58,""size"":0.19561494,""num_orders"":1},{""price"":62176.4,""size"":0.01005136,""num_orders"":1},{""price"":62176.03,""size"":0.0486697,""num_orders"":1}]","[{""price"":62180.93,""size"":0.22525328,""num_orders"":5},{""price"":62181.16,""size"":0.01,""num_orders"":1},{""price"":62181.75,""size"":0.01,""num_orders"":1},{""price"":62181.76,""size"":0.03075625,""num_orders"":1},{""price"":62181.99,""size"":0.01,""num_orders"":1},{""price"":62182.0,""size"":0.0415,""num_orders"":1},{""price"":62182.19,""size"":0.01,""num_orders"":1},{""price"":62182.2,""size"":1.8e-05,""num_orders"":1},{""price"":62182.92,""size"":0.01,""num_orders"":1},{""price"":62182.93,""size"":0.02423185,""num_orders"":1}]"
btc_usd_d10_20260709T035423Z,43,2026-07-09T04:37:23.811256Z,2026-07-09T04:37:23.811384Z,BTC-USD,10,ok,,132326558379,2026-07-09T04:37:21.047567320Z,0.4611554,1.2671371,-0.46634565619,62193.459999999999,62193.470000000001,62193.464999999997,0.010000000002,0.001607885974,"[{""price"":62193.46,""size"":0.00010938,""num_orders"":2},{""price"":62193.3,""size"":3.919e-05,""num_orders"":2},{""price"":62190.36,""size"":0.00319954,""num_orders"":1},{""price"":62190.35,""size"":0.01808962,""num_orders"":3},{""price"":62190.01,""size"":0.09646652,""num_orders"":1},{""price"":62190.0,""size"":0.0555,""num_orders"":2},{""price"":62189.6,""size"":1.8e-05,""num_orders"":1},{""price"":62188.02,""size"":0.14576663,""num_orders"":1},{""price"":62188.01,""size"":0.09646652,""num_orders"":1},{""price"":62188.0,""size"":0.0455,""num_orders"":1}]","[{""price"":62193.47,""size"":0.45002771,""num_orders"":8},{""price"":62193.52,""size"":0.10595295,""num_orders"":1},{""price"":62193.53,""size"":0.12863074,""num_orders"":1},{""price"":62194.0,""size"":0.0455,""num_orders"":1},{""price"":62194.64,""size"":0.04823864,""num_orders"":1},{""price"":62195.03,""size"":0.00803942,""num_orders"":1},{""price"":62195.98,""size"":0.09646652,""num_orders"":1},{""price"":62195.99,""size"":0.17719656,""num_orders"":1},{""price"":62196.0,""size"":0.04630394,""num_orders"":2},{""price"":62196.55,""size"":0.16078062,""num_orders"":1}]"
btc_usd_d10_20260709T035423Z,44,2026-07-09T04:38:23.811256Z,2026-07-09T04:38:23.811387Z,BTC-USD,10,ok,,132326601230,2026-07-09T04:38:22.130420590Z,0.8931433,0.51884933,0.265082098906,62219.190000000002,62219.199999999997,62219.195,0.009999999995,0.00160722105,"[{""price"":62219.19,""size"":0.28252631,""num_orders"":7},{""price"":62218.01,""size"":0.0257904,""num_orders"":1},{""price"":62218.0,""size"":0.0432,""num_orders"":1},{""price"":62217.63,""size"":0.0080361,""num_orders"":1},{""price"":62216.72,""size"":0.09646652,""num_orders"":1},{""price"":62216.02,""size"":0.00319954,""num_orders"":1},{""price"":62216.01,""size"":0.33965417,""num_orders"":1},{""price"":62216.0,""size"":0.0432,""num_orders"":1},{""price"":62215.77,""size"":0.0486697,""num_orders"":1},{""price"":62215.53,""size"":0.00240056,""num_orders"":1}]","[{""price"":62219.2,""size"":1.8e-05,""num_orders"":1},{""price"":62221.03,""size"":0.12857389,""num_orders"":1},{""price"":62221.69,""size"":0.00010045,""num_orders"":1},{""price"":62222.0,""size"":0.0432,""num_orders"":1},{""price"":62222.31,""size"":0.0080357,""num_orders"":1},{""price"":62222.9,""size"":1.8e-05,""num_orders"":1},{""price"":62223.94,""size"":0.19881421,""num_orders"":1},{""price"":62223.99,""size"":0.0486697,""num_orders"":1},{""price"":62224.0,""size"":0.0432,""num_orders"":1},{""price"":62224.57,""size"":0.04821938,""num_orders"":1}]"
btc_usd_d10_20260709T035423Z,45,2026-07-09T04:39:23.811256Z,2026-07-09T04:39:23.811388Z,BTC-USD,10,ok,,132326633940,2026-07-09T04:39:22.546897889Z,0.88211986,0.64867438,0.152499580871,62206.889999999999,62206.900000000001,62206.895000000004,0.010000000002,0.001607538843,"[{""price"":62206.89,""size"":0.29705211,""num_orders"":6},{""price"":62206.21,""size"":0.02734459,""num_orders"":2},{""price"":62206.0,""size"":0.0431,""num_orders"":1},{""price"":62204.52,""size"":0.17421085,""num_orders"":2},{""price"":62204.51,""size"":0.09646652,""num_orders"":1},{""price"":62204.01,""size"":0.00702805,""num_orders"":2},{""price"":62204.0,""size"":0.0431,""num_orders"":1},{""price"":62202.61,""size"":0.12861195,""num_orders"":1},{""price"":62202.0,""size"":0.0431,""num_orders"":1},{""price"":62200.9,""size"":0.02210579,""num_orders"":4}]","[{""price"":62206.9,""size"":0.04821307,""num_orders"":1},{""price"":62207.32,""size"":0.01331,""num_orders"":1},{""price"":62208.11,""size"":0.12858468,""num_orders"":1},{""price"":62208.46,""size"":0.00803769,""num_orders"":1},{""price"":62210.42,""size"":0.16074477,""num_orders"":1},{""price"":62210.56,""size"":0.01004711,""num_orders"":1},{""price"":62210.82,""size"":0.18647499,""num_orders"":1},{""price"":62211.08,""size"":0.05014407,""num_orders"":1},{""price"":62211.8,""size"":1.8e-05,""num_orders"":1},{""price"":62212.0,""size"":0.0431,""num_orders"":1}]"
btc_usd_d10_20260709T035423Z,46,2026-07-09T04:40:23.811256Z,2026-07-09T04:40:23.811384Z,BTC-USD,10,ok,,132326669493,2026-07-09T04:40:23.008049749Z,1.91617822,1.0604235,0.287493860616,62232.050000000003,62232.059999999998,62232.055,0.009999999995,0.001606888925,"[{""price"":62232.05,""size"":0.00266009,""num_orders"":2},{""price"":62230.3,""size"":7.219e-05,""num_orders"":2},{""price"":62230.0,""size"":0.0575,""num_orders"":2},{""price"":62228.88,""size"":0.04820137,""num_orders"":1},{""price"":62228.01,""size"":0.00319954,""num_orders"":1},{""price"":62228.0,""size"":0.0475,""num_orders"":1},{""price"":62227.64,""size"":0.09646652,""num_orders"":1},{""price"":62226.6,""size"":1.8e-05,""num_orders"":1},{""price"":62226.01,""size"":0.66056051,""num_orders"":1},{""price"":62226.0,""size"":1.0,""num_orders"":1}]","[{""price"":62232.06,""size"":0.57093029,""num_orders"":11},{""price"":62232.18,""size"":0.03178096,""num_orders"":1},{""price"":62233.62,""size"":0.00803444,""num_orders"":1},{""price"":62234.0,""size"":0.0452,""num_orders"":1},{""price"":62234.55,""size"":0.00022597,""num_orders"":3},{""price"":62234.59,""size"":0.15111982,""num_orders"":1},{""price"":62234.6,""size"":0.12854586,""num_orders"":1},{""price"":62235.17,""size"":0.01807659,""num_orders"":3},{""price"":62235.72,""size"":0.01004305,""num_orders"":1},{""price"":62236.87,""size"":0.09646652,""num_orders"":1}]"
btc_usd_d10_20260709T035423Z,47,2026-07-09T04:41:23.811256Z,2026-07-09T04:41:23.811386Z,BTC-USD,10,ok,,132326703709,2026-07-09T04:41:22.181071574Z,0.61523569,0.50256256,0.100799164787,62230.290000000001,62230.300000000003,62230.294999999998,0.010000000002,0.001606934372,"[{""price"":62230.29,""size"":0.04891313,""num_orders"":3},{""price"":62230.0,""size"":0.0387,""num_orders"":1},{""price"":62228.73,""size"":0.00803467,""num_orders"":1},{""price"":62228.0,""size"":0.03872602,""num_orders"":2},{""price"":62227.99,""size"":0.20153965,""num_orders"":2},{""price"":62227.98,""size"":0.0003741,""num_orders"":2},{""price"":62227.2,""size"":0.04820642,""num_orders"":1},{""price"":62226.63,""size"":0.01004333,""num_orders"":1},{""price"":62226.61,""size"":0.12069837,""num_orders"":2},{""price"":62226.57,""size"":0.1,""num_orders"":1}]","[{""price"":62230.3,""size"":1.8e-05,""num_orders"":1},{""price"":62231.98,""size"":0.01650954,""num_orders"":2},{""price"":62232.72,""size"":0.09646652,""num_orders"":1},{""price"":62232.77,""size"":0.12854964,""num_orders"":1},{""price"":62232.79,""size"":0.00027618,""num_orders"":4},{""price"":62233.41,""size"":0.02209424,""num_orders"":4},{""price"":62234.0,""size"":0.038718,""num_orders"":2},{""price"":62234.08,""size"":0.01331,""num_orders"":1},{""price"":62235.42,""size"":0.01,""num_orders"":1},{""price"":62235.43,""size"":0.17662044,""num_orders"":1}]"
btc_usd_d10_20260709T035423Z,48,2026-07-09T04:42:23.811256Z,2026-07-09T04:42:23.811391Z,BTC-USD,10,ok,,132326740815,2026-07-09T04:42:23.171300023Z,0.16989136,0.60066799,-0.559044063251,62241.410000000003,62241.419999999998,62241.415000000001,0.009999999995,0.001606647277,"[{""price"":62241.41,""size"":0.01025186,""num_orders"":4},{""price"":62241.4,""size"":1.8e-05,""num_orders"":1},{""price"":62240.0,""size"":0.0548,""num_orders"":2},{""price"":62238.31,""size"":0.00319954,""num_orders"":1},{""price"":62238.3,""size"":0.00602523,""num_orders"":2},{""price"":62238.0,""size"":0.0448,""num_orders"":1},{""price"":62237.7,""size"":1.8e-05,""num_orders"":1},{""price"":62236.0,""size"":0.0407,""num_orders"":1},{""price"":62235.08,""size"":7.873e-05,""num_orders"":1},{""price"":62235.0,""size"":0.01,""num_orders"":1}]","[{""price"":62241.42,""size"":0.1436917,""num_orders"":7},{""price"":62241.88,""size"":0.01,""num_orders"":1},{""price"":62241.89,""size"":0.00158697,""num_orders"":1},{""price"":62241.96,""size"":0.01,""num_orders"":1},{""price"":62241.97,""size"":0.16812717,""num_orders"":2},{""price"":62241.98,""size"":0.09646652,""num_orders"":1},{""price"":62242.0,""size"":0.01,""num_orders"":1},{""price"":62242.01,""size"":0.12853055,""num_orders"":1},{""price"":62242.98,""size"":0.00803323,""num_orders"":1},{""price"":62244.0,""size"":0.02423185,""num_orders"":1}]"
btc_usd_d10_20260709T035423Z,49,2026-07-09T04:43:23.811256Z,2026-07-09T04:43:23.811385Z,BTC-USD,10,ok,,132326767296,2026-07-09T04:43:23.130140096Z,1.50362316,0.21216538,0.752690526771,62233.5,62233.510000000002,62233.505000000005,0.010000000002,0.001606851487,"[{""price"":62233.5,""size"":0.05517242,""num_orders"":6},{""price"":62232.01,""size"":0.00319954,""num_orders"":1},{""price"":62232.0,""size"":0.0471,""num_orders"":1},{""price"":62231.94,""size"":0.00803425,""num_orders"":1},{""price"":62231.64,""size"":0.32136981,""num_orders"":1},{""price"":62230.95,""size"":0.00026878,""num_orders"":2},{""price"":62230.5,""size"":1.0,""num_orders"":1},{""price"":62230.39,""size"":0.02209531,""num_orders"":4},{""price"":62230.3,""size"":6.562e-05,""num_orders"":2},{""price"":62230.0,""size"":0.04631743,""num_orders"":2}]","[{""price"":62233.51,""size"":0.00860335,""num_orders"":2},{""price"":62235.07,""size"":0.00803425,""num_orders"":1},{""price"":62235.89,""size"":0.01,""num_orders"":1},{""price"":62235.9,""size"":0.12854317,""num_orders"":1},{""price"":62236.0,""size"":0.0447,""num_orders"":1},{""price"":62236.38,""size"":2.511e-05,""num_orders"":1},{""price"":62236.41,""size"":0.00020084,""num_orders"":2},{""price"":62236.42,""size"":5.021e-05,""num_orders"":1},{""price"":62236.99,""size"":0.01,""num_orders"":1},{""price"":62237.0,""size"":0.00200845,""num_orders"":1}]"
btc_usd_d10_20260709T035423Z,50,2026-07-09T04:44:23.811256Z,2026-07-09T04:44:23.811385Z,BTC-USD,10,ok,,132326793740,2026-07-09T04:44:22.604948849Z,1.56004324,0.4716528,0.535705350885,62234,62234.010000000002,62234.005000000005,0.010000000002,0.001606838577,"[{""price"":62234.0,""size"":0.05586843,""num_orders"":3},{""price"":62233.79,""size"":0.00319941,""num_orders"":1},{""price"":62233.78,""size"":0.09646652,""num_orders"":1},{""price"":62233.69,""size"":0.12854772,""num_orders"":1},{""price"":62232.0,""size"":0.0383,""num_orders"":1},{""price"":62231.62,""size"":0.48068955,""num_orders"":1},{""price"":62231.61,""size"":0.28398266,""num_orders"":1},{""price"":62231.35,""size"":0.12855255,""num_orders"":1},{""price"":62231.23,""size"":0.09646652,""num_orders"":1},{""price"":62231.22,""size"":0.24796988,""num_orders"":1}]","[{""price"":62234.01,""size"":1.9e-07,""num_orders"":1},{""price"":62235.57,""size"":0.00803419,""num_orders"":1},{""price"":62237.26,""size"":0.00080341,""num_orders"":1},{""price"":62237.67,""size"":0.01004274,""num_orders"":1},{""price"":62239.31,""size"":0.12571981,""num_orders"":1},{""price"":62239.32,""size"":0.12853612,""num_orders"":1},{""price"":62240.39,""size"":0.01,""num_orders"":1},{""price"":62240.41,""size"":0.08204982,""num_orders"":1},{""price"":62240.69,""size"":0.01,""num_orders"":1},{""price"":62240.7,""size"":0.09646652,""num_orders"":1}]"
btc_usd_d10_20260709T035423Z,51,2026-07-09T04:45:23.811256Z,2026-07-09T04:45:23.811391Z,BTC-USD,10,ok,,132326820020,2026-07-09T04:45:22.060263383Z,0.26898268,0.53925541,-0.334397417474,62241.400000000001,62241.410000000003,62241.404999999999,0.010000000002,0.001606647537,"[{""price"":62241.4,""size"":0.01865287,""num_orders"":5},{""price"":62240.0,""size"":0.0502,""num_orders"":2},{""price"":62238.68,""size"":0.00416362,""num_orders"":1},{""price"":62238.29,""size"":0.00401682,""num_orders"":1},{""price"":62238.0,""size"":0.0383,""num_orders"":1},{""price"":62237.7,""size"":1.8e-05,""num_orders"":1},{""price"":62237.53,""size"":0.00832725,""num_orders"":1},{""price"":62237.09,""size"":0.0001679,""num_orders"":1},{""price"":62236.52,""size"":0.09646652,""num_orders"":1},{""price"":62236.51,""size"":0.0486697,""num_orders"":1}]","[{""price"":62241.41,""size"":0.14671557,""num_orders"":4},{""price"":62242.6,""size"":0.00159982,""num_orders"":1},{""price"":62242.61,""size"":0.09646652,""num_orders"":1},{""price"":62242.62,""size"":0.12852929,""num_orders"":1},{""price"":62242.97,""size"":0.00803323,""num_orders"":1},{""price"":62243.13,""size"":0.04819642,""num_orders"":1},{""price"":62243.59,""size"":0.00080332,""num_orders"":1},{""price"":62244.34,""size"":0.0486697,""num_orders"":1},{""price"":62244.44,""size"":0.0502,""num_orders"":1},{""price"":62245.07,""size"":0.01004154,""num_orders"":1}]"
btc_usd_d10_20260709T035423Z,52,2026-07-09T04:46:23.811256Z,2026-07-09T04:46:23.811383Z,BTC-USD,10,ok,,132326848427,2026-07-09T04:46:22.545857925Z,0.56403295,0.23695006,0.408351845066,62245.989999999998,62246,62245.994999999995,0.010000000002,0.001606529063,"[{""price"":62245.99,""size"":0.03402902,""num_orders"":2},{""price"":62245.98,""size"":0.03,""num_orders"":1},{""price"":62245.96,""size"":0.03,""num_orders"":1},{""price"":62245.11,""size"":0.00154356,""num_orders"":1},{""price"":62244.42,""size"":0.04820832,""num_orders"":1},{""price"":62243.38,""size"":0.09646652,""num_orders"":1},{""price"":62242.25,""size"":0.12853004,""num_orders"":1},{""price"":62241.41,""size"":0.0486697,""num_orders"":1},{""price"":62241.4,""size"":0.09646652,""num_orders"":1},{""price"":62241.24,""size"":0.05011927,""num_orders"":1}]","[{""price"":62246.0,""size"":0.02955643,""num_orders"":1},{""price"":62248.0,""size"":0.0311,""num_orders"":1},{""price"":62248.8,""size"":1.8e-05,""num_orders"":1},{""price"":62249.96,""size"":0.00080321,""num_orders"":1},{""price"":62249.99,""size"":0.04757462,""num_orders"":1},{""price"":62250.0,""size"":0.0382,""num_orders"":1},{""price"":62252.0,""size"":0.0382,""num_orders"":1},{""price"":62252.04,""size"":0.00327148,""num_orders"":1},{""price"":62252.5,""size"":1.8e-05,""num_orders"":1},{""price"":62253.75,""size"":0.04820832,""num_orders"":1}]"
btc_usd_d10_20260709T035423Z,53,2026-07-09T04:47:23.811256Z,2026-07-09T04:47:23.811383Z,BTC-USD,10,ok,,132326885737,2026-07-09T04:47:21.680582111Z,0.40443877,0.6667814,-0.24490075649,62246.650000000001,62246.660000000003,62246.654999999999,0.010000000002,0.001606512029,"[{""price"":62246.65,""size"":0.05473333,""num_orders"":5},{""price"":62246.0,""size"":0.0309,""num_orders"":1},{""price"":62245.1,""size"":9.4e-05,""num_orders"":2},{""price"":62244.0,""size"":0.0309,""num_orders"":1},{""price"":62243.73,""size"":0.00027139,""num_orders"":1},{""price"":62243.54,""size"":0.02209064,""num_orders"":4},{""price"":62242.02,""size"":0.20240418,""num_orders"":2},{""price"":62242.01,""size"":0.03212723,""num_orders"":1},{""price"":62242.0,""size"":0.0309,""num_orders"":1},{""price"":62241.4,""size"":1.8e-05,""num_orders"":1}]","[{""price"":62246.66,""size"":0.0140063,""num_orders"":2},{""price"":62246.68,""size"":0.00160657,""num_orders"":1},{""price"":62246.94,""size"":0.00319954,""num_orders"":1},{""price"":62246.97,""size"":0.12852032,""num_orders"":1},{""price"":62247.62,""size"":0.00160657,""num_orders"":1},{""price"":62250.0,""size"":0.028,""num_orders"":1},{""price"":62250.25,""size"":0.0486697,""num_orders"":1},{""price"":62250.26,""size"":0.23233863,""num_orders"":2},{""price"":62250.27,""size"":0.16064189,""num_orders"":1},{""price"":62250.53,""size"":0.04819188,""num_orders"":1}]"
btc_usd_d10_20260709T035423Z,54,2026-07-09T04:48:23.811256Z,2026-07-09T04:48:23.811385Z,BTC-USD,10,ok,,132326934998,2026-07-09T04:48:22.342144997Z,0.78088339,0.39455313,0.328669607781,62226.809999999998,62226.82,62226.815000000002,0.010000000002,0.001607024239,"[{""price"":62226.81,""size"":0.03664031,""num_orders"":2},{""price"":62226.6,""size"":1.828e-05,""num_orders"":2},{""price"":62226.04,""size"":0.12059407,""num_orders"":1},{""price"":62226.03,""size"":0.09646652,""num_orders"":1},{""price"":62226.01,""size"":0.02410258,""num_orders"":1},{""price"":62226.0,""size"":0.0292,""num_orders"":1},{""price"":62225.06,""size"":0.00401767,""num_orders"":1},{""price"":62224.58,""size"":0.04821334,""num_orders"":1},{""price"":62224.02,""size"":0.3251641,""num_orders"":1},{""price"":62224.01,""size"":0.09646652,""num_orders"":1}]","[{""price"":62226.82,""size"":0.04694989,""num_orders"":3},{""price"":62226.84,""size"":0.03,""num_orders"":1},{""price"":62227.62,""size"":0.00160663,""num_orders"":1},{""price"":62227.72,""size"":0.00160686,""num_orders"":1},{""price"":62228.19,""size"":0.00803514,""num_orders"":1},{""price"":62229.65,""size"":0.12855609,""num_orders"":1},{""price"":62230.0,""size"":0.0292,""num_orders"":1},{""price"":62230.29,""size"":0.01004393,""num_orders"":1},{""price"":62230.38,""size"":0.12855459,""num_orders"":1},{""price"":62231.99,""size"":0.01,""num_orders"":1}]"
btc_usd_d10_20260709T035423Z,55,2026-07-09T04:49:23.811256Z,2026-07-09T04:49:23.811389Z,BTC-USD,10,ok,,132326973780,2026-07-09T04:49:21.104149978Z,0.21039886,0.4100618,-0.321797904157,62253.839999999997,62253.849999999999,62253.845000000001,0.010000000002,0.001606326485,"[{""price"":62253.84,""size"":0.00048236,""num_orders"":3},{""price"":62252.53,""size"":0.00160665,""num_orders"":1},{""price"":62252.5,""size"":1.8e-05,""num_orders"":1},{""price"":62251.59,""size"":0.00160665,""num_orders"":1},{""price"":62250.16,""size"":0.00319946,""num_orders"":1},{""price"":62250.15,""size"":0.0388276,""num_orders"":2},{""price"":62250.14,""size"":0.04819162,""num_orders"":1},{""price"":62250.0,""size"":0.01,""num_orders"":1},{""price"":62248.88,""size"":0.01,""num_orders"":1},{""price"":62248.87,""size"":0.09646652,""num_orders"":1}]","[{""price"":62253.85,""size"":0.06995021,""num_orders"":5},{""price"":62254.0,""size"":0.025,""num_orders"":1},{""price"":62254.46,""size"":0.00080316,""num_orders"":1},{""price"":62254.47,""size"":0.12850483,""num_orders"":1},{""price"":62255.41,""size"":0.00803163,""num_orders"":1},{""price"":62255.81,""size"":0.12850208,""num_orders"":1},{""price"":62256.0,""size"":0.025,""num_orders"":1},{""price"":62256.34,""size"":0.00017569,""num_orders"":3},{""price"":62256.96,""size"":0.01405466,""num_orders"":3},{""price"":62257.51,""size"":0.01003954,""num_orders"":1}]"
btc_usd_d10_20260709T035423Z,56,2026-07-09T04:50:23.811256Z,2026-07-09T04:50:23.811396Z,BTC-USD,10,ok,,132327013318,2026-07-09T04:50:22.689291672Z,2.7306496,0.5082317,0.686168369307,62298.519999999997,62298.529999999999,62298.524999999994,0.010000000002,0.001605174441,"[{""price"":62298.52,""size"":0.60864856,""num_orders"":5},{""price"":62298.4,""size"":0.00259326,""num_orders"":1},{""price"":62296.96,""size"":0.00802587,""num_orders"":1},{""price"":62295.71,""size"":0.0018874,""num_orders"":1},{""price"":62295.02,""size"":0.14513622,""num_orders"":2},{""price"":62295.01,""size"":0.60298933,""num_orders"":1},{""price"":62295.0,""size"":1.0,""num_orders"":1},{""price"":62294.36,""size"":0.01003238,""num_orders"":1},{""price"":62294.26,""size"":0.12842274,""num_orders"":1},{""price"":62293.3,""size"":0.22291384,""num_orders"":1}]","[{""price"":62298.53,""size"":0.04851475,""num_orders"":1},{""price"":62300.0,""size"":0.29879614,""num_orders"":2},{""price"":62300.53,""size"":5.016e-05,""num_orders"":1},{""price"":62300.6,""size"":1.8e-05,""num_orders"":1},{""price"":62301.02,""size"":2.508e-05,""num_orders"":1},{""price"":62301.15,""size"":0.00401277,""num_orders"":1},{""price"":62301.52,""size"":0.12840779,""num_orders"":1},{""price"":62301.64,""size"":0.00200637,""num_orders"":1},{""price"":62302.0,""size"":0.0262,""num_orders"":1},{""price"":62302.32,""size"":0.00020064,""num_orders"":2}]"
btc_usd_d10_20260709T035423Z,57,2026-07-09T04:51:23.811256Z,2026-07-09T04:51:23.811399Z,BTC-USD,10,ok,,132327060922,2026-07-09T04:51:23.007649905Z,1.03282962,0.87243346,0.084185833276,62330.190000000002,62330.199999999997,62330.195,0.009999999995,0.00160435885,"[{""price"":62330.19,""size"":0.02930969,""num_orders"":2},{""price"":62328.63,""size"":0.00802179,""num_orders"":1},{""price"":62327.4,""size"":0.00319954,""num_orders"":1},{""price"":62327.39,""size"":0.04812736,""num_orders"":1},{""price"":62326.75,""size"":0.06227451,""num_orders"":2},{""price"":62326.49,""size"":3.898e-05,""num_orders"":1},{""price"":62326.31,""size"":0.77231977,""num_orders"":2},{""price"":62326.3,""size"":0.05901065,""num_orders"":1},{""price"":62326.0,""size"":0.0405,""num_orders"":1},{""price"":62325.95,""size"":0.01002733,""num_orders"":1}]","[{""price"":62330.2,""size"":0.12683586,""num_orders"":5},{""price"":62330.46,""size"":5.648e-05,""num_orders"":1},{""price"":62330.78,""size"":0.37744618,""num_orders"":2},{""price"":62330.79,""size"":0.0486697,""num_orders"":1},{""price"":62330.8,""size"":0.12834747,""num_orders"":1},{""price"":62331.76,""size"":0.00802179,""num_orders"":1},{""price"":62332.0,""size"":0.0405,""num_orders"":1},{""price"":62332.69,""size"":0.00017547,""num_orders"":3},{""price"":62332.93,""size"":0.12834307,""num_orders"":1},{""price"":62333.32,""size"":0.01403744,""num_orders"":3}]"
btc_usd_d10_20260709T035423Z,58,2026-07-09T04:52:23.811256Z,2026-07-09T04:52:23.811391Z,BTC-USD,10,ok,,132327096662,2026-07-09T04:52:23.528032086Z,2.0270635,0.9116717,0.379548249192,62336.300000000003,62336.309999999998,62336.305,0.009999999995,0.001604201596,"[{""price"":62336.3,""size"":0.05221881,""num_orders"":6},{""price"":62336.0,""size"":0.0444,""num_orders"":1},{""price"":62335.67,""size"":0.12833742,""num_orders"":1},{""price"":62335.57,""size"":0.04812728,""num_orders"":1},{""price"":62335.32,""size"":0.00160399,""num_orders"":1},{""price"":62335.29,""size"":0.02410545,""num_orders"":1},{""price"":62334.75,""size"":0.00802095,""num_orders"":1},{""price"":62334.01,""size"":0.6248799,""num_orders"":1},{""price"":62334.0,""size"":1.0467,""num_orders"":2},{""price"":62333.37,""size"":0.0486697,""num_orders"":1}]","[{""price"":62336.31,""size"":0.00952354,""num_orders"":1},{""price"":62337.26,""size"":0.00080216,""num_orders"":1},{""price"":62338.8,""size"":0.00027571,""num_orders"":4},{""price"":62339.35,""size"":0.00319954,""num_orders"":1},{""price"":62339.38,""size"":0.19598525,""num_orders"":1},{""price"":62339.43,""size"":0.02205667,""num_orders"":4},{""price"":62340.0,""size"":0.0492,""num_orders"":1},{""price"":62340.3,""size"":0.09646652,""num_orders"":1},{""price"":62340.31,""size"":0.33817706,""num_orders"":1},{""price"":62340.32,""size"":0.19598525,""num_orders"":1}]"
btc_usd_d10_20260709T035423Z,59,2026-07-09T04:53:23.811256Z,2026-07-09T04:53:23.811386Z,BTC-USD,10,ok,,132327128733,2026-07-09T04:53:23.540147089Z,0.50310883,0.81090412,-0.234240682331,62354.459999999999,62354.470000000001,62354.464999999997,0.010000000002,0.001603734392,"[{""price"":62354.46,""size"":0.04436766,""num_orders"":4},{""price"":62354.44,""size"":0.03,""num_orders"":1},{""price"":62352.9,""size"":0.00808684,""num_orders"":2},{""price"":62352.01,""size"":0.00319954,""num_orders"":1},{""price"":62352.0,""size"":0.0536,""num_orders"":1},{""price"":62351.81,""size"":1.94e-05,""num_orders"":1},{""price"":62351.31,""size"":0.0481126,""num_orders"":1},{""price"":62351.11,""size"":0.17058657,""num_orders"":1},{""price"":62351.1,""size"":0.0486697,""num_orders"":1},{""price"":62351.09,""size"":0.09646652,""num_orders"":1}]","[{""price"":62354.47,""size"":0.0650252,""num_orders"":3},{""price"":62355.22,""size"":0.1282972,""num_orders"":1},{""price"":62355.97,""size"":0.09646652,""num_orders"":1},{""price"":62355.98,""size"":0.25329763,""num_orders"":1},{""price"":62356.0,""size"":0.0536,""num_orders"":1},{""price"":62356.96,""size"":0.00027563,""num_orders"":4},{""price"":62357.59,""size"":0.02205025,""num_orders"":4},{""price"":62357.89,""size"":0.01,""num_orders"":1},{""price"":62357.9,""size"":0.12829169,""num_orders"":1},{""price"":62358.0,""size"":0.0536,""num_orders"":1}]"
btc_usd_d10_20260709T075401Z,0,2026-07-09T07:54:01.464240Z,2026-07-09T07:54:01.464279Z,BTC-USD,10,ok,,132335320549,2026-07-09T07:53:59.630774206Z,0.88026665,0.95632674,-0.041413679486,63074.699999999997,63074.709999999999,63074.705000000002,0.010000000002,0.001585421605,"[{""price"":63074.7,""size"":0.01396352,""num_orders"":2},{""price"":63074.48,""size"":1.8e-05,""num_orders"":1},{""price"":63072.02,""size"":0.00319954,""num_orders"":1},{""price"":63072.01,""size"":0.04759217,""num_orders"":1},{""price"":63072.0,""size"":0.0308,""num_orders"":1},{""price"":63071.55,""size"":0.0178369,""num_orders"":3},{""price"":63071.22,""size"":1.8e-05,""num_orders"":1},{""price"":63070.55,""size"":0.62417,""num_orders"":1},{""price"":63070.44,""size"":0.09510526,""num_orders"":1},{""price"":63070.43,""size"":0.04756326,""num_orders"":1}]","[{""price"":63074.71,""size"":0.32755771,""num_orders"":6},{""price"":63075.61,""size"":0.09703358,""num_orders"":1},{""price"":63076.29,""size"":0.0079271,""num_orders"":1},{""price"":63077.37,""size"":0.00079271,""num_orders"":1},{""price"":63077.97,""size"":0.12682717,""num_orders"":1},{""price"":63078.0,""size"":0.0294,""num_orders"":1},{""price"":63078.42,""size"":0.00990888,""num_orders"":1},{""price"":63079.73,""size"":0.02,""num_orders"":1},{""price"":63079.74,""size"":0.09510526,""num_orders"":1},{""price"":63079.75,""size"":0.24177433,""num_orders"":2}]"
btc_usd_d10_20260709T075401Z,1,2026-07-09T07:55:01.464240Z,2026-07-09T07:55:01.464328Z,BTC-USD,10,ok,,132335357551,2026-07-09T07:54:59.180503801Z,0.37872826,0.84968885,-0.383388171791,63066.349999999999,63066.360000000001,63066.354999999996,0.010000000002,0.001585631515,"[{""price"":63066.35,""size"":0.02131395,""num_orders"":5},{""price"":63064.77,""size"":0.00200468,""num_orders"":1},{""price"":63064.7,""size"":1.8e-05,""num_orders"":1},{""price"":63063.2,""size"":0.00594642,""num_orders"":2},{""price"":63062.02,""size"":0.09510526,""num_orders"":1},{""price"":63062.01,""size"":0.04759217,""num_orders"":1},{""price"":63062.0,""size"":0.0323,""num_orders"":1},{""price"":63061.44,""size"":1.8e-05,""num_orders"":1},{""price"":63060.91,""size"":0.04756811,""num_orders"":1},{""price"":63060.8,""size"":0.12686167,""num_orders"":1}]","[{""price"":63066.36,""size"":0.12373199,""num_orders"":5},{""price"":63066.71,""size"":0.00319,""num_orders"":1},{""price"":63066.72,""size"":0.18836802,""num_orders"":1},{""price"":63066.73,""size"":0.12684978,""num_orders"":1},{""price"":63067.94,""size"":0.00792815,""num_orders"":1},{""price"":63068.0,""size"":0.0339,""num_orders"":1},{""price"":63068.4,""size"":0.02,""num_orders"":1},{""price"":63068.41,""size"":0.12684639,""num_orders"":1},{""price"":63069.51,""size"":0.02,""num_orders"":1},{""price"":63069.52,""size"":0.19887452,""num_orders"":1}]"
btc_usd_d10_20260709T075401Z,2,2026-07-09T07:56:01.464240Z,2026-07-09T07:56:01.464351Z,BTC-USD,10,ok,,132335407763,2026-07-09T07:56:01.041398014Z,0.39096898,0.79774506,-0.342198431508,62999.510000000002,62999.519999999997,62999.514999999999,0.009999999995,0.001587313806,"[{""price"":62999.51,""size"":0.0242158,""num_orders"":3},{""price"":62999.5,""size"":9.361e-05,""num_orders"":3},{""price"":62997.93,""size"":0.00793656,""num_orders"":1},{""price"":62996.36,""size"":0.00198424,""num_orders"":1},{""price"":62996.24,""size"":1.8e-05,""num_orders"":1},{""price"":62996.02,""size"":0.19997556,""num_orders"":1},{""price"":62996.01,""size"":0.09510526,""num_orders"":1},{""price"":62996.0,""size"":0.0337,""num_orders"":1},{""price"":62995.81,""size"":0.00793995,""num_orders"":1},{""price"":62994.11,""size"":0.02,""num_orders"":1}]","[{""price"":62999.52,""size"":0.19174894,""num_orders"":4},{""price"":62999.98,""size"":0.00319954,""num_orders"":1},{""price"":62999.99,""size"":0.06859344,""num_orders"":2},{""price"":63000.0,""size"":0.0337,""num_orders"":1},{""price"":63001.03,""size"":0.04762208,""num_orders"":1},{""price"":63001.1,""size"":0.00793656,""num_orders"":1},{""price"":63002.0,""size"":0.0355,""num_orders"":1},{""price"":63003.38,""size"":0.02,""num_orders"":1},{""price"":63003.39,""size"":0.27433924,""num_orders"":2},{""price"":63003.4,""size"":0.11510526,""num_orders"":2}]"
btc_usd_d10_20260709T075401Z,3,2026-07-09T07:57:01.464240Z,2026-07-09T07:57:01.464341Z,BTC-USD,10,ok,,132335448478,2026-07-09T07:56:58.603227353Z,0.27137358,1.29204134,-0.652845093739,62953.860000000001,62953.870000000003,62953.865000000005,0.010000000002,0.001588464823,"[{""price"":62953.86,""size"":1.788e-05,""num_orders"":1},{""price"":62950.93,""size"":0.0218424,""num_orders"":4},{""price"":62950.6,""size"":1.8e-05,""num_orders"":1},{""price"":62947.34,""size"":1.8e-05,""num_orders"":1},{""price"":62946.01,""size"":0.00159977,""num_orders"":1},{""price"":62946.0,""size"":0.09510526,""num_orders"":1},{""price"":62945.98,""size"":0.04764901,""num_orders"":1},{""price"":62945.0,""size"":0.01,""num_orders"":1},{""price"":62944.08,""size"":1.8e-05,""num_orders"":1},{""price"":62943.31,""size"":0.09510526,""num_orders"":1}]","[{""price"":62953.87,""size"":0.55155149,""num_orders"":8},{""price"":62953.97,""size"":0.03970751,""num_orders"":1},{""price"":62953.98,""size"":0.19569935,""num_orders"":1},{""price"":62953.99,""size"":0.12707693,""num_orders"":1},{""price"":62954.0,""size"":0.0371,""num_orders"":1},{""price"":62954.09,""size"":0.09510526,""num_orders"":1},{""price"":62954.82,""size"":0.04809827,""num_orders"":1},{""price"":62955.67,""size"":0.00794229,""num_orders"":1},{""price"":62955.98,""size"":0.00159977,""num_orders"":1},{""price"":62955.99,""size"":0.18816047,""num_orders"":2}]"
btc_usd_d10_20260709T075401Z,4,2026-07-09T07:58:01.464240Z,2026-07-09T07:58:01.464329Z,BTC-USD,10,ok,,132335502174,2026-07-09T07:58:00.543834304Z,0.57305262,1.50254991,-0.447820464933,62927.779999999999,62927.790000000001,62927.785000000003,0.010000000002,0.001589123152,"[{""price"":62927.78,""size"":0.00012621,""num_orders"":4},{""price"":62924.7,""size"":0.0476737,""num_orders"":1},{""price"":62924.69,""size"":0.25055151,""num_orders"":1},{""price"":62924.63,""size"":0.01390552,""num_orders"":3},{""price"":62924.52,""size"":1.8e-05,""num_orders"":1},{""price"":62923.47,""size"":0.01538556,""num_orders"":1},{""price"":62923.43,""size"":0.01538556,""num_orders"":1},{""price"":62922.73,""size"":0.11499428,""num_orders"":1},{""price"":62922.31,""size"":0.11499428,""num_orders"":1},{""price"":62921.26,""size"":1.8e-05,""num_orders"":1}]","[{""price"":62927.79,""size"":1.00930433,""num_orders"":15},{""price"":62927.96,""size"":0.00159977,""num_orders"":1},{""price"":62927.97,""size"":0.02,""num_orders"":1},{""price"":62927.98,""size"":0.18685846,""num_orders"":1},{""price"":62927.99,""size"":0.12712943,""num_orders"":1},{""price"":62928.0,""size"":0.0407,""num_orders"":1},{""price"":62929.73,""size"":0.00794559,""num_orders"":1},{""price"":62930.0,""size"":0.0388,""num_orders"":1},{""price"":62930.17,""size"":0.03050482,""num_orders"":1},{""price"":62930.77,""size"":0.03970751,""num_orders"":1}]"
btc_usd_d10_20260709T075401Z,5,2026-07-09T07:59:01.464240Z,2026-07-09T07:59:01.464356Z,BTC-USD,10,ok,,132335543558,2026-07-09T07:59:00.844719193Z,0.37008965,0.48908249,-0.138497088604,62942.809999999998,62942.82,62942.815000000002,0.010000000002,0.001588743688,"[{""price"":62942.81,""size"":0.03669907,""num_orders"":4},{""price"":62941.23,""size"":0.00794371,""num_orders"":1},{""price"":62940.84,""size"":0.00160756,""num_orders"":1},{""price"":62939.92,""size"":0.00319954,""num_orders"":1},{""price"":62939.9,""size"":0.11400395,""num_orders"":1},{""price"":62939.67,""size"":0.04768213,""num_orders"":1},{""price"":62939.65,""size"":0.03749204,""num_orders"":1},{""price"":62939.11,""size"":0.00734967,""num_orders"":1},{""price"":62938.96,""size"":0.11400395,""num_orders"":1},{""price"":62938.88,""size"":0.00010803,""num_orders"":2}]","[{""price"":62942.82,""size"":0.12681664,""num_orders"":1},{""price"":62943.99,""size"":0.13022541,""num_orders"":2},{""price"":62944.0,""size"":0.0348,""num_orders"":1},{""price"":62944.08,""size"":1.8e-05,""num_orders"":1},{""price"":62945.33,""size"":0.02,""num_orders"":1},{""price"":62945.34,""size"":0.00027305,""num_orders"":4},{""price"":62945.56,""size"":0.02,""num_orders"":1},{""price"":62945.57,""size"":0.09510526,""num_orders"":1},{""price"":62945.96,""size"":0.02,""num_orders"":1},{""price"":62945.97,""size"":0.04184413,""num_orders"":5}]"
btc_usd_d10_20260709T075401Z,6,2026-07-09T08:00:01.464240Z,2026-07-09T08:00:01.464346Z,BTC-USD,10,ok,,132335575767,2026-07-09T07:59:59.189308405Z,0.48699198,0.4829063,0.004212482983,62947.260000000002,62947.269999999997,62947.264999999999,0.009999999995,0.001588631372,"[{""price"":62947.26,""size"":0.04768213,""num_orders"":1},{""price"":62942.91,""size"":0.09510526,""num_orders"":1},{""price"":62942.23,""size"":0.12793017,""num_orders"":1},{""price"":62942.22,""size"":0.04768213,""num_orders"":1},{""price"":62942.2,""size"":0.04765983,""num_orders"":1},{""price"":62940.83,""size"":0.00793511,""num_orders"":1},{""price"":62940.82,""size"":0.09512326,""num_orders"":2},{""price"":62940.32,""size"":0.00794403,""num_orders"":1},{""price"":62940.26,""size"":0.00794404,""num_orders"":1},{""price"":62940.08,""size"":0.00198602,""num_orders"":1}]","[{""price"":62947.27,""size"":0.09273407,""num_orders"":3},{""price"":62947.83,""size"":0.02629364,""num_orders"":1},{""price"":62947.96,""size"":0.00319954,""num_orders"":1},{""price"":62948.0,""size"":0.0329,""num_orders"":1},{""price"":62948.39,""size"":0.0079434,""num_orders"":1},{""price"":62949.74,""size"":0.18290029,""num_orders"":1},{""price"":62949.97,""size"":0.0079434,""num_orders"":1},{""price"":62950.0,""size"":0.0329,""num_orders"":1},{""price"":62950.02,""size"":0.0009687,""num_orders"":1},{""price"":62950.6,""size"":0.09512326,""num_orders"":2}]"
btc_usd_d10_20260709T075401Z,7,2026-07-09T08:01:01.464240Z,2026-07-09T08:01:01.464368Z,BTC-USD,10,ok,,132335639638,2026-07-09T08:00:59.103257136Z,0.80871328,0.46898777,0.265888104264,62914.739999999998,62914.75,62914.744999999995,0.010000000002,0.001589452521,"[{""price"":62914.74,""size"":1.783e-05,""num_orders"":1},{""price"":62912.68,""size"":0.0421,""num_orders"":1},{""price"":62912.0,""size"":0.0395,""num_orders"":1},{""price"":62911.67,""size"":0.1224126,""num_orders"":2},{""price"":62911.59,""size"":0.01589532,""num_orders"":2},{""price"":62911.48,""size"":1.8e-05,""num_orders"":1},{""price"":62910.0,""size"":0.0395,""num_orders"":1},{""price"":62908.73,""size"":0.12716835,""num_orders"":1},{""price"":62908.6,""size"":0.32699592,""num_orders"":2},{""price"":62908.31,""size"":0.09510526,""num_orders"":1}]","[{""price"":62914.75,""size"":0.02098854,""num_orders"":4},{""price"":62914.85,""size"":0.00159994,""num_orders"":1},{""price"":62914.88,""size"":0.12715592,""num_orders"":1},{""price"":62916.0,""size"":0.0395,""num_orders"":1},{""price"":62916.33,""size"":0.00794726,""num_orders"":1},{""price"":62917.14,""size"":0.04768008,""num_orders"":1},{""price"":62917.26,""size"":0.03970751,""num_orders"":1},{""price"":62917.59,""size"":0.09510526,""num_orders"":1},{""price"":62917.98,""size"":0.04770326,""num_orders"":1},{""price"":62918.0,""size"":0.0416,""num_orders"":1}]"
btc_usd_d10_20260709T075401Z,8,2026-07-09T08:02:01.464240Z,2026-07-09T08:02:01.464483Z,BTC-USD,10,ok,,132335692335,2026-07-09T08:01:58.547233893Z,1.58260443,0.49820251,0.521144897758,62935.970000000001,62935.980000000003,62935.975000000006,0.010000000002,0.001588916355,"[{""price"":62935.97,""size"":1.07755239,""num_orders"":10},{""price"":62935.14,""size"":0.12711497,""num_orders"":1},{""price"":62934.87,""size"":0.04770326,""num_orders"":1},{""price"":62934.34,""size"":0.02107396,""num_orders"":1},{""price"":62934.33,""size"":0.00159976,""num_orders"":1},{""price"":62934.3,""size"":0.01153447,""num_orders"":1},{""price"":62934.0,""size"":0.0337,""num_orders"":1},{""price"":62933.0,""size"":0.0954817,""num_orders"":1},{""price"":62932.99,""size"":0.15889917,""num_orders"":1},{""price"":62932.72,""size"":0.00794475,""num_orders"":1}]","[{""price"":62935.98,""size"":0.01271288,""num_orders"":1},{""price"":62937.56,""size"":1.8e-05,""num_orders"":1},{""price"":62939.97,""size"":0.13982935,""num_orders"":1},{""price"":62940.0,""size"":0.0337,""num_orders"":1},{""price"":62940.82,""size"":1.8e-05,""num_orders"":1},{""price"":62940.86,""size"":0.12710346,""num_orders"":1},{""price"":62942.78,""size"":0.12709956,""num_orders"":1},{""price"":62944.08,""size"":1.8e-05,""num_orders"":1},{""price"":62945.0,""size"":0.01,""num_orders"":1},{""price"":62945.64,""size"":0.04770326,""num_orders"":1}]"
btc_usd_d10_20260709T075401Z,9,2026-07-09T08:03:01.464240Z,2026-07-09T08:03:01.464356Z,BTC-USD,10,ok,,132335746023,2026-07-09T08:03:01.184725649Z,0.84317725,1.22095298,-0.183019329163,62911.480000000003,62911.489999999998,62911.485000000001,0.009999999995,0.001589534883,"[{""price"":62911.48,""size"":0.00427375,""num_orders"":2},{""price"":62908.22,""size"":1.8e-05,""num_orders"":1},{""price"":62906.0,""size"":0.0336,""num_orders"":1},{""price"":62905.4,""size"":0.12718602,""num_orders"":1},{""price"":62905.39,""size"":0.12717509,""num_orders"":1},{""price"":62905.0,""size"":0.01,""num_orders"":1},{""price"":62904.96,""size"":1.8e-05,""num_orders"":1},{""price"":62903.93,""size"":0.00386559,""num_orders"":1},{""price"":62902.65,""size"":0.0003577,""num_orders"":1},{""price"":62902.26,""size"":0.5366831,""num_orders"":1}]","[{""price"":62911.49,""size"":0.26690767,""num_orders"":3},{""price"":62911.88,""size"":0.12716201,""num_orders"":1},{""price"":62912.0,""size"":0.0352,""num_orders"":1},{""price"":62912.09,""size"":0.00319954,""num_orders"":1},{""price"":62913.07,""size"":0.00794767,""num_orders"":1},{""price"":62913.49,""size"":0.12718602,""num_orders"":1},{""price"":62914.0,""size"":0.0352,""num_orders"":1},{""price"":62914.33,""size"":0.12715704,""num_orders"":1},{""price"":62915.24,""size"":0.29099303,""num_orders"":2},{""price"":62915.25,""size"":0.2,""num_orders"":1}]"
btc_usd_d10_20260709T075401Z,10,2026-07-09T08:04:01.464240Z,2026-07-09T08:04:01.464372Z,BTC-USD,10,ok,,132335804960,2026-07-09T08:04:01.041867509Z,0.81708501,0.51499598,0.226779777106,62912.089999999997,62912.93,62912.509999999995,0.840000000004,0.133518754856,"[{""price"":62912.09,""size"":0.01979546,""num_orders"":2},{""price"":62911.48,""size"":1.8e-05,""num_orders"":1},{""price"":62911.45,""size"":0.20494978,""num_orders"":2},{""price"":62910.89,""size"":0.04768363,""num_orders"":1},{""price"":62910.0,""size"":0.0332,""num_orders"":1},{""price"":62909.49,""size"":0.1271668,""num_orders"":1},{""price"":62909.33,""size"":3.878e-05,""num_orders"":1},{""price"":62908.82,""size"":0.12718602,""num_orders"":1},{""price"":62908.81,""size"":0.03970751,""num_orders"":1},{""price"":62908.55,""size"":0.21733903,""num_orders"":2}]","[{""price"":62912.93,""size"":0.00340399,""num_orders"":1},{""price"":62915.23,""size"":0.12715523,""num_orders"":1},{""price"":62915.99,""size"":0.00794733,""num_orders"":1},{""price"":62916.0,""size"":0.0332,""num_orders"":1},{""price"":62917.57,""size"":0.00794733,""num_orders"":1},{""price"":62918.0,""size"":0.0332,""num_orders"":1},{""price"":62918.34,""size"":0.12718602,""num_orders"":1},{""price"":62918.35,""size"":0.04770785,""num_orders"":1},{""price"":62918.36,""size"":0.1271489,""num_orders"":1},{""price"":62918.52,""size"":9.933e-05,""num_orders"":1}]"
btc_usd_d10_20260709T075401Z,11,2026-07-09T08:05:01.464240Z,2026-07-09T08:05:01.464351Z,BTC-USD,10,ok,,132335863330,2026-07-09T08:05:00.547751271Z,0.38031376,0.661966,-0.270227102942,62934.410000000003,62934.419999999998,62934.415000000001,0.009999999995,0.00158895574,"[{""price"":62934.41,""size"":5e-07,""num_orders"":1},{""price"":62934.3,""size"":1.8e-05,""num_orders"":1},{""price"":62933.49,""size"":0.1,""num_orders"":1},{""price"":62931.26,""size"":0.00198629,""num_orders"":1},{""price"":62931.04,""size"":1.8e-05,""num_orders"":1},{""price"":62930.01,""size"":0.05648695,""num_orders"":1},{""price"":62930.0,""size"":0.0346,""num_orders"":1},{""price"":62929.23,""size"":0.06,""num_orders"":2},{""price"":62928.29,""size"":0.12718602,""num_orders"":1},{""price"":62927.78,""size"":1.8e-05,""num_orders"":1}]","[{""price"":62934.42,""size"":0.08874133,""num_orders"":4},{""price"":62934.76,""size"":0.00159977,""num_orders"":1},{""price"":62934.77,""size"":0.12711575,""num_orders"":1},{""price"":62936.0,""size"":0.04254477,""num_orders"":2},{""price"":62936.45,""size"":0.12718602,""num_orders"":1},{""price"":62936.91,""size"":0.12711142,""num_orders"":1},{""price"":62937.16,""size"":0.04766694,""num_orders"":1},{""price"":62937.53,""size"":0.02,""num_orders"":1},{""price"":62937.55,""size"":0.04,""num_orders"":2},{""price"":62937.56,""size"":0.04,""num_orders"":2}]"
btc_usd_d10_20260709T075401Z,12,2026-07-09T08:06:01.464240Z,2026-07-09T08:06:01.464373Z,BTC-USD,10,ok,,132335918356,2026-07-09T08:06:00.046994035Z,0.62019345,0.53474861,0.073981927717,62895.410000000003,62895.419999999998,62895.415000000001,0.009999999995,0.001589941015,"[{""price"":62895.41,""size"":8.3e-07,""num_orders"":1},{""price"":62895.18,""size"":1.8e-05,""num_orders"":1},{""price"":62894.12,""size"":0.00159977,""num_orders"":1},{""price"":62894.11,""size"":0.00010827,""num_orders"":2},{""price"":62892.05,""size"":0.28675136,""num_orders"":1},{""price"":62892.04,""size"":0.12718602,""num_orders"":1},{""price"":62892.01,""size"":0.04770785,""num_orders"":1},{""price"":62892.0,""size"":0.0296,""num_orders"":1},{""price"":62891.92,""size"":1.8e-05,""num_orders"":1},{""price"":62891.42,""size"":0.12720335,""num_orders"":1}]","[{""price"":62895.42,""size"":0.0079497,""num_orders"":1},{""price"":62896.0,""size"":0.0343,""num_orders"":1},{""price"":62897.0,""size"":0.0079497,""num_orders"":1},{""price"":62897.91,""size"":0.00159977,""num_orders"":1},{""price"":62897.97,""size"":0.10234068,""num_orders"":1},{""price"":62898.0,""size"":0.0343,""num_orders"":1},{""price"":62899.11,""size"":0.12718602,""num_orders"":1},{""price"":62899.12,""size"":0.13712493,""num_orders"":2},{""price"":62899.4,""size"":0.04769781,""num_orders"":1},{""price"":62900.0,""size"":0.0343,""num_orders"":1}]"
btc_usd_d10_20260709T075401Z,13,2026-07-09T08:07:01.464240Z,2026-07-09T08:07:01.464354Z,BTC-USD,10,ok,,132335966603,2026-07-09T08:07:01.341927001Z,1.15109538,0.29594673,0.590963209771,62901.989999999998,62902,62901.994999999995,0.010000000002,0.001589774697,"[{""price"":62901.99,""size"":0.45375195,""num_orders"":8},{""price"":62901.69,""size"":0.22652592,""num_orders"":1},{""price"":62901.67,""size"":0.12718262,""num_orders"":1},{""price"":62901.21,""size"":0.1,""num_orders"":1},{""price"":62900.41,""size"":0.00794887,""num_orders"":1},{""price"":62899.7,""size"":0.00110026,""num_orders"":1},{""price"":62899.37,""size"":0.02,""num_orders"":1},{""price"":62899.36,""size"":0.03970751,""num_orders"":1},{""price"":62899.35,""size"":0.12718731,""num_orders"":1},{""price"":62899.03,""size"":0.04769094,""num_orders"":1}]","[{""price"":62902.0,""size"":0.01077914,""num_orders"":2},{""price"":62903.99,""size"":0.00319954,""num_orders"":1},{""price"":62904.0,""size"":0.0324,""num_orders"":1},{""price"":62904.52,""size"":0.00027324,""num_orders"":4},{""price"":62904.71,""size"":0.12718602,""num_orders"":1},{""price"":62904.96,""size"":1.8e-05,""num_orders"":1},{""price"":62905.15,""size"":0.02185832,""num_orders"":4},{""price"":62906.0,""size"":0.03252462,""num_orders"":1},{""price"":62906.31,""size"":0.02,""num_orders"":1},{""price"":62906.32,""size"":0.04770785,""num_orders"":1}]"
btc_usd_d10_20260709T075401Z,14,2026-07-09T08:08:01.464240Z,2026-07-09T08:08:01.464416Z,BTC-USD,10,ok,,132336022667,2026-07-09T08:07:59.681853630Z,0.57255938,0.46051218,0.108460250324,62930.010000000002,62930.019999999997,62930.014999999999,0.009999999995,0.001589066838,"[{""price"":62930.01,""size"":0.06155521,""num_orders"":5},{""price"":62928.01,""size"":0.00160054,""num_orders"":1},{""price"":62928.0,""size"":0.0276,""num_orders"":1},{""price"":62927.92,""size"":0.08340538,""num_orders"":1},{""price"":62927.91,""size"":0.03970751,""num_orders"":1},{""price"":62927.79,""size"":0.1,""num_orders"":1},{""price"":62926.1,""size"":0.10041826,""num_orders"":1},{""price"":62926.09,""size"":0.12718602,""num_orders"":1},{""price"":62926.03,""size"":0.00198646,""num_orders"":1},{""price"":62926.0,""size"":0.0291,""num_orders"":1}]","[{""price"":62930.02,""size"":0.12614031,""num_orders"":5},{""price"":62930.03,""size"":0.001599,""num_orders"":1},{""price"":62930.04,""size"":0.1271253,""num_orders"":1},{""price"":62931.47,""size"":0.00079453,""num_orders"":1},{""price"":62931.6,""size"":0.00794533,""num_orders"":1},{""price"":62932.0,""size"":0.0276,""num_orders"":1},{""price"":62932.54,""size"":0.00027311,""num_orders"":4},{""price"":62933.14,""size"":0.02,""num_orders"":1},{""price"":62933.15,""size"":0.12718602,""num_orders"":1},{""price"":62933.17,""size"":0.02184858,""num_orders"":4}]"
btc_usd_d10_20260709T075401Z,15,2026-07-09T08:09:01.464240Z,2026-07-09T08:09:01.464417Z,BTC-USD,10,ok,,132336076848,2026-07-09T08:09:00.129121501Z,0.95703415,0.64798828,0.192549253034,62900.339999999997,62900.349999999999,62900.345000000001,0.010000000002,0.0015898164,"[{""price"":62900.34,""size"":0.15833343,""num_orders"":5},{""price"":62900.0,""size"":0.0275,""num_orders"":1},{""price"":62898.22,""size"":0.18622285,""num_orders"":1},{""price"":62898.0,""size"":0.0275,""num_orders"":1},{""price"":62896.91,""size"":0.12719224,""num_orders"":1},{""price"":62896.72,""size"":0.10201654,""num_orders"":1},{""price"":62896.43,""size"":0.09900771,""num_orders"":1},{""price"":62896.08,""size"":0.00154576,""num_orders"":1},{""price"":62896.05,""size"":0.02,""num_orders"":1},{""price"":62896.04,""size"":0.20771562,""num_orders"":1}]","[{""price"":62900.35,""size"":0.02271855,""num_orders"":2},{""price"":62900.71,""size"":0.047693,""num_orders"":1},{""price"":62902.2,""size"":0.001599,""num_orders"":1},{""price"":62902.22,""size"":0.12718153,""num_orders"":1},{""price"":62903.65,""size"":0.12718602,""num_orders"":1},{""price"":62904.65,""size"":0.09491527,""num_orders"":1},{""price"":62904.96,""size"":1.8e-05,""num_orders"":1},{""price"":62905.33,""size"":0.15896906,""num_orders"":1},{""price"":62906.52,""size"":0.02,""num_orders"":1},{""price"":62906.53,""size"":0.04770785,""num_orders"":1}]"
btc_usd_d10_20260709T075401Z,16,2026-07-09T08:10:01.464240Z,2026-07-09T08:10:01.464351Z,BTC-USD,10,ok,,132336111192,2026-07-09T08:10:01.047442138Z,1.16121647,0.32512394,0.562517525847,62883.330000000002,62883.339999999997,62883.334999999999,0.009999999995,0.001590246445,"[{""price"":62883.33,""size"":0.29163343,""num_orders"":10},{""price"":62883.2,""size"":0.16998023,""num_orders"":1},{""price"":62883.19,""size"":0.12721999,""num_orders"":1},{""price"":62882.34,""size"":0.12718602,""num_orders"":1},{""price"":62882.14,""size"":1.8e-05,""num_orders"":1},{""price"":62882.0,""size"":0.0303,""num_orders"":1},{""price"":62880.9,""size"":0.31271181,""num_orders"":1},{""price"":62880.8,""size"":0.05,""num_orders"":1},{""price"":62880.19,""size"":0.02186699,""num_orders"":4},{""price"":62880.0,""size"":0.0303,""num_orders"":1}]","[{""price"":62883.34,""size"":0.00247452,""num_orders"":2},{""price"":62884.92,""size"":0.00795123,""num_orders"":1},{""price"":62887.04,""size"":0.00993904,""num_orders"":1},{""price"":62887.18,""size"":0.00852498,""num_orders"":1},{""price"":62888.13,""size"":0.00852498,""num_orders"":1},{""price"":62888.67,""size"":0.00162788,""num_orders"":1},{""price"":62889.04,""size"":0.12720818,""num_orders"":1},{""price"":62889.49,""size"":0.00136772,""num_orders"":1},{""price"":62890.0,""size"":0.0303,""num_orders"":1},{""price"":62890.41,""size"":0.12720541,""num_orders"":1}]"
btc_usd_d10_20260709T075401Z,17,2026-07-09T08:11:01.464240Z,2026-07-09T08:11:01.464344Z,BTC-USD,10,ok,,132336141989,2026-07-09T08:10:59.545714592Z,0.7192185,0.52617027,0.155010414941,62873.330000000002,62873.339999999997,62873.334999999999,0.009999999995,0.001590499374,"[{""price"":62873.33,""size"":0.02982124,""num_orders"":2},{""price"":62873.29,""size"":0.1,""num_orders"":1},{""price"":62872.36,""size"":1.8e-05,""num_orders"":1},{""price"":62872.0,""size"":0.0318,""num_orders"":1},{""price"":62871.26,""size"":0.2531622,""num_orders"":2},{""price"":62871.25,""size"":0.12498289,""num_orders"":1},{""price"":62870.48,""size"":0.1272457,""num_orders"":1},{""price"":62870.19,""size"":0.02187047,""num_orders"":4},{""price"":62870.0,""size"":0.0303,""num_orders"":1},{""price"":62869.1,""size"":1.8e-05,""num_orders"":1}]","[{""price"":62873.34,""size"":0.08566644,""num_orders"":4},{""price"":62875.05,""size"":0.00795247,""num_orders"":1},{""price"":62875.44,""size"":0.00094454,""num_orders"":1},{""price"":62875.45,""size"":0.02,""num_orders"":1},{""price"":62875.46,""size"":0.20263062,""num_orders"":2},{""price"":62875.48,""size"":0.12723561,""num_orders"":1},{""price"":62876.0,""size"":0.0318,""num_orders"":1},{""price"":62876.18,""size"":0.02,""num_orders"":1},{""price"":62877.17,""size"":0.02,""num_orders"":1},{""price"":62877.18,""size"":0.00994059,""num_orders"":1}]"
btc_usd_d10_20260709T075401Z,18,2026-07-09T08:12:01.464240Z,2026-07-09T08:12:01.464355Z,BTC-USD,10,ok,,132336191418,2026-07-09T08:12:01.041671158Z,0.49622249,1.10877552,-0.381653451396,62878.879999999997,62878.889999999999,62878.884999999995,0.010000000002,0.00159035899,"[{""price"":62878.88,""size"":0.04985944,""num_orders"":6},{""price"":62876.0,""size"":0.035,""num_orders"":1},{""price"":62875.62,""size"":1.8e-05,""num_orders"":1},{""price"":62875.0,""size"":0.01,""num_orders"":1},{""price"":62874.62,""size"":0.0039724,""num_orders"":1},{""price"":62874.0,""size"":0.035,""num_orders"":1},{""price"":62873.83,""size"":0.12718602,""num_orders"":1},{""price"":62873.29,""size"":0.1,""num_orders"":1},{""price"":62872.52,""size"":0.0079448,""num_orders"":1},{""price"":62872.4,""size"":0.12724183,""num_orders"":1}]","[{""price"":62878.89,""size"":0.42892819,""num_orders"":6},{""price"":62879.3,""size"":0.00159977,""num_orders"":1},{""price"":62879.31,""size"":0.10491601,""num_orders"":2},{""price"":62879.63,""size"":0.12718602,""num_orders"":1},{""price"":62880.46,""size"":0.00795179,""num_orders"":1},{""price"":62881.47,""size"":0.02,""num_orders"":1},{""price"":62881.48,""size"":0.0477182,""num_orders"":1},{""price"":62881.95,""size"":0.02,""num_orders"":1},{""price"":62881.96,""size"":0.22328952,""num_orders"":1},{""price"":62881.97,""size"":0.12718602,""num_orders"":1}]"
btc_usd_d10_20260709T075401Z,19,2026-07-09T08:13:01.464240Z,2026-07-09T08:13:01.464349Z,BTC-USD,10,ok,,132336241892,2026-07-09T08:13:00.607867054Z,0.54745138,0.71758958,-0.134492246006,62901.940000000002,62901.949999999997,62901.945,0.009999999995,0.001589775959,"[{""price"":62901.94,""size"":0.0421,""num_orders"":1},{""price"":62901.89,""size"":0.00319949,""num_orders"":1},{""price"":62901.07,""size"":0.01891091,""num_orders"":1},{""price"":62901.05,""size"":0.0355333,""num_orders"":1},{""price"":62900.01,""size"":0.20802282,""num_orders"":1},{""price"":62900.0,""size"":0.0385,""num_orders"":1},{""price"":62899.2,""size"":0.0039724,""num_orders"":1},{""price"":62898.94,""size"":0.12718814,""num_orders"":1},{""price"":62898.65,""size"":0.07000632,""num_orders"":1},{""price"":62898.44,""size"":1.8e-05,""num_orders"":1}]","[{""price"":62901.95,""size"":0.0116534,""num_orders"":4},{""price"":62901.96,""size"":0.01180609,""num_orders"":1},{""price"":62903.34,""size"":0.15660151,""num_orders"":1},{""price"":62903.35,""size"":0.12718602,""num_orders"":1},{""price"":62903.37,""size"":0.1271792,""num_orders"":1},{""price"":62903.58,""size"":0.00794887,""num_orders"":1},{""price"":62904.0,""size"":0.0385,""num_orders"":1},{""price"":62904.52,""size"":0.00022356,""num_orders"":3},{""price"":62904.96,""size"":0.18879706,""num_orders"":1},{""price"":62905.11,""size"":0.04769387,""num_orders"":1}]"
btc_usd_d10_20260709T075401Z,20,2026-07-09T08:14:01.464240Z,2026-07-09T08:14:01.464419Z,BTC-USD,10,ok,,132336272058,2026-07-09T08:13:59.098065502Z,0.47701694,1.1516607,-0.414227925423,62896,62896.010000000002,62896.005000000005,0.010000000002,0.001589926101,"[{""price"":62896.0,""size"":0.16565506,""num_orders"":8},{""price"":62895.38,""size"":3.545e-05,""num_orders"":1},{""price"":62895.18,""size"":1.8e-05,""num_orders"":1},{""price"":62894.0,""size"":0.0384,""num_orders"":1},{""price"":62892.86,""size"":0.00198751,""num_orders"":1},{""price"":62892.02,""size"":0.00319923,""num_orders"":1},{""price"":62892.0,""size"":0.0405,""num_orders"":1},{""price"":62891.92,""size"":1.8e-05,""num_orders"":1},{""price"":62891.25,""size"":0.12720369,""num_orders"":1},{""price"":62890.97,""size"":0.1,""num_orders"":1}]","[{""price"":62896.01,""size"":0.36503678,""num_orders"":6},{""price"":62896.33,""size"":0.3159279,""num_orders"":1},{""price"":62896.34,""size"":0.12719341,""num_orders"":1},{""price"":62896.89,""size"":0.001022,""num_orders"":1},{""price"":62897.59,""size"":0.00794963,""num_orders"":1},{""price"":62898.0,""size"":0.0384,""num_orders"":1},{""price"":62898.59,""size"":0.12718602,""num_orders"":1},{""price"":62899.22,""size"":2.484e-05,""num_orders"":1},{""price"":62899.71,""size"":0.00993703,""num_orders"":1},{""price"":62899.77,""size"":0.15898309,""num_orders"":1}]"
btc_usd_d10_20260709T075401Z,21,2026-07-09T08:15:01.464240Z,2026-07-09T08:15:01.464438Z,BTC-USD,10,ok,,132336304460,2026-07-09T08:14:59.546680592Z,0.96018278,0.69081079,0.163157503999,62898.43,62898.440000000002,62898.434999999998,0.010000000002,0.001589864677,"[{""price"":62898.43,""size"":0.38393095,""num_orders"":9},{""price"":62898.33,""size"":0.00159941,""num_orders"":1},{""price"":62898.32,""size"":0.31440367,""num_orders"":2},{""price"":62898.3,""size"":0.00051273,""num_orders"":2},{""price"":62898.0,""size"":0.0429,""num_orders"":1},{""price"":62897.16,""size"":0.12719174,""num_orders"":1},{""price"":62896.96,""size"":0.00079493,""num_orders"":1},{""price"":62896.73,""size"":0.00794933,""num_orders"":1},{""price"":62896.37,""size"":0.03800002,""num_orders"":1},{""price"":62896.0,""size"":0.0429,""num_orders"":1}]","[{""price"":62898.44,""size"":0.00662845,""num_orders"":1},{""price"":62900.02,""size"":0.00794932,""num_orders"":1},{""price"":62900.66,""size"":0.00176577,""num_orders"":1},{""price"":62900.96,""size"":0.00027324,""num_orders"":4},{""price"":62901.12,""size"":0.47549089,""num_orders"":1},{""price"":62901.58,""size"":0.02185955,""num_orders"":4},{""price"":62901.7,""size"":1.8e-05,""num_orders"":1},{""price"":62902.14,""size"":0.00993665,""num_orders"":1},{""price"":62902.28,""size"":0.12718141,""num_orders"":1},{""price"":62903.61,""size"":0.03970751,""num_orders"":1}]"
btc_usd_d10_20260709T075401Z,22,2026-07-09T08:16:01.464240Z,2026-07-09T08:16:01.464336Z,BTC-USD,10,ok,,132336348111,2026-07-09T08:15:59.001481239Z,0.71538472,0.89060374,-0.109103536149,62891.220000000001,62891.230000000003,62891.225000000006,0.010000000002,0.001590046942,"[{""price"":62891.22,""size"":0.1989204,""num_orders"":6},{""price"":62890.13,""size"":0.00096864,""num_orders"":1},{""price"":62890.0,""size"":0.0407,""num_orders"":1},{""price"":62889.64,""size"":0.00795023,""num_orders"":1},{""price"":62888.7,""size"":2.21e-05,""num_orders"":1},{""price"":62888.01,""size"":0.0242979,""num_orders"":1},{""price"":62888.0,""size"":0.0407,""num_orders"":1},{""price"":62887.54,""size"":0.26470164,""num_orders"":2},{""price"":62887.53,""size"":0.12718602,""num_orders"":1},{""price"":62887.52,""size"":0.00993779,""num_orders"":1}]","[{""price"":62891.23,""size"":0.08170031,""num_orders"":3},{""price"":62891.92,""size"":1.8e-05,""num_orders"":1},{""price"":62892.3,""size"":0.00319954,""num_orders"":1},{""price"":62892.31,""size"":0.03970751,""num_orders"":1},{""price"":62892.33,""size"":0.31166914,""num_orders"":1},{""price"":62892.34,""size"":0.1272015,""num_orders"":1},{""price"":62893.75,""size"":0.00022358,""num_orders"":3},{""price"":62893.8,""size"":0.12718602,""num_orders"":1},{""price"":62893.82,""size"":0.15899814,""num_orders"":1},{""price"":62894.0,""size"":0.0407,""num_orders"":1}]"
btc_usd_d10_20260709T075401Z,23,2026-07-09T08:17:01.464240Z,2026-07-09T08:17:01.464522Z,BTC-USD,10,ok,,132336382188,2026-07-09T08:16:59.538574950Z,1.49792446,0.28695111,0.678463737391,62911.230000000003,62911.239999999998,62911.235000000001,0.009999999995,0.0015895412,"[{""price"":62911.23,""size"":0.62952579,""num_orders"":12},{""price"":62910.75,""size"":0.02,""num_orders"":1},{""price"":62910.74,""size"":0.39836913,""num_orders"":1},{""price"":62910.73,""size"":0.12870181,""num_orders"":3},{""price"":62910.36,""size"":0.14,""num_orders"":2},{""price"":62910.0,""size"":0.0429,""num_orders"":1},{""price"":62909.72,""size"":0.00079477,""num_orders"":1},{""price"":62909.65,""size"":0.0079477,""num_orders"":1},{""price"":62909.33,""size"":0.12718602,""num_orders"":1},{""price"":62908.23,""size"":0.00249924,""num_orders"":1}]","[{""price"":62911.24,""size"":0.02472611,""num_orders"":1},{""price"":62911.48,""size"":1.8e-05,""num_orders"":1},{""price"":62913.76,""size"":0.00027319,""num_orders"":4},{""price"":62913.98,""size"":0.00224779,""num_orders"":1},{""price"":62913.99,""size"":0.0477269,""num_orders"":1},{""price"":62914.39,""size"":0.0218551,""num_orders"":4},{""price"":62914.74,""size"":1.8e-05,""num_orders"":1},{""price"":62915.18,""size"":0.12718602,""num_orders"":1},{""price"":62916.0,""size"":0.0429,""num_orders"":1},{""price"":62916.32,""size"":0.02,""num_orders"":1}]"
btc_usd_d10_20260709T075401Z,24,2026-07-09T08:18:01.464240Z,2026-07-09T08:18:01.464388Z,BTC-USD,10,ok,,132336421190,2026-07-09T08:18:01.044092417Z,0.8965619,0.46305296,0.318846868149,62902.730000000003,62902.739999999998,62902.735000000001,0.009999999995,0.001589755993,"[{""price"":62902.73,""size"":0.10196222,""num_orders"":3},{""price"":62902.0,""size"":0.0429,""num_orders"":1},{""price"":62901.3,""size"":0.12718602,""num_orders"":1},{""price"":62901.06,""size"":0.148186,""num_orders"":2},{""price"":62900.96,""size"":0.04769087,""num_orders"":1},{""price"":62900.0,""size"":0.0429,""num_orders"":1},{""price"":62899.58,""size"":0.01788565,""num_orders"":3},{""price"":62899.49,""size"":0.24785114,""num_orders"":1},{""price"":62898.58,""size"":0.02,""num_orders"":1},{""price"":62898.57,""size"":0.1,""num_orders"":1}]","[{""price"":62902.74,""size"":0.05995713,""num_orders"":2},{""price"":62903.82,""size"":0.00140691,""num_orders"":1},{""price"":62904.96,""size"":1.8e-05,""num_orders"":1},{""price"":62905.98,""size"":0.00319954,""num_orders"":1},{""price"":62905.99,""size"":0.1329218,""num_orders"":1},{""price"":62906.0,""size"":0.0429,""num_orders"":1},{""price"":62906.18,""size"":0.0477269,""num_orders"":1},{""price"":62906.42,""size"":0.00485,""num_orders"":1},{""price"":62906.6,""size"":0.12717268,""num_orders"":1},{""price"":62908.0,""size"":0.0429,""num_orders"":1}]"
btc_usd_d10_20260709T075401Z,25,2026-07-09T08:19:01.464240Z,2026-07-09T08:19:01.464351Z,BTC-USD,10,ok,,132336461866,2026-07-09T08:19:00.115968864Z,0.63178753,0.92793815,-0.189873529556,62891.919999999998,62891.93,62891.925000000003,0.010000000002,0.001590029245,"[{""price"":62891.92,""size"":0.0275553,""num_orders"":5},{""price"":62891.67,""size"":0.1,""num_orders"":1},{""price"":62889.23,""size"":0.00319947,""num_orders"":1},{""price"":62888.78,""size"":0.01590108,""num_orders"":2},{""price"":62888.66,""size"":1.8e-05,""num_orders"":1},{""price"":62888.52,""size"":0.12720921,""num_orders"":1},{""price"":62888.0,""size"":0.0368,""num_orders"":1},{""price"":62886.0,""size"":0.0349,""num_orders"":1},{""price"":62885.78,""size"":0.15901845,""num_orders"":1},{""price"":62885.65,""size"":0.12718602,""num_orders"":1}]","[{""price"":62891.93,""size"":0.14010812,""num_orders"":6},{""price"":62893.51,""size"":0.00795014,""num_orders"":1},{""price"":62894.32,""size"":0.1271975,""num_orders"":1},{""price"":62894.56,""size"":0.02,""num_orders"":1},{""price"":62894.57,""size"":0.37006844,""num_orders"":2},{""price"":62894.58,""size"":0.12718602,""num_orders"":1},{""price"":62894.83,""size"":0.02,""num_orders"":1},{""price"":62894.94,""size"":0.04770103,""num_orders"":1},{""price"":62895.15,""size"":0.02,""num_orders"":1},{""price"":62895.16,""size"":0.0477269,""num_orders"":1}]"
btc_usd_d10_20260709T075401Z,26,2026-07-09T08:20:01.464240Z,2026-07-09T08:20:01.464469Z,BTC-USD,10,ok,,132336503377,2026-07-09T08:20:00.185007863Z,1.17608849,0.41738723,0.476129790042,62915.800000000003,62915.809999999998,62915.805,0.009999999995,0.00158942574,"[{""price"":62915.8,""size"":0.53322949,""num_orders"":7},{""price"":62915.76,""size"":0.00022582,""num_orders"":1},{""price"":62914.24,""size"":0.23690793,""num_orders"":1},{""price"":62914.23,""size"":0.007947,""num_orders"":1},{""price"":62914.0,""size"":0.0367,""num_orders"":1},{""price"":62913.39,""size"":0.12718602,""num_orders"":1},{""price"":62913.38,""size"":0.03970751,""num_orders"":1},{""price"":62913.37,""size"":0.15894871,""num_orders"":1},{""price"":62912.61,""size"":0.00033601,""num_orders"":2},{""price"":62912.0,""size"":0.0349,""num_orders"":1}]","[{""price"":62915.81,""size"":0.04128888,""num_orders"":2},{""price"":62918.33,""size"":4.967e-05,""num_orders"":1},{""price"":62918.96,""size"":0.00397337,""num_orders"":1},{""price"":62921.26,""size"":1.8e-05,""num_orders"":1},{""price"":62922.06,""size"":0.00319954,""num_orders"":1},{""price"":62922.07,""size"":0.0477269,""num_orders"":1},{""price"":62922.7,""size"":0.12718602,""num_orders"":1},{""price"":62923.26,""size"":0.06679,""num_orders"":1},{""price"":62924.32,""size"":0.12713685,""num_orders"":1},{""price"":62924.52,""size"":1.8e-05,""num_orders"":1}]"
btc_usd_d10_20260709T075401Z,27,2026-07-09T08:21:01.464240Z,2026-07-09T08:21:01.464473Z,BTC-USD,10,ok,,132336557148,2026-07-09T08:21:00.116241154Z,0.67328972,0.23242746,0.48675488302,62976.529999999999,62976.540000000001,62976.535000000003,0.010000000002,0.001587893015,"[{""price"":62976.53,""size"":0.29476134,""num_orders"":6},{""price"":62976.0,""size"":0.0315,""num_orders"":1},{""price"":62975.65,""size"":0.12703322,""num_orders"":1},{""price"":62974.01,""size"":0.02,""num_orders"":1},{""price"":62974.0,""size"":0.0315,""num_orders"":1},{""price"":62973.44,""size"":0.09527716,""num_orders"":1},{""price"":62973.42,""size"":1.8e-05,""num_orders"":1},{""price"":62972.01,""size"":0.02,""num_orders"":1},{""price"":62972.0,""size"":0.0332,""num_orders"":1},{""price"":62971.57,""size"":0.02,""num_orders"":1}]","[{""price"":62976.54,""size"":0.0428,""num_orders"":2},{""price"":62979.06,""size"":7.443e-05,""num_orders"":2},{""price"":62979.59,""size"":0.00357317,""num_orders"":1},{""price"":62979.69,""size"":0.0059543,""num_orders"":2},{""price"":62979.8,""size"":0.02411481,""num_orders"":1},{""price"":62983.13,""size"":0.00319954,""num_orders"":1},{""price"":62983.14,""size"":0.02,""num_orders"":1},{""price"":62983.16,""size"":0.02,""num_orders"":1},{""price"":62983.17,""size"":0.02,""num_orders"":1},{""price"":62983.18,""size"":0.09271121,""num_orders"":1}]"
btc_usd_d10_20260709T075401Z,28,2026-07-09T08:22:01.464240Z,2026-07-09T08:22:01.464350Z,BTC-USD,10,ok,,132336602672,2026-07-09T08:21:58.683986855Z,0.39412165,0.61755775,-0.220856627109,62975.860000000001,62977,62976.43,1.139999999999,0.181020105458,"[{""price"":62975.86,""size"":0.04762755,""num_orders"":1},{""price"":62974.86,""size"":0.027614,""num_orders"":1},{""price"":62974.0,""size"":0.0284,""num_orders"":1},{""price"":62973.65,""size"":0.12703725,""num_orders"":1},{""price"":62973.42,""size"":1.8e-05,""num_orders"":1},{""price"":62972.0,""size"":0.0284,""num_orders"":1},{""price"":62971.12,""size"":0.08866653,""num_orders"":2},{""price"":62970.16,""size"":1.8e-05,""num_orders"":1},{""price"":62970.0,""size"":0.0384,""num_orders"":2},{""price"":62969.78,""size"":0.00794032,""num_orders"":1}]","[{""price"":62977.0,""size"":0.0421,""num_orders"":1},{""price"":62977.99,""size"":0.06813905,""num_orders"":2},{""price"":62978.0,""size"":0.0284,""num_orders"":1},{""price"":62978.43,""size"":0.03253905,""num_orders"":1},{""price"":62978.98,""size"":0.02996885,""num_orders"":2},{""price"":62979.63,""size"":0.09527716,""num_orders"":1},{""price"":62979.64,""size"":0.12703,""num_orders"":1},{""price"":62980.0,""size"":0.06361324,""num_orders"":2},{""price"":62980.01,""size"":0.03521324,""num_orders"":1},{""price"":62981.94,""size"":0.09527716,""num_orders"":1}]"
btc_usd_d10_20260709T075401Z,29,2026-07-09T08:23:01.464240Z,2026-07-09T08:23:01.464333Z,BTC-USD,10,ok,,132336642249,2026-07-09T08:23:00.681204283Z,0.58632767,0.31747147,0.297473396578,62986.459999999999,62986.470000000001,62986.464999999997,0.010000000002,0.001587642679,"[{""price"":62986.46,""size"":3.01e-06,""num_orders"":2},{""price"":62985.84,""size"":0.12701266,""num_orders"":1},{""price"":62984.0,""size"":0.0284,""num_orders"":1},{""price"":62983.2,""size"":1.8e-05,""num_orders"":1},{""price"":62983.05,""size"":0.01061683,""num_orders"":1},{""price"":62983.04,""size"":0.09527716,""num_orders"":1},{""price"":62982.62,""size"":0.06891273,""num_orders"":1},{""price"":62982.38,""size"":0.15877455,""num_orders"":1},{""price"":62982.13,""size"":0.06891273,""num_orders"":1},{""price"":62982.0,""size"":0.0284,""num_orders"":1}]","[{""price"":62986.47,""size"":0.09140671,""num_orders"":5},{""price"":62988.05,""size"":0.00793821,""num_orders"":1},{""price"":62988.99,""size"":0.00027286,""num_orders"":4},{""price"":62989.61,""size"":0.00319954,""num_orders"":1},{""price"":62989.62,""size"":0.021829,""num_orders"":4},{""price"":62989.95,""size"":0.02,""num_orders"":1},{""price"":62989.96,""size"":0.09527716,""num_orders"":1},{""price"":62990.14,""size"":0.04762523,""num_orders"":1},{""price"":62990.16,""size"":0.02,""num_orders"":1},{""price"":62990.17,""size"":0.00992276,""num_orders"":1}]"
btc_usd_d10_20260709T075401Z,30,2026-07-09T08:24:01.464240Z,2026-07-09T08:24:01.464396Z,BTC-USD,10,ok,,132336684360,2026-07-09T08:24:00.047616038Z,0.47510892,0.24023653,0.328334219502,62966.669999999998,62966.68,62966.675000000003,0.010000000002,0.001588141664,"[{""price"":62966.67,""size"":0.00010322,""num_orders"":1},{""price"":62966.2,""size"":0.12705229,""num_orders"":1},{""price"":62966.0,""size"":0.0231,""num_orders"":1},{""price"":62964.22,""size"":0.00797615,""num_orders"":2},{""price"":62964.01,""size"":0.09527716,""num_orders"":1},{""price"":62964.0,""size"":0.0231,""num_orders"":1},{""price"":62963.98,""size"":0.15882095,""num_orders"":1},{""price"":62963.63,""size"":0.01173804,""num_orders"":1},{""price"":62963.52,""size"":0.00794111,""num_orders"":1},{""price"":62962.99,""size"":0.02,""num_orders"":1}]","[{""price"":62966.68,""size"":0.03977,""num_orders"":3},{""price"":62969.98,""size"":0.00319954,""num_orders"":1},{""price"":62969.99,""size"":0.09527716,""num_orders"":1},{""price"":62970.0,""size"":0.0231,""num_orders"":1},{""price"":62970.16,""size"":1.8e-05,""num_orders"":1},{""price"":62971.39,""size"":0.04764166,""num_orders"":1},{""price"":62971.99,""size"":0.00793167,""num_orders"":1},{""price"":62972.0,""size"":0.0231,""num_orders"":1},{""price"":62972.27,""size"":9.925e-05,""num_orders"":1},{""price"":62972.31,""size"":9.925e-05,""num_orders"":1}]"
btc_usd_d10_20260709T075401Z,31,2026-07-09T08:25:01.464240Z,2026-07-09T08:25:01.464392Z,BTC-USD,10,ok,,132336737393,2026-07-09T08:25:01.045744542Z,0.28708146,0.46462132,-0.236183588412,62958.110000000001,62960.080000000002,62959.095000000001,1.970000000001,0.312901575221,"[{""price"":62958.11,""size"":0.01325662,""num_orders"":1},{""price"":62958.1,""size"":0.01350641,""num_orders"":2},{""price"":62958.0,""size"":0.0241,""num_orders"":1},{""price"":62957.46,""size"":0.12706992,""num_orders"":1},{""price"":62956.0,""size"":0.0241,""num_orders"":1},{""price"":62955.72,""size"":0.00079415,""num_orders"":1},{""price"":62955.37,""size"":0.04824099,""num_orders"":1},{""price"":62954.52,""size"":0.00794224,""num_orders"":1},{""price"":62954.45,""size"":0.00397113,""num_orders"":1},{""price"":62954.0,""size"":0.0241,""num_orders"":1}]","[{""price"":62960.08,""size"":0.02052571,""num_orders"":2},{""price"":62960.38,""size"":1.8e-05,""num_orders"":1},{""price"":62961.97,""size"":0.00319954,""num_orders"":1},{""price"":62961.98,""size"":0.04764573,""num_orders"":1},{""price"":62962.6,""size"":0.0001489,""num_orders"":2},{""price"":62963.11,""size"":0.12705853,""num_orders"":1},{""price"":62963.2,""size"":0.09527716,""num_orders"":1},{""price"":62963.23,""size"":0.01191171,""num_orders"":2},{""price"":62963.64,""size"":1.8e-05,""num_orders"":1},{""price"":62965.14,""size"":0.15881804,""num_orders"":1}]"
btc_usd_d10_20260709T075401Z,32,2026-07-09T08:26:01.464240Z,2026-07-09T08:26:01.464361Z,BTC-USD,10,ok,,132336769996,2026-07-09T08:26:00.141420242Z,0.46463225,0.10393271,0.634403393413,62944.080000000002,62944.089999999997,62944.084999999999,0.009999999995,0.001588711631,"[{""price"":62944.08,""size"":0.0078569,""num_orders"":5},{""price"":62942.64,""size"":0.12709984,""num_orders"":1},{""price"":62942.0,""size"":0.0217,""num_orders"":1},{""price"":62940.93,""size"":0.01390193,""num_orders"":3},{""price"":62940.0,""size"":0.0217,""num_orders"":1},{""price"":62938.77,""size"":0.12710764,""num_orders"":1},{""price"":62938.23,""size"":0.04766061,""num_orders"":1},{""price"":62938.0,""size"":0.0217,""num_orders"":1},{""price"":62937.56,""size"":1.8e-05,""num_orders"":1},{""price"":62934.56,""size"":0.07588733,""num_orders"":1}]","[{""price"":62944.09,""size"":0.05669687,""num_orders"":6},{""price"":62944.4,""size"":0.0097,""num_orders"":1},{""price"":62944.44,""size"":0.00324279,""num_orders"":1},{""price"":62944.5,""size"":2.377e-05,""num_orders"":1},{""price"":62944.57,""size"":9.508e-05,""num_orders"":1},{""price"":62944.65,""size"":0.00019016,""num_orders"":1},{""price"":62944.66,""size"":0.00038032,""num_orders"":1},{""price"":62945.24,""size"":0.00076065,""num_orders"":1},{""price"":62945.97,""size"":0.00319954,""num_orders"":1},{""price"":62946.0,""size"":0.02964353,""num_orders"":2}]"
btc_usd_d10_20260709T075401Z,33,2026-07-09T08:27:01.464240Z,2026-07-09T08:27:01.464338Z,BTC-USD,10,ok,,132336801648,2026-07-09T08:26:59.963187577Z,0.165612,0.19059149,-0.070127022057,62967.18,62967.190000000002,62967.184999999998,0.010000000002,0.001588128801,"[{""price"":62967.18,""size"":0.01406055,""num_orders"":2},{""price"":62967.17,""size"":0.01683905,""num_orders"":1},{""price"":62967.16,""size"":0.01683905,""num_orders"":1},{""price"":62967.15,""size"":0.01683905,""num_orders"":1},{""price"":62967.14,""size"":0.01683905,""num_orders"":1},{""price"":62967.13,""size"":0.01683905,""num_orders"":1},{""price"":62967.12,""size"":0.01683905,""num_orders"":1},{""price"":62967.11,""size"":0.01683905,""num_orders"":1},{""price"":62967.1,""size"":0.01683905,""num_orders"":1},{""price"":62967.09,""size"":0.01683905,""num_orders"":1}]","[{""price"":62967.19,""size"":0.03064561,""num_orders"":3},{""price"":62968.14,""size"":5.183e-05,""num_orders"":1},{""price"":62968.15,""size"":0.00010366,""num_orders"":1},{""price"":62968.16,""size"":0.00020731,""num_orders"":1},{""price"":62968.18,""size"":0.00156662,""num_orders"":1},{""price"":62968.19,""size"":0.12709645,""num_orders"":1},{""price"":62968.77,""size"":0.00794064,""num_orders"":1},{""price"":62969.71,""size"":0.00017369,""num_orders"":3},{""price"":62970.0,""size"":0.0217,""num_orders"":1},{""price"":62970.06,""size"":0.00110568,""num_orders"":1}]"
btc_usd_d10_20260709T075401Z,34,2026-07-09T08:28:01.464240Z,2026-07-09T08:28:01.464353Z,BTC-USD,10,ok,,132336832644,2026-07-09T08:28:00.040174883Z,0.4782921,0.22025485,0.36939142029,62982.919999999998,62982.93,62982.925000000003,0.010000000002,0.001587731913,"[{""price"":62982.92,""size"":0.08729428,""num_orders"":7},{""price"":62982.84,""size"":0.00319954,""num_orders"":1},{""price"":62982.83,""size"":0.12701873,""num_orders"":1},{""price"":62982.0,""size"":0.02139386,""num_orders"":2},{""price"":62981.44,""size"":0.03300001,""num_orders"":1},{""price"":62981.34,""size"":0.00793865,""num_orders"":1},{""price"":62980.06,""size"":0.13684703,""num_orders"":1},{""price"":62980.01,""size"":0.02,""num_orders"":1},{""price"":62980.0,""size"":0.0216,""num_orders"":1},{""price"":62979.98,""size"":0.02,""num_orders"":1}]","[{""price"":62982.93,""size"":0.0308246,""num_orders"":2},{""price"":62982.94,""size"":0.02363905,""num_orders"":1},{""price"":62982.95,""size"":0.02363905,""num_orders"":1},{""price"":62982.97,""size"":0.02363905,""num_orders"":1},{""price"":62982.98,""size"":0.02363905,""num_orders"":1},{""price"":62982.99,""size"":0.0236389,""num_orders"":1},{""price"":62983.0,""size"":0.02373905,""num_orders"":1},{""price"":62983.01,""size"":0.02373905,""num_orders"":1},{""price"":62983.02,""size"":0.02373905,""num_orders"":1},{""price"":62983.2,""size"":1.8e-05,""num_orders"":1}]"
btc_usd_d10_20260709T075401Z,35,2026-07-09T08:29:01.464240Z,2026-07-09T08:29:01.464334Z,BTC-USD,10,ok,,132336863858,2026-07-09T08:29:00.340129294Z,0.58191321,0.28668903,0.339884202924,62986.970000000001,62986.980000000003,62986.975000000006,0.010000000002,0.001587629824,"[{""price"":62986.97,""size"":0.1865396,""num_orders"":5},{""price"":62985.45,""size"":0.15876681,""num_orders"":1},{""price"":62985.43,""size"":0.00028133,""num_orders"":1},{""price"":62985.39,""size"":0.00793814,""num_orders"":1},{""price"":62984.0,""size"":0.0263,""num_orders"":1},{""price"":62983.53,""size"":0.02900616,""num_orders"":1},{""price"":62983.27,""size"":0.00218472,""num_orders"":1},{""price"":62982.9,""size"":0.12709645,""num_orders"":1},{""price"":62982.01,""size"":0.02,""num_orders"":1},{""price"":62982.0,""size"":0.0238,""num_orders"":1}]","[{""price"":62986.98,""size"":0.06381254,""num_orders"":5},{""price"":62988.56,""size"":0.00793814,""num_orders"":1},{""price"":62989.5,""size"":0.00027286,""num_orders"":4},{""price"":62989.72,""size"":1.8e-05,""num_orders"":1},{""price"":62989.99,""size"":0.00319954,""num_orders"":1},{""price"":62990.0,""size"":0.0263,""num_orders"":1},{""price"":62990.13,""size"":0.02182882,""num_orders"":4},{""price"":62990.68,""size"":0.00992268,""num_orders"":1},{""price"":62991.68,""size"":0.12709645,""num_orders"":1},{""price"":62992.0,""size"":0.0263,""num_orders"":1}]"
btc_usd_d10_20260709T075401Z,36,2026-07-09T08:30:01.464240Z,2026-07-09T08:30:01.464349Z,BTC-USD,10,ok,,132336894635,2026-07-09T08:29:59.539039681Z,0.47556162,0.1113079,0.620672411135,62982,62982.010000000002,62982.005000000005,0.010000000002,0.001587755106,"[{""price"":62982.0,""size"":0.19966437,""num_orders"":4},{""price"":62980.82,""size"":0.00387841,""num_orders"":1},{""price"":62980.8,""size"":0.00352805,""num_orders"":2},{""price"":62980.42,""size"":0.00793877,""num_orders"":1},{""price"":62980.0,""size"":0.025,""num_orders"":1},{""price"":62979.48,""size"":0.03587818,""num_orders"":3},{""price"":62979.47,""size"":0.15878187,""num_orders"":1},{""price"":62979.43,""size"":0.00198477,""num_orders"":1},{""price"":62979.34,""size"":0.03493761,""num_orders"":1},{""price"":62978.85,""size"":0.00396959,""num_orders"":1}]","[{""price"":62982.01,""size"":0.04763934,""num_orders"":4},{""price"":62982.38,""size"":0.00130771,""num_orders"":1},{""price"":62983.2,""size"":0.00198051,""num_orders"":2},{""price"":62983.59,""size"":0.00793877,""num_orders"":1},{""price"":62985.11,""size"":4.961e-05,""num_orders"":1},{""price"":62985.72,""size"":0.00022327,""num_orders"":3},{""price"":62985.74,""size"":0.00396915,""num_orders"":1},{""price"":62985.97,""size"":0.00319954,""num_orders"":1},{""price"":62985.98,""size"":0.02,""num_orders"":1},{""price"":62986.0,""size"":0.025,""num_orders"":1}]"
btc_usd_d10_20260709T075401Z,37,2026-07-09T08:31:01.464240Z,2026-07-09T08:31:01.464350Z,BTC-USD,10,ok,,132336930940,2026-07-09T08:31:01.046281231Z,0.49482437,0.22923423,0.366807520828,62961.849999999999,62961.860000000001,62961.854999999996,0.010000000002,0.001588263243,"[{""price"":62961.85,""size"":0.06468212,""num_orders"":4},{""price"":62961.6,""size"":0.12706156,""num_orders"":1},{""price"":62960.38,""size"":1.8e-05,""num_orders"":1},{""price"":62960.0,""size"":0.0337,""num_orders"":2},{""price"":62958.91,""size"":0.04763992,""num_orders"":1},{""price"":62958.7,""size"":0.01786885,""num_orders"":3},{""price"":62958.05,""size"":0.15883592,""num_orders"":1},{""price"":62958.0,""size"":0.025,""num_orders"":1},{""price"":62957.13,""size"":0.02,""num_orders"":1},{""price"":62957.12,""size"":1.8e-05,""num_orders"":1}]","[{""price"":62961.86,""size"":0.05508646,""num_orders"":4},{""price"":62963.23,""size"":0.12709645,""num_orders"":1},{""price"":62963.44,""size"":0.00794131,""num_orders"":1},{""price"":62963.91,""size"":3.644e-05,""num_orders"":1},{""price"":62963.93,""size"":7.288e-05,""num_orders"":1},{""price"":62963.95,""size"":0.0002915,""num_orders"":1},{""price"":62964.96,""size"":0.00058301,""num_orders"":1},{""price"":62965.56,""size"":0.00992664,""num_orders"":1},{""price"":62965.99,""size"":0.00319954,""num_orders"":1},{""price"":62966.0,""size"":0.025,""num_orders"":1}]"
btc_usd_d10_20260709T075401Z,38,2026-07-09T08:32:01.464240Z,2026-07-09T08:32:01.464404Z,BTC-USD,10,ok,,132336974127,2026-07-09T08:32:00.819840279Z,0.79548066,0.10805388,0.760819591911,62976.669999999998,62976.68,62976.675000000003,0.010000000002,0.001587889485,"[{""price"":62976.67,""size"":0.2269817,""num_orders"":5},{""price"":62976.01,""size"":0.01888875,""num_orders"":1},{""price"":62976.0,""size"":0.0237,""num_orders"":1},{""price"":62975.09,""size"":0.00793944,""num_orders"":1},{""price"":62974.16,""size"":0.00079394,""num_orders"":1},{""price"":62974.12,""size"":0.00159976,""num_orders"":1},{""price"":62974.11,""size"":0.20598447,""num_orders"":1},{""price"":62974.1,""size"":0.12709645,""num_orders"":1},{""price"":62974.0,""size"":0.0237,""num_orders"":1},{""price"":62973.81,""size"":0.15879615,""num_orders"":1}]","[{""price"":62976.68,""size"":1.8e-05,""num_orders"":1},{""price"":62979.13,""size"":0.00698853,""num_orders"":1},{""price"":62979.2,""size"":0.00027291,""num_orders"":4},{""price"":62979.83,""size"":0.02183238,""num_orders"":4},{""price"":62979.94,""size"":1.8e-05,""num_orders"":1},{""price"":62980.08,""size"":0.00698853,""num_orders"":1},{""price"":62981.99,""size"":0.0477269,""num_orders"":1},{""price"":62982.0,""size"":0.0237,""num_orders"":1},{""price"":62983.13,""size"":0.00049063,""num_orders"":1},{""price"":62983.2,""size"":1.8e-05,""num_orders"":1}]"
btc_usd_d10_20260709T075401Z,39,2026-07-09T08:33:01.464240Z,2026-07-09T08:33:01.464363Z,BTC-USD,10,ok,,132336995656,2026-07-09T08:32:58.842881314Z,0.33560699,0.23218866,0.18214005338,62954.599999999999,62954.610000000001,62954.604999999996,0.010000000002,0.001588446151,"[{""price"":62954.6,""size"":0.13993572,""num_orders"":5},{""price"":62954.11,""size"":0.0015625,""num_orders"":1},{""price"":62953.99,""size"":0.00375,""num_orders"":1},{""price"":62953.86,""size"":1.8e-05,""num_orders"":1},{""price"":62952.47,""size"":0.0079425,""num_orders"":1},{""price"":62952.07,""size"":0.1270808,""num_orders"":1},{""price"":62952.05,""size"":0.01389947,""num_orders"":3},{""price"":62952.0,""size"":0.0214,""num_orders"":1},{""price"":62950.6,""size"":1.8e-05,""num_orders"":1},{""price"":62950.01,""size"":0.02,""num_orders"":1}]","[{""price"":62954.61,""size"":0.0491,""num_orders"":1},{""price"":62955.21,""size"":0.00794215,""num_orders"":1},{""price"":62955.93,""size"":0.00698623,""num_orders"":1},{""price"":62955.99,""size"":0.06324829,""num_orders"":2},{""price"":62956.0,""size"":0.0214,""num_orders"":1},{""price"":62956.32,""size"":0.005,""num_orders"":1},{""price"":62956.79,""size"":0.00794215,""num_orders"":1},{""price"":62957.44,""size"":0.00152255,""num_orders"":1},{""price"":62957.54,""size"":0.04764729,""num_orders"":1},{""price"":62958.0,""size"":0.0214,""num_orders"":1}]"
btc_usd_d10_20260709T075401Z,40,2026-07-09T08:34:01.464240Z,2026-07-09T08:34:01.464347Z,BTC-USD,10,ok,,132337018523,2026-07-09T08:34:00.682826260Z,0.44205016,0.32377924,0.154435073921,62931.980000000003,62931.989999999998,62931.985000000001,0.009999999995,0.001589017094,"[{""price"":62931.98,""size"":0.01003807,""num_orders"":2},{""price"":62931.71,""size"":0.12634679,""num_orders"":1},{""price"":62931.04,""size"":1.8e-05,""num_orders"":1},{""price"":62930.0,""size"":0.0324,""num_orders"":2},{""price"":62929.84,""size"":0.02184974,""num_orders"":4},{""price"":62928.53,""size"":0.15891041,""num_orders"":1},{""price"":62928.0,""size"":0.0224,""num_orders"":1},{""price"":62927.78,""size"":1.8e-05,""num_orders"":1},{""price"":62926.79,""size"":0.04766915,""num_orders"":1},{""price"":62926.0,""size"":0.0224,""num_orders"":1}]","[{""price"":62931.99,""size"":0.02065721,""num_orders"":2},{""price"":62933.57,""size"":0.00794508,""num_orders"":1},{""price"":62933.8,""size"":0.0013452,""num_orders"":1},{""price"":62934.0,""size"":0.0224,""num_orders"":1},{""price"":62935.68,""size"":0.00319954,""num_orders"":1},{""price"":62935.69,""size"":0.00993135,""num_orders"":1},{""price"":62935.79,""size"":0.18184498,""num_orders"":2},{""price"":62935.97,""size"":0.00639105,""num_orders"":1},{""price"":62936.0,""size"":0.0224,""num_orders"":1},{""price"":62936.22,""size"":0.04766483,""num_orders"":1}]"
btc_usd_d10_20260709T075401Z,41,2026-07-09T08:35:01.464240Z,2026-07-09T08:35:01.464411Z,BTC-USD,10,ok,,132337043858,2026-07-09T08:35:01.047629564Z,0.01750027,0.92238246,-0.962760737183,62928.970000000001,62928.980000000003,62928.975000000006,0.010000000002,0.001589093101,"[{""price"":62928.97,""size"":0.00762401,""num_orders"":3},{""price"":62928.95,""size"":0.00780459,""num_orders"":1},{""price"":62928.84,""size"":2.083e-05,""num_orders"":1},{""price"":62928.83,""size"":4.167e-05,""num_orders"":1},{""price"":62928.81,""size"":8.333e-05,""num_orders"":1},{""price"":62928.79,""size"":0.00016667,""num_orders"":1},{""price"":62928.78,""size"":0.00033334,""num_orders"":1},{""price"":62928.75,""size"":0.00133334,""num_orders"":1},{""price"":62926.78,""size"":7.399e-05,""num_orders"":1},{""price"":62926.01,""size"":1.85e-05,""num_orders"":1}]","[{""price"":62928.98,""size"":0.45984059,""num_orders"":6},{""price"":62928.99,""size"":0.00079454,""num_orders"":1},{""price"":62929.0,""size"":0.03,""num_orders"":1},{""price"":62929.42,""size"":0.12241141,""num_orders"":1},{""price"":62929.43,""size"":0.12712654,""num_orders"":1},{""price"":62930.0,""size"":0.0223,""num_orders"":1},{""price"":62930.67,""size"":0.00794545,""num_orders"":1},{""price"":62931.0,""size"":0.04767369,""num_orders"":1},{""price"":62931.11,""size"":0.10426271,""num_orders"":2},{""price"":62931.99,""size"":2.753e-05,""num_orders"":1}]"
btc_usd_d10_20260709T075401Z,42,2026-07-09T08:36:01.464240Z,2026-07-09T08:36:01.464338Z,BTC-USD,10,ok,,132337071221,2026-07-09T08:35:59.142501334Z,0.52306083,0.14921717,0.556084923201,62956.370000000003,62956.379999999997,62956.375,0.009999999995,0.001588401491,"[{""price"":62956.37,""size"":0.0632612,""num_orders"":4},{""price"":62956.36,""size"":0.03,""num_orders"":1},{""price"":62956.34,""size"":0.03,""num_orders"":1},{""price"":62956.07,""size"":0.12707272,""num_orders"":1},{""price"":62954.79,""size"":0.00703683,""num_orders"":1},{""price"":62954.0,""size"":0.0257,""num_orders"":1},{""price"":62953.75,""size"":0.15884675,""num_orders"":1},{""price"":62952.98,""size"":0.00022079,""num_orders"":2},{""price"":62952.01,""size"":0.05522254,""num_orders"":2},{""price"":62952.0,""size"":0.0257,""num_orders"":1}]","[{""price"":62956.38,""size"":0.0016966,""num_orders"":4},{""price"":62957.01,""size"":0.01786934,""num_orders"":3},{""price"":62957.12,""size"":1.8e-05,""num_orders"":1},{""price"":62958.9,""size"":4.964e-05,""num_orders"":1},{""price"":62959.06,""size"":0.04765044,""num_orders"":1},{""price"":62959.53,""size"":0.0039708,""num_orders"":1},{""price"":62959.96,""size"":0.02914435,""num_orders"":1},{""price"":62960.0,""size"":0.0244,""num_orders"":1},{""price"":62960.38,""size"":1.8e-05,""num_orders"":1},{""price"":62962.0,""size"":0.0244,""num_orders"":1}]"
btc_usd_d10_20260709T075401Z,43,2026-07-09T08:37:01.464240Z,2026-07-09T08:37:01.464330Z,BTC-USD,10,ok,,132337100734,2026-07-09T08:36:59.040724575Z,0.40170372,0.38008687,0.027650435138,62931.040000000001,62931.050000000003,62931.044999999998,0.010000000002,0.001589040831,"[{""price"":62931.04,""size"":3.897e-05,""num_orders"":2},{""price"":62930.64,""size"":0.12712407,""num_orders"":1},{""price"":62928.0,""size"":0.0269,""num_orders"":1},{""price"":62927.89,""size"":0.0178776,""num_orders"":3},{""price"":62927.78,""size"":1.8e-05,""num_orders"":1},{""price"":62927.51,""size"":0.15891299,""num_orders"":1},{""price"":62926.86,""size"":0.00393209,""num_orders"":1},{""price"":62926.0,""size"":0.0269,""num_orders"":1},{""price"":62925.87,""size"":0.02,""num_orders"":1},{""price"":62925.26,""size"":0.02,""num_orders"":1}]","[{""price"":62931.05,""size"":0.06224335,""num_orders"":5},{""price"":62931.06,""size"":0.03,""num_orders"":1},{""price"":62931.08,""size"":0.03,""num_orders"":1},{""price"":62932.63,""size"":0.0079452,""num_orders"":1},{""price"":62933.99,""size"":0.14537767,""num_orders"":1},{""price"":62934.0,""size"":0.0269,""num_orders"":1},{""price"":62934.68,""size"":0.04766962,""num_orders"":1},{""price"":62934.75,""size"":0.0099315,""num_orders"":1},{""price"":62934.99,""size"":0.02,""num_orders"":1},{""price"":62935.0,""size"":1.953e-05,""num_orders"":1}]"
btc_usd_d10_20260709T075401Z,44,2026-07-09T08:38:01.464240Z,2026-07-09T08:38:01.464395Z,BTC-USD,10,ok,,132337126267,2026-07-09T08:38:00.657935185Z,0.47552472,0.16864458,0.476396717447,62975.93,62975.940000000002,62975.934999999998,0.010000000002,0.001587908143,"[{""price"":62975.93,""size"":0.20732235,""num_orders"":9},{""price"":62975.92,""size"":0.03,""num_orders"":1},{""price"":62975.9,""size"":0.03,""num_orders"":1},{""price"":62975.86,""size"":0.00404133,""num_orders"":1},{""price"":62974.35,""size"":0.00387218,""num_orders"":1},{""price"":62974.0,""size"":0.0296,""num_orders"":1},{""price"":62973.46,""size"":0.00702558,""num_orders"":1},{""price"":62973.42,""size"":0.1270377,""num_orders"":1},{""price"":62972.0,""size"":0.0296,""num_orders"":1},{""price"":62971.86,""size"":0.00702558,""num_orders"":1}]","[{""price"":62975.94,""size"":0.03690303,""num_orders"":2},{""price"":62976.68,""size"":1.8e-05,""num_orders"":1},{""price"":62977.98,""size"":0.02,""num_orders"":1},{""price"":62977.99,""size"":0.02,""num_orders"":1},{""price"":62978.0,""size"":0.0296,""num_orders"":1},{""price"":62978.46,""size"":0.00027291,""num_orders"":4},{""price"":62979.08,""size"":0.02,""num_orders"":1},{""price"":62979.09,""size"":0.02183264,""num_orders"":4},{""price"":62979.93,""size"":0.02,""num_orders"":1},{""price"":62979.94,""size"":1.8e-05,""num_orders"":1}]"
btc_usd_d10_20260709T075401Z,45,2026-07-09T08:39:01.464240Z,2026-07-09T08:39:01.464353Z,BTC-USD,10,ok,,132337169027,2026-07-09T08:38:59.547296799Z,1.29610966,0.04524422,0.93253947273,62986.239999999998,62986.25,62986.244999999995,0.010000000002,0.001587648224,"[{""price"":62986.24,""size"":0.69598372,""num_orders"":4},{""price"":62986.23,""size"":0.00199856,""num_orders"":1},{""price"":62986.22,""size"":0.03,""num_orders"":1},{""price"":62986.02,""size"":0.09021406,""num_orders"":1},{""price"":62986.01,""size"":0.12701233,""num_orders"":1},{""price"":62986.0,""size"":0.0241,""num_orders"":1},{""price"":62984.02,""size"":0.00793173,""num_orders"":1},{""price"":62984.01,""size"":0.13599835,""num_orders"":2},{""price"":62984.0,""size"":0.0241,""num_orders"":1},{""price"":62983.82,""size"":0.15877091,""num_orders"":1}]","[{""price"":62986.25,""size"":8.1e-07,""num_orders"":1},{""price"":62986.44,""size"":9.761e-05,""num_orders"":1},{""price"":62988.45,""size"":0.00069414,""num_orders"":1},{""price"":62988.96,""size"":0.00027286,""num_orders"":4},{""price"":62989.59,""size"":0.021829,""num_orders"":4},{""price"":62990.38,""size"":0.00077127,""num_orders"":1},{""price"":62992.98,""size"":1.8e-05,""num_orders"":1},{""price"":62996.07,""size"":0.00154253,""num_orders"":1},{""price"":62996.23,""size"":0.02,""num_orders"":1},{""price"":62996.24,""size"":1.8e-05,""num_orders"":1}]"
btc_usd_d10_20260709T075401Z,46,2026-07-09T08:40:01.464240Z,2026-07-09T08:40:01.464334Z,BTC-USD,10,ok,,132337204969,2026-07-09T08:40:00.120834976Z,0.46466194,0.36513833,0.11993682528,63028.830000000002,63028.839999999997,63028.834999999999,0.009999999995,0.001586575413,"[{""price"":63028.83,""size"":0.17545091,""num_orders"":6},{""price"":63028.82,""size"":0.03,""num_orders"":1},{""price"":63028.8,""size"":0.03,""num_orders"":1},{""price"":63027.25,""size"":0.00793287,""num_orders"":1},{""price"":63026.03,""size"":0.00319954,""num_orders"":1},{""price"":63026.02,""size"":0.01439733,""num_orders"":1},{""price"":63026.0,""size"":0.0207,""num_orders"":1},{""price"":63025.12,""size"":0.00991609,""num_orders"":1},{""price"":63025.07,""size"":0.01439733,""num_orders"":1},{""price"":63024.73,""size"":0.15866787,""num_orders"":1}]","[{""price"":63028.84,""size"":0.05757885,""num_orders"":5},{""price"":63029.42,""size"":0.027598,""num_orders"":1},{""price"":63030.42,""size"":0.00793287,""num_orders"":1},{""price"":63031.36,""size"":7.437e-05,""num_orders"":2},{""price"":63031.99,""size"":0.00594936,""num_orders"":2},{""price"":63032.1,""size"":1.8e-05,""num_orders"":1},{""price"":63032.55,""size"":0.00991609,""num_orders"":1},{""price"":63034.63,""size"":0.07576787,""num_orders"":1},{""price"":63034.64,""size"":0.12691435,""num_orders"":1},{""price"":63035.16,""size"":0.05338857,""num_orders"":1}]"
btc_usd_d10_20260709T075401Z,47,2026-07-09T08:41:01.464240Z,2026-07-09T08:41:01.464347Z,BTC-USD,10,ok,,132337232676,2026-07-09T08:40:59.664972661Z,0.73757268,0.07443977,0.816653623968,62990.519999999997,62990.529999999999,62990.524999999994,0.010000000002,0.001587540349,"[{""price"":62990.52,""size"":0.35224424,""num_orders"":4},{""price"":62990.0,""size"":0.0197,""num_orders"":1},{""price"":62989.73,""size"":0.0476199,""num_orders"":1},{""price"":62988.01,""size"":0.02,""num_orders"":1},{""price"":62988.0,""size"":0.0397,""num_orders"":2},{""price"":62987.99,""size"":0.15876039,""num_orders"":1},{""price"":62986.08,""size"":0.02,""num_orders"":1},{""price"":62986.07,""size"":3.24e-05,""num_orders"":1},{""price"":62986.06,""size"":0.02,""num_orders"":1},{""price"":62986.05,""size"":0.05951575,""num_orders"":1}]","[{""price"":62990.53,""size"":0.01,""num_orders"":1},{""price"":62990.76,""size"":0.00793787,""num_orders"":1},{""price"":62991.99,""size"":0.00240848,""num_orders"":1},{""price"":62992.88,""size"":0.00992233,""num_orders"":1},{""price"":62992.98,""size"":1.8e-05,""num_orders"":1},{""price"":62993.59,""size"":0.00153633,""num_orders"":1},{""price"":62994.0,""size"":0.0197,""num_orders"":1},{""price"":62995.99,""size"":0.00319876,""num_orders"":1},{""price"":62996.0,""size"":0.0197,""num_orders"":1},{""price"":62996.24,""size"":1.8e-05,""num_orders"":1}]"
btc_usd_d10_20260709T075401Z,48,2026-07-09T08:42:01.464240Z,2026-07-09T08:42:01.464363Z,BTC-USD,10,ok,,132337248527,2026-07-09T08:41:59.603369992Z,0.31998433,0.3880092,-0.096081202889,62989.720000000001,62989.730000000003,62989.725000000006,0.010000000002,0.001587560511,"[{""price"":62989.72,""size"":0.00195687,""num_orders"":3},{""price"":62989.16,""size"":0.12700596,""num_orders"":1},{""price"":62988.24,""size"":0.00020781,""num_orders"":1},{""price"":62987.9,""size"":0.1270085,""num_orders"":1},{""price"":62987.2,""size"":0.00805866,""num_orders"":1},{""price"":62986.96,""size"":0.00805963,""num_orders"":1},{""price"":62986.57,""size"":0.01786095,""num_orders"":3},{""price"":62986.46,""size"":1.8e-05,""num_orders"":1},{""price"":62986.0,""size"":0.01980795,""num_orders"":3},{""price"":62985.0,""size"":0.01,""num_orders"":1}]","[{""price"":62989.73,""size"":0.05597719,""num_orders"":4},{""price"":62991.31,""size"":0.0079378,""num_orders"":1},{""price"":62991.45,""size"":0.00079378,""num_orders"":1},{""price"":62991.99,""size"":0.00319876,""num_orders"":1},{""price"":62992.0,""size"":0.0206,""num_orders"":1},{""price"":62992.04,""size"":0.027608,""num_orders"":1},{""price"":62992.51,""size"":0.12098571,""num_orders"":1},{""price"":62993.43,""size"":0.00992225,""num_orders"":1},{""price"":62993.45,""size"":0.02,""num_orders"":1},{""price"":62993.46,""size"":0.12098571,""num_orders"":1}]"
btc_usd_d10_20260709T075401Z,49,2026-07-09T08:43:01.464240Z,2026-07-09T08:43:01.464351Z,BTC-USD,10,ok,,132337261792,2026-07-09T08:43:00.603402061Z,0.24856783,0.15130034,0.243248893754,62983.199999999997,62983.209999999999,62983.205000000002,0.010000000002,0.001587724855,"[{""price"":62983.2,""size"":0.04763943,""num_orders"":2},{""price"":62982.0,""size"":0.0197,""num_orders"":1},{""price"":62980.13,""size"":0.03047498,""num_orders"":1},{""price"":62980.0,""size"":0.0306,""num_orders"":2},{""price"":62979.94,""size"":0.00365887,""num_orders"":2},{""price"":62979.84,""size"":0.06,""num_orders"":2},{""price"":62978.01,""size"":0.00728175,""num_orders"":1},{""price"":62977.68,""size"":0.04912323,""num_orders"":1},{""price"":62977.47,""size"":7.157e-05,""num_orders"":1},{""price"":62976.68,""size"":1.8e-05,""num_orders"":1}]","[{""price"":62983.21,""size"":0.07277096,""num_orders"":4},{""price"":62985.06,""size"":0.00015106,""num_orders"":1},{""price"":62985.47,""size"":0.00319876,""num_orders"":1},{""price"":62985.48,""size"":0.03,""num_orders"":1},{""price"":62985.5,""size"":0.03,""num_orders"":1},{""price"":62985.81,""size"":0.00060424,""num_orders"":1},{""price"":62986.0,""size"":0.00120848,""num_orders"":1},{""price"":62986.48,""size"":0.00141316,""num_orders"":1},{""price"":62987.05,""size"":0.00793848,""num_orders"":1},{""price"":62988.59,""size"":0.0040152,""num_orders"":1}]"
btc_usd_d10_20260709T075401Z,50,2026-07-09T08:44:01.464240Z,2026-07-09T08:44:01.464385Z,BTC-USD,10,ok,,132337280823,2026-07-09T08:44:00.305751543Z,0.32664516,0.27012219,0.094715252099,62974.650000000001,62974.660000000003,62974.654999999999,0.010000000002,0.001587940419,"[{""price"":62974.65,""size"":0.00016281,""num_orders"":2},{""price"":62974.64,""size"":0.00016703,""num_orders"":1},{""price"":62974.62,""size"":0.00016704,""num_orders"":1},{""price"":62972.94,""size"":0.12703868,""num_orders"":1},{""price"":62972.19,""size"":0.02133627,""num_orders"":2},{""price"":62972.18,""size"":0.12704022,""num_orders"":1},{""price"":62971.86,""size"":0.00806057,""num_orders"":1},{""price"":62971.17,""size"":0.02,""num_orders"":1},{""price"":62971.16,""size"":0.00267254,""num_orders"":1},{""price"":62970.61,""size"":0.02,""num_orders"":1}]","[{""price"":62974.66,""size"":0.03799482,""num_orders"":3},{""price"":62974.71,""size"":0.00079396,""num_orders"":1},{""price"":62975.33,""size"":0.00319876,""num_orders"":1},{""price"":62975.34,""size"":0.04763578,""num_orders"":1},{""price"":62976.0,""size"":0.0206,""num_orders"":1},{""price"":62976.29,""size"":0.00793969,""num_orders"":1},{""price"":62976.34,""size"":0.12401223,""num_orders"":1},{""price"":62976.67,""size"":0.00792895,""num_orders"":1},{""price"":62976.68,""size"":1.8e-05,""num_orders"":1},{""price"":62977.22,""size"":0.02,""num_orders"":1}]"
btc_usd_d10_20260709T075401Z,51,2026-07-09T08:45:01.464240Z,2026-07-09T08:45:01.464333Z,BTC-USD,10,ok,,132337311676,2026-07-09T08:45:00.069040495Z,0.196409,0.3952819,-0.336109444982,62978.93,62978.940000000002,62978.934999999998,0.010000000002,0.001587832503,"[{""price"":62978.93,""size"":0.03569339,""num_orders"":3},{""price"":62978.51,""size"":5.312e-05,""num_orders"":1},{""price"":62978.5,""size"":0.00010624,""num_orders"":1},{""price"":62978.49,""size"":0.00021248,""num_orders"":1},{""price"":62978.47,""size"":0.00042496,""num_orders"":1},{""price"":62978.46,""size"":0.00084992,""num_orders"":1},{""price"":62978.45,""size"":0.00169985,""num_orders"":1},{""price"":62978.01,""size"":0.00543951,""num_orders"":1},{""price"":62978.0,""size"":0.0249,""num_orders"":1},{""price"":62977.48,""size"":0.12702953,""num_orders"":1}]","[{""price"":62978.94,""size"":0.08496627,""num_orders"":3},{""price"":62981.75,""size"":0.00319954,""num_orders"":1},{""price"":62981.76,""size"":0.00394599,""num_orders"":1},{""price"":62981.77,""size"":0.00485,""num_orders"":1},{""price"":62981.99,""size"":0.09999355,""num_orders"":2},{""price"":62982.0,""size"":0.0249,""num_orders"":1},{""price"":62982.93,""size"":0.12701855,""num_orders"":1},{""price"":62983.59,""size"":0.027614,""num_orders"":1},{""price"":62983.74,""size"":0.000194,""num_orders"":1},{""price"":62984.0,""size"":0.0186,""num_orders"":1}]"
btc_usd_d10_20260709T075401Z,52,2026-07-09T08:46:01.464240Z,2026-07-09T08:46:01.464355Z,BTC-USD,10,ok,,132337341593,2026-07-09T08:46:00.338758298Z,0.1961653,1.57051295,-0.777927531513,62957.120000000003,62957.129999999997,62957.125,0.009999999995,0.001588382569,"[{""price"":62957.12,""size"":0.00011809,""num_orders"":3},{""price"":62955.48,""size"":0.00564166,""num_orders"":1},{""price"":62955.0,""size"":0.01,""num_orders"":1},{""price"":62954.53,""size"":0.00564166,""num_orders"":1},{""price"":62953.97,""size"":0.00992789,""num_orders"":2},{""price"":62953.86,""size"":1.8e-05,""num_orders"":1},{""price"":62952.0,""size"":0.0274,""num_orders"":1},{""price"":62950.6,""size"":1.8e-05,""num_orders"":1},{""price"":62950.0,""size"":0.0374,""num_orders"":2},{""price"":62947.59,""size"":0.1,""num_orders"":1}]","[{""price"":62957.13,""size"":0.96624427,""num_orders"":12},{""price"":62957.14,""size"":0.0299992,""num_orders"":2},{""price"":62957.16,""size"":0.03,""num_orders"":1},{""price"":62957.31,""size"":0.1893067,""num_orders"":1},{""price"":62957.32,""size"":0.12707021,""num_orders"":1},{""price"":62958.0,""size"":0.0274,""num_orders"":1},{""price"":62958.07,""size"":0.027617,""num_orders"":1},{""price"":62958.64,""size"":0.12706756,""num_orders"":1},{""price"":62958.92,""size"":0.00794188,""num_orders"":1},{""price"":62959.85,""size"":0.03786613,""num_orders"":1}]"
btc_usd_d10_20260709T075401Z,53,2026-07-09T08:47:01.464240Z,2026-07-09T08:47:01.464326Z,BTC-USD,10,ok,,132337376156,2026-07-09T08:46:58.630562244Z,0.32945824,0.72988384,-0.377994613411,62926,62926.010000000002,62926.005000000005,0.010000000002,0.001589168103,"[{""price"":62926.0,""size"":0.03176212,""num_orders"":2},{""price"":62924.0,""size"":0.0317,""num_orders"":1},{""price"":62922.86,""size"":0.00319947,""num_orders"":1},{""price"":62922.85,""size"":0.01589248,""num_orders"":2},{""price"":62922.77,""size"":0.02,""num_orders"":1},{""price"":62922.76,""size"":0.12713999,""num_orders"":1},{""price"":62922.58,""size"":0.04767759,""num_orders"":1},{""price"":62922.0,""size"":0.0301,""num_orders"":1},{""price"":62921.86,""size"":0.00198659,""num_orders"":1},{""price"":62921.15,""size"":0.02,""num_orders"":1}]","[{""price"":62926.01,""size"":0.00691143,""num_orders"":1},{""price"":62927.2,""size"":0.12473182,""num_orders"":1},{""price"":62927.21,""size"":0.12713102,""num_orders"":1},{""price"":62928.0,""size"":0.0301,""num_orders"":1},{""price"":62929.99,""size"":0.02,""num_orders"":1},{""price"":62930.0,""size"":0.0317,""num_orders"":1},{""price"":62930.77,""size"":0.02,""num_orders"":1},{""price"":62930.78,""size"":0.21038684,""num_orders"":2},{""price"":62930.79,""size"":0.15890473,""num_orders"":1},{""price"":62931.04,""size"":1.8e-05,""num_orders"":1}]"
btc_usd_d10_20260709T075401Z,54,2026-07-09T08:48:01.464240Z,2026-07-09T08:48:01.464333Z,BTC-USD,10,ok,,132337405367,2026-07-09T08:48:00.045144442Z,0.12970598,0.65013667,-0.66735345906,62932.650000000001,62932.660000000003,62932.654999999999,0.010000000002,0.001589000178,"[{""price"":62932.65,""size"":0.01074197,""num_orders"":1},{""price"":62932.64,""size"":0.0299999,""num_orders"":1},{""price"":62930.99,""size"":0.0080762,""num_orders"":2},{""price"":62930.91,""size"":0.00045303,""num_orders"":2},{""price"":62930.15,""size"":0.00022599,""num_orders"":1},{""price"":62930.13,""size"":7.274e-05,""num_orders"":1},{""price"":62930.0,""size"":0.0315,""num_orders"":1},{""price"":62929.02,""size"":0.04766689,""num_orders"":1},{""price"":62928.87,""size"":0.00082379,""num_orders"":1},{""price"":62928.44,""size"":0.00014547,""num_orders"":1}]","[{""price"":62932.66,""size"":0.19151564,""num_orders"":4},{""price"":62932.76,""size"":0.19555194,""num_orders"":1},{""price"":62932.77,""size"":0.1271198,""num_orders"":1},{""price"":62933.18,""size"":0.00022401,""num_orders"":1},{""price"":62933.55,""size"":0.00044803,""num_orders"":2},{""price"":62934.3,""size"":1.8e-05,""num_orders"":1},{""price"":62934.64,""size"":0.12711602,""num_orders"":1},{""price"":62935.1,""size"":9.931e-05,""num_orders"":1},{""price"":62935.17,""size"":9.931e-05,""num_orders"":1},{""price"":62935.73,""size"":0.00794461,""num_orders"":1}]"
btc_usd_d10_20260709T075401Z,55,2026-07-09T08:49:01.464240Z,2026-07-09T08:49:01.464344Z,BTC-USD,10,ok,,132337439773,2026-07-09T08:49:00.094676209Z,0.66194393,0.32725326,0.338345754905,62898.440000000002,62898.449999999997,62898.445,0.009999999995,0.001589864423,"[{""price"":62898.44,""size"":0.38680446,""num_orders"":12},{""price"":62898.02,""size"":0.00319954,""num_orders"":1},{""price"":62898.01,""size"":0.02,""num_orders"":1},{""price"":62898.0,""size"":0.0284,""num_orders"":1},{""price"":62897.92,""size"":0.02,""num_orders"":1},{""price"":62897.91,""size"":0.12719021,""num_orders"":1},{""price"":62896.01,""size"":0.02,""num_orders"":1},{""price"":62896.0,""size"":0.0284,""num_orders"":1},{""price"":62895.31,""size"":0.02,""num_orders"":1},{""price"":62895.3,""size"":0.00794972,""num_orders"":1}]","[{""price"":62898.45,""size"":0.01166477,""num_orders"":1},{""price"":62900.03,""size"":0.00794932,""num_orders"":1},{""price"":62902.15,""size"":0.00993665,""num_orders"":1},{""price"":62903.99,""size"":0.01747255,""num_orders"":1},{""price"":62904.0,""size"":0.0284,""num_orders"":1},{""price"":62904.7,""size"":0.00086725,""num_orders"":1},{""price"":62905.5,""size"":0.10375308,""num_orders"":2},{""price"":62905.73,""size"":0.12717442,""num_orders"":1},{""price"":62906.11,""size"":3.522e-05,""num_orders"":1},{""price"":62906.58,""size"":0.02,""num_orders"":1}]"
btc_usd_d10_20260709T075401Z,56,2026-07-09T08:50:01.464240Z,2026-07-09T08:50:01.464342Z,BTC-USD,10,ok,,132337462192,2026-07-09T08:49:59.819848289Z,0.3869723,0.1439589,0.457711658309,62894.230000000003,62894.239999999998,62894.235000000001,0.009999999995,0.001589970845,"[{""price"":62894.23,""size"":0.06903061,""num_orders"":3},{""price"":62893.28,""size"":0.12719958,""num_orders"":1},{""price"":62892.65,""size"":0.00794985,""num_orders"":1},{""price"":62892.14,""size"":0.00030439,""num_orders"":2},{""price"":62892.1,""size"":0.1,""num_orders"":1},{""price"":62892.0,""size"":0.0256,""num_orders"":1},{""price"":62891.69,""size"":0.0090625,""num_orders"":1},{""price"":62891.09,""size"":0.01788806,""num_orders"":3},{""price"":62890.53,""size"":0.00993731,""num_orders"":1},{""price"":62890.01,""size"":0.02,""num_orders"":1}]","[{""price"":62894.24,""size"":0.03146447,""num_orders"":4},{""price"":62895.8,""size"":0.00319954,""num_orders"":1},{""price"":62895.81,""size"":0.00794998,""num_orders"":1},{""price"":62895.99,""size"":0.03152133,""num_orders"":1},{""price"":62896.0,""size"":0.0256,""num_orders"":1},{""price"":62897.31,""size"":0.024,""num_orders"":1},{""price"":62897.55,""size"":2.484e-05,""num_orders"":1},{""price"":62897.57,""size"":9.937e-05,""num_orders"":1},{""price"":62897.59,""size"":9.937e-05,""num_orders"":1},{""price"":62897.83,""size"":0.02,""num_orders"":1}]"
btc_usd_d10_20260709T075401Z,57,2026-07-09T08:51:01.464240Z,2026-07-09T08:51:01.464357Z,BTC-USD,10,ok,,132337492637,2026-07-09T08:51:00.042161008Z,0.41544917,0.57184471,-0.158408294803,62875.860000000001,62875.870000000003,62875.865000000005,0.010000000002,0.001590435376,"[{""price"":62875.86,""size"":0.06359398,""num_orders"":2},{""price"":62875.41,""size"":0.00226477,""num_orders"":1},{""price"":62874.47,""size"":0.02,""num_orders"":1},{""price"":62874.46,""size"":0.12723765,""num_orders"":1},{""price"":62874.29,""size"":0.00795217,""num_orders"":1},{""price"":62874.0,""size"":0.0231,""num_orders"":1},{""price"":62873.34,""size"":0.02,""num_orders"":1},{""price"":62873.33,""size"":0.12732431,""num_orders"":3},{""price"":62872.73,""size"":0.02,""num_orders"":1},{""price"":62872.72,""size"":0.00397629,""num_orders"":1}]","[{""price"":62875.87,""size"":0.03754743,""num_orders"":2},{""price"":62878.0,""size"":0.0231,""num_orders"":1},{""price"":62879.31,""size"":0.00319954,""num_orders"":1},{""price"":62879.32,""size"":0.09165583,""num_orders"":1},{""price"":62879.33,""size"":0.12722782,""num_orders"":1},{""price"":62880.0,""size"":0.0231,""num_orders"":1},{""price"":62881.67,""size"":0.11567346,""num_orders"":2},{""price"":62881.9,""size"":0.12722263,""num_orders"":1},{""price"":62882.0,""size"":0.0231,""num_orders"":1},{""price"":62882.14,""size"":1.8e-05,""num_orders"":1}]"
btc_usd_d10_20260709T075401Z,58,2026-07-09T08:52:01.464240Z,2026-07-09T08:52:01.464367Z,BTC-USD,10,ok,,132337523678,2026-07-09T08:51:59.684165809Z,0.4545319,0.43223167,0.025147886939,62871.790000000001,62871.800000000003,62871.794999999998,0.010000000002,0.001590538333,"[{""price"":62871.79,""size"":0.04515139,""num_orders"":3},{""price"":62871.48,""size"":0.00319933,""num_orders"":1},{""price"":62870.06,""size"":0.12724657,""num_orders"":1},{""price"":62869.1,""size"":1.8e-05,""num_orders"":1},{""price"":62869.09,""size"":0.1,""num_orders"":1},{""price"":62868.65,""size"":0.02187099,""num_orders"":4},{""price"":62868.15,""size"":0.12725042,""num_orders"":1},{""price"":62868.0,""size"":0.0274,""num_orders"":1},{""price"":62867.67,""size"":0.00080454,""num_orders"":1},{""price"":62867.14,""size"":0.00159066,""num_orders"":1}]","[{""price"":62871.8,""size"":0.08417346,""num_orders"":5},{""price"":62871.82,""size"":0.03,""num_orders"":1},{""price"":62873.37,""size"":0.00795269,""num_orders"":1},{""price"":62873.98,""size"":0.10473281,""num_orders"":1},{""price"":62873.99,""size"":0.02,""num_orders"":1},{""price"":62874.0,""size"":0.0274,""num_orders"":1},{""price"":62874.16,""size"":0.00079523,""num_orders"":1},{""price"":62874.99,""size"":0.12723662,""num_orders"":1},{""price"":62875.49,""size"":0.02,""num_orders"":1},{""price"":62875.5,""size"":0.00994086,""num_orders"":1}]"
btc_usd_d10_20260709T075401Z,59,2026-07-09T08:53:01.464240Z,2026-07-09T08:53:01.464353Z,BTC-USD,10,ok,,132337577300,2026-07-09T08:52:59.342380623Z,0.91421985,0.36306449,0.43150561135,62829.970000000001,62829.980000000003,62829.975000000006,0.010000000002,0.001591597005,"[{""price"":62829.97,""size"":0.07917586,""num_orders"":4},{""price"":62829.75,""size"":0.04774057,""num_orders"":1},{""price"":62829.47,""size"":0.0807662,""num_orders"":1},{""price"":62829.46,""size"":0.12732878,""num_orders"":1},{""price"":62828.4,""size"":0.00795798,""num_orders"":1},{""price"":62828.01,""size"":0.00319954,""num_orders"":1},{""price"":62828.0,""size"":0.0349,""num_orders"":1},{""price"":62827.92,""size"":0.27858659,""num_orders"":1},{""price"":62827.91,""size"":0.12723239,""num_orders"":1},{""price"":62827.9,""size"":0.12733194,""num_orders"":1}]","[{""price"":62829.98,""size"":1.8e-05,""num_orders"":1},{""price"":62832.49,""size"":0.00014921,""num_orders"":2},{""price"":62833.12,""size"":0.01193638,""num_orders"":2},{""price"":62833.24,""size"":1.8e-05,""num_orders"":1},{""price"":62834.0,""size"":0.0367,""num_orders"":1},{""price"":62834.74,""size"":0.12723239,""num_orders"":1},{""price"":62835.01,""size"":0.03976012,""num_orders"":1},{""price"":62836.5,""size"":1.8e-05,""num_orders"":1},{""price"":62836.85,""size"":0.12723239,""num_orders"":1},{""price"":62837.93,""size"":0.02,""num_orders"":1}]"
