window_id,sample_index,planned_at_utc,collected_at_utc,product_id,depth,status,error,sequence,snapshot_time_utc,bid_volume,ask_volume,imbalance,best_bid,best_ask,mid_price,spread,spread_bps,bids_json,asks_json
btc_usd_d10_20260528T000415Z,0,2026-05-28T00:04:15.702594Z,2026-05-28T00:04:15.702631Z,BTC-USD,10,ok,,129028927501,2026-05-28T00:04:14.100799304Z,0.59502792,2.15034356,-0.566522837194,74424.009999999995,74424.020000000004,74424.014999999999,0.010000000009,0.001343652316,"[{""price"":74424.01,""size"":0.0032129,""num_orders"":3},{""price"":74424.0,""size"":0.03732958,""num_orders"":2},{""price"":74423.13,""size"":0.19921316,""num_orders"":2},{""price"":74422.7,""size"":0.01368352,""num_orders"":1},{""price"":74422.13,""size"":0.02686808,""num_orders"":1},{""price"":74422.0,""size"":0.0373,""num_orders"":1},{""price"":74421.37,""size"":0.19949215,""num_orders"":1},{""price"":74420.29,""size"":0.00031926,""num_orders"":2},{""price"":74420.27,""size"":0.04030927,""num_orders"":1},{""price"":74420.0,""size"":0.0373,""num_orders"":1}]","[{""price"":74424.02,""size"":0.00293619,""num_orders"":1},{""price"":74424.69,""size"":0.08061841,""num_orders"":1},{""price"":74425.74,""size"":0.00106917,""num_orders"":1},{""price"":74427.74,""size"":2.885e-05,""num_orders"":1},{""price"":74428.43,""size"":0.4837281,""num_orders"":1},{""price"":74428.44,""size"":0.01,""num_orders"":1},{""price"":74429.03,""size"":0.26871236,""num_orders"":1},{""price"":74429.6,""size"":0.00671826,""num_orders"":1},{""price"":74430.75,""size"":0.81280412,""num_orders"":1},{""price"":74430.76,""size"":0.4837281,""num_orders"":1}]"
btc_usd_d10_20260528T000415Z,1,2026-05-28T00:05:15.702594Z,2026-05-28T00:05:15.702719Z,BTC-USD,10,ok,,129028974639,2026-05-28T00:05:13.544689949Z,1.19253701,1.05707384,0.060216268071,74432.460000000006,74432.470000000001,74432.464999999997,0.009999999995,0.001343499775,"[{""price"":74432.46,""size"":4.6e-07,""num_orders"":1},{""price"":74432.0,""size"":0.0337,""num_orders"":1},{""price"":74430.07,""size"":0.0201189,""num_orders"":1},{""price"":74430.0,""size"":0.0337,""num_orders"":1},{""price"":74428.01,""size"":0.39112743,""num_orders"":1},{""price"":74428.0,""size"":0.0337,""num_orders"":1},{""price"":74427.11,""size"":0.02686674,""num_orders"":1},{""price"":74426.9,""size"":0.18299112,""num_orders"":1},{""price"":74426.74,""size"":0.04030809,""num_orders"":1},{""price"":74426.04,""size"":0.43002427,""num_orders"":1}]","[{""price"":74432.47,""size"":0.02465428,""num_orders"":3},{""price"":74433.2,""size"":0.08060919,""num_orders"":1},{""price"":74433.21,""size"":0.00503624,""num_orders"":8},{""price"":74433.6,""size"":1.5e-05,""num_orders"":1},{""price"":74435.51,""size"":0.16040727,""num_orders"":1},{""price"":74435.53,""size"":0.2686889,""num_orders"":1},{""price"":74438.25,""size"":0.42341479,""num_orders"":1},{""price"":74438.27,""size"":0.02686674,""num_orders"":1},{""price"":74438.37,""size"":0.0404782,""num_orders"":1},{""price"":74438.4,""size"":0.02690323,""num_orders"":2}]"
btc_usd_d10_20260528T000415Z,2,2026-05-28T00:06:15.702594Z,2026-05-28T00:06:15.702715Z,BTC-USD,10,ok,,129029031918,2026-05-28T00:06:13.631353455Z,1.52316334,0.15460237,0.815704458521,74412.5,74412.509999999995,74412.505000000005,0.009999999995,0.001343860148,"[{""price"":74412.5,""size"":0.59205516,""num_orders"":4},{""price"":74412.0,""size"":0.0459,""num_orders"":1},{""price"":74410.62,""size"":0.00037225,""num_orders"":1},{""price"":74410.01,""size"":0.31074449,""num_orders"":2},{""price"":74410.0,""size"":0.0459,""num_orders"":1},{""price"":74409.96,""size"":0.04031718,""num_orders"":1},{""price"":74409.6,""size"":9.4e-07,""num_orders"":1},{""price"":74409.12,""size"":0.43002427,""num_orders"":1},{""price"":74408.34,""size"":0.00944905,""num_orders"":1},{""price"":74408.0,""size"":0.0484,""num_orders"":1}]","[{""price"":74412.51,""size"":0.00135036,""num_orders"":4},{""price"":74413.65,""size"":0.00034723,""num_orders"":1},{""price"":74416.63,""size"":0.00138426,""num_orders"":1},{""price"":74417.21,""size"":0.00671942,""num_orders"":1},{""price"":74417.99,""size"":0.0288948,""num_orders"":1},{""price"":74418.0,""size"":0.0484,""num_orders"":1},{""price"":74419.11,""size"":0.0026816,""num_orders"":1},{""price"":74419.12,""size"":0.01635762,""num_orders"":1},{""price"":74419.21,""size"":6.708e-05,""num_orders"":1},{""price"":74420.0,""size"":0.0484,""num_orders"":1}]"
btc_usd_d10_20260528T000415Z,3,2026-05-28T00:07:15.702594Z,2026-05-28T00:07:15.702718Z,BTC-USD,10,ok,,129029083923,2026-05-28T00:07:13.178023336Z,0.34472007,1.43695589,-0.613038422542,74368.009999999995,74368.020000000004,74368.014999999999,0.010000000009,0.001344664102,"[{""price"":74368.01,""size"":0.02041727,""num_orders"":3},{""price"":74368.0,""size"":0.0374,""num_orders"":1},{""price"":74366.4,""size"":0.02696037,""num_orders"":4},{""price"":74366.01,""size"":0.12622677,""num_orders"":1},{""price"":74366.0,""size"":0.0374,""num_orders"":1},{""price"":74365.56,""size"":0.00010085,""num_orders"":1},{""price"":74365.23,""size"":0.04034143,""num_orders"":1},{""price"":74365.13,""size"":0.00769759,""num_orders"":1},{""price"":74364.33,""size"":0.0404782,""num_orders"":1},{""price"":74364.01,""size"":0.00769759,""num_orders"":1}]","[{""price"":74368.02,""size"":0.00783092,""num_orders"":2},{""price"":74370.06,""size"":0.0007517,""num_orders"":1},{""price"":74370.84,""size"":0.72488584,""num_orders"":1},{""price"":74370.85,""size"":0.53786565,""num_orders"":1},{""price"":74371.69,""size"":0.00017131,""num_orders"":1},{""price"":74371.7,""size"":0.00017362,""num_orders"":1},{""price"":74372.0,""size"":0.0374,""num_orders"":1},{""price"":74372.18,""size"":0.08067533,""num_orders"":1},{""price"":74373.47,""size"":0.0404782,""num_orders"":1},{""price"":74373.6,""size"":0.00672332,""num_orders"":1}]"
btc_usd_d10_20260528T000415Z,4,2026-05-28T00:08:15.702594Z,2026-05-28T00:08:15.702718Z,BTC-USD,10,ok,,129029140095,2026-05-28T00:08:12.681879033Z,0.68614501,2.11509321,-0.510113059931,74388.869999999995,74388.880000000005,74388.875,0.010000000009,0.001344287033,"[{""price"":74388.87,""size"":0.04296172,""num_orders"":3},{""price"":74386.01,""size"":0.0245964,""num_orders"":1},{""price"":74386.0,""size"":0.0412,""num_orders"":1},{""price"":74384.44,""size"":0.00672132,""num_orders"":1},{""price"":74384.32,""size"":0.01,""num_orders"":1},{""price"":74384.31,""size"":0.02146455,""num_orders"":1},{""price"":74384.05,""size"":0.01,""num_orders"":1},{""price"":74384.04,""size"":0.48455438,""num_orders"":2},{""price"":74384.0,""size"":0.0412,""num_orders"":1},{""price"":74383.13,""size"":0.00344664,""num_orders"":1}]","[{""price"":74388.88,""size"":0.06365573,""num_orders"":4},{""price"":74389.2,""size"":0.08065687,""num_orders"":1},{""price"":74391.46,""size"":0.05561537,""num_orders"":1},{""price"":74391.99,""size"":0.0404782,""num_orders"":1},{""price"":74392.0,""size"":0.0412,""num_orders"":1},{""price"":74392.32,""size"":0.00257072,""num_orders"":5},{""price"":74392.86,""size"":1.02152249,""num_orders"":1},{""price"":74392.87,""size"":0.53786565,""num_orders"":1},{""price"":74392.88,""size"":0.26884296,""num_orders"":1},{""price"":74393.99,""size"":0.00268522,""num_orders"":1}]"
btc_usd_d10_20260528T000415Z,5,2026-05-28T00:09:15.702594Z,2026-05-28T00:09:15.702719Z,BTC-USD,10,ok,,129029189018,2026-05-28T00:09:13.334561271Z,3.06896695,1.85001171,0.247806572107,74404.800000000003,74404.809999999998,74404.804999999993,0.009999999995,0.001343999221,"[{""price"":74404.8,""size"":2.00163991,""num_orders"":8},{""price"":74401.2,""size"":0.00636494,""num_orders"":1},{""price"":74401.07,""size"":0.00707323,""num_orders"":1},{""price"":74400.28,""size"":0.02687588,""num_orders"":1},{""price"":74400.0,""size"":0.063615,""num_orders"":3},{""price"":74398.75,""size"":0.04030954,""num_orders"":1},{""price"":74398.14,""size"":0.34507439,""num_orders"":1},{""price"":74398.13,""size"":0.48393586,""num_orders"":1},{""price"":74398.06,""size"":0.0404782,""num_orders"":1},{""price"":74398.0,""size"":0.0536,""num_orders"":1}]","[{""price"":74404.81,""size"":0.11077275,""num_orders"":4},{""price"":74404.83,""size"":0.00075931,""num_orders"":1},{""price"":74407.9,""size"":0.01,""num_orders"":1},{""price"":74407.91,""size"":0.04590181,""num_orders"":1},{""price"":74407.94,""size"":0.60447164,""num_orders"":2},{""price"":74409.61,""size"":0.00032322,""num_orders"":1},{""price"":74409.74,""size"":0.00268404,""num_orders"":1},{""price"":74409.75,""size"":0.48393586,""num_orders"":1},{""price"":74409.76,""size"":0.26878197,""num_orders"":1},{""price"":74410.0,""size"":0.32238111,""num_orders"":2}]"
btc_usd_d10_20260528T000415Z,6,2026-05-28T00:10:15.702594Z,2026-05-28T00:10:15.702717Z,BTC-USD,10,ok,,129029247905,2026-05-28T00:10:13.035105814Z,3.0567227,1.38433381,0.376574557481,74427.089999999997,74427.100000000006,74427.095000000001,0.010000000009,0.001343596712,"[{""price"":74427.09,""size"":0.01257754,""num_orders"":2},{""price"":74427.08,""size"":1.9999998,""num_orders"":1},{""price"":74425.8,""size"":0.07200302,""num_orders"":1},{""price"":74425.79,""size"":0.00636644,""num_orders"":1},{""price"":74424.68,""size"":0.07200302,""num_orders"":1},{""price"":74424.67,""size"":0.4299342,""num_orders"":1},{""price"":74423.18,""size"":0.00067179,""num_orders"":1},{""price"":74422.32,""size"":0.4299342,""num_orders"":1},{""price"":74421.75,""size"":0.00636644,""num_orders"":1},{""price"":74421.37,""size"":0.02686625,""num_orders"":1}]","[{""price"":74427.1,""size"":0.07670887,""num_orders"":2},{""price"":74428.8,""size"":1.5e-05,""num_orders"":1},{""price"":74429.99,""size"":0.01,""num_orders"":1},{""price"":74430.0,""size"":0.05832929,""num_orders"":7},{""price"":74431.03,""size"":0.01,""num_orders"":1},{""price"":74431.04,""size"":0.44908683,""num_orders"":1},{""price"":74431.05,""size"":0.4299342,""num_orders"":1},{""price"":74431.06,""size"":0.26870504,""num_orders"":1},{""price"":74432.0,""size"":0.0536,""num_orders"":1},{""price"":74432.11,""size"":0.02795458,""num_orders"":1}]"
btc_usd_d10_20260528T000415Z,7,2026-05-28T00:11:15.702594Z,2026-05-28T00:11:15.702720Z,BTC-USD,10,ok,,129029313844,2026-05-28T00:11:13.843913789Z,2.50266451,0.88243514,0.478635649618,74353.970000000001,74353.979999999996,74353.975000000006,0.009999999995,0.001344918008,"[{""price"":74353.97,""size"":0.32407087,""num_orders"":9},{""price"":74353.82,""size"":0.01,""num_orders"":1},{""price"":74353.81,""size"":0.02376176,""num_orders"":1},{""price"":74353.8,""size"":0.34516265,""num_orders"":1},{""price"":74353.79,""size"":0.48419647,""num_orders"":1},{""price"":74353.77,""size"":0.04034765,""num_orders"":1},{""price"":74352.0,""size"":0.0536,""num_orders"":1},{""price"":74351.49,""size"":0.06052511,""num_orders"":1},{""price"":74351.48,""size"":0.67680353,""num_orders"":1},{""price"":74351.47,""size"":0.48419647,""num_orders"":1}]","[{""price"":74353.98,""size"":0.00572214,""num_orders"":5},{""price"":74356.8,""size"":1.5e-05,""num_orders"":1},{""price"":74361.6,""size"":1.5e-05,""num_orders"":1},{""price"":74363.34,""size"":0.29935627,""num_orders"":1},{""price"":74363.35,""size"":0.08068491,""num_orders"":1},{""price"":74363.39,""size"":0.00485,""num_orders"":1},{""price"":74365.0,""size"":0.01,""num_orders"":1},{""price"":74365.46,""size"":0.07590744,""num_orders"":1},{""price"":74365.47,""size"":0.136944,""num_orders"":1},{""price"":74365.93,""size"":0.26894038,""num_orders"":1}]"
btc_usd_d10_20260528T000415Z,8,2026-05-28T00:12:15.702594Z,2026-05-28T00:12:15.702715Z,BTC-USD,10,ok,,129029382008,2026-05-28T00:12:15.120393907Z,0.73209835,5.55976485,-0.76728726397,74316,74316.009999999995,74316.005000000005,0.009999999995,0.001345605162,"[{""price"":74316.0,""size"":0.04693556,""num_orders"":5},{""price"":74314.02,""size"":0.18133952,""num_orders"":2},{""price"":74314.0,""size"":0.0429,""num_orders"":1},{""price"":74313.6,""size"":1.5e-05,""num_orders"":1},{""price"":74311.16,""size"":0.00268589,""num_orders"":1},{""price"":74311.15,""size"":0.135,""num_orders"":1},{""price"":74310.97,""size"":0.01398765,""num_orders"":1},{""price"":74310.95,""size"":0.13456966,""num_orders"":1},{""price"":74310.71,""size"":0.17266562,""num_orders"":1},{""price"":74310.12,""size"":0.00199945,""num_orders"":1}]","[{""price"":74316.01,""size"":6.516e-05,""num_orders"":2},{""price"":74317.69,""size"":0.00753368,""num_orders"":1},{""price"":74319.04,""size"":0.48419647,""num_orders"":1},{""price"":74319.79,""size"":0.0404782,""num_orders"":1},{""price"":74320.0,""size"":3.81708455,""num_orders"":1},{""price"":74323.25,""size"":0.44971488,""num_orders"":1},{""price"":74323.26,""size"":0.26909479,""num_orders"":1},{""price"":74323.27,""size"":0.00672787,""num_orders"":1},{""price"":74323.8,""size"":0.48419647,""num_orders"":1},{""price"":74325.64,""size"":0.00067278,""num_orders"":1}]"
btc_usd_d10_20260528T000415Z,9,2026-05-28T00:13:15.702594Z,2026-05-28T00:13:15.702716Z,BTC-USD,10,ok,,129029429467,2026-05-28T00:13:14.039045496Z,0.53957034,1.45137734,-0.457976374347,74318.399999999994,74318.410000000003,74318.404999999999,0.010000000009,0.00134556171,"[{""price"":74318.4,""size"":0.05770093,""num_orders"":6},{""price"":74318.01,""size"":0.00247213,""num_orders"":1},{""price"":74318.0,""size"":0.10586295,""num_orders"":1},{""price"":74316.9,""size"":0.00594793,""num_orders"":1},{""price"":74316.89,""size"":0.04036766,""num_orders"":1},{""price"":74316.0,""size"":0.0429,""num_orders"":1},{""price"":74315.78,""size"":0.0178741,""num_orders"":2},{""price"":74315.64,""size"":0.0622129,""num_orders"":1},{""price"":74314.44,""size"":0.03364436,""num_orders"":1},{""price"":74314.43,""size"":0.17058738,""num_orders"":1}]","[{""price"":74318.41,""size"":0.00163756,""num_orders"":5},{""price"":74321.99,""size"":0.0404782,""num_orders"":1},{""price"":74322.0,""size"":0.0429,""num_orders"":1},{""price"":74322.38,""size"":0.48439205,""num_orders"":1},{""price"":74322.75,""size"":0.08072899,""num_orders"":1},{""price"":74323.2,""size"":1.5e-05,""num_orders"":1},{""price"":74324.0,""size"":0.0429,""num_orders"":1},{""price"":74324.68,""size"":0.48439205,""num_orders"":1},{""price"":74326.38,""size"":0.26908349,""num_orders"":1},{""price"":74327.31,""size"":0.00485,""num_orders"":1}]"
btc_usd_d10_20260528T000415Z,10,2026-05-28T00:14:15.702594Z,2026-05-28T00:14:15.702722Z,BTC-USD,10,ok,,129029479410,2026-05-28T00:14:13.599532144Z,0.70957399,1.94908923,-0.466217469996,74350.679999999993,74350.690000000002,74350.684999999998,0.010000000009,0.001344977522,"[{""price"":74350.68,""size"":0.05946606,""num_orders"":6},{""price"":74350.01,""size"":0.11838381,""num_orders"":1},{""price"":74350.0,""size"":0.0429,""num_orders"":1},{""price"":74349.79,""size"":0.04197841,""num_orders"":1},{""price"":74348.26,""size"":0.02633812,""num_orders"":2},{""price"":74348.0,""size"":0.0429,""num_orders"":1},{""price"":74347.14,""size"":0.01306644,""num_orders"":1},{""price"":74347.01,""size"":0.01,""num_orders"":1},{""price"":74347.0,""size"":0.2200361,""num_orders"":1},{""price"":74346.65,""size"":0.13450505,""num_orders"":1}]","[{""price"":74350.69,""size"":0.01957291,""num_orders"":3},{""price"":74354.0,""size"":0.0429,""num_orders"":1},{""price"":74355.53,""size"":0.48452407,""num_orders"":1},{""price"":74356.0,""size"":0.0429,""num_orders"":1},{""price"":74356.8,""size"":1.5e-05,""num_orders"":1},{""price"":74357.25,""size"":0.08069153,""num_orders"":1},{""price"":74357.77,""size"":0.48452407,""num_orders"":1},{""price"":74360.16,""size"":0.48452407,""num_orders"":1},{""price"":74360.36,""size"":0.0404782,""num_orders"":1},{""price"":74360.67,""size"":0.26895938,""num_orders"":1}]"
btc_usd_d10_20260528T000415Z,11,2026-05-28T00:15:15.702594Z,2026-05-28T00:15:15.702712Z,BTC-USD,10,ok,,129029536533,2026-05-28T00:15:14.604087095Z,0.32953118,1.55162322,-0.649650044675,74296.679999999993,74296.690000000002,74296.684999999998,0.010000000009,0.001345955073,"[{""price"":74296.68,""size"":0.04025135,""num_orders"":5},{""price"":74293.93,""size"":0.01152945,""num_orders"":1},{""price"":74293.57,""size"":0.01213105,""num_orders"":1},{""price"":74292.45,""size"":0.01213105,""num_orders"":1},{""price"":74292.27,""size"":0.0419814,""num_orders"":1},{""price"":74290.74,""size"":0.13460626,""num_orders"":1},{""price"":74290.25,""size"":0.00672985,""num_orders"":1},{""price"":74290.11,""size"":0.00367486,""num_orders"":1},{""price"":74290.07,""size"":0.02359591,""num_orders"":1},{""price"":74290.0,""size"":0.0429,""num_orders"":1}]","[{""price"":74296.69,""size"":0.37261194,""num_orders"":11},{""price"":74298.0,""size"":0.0429,""num_orders"":1},{""price"":74298.92,""size"":0.48452407,""num_orders"":1},{""price"":74299.2,""size"":1.5e-05,""num_orders"":1},{""price"":74299.72,""size"":0.00023148,""num_orders"":1},{""price"":74300.0,""size"":0.0429,""num_orders"":1},{""price"":74300.38,""size"":0.08075329,""num_orders"":1},{""price"":74301.86,""size"":0.00268517,""num_orders"":1},{""price"":74301.87,""size"":0.48452407,""num_orders"":1},{""price"":74301.99,""size"":0.0404782,""num_orders"":1}]"
btc_usd_d10_20260528T000415Z,12,2026-05-28T00:16:15.702594Z,2026-05-28T00:16:15.702726Z,BTC-USD,10,ok,,129029592808,2026-05-28T00:16:14.179337072Z,1.29374932,1.14943883,0.059066466084,74352.169999999998,74352.179999999993,74352.174999999988,0.009999999995,0.001344950567,"[{""price"":74352.17,""size"":0.04596079,""num_orders"":4},{""price"":74350.48,""size"":0.08243972,""num_orders"":2},{""price"":74350.29,""size"":0.04034953,""num_orders"":1},{""price"":74350.0,""size"":0.0315,""num_orders"":1},{""price"":74349.51,""size"":0.11598242,""num_orders"":1},{""price"":74349.49,""size"":0.0018846,""num_orders"":1},{""price"":74349.12,""size"":0.11598242,""num_orders"":1},{""price"":74348.0,""size"":0.0315,""num_orders"":1},{""price"":74347.98,""size"":0.13450263,""num_orders"":1},{""price"":74347.82,""size"":0.69364721,""num_orders"":1}]","[{""price"":74352.18,""size"":0.06936613,""num_orders"":6},{""price"":74353.98,""size"":0.43069108,""num_orders"":1},{""price"":74354.0,""size"":0.0299,""num_orders"":1},{""price"":74354.61,""size"":0.00331272,""num_orders"":4},{""price"":74355.69,""size"":0.08069322,""num_orders"":1},{""price"":74355.9,""size"":0.00526022,""num_orders"":2},{""price"":74356.0,""size"":0.0299,""num_orders"":1},{""price"":74356.19,""size"":0.06960938,""num_orders"":1},{""price"":74356.8,""size"":1.5e-05,""num_orders"":1},{""price"":74357.04,""size"":0.43069108,""num_orders"":1}]"
btc_usd_d10_20260528T000415Z,13,2026-05-28T00:17:15.702594Z,2026-05-28T00:17:15.702725Z,BTC-USD,10,ok,,129029649324,2026-05-28T00:17:14.105243771Z,1.15384163,0.65571062,0.275278599996,74363.940000000002,74363.949999999997,74363.945000000007,0.009999999995,0.001344737694,"[{""price"":74363.94,""size"":0.29352865,""num_orders"":13},{""price"":74362.34,""size"":0.01028364,""num_orders"":1},{""price"":74362.33,""size"":0.02342034,""num_orders"":1},{""price"":74362.0,""size"":0.0257,""num_orders"":1},{""price"":74361.6,""size"":1.5e-05,""num_orders"":1},{""price"":74361.22,""size"":0.01,""num_orders"":1},{""price"":74361.21,""size"":0.02342034,""num_orders"":1},{""price"":74361.04,""size"":0.35052001,""num_orders"":1},{""price"":74361.03,""size"":0.04034226,""num_orders"":1},{""price"":74360.02,""size"":0.37661139,""num_orders"":1}]","[{""price"":74363.95,""size"":0.01310389,""num_orders"":4},{""price"":74365.25,""size"":0.00136364,""num_orders"":1},{""price"":74368.0,""size"":0.0283,""num_orders"":1},{""price"":74369.53,""size"":0.00672368,""num_orders"":1},{""price"":74369.71,""size"":0.37661139,""num_orders"":1},{""price"":74369.82,""size"":0.00022667,""num_orders"":1},{""price"":74370.7,""size"":0.08067693,""num_orders"":1},{""price"":74371.08,""size"":0.0404782,""num_orders"":1},{""price"":74372.19,""size"":0.08803366,""num_orders"":1},{""price"":74372.21,""size"":0.02019256,""num_orders"":1}]"
btc_usd_d10_20260528T000415Z,14,2026-05-28T00:18:15.702594Z,2026-05-28T00:18:15.702742Z,BTC-USD,10,ok,,129029717086,2026-05-28T00:18:15.184820601Z,0.92959311,0.4508902,0.346764721118,74408,74408.059999999998,74408.029999999999,0.059999999998,0.008063645819,"[{""price"":74408.0,""size"":0.0197,""num_orders"":1},{""price"":74406.89,""size"":0.0213,""num_orders"":1},{""price"":74405.9,""size"":0.03040504,""num_orders"":2},{""price"":74405.89,""size"":0.02527104,""num_orders"":2},{""price"":74404.0,""size"":0.01970036,""num_orders"":3},{""price"":74402.89,""size"":0.31548365,""num_orders"":1},{""price"":74402.88,""size"":0.37661139,""num_orders"":1},{""price"":74402.85,""size"":0.0404782,""num_orders"":1},{""price"":74402.84,""size"":0.04032226,""num_orders"":1},{""price"":74402.58,""size"":0.04032117,""num_orders"":1}]","[{""price"":74408.06,""size"":0.00821075,""num_orders"":1},{""price"":74409.28,""size"":0.0404782,""num_orders"":1},{""price"":74412.0,""size"":0.0197,""num_orders"":1},{""price"":74412.51,""size"":0.02019256,""num_orders"":1},{""price"":74412.54,""size"":0.00073305,""num_orders"":2},{""price"":74413.02,""size"":0.02337447,""num_orders"":6},{""price"":74413.2,""size"":0.26876954,""num_orders"":1},{""price"":74413.93,""size"":0.04971663,""num_orders"":1},{""price"":74414.0,""size"":0.0197,""num_orders"":1},{""price"":74414.4,""size"":1.5e-05,""num_orders"":1}]"
btc_usd_d10_20260528T000415Z,15,2026-05-28T00:19:15.702594Z,2026-05-28T00:19:15.702719Z,BTC-USD,10,ok,,129029776248,2026-05-28T00:19:14.124380913Z,0.26788082,0.09094213,0.493108620839,74424.649999999994,74424.660000000003,74424.654999999999,0.010000000009,0.001343640761,"[{""price"":74424.65,""size"":0.03351286,""num_orders"":2},{""price"":74424.54,""size"":0.0404782,""num_orders"":1},{""price"":74424.0,""size"":0.0205,""num_orders"":1},{""price"":74423.99,""size"":0.00156667,""num_orders"":4},{""price"":74422.0,""size"":0.0216,""num_orders"":1},{""price"":74421.9,""size"":0.04191031,""num_orders"":1},{""price"":74421.8,""size"":0.03335639,""num_orders"":1},{""price"":74420.68,""size"":0.03335639,""num_orders"":1},{""price"":74420.0,""size"":0.0316,""num_orders"":2},{""price"":74419.21,""size"":0.01,""num_orders"":1}]","[{""price"":74424.66,""size"":0.00700983,""num_orders"":2},{""price"":74424.67,""size"":0.0006372,""num_orders"":1},{""price"":74425.99,""size"":0.00011549,""num_orders"":1},{""price"":74426.0,""size"":0.00038285,""num_orders"":1},{""price"":74426.01,""size"":0.00181264,""num_orders"":3},{""price"":74427.75,""size"":5.92e-06,""num_orders"":1},{""price"":74427.8,""size"":0.01,""num_orders"":1},{""price"":74427.81,""size"":0.0404782,""num_orders"":1},{""price"":74428.0,""size"":0.0205,""num_orders"":1},{""price"":74428.73,""size"":0.01,""num_orders"":1}]"
btc_usd_d10_20260528T000415Z,16,2026-05-28T00:20:15.702594Z,2026-05-28T00:20:15.702713Z,BTC-USD,10,ok,,129029838029,2026-05-28T00:20:13.025317227Z,0.45847708,0.60591871,-0.138521432897,74357.050000000003,74357.059999999998,74357.054999999993,0.009999999995,0.001344862299,"[{""price"":74357.05,""size"":0.0313,""num_orders"":2},{""price"":74356.8,""size"":1.494e-05,""num_orders"":1},{""price"":74356.0,""size"":0.0184,""num_orders"":1},{""price"":74354.56,""size"":0.00025647,""num_orders"":1},{""price"":74354.0,""size"":0.0193,""num_orders"":1},{""price"":74352.9,""size"":0.01026716,""num_orders"":1},{""price"":74352.88,""size"":0.32246222,""num_orders"":1},{""price"":74352.17,""size"":0.02689413,""num_orders"":1},{""price"":74352.0,""size"":0.019315,""num_orders"":2},{""price"":74351.78,""size"":0.01026716,""num_orders"":1}]","[{""price"":74357.06,""size"":0.00672432,""num_orders"":1},{""price"":74358.21,""size"":0.02019256,""num_orders"":1},{""price"":74358.33,""size"":0.00067243,""num_orders"":1},{""price"":74360.79,""size"":6.428e-05,""num_orders"":1},{""price"":74361.3,""size"":0.12081628,""num_orders"":1},{""price"":74362.64,""size"":0.00672432,""num_orders"":1},{""price"":74362.79,""size"":0.0404782,""num_orders"":1},{""price"":74362.8,""size"":0.135,""num_orders"":1},{""price"":74363.32,""size"":0.02689413,""num_orders"":1},{""price"":74363.8,""size"":0.24835219,""num_orders"":1}]"
btc_usd_d10_20260528T000415Z,17,2026-05-28T00:21:15.702594Z,2026-05-28T00:21:15.702749Z,BTC-USD,10,ok,,129029887492,2026-05-28T00:21:14.544619330Z,1.08496219,0.40344961,0.457879049333,74410.910000000003,74410.919999999998,74410.915000000008,0.009999999995,0.001343888863,"[{""price"":74410.91,""size"":0.3384579,""num_orders"":8},{""price"":74410.7,""size"":0.27386495,""num_orders"":2},{""price"":74410.69,""size"":0.04192035,""num_orders"":1},{""price"":74410.0,""size"":0.0183,""num_orders"":1},{""price"":74409.41,""size"":0.00946554,""num_orders"":1},{""price"":74408.29,""size"":0.00946554,""num_orders"":1},{""price"":74408.2,""size"":0.32246222,""num_orders"":1},{""price"":74408.19,""size"":0.0404782,""num_orders"":1},{""price"":74408.18,""size"":0.01224749,""num_orders"":1},{""price"":74408.0,""size"":0.0183,""num_orders"":1}]","[{""price"":74410.92,""size"":0.01733251,""num_orders"":5},{""price"":74412.3,""size"":0.00044347,""num_orders"":1},{""price"":74414.64,""size"":2.783e-05,""num_orders"":1},{""price"":74417.66,""size"":0.01,""num_orders"":1},{""price"":74417.67,""size"":0.32246222,""num_orders"":1},{""price"":74418.75,""size"":0.01331,""num_orders"":1},{""price"":74418.76,""size"":0.02015858,""num_orders"":1},{""price"":74419.2,""size"":1.5e-05,""num_orders"":1},{""price"":74419.88,""size"":0.0097,""num_orders"":1},{""price"":74420.18,""size"":0.01,""num_orders"":1}]"
btc_usd_d10_20260528T000415Z,18,2026-05-28T00:22:15.702594Z,2026-05-28T00:22:15.702711Z,BTC-USD,10,ok,,129029935464,2026-05-28T00:22:15.175711752Z,1.03619385,0.75484411,0.157087535989,74430.029999999999,74430.039999999994,74430.035000000003,0.009999999995,0.001343543637,"[{""price"":74430.03,""size"":0.02856316,""num_orders"":4},{""price"":74429.89,""size"":0.00022141,""num_orders"":1},{""price"":74429.61,""size"":0.02686606,""num_orders"":1},{""price"":74428.0,""size"":0.0221,""num_orders"":1},{""price"":74426.49,""size"":0.19250995,""num_orders"":1},{""price"":74426.48,""size"":0.32246222,""num_orders"":1},{""price"":74426.01,""size"":0.0404782,""num_orders"":1},{""price"":74426.0,""size"":0.0221,""num_orders"":1},{""price"":74425.94,""size"":0.36760364,""num_orders"":1},{""price"":74425.93,""size"":0.01328921,""num_orders"":2}]","[{""price"":74430.04,""size"":0.00070069,""num_orders"":2},{""price"":74430.74,""size"":0.08061185,""num_orders"":1},{""price"":74432.0,""size"":0.0221,""num_orders"":1},{""price"":74433.22,""size"":0.02015858,""num_orders"":1},{""price"":74433.59,""size"":0.01,""num_orders"":1},{""price"":74433.6,""size"":1.5e-05,""num_orders"":1},{""price"":74433.62,""size"":0.01,""num_orders"":1},{""price"":74433.63,""size"":0.26869577,""num_orders"":1},{""price"":74434.0,""size"":0.0201,""num_orders"":1},{""price"":74434.42,""size"":0.32246222,""num_orders"":1}]"
btc_usd_d10_20260528T000415Z,19,2026-05-28T00:23:15.702594Z,2026-05-28T00:23:15.702714Z,BTC-USD,10,ok,,129029983136,2026-05-28T00:23:12.542209955Z,1.28710905,0.60968078,0.357144613117,74414.399999999994,74414.410000000003,74414.404999999999,0.010000000009,0.001343825837,"[{""price"":74414.4,""size"":0.02247761,""num_orders"":5},{""price"":74414.0,""size"":0.0244,""num_orders"":1},{""price"":74413.98,""size"":0.00017995,""num_orders"":1},{""price"":74412.61,""size"":0.04031574,""num_orders"":1},{""price"":74412.0,""size"":0.0244,""num_orders"":1},{""price"":74411.4,""size"":0.1276604,""num_orders"":2},{""price"":74411.39,""size"":0.08552783,""num_orders"":1},{""price"":74411.15,""size"":0.01,""num_orders"":1},{""price"":74410.77,""size"":0.60285085,""num_orders"":1},{""price"":74410.76,""size"":0.34929667,""num_orders"":1}]","[{""price"":74414.41,""size"":0.00901529,""num_orders"":2},{""price"":74415.77,""size"":0.00324105,""num_orders"":6},{""price"":74418.13,""size"":2.162e-05,""num_orders"":1},{""price"":74418.35,""size"":0.00081304,""num_orders"":1},{""price"":74418.37,""size"":0.08062525,""num_orders"":1},{""price"":74418.82,""size"":0.02015869,""num_orders"":1},{""price"":74419.16,""size"":0.34929667,""num_orders"":1},{""price"":74419.91,""size"":0.11539005,""num_orders"":1},{""price"":74419.99,""size"":0.00671912,""num_orders"":1},{""price"":74420.0,""size"":0.0244,""num_orders"":1}]"
btc_usd_d10_20260528T000415Z,20,2026-05-28T00:24:15.702594Z,2026-05-28T00:24:15.702726Z,BTC-USD,10,ok,,129030035097,2026-05-28T00:24:15.126554578Z,1.59921505,0.18147399,0.796175541126,74385.589999999997,74385.600000000006,74385.595000000001,0.010000000009,0.001344346309,"[{""price"":74385.59,""size"":0.4709035,""num_orders"":4},{""price"":74384.0,""size"":0.1569,""num_orders"":2},{""price"":74382.5,""size"":0.07811662,""num_orders"":1},{""price"":74382.49,""size"":0.13444022,""num_orders"":1},{""price"":74382.18,""size"":0.43021731,""num_orders"":1},{""price"":74382.0,""size"":0.0219,""num_orders"":1},{""price"":74381.21,""size"":0.01,""num_orders"":1},{""price"":74381.2,""size"":0.00073,""num_orders"":1},{""price"":74380.53,""size"":0.26888755,""num_orders"":1},{""price"":74380.0,""size"":0.02711985,""num_orders"":2}]","[{""price"":74385.6,""size"":1.5e-05,""num_orders"":1},{""price"":74385.61,""size"":0.00144682,""num_orders"":4},{""price"":74389.99,""size"":0.0404782,""num_orders"":1},{""price"":74390.0,""size"":0.0219,""num_orders"":1},{""price"":74390.4,""size"":1.5e-05,""num_orders"":1},{""price"":74391.32,""size"":0.00067225,""num_orders"":1},{""price"":74392.0,""size"":0.0219,""num_orders"":1},{""price"":74393.99,""size"":0.03360294,""num_orders"":1},{""price"":74394.0,""size"":0.0219,""num_orders"":1},{""price"":74394.61,""size"":0.03954378,""num_orders"":1}]"
btc_usd_d10_20260528T000415Z,21,2026-05-28T00:25:15.702594Z,2026-05-28T00:25:15.702735Z,BTC-USD,10,ok,,129030091023,2026-05-28T00:25:14.104723966Z,0.18665092,2.09740728,-0.83656202806,74313.600000000006,74313.610000000001,74313.60500000001,0.009999999995,0.001345648619,"[{""price"":74313.6,""size"":0.00900287,""num_orders"":5},{""price"":74312.48,""size"":0.00499991,""num_orders"":1},{""price"":74310.97,""size"":0.00353685,""num_orders"":1},{""price"":74310.0,""size"":0.01,""num_orders"":1},{""price"":74309.33,""size"":0.00499995,""num_orders"":1},{""price"":74308.8,""size"":1.5e-05,""num_orders"":1},{""price"":74308.0,""size"":0.0241,""num_orders"":1},{""price"":74307.57,""size"":0.07962342,""num_orders"":2},{""price"":74307.21,""size"":0.04037292,""num_orders"":1},{""price"":74306.17,""size"":0.01,""num_orders"":1}]","[{""price"":74313.61,""size"":0.11443626,""num_orders"":4},{""price"":74314.0,""size"":0.0241,""num_orders"":1},{""price"":74316.0,""size"":0.0241,""num_orders"":1},{""price"":74316.81,""size"":0.1176604,""num_orders"":1},{""price"":74316.82,""size"":0.34436614,""num_orders"":1},{""price"":74316.84,""size"":0.43021731,""num_orders"":1},{""price"":74317.13,""size"":0.00485,""num_orders"":1},{""price"":74318.0,""size"":0.0241,""num_orders"":1},{""price"":74318.46,""size"":0.00353173,""num_orders"":1},{""price"":74319.06,""size"":1.01004544,""num_orders"":1}]"
btc_usd_d10_20260528T000415Z,22,2026-05-28T00:26:15.702594Z,2026-05-28T00:26:15.702750Z,BTC-USD,10,ok,,129030164037,2026-05-28T00:26:13.603241645Z,0.92859007,1.68430486,-0.289225097161,74278.009999999995,74278.020000000004,74278.014999999999,0.010000000009,0.001346293383,"[{""price"":74278.01,""size"":7.1e-07,""num_orders"":1},{""price"":74276.0,""size"":0.0197,""num_orders"":1},{""price"":74274.0,""size"":0.01986896,""num_orders"":2},{""price"":74273.49,""size"":0.04039125,""num_orders"":1},{""price"":74272.45,""size"":0.00673137,""num_orders"":1},{""price"":74272.0,""size"":0.0197,""num_orders"":1},{""price"":74270.71,""size"":0.00190083,""num_orders"":1},{""price"":74270.03,""size"":0.01,""num_orders"":1},{""price"":74270.02,""size"":0.32563133,""num_orders"":1},{""price"":74270.01,""size"":0.48466562,""num_orders"":1}]","[{""price"":74278.02,""size"":0.52789833,""num_orders"":6},{""price"":74278.04,""size"":0.36843524,""num_orders"":2},{""price"":74280.0,""size"":0.01981575,""num_orders"":2},{""price"":74280.36,""size"":0.08077505,""num_orders"":1},{""price"":74280.42,""size"":0.1176604,""num_orders"":1},{""price"":74280.43,""size"":0.48466562,""num_orders"":1},{""price"":74280.65,""size"":0.00477376,""num_orders"":1},{""price"":74280.99,""size"":0.03365862,""num_orders"":1},{""price"":74281.09,""size"":0.02692209,""num_orders"":1},{""price"":74282.0,""size"":0.0197,""num_orders"":1}]"
btc_usd_d10_20260528T000415Z,23,2026-05-28T00:27:15.702594Z,2026-05-28T00:27:15.702747Z,BTC-USD,10,ok,,129030223251,2026-05-28T00:27:13.042692829Z,0.68990218,1.56437233,-0.387916443237,74303.990000000005,74304,74303.994999999995,0.009999999995,0.001345822657,"[{""price"":74303.99,""size"":0.00702412,""num_orders"":2},{""price"":74303.26,""size"":0.00675,""num_orders"":1},{""price"":74300.59,""size"":0.00067291,""num_orders"":1},{""price"":74300.0,""size"":0.0195,""num_orders"":1},{""price"":74298.69,""size"":0.04037756,""num_orders"":1},{""price"":74298.0,""size"":0.02074659,""num_orders"":3},{""price"":74297.68,""size"":0.00672917,""num_orders"":1},{""price"":74296.45,""size"":0.01,""num_orders"":1},{""price"":74296.44,""size"":0.1176604,""num_orders"":1},{""price"":74296.43,""size"":0.46044143,""num_orders"":1}]","[{""price"":74304.0,""size"":0.0486952,""num_orders"":4},{""price"":74305.04,""size"":0.08074822,""num_orders"":1},{""price"":74305.93,""size"":0.00017362,""num_orders"":2},{""price"":74306.0,""size"":0.0195,""num_orders"":1},{""price"":74307.76,""size"":0.6407442,""num_orders"":1},{""price"":74307.77,""size"":0.4576105,""num_orders"":1},{""price"":74307.79,""size"":0.26915079,""num_orders"":1},{""price"":74307.99,""size"":0.0201998,""num_orders"":1},{""price"":74308.0,""size"":0.0227,""num_orders"":1},{""price"":74308.03,""size"":0.00485,""num_orders"":1}]"
btc_usd_d10_20260528T000415Z,24,2026-05-28T00:28:15.702594Z,2026-05-28T00:28:15.702743Z,BTC-USD,10,ok,,129030271800,2026-05-28T00:28:13.184546043Z,0.44220909,1.24475497,-0.47573383395,74266.649999999994,74266.660000000003,74266.654999999999,0.010000000009,0.001346499315,"[{""price"":74266.65,""size"":0.01215844,""num_orders"":4},{""price"":74266.6,""size"":0.00384662,""num_orders"":1},{""price"":74265.59,""size"":0.00273583,""num_orders"":1},{""price"":74264.78,""size"":0.04039599,""num_orders"":1},{""price"":74264.0,""size"":0.0429,""num_orders"":1},{""price"":74262.44,""size"":0.01,""num_orders"":1},{""price"":74262.43,""size"":0.11213631,""num_orders"":1},{""price"":74262.36,""size"":0.1346577,""num_orders"":1},{""price"":74262.01,""size"":0.0404782,""num_orders"":1},{""price"":74262.0,""size"":0.0429,""num_orders"":1}]","[{""price"":74266.66,""size"":0.04646357,""num_orders"":7},{""price"":74270.0,""size"":0.0429,""num_orders"":1},{""price"":74270.4,""size"":1.5e-05,""num_orders"":1},{""price"":74271.26,""size"":0.01,""num_orders"":1},{""price"":74271.27,""size"":0.50731366,""num_orders"":3},{""price"":74271.28,""size"":0.4576105,""num_orders"":1},{""price"":74271.53,""size"":0.05408051,""num_orders"":1},{""price"":74271.56,""size"":0.08078462,""num_orders"":1},{""price"":74271.99,""size"":0.00268711,""num_orders"":1},{""price"":74272.0,""size"":0.0429,""num_orders"":1}]"
btc_usd_d10_20260528T000415Z,25,2026-05-28T00:29:15.702594Z,2026-05-28T00:29:15.702718Z,BTC-USD,10,ok,,129030321020,2026-05-28T00:29:13.044994932Z,1.86027428,0.74805418,0.426411058675,74344.559999999998,74344.570000000007,74344.565000000002,0.010000000009,0.00134508824,"[{""price"":74344.56,""size"":0.04323107,""num_orders"":4},{""price"":74344.07,""size"":0.04196891,""num_orders"":1},{""price"":74343.27,""size"":0.04037339,""num_orders"":1},{""price"":74342.0,""size"":0.0429,""num_orders"":1},{""price"":74341.85,""size"":4.223e-05,""num_orders"":1},{""price"":74340.03,""size"":0.11213631,""num_orders"":1},{""price"":74340.02,""size"":0.95077436,""num_orders"":1},{""price"":74340.01,""size"":0.48439583,""num_orders"":1},{""price"":74340.0,""size"":0.0429,""num_orders"":1},{""price"":74339.93,""size"":0.10155218,""num_orders"":1}]","[{""price"":74344.57,""size"":0.02953009,""num_orders"":2},{""price"":74345.97,""size"":0.08070377,""num_orders"":1},{""price"":74346.0,""size"":0.0429,""num_orders"":1},{""price"":74347.06,""size"":0.00034723,""num_orders"":1},{""price"":74347.07,""size"":0.00210494,""num_orders"":2},{""price"":74347.2,""size"":1.5e-05,""num_orders"":1},{""price"":74348.0,""size"":0.0429,""num_orders"":1},{""price"":74348.29,""size"":0.00447834,""num_orders"":1},{""price"":74348.68,""size"":0.48439583,""num_orders"":1},{""price"":74349.18,""size"":0.06067898,""num_orders"":2}]"
btc_usd_d10_20260528T000415Z,26,2026-05-28T00:30:15.702594Z,2026-05-28T00:30:15.702710Z,BTC-USD,10,ok,,129030363332,2026-05-28T00:30:14.843691815Z,0.37590703,1.29345393,-0.549639605805,74347.199999999997,74347.210000000006,74347.205000000002,0.010000000009,0.001345040477,"[{""price"":74347.2,""size"":0.05500217,""num_orders"":5},{""price"":74347.05,""size"":0.00019018,""num_orders"":1},{""price"":74346.05,""size"":0.02327104,""num_orders"":2},{""price"":74346.04,""size"":0.05293816,""num_orders"":1},{""price"":74346.03,""size"":0.01327104,""num_orders"":1},{""price"":74346.02,""size"":0.10573783,""num_orders"":1},{""price"":74346.0,""size"":0.0332,""num_orders"":1},{""price"":74345.76,""size"":0.04035199,""num_orders"":1},{""price"":74345.5,""size"":0.04194462,""num_orders"":1},{""price"":74345.0,""size"":0.01,""num_orders"":1}]","[{""price"":74347.21,""size"":0.08699366,""num_orders"":8},{""price"":74350.0,""size"":0.0005,""num_orders"":1},{""price"":74350.93,""size"":0.01134563,""num_orders"":2},{""price"":74351.87,""size"":0.06472224,""num_orders"":1},{""price"":74351.88,""size"":0.48439583,""num_orders"":1},{""price"":74351.89,""size"":0.08069734,""num_orders"":1},{""price"":74352.0,""size"":0.0332,""num_orders"":1},{""price"":74352.58,""size"":0.0404782,""num_orders"":1},{""price"":74352.79,""size"":0.0067252,""num_orders"":1},{""price"":74354.19,""size"":0.48439583,""num_orders"":1}]"
btc_usd_d10_20260528T000415Z,27,2026-05-28T00:31:15.702594Z,2026-05-28T00:31:15.702711Z,BTC-USD,10,ok,,129030419031,2026-05-28T00:31:13.130805562Z,0.30097691,2.51907469,-0.786545104352,74339.619999999995,74339.630000000005,74339.625,0.010000000009,0.001345177624,"[{""price"":74339.62,""size"":0.04040559,""num_orders"":2},{""price"":74338.04,""size"":0.0404782,""num_orders"":1},{""price"":74337.6,""size"":1.5e-05,""num_orders"":1},{""price"":74336.0,""size"":0.0257,""num_orders"":1},{""price"":74335.48,""size"":0.1169749,""num_orders"":1},{""price"":74335.0,""size"":0.01,""num_orders"":1},{""price"":74334.0,""size"":0.0257,""num_orders"":1},{""price"":74332.8,""size"":1.5e-05,""num_orders"":1},{""price"":74332.79,""size"":0.00132915,""num_orders"":1},{""price"":74332.72,""size"":0.04035907,""num_orders"":1}]","[{""price"":74339.63,""size"":0.17805049,""num_orders"":5},{""price"":74339.99,""size"":0.02902635,""num_orders"":1},{""price"":74340.0,""size"":0.7492244,""num_orders"":2},{""price"":74340.01,""size"":0.59168548,""num_orders"":2},{""price"":74340.28,""size"":0.05505661,""num_orders"":1},{""price"":74341.39,""size"":0.135,""num_orders"":1},{""price"":74342.25,""size"":0.51097525,""num_orders"":1},{""price"":74342.41,""size"":0.00012266,""num_orders"":1},{""price"":74343.14,""size"":0.26902283,""num_orders"":1},{""price"":74343.92,""size"":0.00091062,""num_orders"":1}]"
btc_usd_d10_20260528T000415Z,28,2026-05-28T00:32:15.702594Z,2026-05-28T00:32:15.702726Z,BTC-USD,10,ok,,129030465044,2026-05-28T00:32:14.625793717Z,0.68195782,0.59472692,0.068326108449,74364.050000000003,74364.059999999998,74364.054999999993,0.009999999995,0.001344735705,"[{""price"":74364.05,""size"":0.00033618,""num_orders"":1},{""price"":74364.0,""size"":0.0198,""num_orders"":1},{""price"":74362.0,""size"":0.03235263,""num_orders"":3},{""price"":74361.22,""size"":0.02689088,""num_orders"":1},{""price"":74360.15,""size"":0.00090163,""num_orders"":1},{""price"":74360.09,""size"":0.03318201,""num_orders"":1},{""price"":74360.08,""size"":0.0404782,""num_orders"":1},{""price"":74360.07,""size"":0.51097525,""num_orders"":1},{""price"":74360.06,""size"":0.00838104,""num_orders"":1},{""price"":74360.05,""size"":0.00866,""num_orders"":1}]","[{""price"":74364.06,""size"":0.09429349,""num_orders"":2},{""price"":74364.41,""size"":1.086e-05,""num_orders"":1},{""price"":74366.4,""size"":1.5e-05,""num_orders"":1},{""price"":74367.06,""size"":0.01,""num_orders"":1},{""price"":74367.07,""size"":0.08447839,""num_orders"":1},{""price"":74367.08,""size"":0.0404782,""num_orders"":1},{""price"":74367.09,""size"":0.26893619,""num_orders"":1},{""price"":74367.16,""size"":0.04486487,""num_orders"":1},{""price"":74368.01,""size"":0.00672393,""num_orders"":1},{""price"":74368.08,""size"":0.04492599,""num_orders"":1}]"
btc_usd_d10_20260528T000415Z,29,2026-05-28T00:33:15.702594Z,2026-05-28T00:33:15.702719Z,BTC-USD,10,ok,,129030519632,2026-05-28T00:33:15.344440973Z,0.38846062,1.85695445,-0.653996603844,74361.600000000006,74361.610000000001,74361.60500000001,0.009999999995,0.00134478001,"[{""price"":74361.6,""size"":0.06830022,""num_orders"":4},{""price"":74361.25,""size"":0.04034358,""num_orders"":1},{""price"":74360.0,""size"":0.0365,""num_orders"":2},{""price"":74359.5,""size"":0.00205925,""num_orders"":1},{""price"":74359.25,""size"":0.01899451,""num_orders"":1},{""price"":74358.24,""size"":0.03318201,""num_orders"":1},{""price"":74358.23,""size"":0.01,""num_orders"":1},{""price"":74358.22,""size"":0.0404782,""num_orders"":1},{""price"":74358.21,""size"":0.0041185,""num_orders"":1},{""price"":74358.08,""size"":0.13448435,""num_orders"":1}]","[{""price"":74361.61,""size"":0.1006292,""num_orders"":5},{""price"":74367.19,""size"":0.0067239,""num_orders"":1},{""price"":74367.52,""size"":0.08447839,""num_orders"":1},{""price"":74367.53,""size"":0.51097525,""num_orders"":1},{""price"":74368.45,""size"":0.08067938,""num_orders"":1},{""price"":74369.49,""size"":0.02020078,""num_orders"":1},{""price"":74369.5,""size"":0.0404782,""num_orders"":1},{""price"":74369.99,""size"":0.51097525,""num_orders"":1},{""price"":74370.0,""size"":0.0265,""num_orders"":1},{""price"":74370.24,""size"":0.4753141,""num_orders"":2}]"
btc_usd_d10_20260528T000415Z,30,2026-05-28T00:34:15.702594Z,2026-05-28T00:34:15.702720Z,BTC-USD,10,ok,,129030571462,2026-05-28T00:34:13.845106493Z,0.66114044,1.15658611,-0.272563367686,74381.990000000005,74382,74381.994999999995,0.009999999995,0.001344411372,"[{""price"":74381.99,""size"":0.01619254,""num_orders"":1},{""price"":74381.14,""size"":0.00809628,""num_orders"":1},{""price"":74381.13,""size"":3.156e-05,""num_orders"":1},{""price"":74381.12,""size"":0.00672204,""num_orders"":1},{""price"":74380.13,""size"":0.00016872,""num_orders"":1},{""price"":74378.41,""size"":6.713e-05,""num_orders"":1},{""price"":74378.0,""size"":0.0289,""num_orders"":1},{""price"":74377.38,""size"":0.04805106,""num_orders"":1},{""price"":74377.29,""size"":0.04193586,""num_orders"":1},{""price"":74376.83,""size"":0.51097525,""num_orders"":1}]","[{""price"":74382.0,""size"":0.0289,""num_orders"":1},{""price"":74383.12,""size"":0.08066346,""num_orders"":1},{""price"":74383.21,""size"":0.01356375,""num_orders"":1},{""price"":74383.99,""size"":0.01,""num_orders"":1},{""price"":74384.0,""size"":0.0304,""num_orders"":1},{""price"":74384.69,""size"":0.06960934,""num_orders"":1},{""price"":74384.7,""size"":0.37870768,""num_orders"":1},{""price"":74384.73,""size"":0.03091561,""num_orders"":1},{""price"":74384.84,""size"":0.00285102,""num_orders"":2},{""price"":74385.06,""size"":0.51097525,""num_orders"":1}]"
btc_usd_d10_20260528T000415Z,31,2026-05-28T00:35:15.702594Z,2026-05-28T00:35:15.702743Z,BTC-USD,10,ok,,129030622989,2026-05-28T00:35:15.344431150Z,2.50911592,0.1788778,0.866906087861,74414.740000000005,74414.75,74414.744999999995,0.009999999995,0.001343819695,"[{""price"":74414.74,""size"":0.34927471,""num_orders"":7},{""price"":74414.0,""size"":0.0259,""num_orders"":1},{""price"":74413.34,""size"":0.1176604,""num_orders"":1},{""price"":74413.33,""size"":0.5661585,""num_orders"":1},{""price"":74413.32,""size"":0.51097525,""num_orders"":1},{""price"":74412.47,""size"":0.04031621,""num_orders"":1},{""price"":74411.77,""size"":0.13438734,""num_orders"":1},{""price"":74411.52,""size"":0.135,""num_orders"":1},{""price"":74411.49,""size"":0.01,""num_orders"":1},{""price"":74411.06,""size"":0.61944351,""num_orders"":1}]","[{""price"":74414.75,""size"":0.002056,""num_orders"":2},{""price"":74414.83,""size"":0.00017361,""num_orders"":2},{""price"":74417.74,""size"":0.00042902,""num_orders"":2},{""price"":74418.47,""size"":0.00187633,""num_orders"":1},{""price"":74419.2,""size"":1.5e-05,""num_orders"":1},{""price"":74419.58,""size"":0.0404782,""num_orders"":1},{""price"":74420.0,""size"":0.0266,""num_orders"":2},{""price"":74420.22,""size"":0.00052752,""num_orders"":2},{""price"":74421.27,""size"":0.08062212,""num_orders"":1},{""price"":74422.0,""size"":0.0261,""num_orders"":1}]"
btc_usd_d10_20260528T000415Z,32,2026-05-28T00:36:15.702594Z,2026-05-28T00:36:15.702715Z,BTC-USD,10,ok,,129030666645,2026-05-28T00:36:13.837192799Z,1.16541873,3.13041754,-0.457419390893,74409.600000000006,74409.610000000001,74409.60500000001,0.009999999995,0.001343912522,"[{""price"":74409.6,""size"":0.04005493,""num_orders"":6},{""price"":74408.0,""size"":0.0429,""num_orders"":1},{""price"":74406.72,""size"":0.04031229,""num_orders"":1},{""price"":74406.02,""size"":0.01,""num_orders"":1},{""price"":74406.01,""size"":0.1176604,""num_orders"":1},{""price"":74406.0,""size"":0.0429,""num_orders"":1},{""price"":74405.85,""size"":0.0403194,""num_orders"":1},{""price"":74405.53,""size"":0.60777174,""num_orders"":1},{""price"":74405.52,""size"":0.21349997,""num_orders"":1},{""price"":74405.0,""size"":0.01,""num_orders"":1}]","[{""price"":74409.61,""size"":2.0366669,""num_orders"":6},{""price"":74411.48,""size"":0.00118864,""num_orders"":1},{""price"":74411.86,""size"":0.08063231,""num_orders"":1},{""price"":74414.93,""size"":0.0404782,""num_orders"":1},{""price"":74414.94,""size"":0.51097525,""num_orders"":1},{""price"":74415.19,""size"":0.00671956,""num_orders"":1},{""price"":74416.0,""size"":0.0298,""num_orders"":1},{""price"":74416.93,""size"":0.02020078,""num_orders"":1},{""price"":74416.97,""size"":0.2687559,""num_orders"":1},{""price"":74417.06,""size"":0.135,""num_orders"":1}]"
btc_usd_d10_20260528T000415Z,33,2026-05-28T00:37:15.702594Z,2026-05-28T00:37:15.702717Z,BTC-USD,10,ok,,129030715725,2026-05-28T00:37:13.191017470Z,1.37565192,0.49450134,0.471164903351,74401.990000000005,74402,74401.994999999995,0.009999999995,0.001344049981,"[{""price"":74401.99,""size"":0.04527798,""num_orders"":4},{""price"":74400.02,""size"":0.01,""num_orders"":1},{""price"":74400.01,""size"":0.1276604,""num_orders"":2},{""price"":74400.0,""size"":0.0487,""num_orders"":2},{""price"":74399.99,""size"":0.04192257,""num_orders"":1},{""price"":74399.84,""size"":0.00111742,""num_orders"":1},{""price"":74399.75,""size"":0.51097525,""num_orders"":1},{""price"":74399.11,""size"":0.04032305,""num_orders"":1},{""price"":74398.0,""size"":0.0387,""num_orders"":1},{""price"":74396.9,""size"":0.51097525,""num_orders"":1}]","[{""price"":74402.0,""size"":0.02956061,""num_orders"":9},{""price"":74403.41,""size"":5.7e-07,""num_orders"":1},{""price"":74404.8,""size"":1.5e-05,""num_orders"":1},{""price"":74405.01,""size"":5.787e-05,""num_orders"":1},{""price"":74405.72,""size"":0.00273271,""num_orders"":1},{""price"":74405.9,""size"":0.08063877,""num_orders"":1},{""price"":74406.0,""size"":0.0387,""num_orders"":1},{""price"":74407.58,""size"":0.05433196,""num_orders"":1},{""price"":74408.31,""size"":0.05730422,""num_orders"":1},{""price"":74408.69,""size"":0.23115963,""num_orders"":2}]"
btc_usd_d10_20260528T000415Z,34,2026-05-28T00:38:15.702594Z,2026-05-28T00:38:15.702721Z,BTC-USD,10,ok,,129030770083,2026-05-28T00:38:14.837111063Z,1.25262654,1.56685402,-0.111448713092,74395.289999999994,74395.300000000003,74395.294999999998,0.010000000009,0.001344171027,"[{""price"":74395.29,""size"":0.00033605,""num_orders"":1},{""price"":74393.58,""size"":3.037e-05,""num_orders"":1},{""price"":74391.25,""size"":0.11768019,""num_orders"":2},{""price"":74391.24,""size"":0.26879542,""num_orders"":1},{""price"":74390.4,""size"":1.5e-05,""num_orders"":1},{""price"":74390.14,""size"":0.51097525,""num_orders"":1},{""price"":74390.13,""size"":0.0404782,""num_orders"":1},{""price"":74390.12,""size"":0.26879542,""num_orders"":1},{""price"":74390.0,""size"":0.0415,""num_orders"":2},{""price"":74389.62,""size"":0.00402064,""num_orders"":1}]","[{""price"":74395.3,""size"":0.14098,""num_orders"":2},{""price"":74395.35,""size"":0.02020078,""num_orders"":1},{""price"":74395.85,""size"":0.0216,""num_orders"":1},{""price"":74395.97,""size"":0.00672082,""num_orders"":1},{""price"":74395.98,""size"":0.72205681,""num_orders"":1},{""price"":74395.99,""size"":0.51097525,""num_orders"":1},{""price"":74396.0,""size"":0.0315,""num_orders"":1},{""price"":74396.33,""size"":0.00067208,""num_orders"":1},{""price"":74397.12,""size"":0.08064828,""num_orders"":1},{""price"":74398.0,""size"":0.0315,""num_orders"":1}]"
btc_usd_d10_20260528T000415Z,35,2026-05-28T00:39:15.702594Z,2026-05-28T00:39:15.702716Z,BTC-USD,10,ok,,129030810374,2026-05-28T00:39:15.038542216Z,1.76470251,8.23417203,-0.647019771487,74418.330000000002,74418.339999999997,74418.334999999992,0.009999999995,0.001343754868,"[{""price"":74418.33,""size"":0.74081396,""num_orders"":11},{""price"":74418.29,""size"":0.04031477,""num_orders"":1},{""price"":74418.0,""size"":0.0299,""num_orders"":1},{""price"":74417.71,""size"":0.2039719,""num_orders"":1},{""price"":74417.7,""size"":0.04031298,""num_orders"":1},{""price"":74416.39,""size"":0.26876504,""num_orders"":1},{""price"":74416.01,""size"":0.00268345,""num_orders"":1},{""price"":74416.0,""size"":0.0299,""num_orders"":1},{""price"":74414.57,""size"":0.36756221,""num_orders"":1},{""price"":74414.55,""size"":0.0404782,""num_orders"":1}]","[{""price"":74418.34,""size"":5.98860584,""num_orders"":15},{""price"":74419.2,""size"":1.5e-05,""num_orders"":1},{""price"":74420.0,""size"":0.0005,""num_orders"":1},{""price"":74422.06,""size"":0.00074744,""num_orders"":1},{""price"":74423.62,""size"":0.51097525,""num_orders"":1},{""price"":74423.7,""size"":0.08061948,""num_orders"":1},{""price"":74423.92,""size"":0.00671877,""num_orders"":1},{""price"":74424.0,""size"":1.000015,""num_orders"":2},{""price"":74425.79,""size"":0.135,""num_orders"":1},{""price"":74426.86,""size"":0.51097525,""num_orders"":1}]"
btc_usd_d10_20260528T000415Z,36,2026-05-28T00:40:15.702594Z,2026-05-28T00:40:15.702724Z,BTC-USD,10,ok,,129030849714,2026-05-28T00:40:15.343032178Z,1.11419322,1.54935421,-0.163376474959,74407.130000000005,74407.139999999999,74407.135000000009,0.009999999995,0.001343957135,"[{""price"":74407.13,""size"":0.0614838,""num_orders"":7},{""price"":74407.01,""size"":8.44e-05,""num_orders"":1},{""price"":74404.6,""size"":0.04191198,""num_orders"":1},{""price"":74404.01,""size"":0.01,""num_orders"":1},{""price"":74404.0,""size"":0.0429,""num_orders"":1},{""price"":74402.48,""size"":0.01,""num_orders"":1},{""price"":74402.47,""size"":0.1276604,""num_orders"":2},{""price"":74402.46,""size"":0.51097525,""num_orders"":1},{""price"":74402.45,""size"":0.26885218,""num_orders"":1},{""price"":74402.43,""size"":0.04032521,""num_orders"":1}]","[{""price"":74407.14,""size"":0.11717403,""num_orders"":7},{""price"":74407.78,""size"":0.08063673,""num_orders"":1},{""price"":74409.6,""size"":1.5e-05,""num_orders"":1},{""price"":74410.0,""size"":0.0429,""num_orders"":1},{""price"":74410.57,""size"":0.02020078,""num_orders"":1},{""price"":74410.79,""size"":0.00268335,""num_orders"":1},{""price"":74410.8,""size"":0.46551276,""num_orders"":1},{""price"":74410.81,""size"":0.51097525,""num_orders"":1},{""price"":74410.82,""size"":0.26877811,""num_orders"":1},{""price"":74411.99,""size"":0.0404782,""num_orders"":1}]"
btc_usd_d10_20260528T000415Z,37,2026-05-28T00:41:15.702594Z,2026-05-28T00:41:15.702718Z,BTC-USD,10,ok,,129030895417,2026-05-28T00:41:14.630893266Z,1.17976379,1.74203169,-0.192439170999,74407.970000000001,74407.979999999996,74407.975000000006,0.009999999995,0.001343941963,"[{""price"":74407.97,""size"":0.00033566,""num_orders"":1},{""price"":74406.01,""size"":0.01003429,""num_orders"":2},{""price"":74406.0,""size"":0.0429,""num_orders"":1},{""price"":74405.4,""size"":0.01,""num_orders"":1},{""price"":74405.39,""size"":0.00116514,""num_orders"":1},{""price"":74404.88,""size"":0.01,""num_orders"":1},{""price"":74404.87,""size"":0.51097525,""num_orders"":1},{""price"":74404.0,""size"":0.0429,""num_orders"":1},{""price"":74402.64,""size"":0.0404782,""num_orders"":1},{""price"":74402.63,""size"":0.51097525,""num_orders"":1}]","[{""price"":74407.98,""size"":0.29945582,""num_orders"":5},{""price"":74408.07,""size"":0.08063642,""num_orders"":1},{""price"":74409.6,""size"":0.00210691,""num_orders"":5},{""price"":74410.0,""size"":0.0429,""num_orders"":1},{""price"":74411.69,""size"":0.00268316,""num_orders"":1},{""price"":74411.7,""size"":0.00047456,""num_orders"":1},{""price"":74412.0,""size"":0.0429,""num_orders"":1},{""price"":74412.79,""size"":0.49112869,""num_orders"":1},{""price"":74412.8,""size"":0.51097525,""num_orders"":1},{""price"":74412.83,""size"":0.26877088,""num_orders"":1}]"
btc_usd_d10_20260528T000415Z,38,2026-05-28T00:42:15.702594Z,2026-05-28T00:42:15.702725Z,BTC-USD,10,ok,,129030947699,2026-05-28T00:42:14.043926302Z,0.38746737,6.23082627,-0.88291019073,74418.320000000007,74418.330000000002,74418.325000000012,0.009999999995,0.001343755049,"[{""price"":74418.32,""size"":0.03729527,""num_orders"":3},{""price"":74416.72,""size"":0.01,""num_orders"":1},{""price"":74416.71,""size"":0.08594615,""num_orders"":1},{""price"":74416.0,""size"":0.0331,""num_orders"":1},{""price"":74415.58,""size"":0.01004148,""num_orders"":2},{""price"":74414.38,""size"":0.01,""num_orders"":1},{""price"":74414.37,""size"":0.1176604,""num_orders"":1},{""price"":74414.34,""size"":0.01,""num_orders"":1},{""price"":74414.33,""size"":0.04192407,""num_orders"":1},{""price"":74414.0,""size"":0.0315,""num_orders"":1}]","[{""price"":74418.33,""size"":0.02285243,""num_orders"":1},{""price"":74418.34,""size"":5.93094928,""num_orders"":2},{""price"":74419.2,""size"":1.5e-05,""num_orders"":1},{""price"":74419.28,""size"":0.00485,""num_orders"":1},{""price"":74419.31,""size"":0.00020098,""num_orders"":1},{""price"":74420.0,""size"":0.0005,""num_orders"":1},{""price"":74421.45,""size"":0.0026837,""num_orders"":1},{""price"":74421.46,""size"":0.26873971,""num_orders"":1},{""price"":74422.33,""size"":2.017e-05,""num_orders"":1},{""price"":74424.0,""size"":1.5e-05,""num_orders"":1}]"
btc_usd_d10_20260528T000415Z,39,2026-05-28T00:43:15.702594Z,2026-05-28T00:43:15.702720Z,BTC-USD,10,ok,,129030988923,2026-05-28T00:43:13.467146526Z,1.53786302,0.79181535,0.320236338032,74417.990000000005,74418,74417.994999999995,0.009999999995,0.001343761008,"[{""price"":74417.99,""size"":0.02720409,""num_orders"":2},{""price"":74414.4,""size"":1.484e-05,""num_orders"":1},{""price"":74414.0,""size"":0.0429,""num_orders"":1},{""price"":74413.85,""size"":0.04031507,""num_orders"":1},{""price"":74412.22,""size"":0.00198244,""num_orders"":1},{""price"":74412.0,""size"":0.0429,""num_orders"":1},{""price"":74411.49,""size"":0.04191782,""num_orders"":1},{""price"":74410.57,""size"":0.02,""num_orders"":1},{""price"":74410.56,""size"":0.89056536,""num_orders"":1},{""price"":74410.55,""size"":0.4300634,""num_orders"":1}]","[{""price"":74418.0,""size"":0.09839708,""num_orders"":2},{""price"":74419.15,""size"":0.05805376,""num_orders"":2},{""price"":74419.21,""size"":0.00045333,""num_orders"":2},{""price"":74420.0,""size"":0.0429,""num_orders"":1},{""price"":74420.06,""size"":0.08062343,""num_orders"":1},{""price"":74420.58,""size"":0.00314927,""num_orders"":1},{""price"":74420.77,""size"":0.4300634,""num_orders"":1},{""price"":74422.0,""size"":0.03097808,""num_orders"":2},{""price"":74423.58,""size"":0.0067188,""num_orders"":1},{""price"":74423.77,""size"":0.0404782,""num_orders"":1}]"
btc_usd_d10_20260528T000415Z,40,2026-05-28T00:44:15.702594Z,2026-05-28T00:44:15.702719Z,BTC-USD,10,ok,,129031033960,2026-05-28T00:44:13.177468595Z,2.20869961,0.2271991,0.813457678624,74419.979999999996,74419.990000000005,74419.985000000001,0.010000000009,0.001343725077,"[{""price"":74419.98,""size"":0.16006435,""num_orders"":7},{""price"":74419.57,""size"":0.04031197,""num_orders"":1},{""price"":74416.87,""size"":0.36106289,""num_orders"":3},{""price"":74416.86,""size"":0.0404782,""num_orders"":1},{""price"":74416.1,""size"":0.13437952,""num_orders"":1},{""price"":74415.11,""size"":0.4300634,""num_orders"":1},{""price"":74414.84,""size"":0.26874821,""num_orders"":1},{""price"":74414.67,""size"":0.13438211,""num_orders"":1},{""price"":74414.65,""size"":0.63249034,""num_orders"":2},{""price"":74414.4,""size"":0.00671862,""num_orders"":1}]","[{""price"":74419.99,""size"":0.05355359,""num_orders"":6},{""price"":74420.46,""size"":0.00032278,""num_orders"":1},{""price"":74420.51,""size"":0.00051207,""num_orders"":1},{""price"":74422.0,""size"":0.0429,""num_orders"":1},{""price"":74423.71,""size"":5.906e-05,""num_orders"":1},{""price"":74423.99,""size"":0.00013009,""num_orders"":2},{""price"":74424.0,""size"":0.03962472,""num_orders"":2},{""price"":74425.99,""size"":0.0404782,""num_orders"":1},{""price"":74426.0,""size"":0.0429,""num_orders"":1},{""price"":74426.08,""size"":0.00671859,""num_orders"":1}]"
btc_usd_d10_20260528T000415Z,41,2026-05-28T00:45:15.702594Z,2026-05-28T00:45:15.702742Z,BTC-USD,10,ok,,129031084811,2026-05-28T00:45:15.179725393Z,0.17522852,1.20110598,-0.745369283412,74419.199999999997,74419.210000000006,74419.205000000002,0.010000000009,0.001343739161,"[{""price"":74419.2,""size"":0.00846072,""num_orders"":2},{""price"":74415.0,""size"":0.01,""num_orders"":1},{""price"":74414.4,""size"":1.5e-05,""num_orders"":1},{""price"":74413.82,""size"":0.04031509,""num_orders"":1},{""price"":74413.33,""size"":0.00188418,""num_orders"":1},{""price"":74412.15,""size"":0.00376835,""num_orders"":1},{""price"":74410.12,""size"":0.04030698,""num_orders"":1},{""price"":74410.03,""size"":0.02,""num_orders"":1},{""price"":74410.02,""size"":0.0404782,""num_orders"":1},{""price"":74410.0,""size"":0.01,""num_orders"":1}]","[{""price"":74419.21,""size"":0.16139768,""num_orders"":4},{""price"":74419.93,""size"":0.1176604,""num_orders"":1},{""price"":74419.96,""size"":0.13317862,""num_orders"":1},{""price"":74420.0,""size"":0.0387,""num_orders"":1},{""price"":74421.45,""size"":0.37619844,""num_orders"":1},{""price"":74421.72,""size"":0.08062163,""num_orders"":1},{""price"":74421.86,""size"":0.11959005,""num_orders"":1},{""price"":74421.89,""size"":0.135,""num_orders"":1},{""price"":74422.0,""size"":0.0387,""num_orders"":1},{""price"":74422.93,""size"":5.916e-05,""num_orders"":1}]"
btc_usd_d10_20260528T000415Z,42,2026-05-28T00:46:15.702594Z,2026-05-28T00:46:15.702718Z,BTC-USD,10,ok,,129031125715,2026-05-28T00:46:14.102566682Z,0.25122779,0.81640164,-0.529372677559,74421.860000000001,74421.869999999995,74421.864999999991,0.009999999995,0.001343691131,"[{""price"":74421.86,""size"":0.04260531,""num_orders"":6},{""price"":74420.75,""size"":0.00067184,""num_orders"":1},{""price"":74420.44,""size"":0.00660842,""num_orders"":1},{""price"":74419.71,""size"":0.0419164,""num_orders"":1},{""price"":74419.68,""size"":0.04031191,""num_orders"":1},{""price"":74418.54,""size"":0.04031381,""num_orders"":1},{""price"":74418.0,""size"":0.0299,""num_orders"":1},{""price"":74417.13,""size"":0.02,""num_orders"":1},{""price"":74417.12,""size"":0.0089001,""num_orders"":1},{""price"":74417.1,""size"":0.02,""num_orders"":1}]","[{""price"":74421.87,""size"":0.1096058,""num_orders"":3},{""price"":74422.0,""size"":0.0299,""num_orders"":1},{""price"":74423.54,""size"":0.00220816,""num_orders"":7},{""price"":74424.0,""size"":0.029915,""num_orders"":2},{""price"":74425.59,""size"":1.945e-05,""num_orders"":1},{""price"":74425.98,""size"":0.1087603,""num_orders"":1},{""price"":74425.99,""size"":0.0404782,""num_orders"":1},{""price"":74426.0,""size"":0.0387,""num_orders"":1},{""price"":74426.55,""size"":0.37619844,""num_orders"":1},{""price"":74426.65,""size"":0.08061629,""num_orders"":1}]"
btc_usd_d10_20260528T000415Z,43,2026-05-28T00:47:15.702594Z,2026-05-28T00:47:15.702718Z,BTC-USD,10,ok,,129031171499,2026-05-28T00:47:13.493948514Z,0.2364355,1.04434653,-0.630795101021,74418.860000000001,74418.869999999995,74418.864999999991,0.009999999995,0.001343745298,"[{""price"":74418.86,""size"":0.03595702,""num_orders"":4},{""price"":74417.61,""size"":0.04031303,""num_orders"":1},{""price"":74416.01,""size"":0.01327104,""num_orders"":1},{""price"":74416.0,""size"":0.0312,""num_orders"":1},{""price"":74415.0,""size"":0.01,""num_orders"":1},{""price"":74414.45,""size"":0.00027409,""num_orders"":1},{""price"":74414.41,""size"":0.01,""num_orders"":1},{""price"":74414.4,""size"":1.5e-05,""num_orders"":1},{""price"":74414.03,""size"":0.01,""num_orders"":1},{""price"":74414.02,""size"":0.08540532,""num_orders"":1}]","[{""price"":74418.87,""size"":0.03034822,""num_orders"":3},{""price"":74420.0,""size"":0.0312,""num_orders"":1},{""price"":74423.91,""size"":0.03225508,""num_orders"":1},{""price"":74423.92,""size"":0.1250312,""num_orders"":1},{""price"":74423.93,""size"":0.3383189,""num_orders"":1},{""price"":74423.94,""size"":0.34937702,""num_orders"":1},{""price"":74423.96,""size"":0.01,""num_orders"":1},{""price"":74423.97,""size"":0.08061919,""num_orders"":1},{""price"":74424.45,""size"":0.00671872,""num_orders"":1},{""price"":74425.15,""size"":0.0404782,""num_orders"":1}]"
btc_usd_d10_20260528T000415Z,44,2026-05-28T00:48:15.702594Z,2026-05-28T00:48:15.702748Z,BTC-USD,10,ok,,129031227509,2026-05-28T00:48:15.547411829Z,0.42761394,1.18217558,-0.468733104934,74411.990000000005,74412,74411.994999999995,0.009999999995,0.001343869358,"[{""price"":74411.99,""size"":0.01594725,""num_orders"":2},{""price"":74410.6,""size"":0.01014608,""num_orders"":1},{""price"":74410.0,""size"":0.0268,""num_orders"":1},{""price"":74409.59,""size"":0.04193089,""num_orders"":1},{""price"":74409.02,""size"":0.225,""num_orders"":1},{""price"":74408.84,""size"":0.04031778,""num_orders"":1},{""price"":74406.73,""size"":0.00067194,""num_orders"":1},{""price"":74406.01,""size"":0.02,""num_orders"":1},{""price"":74406.0,""size"":0.0268,""num_orders"":1},{""price"":74405.08,""size"":0.02,""num_orders"":1}]","[{""price"":74412.0,""size"":0.0268,""num_orders"":1},{""price"":74413.0,""size"":0.00021296,""num_orders"":1},{""price"":74413.01,""size"":0.43020054,""num_orders"":1},{""price"":74413.98,""size"":0.0404782,""num_orders"":1},{""price"":74414.0,""size"":0.0268,""num_orders"":1},{""price"":74414.4,""size"":1.5e-05,""num_orders"":1},{""price"":74415.61,""size"":0.09263526,""num_orders"":1},{""price"":74415.62,""size"":0.08062823,""num_orders"":1},{""price"":74415.97,""size"":0.05420485,""num_orders"":1},{""price"":74416.13,""size"":0.43020054,""num_orders"":1}]"
btc_usd_d10_20260528T000415Z,45,2026-05-28T00:49:15.702594Z,2026-05-28T00:49:15.702745Z,BTC-USD,10,ok,,129031265749,2026-05-28T00:49:14.833390021Z,0.46274397,0.67397686,-0.185826532272,74385.600000000006,74385.610000000001,74385.60500000001,0.009999999995,0.001344346126,"[{""price"":74385.6,""size"":0.07930463,""num_orders"":4},{""price"":74385.24,""size"":0.01327104,""num_orders"":1},{""price"":74385.23,""size"":0.04033058,""num_orders"":1},{""price"":74384.07,""size"":0.04200831,""num_orders"":2},{""price"":74383.91,""size"":0.16111479,""num_orders"":2},{""price"":74382.42,""size"":0.00592,""num_orders"":1},{""price"":74381.73,""size"":0.02,""num_orders"":1},{""price"":74381.72,""size"":0.04031642,""num_orders"":1},{""price"":74380.83,""size"":0.02,""num_orders"":1},{""price"":74380.82,""size"":0.0404782,""num_orders"":1}]","[{""price"":74385.61,""size"":0.08714763,""num_orders"":6},{""price"":74386.0,""size"":0.031,""num_orders"":1},{""price"":74386.85,""size"":0.0018663,""num_orders"":1},{""price"":74388.0,""size"":0.031,""num_orders"":1},{""price"":74389.43,""size"":0.065734,""num_orders"":1},{""price"":74389.65,""size"":0.00260434,""num_orders"":6},{""price"":74389.98,""size"":0.0404782,""num_orders"":1},{""price"":74390.0,""size"":0.031,""num_orders"":1},{""price"":74390.01,""size"":0.37642466,""num_orders"":1},{""price"":74391.19,""size"":0.00672173,""num_orders"":1}]"
btc_usd_d10_20260528T000415Z,46,2026-05-28T00:50:15.702594Z,2026-05-28T00:50:15.702700Z,BTC-USD,10,ok,,129031303496,2026-05-28T00:50:14.028166913Z,0.2606301,2.10946225,-0.780067557283,74381.809999999998,74381.820000000007,74381.815000000002,0.010000000009,0.001344414627,"[{""price"":74381.81,""size"":0.00209051,""num_orders"":2},{""price"":74379.83,""size"":0.0270386,""num_orders"":2},{""price"":74377.59,""size"":0.05374924,""num_orders"":2},{""price"":74377.58,""size"":0.04033473,""num_orders"":1},{""price"":74376.59,""size"":0.04033051,""num_orders"":1},{""price"":74376.0,""size"":1.5e-05,""num_orders"":1},{""price"":74375.02,""size"":0.02,""num_orders"":1},{""price"":74375.01,""size"":0.02502514,""num_orders"":1},{""price"":74375.0,""size"":0.01011602,""num_orders"":2},{""price"":74374.93,""size"":0.04193035,""num_orders"":1}]","[{""price"":74381.82,""size"":0.54755806,""num_orders"":7},{""price"":74382.0,""size"":0.034,""num_orders"":1},{""price"":74382.31,""size"":0.0006722,""num_orders"":1},{""price"":74384.06,""size"":0.37642466,""num_orders"":1},{""price"":74384.28,""size"":0.08066221,""num_orders"":1},{""price"":74385.04,""size"":0.05134428,""num_orders"":1},{""price"":74386.06,""size"":0.26886758,""num_orders"":1},{""price"":74387.39,""size"":0.00268387,""num_orders"":1},{""price"":74387.4,""size"":0.09935733,""num_orders"":2},{""price"":74387.41,""size"":0.64789206,""num_orders"":1}]"
btc_usd_d10_20260528T000415Z,47,2026-05-28T00:51:15.702594Z,2026-05-28T00:51:15.702713Z,BTC-USD,10,ok,,129031346265,2026-05-28T00:51:14.112212752Z,0.75728582,3.05883288,-0.603112020598,74345.949999999997,74345.960000000006,74345.955000000002,0.010000000009,0.001345063092,"[{""price"":74345.95,""size"":0.0159,""num_orders"":1},{""price"":74345.79,""size"":0.04035198,""num_orders"":1},{""price"":74344.78,""size"":0.02689471,""num_orders"":1},{""price"":74342.16,""size"":0.02502514,""num_orders"":1},{""price"":74342.15,""size"":0.00592,""num_orders"":1},{""price"":74342.14,""size"":0.37642466,""num_orders"":1},{""price"":74342.04,""size"":0.13451339,""num_orders"":1},{""price"":74342.01,""size"":0.03724034,""num_orders"":1},{""price"":74342.0,""size"":0.05787526,""num_orders"":2},{""price"":74341.78,""size"":0.03714034,""num_orders"":1}]","[{""price"":74345.96,""size"":2.00036065,""num_orders"":2},{""price"":74346.0,""size"":0.00672549,""num_orders"":1},{""price"":74346.01,""size"":0.06879927,""num_orders"":1},{""price"":74347.27,""size"":0.00862561,""num_orders"":5},{""price"":74349.98,""size"":0.37642466,""num_orders"":1},{""price"":74350.0,""size"":0.0429,""num_orders"":1},{""price"":74350.66,""size"":0.00067254,""num_orders"":1},{""price"":74352.0,""size"":0.0429,""num_orders"":1},{""price"":74352.24,""size"":0.37642466,""num_orders"":1},{""price"":74352.72,""size"":0.135,""num_orders"":1}]"
btc_usd_d10_20260528T000415Z,48,2026-05-28T00:52:15.702594Z,2026-05-28T00:52:15.702740Z,BTC-USD,10,ok,,129031394037,2026-05-28T00:52:14.592973173Z,0.6679247,0.569502,0.079538206182,74342.479999999996,74343.529999999999,74343.005000000005,1.050000000003,0.141237228708,"[{""price"":74342.48,""size"":0.00672547,""num_orders"":1},{""price"":74341.3,""size"":0.04035952,""num_orders"":1},{""price"":74340.9,""size"":0.01185734,""num_orders"":1},{""price"":74339.78,""size"":0.01185734,""num_orders"":1},{""price"":74338.0,""size"":0.0429,""num_orders"":1},{""price"":74337.54,""size"":0.00688304,""num_orders"":1},{""price"":74336.9,""size"":0.00672547,""num_orders"":1},{""price"":74336.11,""size"":0.04035723,""num_orders"":1},{""price"":74336.0,""size"":0.0429,""num_orders"":1},{""price"":74335.05,""size"":0.45735929,""num_orders"":1}]","[{""price"":74343.53,""size"":0.0001804,""num_orders"":1},{""price"":74344.0,""size"":0.0429,""num_orders"":1},{""price"":74345.6,""size"":0.08070418,""num_orders"":1},{""price"":74346.0,""size"":0.00853993,""num_orders"":7},{""price"":74347.12,""size"":0.03169829,""num_orders"":1},{""price"":74347.2,""size"":1.5e-05,""num_orders"":1},{""price"":74347.74,""size"":0.05308097,""num_orders"":1},{""price"":74347.99,""size"":0.0404782,""num_orders"":1},{""price"":74348.0,""size"":0.0429,""num_orders"":1},{""price"":74348.05,""size"":0.26900503,""num_orders"":1}]"
btc_usd_d10_20260528T000415Z,49,2026-05-28T00:53:15.702594Z,2026-05-28T00:53:15.702717Z,BTC-USD,10,ok,,129031430534,2026-05-28T00:53:14.046384507Z,0.63960176,1.87376536,-0.491039924164,74347.190000000002,74347.199999999997,74347.195000000007,0.009999999995,0.001345040656,"[{""price"":74347.19,""size"":7.8e-07,""num_orders"":1},{""price"":74345.4,""size"":0.01130211,""num_orders"":1},{""price"":74344.97,""size"":0.00531174,""num_orders"":1},{""price"":74342.66,""size"":0.04035367,""num_orders"":1},{""price"":74341.61,""size"":0.0067252,""num_orders"":1},{""price"":74341.31,""size"":0.0404782,""num_orders"":1},{""price"":74341.3,""size"":0.0419573,""num_orders"":1},{""price"":74340.35,""size"":0.02,""num_orders"":1},{""price"":74340.34,""size"":0.45735929,""num_orders"":1},{""price"":74339.76,""size"":0.01611347,""num_orders"":1}]","[{""price"":74347.2,""size"":0.07714597,""num_orders"":17},{""price"":74347.99,""size"":0.02,""num_orders"":1},{""price"":74348.0,""size"":0.0429,""num_orders"":1},{""price"":74348.64,""size"":0.02,""num_orders"":1},{""price"":74348.65,""size"":0.11276016,""num_orders"":1},{""price"":74348.97,""size"":0.02,""num_orders"":1},{""price"":74348.98,""size"":0.45735929,""num_orders"":1},{""price"":74349.0,""size"":1.0,""num_orders"":1},{""price"":74349.5,""size"":0.08069994,""num_orders"":1},{""price"":74350.0,""size"":0.0429,""num_orders"":1}]"
btc_usd_d10_20260528T000415Z,50,2026-05-28T00:54:15.702594Z,2026-05-28T00:54:15.702709Z,BTC-USD,10,ok,,129031471577,2026-05-28T00:54:13.077113029Z,1.00064983,0.40592174,0.42282106555,74380.330000000002,74380.339999999997,74380.334999999992,0.009999999995,0.001344441376,"[{""price"":74380.33,""size"":0.04777179,""num_orders"":6},{""price"":74380.02,""size"":0.1176604,""num_orders"":1},{""price"":74380.01,""size"":0.0361176,""num_orders"":1},{""price"":74380.0,""size"":0.0407,""num_orders"":1},{""price"":74379.79,""size"":0.04033353,""num_orders"":1},{""price"":74379.2,""size"":0.45735929,""num_orders"":1},{""price"":74378.58,""size"":0.01096684,""num_orders"":1},{""price"":74377.75,""size"":0.04195651,""num_orders"":1},{""price"":74376.95,""size"":0.20750435,""num_orders"":1},{""price"":74376.67,""size"":0.00027952,""num_orders"":1}]","[{""price"":74380.34,""size"":0.01845849,""num_orders"":3},{""price"":74381.31,""size"":8.367e-05,""num_orders"":1},{""price"":74384.0,""size"":0.0407,""num_orders"":1},{""price"":74385.92,""size"":0.0067222,""num_orders"":1},{""price"":74386.0,""size"":0.0407,""num_orders"":1},{""price"":74387.09,""size"":0.08065916,""num_orders"":1},{""price"":74387.49,""size"":0.00258069,""num_orders"":5},{""price"":74387.77,""size"":0.04031753,""num_orders"":1},{""price"":74387.78,""size"":0.135,""num_orders"":1},{""price"":74388.0,""size"":0.0407,""num_orders"":1}]"
btc_usd_d10_20260528T000415Z,51,2026-05-28T00:55:15.702594Z,2026-05-28T00:55:15.702712Z,BTC-USD,10,ok,,129031530728,2026-05-28T00:55:15.537324327Z,1.63963699,1.40005363,0.078818337111,74363.990000000005,74364,74363.994999999995,0.009999999995,0.00134473679,"[{""price"":74363.99,""size"":0.02262368,""num_orders"":2},{""price"":74360.88,""size"":0.03984065,""num_orders"":1},{""price"":74360.25,""size"":0.04034413,""num_orders"":1},{""price"":74358.41,""size"":0.00672368,""num_orders"":1},{""price"":74357.71,""size"":0.48408956,""num_orders"":1},{""price"":74357.08,""size"":0.13448617,""num_orders"":1},{""price"":74356.8,""size"":0.0226389,""num_orders"":1},{""price"":74356.79,""size"":0.00518854,""num_orders"":1},{""price"":74355.11,""size"":0.04035307,""num_orders"":1},{""price"":74354.94,""size"":0.84334861,""num_orders"":1}]","[{""price"":74364.0,""size"":0.03061327,""num_orders"":1},{""price"":74366.0,""size"":0.0314,""num_orders"":1},{""price"":74366.4,""size"":1.5e-05,""num_orders"":1},{""price"":74366.94,""size"":0.0404782,""num_orders"":1},{""price"":74368.8,""size"":0.08067899,""num_orders"":1},{""price"":74369.81,""size"":0.11367405,""num_orders"":1},{""price"":74370.16,""size"":0.48408956,""num_orders"":1},{""price"":74371.2,""size"":1.5e-05,""num_orders"":1},{""price"":74371.68,""size"":0.135,""num_orders"":1},{""price"":74372.61,""size"":0.48408956,""num_orders"":1}]"
btc_usd_d10_20260528T000415Z,52,2026-05-28T00:56:15.702594Z,2026-05-28T00:56:15.702724Z,BTC-USD,10,ok,,129031581736,2026-05-28T00:56:13.845456222Z,0.38142293,0.90748241,-0.408144387081,74347.970000000001,74347.979999999996,74347.975000000006,0.009999999995,0.001345026545,"[{""price"":74347.97,""size"":0.00042072,""num_orders"":2},{""price"":74347.2,""size"":3.668e-05,""num_orders"":2},{""price"":74346.59,""size"":0.02689485,""num_orders"":1},{""price"":74345.18,""size"":0.0403523,""num_orders"":1},{""price"":74345.0,""size"":0.01,""num_orders"":1},{""price"":74344.85,""size"":0.00379468,""num_orders"":1},{""price"":74342.55,""size"":0.26902491,""num_orders"":1},{""price"":74342.4,""size"":1.5e-05,""num_orders"":1},{""price"":74342.01,""size"":0.00268379,""num_orders"":1},{""price"":74342.0,""size"":0.0282,""num_orders"":1}]","[{""price"":74347.98,""size"":0.04814323,""num_orders"":4},{""price"":74348.0,""size"":0.0267,""num_orders"":1},{""price"":74350.0,""size"":0.0287,""num_orders"":2},{""price"":74350.29,""size"":0.02,""num_orders"":1},{""price"":74350.3,""size"":0.51108239,""num_orders"":1},{""price"":74352.02,""size"":0.0806972,""num_orders"":1},{""price"":74353.0,""size"":0.00308218,""num_orders"":3},{""price"":74353.57,""size"":0.04720336,""num_orders"":2},{""price"":74354.0,""size"":0.0282,""num_orders"":1},{""price"":74354.57,""size"":0.11367405,""num_orders"":1}]"
btc_usd_d10_20260528T000415Z,53,2026-05-28T00:57:15.702594Z,2026-05-28T00:57:15.702726Z,BTC-USD,10,ok,,129031627384,2026-05-28T00:57:13.187017067Z,0.47957085,1.10441994,-0.394477729255,74363.990000000005,74364,74363.994999999995,0.009999999995,0.00134473679,"[{""price"":74363.99,""size"":0.00556663,""num_orders"":2},{""price"":74360.61,""size"":0.0404782,""num_orders"":1},{""price"":74360.6,""size"":0.04195915,""num_orders"":1},{""price"":74360.0,""size"":0.0229,""num_orders"":1},{""price"":74359.9,""size"":0.0118496,""num_orders"":1},{""price"":74358.78,""size"":0.02,""num_orders"":1},{""price"":74358.77,""size"":0.04473591,""num_orders"":2},{""price"":74358.76,""size"":0.24501259,""num_orders"":1},{""price"":74358.47,""size"":0.04034509,""num_orders"":1},{""price"":74358.41,""size"":0.00672368,""num_orders"":1}]","[{""price"":74364.0,""size"":0.06182318,""num_orders"":9},{""price"":74365.01,""size"":0.0806831,""num_orders"":1},{""price"":74365.99,""size"":0.0404782,""num_orders"":1},{""price"":74366.0,""size"":0.0229,""num_orders"":1},{""price"":74366.4,""size"":1.5e-05,""num_orders"":1},{""price"":74368.0,""size"":0.0229,""num_orders"":1},{""price"":74368.29,""size"":0.09292449,""num_orders"":1},{""price"":74368.3,""size"":0.51108239,""num_orders"":1},{""price"":74369.08,""size"":0.00268465,""num_orders"":1},{""price"":74369.09,""size"":0.26892893,""num_orders"":1}]"
btc_usd_d10_20260528T000415Z,54,2026-05-28T00:58:15.702594Z,2026-05-28T00:58:15.702733Z,BTC-USD,10,ok,,129031671467,2026-05-28T00:58:14.131416949Z,1.03067135,1.00458486,0.012817300285,74389.979999999996,74389.990000000005,74389.985000000001,0.010000000009,0.001344266975,"[{""price"":74389.98,""size"":0.05897426,""num_orders"":3},{""price"":74388.29,""size"":0.00506151,""num_orders"":1},{""price"":74388.0,""size"":0.0251,""num_orders"":1},{""price"":74387.4,""size"":0.0403294,""num_orders"":1},{""price"":74387.17,""size"":0.00506151,""num_orders"":1},{""price"":74386.26,""size"":0.02002166,""num_orders"":2},{""price"":74386.25,""size"":0.0769373,""num_orders"":1},{""price"":74386.24,""size"":0.51108239,""num_orders"":1},{""price"":74386.0,""size"":0.0251,""num_orders"":1},{""price"":74385.69,""size"":0.26300332,""num_orders"":1}]","[{""price"":74389.99,""size"":0.01769067,""num_orders"":3},{""price"":74390.4,""size"":1.5e-05,""num_orders"":1},{""price"":74393.99,""size"":0.0404782,""num_orders"":1},{""price"":74394.0,""size"":0.0251,""num_orders"":1},{""price"":74394.48,""size"":0.08065115,""num_orders"":1},{""price"":74395.2,""size"":1.5e-05,""num_orders"":1},{""price"":74396.33,""size"":0.0407231,""num_orders"":1},{""price"":74396.61,""size"":0.02,""num_orders"":1},{""price"":74396.62,""size"":0.51108239,""num_orders"":1},{""price"":74396.64,""size"":0.26882935,""num_orders"":1}]"
btc_usd_d10_20260528T000415Z,55,2026-05-28T00:59:15.702594Z,2026-05-28T00:59:15.702712Z,BTC-USD,10,ok,,129031729633,2026-05-28T00:59:13.662607307Z,0.21118637,0.79380835,-0.579726408911,74426.009999999995,74426.020000000004,74426.014999999999,0.010000000009,0.001343616209,"[{""price"":74426.01,""size"":0.0412869,""num_orders"":3},{""price"":74426.0,""size"":0.0215,""num_orders"":1},{""price"":74424.39,""size"":0.00652539,""num_orders"":1},{""price"":74424.0,""size"":0.0215,""num_orders"":1},{""price"":74423.27,""size"":0.00652539,""num_orders"":1},{""price"":74422.83,""size"":0.0403102,""num_orders"":1},{""price"":74422.68,""size"":0.04191192,""num_orders"":1},{""price"":74422.0,""size"":0.0215,""num_orders"":1},{""price"":74421.99,""size"":0.00012657,""num_orders"":1},{""price"":74421.79,""size"":0.01,""num_orders"":1}]","[{""price"":74426.02,""size"":0.08686206,""num_orders"":5},{""price"":74428.87,""size"":0.00104529,""num_orders"":1},{""price"":74429.74,""size"":0.00202043,""num_orders"":1},{""price"":74429.98,""size"":0.02198977,""num_orders"":1},{""price"":74429.99,""size"":0.0404782,""num_orders"":1},{""price"":74430.0,""size"":0.0215,""num_orders"":1},{""price"":74430.47,""size"":0.51108239,""num_orders"":1},{""price"":74430.49,""size"":0.08061213,""num_orders"":1},{""price"":74431.6,""size"":0.00671808,""num_orders"":1},{""price"":74432.0,""size"":0.0215,""num_orders"":1}]"
btc_usd_d10_20260528T000415Z,56,2026-05-28T01:00:15.702594Z,2026-05-28T01:00:15.702734Z,BTC-USD,10,ok,,129031780218,2026-05-28T01:00:13.105385119Z,0.80321915,2.44164341,-0.504928707982,74426.009999999995,74426.020000000004,74426.014999999999,0.010000000009,0.001343616209,"[{""price"":74426.01,""size"":0.00898115,""num_orders"":3},{""price"":74424.01,""size"":0.0404782,""num_orders"":1},{""price"":74424.0,""size"":0.034915,""num_orders"":2},{""price"":74422.0,""size"":0.0349,""num_orders"":1},{""price"":74421.91,""size"":0.02686442,""num_orders"":1},{""price"":74420.0,""size"":0.01,""num_orders"":1},{""price"":74419.21,""size"":0.09567063,""num_orders"":1},{""price"":74419.2,""size"":1.5e-05,""num_orders"":1},{""price"":74419.18,""size"":0.51108239,""num_orders"":1},{""price"":74418.85,""size"":0.04031236,""num_orders"":1}]","[{""price"":74426.02,""size"":0.10920582,""num_orders"":4},{""price"":74428.0,""size"":0.0349,""num_orders"":1},{""price"":74428.79,""size"":0.02198977,""num_orders"":1},{""price"":74428.8,""size"":0.47193529,""num_orders"":1},{""price"":74428.81,""size"":0.02655714,""num_orders"":1},{""price"":74429.36,""size"":0.26871117,""num_orders"":1},{""price"":74429.49,""size"":0.51108239,""num_orders"":1},{""price"":74430.0,""size"":0.0332,""num_orders"":1},{""price"":74430.4,""size"":0.17148846,""num_orders"":1},{""price"":74431.35,""size"":0.79257337,""num_orders"":1}]"
btc_usd_d10_20260528T000415Z,57,2026-05-28T01:01:15.702594Z,2026-05-28T01:01:15.702727Z,BTC-USD,10,ok,,129031836848,2026-05-28T01:01:15.545493889Z,0.79877183,1.23577002,-0.214789481966,74410.979999999996,74410.990000000005,74410.985000000001,0.010000000009,0.001343887601,"[{""price"":74410.98,""size"":0.04056117,""num_orders"":5},{""price"":74410.0,""size"":0.0243,""num_orders"":1},{""price"":74409.86,""size"":0.01327104,""num_orders"":1},{""price"":74409.85,""size"":0.04031724,""num_orders"":1},{""price"":74409.6,""size"":1.5e-05,""num_orders"":1},{""price"":74409.3,""size"":0.04190741,""num_orders"":1},{""price"":74408.98,""size"":0.00499998,""num_orders"":1},{""price"":74408.08,""size"":0.01,""num_orders"":1},{""price"":74408.07,""size"":0.1123176,""num_orders"":1},{""price"":74408.06,""size"":0.51108239,""num_orders"":1}]","[{""price"":74410.99,""size"":0.01153377,""num_orders"":7},{""price"":74412.85,""size"":0.00118637,""num_orders"":1},{""price"":74414.71,""size"":0.0003623,""num_orders"":1},{""price"":74416.0,""size"":0.0243,""num_orders"":1},{""price"":74416.12,""size"":0.51108239,""num_orders"":1},{""price"":74416.57,""size"":0.00671943,""num_orders"":1},{""price"":74417.89,""size"":0.06457836,""num_orders"":1},{""price"":74418.0,""size"":0.0243,""num_orders"":1},{""price"":74418.42,""size"":0.51108239,""num_orders"":1},{""price"":74418.59,""size"":0.08062501,""num_orders"":1}]"
btc_usd_d10_20260528T000415Z,58,2026-05-28T01:02:15.702594Z,2026-05-28T01:02:15.702729Z,BTC-USD,10,ok,,129031885822,2026-05-28T01:02:14.684004458Z,0.25555485,1.69041086,-0.737349071788,74438.389999999999,74438.399999999994,74438.39499999999,0.009999999995,0.001343392747,"[{""price"":74438.39,""size"":0.03521488,""num_orders"":4},{""price"":74436.0,""size"":0.0295,""num_orders"":1},{""price"":74435.71,""size"":0.00649592,""num_orders"":1},{""price"":74434.01,""size"":0.0404782,""num_orders"":1},{""price"":74434.0,""size"":0.0295,""num_orders"":1},{""price"":74433.66,""size"":0.03529979,""num_orders"":1},{""price"":74432.8,""size"":0.00671696,""num_orders"":1},{""price"":74432.23,""size"":0.04190842,""num_orders"":1},{""price"":74432.0,""size"":0.0295,""num_orders"":1},{""price"":74431.43,""size"":0.00094068,""num_orders"":1}]","[{""price"":74438.4,""size"":0.03193614,""num_orders"":5},{""price"":74438.54,""size"":0.08060341,""num_orders"":1},{""price"":74439.0,""size"":1.0,""num_orders"":1},{""price"":74440.21,""size"":5.66e-05,""num_orders"":1},{""price"":74440.6,""size"":0.00072072,""num_orders"":2},{""price"":74442.0,""size"":0.0281,""num_orders"":1},{""price"":74442.93,""size"":0.00268203,""num_orders"":1},{""price"":74442.94,""size"":0.04031753,""num_orders"":1},{""price"":74443.02,""size"":0.0404782,""num_orders"":1},{""price"":74443.03,""size"":0.46551623,""num_orders"":1}]"
btc_usd_d10_20260528T000415Z,59,2026-05-28T01:03:15.702594Z,2026-05-28T01:03:15.702736Z,BTC-USD,10,ok,,129031940823,2026-05-28T01:03:14.529321267Z,1.13384329,0.231257,0.661186798224,74427.350000000006,74427.360000000001,74427.35500000001,0.009999999995,0.001343592016,"[{""price"":74427.35,""size"":0.08053504,""num_orders"":6},{""price"":74426.0,""size"":0.0356,""num_orders"":1},{""price"":74425.66,""size"":0.51108239,""num_orders"":1},{""price"":74425.01,""size"":0.04190334,""num_orders"":1},{""price"":74424.0,""size"":0.03559983,""num_orders"":1},{""price"":74423.56,""size"":0.04030981,""num_orders"":1},{""price"":74422.0,""size"":0.03026512,""num_orders"":1},{""price"":74421.76,""size"":0.00671796,""num_orders"":1},{""price"":74421.42,""size"":0.1123176,""num_orders"":1},{""price"":74421.41,""size"":0.2395122,""num_orders"":1}]","[{""price"":74427.36,""size"":0.06117998,""num_orders"":7},{""price"":74427.4,""size"":2.268e-05,""num_orders"":1},{""price"":74428.8,""size"":1.5e-05,""num_orders"":1},{""price"":74428.81,""size"":0.00250778,""num_orders"":5},{""price"":74430.0,""size"":0.0361,""num_orders"":2},{""price"":74431.08,""size"":0.0003701,""num_orders"":2},{""price"":74431.11,""size"":0.08061146,""num_orders"":1},{""price"":74431.83,""size"":0.00485,""num_orders"":1},{""price"":74432.0,""size"":0.0356,""num_orders"":1},{""price"":74433.59,""size"":0.01,""num_orders"":1}]"
btc_usd_d10_20260528T051324Z,0,2026-05-28T05:13:24.167894Z,2026-05-28T05:13:24.167929Z,BTC-USD,10,ok,,129049493746,2026-05-28T05:13:23.094219827Z,0.76521326,1.86481139,-0.418094229649,72916.800000000003,72916.809999999998,72916.804999999993,0.009999999995,0.001371425969,"[{""price"":72916.8,""size"":0.00038573,""num_orders"":3},{""price"":72916.0,""size"":0.0162,""num_orders"":1},{""price"":72915.86,""size"":0.00041787,""num_orders"":2},{""price"":72914.57,""size"":0.02742643,""num_orders"":1},{""price"":72914.0,""size"":0.018,""num_orders"":1},{""price"":72913.18,""size"":0.04113301,""num_orders"":1},{""price"":72912.01,""size"":0.11061062,""num_orders"":1},{""price"":72912.0,""size"":0.016216,""num_orders"":2},{""price"":72911.92,""size"":0.493651,""num_orders"":1},{""price"":72911.16,""size"":0.0411726,""num_orders"":1}]","[{""price"":72916.81,""size"":0.09923047,""num_orders"":3},{""price"":72917.01,""size"":0.0411726,""num_orders"":1},{""price"":72918.5,""size"":0.02739732,""num_orders"":1},{""price"":72920.0,""size"":0.0162,""num_orders"":1},{""price"":72920.2,""size"":0.54162035,""num_orders"":1},{""price"":72920.21,""size"":0.27427239,""num_orders"":1},{""price"":72921.52,""size"":0.493651,""num_orders"":1},{""price"":72921.57,""size"":0.27426729,""num_orders"":1},{""price"":72921.58,""size"":0.03469732,""num_orders"":1},{""price"":72921.61,""size"":0.06230265,""num_orders"":1}]"
btc_usd_d10_20260528T051324Z,1,2026-05-28T05:14:24.167894Z,2026-05-28T05:14:24.168032Z,BTC-USD,10,ok,,129049540973,2026-05-28T05:14:23.604752020Z,0.30369483,1.74896065,-0.704095662464,72897.589999999997,72897.600000000006,72897.595000000001,0.010000000009,0.00137178737,"[{""price"":72897.59,""size"":0.15792301,""num_orders"":7},{""price"":72897.54,""size"":0.00068589,""num_orders"":1},{""price"":72896.13,""size"":0.02743271,""num_orders"":1},{""price"":72896.0,""size"":0.0206,""num_orders"":1},{""price"":72894.68,""size"":0.01,""num_orders"":1},{""price"":72894.67,""size"":0.04115888,""num_orders"":1},{""price"":72894.01,""size"":0.01,""num_orders"":1},{""price"":72894.0,""size"":0.0206,""num_orders"":1},{""price"":72893.56,""size"":0.01,""num_orders"":1},{""price"":72893.55,""size"":0.00529434,""num_orders"":1}]","[{""price"":72897.6,""size"":0.00185003,""num_orders"":3},{""price"":72899.01,""size"":2.587e-05,""num_orders"":1},{""price"":72900.74,""size"":0.54881456,""num_orders"":1},{""price"":72901.24,""size"":0.00012173,""num_orders"":1},{""price"":72902.4,""size"":1.6e-05,""num_orders"":1},{""price"":72902.61,""size"":0.2743386,""num_orders"":1},{""price"":72902.75,""size"":0.0411726,""num_orders"":1},{""price"":72904.04,""size"":0.33368497,""num_orders"":1},{""price"":72904.05,""size"":0.54881456,""num_orders"":1},{""price"":72904.89,""size"":0.00012173,""num_orders"":1}]"
btc_usd_d10_20260528T051324Z,2,2026-05-28T05:15:24.167894Z,2026-05-28T05:15:24.168020Z,BTC-USD,10,ok,,129049578865,2026-05-28T05:15:21.720721949Z,0.40179096,1.2432236,-0.511504676287,72913.309999999998,72913.320000000007,72913.315000000002,0.010000000009,0.001371491614,"[{""price"":72913.31,""size"":0.14254205,""num_orders"":5},{""price"":72912.07,""size"":0.00068574,""num_orders"":1},{""price"":72909.39,""size"":0.04503567,""num_orders"":2},{""price"":72908.0,""size"":0.0205,""num_orders"":1},{""price"":72906.86,""size"":0.10452008,""num_orders"":1},{""price"":72906.53,""size"":0.00685752,""num_orders"":1},{""price"":72906.0,""size"":0.0205,""num_orders"":1},{""price"":72904.19,""size"":0.01,""num_orders"":1},{""price"":72904.18,""size"":0.0411499,""num_orders"":1},{""price"":72904.01,""size"":0.01,""num_orders"":1}]","[{""price"":72913.32,""size"":0.18880961,""num_orders"":8},{""price"":72913.93,""size"":0.3941613,""num_orders"":1},{""price"":72913.94,""size"":0.54881456,""num_orders"":1},{""price"":72913.96,""size"":0.0411726,""num_orders"":1},{""price"":72913.98,""size"":0.02739732,""num_orders"":1},{""price"":72914.0,""size"":0.0205,""num_orders"":1},{""price"":72914.7,""size"":0.00136921,""num_orders"":1},{""price"":72915.96,""size"":0.000483,""num_orders"":2},{""price"":72916.0,""size"":0.0205,""num_orders"":1},{""price"":72916.8,""size"":1.6e-05,""num_orders"":1}]"
btc_usd_d10_20260528T051324Z,3,2026-05-28T05:16:24.167894Z,2026-05-28T05:16:24.168011Z,BTC-USD,10,ok,,129049622862,2026-05-28T05:16:23.175939228Z,0.21180013,1.98670678,-0.807323662221,72894.820000000007,72894.830000000002,72894.825000000012,0.009999999995,0.001371839495,"[{""price"":72894.82,""size"":0.01438016,""num_orders"":3},{""price"":72893.99,""size"":4.9e-07,""num_orders"":1},{""price"":72893.98,""size"":7e-07,""num_orders"":1},{""price"":72893.97,""size"":9.8e-07,""num_orders"":1},{""price"":72893.96,""size"":1.38e-06,""num_orders"":1},{""price"":72893.7,""size"":0.0858669,""num_orders"":1},{""price"":72893.22,""size"":0.02743445,""num_orders"":1},{""price"":72890.0,""size"":0.0257,""num_orders"":1},{""price"":72888.41,""size"":0.05155577,""num_orders"":1},{""price"":72888.23,""size"":0.0068593,""num_orders"":1}]","[{""price"":72894.83,""size"":0.12310956,""num_orders"":5},{""price"":72894.85,""size"":0.00068592,""num_orders"":1},{""price"":72896.0,""size"":0.0257,""num_orders"":1},{""price"":72896.39,""size"":0.47038872,""num_orders"":2},{""price"":72897.47,""size"":0.54881456,""num_orders"":1},{""price"":72897.62,""size"":0.27435739,""num_orders"":1},{""price"":72898.0,""size"":0.0257,""num_orders"":1},{""price"":72898.58,""size"":0.50059144,""num_orders"":1},{""price"":72900.0,""size"":0.0105,""num_orders"":2},{""price"":72900.3,""size"":0.00685919,""num_orders"":1}]"
btc_usd_d10_20260528T051324Z,4,2026-05-28T05:17:24.167894Z,2026-05-28T05:17:24.168012Z,BTC-USD,10,ok,,129049666693,2026-05-28T05:17:22.333209378Z,0.9012346,3.02868058,-0.54134653868,72864,72864.009999999995,72864.005000000005,0.009999999995,0.001372419756,"[{""price"":72864.0,""size"":0.09621962,""num_orders"":3},{""price"":72863.28,""size"":0.0011945,""num_orders"":1},{""price"":72860.31,""size"":0.00013725,""num_orders"":1},{""price"":72860.0,""size"":0.0257,""num_orders"":1},{""price"":72859.46,""size"":0.00033914,""num_orders"":1},{""price"":72859.2,""size"":1.6e-05,""num_orders"":1},{""price"":72858.0,""size"":0.00068228,""num_orders"":1},{""price"":72856.13,""size"":0.1176604,""num_orders"":1},{""price"":72856.12,""size"":0.54881456,""num_orders"":1},{""price"":72856.11,""size"":0.11047085,""num_orders"":1}]","[{""price"":72864.01,""size"":1.01915347,""num_orders"":12},{""price"":72864.02,""size"":0.84187324,""num_orders"":6},{""price"":72864.33,""size"":0.05306112,""num_orders"":1},{""price"":72864.5,""size"":0.00137014,""num_orders"":1},{""price"":72864.74,""size"":0.02744597,""num_orders"":1},{""price"":72866.0,""size"":0.0257,""num_orders"":1},{""price"":72866.81,""size"":0.0006862,""num_orders"":1},{""price"":72867.31,""size"":0.27447151,""num_orders"":1},{""price"":72867.99,""size"":0.17796852,""num_orders"":1},{""price"":72868.03,""size"":0.60695041,""num_orders"":2}]"
btc_usd_d10_20260528T051324Z,5,2026-05-28T05:18:24.167894Z,2026-05-28T05:18:24.167996Z,BTC-USD,10,ok,,129049721687,2026-05-28T05:18:21.624934771Z,0.33100588,1.12737718,-0.546064557278,72835.199999999997,72835.210000000006,72835.205000000002,0.010000000009,0.001372962431,"[{""price"":72835.2,""size"":0.09912844,""num_orders"":7},{""price"":72833.05,""size"":0.02745724,""num_orders"":1},{""price"":72832.0,""size"":0.0257,""num_orders"":1},{""price"":72831.91,""size"":0.03112203,""num_orders"":1},{""price"":72831.89,""size"":0.04118677,""num_orders"":1},{""price"":72830.85,""size"":0.0015,""num_orders"":3},{""price"":72830.4,""size"":0.00138081,""num_orders"":2},{""price"":72830.0,""size"":0.0257,""num_orders"":1},{""price"":72828.49,""size"":0.06783059,""num_orders"":1},{""price"":72827.93,""size"":0.01,""num_orders"":1}]","[{""price"":72835.21,""size"":0.08749178,""num_orders"":2},{""price"":72836.0,""size"":0.0257,""num_orders"":1},{""price"":72836.49,""size"":0.00068648,""num_orders"":1},{""price"":72837.83,""size"":0.36798478,""num_orders"":1},{""price"":72837.84,""size"":0.54881456,""num_orders"":1},{""price"":72837.86,""size"":0.04118888,""num_orders"":1},{""price"":72838.0,""size"":0.0257,""num_orders"":1},{""price"":72839.81,""size"":0.00274008,""num_orders"":1},{""price"":72839.82,""size"":0.00137062,""num_orders"":1},{""price"":72840.0,""size"":0.0257,""num_orders"":1}]"
btc_usd_d10_20260528T051324Z,6,2026-05-28T05:19:24.167894Z,2026-05-28T05:19:24.168046Z,BTC-USD,10,ok,,129049790801,2026-05-28T05:19:24.046136322Z,0.70494281,12.96017187,-0.896825921113,72835.179999999993,72835.190000000002,72835.184999999998,0.010000000009,0.001372962808,"[{""price"":72835.18,""size"":0.09724772,""num_orders"":13},{""price"":72835.15,""size"":3.4e-07,""num_orders"":1},{""price"":72835.14,""size"":9.6e-07,""num_orders"":2},{""price"":72835.12,""size"":1.9e-06,""num_orders"":2},{""price"":72835.1,""size"":1.86e-06,""num_orders"":1},{""price"":72831.77,""size"":0.00375052,""num_orders"":1},{""price"":72830.0,""size"":0.0221,""num_orders"":1},{""price"":72828.72,""size"":0.00686486,""num_orders"":1},{""price"":72828.06,""size"":0.1176604,""num_orders"":1},{""price"":72828.05,""size"":0.45731425,""num_orders"":1}]","[{""price"":72835.19,""size"":0.02723539,""num_orders"":5},{""price"":72835.2,""size"":0.08239375,""num_orders"":2},{""price"":72835.22,""size"":3e-08,""num_orders"":1},{""price"":72835.23,""size"":4e-08,""num_orders"":1},{""price"":72836.0,""size"":0.0209,""num_orders"":1},{""price"":72836.61,""size"":0.54881456,""num_orders"":1},{""price"":72836.62,""size"":0.27458716,""num_orders"":1},{""price"":72836.67,""size"":4.20279831,""num_orders"":2},{""price"":72836.68,""size"":6.97083602,""num_orders"":1},{""price"":72839.75,""size"":0.83260661,""num_orders"":1}]"
btc_usd_d10_20260528T051324Z,7,2026-05-28T05:20:24.167894Z,2026-05-28T05:20:24.168035Z,BTC-USD,10,ok,,129049844894,2026-05-28T05:20:22.895873311Z,1.5458761,0.41771307,0.57454127739,72825.830000000002,72835.009999999995,72830.419999999998,9.179999999993,1.260462317805,"[{""price"":72825.83,""size"":0.3883213,""num_orders"":1},{""price"":72825.6,""size"":1.6e-05,""num_orders"":1},{""price"":72825.0,""size"":0.01,""num_orders"":1},{""price"":72824.28,""size"":2.059e-05,""num_orders"":1},{""price"":72824.1,""size"":0.135,""num_orders"":1},{""price"":72823.35,""size"":0.0405323,""num_orders"":1},{""price"":72820.8,""size"":1.6e-05,""num_orders"":1},{""price"":72818.64,""size"":0.00137025,""num_orders"":1},{""price"":72817.88,""size"":0.83559966,""num_orders"":1},{""price"":72816.23,""size"":0.135,""num_orders"":1}]","[{""price"":72835.01,""size"":0.0055,""num_orders"":1},{""price"":72836.42,""size"":0.0127,""num_orders"":1},{""price"":72843.69,""size"":0.03350286,""num_orders"":1},{""price"":72844.11,""size"":0.0127,""num_orders"":1},{""price"":72844.79,""size"":0.23775242,""num_orders"":1},{""price"":72844.8,""size"":0.02411779,""num_orders"":1},{""price"":72846.36,""size"":0.02583,""num_orders"":1},{""price"":72846.99,""size"":0.01395,""num_orders"":1},{""price"":72847.49,""size"":0.02583,""num_orders"":1},{""price"":72848.58,""size"":0.02583,""num_orders"":1}]"
btc_usd_d10_20260528T051324Z,8,2026-05-28T05:21:24.167894Z,2026-05-28T05:21:24.168017Z,BTC-USD,10,ok,,129049891625,2026-05-28T05:21:22.184659639Z,0.11315134,1.89414255,-0.887259817246,72831.009999999995,72831.020000000004,72831.014999999999,0.010000000009,0.001373041418,"[{""price"":72831.01,""size"":0.02487426,""num_orders"":9},{""price"":72829.2,""size"":0.02059614,""num_orders"":1},{""price"":72829.18,""size"":0.00075107,""num_orders"":11},{""price"":72829.15,""size"":2.9e-07,""num_orders"":1},{""price"":72829.14,""size"":4.1e-07,""num_orders"":1},{""price"":72829.12,""size"":8e-07,""num_orders"":1},{""price"":72829.1,""size"":3.16e-06,""num_orders"":2},{""price"":72827.05,""size"":0.04120921,""num_orders"":1},{""price"":72826.0,""size"":0.0257,""num_orders"":1},{""price"":72825.6,""size"":1.6e-05,""num_orders"":1}]","[{""price"":72831.02,""size"":0.25392368,""num_orders"":7},{""price"":72832.0,""size"":0.0257,""num_orders"":1},{""price"":72833.33,""size"":0.1,""num_orders"":1},{""price"":72834.0,""size"":0.0257,""num_orders"":1},{""price"":72834.88,""size"":0.1276604,""num_orders"":2},{""price"":72834.89,""size"":0.05190758,""num_orders"":1},{""price"":72834.9,""size"":0.47584471,""num_orders"":2},{""price"":72834.93,""size"":0.54911268,""num_orders"":1},{""price"":72834.94,""size"":0.2745935,""num_orders"":1},{""price"":72835.27,""size"":0.0097,""num_orders"":1}]"
btc_usd_d10_20260528T051324Z,9,2026-05-28T05:22:24.167894Z,2026-05-28T05:22:24.168014Z,BTC-USD,10,ok,,129049947467,2026-05-28T05:22:21.844205375Z,2.67763108,1.29247237,0.348897384525,72830.389999999999,72830.399999999994,72830.39499999999,0.009999999995,0.001373053104,"[{""price"":72830.39,""size"":0.8124618,""num_orders"":15},{""price"":72828.03,""size"":0.69981504,""num_orders"":1},{""price"":72828.02,""size"":0.54911268,""num_orders"":1},{""price"":72828.0,""size"":0.0244,""num_orders"":1},{""price"":72827.78,""size"":0.00677986,""num_orders"":1},{""price"":72827.04,""size"":0.00150592,""num_orders"":1},{""price"":72826.12,""size"":0.00017232,""num_orders"":1},{""price"":72825.59,""size"":1.2e-07,""num_orders"":1},{""price"":72825.53,""size"":0.03427066,""num_orders"":1},{""price"":72825.0,""size"":0.54911268,""num_orders"":1}]","[{""price"":72830.4,""size"":0.00085896,""num_orders"":4},{""price"":72834.0,""size"":0.0244,""num_orders"":1},{""price"":72834.72,""size"":0.27459433,""num_orders"":1},{""price"":72835.0,""size"":0.01,""num_orders"":1},{""price"":72835.2,""size"":1.6e-05,""num_orders"":1},{""price"":72836.0,""size"":0.0244,""num_orders"":1},{""price"":72837.38,""size"":0.1176604,""num_orders"":1},{""price"":72837.39,""size"":0.54911268,""num_orders"":1},{""price"":72837.46,""size"":0.274584,""num_orders"":1},{""price"":72838.93,""size"":0.016846,""num_orders"":1}]"
btc_usd_d10_20260528T051324Z,10,2026-05-28T05:23:24.167894Z,2026-05-28T05:23:24.168019Z,BTC-USD,10,ok,,129050001700,2026-05-28T05:23:22.087256008Z,0.12279162,0.38324411,-0.514691897349,72856.960000000006,72856.970000000001,72856.964999999997,0.009999999995,0.00137255237,"[{""price"":72856.96,""size"":0.01418114,""num_orders"":27},{""price"":72856.95,""size"":1.4e-07,""num_orders"":1},{""price"":72856.94,""size"":4e-07,""num_orders"":2},{""price"":72856.93,""size"":5.6e-07,""num_orders"":2},{""price"":72856.92,""size"":7.8e-07,""num_orders"":2},{""price"":72856.91,""size"":5.5e-07,""num_orders"":1},{""price"":72856.9,""size"":7.7e-07,""num_orders"":1},{""price"":72856.89,""size"":1.08e-06,""num_orders"":1},{""price"":72854.03,""size"":0.088,""num_orders"":1},{""price"":72854.02,""size"":0.0206062,""num_orders"":1}]","[{""price"":72856.97,""size"":0.26582596,""num_orders"":9},{""price"":72857.0,""size"":3e-08,""num_orders"":1},{""price"":72857.41,""size"":0.00048181,""num_orders"":2},{""price"":72858.0,""size"":0.0199,""num_orders"":1},{""price"":72859.38,""size"":0.04228631,""num_orders"":1},{""price"":72859.99,""size"":0.01,""num_orders"":1},{""price"":72860.0,""size"":0.0199,""num_orders"":1},{""price"":72860.27,""size"":0.01,""num_orders"":1},{""price"":72860.28,""size"":0.00485,""num_orders"":1},{""price"":72860.6,""size"":0.01,""num_orders"":1}]"
btc_usd_d10_20260528T051324Z,11,2026-05-28T05:24:24.167894Z,2026-05-28T05:24:24.168018Z,BTC-USD,10,ok,,129050038125,2026-05-28T05:24:23.016009392Z,1.83732542,0.43264719,0.618808448971,72871.25,72871.259999999995,72871.255000000005,0.009999999995,0.001372283213,"[{""price"":72871.25,""size"":0.42402602,""num_orders"":8},{""price"":72870.74,""size"":0.03017951,""num_orders"":1},{""price"":72870.73,""size"":0.02744171,""num_orders"":1},{""price"":72869.85,""size"":0.00014798,""num_orders"":10},{""price"":72869.84,""size"":1.8e-07,""num_orders"":1},{""price"":72869.83,""size"":2.6e-07,""num_orders"":1},{""price"":72869.64,""size"":0.0023324,""num_orders"":1},{""price"":72869.51,""size"":0.02062942,""num_orders"":2},{""price"":72868.91,""size"":0.1176604,""num_orders"":1},{""price"":72868.9,""size"":1.21490754,""num_orders"":2}]","[{""price"":72871.26,""size"":0.00249616,""num_orders"":3},{""price"":72872.07,""size"":0.08233607,""num_orders"":1},{""price"":72872.3,""size"":0.00023092,""num_orders"":1},{""price"":72873.6,""size"":1.6e-05,""num_orders"":1},{""price"":72873.62,""size"":5e-08,""num_orders"":1},{""price"":72874.0,""size"":0.0188,""num_orders"":1},{""price"":72874.9,""size"":0.03067589,""num_orders"":3},{""price"":72875.12,""size"":0.2744421,""num_orders"":1},{""price"":72875.18,""size"":0.00485,""num_orders"":1},{""price"":72876.0,""size"":0.0188,""num_orders"":1}]"
btc_usd_d10_20260528T051324Z,12,2026-05-28T05:25:24.167894Z,2026-05-28T05:25:24.168049Z,BTC-USD,10,ok,,129050084175,2026-05-28T05:25:21.830520032Z,0.41104736,1.58270069,-0.587663686994,72884.970000000001,72884.979999999996,72884.975000000006,0.009999999995,0.001372024892,"[{""price"":72884.97,""size"":0.03064387,""num_orders"":26},{""price"":72884.96,""size"":1.4e-07,""num_orders"":1},{""price"":72884.95,""size"":2e-07,""num_orders"":1},{""price"":72884.94,""size"":2.8e-07,""num_orders"":1},{""price"":72884.93,""size"":3.9e-07,""num_orders"":1},{""price"":72884.92,""size"":5.5e-07,""num_orders"":1},{""price"":72884.91,""size"":7.7e-07,""num_orders"":1},{""price"":72884.89,""size"":1.08e-06,""num_orders"":1},{""price"":72883.75,""size"":0.00270004,""num_orders"":2},{""price"":72883.38,""size"":0.37770004,""num_orders"":2}]","[{""price"":72884.98,""size"":0.00818615,""num_orders"":3},{""price"":72885.57,""size"":0.08232082,""num_orders"":1},{""price"":72886.0,""size"":0.0228,""num_orders"":1},{""price"":72888.0,""size"":0.0228,""num_orders"":1},{""price"":72888.26,""size"":0.18151946,""num_orders"":1},{""price"":72888.27,""size"":0.27439258,""num_orders"":1},{""price"":72890.0,""size"":0.0228,""num_orders"":1},{""price"":72890.45,""size"":0.00686012,""num_orders"":1},{""price"":72891.05,""size"":0.1176604,""num_orders"":1},{""price"":72891.06,""size"":0.84336116,""num_orders"":1}]"
btc_usd_d10_20260528T051324Z,13,2026-05-28T05:26:24.167894Z,2026-05-28T05:26:24.168028Z,BTC-USD,10,ok,,129050137273,2026-05-28T05:26:23.664844556Z,2.32943336,1.06535148,0.372359940196,72897.850000000006,72897.860000000001,72897.85500000001,0.009999999995,0.001371782475,"[{""price"":72897.85,""size"":0.05316084,""num_orders"":13},{""price"":72897.02,""size"":0.06181859,""num_orders"":2},{""price"":72897.01,""size"":0.63052332,""num_orders"":1},{""price"":72897.0,""size"":1.0,""num_orders"":1},{""price"":72896.78,""size"":0.02743135,""num_orders"":1},{""price"":72895.43,""size"":0.00811542,""num_orders"":1},{""price"":72894.56,""size"":0.41456842,""num_orders"":2},{""price"":72894.34,""size"":0.1,""num_orders"":1},{""price"":72894.33,""size"":0.00811542,""num_orders"":1},{""price"":72894.0,""size"":0.0257,""num_orders"":1}]","[{""price"":72897.86,""size"":0.02924038,""num_orders"":2},{""price"":72897.88,""size"":0.03,""num_orders"":1},{""price"":72897.91,""size"":0.08230689,""num_orders"":1},{""price"":72900.0,""size"":0.0257,""num_orders"":1},{""price"":72900.93,""size"":0.00087571,""num_orders"":1},{""price"":72901.04,""size"":0.54911268,""num_orders"":1},{""price"":72901.05,""size"":0.2743445,""num_orders"":1},{""price"":72902.0,""size"":0.0257,""num_orders"":1},{""price"":72903.08,""size"":0.00685893,""num_orders"":1},{""price"":72903.52,""size"":0.04121239,""num_orders"":1}]"
btc_usd_d10_20260528T051324Z,14,2026-05-28T05:27:24.167894Z,2026-05-28T05:27:24.168025Z,BTC-USD,10,ok,,129050175310,2026-05-28T05:27:21.545292591Z,0.07831832,1.63557914,-0.908607928038,72881.990000000005,72882,72881.994999999995,0.009999999995,0.001372080991,"[{""price"":72881.99,""size"":0.02517574,""num_orders"":26},{""price"":72881.98,""size"":1.4e-07,""num_orders"":1},{""price"":72881.97,""size"":4e-07,""num_orders"":2},{""price"":72881.96,""size"":2.8e-07,""num_orders"":1},{""price"":72881.95,""size"":3.9e-07,""num_orders"":1},{""price"":72881.94,""size"":5.5e-07,""num_orders"":1},{""price"":72881.93,""size"":7.7e-07,""num_orders"":1},{""price"":72881.92,""size"":1.08e-06,""num_orders"":1},{""price"":72880.0,""size"":0.0257,""num_orders"":1},{""price"":72878.4,""size"":0.02743897,""num_orders"":1}]","[{""price"":72882.0,""size"":0.09270837,""num_orders"":7},{""price"":72882.03,""size"":3e-08,""num_orders"":1},{""price"":72884.0,""size"":0.0257,""num_orders"":1},{""price"":72884.96,""size"":0.05548431,""num_orders"":1},{""price"":72885.33,""size"":0.1176604,""num_orders"":1},{""price"":72885.37,""size"":0.4847,""num_orders"":2},{""price"":72885.64,""size"":0.01011392,""num_orders"":1},{""price"":72886.0,""size"":0.0257,""num_orders"":1},{""price"":72886.44,""size"":0.54911268,""num_orders"":1},{""price"":72886.45,""size"":0.27439943,""num_orders"":1}]"
btc_usd_d10_20260528T051324Z,15,2026-05-28T05:28:24.167894Z,2026-05-28T05:28:24.168018Z,BTC-USD,10,ok,,129050219503,2026-05-28T05:28:21.345291207Z,1.90937438,1.74617428,0.044644488469,72859.199999999997,72859.210000000006,72859.205000000002,0.010000000009,0.001372510173,"[{""price"":72859.2,""size"":1.6e-05,""num_orders"":1},{""price"":72857.44,""size"":0.01271802,""num_orders"":2},{""price"":72856.44,""size"":0.1,""num_orders"":1},{""price"":72854.6,""size"":0.74197257,""num_orders"":1},{""price"":72854.4,""size"":1.6e-05,""num_orders"":1},{""price"":72854.0,""size"":0.0257,""num_orders"":1},{""price"":72853.95,""size"":0.00011475,""num_orders"":1},{""price"":72853.6,""size"":0.00039682,""num_orders"":1},{""price"":72852.01,""size"":0.00274022,""num_orders"":1},{""price"":72852.0,""size"":1.0257,""num_orders"":2}]","[{""price"":72859.21,""size"":0.11110374,""num_orders"":3},{""price"":72860.0,""size"":0.0257,""num_orders"":1},{""price"":72861.99,""size"":0.1176604,""num_orders"":1},{""price"":72862.0,""size"":0.57481268,""num_orders"":2},{""price"":72863.4,""size"":0.27448623,""num_orders"":1},{""price"":72864.0,""size"":0.0257,""num_orders"":1},{""price"":72864.23,""size"":0.54911268,""num_orders"":1},{""price"":72866.0,""size"":0.0257,""num_orders"":1},{""price"":72866.58,""size"":0.00068616,""num_orders"":1},{""price"":72867.2,""size"":0.04121239,""num_orders"":1}]"
btc_usd_d10_20260528T051324Z,16,2026-05-28T05:29:24.167894Z,2026-05-28T05:29:24.168033Z,BTC-USD,10,ok,,129050263393,2026-05-28T05:29:22.604637994Z,0.30464214,1.92920552,-0.727248956628,72820.800000000003,72820.809999999998,72820.804999999993,0.009999999995,0.001373233926,"[{""price"":72820.8,""size"":0.00209136,""num_orders"":5},{""price"":72820.73,""size"":0.05427039,""num_orders"":1},{""price"":72818.56,""size"":0.01327104,""num_orders"":1},{""price"":72818.55,""size"":0.1,""num_orders"":1},{""price"":72817.99,""size"":0.02746282,""num_orders"":1},{""price"":72816.6,""size"":0.04121239,""num_orders"":1},{""price"":72816.01,""size"":0.0206062,""num_orders"":1},{""price"":72816.0,""size"":0.025716,""num_orders"":2},{""price"":72815.05,""size"":1.194e-05,""num_orders"":1},{""price"":72813.53,""size"":0.02,""num_orders"":1}]","[{""price"":72820.81,""size"":0.20167898,""num_orders"":10},{""price"":72820.94,""size"":0.03,""num_orders"":1},{""price"":72820.96,""size"":0.03,""num_orders"":1},{""price"":72822.0,""size"":0.0257,""num_orders"":1},{""price"":72822.98,""size"":0.1176604,""num_orders"":1},{""price"":72822.99,""size"":0.54638512,""num_orders"":2},{""price"":72823.95,""size"":0.12833351,""num_orders"":1},{""price"":72823.98,""size"":0.27463483,""num_orders"":1},{""price"":72824.0,""size"":0.0257,""num_orders"":1},{""price"":72824.88,""size"":0.54911268,""num_orders"":1}]"
btc_usd_d10_20260528T051324Z,17,2026-05-28T05:30:24.167894Z,2026-05-28T05:30:24.168012Z,BTC-USD,10,ok,,129050316634,2026-05-28T05:30:21.543393654Z,1.85390004,1.73830607,0.032179102886,72870.330000000002,72870.339999999997,72870.334999999992,0.009999999995,0.001372300538,"[{""price"":72870.33,""size"":0.13620052,""num_orders"":8},{""price"":72868.79,""size"":0.63596544,""num_orders"":2},{""price"":72868.5,""size"":1.0,""num_orders"":1},{""price"":72868.25,""size"":0.00597165,""num_orders"":1},{""price"":72867.89,""size"":0.00079349,""num_orders"":1},{""price"":72867.15,""size"":0.00597165,""num_orders"":1},{""price"":72867.01,""size"":0.04121239,""num_orders"":1},{""price"":72865.79,""size"":0.0206062,""num_orders"":1},{""price"":72865.64,""size"":0.00028106,""num_orders"":1},{""price"":72864.87,""size"":0.00689764,""num_orders"":2}]","[{""price"":72870.34,""size"":0.1,""num_orders"":1},{""price"":72870.85,""size"":0.08233745,""num_orders"":1},{""price"":72873.6,""size"":1.6e-05,""num_orders"":1},{""price"":72873.98,""size"":0.00179379,""num_orders"":1},{""price"":72874.0,""size"":0.0257,""num_orders"":1},{""price"":72875.0,""size"":0.01,""num_orders"":1},{""price"":72875.85,""size"":0.1176604,""num_orders"":1},{""price"":72875.86,""size"":0.5772466,""num_orders"":1},{""price"":72875.87,""size"":0.54911268,""num_orders"":1},{""price"":72875.9,""size"":0.27443915,""num_orders"":1}]"
btc_usd_d10_20260528T051324Z,18,2026-05-28T05:31:24.167894Z,2026-05-28T05:31:24.168023Z,BTC-USD,10,ok,,129050386361,2026-05-28T05:31:22.630981118Z,0.72418294,2.06874366,-0.481416418176,72921.600000000006,72921.610000000001,72921.60500000001,0.009999999995,0.001371335696,"[{""price"":72921.6,""size"":0.00267105,""num_orders"":5},{""price"":72919.25,""size"":0.04114097,""num_orders"":1},{""price"":72918.46,""size"":0.01544232,""num_orders"":1},{""price"":72918.0,""size"":0.0244,""num_orders"":1},{""price"":72916.8,""size"":1.6e-05,""num_orders"":1},{""price"":72916.31,""size"":0.01544232,""num_orders"":1},{""price"":72916.0,""size"":0.0257,""num_orders"":1},{""price"":72915.87,""size"":0.17046594,""num_orders"":1},{""price"":72915.43,""size"":0.00104808,""num_orders"":1},{""price"":72915.33,""size"":0.42785626,""num_orders"":1}]","[{""price"":72921.61,""size"":0.75976248,""num_orders"":9},{""price"":72921.99,""size"":0.03093895,""num_orders"":1},{""price"":72922.0,""size"":0.0244,""num_orders"":1},{""price"":72923.29,""size"":0.02742393,""num_orders"":1},{""price"":72923.72,""size"":3e-08,""num_orders"":1},{""price"":72923.77,""size"":0.00170428,""num_orders"":1},{""price"":72923.96,""size"":0.59954899,""num_orders"":1},{""price"":72923.97,""size"":0.54911268,""num_orders"":1},{""price"":72924.0,""size"":0.0244,""num_orders"":1},{""price"":72924.23,""size"":0.05145232,""num_orders"":1}]"
btc_usd_d10_20260528T051324Z,19,2026-05-28T05:32:24.167894Z,2026-05-28T05:32:24.168038Z,BTC-USD,10,ok,,129050443345,2026-05-28T05:32:21.602751681Z,0.31341268,1.80966486,-0.704756256806,72850,72850.009999999995,72850.005000000005,0.009999999995,0.001372683501,"[{""price"":72850.0,""size"":0.25,""num_orders"":1},{""price"":72849.6,""size"":1.6e-05,""num_orders"":1},{""price"":72849.44,""size"":0.00201677,""num_orders"":1},{""price"":72849.43,""size"":0.01248649,""num_orders"":1},{""price"":72846.0,""size"":0.0257,""num_orders"":1},{""price"":72845.78,""size"":0.00833251,""num_orders"":1},{""price"":72845.0,""size"":0.01,""num_orders"":1},{""price"":72844.8,""size"":1.6e-05,""num_orders"":1},{""price"":72843.64,""size"":0.00282794,""num_orders"":1},{""price"":72842.15,""size"":0.00201697,""num_orders"":1}]","[{""price"":72850.01,""size"":0.082361,""num_orders"":1},{""price"":72851.94,""size"":0.54911268,""num_orders"":1},{""price"":72852.0,""size"":0.0257,""num_orders"":1},{""price"":72853.29,""size"":0.27452435,""num_orders"":1},{""price"":72854.34,""size"":0.06095594,""num_orders"":1},{""price"":72854.88,""size"":0.02499747,""num_orders"":1},{""price"":72854.97,""size"":0.00018793,""num_orders"":1},{""price"":72855.0,""size"":0.07771281,""num_orders"":2},{""price"":72855.01,""size"":0.68411268,""num_orders"":2},{""price"":72855.04,""size"":0.03,""num_orders"":1}]"
btc_usd_d10_20260528T051324Z,20,2026-05-28T05:33:24.167894Z,2026-05-28T05:33:24.168025Z,BTC-USD,10,ok,,129050515043,2026-05-28T05:33:23.547625606Z,1.17673027,5.12703865,-0.626658183403,72886.229999999996,72886.240000000005,72886.235000000001,0.010000000009,0.001372001175,"[{""price"":72886.23,""size"":0.06832478,""num_orders"":2},{""price"":72883.29,""size"":0.01153307,""num_orders"":1},{""price"":72882.0,""size"":0.0244,""num_orders"":1},{""price"":72880.7,""size"":0.00592,""num_orders"":1},{""price"":72880.69,""size"":0.09940991,""num_orders"":1},{""price"":72880.6,""size"":0.16651576,""num_orders"":1},{""price"":72880.03,""size"":0.01475485,""num_orders"":1},{""price"":72880.0,""size"":0.01,""num_orders"":1},{""price"":72879.79,""size"":0.0206062,""num_orders"":1},{""price"":72879.78,""size"":0.7552657,""num_orders"":2}]","[{""price"":72886.24,""size"":0.66670274,""num_orders"":4},{""price"":72888.0,""size"":0.0257,""num_orders"":1},{""price"":72889.1,""size"":0.0522827,""num_orders"":1},{""price"":72889.16,""size"":0.54911268,""num_orders"":1},{""price"":72889.48,""size"":0.27438803,""num_orders"":1},{""price"":72889.82,""size"":0.04121239,""num_orders"":1},{""price"":72889.99,""size"":1.26080444,""num_orders"":3},{""price"":72890.0,""size"":1.72872737,""num_orders"":5},{""price"":72891.71,""size"":0.00686,""num_orders"":1},{""price"":72892.39,""size"":0.5212483,""num_orders"":1}]"
btc_usd_d10_20260528T051324Z,21,2026-05-28T05:34:24.167894Z,2026-05-28T05:34:24.168049Z,BTC-USD,10,ok,,129050587801,2026-05-28T05:34:23.036781724Z,1.0669455,2.02269094,-0.309339127292,72865.600000000006,72865.610000000001,72865.60500000001,0.009999999995,0.00137238962,"[{""price"":72865.6,""size"":0.06052609,""num_orders"":11},{""price"":72864.0,""size"":0.0232,""num_orders"":1},{""price"":72863.99,""size"":0.00079353,""num_orders"":1},{""price"":72863.7,""size"":0.00782725,""num_orders"":1},{""price"":72862.75,""size"":0.02,""num_orders"":1},{""price"":72862.74,""size"":0.36180388,""num_orders"":2},{""price"":72862.73,""size"":0.54933582,""num_orders"":1},{""price"":72862.0,""size"":0.0232,""num_orders"":1},{""price"":72861.26,""size"":0.02,""num_orders"":1},{""price"":72861.25,""size"":0.00025893,""num_orders"":2}]","[{""price"":72865.61,""size"":0.17752284,""num_orders"":6},{""price"":72868.0,""size"":0.0221,""num_orders"":1},{""price"":72868.58,""size"":0.00273925,""num_orders"":1},{""price"":72868.59,""size"":0.2744667,""num_orders"":1},{""price"":72868.8,""size"":1.6e-05,""num_orders"":1},{""price"":72869.25,""size"":0.00077939,""num_orders"":1},{""price"":72869.96,""size"":0.20324055,""num_orders"":1},{""price"":72870.0,""size"":0.0221,""num_orders"":1},{""price"":72871.54,""size"":0.27445557,""num_orders"":1},{""price"":72872.82,""size"":1.04527064,""num_orders"":1}]"
btc_usd_d10_20260528T051324Z,22,2026-05-28T05:35:24.167894Z,2026-05-28T05:35:24.168031Z,BTC-USD,10,ok,,129050658866,2026-05-28T05:35:23.189880997Z,0.66754961,1.03252414,-0.214681586608,72827.580000000002,72827.589999999997,72827.584999999992,0.009999999995,0.001373106083,"[{""price"":72827.58,""size"":0.0033728,""num_orders"":5},{""price"":72825.6,""size"":1.6e-05,""num_orders"":1},{""price"":72822.0,""size"":0.0154,""num_orders"":1},{""price"":72820.82,""size"":0.02059173,""num_orders"":1},{""price"":72820.8,""size"":1.6e-05,""num_orders"":1},{""price"":72820.79,""size"":0.04121239,""num_orders"":1},{""price"":72820.04,""size"":0.02745847,""num_orders"":1},{""price"":72820.0,""size"":0.01,""num_orders"":1},{""price"":72819.93,""size"":0.54911268,""num_orders"":1},{""price"":72818.78,""size"":0.00036954,""num_orders"":1}]","[{""price"":72827.59,""size"":0.03642263,""num_orders"":3},{""price"":72827.98,""size"":0.102632,""num_orders"":1},{""price"":72827.99,""size"":0.0823859,""num_orders"":1},{""price"":72828.0,""size"":0.0154,""num_orders"":1},{""price"":72828.74,""size"":0.00144044,""num_orders"":1},{""price"":72830.0,""size"":0.0154,""num_orders"":1},{""price"":72830.95,""size"":0.02745847,""num_orders"":1},{""price"":72832.0,""size"":0.0154,""num_orders"":1},{""price"":72832.26,""size"":0.04693812,""num_orders"":1},{""price"":72832.76,""size"":0.68904658,""num_orders"":1}]"
btc_usd_d10_20260528T051324Z,23,2026-05-28T05:36:24.167894Z,2026-05-28T05:36:24.168019Z,BTC-USD,10,ok,,129050719850,2026-05-28T05:36:22.168737132Z,0.92387119,1.16102802,-0.113749781698,72807.149999999994,72807.160000000003,72807.154999999999,0.010000000009,0.001373491384,"[{""price"":72807.15,""size"":0.00696876,""num_orders"":23},{""price"":72807.12,""size"":7e-07,""num_orders"":1},{""price"":72807.11,""size"":1.38e-06,""num_orders"":1},{""price"":72807.09,""size"":1.93e-06,""num_orders"":1},{""price"":72807.07,""size"":7.55e-06,""num_orders"":2},{""price"":72806.4,""size"":0.00041281,""num_orders"":2},{""price"":72805.93,""size"":0.02746693,""num_orders"":1},{""price"":72804.0,""size"":0.016,""num_orders"":1},{""price"":72802.95,""size"":0.1176604,""num_orders"":1},{""price"":72802.94,""size"":0.75535073,""num_orders"":1}]","[{""price"":72807.16,""size"":0.0896203,""num_orders"":3},{""price"":72807.19,""size"":6e-08,""num_orders"":2},{""price"":72807.2,""size"":4e-08,""num_orders"":1},{""price"":72808.6,""size"":0.00068674,""num_orders"":1},{""price"":72809.91,""size"":0.02567164,""num_orders"":1},{""price"":72809.99,""size"":0.04121239,""num_orders"":1},{""price"":72810.0,""size"":0.016,""num_orders"":1},{""price"":72810.03,""size"":0.15368328,""num_orders"":1},{""price"":72810.57,""size"":0.27468542,""num_orders"":1},{""price"":72811.78,""size"":0.55946815,""num_orders"":1}]"
btc_usd_d10_20260528T051324Z,24,2026-05-28T05:37:24.167894Z,2026-05-28T05:37:24.168013Z,BTC-USD,10,ok,,129050782690,2026-05-28T05:37:23.184386979Z,1.18099983,0.58409401,0.338172286636,72866.669999999998,72866.679999999993,72866.674999999988,0.009999999995,0.001372369467,"[{""price"":72866.67,""size"":0.07958621,""num_orders"":8},{""price"":72866.0,""size"":0.0166,""num_orders"":1},{""price"":72864.53,""size"":0.01327104,""num_orders"":1},{""price"":72864.52,""size"":0.04117963,""num_orders"":1},{""price"":72864.0,""size"":0.0166,""num_orders"":1},{""price"":72863.47,""size"":0.38517638,""num_orders"":1},{""price"":72863.46,""size"":0.54911268,""num_orders"":1},{""price"":72863.14,""size"":0.04437227,""num_orders"":1},{""price"":72863.03,""size"":0.03236018,""num_orders"":1},{""price"":72862.01,""size"":0.00274144,""num_orders"":1}]","[{""price"":72866.68,""size"":0.00102555,""num_orders"":3},{""price"":72868.27,""size"":0.08234037,""num_orders"":1},{""price"":72868.8,""size"":1.6e-05,""num_orders"":1},{""price"":72870.93,""size"":0.04681374,""num_orders"":1},{""price"":72870.94,""size"":0.02060259,""num_orders"":1},{""price"":72870.95,""size"":0.04121239,""num_orders"":1},{""price"":72871.95,""size"":0.02181849,""num_orders"":1},{""price"":72872.0,""size"":0.0166,""num_orders"":1},{""price"":72873.2,""size"":0.02,""num_orders"":1},{""price"":72873.21,""size"":0.33366488,""num_orders"":1}]"
btc_usd_d10_20260528T051324Z,25,2026-05-28T05:38:24.167894Z,2026-05-28T05:38:24.168029Z,BTC-USD,10,ok,,129050836503,2026-05-28T05:38:22.683767358Z,0.07034673,1.76398868,-0.923300035951,72887.389999999999,72887.399999999994,72887.39499999999,0.009999999995,0.001371979338,"[{""price"":72887.39,""size"":0.00173996,""num_orders"":13},{""price"":72887.38,""size"":7.6e-07,""num_orders"":2},{""price"":72887.37,""size"":1.08e-06,""num_orders"":2},{""price"":72887.36,""size"":7.5e-07,""num_orders"":1},{""price"":72887.35,""size"":2.12e-06,""num_orders"":2},{""price"":72887.34,""size"":2.98e-06,""num_orders"":2},{""price"":72887.33,""size"":2.09e-06,""num_orders"":1},{""price"":72887.31,""size"":2.93e-06,""num_orders"":1},{""price"":72886.65,""size"":0.02743657,""num_orders"":1},{""price"":72885.58,""size"":0.04115749,""num_orders"":1}]","[{""price"":72887.4,""size"":0.09169916,""num_orders"":4},{""price"":72887.99,""size"":0.03281979,""num_orders"":1},{""price"":72888.0,""size"":0.0165,""num_orders"":1},{""price"":72888.5,""size"":0.02060259,""num_orders"":1},{""price"":72890.0,""size"":0.0165,""num_orders"":1},{""price"":72891.04,""size"":0.01827048,""num_orders"":1},{""price"":72891.19,""size"":0.73724295,""num_orders"":1},{""price"":72891.2,""size"":0.54911268,""num_orders"":1},{""price"":72891.22,""size"":0.2743815,""num_orders"":1},{""price"":72891.25,""size"":0.00685953,""num_orders"":1}]"
btc_usd_d10_20260528T051324Z,26,2026-05-28T05:39:24.167894Z,2026-05-28T05:39:24.168020Z,BTC-USD,10,ok,,129050877671,2026-05-28T05:39:23.602711901Z,2.30098915,0.45634206,0.66899728379,72880.520000000004,72880.529999999999,72880.524999999994,0.009999999995,0.001372108666,"[{""price"":72880.52,""size"":0.82799691,""num_orders"":17},{""price"":72878.43,""size"":0.1176604,""num_orders"":1},{""price"":72878.42,""size"":0.38647797,""num_orders"":2},{""price"":72878.41,""size"":0.03764488,""num_orders"":1},{""price"":72878.39,""size"":0.04091959,""num_orders"":1},{""price"":72877.69,""size"":0.59027753,""num_orders"":2},{""price"":72877.54,""size"":0.03433101,""num_orders"":2},{""price"":72877.43,""size"":0.04117171,""num_orders"":1},{""price"":72875.96,""size"":0.11150008,""num_orders"":1},{""price"":72875.85,""size"":0.11300907,""num_orders"":1}]","[{""price"":72880.53,""size"":0.00986735,""num_orders"":1},{""price"":72883.2,""size"":1.6e-05,""num_orders"":1},{""price"":72885.7,""size"":0.04121239,""num_orders"":1},{""price"":72886.9,""size"":0.08231932,""num_orders"":1},{""price"":72888.0,""size"":1.6e-05,""num_orders"":1},{""price"":72888.17,""size"":0.02060259,""num_orders"":1},{""price"":72888.37,""size"":0.2743922,""num_orders"":1},{""price"":72889.64,""size"":0.01105668,""num_orders"":1},{""price"":72890.0,""size"":0.01,""num_orders"":1},{""price"":72891.25,""size"":0.00685953,""num_orders"":1}]"
btc_usd_d10_20260528T051324Z,27,2026-05-28T05:40:24.167894Z,2026-05-28T05:40:24.168020Z,BTC-USD,10,ok,,129050921420,2026-05-28T05:40:22.029644695Z,0.05060341,0.75952858,-0.875073665465,72907.199999999997,72907.210000000006,72907.205000000002,0.010000000009,0.001371606552,"[{""price"":72907.2,""size"":0.02778887,""num_orders"":3},{""price"":72907.19,""size"":0.00300847,""num_orders"":4},{""price"":72907.18,""size"":2.5e-07,""num_orders"":1},{""price"":72907.17,""size"":3.5e-07,""num_orders"":1},{""price"":72907.16,""size"":4.9e-07,""num_orders"":1},{""price"":72907.15,""size"":7e-07,""num_orders"":1},{""price"":72907.14,""size"":9.8e-07,""num_orders"":1},{""price"":72907.13,""size"":1.37e-06,""num_orders"":1},{""price"":72907.12,""size"":1.93e-06,""num_orders"":1},{""price"":72904.0,""size"":0.0198,""num_orders"":1}]","[{""price"":72907.21,""size"":0.47561892,""num_orders"":7},{""price"":72907.22,""size"":0.03,""num_orders"":1},{""price"":72907.23,""size"":0.07023389,""num_orders"":1},{""price"":72907.24,""size"":0.0299997,""num_orders"":2},{""price"":72908.0,""size"":0.0198,""num_orders"":1},{""price"":72908.92,""size"":0.067845,""num_orders"":1},{""price"":72910.0,""size"":0.0194,""num_orders"":2},{""price"":72910.4,""size"":0.02060259,""num_orders"":1},{""price"":72910.48,""size"":0.00137155,""num_orders"":1},{""price"":72910.86,""size"":0.02465693,""num_orders"":2}]"
btc_usd_d10_20260528T051324Z,28,2026-05-28T05:41:24.167894Z,2026-05-28T05:41:24.168016Z,BTC-USD,10,ok,,129050965504,2026-05-28T05:41:23.673445013Z,0.23375371,2.0569564,-0.795911574337,72907.059999999998,72907.070000000007,72907.065000000002,0.010000000009,0.001371609186,"[{""price"":72907.06,""size"":0.12311718,""num_orders"":6},{""price"":72907.05,""size"":2.7e-07,""num_orders"":1},{""price"":72907.03,""size"":3.9e-07,""num_orders"":1},{""price"":72907.02,""size"":7.6e-07,""num_orders"":1},{""price"":72907.0,""size"":1.07e-06,""num_orders"":1},{""price"":72906.98,""size"":2.1e-06,""num_orders"":1},{""price"":72906.58,""size"":0.0006858,""num_orders"":1},{""price"":72906.3,""size"":0.1,""num_orders"":1},{""price"":72906.29,""size"":0.00040654,""num_orders"":1},{""price"":72906.28,""size"":0.0095396,""num_orders"":5}]","[{""price"":72907.07,""size"":0.08774636,""num_orders"":4},{""price"":72907.1,""size"":3e-08,""num_orders"":1},{""price"":72907.11,""size"":4e-08,""num_orders"":1},{""price"":72908.0,""size"":0.0188,""num_orders"":1},{""price"":72910.0,""size"":0.0188,""num_orders"":1},{""price"":72910.06,""size"":1.04794663,""num_orders"":1},{""price"":72910.07,""size"":0.54911268,""num_orders"":1},{""price"":72910.21,""size"":0.04121239,""num_orders"":1},{""price"":72910.22,""size"":0.27430997,""num_orders"":1},{""price"":72910.72,""size"":0.0190283,""num_orders"":2}]"
btc_usd_d10_20260528T051324Z,29,2026-05-28T05:42:24.167894Z,2026-05-28T05:42:24.168054Z,BTC-USD,10,ok,,129051005679,2026-05-28T05:42:21.689842970Z,0.29507877,3.25388966,-0.833710118408,72892.070000000007,72892.080000000002,72892.075000000012,0.009999999995,0.001371891251,"[{""price"":72892.07,""size"":0.00761727,""num_orders"":20},{""price"":72892.06,""size"":1.8e-07,""num_orders"":1},{""price"":72892.05,""size"":2.5e-07,""num_orders"":1},{""price"":72891.27,""size"":3.277e-05,""num_orders"":1},{""price"":72890.19,""size"":0.00068594,""num_orders"":1},{""price"":72888.36,""size"":0.02743718,""num_orders"":1},{""price"":72888.0,""size"":0.021716,""num_orders"":2},{""price"":72885.09,""size"":0.1176604,""num_orders"":1},{""price"":72885.08,""size"":0.09992878,""num_orders"":2},{""price"":72885.06,""size"":0.02,""num_orders"":1}]","[{""price"":72892.08,""size"":0.80242901,""num_orders"":9},{""price"":72892.1,""size"":0.03,""num_orders"":1},{""price"":72893.08,""size"":0.13720444,""num_orders"":1},{""price"":72893.1,""size"":0.61955676,""num_orders"":2},{""price"":72893.13,""size"":0.13063149,""num_orders"":2},{""price"":72893.76,""size"":0.16108984,""num_orders"":1},{""price"":72894.52,""size"":0.54911268,""num_orders"":1},{""price"":72894.77,""size"":0.135,""num_orders"":1},{""price"":72895.72,""size"":0.00302014,""num_orders"":2},{""price"":72895.92,""size"":0.6858453,""num_orders"":1}]"
btc_usd_d10_20260528T051324Z,30,2026-05-28T05:43:24.167894Z,2026-05-28T05:43:24.168035Z,BTC-USD,10,ok,,129051044844,2026-05-28T05:43:22.666882649Z,0.15127809,1.9360373,-0.855050089005,72874.330000000002,72874.339999999997,72874.334999999992,0.009999999995,0.001372225214,"[{""price"":72874.33,""size"":0.02963388,""num_orders"":12},{""price"":72873.6,""size"":0.00049093,""num_orders"":4},{""price"":72873.18,""size"":0.04121239,""num_orders"":1},{""price"":72873.05,""size"":0.02744155,""num_orders"":1},{""price"":72872.64,""size"":0.00500252,""num_orders"":1},{""price"":72872.62,""size"":0.01000065,""num_orders"":2},{""price"":72872.6,""size"":0.00631079,""num_orders"":1},{""price"":72871.66,""size"":0.00584269,""num_orders"":1},{""price"":72870.56,""size"":0.00584269,""num_orders"":1},{""price"":72870.0,""size"":0.0195,""num_orders"":1}]","[{""price"":72874.34,""size"":0.16333309,""num_orders"":6},{""price"":72874.35,""size"":0.0295515,""num_orders"":1},{""price"":72874.36,""size"":0.03,""num_orders"":1},{""price"":72876.0,""size"":0.0195,""num_orders"":1},{""price"":72876.1,""size"":0.0020975,""num_orders"":1},{""price"":72876.69,""size"":0.11100734,""num_orders"":1},{""price"":72876.7,""size"":0.73749947,""num_orders"":1},{""price"":72876.71,""size"":0.54911268,""num_orders"":1},{""price"":72876.81,""size"":0.27443572,""num_orders"":1},{""price"":72878.0,""size"":0.0195,""num_orders"":1}]"
btc_usd_d10_20260528T051324Z,31,2026-05-28T05:44:24.167894Z,2026-05-28T05:44:24.168021Z,BTC-USD,10,ok,,129051074801,2026-05-28T05:44:21.047916241Z,0.94456914,0.53704951,0.275050283688,72891.369999999995,72891.380000000005,72891.375,0.010000000009,0.001371904428,"[{""price"":72891.37,""size"":0.02786875,""num_orders"":3},{""price"":72890.0,""size"":0.0161327,""num_orders"":1},{""price"":72889.99,""size"":0.01621402,""num_orders"":6},{""price"":72888.11,""size"":0.0525348,""num_orders"":2},{""price"":72887.16,""size"":0.03425032,""num_orders"":1},{""price"":72886.89,""size"":0.04116808,""num_orders"":1},{""price"":72885.91,""size"":0.04121239,""num_orders"":1},{""price"":72884.59,""size"":0.54911268,""num_orders"":1},{""price"":72884.58,""size"":0.04116096,""num_orders"":1},{""price"":72884.53,""size"":0.12491444,""num_orders"":2}]","[{""price"":72891.38,""size"":0.08200893,""num_orders"":1},{""price"":72891.76,""size"":0.01263775,""num_orders"":1},{""price"":72892.8,""size"":1.6e-05,""num_orders"":1},{""price"":72893.64,""size"":5.546e-05,""num_orders"":1},{""price"":72894.0,""size"":0.0215,""num_orders"":1},{""price"":72894.65,""size"":0.002425,""num_orders"":1},{""price"":72895.41,""size"":0.01263712,""num_orders"":1},{""price"":72896.0,""size"":0.0204,""num_orders"":1},{""price"":72896.41,""size"":0.11100734,""num_orders"":1},{""price"":72896.42,""size"":0.27436191,""num_orders"":1}]"
btc_usd_d10_20260528T051324Z,32,2026-05-28T05:45:24.167894Z,2026-05-28T05:45:24.168024Z,BTC-USD,10,ok,,129051121614,2026-05-28T05:45:23.302578999Z,0.49094557,1.0460954,-0.361180892921,72908.100000000006,72908.110000000001,72908.10500000001,0.009999999995,0.001371589619,"[{""price"":72908.1,""size"":0.13955744,""num_orders"":7},{""price"":72908.09,""size"":1.6e-07,""num_orders"":1},{""price"":72908.08,""size"":2.2e-07,""num_orders"":1},{""price"":72907.2,""size"":1.6e-05,""num_orders"":1},{""price"":72906.79,""size"":0.00273811,""num_orders"":1},{""price"":72906.78,""size"":0.09669413,""num_orders"":2},{""price"":72906.74,""size"":4.1e-07,""num_orders"":1},{""price"":72905.62,""size"":0.00188079,""num_orders"":1},{""price"":72905.55,""size"":0.15005831,""num_orders"":1},{""price"":72905.52,""size"":0.1,""num_orders"":1}]","[{""price"":72908.11,""size"":0.02812781,""num_orders"":4},{""price"":72908.68,""size"":0.08229473,""num_orders"":1},{""price"":72912.0,""size"":0.0158,""num_orders"":1},{""price"":72912.96,""size"":0.00800748,""num_orders"":1},{""price"":72913.19,""size"":0.04121239,""num_orders"":1},{""price"":72913.42,""size"":0.54911268,""num_orders"":1},{""price"":72913.69,""size"":0.27429694,""num_orders"":1},{""price"":72914.0,""size"":0.0158,""num_orders"":1},{""price"":72915.08,""size"":0.01084078,""num_orders"":1},{""price"":72915.64,""size"":0.02060259,""num_orders"":1}]"
btc_usd_d10_20260528T051324Z,33,2026-05-28T05:46:24.167894Z,2026-05-28T05:46:24.168028Z,BTC-USD,10,ok,,129051170168,2026-05-28T05:46:22.613493010Z,0.12887528,1.34839315,-0.825522190304,72873.990000000005,72874,72873.994999999995,0.009999999995,0.001372231616,"[{""price"":72873.99,""size"":0.00908481,""num_orders"":7},{""price"":72873.61,""size"":3e-08,""num_orders"":1},{""price"":72873.6,""size"":1.6e-05,""num_orders"":1},{""price"":72872.99,""size"":0.02744322,""num_orders"":1},{""price"":72872.62,""size"":0.01000065,""num_orders"":2},{""price"":72872.6,""size"":0.00631079,""num_orders"":1},{""price"":72871.8,""size"":0.00742277,""num_orders"":1},{""price"":72871.43,""size"":0.02001479,""num_orders"":4},{""price"":72870.7,""size"":0.00742277,""num_orders"":1},{""price"":72870.51,""size"":0.04115945,""num_orders"":1}]","[{""price"":72874.0,""size"":0.11270774,""num_orders"":3},{""price"":72874.01,""size"":0.04053785,""num_orders"":1},{""price"":72874.02,""size"":0.03,""num_orders"":1},{""price"":72874.03,""size"":0.02060259,""num_orders"":1},{""price"":72876.0,""size"":0.0173,""num_orders"":1},{""price"":72876.62,""size"":0.04121239,""num_orders"":1},{""price"":72876.94,""size"":0.51875589,""num_orders"":2},{""price"":72877.36,""size"":0.00086401,""num_orders"":1},{""price"":72878.0,""size"":0.0173,""num_orders"":1},{""price"":72878.37,""size"":0.54911268,""num_orders"":1}]"
btc_usd_d10_20260528T051324Z,34,2026-05-28T05:47:24.167894Z,2026-05-28T05:47:24.168026Z,BTC-USD,10,ok,,129051213783,2026-05-28T05:47:22.184839918Z,1.47699672,1.2251599,0.093198454204,72886.229999999996,72886.240000000005,72886.235000000001,0.010000000009,0.001372001175,"[{""price"":72886.23,""size"":0.04442624,""num_orders"":11},{""price"":72884.01,""size"":0.01869698,""num_orders"":1},{""price"":72884.0,""size"":0.0221,""num_orders"":1},{""price"":72883.98,""size"":0.01707859,""num_orders"":2},{""price"":72883.35,""size"":0.04417847,""num_orders"":1},{""price"":72882.92,""size"":0.1176604,""num_orders"":1},{""price"":72882.91,""size"":0.4686585,""num_orders"":2},{""price"":72882.9,""size"":0.17298486,""num_orders"":1},{""price"":72882.0,""size"":0.0221,""num_orders"":1},{""price"":72881.72,""size"":0.54911268,""num_orders"":1}]","[{""price"":72886.24,""size"":0.11430222,""num_orders"":4},{""price"":72887.29,""size"":0.00038604,""num_orders"":2},{""price"":72888.1,""size"":0.27439322,""num_orders"":1},{""price"":72889.88,""size"":0.00134283,""num_orders"":1},{""price"":72890.0,""size"":0.0226,""num_orders"":2},{""price"":72890.45,""size"":0.02060259,""num_orders"":1},{""price"":72890.7,""size"":0.27438344,""num_orders"":1},{""price"":72891.99,""size"":0.00273908,""num_orders"":1},{""price"":72892.0,""size"":0.021,""num_orders"":1},{""price"":72892.49,""size"":0.49341048,""num_orders"":2}]"
btc_usd_d10_20260528T051324Z,35,2026-05-28T05:48:24.167894Z,2026-05-28T05:48:24.168019Z,BTC-USD,10,ok,,129051263442,2026-05-28T05:48:21.545085208Z,0.12766692,2.91169528,-0.91599097995,72849.919999999998,72849.929999999993,72849.924999999988,0.009999999995,0.001372685009,"[{""price"":72849.92,""size"":0.02772878,""num_orders"":10},{""price"":72849.91,""size"":5.3e-07,""num_orders"":1},{""price"":72849.89,""size"":7.4e-07,""num_orders"":1},{""price"":72849.88,""size"":1.46e-06,""num_orders"":1},{""price"":72846.23,""size"":0.00137276,""num_orders"":1},{""price"":72846.22,""size"":0.04118326,""num_orders"":1},{""price"":72846.05,""size"":0.00068634,""num_orders"":1},{""price"":72846.01,""size"":0.04121239,""num_orders"":1},{""price"":72845.93,""size"":0.00548066,""num_orders"":4},{""price"":72845.0,""size"":0.01,""num_orders"":1}]","[{""price"":72849.93,""size"":0.88662731,""num_orders"":7},{""price"":72850.0,""size"":0.018,""num_orders"":1},{""price"":72851.67,""size"":0.02745257,""num_orders"":1},{""price"":72852.97,""size"":0.17545549,""num_orders"":1},{""price"":72853.14,""size"":0.27452489,""num_orders"":1},{""price"":72854.0,""size"":0.018,""num_orders"":1},{""price"":72854.08,""size"":0.0013704,""num_orders"":1},{""price"":72854.76,""size"":0.95630194,""num_orders"":1},{""price"":72854.77,""size"":0.54911268,""num_orders"":1},{""price"":72854.79,""size"":0.00485,""num_orders"":1}]"
btc_usd_d10_20260528T051324Z,36,2026-05-28T05:49:24.167894Z,2026-05-28T05:49:24.168011Z,BTC-USD,10,ok,,129051324075,2026-05-28T05:49:23.542495135Z,0.18905639,1.25944905,-0.738963507103,72796.789999999994,72796.800000000003,72796.794999999998,0.010000000009,0.001373686851,"[{""price"":72796.79,""size"":0.00450547,""num_orders"":1},{""price"":72794.72,""size"":0.05079997,""num_orders"":1},{""price"":72794.0,""size"":0.0193,""num_orders"":1},{""price"":72793.6,""size"":0.00010151,""num_orders"":1},{""price"":72792.2,""size"":0.02746986,""num_orders"":1},{""price"":72792.0,""size"":0.019316,""num_orders"":2},{""price"":72791.56,""size"":0.0136152,""num_orders"":1},{""price"":72790.01,""size"":0.00274072,""num_orders"":1},{""price"":72790.0,""size"":0.01,""num_orders"":1},{""price"":72789.75,""size"":0.04120766,""num_orders"":1}]","[{""price"":72796.8,""size"":0.0824212,""num_orders"":1},{""price"":72798.02,""size"":0.02750803,""num_orders"":1},{""price"":72798.03,""size"":0.0127,""num_orders"":1},{""price"":72798.95,""size"":0.05164701,""num_orders"":2},{""price"":72799.02,""size"":0.00125907,""num_orders"":1},{""price"":72799.03,""size"":0.19825099,""num_orders"":5},{""price"":72799.61,""size"":0.02061074,""num_orders"":1},{""price"":72799.81,""size"":0.04122148,""num_orders"":1},{""price"":72799.82,""size"":0.54911268,""num_orders"":1},{""price"":72801.97,""size"":0.27471785,""num_orders"":1}]"
btc_usd_d10_20260528T051324Z,37,2026-05-28T05:50:24.167894Z,2026-05-28T05:50:24.168012Z,BTC-USD,10,ok,,129051369656,2026-05-28T05:50:22.178680748Z,1.23161078,4.21690552,-0.547909664875,72859.169999999998,72859.179999999993,72859.174999999988,0.009999999995,0.001372510737,"[{""price"":72859.17,""size"":0.8157975,""num_orders"":29},{""price"":72859.16,""size"":0.03,""num_orders"":1},{""price"":72859.14,""size"":0.03,""num_orders"":1},{""price"":72859.03,""size"":0.03425292,""num_orders"":1},{""price"":72858.0,""size"":0.0214,""num_orders"":1},{""price"":72857.08,""size"":0.0411765,""num_orders"":1},{""price"":72856.03,""size"":0.17791164,""num_orders"":1},{""price"":72856.0,""size"":0.0214,""num_orders"":1},{""price"":72855.7,""size"":0.0027399,""num_orders"":1},{""price"":72855.69,""size"":0.05693232,""num_orders"":4}]","[{""price"":72859.18,""size"":0.00341045,""num_orders"":2},{""price"":72860.04,""size"":0.04122148,""num_orders"":1},{""price"":72860.05,""size"":2.94940479,""num_orders"":4},{""price"":72862.82,""size"":0.0142867,""num_orders"":2},{""price"":72862.93,""size"":0.08234641,""num_orders"":1},{""price"":72862.97,""size"":0.548971,""num_orders"":1},{""price"":72864.0,""size"":0.0214,""num_orders"":1},{""price"":72865.21,""size"":0.548971,""num_orders"":1},{""price"":72865.52,""size"":0.00686247,""num_orders"":1},{""price"":72866.45,""size"":3.122e-05,""num_orders"":1}]"
btc_usd_d10_20260528T051324Z,38,2026-05-28T05:51:24.167894Z,2026-05-28T05:51:24.167987Z,BTC-USD,10,ok,,129051409158,2026-05-28T05:51:23.545624058Z,0.27241306,1.15187938,-0.617475944758,72886.889999999999,72886.899999999994,72886.89499999999,0.009999999995,0.00137198875,"[{""price"":72886.89,""size"":0.05368268,""num_orders"":4},{""price"":72885.98,""size"":0.00061705,""num_orders"":1},{""price"":72884.77,""size"":0.00068599,""num_orders"":1},{""price"":72884.6,""size"":0.01288025,""num_orders"":1},{""price"":72884.26,""size"":0.02044227,""num_orders"":1},{""price"":72884.25,""size"":0.03424165,""num_orders"":1},{""price"":72883.5,""size"":0.01288025,""num_orders"":1},{""price"":72883.07,""size"":0.11138399,""num_orders"":1},{""price"":72883.06,""size"":0.00419891,""num_orders"":2},{""price"":72882.0,""size"":0.02140002,""num_orders"":2}]","[{""price"":72886.9,""size"":0.00098029,""num_orders"":3},{""price"":72888.91,""size"":0.1176604,""num_orders"":1},{""price"":72888.92,""size"":0.08231704,""num_orders"":1},{""price"":72889.63,""size"":0.0229596,""num_orders"":2},{""price"":72889.99,""size"":0.04122148,""num_orders"":1},{""price"":72890.0,""size"":0.0214,""num_orders"":1},{""price"":72890.18,""size"":0.548971,""num_orders"":1},{""price"":72891.08,""size"":0.02058767,""num_orders"":1},{""price"":72891.11,""size"":0.2743819,""num_orders"":1},{""price"":72892.0,""size"":0.0214,""num_orders"":1}]"
btc_usd_d10_20260528T051324Z,39,2026-05-28T05:52:24.167894Z,2026-05-28T05:52:24.168011Z,BTC-USD,10,ok,,129051438767,2026-05-28T05:52:21.591729499Z,0.32712461,2.08675524,-0.728963635038,72897.589999999997,72897.600000000006,72897.595000000001,0.010000000009,0.00137178737,"[{""price"":72897.59,""size"":0.05346155,""num_orders"":6},{""price"":72895.07,""size"":0.03423722,""num_orders"":1},{""price"":72894.99,""size"":0.04115755,""num_orders"":1},{""price"":72894.21,""size"":0.01239383,""num_orders"":2},{""price"":72893.95,""size"":0.17901505,""num_orders"":1},{""price"":72892.12,""size"":0.00685893,""num_orders"":1},{""price"":72891.46,""size"":6e-08,""num_orders"":1},{""price"":72891.45,""size"":9e-08,""num_orders"":1},{""price"":72891.44,""size"":1.3e-07,""num_orders"":1},{""price"":72891.43,""size"":2e-07,""num_orders"":1}]","[{""price"":72897.6,""size"":0.00197975,""num_orders"":3},{""price"":72897.96,""size"":0.08230683,""num_orders"":1},{""price"":72898.0,""size"":0.0214,""num_orders"":1},{""price"":72899.98,""size"":0.1176604,""num_orders"":1},{""price"":72900.0,""size"":0.0216443,""num_orders"":2},{""price"":72900.03,""size"":0.548971,""num_orders"":1},{""price"":72900.77,""size"":0.27434553,""num_orders"":1},{""price"":72901.24,""size"":0.01072184,""num_orders"":2},{""price"":72902.0,""size"":0.0214,""num_orders"":1},{""price"":72902.29,""size"":0.98632559,""num_orders"":1}]"
btc_usd_d10_20260528T051324Z,40,2026-05-28T05:53:24.167894Z,2026-05-28T05:53:24.168018Z,BTC-USD,10,ok,,129051477472,2026-05-28T05:53:23.345205793Z,0.08675023,1.06127609,-0.848870660039,72894.669999999998,72894.679999999993,72894.674999999988,0.009999999995,0.001371842318,"[{""price"":72894.67,""size"":0.05157956,""num_orders"":4},{""price"":72894.66,""size"":0.03424609,""num_orders"":2},{""price"":72894.65,""size"":8e-08,""num_orders"":1},{""price"":72894.64,""size"":1.3e-07,""num_orders"":1},{""price"":72894.63,""size"":1.8e-07,""num_orders"":1},{""price"":72894.62,""size"":2.6e-07,""num_orders"":1},{""price"":72894.61,""size"":3.7e-07,""num_orders"":1},{""price"":72894.6,""size"":5.3e-07,""num_orders"":1},{""price"":72894.59,""size"":7.4e-07,""num_orders"":1},{""price"":72893.91,""size"":0.00092229,""num_orders"":2}]","[{""price"":72894.68,""size"":0.00060174,""num_orders"":2},{""price"":72895.75,""size"":0.0331725,""num_orders"":1},{""price"":72895.96,""size"":0.08230909,""num_orders"":1},{""price"":72897.6,""size"":1.6e-05,""num_orders"":1},{""price"":72898.0,""size"":0.0193,""num_orders"":1},{""price"":72898.01,""size"":0.27435594,""num_orders"":1},{""price"":72898.31,""size"":0.00962657,""num_orders"":2},{""price"":72899.88,""size"":0.1176604,""num_orders"":1},{""price"":72899.89,""size"":0.50468955,""num_orders"":2},{""price"":72900.0,""size"":0.0195443,""num_orders"":2}]"
btc_usd_d10_20260528T051324Z,41,2026-05-28T05:54:24.167894Z,2026-05-28T05:54:24.168019Z,BTC-USD,10,ok,,129051519807,2026-05-28T05:54:22.842620451Z,0.18504532,1.07370217,-0.7059850026,72919.419999999998,72919.429999999993,72919.424999999988,0.009999999995,0.001371376693,"[{""price"":72919.42,""size"":0.03469407,""num_orders"":4},{""price"":72919.14,""size"":0.03422788,""num_orders"":1},{""price"":72917.23,""size"":0.00907794,""num_orders"":1},{""price"":72917.22,""size"":0.00920345,""num_orders"":1},{""price"":72917.15,""size"":0.00068568,""num_orders"":1},{""price"":72915.25,""size"":0.04122148,""num_orders"":1},{""price"":72913.96,""size"":0.00685688,""num_orders"":1},{""price"":72913.44,""size"":0.02,""num_orders"":1},{""price"":72913.43,""size"":0.00907794,""num_orders"":1},{""price"":72912.34,""size"":0.02,""num_orders"":1}]","[{""price"":72919.43,""size"":0.03315289,""num_orders"":4},{""price"":72919.44,""size"":0.00096454,""num_orders"":3},{""price"":72920.0,""size"":0.0142,""num_orders"":1},{""price"":72920.7,""size"":0.002425,""num_orders"":1},{""price"":72920.97,""size"":0.1176604,""num_orders"":1},{""price"":72920.98,""size"":0.548971,""num_orders"":1},{""price"":72921.0,""size"":0.067844,""num_orders"":1},{""price"":72921.29,""size"":0.27426834,""num_orders"":1},{""price"":72921.6,""size"":1.6e-05,""num_orders"":1},{""price"":72922.0,""size"":0.0142,""num_orders"":1}]"
btc_usd_d10_20260528T051324Z,42,2026-05-28T05:55:24.167894Z,2026-05-28T05:55:24.168015Z,BTC-USD,10,ok,,129051552936,2026-05-28T05:55:22.183403170Z,0.1210949,1.8783655,-0.878872419779,72904.139999999999,72904.149999999994,72904.14499999999,0.009999999995,0.001371664121,"[{""price"":72904.14,""size"":0.04321713,""num_orders"":10},{""price"":72902.42,""size"":0.01327104,""num_orders"":1},{""price"":72902.41,""size"":0.06458856,""num_orders"":6},{""price"":72902.4,""size"":1.608e-05,""num_orders"":2},{""price"":72902.39,""size"":1.2e-07,""num_orders"":1},{""price"":72902.38,""size"":1.8e-07,""num_orders"":1},{""price"":72902.37,""size"":2.5e-07,""num_orders"":1},{""price"":72902.36,""size"":3.5e-07,""num_orders"":1},{""price"":72902.35,""size"":4.9e-07,""num_orders"":1},{""price"":72902.34,""size"":7e-07,""num_orders"":1}]","[{""price"":72904.15,""size"":0.0127,""num_orders"":1},{""price"":72904.52,""size"":0.548971,""num_orders"":1},{""price"":72905.99,""size"":0.04122148,""num_orders"":1},{""price"":72906.0,""size"":0.0142,""num_orders"":1},{""price"":72906.76,""size"":0.548971,""num_orders"":1},{""price"":72907.8,""size"":0.01064362,""num_orders"":1},{""price"":72908.0,""size"":0.0142,""num_orders"":1},{""price"":72908.01,""size"":0.00132891,""num_orders"":1},{""price"":72908.36,""size"":0.13715849,""num_orders"":1},{""price"":72908.96,""size"":0.548971,""num_orders"":1}]"
btc_usd_d10_20260528T051324Z,43,2026-05-28T05:56:24.167894Z,2026-05-28T05:56:24.168043Z,BTC-USD,10,ok,,129051594466,2026-05-28T05:56:23.523790077Z,1.05190015,1.53565232,-0.186953569293,72907.190000000002,72907.199999999997,72907.195000000007,0.009999999995,0.001371606739,"[{""price"":72907.19,""size"":0.91224945,""num_orders"":17},{""price"":72907.18,""size"":8e-08,""num_orders"":1},{""price"":72907.17,""size"":1.3e-07,""num_orders"":1},{""price"":72907.16,""size"":1.8e-07,""num_orders"":1},{""price"":72907.15,""size"":2.5e-07,""num_orders"":1},{""price"":72907.14,""size"":3.6e-07,""num_orders"":1},{""price"":72906.76,""size"":0.00132164,""num_orders"":1},{""price"":72906.03,""size"":0.06709315,""num_orders"":1},{""price"":72906.02,""size"":0.05483491,""num_orders"":1},{""price"":72906.0,""size"":0.0164,""num_orders"":1}]","[{""price"":72907.2,""size"":0.00131615,""num_orders"":6},{""price"":72910.85,""size"":0.01068069,""num_orders"":1},{""price"":72912.0,""size"":0.017216,""num_orders"":2},{""price"":72912.45,""size"":0.08229048,""num_orders"":1},{""price"":72913.23,""size"":0.04122148,""num_orders"":1},{""price"":72914.16,""size"":0.548971,""num_orders"":1},{""price"":72914.49,""size"":0.01068016,""num_orders"":1},{""price"":72915.7,""size"":0.27428936,""num_orders"":1},{""price"":72916.46,""size"":0.548971,""num_orders"":1},{""price"":72916.8,""size"":1.6e-05,""num_orders"":1}]"
btc_usd_d10_20260528T051324Z,44,2026-05-28T05:57:24.167894Z,2026-05-28T05:57:24.168021Z,BTC-USD,10,ok,,129051635868,2026-05-28T05:57:22.547871916Z,0.13775392,2.64553789,-0.901013670572,72887.410000000003,72887.419999999998,72887.415000000008,0.009999999995,0.001371978962,"[{""price"":72887.41,""size"":0.0802897,""num_orders"":12},{""price"":72887.4,""size"":8e-08,""num_orders"":1},{""price"":72887.39,""size"":1.2e-07,""num_orders"":1},{""price"":72887.38,""size"":1.6e-07,""num_orders"":1},{""price"":72887.37,""size"":2.3e-07,""num_orders"":1},{""price"":72887.36,""size"":3.2e-07,""num_orders"":1},{""price"":72887.35,""size"":4.7e-07,""num_orders"":1},{""price"":72887.34,""size"":6.5e-07,""num_orders"":1},{""price"":72887.21,""size"":0.04116219,""num_orders"":1},{""price"":72886.0,""size"":0.0163,""num_orders"":1}]","[{""price"":72887.42,""size"":0.00068598,""num_orders"":1},{""price"":72889.13,""size"":0.067842,""num_orders"":1},{""price"":72891.06,""size"":0.0071116,""num_orders"":1},{""price"":72892.0,""size"":0.0171,""num_orders"":1},{""price"":72892.43,""size"":0.548971,""num_orders"":1},{""price"":72892.59,""size"":0.27437631,""num_orders"":1},{""price"":72893.21,""size"":0.04122148,""num_orders"":1},{""price"":72894.0,""size"":0.0171,""num_orders"":1},{""price"":72894.66,""size"":1.12215852,""num_orders"":1},{""price"":72894.67,""size"":0.548971,""num_orders"":1}]"
btc_usd_d10_20260528T051324Z,45,2026-05-28T05:58:24.167894Z,2026-05-28T05:58:24.168029Z,BTC-USD,10,ok,,129051684056,2026-05-28T05:58:21.544297126Z,0.06345745,1.61957675,-0.924591609606,72852.029999999999,72852.039999999994,72852.035000000003,0.009999999995,0.001372645252,"[{""price"":72852.03,""size"":0.06114177,""num_orders"":6},{""price"":72851.89,""size"":4e-08,""num_orders"":1},{""price"":72851.88,""size"":6e-08,""num_orders"":1},{""price"":72851.87,""size"":9e-08,""num_orders"":1},{""price"":72851.86,""size"":1.3e-07,""num_orders"":1},{""price"":72851.85,""size"":1.9e-07,""num_orders"":1},{""price"":72851.84,""size"":2.7e-07,""num_orders"":1},{""price"":72851.83,""size"":3.7e-07,""num_orders"":1},{""price"":72851.81,""size"":5.2e-07,""num_orders"":1},{""price"":72851.54,""size"":0.00231401,""num_orders"":1}]","[{""price"":72852.04,""size"":0.08413828,""num_orders"":2},{""price"":72853.88,""size"":0.00068632,""num_orders"":1},{""price"":72854.0,""size"":0.0214,""num_orders"":1},{""price"":72854.34,""size"":0.04122148,""num_orders"":1},{""price"":72854.37,""size"":0.27452026,""num_orders"":1},{""price"":72854.75,""size"":0.067865,""num_orders"":1},{""price"":72855.53,""size"":0.548971,""num_orders"":1},{""price"":72856.0,""size"":0.02494019,""num_orders"":4},{""price"":72857.62,""size"":0.00686322,""num_orders"":1},{""price"":72857.79,""size"":0.548971,""num_orders"":1}]"
btc_usd_d10_20260528T051324Z,46,2026-05-28T05:59:24.167894Z,2026-05-28T05:59:24.168035Z,BTC-USD,10,ok,,129051721963,2026-05-28T05:59:21.598621697Z,0.89087056,0.31218861,0.481008718798,72846.009999999995,72846.020000000004,72846.014999999999,0.010000000009,0.00137275869,"[{""price"":72846.01,""size"":0.11583751,""num_orders"":7},{""price"":72846.0,""size"":0.0214,""num_orders"":1},{""price"":72845.85,""size"":0.04118285,""num_orders"":1},{""price"":72844.03,""size"":0.05488435,""num_orders"":1},{""price"":72844.02,""size"":0.01327104,""num_orders"":1},{""price"":72844.0,""size"":0.0193,""num_orders"":1},{""price"":72843.99,""size"":0.00054238,""num_orders"":2},{""price"":72842.28,""size"":0.04122148,""num_orders"":1},{""price"":72842.26,""size"":0.03425995,""num_orders"":1},{""price"":72842.11,""size"":0.548971,""num_orders"":1}]","[{""price"":72846.02,""size"":0.00034319,""num_orders"":1},{""price"":72850.0,""size"":0.0005,""num_orders"":1},{""price"":72850.11,""size"":0.067862,""num_orders"":1},{""price"":72850.12,""size"":0.00068636,""num_orders"":1},{""price"":72852.4,""size"":0.08021056,""num_orders"":2},{""price"":72852.41,""size"":0.04122148,""num_orders"":1},{""price"":72853.5,""size"":0.08235706,""num_orders"":1},{""price"":72854.0,""size"":0.0184,""num_orders"":1},{""price"":72854.4,""size"":1.6e-05,""num_orders"":1},{""price"":72855.27,""size"":0.02059196,""num_orders"":1}]"
btc_usd_d10_20260528T051324Z,47,2026-05-28T06:00:24.167894Z,2026-05-28T06:00:24.168011Z,BTC-USD,10,ok,,129051771386,2026-05-28T06:00:23.316895825Z,0.98378272,3.16105271,-0.525297090022,72844.820000000007,72844.830000000002,72844.825000000012,0.009999999995,0.001372781113,"[{""price"":72844.82,""size"":0.02137047,""num_orders"":2},{""price"":72844.47,""size"":0.01327104,""num_orders"":1},{""price"":72844.46,""size"":0.45295396,""num_orders"":11},{""price"":72842.54,""size"":0.02745101,""num_orders"":1},{""price"":72842.0,""size"":0.0193,""num_orders"":1},{""price"":72841.93,""size"":0.33401159,""num_orders"":2},{""price"":72841.59,""size"":1.3e-07,""num_orders"":1},{""price"":72840.04,""size"":0.04122148,""num_orders"":1},{""price"":72840.03,""size"":0.05488704,""num_orders"":1},{""price"":72840.0,""size"":0.019316,""num_orders"":2}]","[{""price"":72844.83,""size"":0.79689446,""num_orders"":5},{""price"":72844.84,""size"":0.548971,""num_orders"":1},{""price"":72845.99,""size"":0.03613132,""num_orders"":1},{""price"":72846.0,""size"":0.0193,""num_orders"":1},{""price"":72846.38,""size"":0.04122148,""num_orders"":1},{""price"":72847.18,""size"":0.8078511,""num_orders"":2},{""price"":72847.19,""size"":0.548971,""num_orders"":1},{""price"":72847.41,""size"":0.067868,""num_orders"":1},{""price"":72847.98,""size"":0.27454435,""num_orders"":1},{""price"":72848.0,""size"":0.0193,""num_orders"":1}]"
btc_usd_d10_20260528T051324Z,48,2026-05-28T06:01:24.167894Z,2026-05-28T06:01:24.168025Z,BTC-USD,10,ok,,129051821839,2026-05-28T06:01:22.345607267Z,0.4685947,2.09790491,-0.634837505391,72878.050000000003,72878.059999999998,72878.054999999993,0.009999999995,0.00137215517,"[{""price"":72878.05,""size"":0.00128479,""num_orders"":1},{""price"":72876.81,""size"":0.00130575,""num_orders"":2},{""price"":72874.56,""size"":0.04122148,""num_orders"":1},{""price"":72874.55,""size"":0.00686056,""num_orders"":1},{""price"":72874.0,""size"":0.0214,""num_orders"":1},{""price"":72873.16,""size"":0.00816718,""num_orders"":1},{""price"":72872.93,""size"":0.1176604,""num_orders"":1},{""price"":72872.9,""size"":0.24655433,""num_orders"":1},{""price"":72872.01,""size"":0.00274021,""num_orders"":1},{""price"":72872.0,""size"":0.0214,""num_orders"":1}]","[{""price"":72878.06,""size"":1.1631331,""num_orders"":3},{""price"":72878.71,""size"":0.08232857,""num_orders"":1},{""price"":72879.02,""size"":0.00168561,""num_orders"":1},{""price"":72879.45,""size"":0.21392191,""num_orders"":2},{""price"":72879.46,""size"":0.135,""num_orders"":1},{""price"":72879.99,""size"":0.15148358,""num_orders"":1},{""price"":72882.0,""size"":0.0214,""num_orders"":1},{""price"":72882.01,""size"":0.27441614,""num_orders"":1},{""price"":72882.88,""size"":0.05452,""num_orders"":1},{""price"":72883.2,""size"":1.6e-05,""num_orders"":1}]"
btc_usd_d10_20260528T051324Z,49,2026-05-28T06:02:24.167894Z,2026-05-28T06:02:24.168037Z,BTC-USD,10,ok,,129051868260,2026-05-28T06:02:23.547646706Z,0.88754604,3.42222332,-0.588123648454,72864,72864.009999999995,72864.005000000005,0.009999999995,0.001372419756,"[{""price"":72864.0,""size"":0.42002495,""num_orders"":5},{""price"":72862.0,""size"":0.0214,""num_orders"":1},{""price"":72861.53,""size"":0.04117398,""num_orders"":1},{""price"":72860.0,""size"":0.0314,""num_orders"":2},{""price"":72859.35,""size"":0.00592,""num_orders"":1},{""price"":72859.2,""size"":1.6e-05,""num_orders"":1},{""price"":72858.26,""size"":0.00273889,""num_orders"":1},{""price"":72858.25,""size"":0.1176604,""num_orders"":1},{""price"":72858.23,""size"":0.20599034,""num_orders"":1},{""price"":72858.21,""size"":0.04122148,""num_orders"":1}]","[{""price"":72864.01,""size"":0.0575158,""num_orders"":2},{""price"":72866.0,""size"":0.0214,""num_orders"":1},{""price"":72866.49,""size"":0.42598419,""num_orders"":1},{""price"":72866.5,""size"":0.548971,""num_orders"":1},{""price"":72866.52,""size"":0.14317035,""num_orders"":1},{""price"":72868.0,""size"":0.0214,""num_orders"":1},{""price"":72868.14,""size"":0.08234051,""num_orders"":1},{""price"":72868.75,""size"":0.548971,""num_orders"":1},{""price"":72868.76,""size"":1.56560838,""num_orders"":1},{""price"":72869.48,""size"":0.00686209,""num_orders"":1}]"
btc_usd_d10_20260528T051324Z,50,2026-05-28T06:03:24.167894Z,2026-05-28T06:03:24.168016Z,BTC-USD,10,ok,,129051917288,2026-05-28T06:03:23.129155973Z,0.54720521,2.88866955,-0.681475462161,72860.139999999999,72860.149999999994,72860.14499999999,0.009999999995,0.001372492464,"[{""price"":72860.14,""size"":0.05294374,""num_orders"":27},{""price"":72860.0,""size"":0.0214,""num_orders"":1},{""price"":72859.2,""size"":1.6e-05,""num_orders"":1},{""price"":72858.82,""size"":0.01003782,""num_orders"":1},{""price"":72858.09,""size"":0.01,""num_orders"":1},{""price"":72858.0,""size"":0.0214,""num_orders"":1},{""price"":72856.86,""size"":0.1176604,""num_orders"":1},{""price"":72856.85,""size"":0.27146941,""num_orders"":1},{""price"":72856.74,""size"":0.00110114,""num_orders"":1},{""price"":72856.72,""size"":0.0411767,""num_orders"":1}]","[{""price"":72860.15,""size"":0.01343221,""num_orders"":5},{""price"":72862.78,""size"":0.08234657,""num_orders"":1},{""price"":72863.65,""size"":0.00306616,""num_orders"":1},{""price"":72863.7,""size"":0.03362375,""num_orders"":1},{""price"":72863.72,""size"":0.39150181,""num_orders"":1},{""price"":72863.73,""size"":0.548971,""num_orders"":1},{""price"":72864.0,""size"":0.0214,""num_orders"":1},{""price"":72865.62,""size"":0.28134034,""num_orders"":2},{""price"":72865.96,""size"":0.96401671,""num_orders"":1},{""price"":72865.97,""size"":0.548971,""num_orders"":1}]"
btc_usd_d10_20260528T051324Z,51,2026-05-28T06:04:24.167894Z,2026-05-28T06:04:24.168031Z,BTC-USD,10,ok,,129051961553,2026-05-28T06:04:22.592773136Z,1.02176837,0.73815227,0.161152777889,72886.229999999996,72886.240000000005,72886.235000000001,0.010000000009,0.001372001175,"[{""price"":72886.23,""size"":0.00906688,""num_orders"":6},{""price"":72885.32,""size"":0.0411568,""num_orders"":1},{""price"":72885.18,""size"":0.29489981,""num_orders"":1},{""price"":72884.0,""size"":0.0214,""num_orders"":1},{""price"":72883.2,""size"":1.6e-05,""num_orders"":1},{""price"":72882.73,""size"":0.04116201,""num_orders"":1},{""price"":72882.11,""size"":0.00247439,""num_orders"":2},{""price"":72882.1,""size"":0.548971,""num_orders"":1},{""price"":72882.09,""size"":0.04122148,""num_orders"":1},{""price"":72882.0,""size"":0.0214,""num_orders"":1}]","[{""price"":72886.24,""size"":0.04463014,""num_orders"":5},{""price"":72887.99,""size"":0.07458649,""num_orders"":2},{""price"":72888.0,""size"":0.0214,""num_orders"":1},{""price"":72889.75,""size"":0.0823161,""num_orders"":1},{""price"":72889.88,""size"":0.00556693,""num_orders"":1},{""price"":72890.0,""size"":0.0219,""num_orders"":2},{""price"":72890.6,""size"":0.1176604,""num_orders"":1},{""price"":72890.61,""size"":0.30928306,""num_orders"":1},{""price"":72891.25,""size"":0.05394915,""num_orders"":1},{""price"":72891.71,""size"":0.00686,""num_orders"":1}]"
btc_usd_d10_20260528T051324Z,52,2026-05-28T06:05:24.167894Z,2026-05-28T06:05:24.168026Z,BTC-USD,10,ok,,129051999847,2026-05-28T06:05:22.100962895Z,0.70196181,1.50500245,-0.363866626458,72892.259999999995,72892.270000000004,72892.264999999999,0.010000000009,0.001371887677,"[{""price"":72892.26,""size"":0.05433004,""num_orders"":13},{""price"":72892.01,""size"":0.33,""num_orders"":1},{""price"":72890.9,""size"":0.00068594,""num_orders"":1},{""price"":72890.0,""size"":0.0214,""num_orders"":1},{""price"":72889.78,""size"":0.04115803,""num_orders"":1},{""price"":72889.72,""size"":0.205,""num_orders"":1},{""price"":72888.66,""size"":0.00027431,""num_orders"":1},{""price"":72888.02,""size"":0.01,""num_orders"":1},{""price"":72888.0,""size"":0.0214,""num_orders"":1},{""price"":72887.02,""size"":0.01771349,""num_orders"":1}]","[{""price"":72892.27,""size"":0.00655157,""num_orders"":2},{""price"":72893.51,""size"":0.0021754,""num_orders"":3},{""price"":72895.54,""size"":0.09994691,""num_orders"":1},{""price"":72895.55,""size"":0.08230955,""num_orders"":1},{""price"":72895.96,""size"":0.46653587,""num_orders"":2},{""price"":72896.27,""size"":0.548971,""num_orders"":1},{""price"":72897.58,""size"":0.27435756,""num_orders"":1},{""price"":72897.6,""size"":1.6e-05,""num_orders"":1},{""price"":72898.0,""size"":0.0214,""num_orders"":1},{""price"":72898.44,""size"":0.00273859,""num_orders"":1}]"
btc_usd_d10_20260528T051324Z,53,2026-05-28T06:06:24.167894Z,2026-05-28T06:06:24.168029Z,BTC-USD,10,ok,,129052031518,2026-05-28T06:06:21.176591966Z,0.38875703,1.10493003,-0.479466562427,72892.789999999994,72892.800000000003,72892.794999999998,0.010000000009,0.001371877702,"[{""price"":72892.79,""size"":0.05143764,""num_orders"":5},{""price"":72892.16,""size"":0.005775,""num_orders"":6},{""price"":72890.04,""size"":0.10479197,""num_orders"":1},{""price"":72890.03,""size"":0.03423916,""num_orders"":1},{""price"":72889.32,""size"":0.05484869,""num_orders"":1},{""price"":72889.31,""size"":0.04115829,""num_orders"":1},{""price"":72888.83,""size"":0.0138848,""num_orders"":1},{""price"":72888.0,""size"":0.0214,""num_orders"":1},{""price"":72887.12,""size"":0.02,""num_orders"":1},{""price"":72887.11,""size"":0.04122148,""num_orders"":1}]","[{""price"":72892.8,""size"":1.6e-05,""num_orders"":1},{""price"":72892.95,""size"":0.00363039,""num_orders"":3},{""price"":72894.0,""size"":0.0214,""num_orders"":1},{""price"":72896.0,""size"":0.0214,""num_orders"":1},{""price"":72896.29,""size"":0.0076995,""num_orders"":2},{""price"":72896.35,""size"":0.1176604,""num_orders"":1},{""price"":72896.36,""size"":0.35682571,""num_orders"":1},{""price"":72896.37,""size"":0.49397343,""num_orders"":1},{""price"":72896.39,""size"":0.0823086,""num_orders"":1},{""price"":72897.6,""size"":1.6e-05,""num_orders"":1}]"
btc_usd_d10_20260528T051324Z,54,2026-05-28T06:07:24.167894Z,2026-05-28T06:07:24.168020Z,BTC-USD,10,ok,,129052085681,2026-05-28T06:07:22.130545601Z,0.04942522,3.46269871,-0.971854512548,72860.550000000003,72860.559999999998,72860.554999999993,0.009999999995,0.001372484741,"[{""price"":72860.55,""size"":0.02802215,""num_orders"":2},{""price"":72859.19,""size"":8e-08,""num_orders"":1},{""price"":72859.18,""size"":1.1e-07,""num_orders"":1},{""price"":72859.17,""size"":1.7e-07,""num_orders"":1},{""price"":72859.16,""size"":2.4e-07,""num_orders"":1},{""price"":72859.15,""size"":3.4e-07,""num_orders"":1},{""price"":72859.14,""size"":4.7e-07,""num_orders"":1},{""price"":72859.13,""size"":6.9e-07,""num_orders"":1},{""price"":72859.12,""size"":9.7e-07,""num_orders"":1},{""price"":72858.0,""size"":0.0214,""num_orders"":1}]","[{""price"":72860.56,""size"":0.03880003,""num_orders"":2},{""price"":72860.98,""size"":0.02610003,""num_orders"":1},{""price"":72860.99,""size"":0.13501694,""num_orders"":2},{""price"":72861.64,""size"":1.19610396,""num_orders"":2},{""price"":72861.65,""size"":0.49397343,""num_orders"":1},{""price"":72862.0,""size"":0.0214,""num_orders"":1},{""price"":72862.14,""size"":0.00952196,""num_orders"":1},{""price"":72863.97,""size"":0.49397343,""num_orders"":1},{""price"":72864.0,""size"":1.000016,""num_orders"":2},{""price"":72864.14,""size"":0.04779293,""num_orders"":1}]"
btc_usd_d10_20260528T051324Z,55,2026-05-28T06:08:24.167894Z,2026-05-28T06:08:24.168046Z,BTC-USD,10,ok,,129052138184,2026-05-28T06:08:23.683170417Z,0.15790247,1.69041276,-0.829139026247,72871.729999999996,72871.740000000005,72871.735000000001,0.010000000009,0.001372274176,"[{""price"":72871.73,""size"":0.00277341,""num_orders"":5},{""price"":72869.99,""size"":2.7e-07,""num_orders"":1},{""price"":72868.8,""size"":1.6e-05,""num_orders"":1},{""price"":72868.0,""size"":0.0184,""num_orders"":1},{""price"":72866.43,""size"":0.02,""num_orders"":1},{""price"":72866.26,""size"":0.04117131,""num_orders"":1},{""price"":72866.01,""size"":0.04122148,""num_orders"":1},{""price"":72866.0,""size"":0.0184,""num_orders"":1},{""price"":72865.55,""size"":0.00592,""num_orders"":1},{""price"":72865.0,""size"":0.01,""num_orders"":1}]","[{""price"":72871.74,""size"":0.51846053,""num_orders"":2},{""price"":72872.0,""size"":0.01975939,""num_orders"":3},{""price"":72872.69,""size"":0.08233537,""num_orders"":1},{""price"":72873.6,""size"":0.48415453,""num_orders"":2},{""price"":72873.99,""size"":0.0010946,""num_orders"":1},{""price"":72874.0,""size"":0.01878497,""num_orders"":2},{""price"":72874.18,""size"":0.05015271,""num_orders"":1},{""price"":72875.38,""size"":0.00329723,""num_orders"":2},{""price"":72875.45,""size"":0.49397343,""num_orders"":1},{""price"":72876.0,""size"":0.0184,""num_orders"":1}]"
btc_usd_d10_20260528T051324Z,56,2026-05-28T06:09:24.167894Z,2026-05-28T06:09:24.168017Z,BTC-USD,10,ok,,129052187370,2026-05-28T06:09:22.687866252Z,0.0921251,1.97838938,-0.911012358629,72862.899999999994,72862.910000000003,72862.904999999999,0.010000000009,0.001372440477,"[{""price"":72862.9,""size"":0.03430366,""num_orders"":2},{""price"":72862.87,""size"":1.1e-07,""num_orders"":1},{""price"":72862.86,""size"":2.3e-07,""num_orders"":1},{""price"":72862.84,""size"":3.3e-07,""num_orders"":1},{""price"":72862.82,""size"":6.6e-07,""num_orders"":1},{""price"":72861.59,""size"":0.00068622,""num_orders"":1},{""price"":72860.0,""size"":0.0174,""num_orders"":1},{""price"":72859.07,""size"":0.03424627,""num_orders"":1},{""price"":72858.19,""size"":0.00548746,""num_orders"":1},{""price"":72858.17,""size"":1.6e-07,""num_orders"":1}]","[{""price"":72862.91,""size"":0.0243298,""num_orders"":2},{""price"":72863.89,""size"":0.08234531,""num_orders"":1},{""price"":72863.98,""size"":0.34571303,""num_orders"":1},{""price"":72864.0,""size"":0.0174,""num_orders"":1},{""price"":72865.31,""size"":0.04122148,""num_orders"":1},{""price"":72865.32,""size"":0.49397343,""num_orders"":1},{""price"":72866.0,""size"":0.0174,""num_orders"":1},{""price"":72866.89,""size"":0.4520329,""num_orders"":2},{""price"":72866.91,""size"":0.01,""num_orders"":1},{""price"":72867.63,""size"":0.49397343,""num_orders"":1}]"
btc_usd_d10_20260528T051324Z,57,2026-05-28T06:10:24.167894Z,2026-05-28T06:10:24.168040Z,BTC-USD,10,ok,,129052222553,2026-05-28T06:10:22.045868449Z,0.20973217,3.17048644,-0.875906150342,72851.820000000007,72851.830000000002,72851.825000000012,0.009999999995,0.001372649209,"[{""price"":72851.82,""size"":0.11885908,""num_orders"":3},{""price"":72850.65,""size"":0.0004,""num_orders"":1},{""price"":72850.06,""size"":0.00106511,""num_orders"":2},{""price"":72850.0,""size"":0.01,""num_orders"":1},{""price"":72849.6,""size"":1.6e-05,""num_orders"":1},{""price"":72846.0,""size"":0.0182,""num_orders"":1},{""price"":72845.0,""size"":0.01,""num_orders"":1},{""price"":72844.8,""size"":1.6e-05,""num_orders"":1},{""price"":72844.6,""size"":0.04117598,""num_orders"":1},{""price"":72843.85,""size"":0.01,""num_orders"":1}]","[{""price"":72851.83,""size"":1.29627368,""num_orders"":6},{""price"":72852.0,""size"":0.07379907,""num_orders"":1},{""price"":72852.01,""size"":0.08235874,""num_orders"":1},{""price"":72853.38,""size"":0.02305779,""num_orders"":1},{""price"":72854.0,""size"":0.0182,""num_orders"":1},{""price"":72855.96,""size"":0.82175177,""num_orders"":1},{""price"":72855.97,""size"":0.49397343,""num_orders"":1},{""price"":72856.01,""size"":0.04533798,""num_orders"":1},{""price"":72856.24,""size"":0.04122148,""num_orders"":1},{""price"":72856.43,""size"":0.2745125,""num_orders"":1}]"
btc_usd_d10_20260528T051324Z,58,2026-05-28T06:11:24.167894Z,2026-05-28T06:11:24.168031Z,BTC-USD,10,ok,,129052266415,2026-05-28T06:11:22.290326125Z,0.178372,1.8267821,-0.822086492006,72862.779999999999,72863.830000000002,72863.304999999993,1.050000000003,0.144105458846,"[{""price"":72862.78,""size"":0.0074366,""num_orders"":2},{""price"":72862.77,""size"":0.00017988,""num_orders"":1},{""price"":72862.76,""size"":6e-08,""num_orders"":1},{""price"":72862.75,""size"":1e-07,""num_orders"":1},{""price"":72860.0,""size"":0.06012412,""num_orders"":2},{""price"":72859.31,""size"":0.04117524,""num_orders"":1},{""price"":72859.15,""size"":0.00137251,""num_orders"":1},{""price"":72858.57,""size"":0.04122148,""num_orders"":1},{""price"":72858.55,""size"":0.00686201,""num_orders"":1},{""price"":72858.06,""size"":0.02,""num_orders"":1}]","[{""price"":72863.83,""size"":0.01547311,""num_orders"":1},{""price"":72863.84,""size"":0.03065203,""num_orders"":1},{""price"":72864.0,""size"":0.0156,""num_orders"":1},{""price"":72865.05,""size"":0.34674847,""num_orders"":1},{""price"":72865.06,""size"":0.49397343,""num_orders"":1},{""price"":72865.56,""size"":0.08234343,""num_orders"":1},{""price"":72866.0,""size"":0.0156,""num_orders"":1},{""price"":72866.45,""size"":0.00097195,""num_orders"":4},{""price"":72867.24,""size"":0.33144625,""num_orders"":1},{""price"":72867.25,""size"":0.49397343,""num_orders"":1}]"
btc_usd_d10_20260528T051324Z,59,2026-05-28T06:12:24.167894Z,2026-05-28T06:12:24.168010Z,BTC-USD,10,ok,,129052318429,2026-05-28T06:12:21.689938579Z,0.48548986,0.31481829,0.213257318447,72875.979999999996,72875.990000000005,72875.985000000001,0.010000000009,0.001372194147,"[{""price"":72875.98,""size"":0.04302383,""num_orders"":5},{""price"":72875.15,""size"":0.00158682,""num_orders"":1},{""price"":72875.14,""size"":4e-08,""num_orders"":1},{""price"":72875.12,""size"":1e-07,""num_orders"":1},{""price"":72875.11,""size"":2e-07,""num_orders"":1},{""price"":72874.09,""size"":0.01,""num_orders"":6},{""price"":72874.0,""size"":0.0199,""num_orders"":1},{""price"":72872.01,""size"":0.34991055,""num_orders"":1},{""price"":72872.0,""size"":0.0199,""num_orders"":1},{""price"":72871.56,""size"":0.04116832,""num_orders"":1}]","[{""price"":72875.99,""size"":0.00017948,""num_orders"":1},{""price"":72876.33,""size"":0.002425,""num_orders"":1},{""price"":72878.38,""size"":0.11460186,""num_orders"":1},{""price"":72878.39,""size"":0.04122148,""num_orders"":1},{""price"":72878.4,""size"":0.03224295,""num_orders"":2},{""price"":72879.06,""size"":0.08232817,""num_orders"":1},{""price"":72879.62,""size"":0.00564904,""num_orders"":1},{""price"":72879.64,""size"":0.00627031,""num_orders"":2},{""price"":72879.71,""size"":0.01,""num_orders"":1},{""price"":72880.0,""size"":0.0199,""num_orders"":1}]"
btc_usd_d10_20260528T101548Z,0,2026-05-28T10:15:48.336847Z,2026-05-28T10:15:48.336879Z,BTC-USD,10,ok,,129062396892,2026-05-28T10:15:47.045415839Z,1.25806735,1.25412542,0.001569119236,73442.660000000003,73443.580000000002,73443.119999999995,0.919999999998,0.125267009353,"[{""price"":73442.66,""size"":0.0197378,""num_orders"":1},{""price"":73442.21,""size"":0.00961462,""num_orders"":5},{""price"":73442.0,""size"":0.0331,""num_orders"":1},{""price"":73441.3,""size"":0.32669061,""num_orders"":1},{""price"":73440.0,""size"":0.0421104,""num_orders"":3},{""price"":73438.45,""size"":0.00027232,""num_orders"":1},{""price"":73438.01,""size"":0.03638442,""num_orders"":1},{""price"":73437.9,""size"":0.02009412,""num_orders"":1},{""price"":73437.05,""size"":0.04085131,""num_orders"":1},{""price"":73436.64,""size"":0.72921175,""num_orders"":1}]","[{""price"":73443.58,""size"":0.04735677,""num_orders"":2},{""price"":73443.59,""size"":0.00475321,""num_orders"":1},{""price"":73443.6,""size"":0.27528106,""num_orders"":3},{""price"":73443.61,""size"":0.04371085,""num_orders"":1},{""price"":73443.62,""size"":0.04371085,""num_orders"":1},{""price"":73446.0,""size"":0.0155,""num_orders"":1},{""price"":73446.04,""size"":0.1176604,""num_orders"":1},{""price"":73446.05,""size"":0.36577209,""num_orders"":1},{""price"":73446.06,""size"":0.06807159,""num_orders"":1},{""price"":73446.09,""size"":0.2723086,""num_orders"":1}]"
btc_usd_d10_20260528T101548Z,1,2026-05-28T10:16:48.336847Z,2026-05-28T10:16:48.336978Z,BTC-USD,10,ok,,129062437215,2026-05-28T10:16:47.648543072Z,0.04247036,1.99576433,-0.958326329928,73434.240000000005,73434.25,73434.244999999995,0.009999999995,0.001361762485,"[{""price"":73434.24,""size"":0.01719065,""num_orders"":11},{""price"":73434.23,""size"":0.00062648,""num_orders"":5},{""price"":73434.22,""size"":2e-08,""num_orders"":1},{""price"":73434.21,""size"":3e-08,""num_orders"":1},{""price"":73434.2,""size"":4e-08,""num_orders"":1},{""price"":73434.19,""size"":6e-08,""num_orders"":1},{""price"":73434.18,""size"":9e-08,""num_orders"":1},{""price"":73434.17,""size"":1.2e-07,""num_orders"":1},{""price"":73433.0,""size"":0.0074,""num_orders"":1},{""price"":73432.38,""size"":0.01725287,""num_orders"":2}]","[{""price"":73434.25,""size"":0.56192568,""num_orders"":6},{""price"":73434.26,""size"":0.03,""num_orders"":1},{""price"":73434.27,""size"":0.01791,""num_orders"":1},{""price"":73434.28,""size"":0.03,""num_orders"":1},{""price"":73436.89,""size"":0.64001222,""num_orders"":1},{""price"":73436.9,""size"":0.32669061,""num_orders"":1},{""price"":73436.91,""size"":0.06807159,""num_orders"":1},{""price"":73436.99,""size"":0.04773493,""num_orders"":1},{""price"":73437.28,""size"":0.27234125,""num_orders"":1},{""price"":73437.72,""size"":0.00107805,""num_orders"":1}]"
btc_usd_d10_20260528T101548Z,2,2026-05-28T10:17:48.336847Z,2026-05-28T10:17:48.336967Z,BTC-USD,10,ok,,129062479653,2026-05-28T10:17:46.671150834Z,0.59737296,2.43968444,-0.606610688359,73417.029999999999,73417.039999999994,73417.035000000003,0.009999999995,0.001362081701,"[{""price"":73417.03,""size"":0.01028246,""num_orders"":8},{""price"":73416.01,""size"":0.0011891,""num_orders"":2},{""price"":73415.13,""size"":0.00793379,""num_orders"":1},{""price"":73414.02,""size"":0.00793379,""num_orders"":1},{""price"":73414.0,""size"":0.0127,""num_orders"":1},{""price"":73412.68,""size"":0.21309342,""num_orders"":1},{""price"":73412.67,""size"":0.15849188,""num_orders"":1},{""price"":73412.28,""size"":1.5e-05,""num_orders"":1},{""price"":73412.24,""size"":0.02724164,""num_orders"":1},{""price"":73412.19,""size"":0.15849188,""num_orders"":1}]","[{""price"":73417.04,""size"":0.15154634,""num_orders"":6},{""price"":73417.78,""size"":0.1176604,""num_orders"":1},{""price"":73417.79,""size"":0.32669061,""num_orders"":1},{""price"":73417.8,""size"":0.39871489,""num_orders"":1},{""price"":73418.96,""size"":0.00069475,""num_orders"":1},{""price"":73419.5,""size"":0.06807159,""num_orders"":1},{""price"":73419.51,""size"":0.27240718,""num_orders"":1},{""price"":73420.1,""size"":0.32669061,""num_orders"":1},{""price"":73422.16,""size"":0.27239735,""num_orders"":1},{""price"":73422.58,""size"":0.50481072,""num_orders"":1}]"
btc_usd_d10_20260528T101548Z,3,2026-05-28T10:18:48.336847Z,2026-05-28T10:18:48.336990Z,BTC-USD,10,ok,,129062533691,2026-05-28T10:18:46.541824788Z,0.23796876,0.4960955,-0.351640522589,73345.279999999999,73345.289999999994,73345.285000000003,0.009999999995,0.001363414157,"[{""price"":73345.28,""size"":0.07777592,""num_orders"":13},{""price"":73344.15,""size"":6.244e-05,""num_orders"":1},{""price"":73344.0,""size"":0.02023426,""num_orders"":3},{""price"":73342.92,""size"":0.06011144,""num_orders"":1},{""price"":73342.91,""size"":0.02726545,""num_orders"":1},{""price"":73342.74,""size"":1.5e-05,""num_orders"":1},{""price"":73342.72,""size"":0.00206851,""num_orders"":1},{""price"":73342.07,""size"":0.01423574,""num_orders"":1},{""price"":73342.0,""size"":0.0162,""num_orders"":1},{""price"":73341.59,""size"":0.02,""num_orders"":1}]","[{""price"":73345.29,""size"":0.0454535,""num_orders"":2},{""price"":73345.3,""size"":0.03,""num_orders"":1},{""price"":73345.32,""size"":0.03,""num_orders"":1},{""price"":73346.0,""size"":0.00026042,""num_orders"":1},{""price"":73347.78,""size"":0.00300937,""num_orders"":2},{""price"":73348.0,""size"":0.0154,""num_orders"":1},{""price"":73348.29,""size"":0.0818015,""num_orders"":1},{""price"":73348.7,""size"":0.27328901,""num_orders"":1},{""price"":73348.93,""size"":0.0006817,""num_orders"":1},{""price"":73350.0,""size"":0.0162,""num_orders"":1}]"
btc_usd_d10_20260528T101548Z,4,2026-05-28T10:19:48.336847Z,2026-05-28T10:19:48.336971Z,BTC-USD,10,ok,,129062578672,2026-05-28T10:19:45.547390522Z,0.19160917,1.69977241,-0.797387082516,73320.779999999999,73320.789999999994,73320.785000000003,0.009999999995,0.00136386974,"[{""price"":73320.78,""size"":0.00401351,""num_orders"":5},{""price"":73319.0,""size"":0.0061,""num_orders"":1},{""price"":73317.12,""size"":1.6e-05,""num_orders"":1},{""price"":73316.0,""size"":0.0152,""num_orders"":1},{""price"":73315.19,""size"":0.06807159,""num_orders"":1},{""price"":73315.18,""size"":0.04091443,""num_orders"":1},{""price"":73315.0,""size"":0.01,""num_orders"":1},{""price"":73313.46,""size"":1.6e-05,""num_orders"":1},{""price"":73312.89,""size"":0.02727764,""num_orders"":1},{""price"":73310.65,""size"":0.02,""num_orders"":1}]","[{""price"":73320.79,""size"":0.77091087,""num_orders"":8},{""price"":73320.8,""size"":0.03,""num_orders"":1},{""price"":73320.81,""size"":0.02765554,""num_orders"":2},{""price"":73320.82,""size"":0.03,""num_orders"":1},{""price"":73322.0,""size"":0.0145,""num_orders"":1},{""price"":73323.01,""size"":0.00136159,""num_orders"":1},{""price"":73323.14,""size"":0.1176604,""num_orders"":1},{""price"":73323.15,""size"":0.54959619,""num_orders"":1},{""price"":73323.16,""size"":0.135,""num_orders"":1},{""price"":73323.17,""size"":0.02308782,""num_orders"":1}]"
btc_usd_d10_20260528T101548Z,5,2026-05-28T10:20:48.336847Z,2026-05-28T10:20:48.336967Z,BTC-USD,10,ok,,129062617956,2026-05-28T10:20:47.628574425Z,0.45736737,1.79418096,-0.593730799463,73338.679999999993,73338.690000000002,73338.684999999998,0.010000000009,0.001363536858,"[{""price"":73338.68,""size"":0.08992032,""num_orders"":16},{""price"":73338.67,""size"":0.00467978,""num_orders"":1},{""price"":73338.0,""size"":0.016,""num_orders"":1},{""price"":73337.0,""size"":0.0056,""num_orders"":1},{""price"":73336.52,""size"":0.02726819,""num_orders"":1},{""price"":73336.14,""size"":0.27268408,""num_orders"":1},{""price"":73336.0,""size"":0.016,""num_orders"":1},{""price"":73335.42,""size"":1.5e-05,""num_orders"":1},{""price"":73335.0,""size"":0.01,""num_orders"":1},{""price"":73334.0,""size"":0.0152,""num_orders"":1}]","[{""price"":73338.69,""size"":0.21504854,""num_orders"":7},{""price"":73341.58,""size"":0.1176604,""num_orders"":1},{""price"":73341.59,""size"":0.30003637,""num_orders"":1},{""price"":73341.6,""size"":0.00068176,""num_orders"":1},{""price"":73341.62,""size"":0.57748694,""num_orders"":1},{""price"":73341.97,""size"":0.27269516,""num_orders"":1},{""price"":73342.0,""size"":0.016,""num_orders"":1},{""price"":73342.36,""size"":0.00142129,""num_orders"":1},{""price"":73342.84,""size"":0.27269195,""num_orders"":1},{""price"":73342.88,""size"":0.02045855,""num_orders"":1}]"
btc_usd_d10_20260528T101548Z,6,2026-05-28T10:21:48.336847Z,2026-05-28T10:21:48.336969Z,BTC-USD,10,ok,,129062663667,2026-05-28T10:21:48.101177563Z,0.62685656,1.78353366,-0.479871304821,73305.960000000006,73305.970000000001,73305.964999999997,0.009999999995,0.001364145468,"[{""price"":73305.96,""size"":0.0298,""num_orders"":1},{""price"":73304.02,""size"":0.0076,""num_orders"":1},{""price"":73304.01,""size"":0.0039,""num_orders"":1},{""price"":73304.0,""size"":0.0151,""num_orders"":1},{""price"":73302.36,""size"":0.2288536,""num_orders"":1},{""price"":73302.35,""size"":0.20642849,""num_orders"":2},{""price"":73302.34,""size"":0.02728117,""num_orders"":1},{""price"":73302.0,""size"":0.0151,""num_orders"":1},{""price"":73301.24,""size"":0.04092182,""num_orders"":1},{""price"":73300.52,""size"":0.05187148,""num_orders"":1}]","[{""price"":73305.97,""size"":0.00682081,""num_orders"":1},{""price"":73306.02,""size"":0.02999911,""num_orders"":2},{""price"":73306.03,""size"":0.36099061,""num_orders"":2},{""price"":73306.04,""size"":0.03,""num_orders"":1},{""price"":73307.96,""size"":0.3273984,""num_orders"":1},{""price"":73307.97,""size"":0.27282165,""num_orders"":1},{""price"":73308.0,""size"":0.0151,""num_orders"":1},{""price"":73308.89,""size"":0.04092434,""num_orders"":1},{""price"":73308.92,""size"":0.42666098,""num_orders"":1},{""price"":73309.02,""size"":0.27281776,""num_orders"":1}]"
btc_usd_d10_20260528T101548Z,7,2026-05-28T10:22:48.336847Z,2026-05-28T10:22:48.336991Z,BTC-USD,10,ok,,129062715441,2026-05-28T10:22:46.337313530Z,0.44014104,2.15042997,-0.660197664298,73262.220000000001,73262.229999999996,73262.225000000006,0.009999999995,0.001364959909,"[{""price"":73262.22,""size"":0.00945094,""num_orders"":6},{""price"":73261.0,""size"":0.0024,""num_orders"":1},{""price"":73258.56,""size"":1.6e-05,""num_orders"":1},{""price"":73258.0,""size"":0.0155,""num_orders"":1},{""price"":73257.65,""size"":0.02729878,""num_orders"":1},{""price"":73256.0,""size"":0.0163,""num_orders"":1},{""price"":73255.46,""size"":0.02,""num_orders"":1},{""price"":73255.45,""size"":0.00177692,""num_orders"":2},{""price"":73255.04,""size"":0.02,""num_orders"":1},{""price"":73255.03,""size"":0.3273984,""num_orders"":1}]","[{""price"":73262.23,""size"":0.65743029,""num_orders"":7},{""price"":73263.99,""size"":0.00068247,""num_orders"":1},{""price"":73264.0,""size"":0.0155,""num_orders"":1},{""price"":73264.34,""size"":0.1176604,""num_orders"":1},{""price"":73264.35,""size"":0.56781844,""num_orders"":1},{""price"":73264.36,""size"":0.3273984,""num_orders"":1},{""price"":73264.44,""size"":0.00136266,""num_orders"":1},{""price"":73265.21,""size"":0.05459646,""num_orders"":1},{""price"":73265.22,""size"":0.27298085,""num_orders"":1},{""price"":73265.6,""size"":0.135,""num_orders"":1}]"
btc_usd_d10_20260528T101548Z,8,2026-05-28T10:23:48.336847Z,2026-05-28T10:23:48.336974Z,BTC-USD,10,ok,,129062759917,2026-05-28T10:23:47.602139952Z,0.25080784,1.71265185,-0.744524584561,73240.259999999995,73240.270000000004,73240.264999999999,0.010000000009,0.001365369174,"[{""price"":73240.26,""size"":0.01715669,""num_orders"":11},{""price"":73239.0,""size"":0.0001,""num_orders"":1},{""price"":73238.22,""size"":0.02730655,""num_orders"":1},{""price"":73236.6,""size"":1.6e-05,""num_orders"":1},{""price"":73236.19,""size"":0.05459646,""num_orders"":1},{""price"":73236.0,""size"":0.0171,""num_orders"":1},{""price"":73235.44,""size"":0.04095206,""num_orders"":1},{""price"":73235.0,""size"":0.01,""num_orders"":1},{""price"":73232.96,""size"":0.02,""num_orders"":1},{""price"":73232.95,""size"":0.06358008,""num_orders"":1}]","[{""price"":73240.27,""size"":0.52672491,""num_orders"":7},{""price"":73242.0,""size"":0.0171,""num_orders"":1},{""price"":73242.76,""size"":0.11753922,""num_orders"":1},{""price"":73242.77,""size"":0.66127315,""num_orders"":1},{""price"":73242.78,""size"":0.3273984,""num_orders"":1},{""price"":73243.64,""size"":0.00068268,""num_orders"":1},{""price"":73243.84,""size"":0.02047953,""num_orders"":1},{""price"":73243.85,""size"":0.02400552,""num_orders"":1},{""price"":73243.93,""size"":0.00034844,""num_orders"":1},{""price"":73244.0,""size"":0.0171,""num_orders"":1}]"
btc_usd_d10_20260528T101548Z,9,2026-05-28T10:24:48.336847Z,2026-05-28T10:24:48.336975Z,BTC-USD,10,ok,,129062797722,2026-05-28T10:24:46.176016822Z,0.15396788,1.58659389,-0.823082544206,73242.220000000001,73242.229999999996,73242.225000000006,0.009999999995,0.001365332634,"[{""price"":73242.22,""size"":0.11065264,""num_orders"":18},{""price"":73242.21,""size"":1e-08,""num_orders"":1},{""price"":73242.2,""size"":2e-08,""num_orders"":1},{""price"":73242.19,""size"":3e-08,""num_orders"":1},{""price"":73242.18,""size"":4e-08,""num_orders"":1},{""price"":73242.17,""size"":6e-08,""num_orders"":1},{""price"":73242.16,""size"":8e-08,""num_orders"":1},{""price"":73242.14,""size"":1.2e-07,""num_orders"":1},{""price"":73242.0,""size"":0.0171,""num_orders"":1},{""price"":73241.58,""size"":0.02621488,""num_orders"":1}]","[{""price"":73242.23,""size"":0.09816181,""num_orders"":2},{""price"":73244.93,""size"":0.00098574,""num_orders"":2},{""price"":73245.03,""size"":0.16301446,""num_orders"":1},{""price"":73245.04,""size"":0.27305605,""num_orders"":1},{""price"":73246.0,""size"":0.0171,""num_orders"":1},{""price"":73247.17,""size"":0.37239256,""num_orders"":1},{""price"":73247.18,""size"":0.38199486,""num_orders"":2},{""price"":73247.58,""size"":1.6e-05,""num_orders"":1},{""price"":73247.73,""size"":0.00682666,""num_orders"":1},{""price"":73247.8,""size"":0.27304575,""num_orders"":1}]"
btc_usd_d10_20260528T101548Z,10,2026-05-28T10:25:48.336847Z,2026-05-28T10:25:48.336966Z,BTC-USD,10,ok,,129062837468,2026-05-28T10:25:45.655961934Z,0.16607378,1.73509755,-0.82529319964,73239.929999999993,73239.940000000002,73239.934999999998,0.010000000009,0.001365375326,"[{""price"":73239.93,""size"":0.01793332,""num_orders"":13},{""price"":73238.93,""size"":0.02730638,""num_orders"":1},{""price"":73238.0,""size"":0.0171,""num_orders"":1},{""price"":73237.61,""size"":0.001701,""num_orders"":1},{""price"":73236.71,""size"":0.0409671,""num_orders"":1},{""price"":73236.59,""size"":3.911e-05,""num_orders"":1},{""price"":73236.0,""size"":0.0171,""num_orders"":1},{""price"":73234.43,""size"":0.00682687,""num_orders"":1},{""price"":73234.0,""size"":0.0171,""num_orders"":1},{""price"":73233.05,""size"":0.02,""num_orders"":1}]","[{""price"":73239.94,""size"":0.08071464,""num_orders"":5},{""price"":73239.96,""size"":0.08428763,""num_orders"":1},{""price"":73239.97,""size"":0.08192248,""num_orders"":1},{""price"":73240.0,""size"":0.0171,""num_orders"":1},{""price"":73240.25,""size"":0.02504683,""num_orders"":1},{""price"":73240.26,""size"":1.6e-05,""num_orders"":1},{""price"":73242.0,""size"":0.0171,""num_orders"":1},{""price"":73242.82,""size"":0.3273984,""num_orders"":1},{""price"":73242.83,""size"":0.82844738,""num_orders"":1},{""price"":73242.86,""size"":0.27306419,""num_orders"":1}]"
btc_usd_d10_20260528T101548Z,11,2026-05-28T10:26:48.336847Z,2026-05-28T10:26:48.336968Z,BTC-USD,10,ok,,129062871464,2026-05-28T10:26:47.682610171Z,0.04297765,1.46652092,-0.943057051058,73243.919999999998,73243.929999999993,73243.924999999988,0.009999999995,0.001365300944,"[{""price"":73243.92,""size"":0.02829457,""num_orders"":3},{""price"":73241.8,""size"":0.00110023,""num_orders"":1},{""price"":73240.45,""size"":0.00220046,""num_orders"":1},{""price"":73240.26,""size"":1.6e-05,""num_orders"":1},{""price"":73240.0,""size"":0.01,""num_orders"":1},{""price"":73239.95,""size"":0.00123866,""num_orders"":3},{""price"":73239.94,""size"":1e-08,""num_orders"":1},{""price"":73239.93,""size"":0.00012766,""num_orders"":1},{""price"":73239.92,""size"":2e-08,""num_orders"":1},{""price"":73239.91,""size"":4e-08,""num_orders"":1}]","[{""price"":73243.93,""size"":0.10135593,""num_orders"":3},{""price"":73243.96,""size"":0.02999932,""num_orders"":3},{""price"":73244.0,""size"":0.0171,""num_orders"":1},{""price"":73244.29,""size"":0.54623064,""num_orders"":1},{""price"":73244.3,""size"":0.3273984,""num_orders"":1},{""price"":73244.31,""size"":0.08191762,""num_orders"":1},{""price"":73244.32,""size"":0.03140642,""num_orders"":1},{""price"":73246.0,""size"":0.0171,""num_orders"":1},{""price"":73246.8,""size"":0.04096313,""num_orders"":1},{""price"":73246.81,""size"":0.27304946,""num_orders"":1}]"
btc_usd_d10_20260528T101548Z,12,2026-05-28T10:27:48.336847Z,2026-05-28T10:27:48.336990Z,BTC-USD,10,ok,,129062908868,2026-05-28T10:27:46.655650722Z,0.14497398,1.56766993,-0.830701549629,73237.399999999994,73237.410000000003,73237.404999999999,0.010000000009,0.001365422493,"[{""price"":73237.4,""size"":0.00698014,""num_orders"":4},{""price"":73236.61,""size"":0.01,""num_orders"":6},{""price"":73236.0,""size"":0.0073,""num_orders"":1},{""price"":73235.19,""size"":0.02730802,""num_orders"":1},{""price"":73234.0,""size"":0.0171,""num_orders"":1},{""price"":73233.48,""size"":0.06827528,""num_orders"":1},{""price"":73232.95,""size"":0.00799447,""num_orders"":7},{""price"":73232.94,""size"":1.601e-05,""num_orders"":2},{""price"":73232.92,""size"":2e-08,""num_orders"":1},{""price"":73232.91,""size"":4e-08,""num_orders"":1}]","[{""price"":73237.41,""size"":0.09773631,""num_orders"":5},{""price"":73237.99,""size"":0.02730824,""num_orders"":1},{""price"":73238.0,""size"":0.0171,""num_orders"":1},{""price"":73239.77,""size"":0.36869129,""num_orders"":1},{""price"":73239.78,""size"":0.3273984,""num_orders"":1},{""price"":73239.97,""size"":0.27307495,""num_orders"":1},{""price"":73241.07,""size"":0.02392042,""num_orders"":1},{""price"":73241.08,""size"":0.0013631,""num_orders"":1},{""price"":73241.14,""size"":0.00042818,""num_orders"":2},{""price"":73241.97,""size"":0.43064904,""num_orders"":1}]"
btc_usd_d10_20260528T101548Z,13,2026-05-28T10:28:48.336847Z,2026-05-28T10:28:48.336974Z,BTC-USD,10,ok,,129062941734,2026-05-28T10:28:46.545951241Z,1.11618262,5.61704717,-0.668455509522,73254.889999999999,73254.899999999994,73254.89499999999,0.009999999995,0.001365096489,"[{""price"":73254.89,""size"":0.91905109,""num_orders"":21},{""price"":73254.88,""size"":1e-08,""num_orders"":1},{""price"":73254.87,""size"":2e-08,""num_orders"":1},{""price"":73254.86,""size"":3e-08,""num_orders"":1},{""price"":73254.85,""size"":5e-08,""num_orders"":1},{""price"":73254.84,""size"":7e-08,""num_orders"":1},{""price"":73254.0,""size"":0.0020604,""num_orders"":1},{""price"":73253.82,""size"":0.1441417,""num_orders"":1},{""price"":73253.8,""size"":0.00997351,""num_orders"":1},{""price"":73253.77,""size"":0.04095574,""num_orders"":1}]","[{""price"":73254.9,""size"":0.08248827,""num_orders"":3},{""price"":73257.49,""size"":0.3273984,""num_orders"":1},{""price"":73257.5,""size"":0.09557146,""num_orders"":1},{""price"":73257.51,""size"":4.46733196,""num_orders"":1},{""price"":73258.49,""size"":0.01364994,""num_orders"":1},{""price"":73258.56,""size"":1.6e-05,""num_orders"":1},{""price"":73258.84,""size"":0.27300459,""num_orders"":1},{""price"":73260.0,""size"":0.0171,""num_orders"":1},{""price"":73261.0,""size"":0.27299655,""num_orders"":1},{""price"":73261.07,""size"":0.06749,""num_orders"":1}]"
btc_usd_d10_20260528T101548Z,14,2026-05-28T10:29:48.336847Z,2026-05-28T10:29:48.336973Z,BTC-USD,10,ok,,129062980745,2026-05-28T10:29:45.654162448Z,0.11621629,1.50755762,-0.856856562007,73289.050000000003,73289.059999999998,73289.054999999993,0.009999999995,0.001364460218,"[{""price"":73289.05,""size"":0.11053567,""num_orders"":22},{""price"":73289.04,""size"":4e-08,""num_orders"":2},{""price"":73289.03,""size"":4e-08,""num_orders"":2},{""price"":73289.02,""size"":3e-08,""num_orders"":1},{""price"":73289.01,""size"":5e-08,""num_orders"":1},{""price"":73289.0,""size"":7e-08,""num_orders"":1},{""price"":73288.99,""size"":1e-07,""num_orders"":1},{""price"":73288.98,""size"":1.5e-07,""num_orders"":1},{""price"":73288.57,""size"":0.00048014,""num_orders"":4},{""price"":73288.0,""size"":0.0052,""num_orders"":1}]","[{""price"":73289.06,""size"":0.00884176,""num_orders"":4},{""price"":73289.08,""size"":0.23622461,""num_orders"":1},{""price"":73289.09,""size"":0.08186757,""num_orders"":1},{""price"":73289.5,""size"":0.04093408,""num_orders"":1},{""price"":73291.1,""size"":0.27288446,""num_orders"":1},{""price"":73292.0,""size"":0.0171,""num_orders"":1},{""price"":73292.59,""size"":0.58277014,""num_orders"":1},{""price"":73292.6,""size"":0.21831364,""num_orders"":1},{""price"":73292.72,""size"":6.942e-05,""num_orders"":1},{""price"":73293.43,""size"":0.04855194,""num_orders"":1}]"
btc_usd_d10_20260528T101548Z,15,2026-05-28T10:30:48.336847Z,2026-05-28T10:30:48.336965Z,BTC-USD,10,ok,,129063021407,2026-05-28T10:30:48.019486650Z,0.32775578,1.0190646,-0.513289544965,73292.130000000005,73292.139999999999,73292.135000000009,0.009999999995,0.001364402878,"[{""price"":73292.13,""size"":0.0073149,""num_orders"":5},{""price"":73291.0,""size"":0.0078,""num_orders"":1},{""price"":73290.87,""size"":0.01024778,""num_orders"":11},{""price"":73290.72,""size"":0.06491405,""num_orders"":1},{""price"":73290.71,""size"":0.0409334,""num_orders"":1},{""price"":73290.0,""size"":0.0171,""num_orders"":1},{""price"":73288.34,""size"":0.03360036,""num_orders"":1},{""price"":73288.0,""size"":0.0171,""num_orders"":1},{""price"":73287.84,""size"":0.12857405,""num_orders"":1},{""price"":73287.83,""size"":0.00017124,""num_orders"":1}]","[{""price"":73292.14,""size"":0.09305891,""num_orders"":3},{""price"":73294.0,""size"":0.0171,""num_orders"":1},{""price"":73294.77,""size"":0.02840446,""num_orders"":1},{""price"":73295.03,""size"":0.29324587,""num_orders"":1},{""price"":73295.04,""size"":0.21831364,""num_orders"":1},{""price"":73295.06,""size"":0.00136209,""num_orders"":1},{""price"":73295.12,""size"":0.27286948,""num_orders"":1},{""price"":73295.16,""size"":1.6e-05,""num_orders"":1},{""price"":73295.23,""size"":0.04093974,""num_orders"":1},{""price"":73295.69,""size"":0.05375441,""num_orders"":1}]"
btc_usd_d10_20260528T101548Z,16,2026-05-28T10:31:48.336847Z,2026-05-28T10:31:48.336967Z,BTC-USD,10,ok,,129063053026,2026-05-28T10:31:46.540021209Z,0.03811903,1.69923829,-0.956118376386,73275,73275.009999999995,73275.005000000005,0.009999999995,0.001364721844,"[{""price"":73275.0,""size"":0.02097403,""num_orders"":27},{""price"":73274.99,""size"":1e-08,""num_orders"":1},{""price"":73274.98,""size"":2e-08,""num_orders"":1},{""price"":73274.97,""size"":3e-08,""num_orders"":1},{""price"":73274.96,""size"":4e-08,""num_orders"":1},{""price"":73274.95,""size"":6e-08,""num_orders"":1},{""price"":73274.94,""size"":8e-08,""num_orders"":1},{""price"":73274.92,""size"":1.2e-07,""num_orders"":1},{""price"":73274.0,""size"":0.0037,""num_orders"":1},{""price"":73273.2,""size"":0.01344464,""num_orders"":3}]","[{""price"":73275.01,""size"":0.55730498,""num_orders"":6},{""price"":73275.02,""size"":0.19345297,""num_orders"":2},{""price"":73275.04,""size"":0.03,""num_orders"":1},{""price"":73276.0,""size"":0.0163,""num_orders"":1},{""price"":73276.69,""size"":0.00094352,""num_orders"":1},{""price"":73276.84,""size"":0.27293755,""num_orders"":1},{""price"":73276.87,""size"":0.04618693,""num_orders"":3},{""price"":73277.42,""size"":0.3474987,""num_orders"":1},{""price"":73277.43,""size"":0.21831364,""num_orders"":1},{""price"":73278.0,""size"":0.0163,""num_orders"":1}]"
btc_usd_d10_20260528T101548Z,17,2026-05-28T10:32:48.336847Z,2026-05-28T10:32:48.337027Z,BTC-USD,10,ok,,129063088803,2026-05-28T10:32:48.023469829Z,0.46161414,0.75468156,-0.240950798395,73294.389999999999,73294.399999999994,73294.39499999999,0.009999999995,0.001364360808,"[{""price"":73294.39,""size"":0.09855365,""num_orders"":15},{""price"":73294.0,""size"":0.0147,""num_orders"":1},{""price"":73293.2,""size"":0.00135403,""num_orders"":1},{""price"":73293.06,""size"":0.04299098,""num_orders"":2},{""price"":73293.05,""size"":0.02730824,""num_orders"":1},{""price"":73292.0,""size"":0.0147,""num_orders"":1},{""price"":73291.52,""size"":0.0340201,""num_orders"":1},{""price"":73291.49,""size"":0.00012443,""num_orders"":1},{""price"":73290.42,""size"":0.02620033,""num_orders"":1},{""price"":73290.03,""size"":0.20166238,""num_orders"":1}]","[{""price"":73294.4,""size"":0.08306048,""num_orders"":5},{""price"":73295.16,""size"":1.6e-05,""num_orders"":1},{""price"":73298.0,""size"":0.0147,""num_orders"":1},{""price"":73298.71,""size"":0.2728561,""num_orders"":1},{""price"":73298.82,""size"":1.6e-05,""num_orders"":1},{""price"":73299.82,""size"":0.002425,""num_orders"":1},{""price"":73299.83,""size"":0.04094267,""num_orders"":1},{""price"":73299.89,""size"":0.21831364,""num_orders"":1},{""price"":73300.0,""size"":0.05413943,""num_orders"":2},{""price"":73300.62,""size"":0.06821224,""num_orders"":1}]"
btc_usd_d10_20260528T101548Z,18,2026-05-28T10:33:48.336847Z,2026-05-28T10:33:48.336978Z,BTC-USD,10,ok,,129063124322,2026-05-28T10:33:46.546220964Z,0.3797448,0.81679491,-0.365261684462,73286.619999999995,73286.630000000005,73286.625,0.010000000009,0.001364505462,"[{""price"":73286.62,""size"":0.00223997,""num_orders"":5},{""price"":73285.01,""size"":0.08448505,""num_orders"":1},{""price"":73285.0,""size"":0.1415,""num_orders"":1},{""price"":73284.18,""size"":1.6e-05,""num_orders"":1},{""price"":73284.0,""size"":0.0171,""num_orders"":1},{""price"":73282.02,""size"":0.0502496,""num_orders"":1},{""price"":73282.01,""size"":0.02730824,""num_orders"":1},{""price"":73282.0,""size"":0.0133,""num_orders"":1},{""price"":73281.83,""size"":0.04093304,""num_orders"":1},{""price"":73280.89,""size"":0.0026129,""num_orders"":9}]","[{""price"":73286.63,""size"":0.04128381,""num_orders"":2},{""price"":73286.99,""size"":0.08186991,""num_orders"":1},{""price"":73287.01,""size"":0.16375346,""num_orders"":1},{""price"":73288.0,""size"":0.0171,""num_orders"":1},{""price"":73288.85,""size"":0.04058679,""num_orders"":1},{""price"":73290.0,""size"":0.0171,""num_orders"":1},{""price"":73290.34,""size"":0.16375346,""num_orders"":1},{""price"":73290.86,""size"":0.27288532,""num_orders"":1},{""price"":73291.33,""size"":0.00136216,""num_orders"":1},{""price"":73292.0,""size"":0.0171,""num_orders"":1}]"
btc_usd_d10_20260528T101548Z,19,2026-05-28T10:34:48.336847Z,2026-05-28T10:34:48.336967Z,BTC-USD,10,ok,,129063158265,2026-05-28T10:34:45.619852881Z,0.10594007,0.96686493,-0.802498925713,73291.729999999996,73291.740000000005,73291.735000000001,0.010000000009,0.001364410327,"[{""price"":73291.73,""size"":0.10460059,""num_orders"":32},{""price"":73291.72,""size"":1e-08,""num_orders"":1},{""price"":73291.7,""size"":2e-08,""num_orders"":1},{""price"":73291.69,""size"":4e-08,""num_orders"":1},{""price"":73291.67,""size"":6e-08,""num_orders"":1},{""price"":73291.65,""size"":1.3e-07,""num_orders"":1},{""price"":73291.11,""size"":0.0006822,""num_orders"":1},{""price"":73290.99,""size"":4.072e-05,""num_orders"":1},{""price"":73290.65,""size"":0.00060075,""num_orders"":1},{""price"":73290.03,""size"":1.555e-05,""num_orders"":1}]","[{""price"":73291.74,""size"":0.01567598,""num_orders"":4},{""price"":73291.99,""size"":0.08186433,""num_orders"":1},{""price"":73295.98,""size"":0.02,""num_orders"":1},{""price"":73295.99,""size"":0.38711241,""num_orders"":1},{""price"":73296.0,""size"":0.0171,""num_orders"":1},{""price"":73296.5,""size"":0.16375346,""num_orders"":1},{""price"":73296.51,""size"":0.27286429,""num_orders"":1},{""price"":73296.79,""size"":0.00136205,""num_orders"":1},{""price"":73297.16,""size"":0.00031039,""num_orders"":2},{""price"":73297.51,""size"":0.00682202,""num_orders"":1}]"
btc_usd_d10_20260528T101548Z,20,2026-05-28T10:35:48.336847Z,2026-05-28T10:35:48.336965Z,BTC-USD,10,ok,,129063198407,2026-05-28T10:35:47.026420660Z,0.22650085,0.66793826,-0.493535451508,73309.990000000005,73310,73309.994999999995,0.009999999995,0.001364070478,"[{""price"":73309.99,""size"":0.01333749,""num_orders"":3},{""price"":73309.81,""size"":0.05178628,""num_orders"":2},{""price"":73309.8,""size"":0.01481205,""num_orders"":1},{""price"":73309.37,""size"":0.0095783,""num_orders"":6},{""price"":73308.0,""size"":0.01677529,""num_orders"":3},{""price"":73307.0,""size"":0.0092,""num_orders"":1},{""price"":73306.61,""size"":0.040924,""num_orders"":1},{""price"":73306.13,""size"":0.02730824,""num_orders"":1},{""price"":73306.07,""size"":0.0272792,""num_orders"":1},{""price"":73306.0,""size"":0.0155,""num_orders"":1}]","[{""price"":73310.0,""size"":0.00049442,""num_orders"":1},{""price"":73311.19,""size"":0.10916168,""num_orders"":1},{""price"":73312.0,""size"":0.0155,""num_orders"":1},{""price"":73312.26,""size"":0.0818417,""num_orders"":1},{""price"":73313.46,""size"":1.6e-05,""num_orders"":1},{""price"":73314.0,""size"":0.0155,""num_orders"":1},{""price"":73316.39,""size"":0.00272406,""num_orders"":1},{""price"":73316.4,""size"":0.02337558,""num_orders"":1},{""price"":73316.43,""size"":0.28287272,""num_orders"":2},{""price"":73316.44,""size"":0.1364521,""num_orders"":1}]"
btc_usd_d10_20260528T101548Z,21,2026-05-28T10:36:48.336847Z,2026-05-28T10:36:48.336969Z,BTC-USD,10,ok,,129063233077,2026-05-28T10:36:46.539831816Z,0.96671989,0.87937933,0.047310869889,73305.330000000002,73305.339999999997,73305.334999999992,0.009999999995,0.001364157192,"[{""price"":73305.33,""size"":0.00034104,""num_orders"":1},{""price"":73305.2,""size"":0.0096523,""num_orders"":7},{""price"":73304.0,""size"":0.0546,""num_orders"":2},{""price"":73303.65,""size"":0.36955788,""num_orders"":1},{""price"":73303.64,""size"":0.1364521,""num_orders"":1},{""price"":73303.63,""size"":0.3810962,""num_orders"":1},{""price"":73302.48,""size"":1.6e-05,""num_orders"":1},{""price"":73302.0,""size"":0.0139,""num_orders"":1},{""price"":73301.93,""size"":0.00110434,""num_orders"":2},{""price"":73301.9,""size"":3e-08,""num_orders"":1}]","[{""price"":73305.34,""size"":0.04424259,""num_orders"":2},{""price"":73305.96,""size"":0.08184873,""num_orders"":1},{""price"":73305.97,""size"":0.00682075,""num_orders"":1},{""price"":73307.16,""size"":0.122777,""num_orders"":1},{""price"":73308.0,""size"":0.0133,""num_orders"":1},{""price"":73308.37,""size"":0.27282016,""num_orders"":1},{""price"":73309.67,""size"":0.02087726,""num_orders"":1},{""price"":73310.0,""size"":0.0133,""num_orders"":1},{""price"":73310.57,""size"":0.1364521,""num_orders"":1},{""price"":73310.58,""size"":0.16694074,""num_orders"":1}]"
btc_usd_d10_20260528T101548Z,22,2026-05-28T10:37:48.336847Z,2026-05-28T10:37:48.336963Z,BTC-USD,10,ok,,129063276968,2026-05-28T10:37:46.618980371Z,0.39548002,1.40228026,-0.560030306154,73320.899999999994,73320.910000000003,73320.904999999999,0.010000000009,0.001363867509,"[{""price"":73320.9,""size"":0.04940406,""num_orders"":4},{""price"":73319.7,""size"":0.0095783,""num_orders"":5},{""price"":73319.0,""size"":0.0076,""num_orders"":1},{""price"":73318.04,""size"":0.02,""num_orders"":1},{""price"":73318.03,""size"":0.11247749,""num_orders"":2},{""price"":73318.02,""size"":0.02730824,""num_orders"":1},{""price"":73318.0,""size"":0.0113,""num_orders"":1},{""price"":73317.18,""size"":0.00135983,""num_orders"":2},{""price"":73316.29,""size"":0.02,""num_orders"":1},{""price"":73316.28,""size"":0.1364521,""num_orders"":1}]","[{""price"":73320.91,""size"":0.01327285,""num_orders"":3},{""price"":73322.0,""size"":0.05728018,""num_orders"":2},{""price"":73323.92,""size"":0.1176604,""num_orders"":1},{""price"":73323.93,""size"":0.27276225,""num_orders"":1},{""price"":73324.38,""size"":0.47044897,""num_orders"":2},{""price"":73324.39,""size"":0.27276056,""num_orders"":1},{""price"":73324.44,""size"":1.6e-05,""num_orders"":1},{""price"":73324.56,""size"":0.02727665,""num_orders"":1},{""price"":73324.58,""size"":0.02077975,""num_orders"":1},{""price"":73324.96,""size"":0.15002265,""num_orders"":1}]"
btc_usd_d10_20260528T101548Z,23,2026-05-28T10:38:48.336847Z,2026-05-28T10:38:48.336971Z,BTC-USD,10,ok,,129063321342,2026-05-28T10:38:47.539426583Z,0.12665737,1.11380418,-0.795789929966,73350.429999999993,73350.440000000002,73350.434999999998,0.010000000009,0.001363318433,"[{""price"":73350.43,""size"":0.03644202,""num_orders"":8},{""price"":73350.0,""size"":0.0125,""num_orders"":1},{""price"":73349.0,""size"":0.0049,""num_orders"":1},{""price"":73348.0,""size"":0.0125,""num_orders"":1},{""price"":73347.0,""size"":0.03300704,""num_orders"":1},{""price"":73346.99,""size"":0.02730824,""num_orders"":1},{""price"":73346.97,""size"":1e-08,""num_orders"":1},{""price"":73346.96,""size"":1e-08,""num_orders"":1},{""price"":73346.95,""size"":2e-08,""num_orders"":1},{""price"":73346.94,""size"":3e-08,""num_orders"":1}]","[{""price"":73350.44,""size"":0.0127,""num_orders"":1},{""price"":73350.63,""size"":0.08179888,""num_orders"":1},{""price"":73350.65,""size"":0.0126082,""num_orders"":1},{""price"":73351.91,""size"":0.00681696,""num_orders"":1},{""price"":73352.04,""size"":0.00154536,""num_orders"":1},{""price"":73353.04,""size"":0.02,""num_orders"":1},{""price"":73353.05,""size"":0.1376604,""num_orders"":2},{""price"":73353.06,""size"":0.1364521,""num_orders"":1},{""price"":73353.08,""size"":0.43156844,""num_orders"":1},{""price"":73353.09,""size"":0.27265384,""num_orders"":1}]"
btc_usd_d10_20260528T101548Z,24,2026-05-28T10:39:48.336847Z,2026-05-28T10:39:48.336964Z,BTC-USD,10,ok,,129063348962,2026-05-28T10:39:46.546879933Z,0.01826893,1.27387918,-0.97172316415,73341.960000000006,73341.970000000001,73341.964999999997,0.009999999995,0.001363475876,"[{""price"":73341.96,""size"":0.00792236,""num_orders"":4},{""price"":73341.87,""size"":3.108e-05,""num_orders"":1},{""price"":73341.84,""size"":6.217e-05,""num_orders"":1},{""price"":73340.69,""size"":0.00012448,""num_orders"":1},{""price"":73340.67,""size"":0.00057065,""num_orders"":1},{""price"":73340.64,""size"":0.00952679,""num_orders"":5},{""price"":73340.62,""size"":3.108e-05,""num_orders"":1},{""price"":73340.61,""size"":1e-08,""num_orders"":1},{""price"":73340.59,""size"":2.7e-07,""num_orders"":2},{""price"":73340.58,""size"":4e-08,""num_orders"":1}]","[{""price"":73341.97,""size"":0.03141828,""num_orders"":1},{""price"":73342.02,""size"":0.1208676,""num_orders"":1},{""price"":73342.96,""size"":0.00178174,""num_orders"":1},{""price"":73342.97,""size"":0.00010221,""num_orders"":1},{""price"":73344.0,""size"":0.0113,""num_orders"":1},{""price"":73344.66,""size"":0.15002265,""num_orders"":1},{""price"":73345.57,""size"":0.1176604,""num_orders"":1},{""price"":73345.58,""size"":0.1364521,""num_orders"":1},{""price"":73345.6,""size"":0.43159257,""num_orders"":1},{""price"":73345.61,""size"":0.27268163,""num_orders"":1}]"
btc_usd_d10_20260528T101548Z,25,2026-05-28T10:40:48.336847Z,2026-05-28T10:40:48.336978Z,BTC-USD,10,ok,,129063384143,2026-05-28T10:40:45.547684327Z,1.59236118,0.86328912,0.296895718417,73368.889999999999,73368.899999999994,73368.89499999999,0.009999999995,0.001362975413,"[{""price"":73368.89,""size"":0.84922944,""num_orders"":13},{""price"":73368.88,""size"":0.1364521,""num_orders"":1},{""price"":73368.87,""size"":0.05154616,""num_orders"":1},{""price"":73368.86,""size"":0.04088927,""num_orders"":1},{""price"":73368.0,""size"":0.0102,""num_orders"":1},{""price"":73367.37,""size"":0.02617123,""num_orders"":1},{""price"":73367.0,""size"":0.0084,""num_orders"":1},{""price"":73366.46,""size"":0.00068148,""num_orders"":1},{""price"":73366.4,""size"":0.3323394,""num_orders"":3},{""price"":73366.39,""size"":0.1364521,""num_orders"":1}]","[{""price"":73368.9,""size"":0.01037472,""num_orders"":3},{""price"":73371.93,""size"":0.00058941,""num_orders"":1},{""price"":73372.02,""size"":1.5e-05,""num_orders"":1},{""price"":73374.4,""size"":0.00970446,""num_orders"":1},{""price"":73374.93,""size"":0.12268478,""num_orders"":1},{""price"":73375.61,""size"":0.08177104,""num_orders"":1},{""price"":73375.68,""size"":1.5e-05,""num_orders"":1},{""price"":73378.26,""size"":0.1176604,""num_orders"":1},{""price"":73378.29,""size"":0.1364521,""num_orders"":1},{""price"":73378.3,""size"":0.38402221,""num_orders"":1}]"
btc_usd_d10_20260528T101548Z,26,2026-05-28T10:41:48.336847Z,2026-05-28T10:41:48.336964Z,BTC-USD,10,ok,,129063421122,2026-05-28T10:41:45.343601913Z,0.1803126,1.70051467,-0.808262456765,73372.009999999995,73372.020000000004,73372.014999999999,0.010000000009,0.001362917457,"[{""price"":73372.01,""size"":0.01806337,""num_orders"":14},{""price"":73371.0,""size"":0.0056,""num_orders"":1},{""price"":73370.77,""size"":3.148e-05,""num_orders"":1},{""price"":73370.0,""size"":0.0107,""num_orders"":1},{""price"":73369.75,""size"":6.31e-05,""num_orders"":1},{""price"":73368.51,""size"":0.02044566,""num_orders"":1},{""price"":73368.5,""size"":0.04749984,""num_orders"":1},{""price"":73368.49,""size"":0.03995159,""num_orders"":1},{""price"":73368.0,""size"":0.0107,""num_orders"":1},{""price"":73367.29,""size"":0.02725756,""num_orders"":1}]","[{""price"":73372.02,""size"":0.40985793,""num_orders"":9},{""price"":73372.03,""size"":0.08177503,""num_orders"":1},{""price"":73373.01,""size"":0.00173584,""num_orders"":1},{""price"":73373.5,""size"":0.1176604,""num_orders"":1},{""price"":73373.51,""size"":0.3208209,""num_orders"":1},{""price"":73373.53,""size"":0.1364521,""num_orders"":1},{""price"":73374.0,""size"":0.0107,""num_orders"":1},{""price"":73374.05,""size"":0.27257595,""num_orders"":1},{""price"":73374.59,""size"":0.34892152,""num_orders"":2},{""price"":73375.68,""size"":1.5e-05,""num_orders"":1}]"
btc_usd_d10_20260528T101548Z,27,2026-05-28T10:42:48.336847Z,2026-05-28T10:42:48.336976Z,BTC-USD,10,ok,,129063454153,2026-05-28T10:42:47.546524767Z,0.56728288,0.98465755,-0.268937300641,73382,73382.009999999995,73382.005000000005,0.009999999995,0.001362731912,"[{""price"":73382.0,""size"":0.09981397,""num_orders"":11},{""price"":73381.09,""size"":0.00353561,""num_orders"":14},{""price"":73381.0,""size"":0.0036,""num_orders"":1},{""price"":73380.07,""size"":0.17208452,""num_orders"":1},{""price"":73380.06,""size"":0.1364521,""num_orders"":1},{""price"":73380.02,""size"":0.12268478,""num_orders"":1},{""price"":73380.0,""size"":0.0143,""num_orders"":1},{""price"":73379.99,""size"":0.00037298,""num_orders"":2},{""price"":73378.87,""size"":0.00083892,""num_orders"":3},{""price"":73378.0,""size"":0.0136,""num_orders"":1}]","[{""price"":73382.01,""size"":0.18123977,""num_orders"":6},{""price"":73383.01,""size"":0.03075738,""num_orders"":1},{""price"":73383.79,""size"":0.0427538,""num_orders"":1},{""price"":73384.08,""size"":0.05447652,""num_orders"":1},{""price"":73384.89,""size"":0.27253569,""num_orders"":1},{""price"":73385.55,""size"":0.00038583,""num_orders"":2},{""price"":73385.68,""size"":0.007282,""num_orders"":1},{""price"":73385.89,""size"":0.12268478,""num_orders"":1},{""price"":73386.66,""size"":1.5e-05,""num_orders"":1},{""price"":73387.29,""size"":0.27252678,""num_orders"":1}]"
btc_usd_d10_20260528T101548Z,28,2026-05-28T10:43:48.336847Z,2026-05-28T10:43:48.336975Z,BTC-USD,10,ok,,129063486010,2026-05-28T10:43:46.094506762Z,0.21349008,0.99754832,-0.647426406958,73384.759999999995,73384.770000000004,73384.764999999999,0.010000000009,0.001362680661,"[{""price"":73384.76,""size"":0.00840329,""num_orders"":9},{""price"":73384.05,""size"":0.04213081,""num_orders"":1},{""price"":73384.0,""size"":0.0129,""num_orders"":1},{""price"":73383.0,""size"":0.005,""num_orders"":1},{""price"":73382.31,""size"":0.00133705,""num_orders"":1},{""price"":73382.04,""size"":0.02725392,""num_orders"":1},{""price"":73382.0,""size"":0.0129,""num_orders"":1},{""price"":73381.8,""size"":0.00135521,""num_orders"":6},{""price"":73381.07,""size"":0.02044566,""num_orders"":1},{""price"":73381.06,""size"":0.08176414,""num_orders"":1}]","[{""price"":73384.77,""size"":0.11245617,""num_orders"":4},{""price"":73386.08,""size"":0.00156497,""num_orders"":3},{""price"":73386.66,""size"":1.5e-05,""num_orders"":1},{""price"":73386.8,""size"":0.09661079,""num_orders"":1},{""price"":73386.81,""size"":0.29474023,""num_orders"":1},{""price"":73386.82,""size"":0.08176414,""num_orders"":1},{""price"":73386.84,""size"":0.12268478,""num_orders"":1},{""price"":73386.88,""size"":0.2725283,""num_orders"":1},{""price"":73388.0,""size"":0.0143,""num_orders"":1},{""price"":73388.44,""size"":0.00088394,""num_orders"":1}]"
btc_usd_d10_20260528T101548Z,29,2026-05-28T10:44:48.336847Z,2026-05-28T10:44:48.336977Z,BTC-USD,10,ok,,129063520128,2026-05-28T10:44:48.043419075Z,0.28556066,1.33122027,-0.646754047254,73380.160000000003,73380.169999999998,73380.165000000008,0.009999999995,0.001362766082,"[{""price"":73380.16,""size"":0.01028221,""num_orders"":3},{""price"":73380.15,""size"":1e-08,""num_orders"":1},{""price"":73380.14,""size"":2e-08,""num_orders"":1},{""price"":73380.13,""size"":3e-08,""num_orders"":1},{""price"":73380.12,""size"":2.87e-06,""num_orders"":2},{""price"":73380.11,""size"":7e-08,""num_orders"":1},{""price"":73380.1,""size"":1e-07,""num_orders"":1},{""price"":73380.0,""size"":0.00786829,""num_orders"":1},{""price"":73379.41,""size"":0.11021877,""num_orders"":1},{""price"":73379.4,""size"":0.15718829,""num_orders"":1}]","[{""price"":73380.17,""size"":0.1277938,""num_orders"":7},{""price"":73382.0,""size"":0.0111,""num_orders"":1},{""price"":73382.38,""size"":0.08176414,""num_orders"":1},{""price"":73383.18,""size"":0.09661079,""num_orders"":1},{""price"":73383.19,""size"":0.5255466,""num_orders"":1},{""price"":73383.2,""size"":0.27254194,""num_orders"":1},{""price"":73383.84,""size"":0.00087737,""num_orders"":1},{""price"":73384.0,""size"":0.01053671,""num_orders"":1},{""price"":73384.6,""size"":0.12268478,""num_orders"":1},{""price"":73384.66,""size"":0.08176414,""num_orders"":1}]"
btc_usd_d10_20260528T101548Z,30,2026-05-28T10:45:48.336847Z,2026-05-28T10:45:48.336963Z,BTC-USD,10,ok,,129063550961,2026-05-28T10:45:46.542860508Z,0.08794667,0.70119444,-0.777107873648,73378.380000000005,73378.389999999999,73378.385000000009,0.009999999995,0.00136279914,"[{""price"":73378.38,""size"":0.0767225,""num_orders"":26},{""price"":73378.37,""size"":1e-08,""num_orders"":1},{""price"":73378.36,""size"":2e-08,""num_orders"":1},{""price"":73378.35,""size"":3e-08,""num_orders"":1},{""price"":73378.34,""size"":4e-08,""num_orders"":1},{""price"":73378.33,""size"":6e-08,""num_orders"":1},{""price"":73378.32,""size"":8e-08,""num_orders"":1},{""price"":73378.31,""size"":1.2e-07,""num_orders"":1},{""price"":73378.0,""size"":0.01,""num_orders"":1},{""price"":73377.28,""size"":0.00122381,""num_orders"":1}]","[{""price"":73378.39,""size"":0.0302263,""num_orders"":4},{""price"":73378.4,""size"":0.02489224,""num_orders"":2},{""price"":73379.34,""size"":1.5e-05,""num_orders"":1},{""price"":73380.12,""size"":0.0013605,""num_orders"":1},{""price"":73381.27,""size"":0.08176414,""num_orders"":1},{""price"":73381.28,""size"":0.16271179,""num_orders"":1},{""price"":73381.29,""size"":0.27254907,""num_orders"":1},{""price"":73382.0,""size"":0.01,""num_orders"":1},{""price"":73383.0,""size"":1.5e-05,""num_orders"":1},{""price"":73383.57,""size"":0.1176604,""num_orders"":1}]"
btc_usd_d10_20260528T101548Z,31,2026-05-28T10:46:48.336847Z,2026-05-28T10:46:48.336963Z,BTC-USD,10,ok,,129063592906,2026-05-28T10:46:46.681152335Z,0.33716473,0.44459547,-0.137421603198,73426.869999999995,73426.880000000005,73426.875,0.010000000009,0.00136189917,"[{""price"":73426.87,""size"":0.13660574,""num_orders"":13},{""price"":73426.86,""size"":0.03000002,""num_orders"":3},{""price"":73426.85,""size"":0.11149928,""num_orders"":2},{""price"":73426.84,""size"":0.03000004,""num_orders"":3},{""price"":73426.83,""size"":8e-08,""num_orders"":2},{""price"":73426.81,""size"":1.2e-07,""num_orders"":2},{""price"":73426.79,""size"":2.4e-07,""num_orders"":2},{""price"":73426.57,""size"":0.0017226,""num_orders"":1},{""price"":73426.27,""size"":0.02723661,""num_orders"":1},{""price"":73425.0,""size"":0.0001,""num_orders"":1}]","[{""price"":73426.88,""size"":0.07522682,""num_orders"":10},{""price"":73426.89,""size"":0.04641085,""num_orders"":1},{""price"":73426.9,""size"":0.04641085,""num_orders"":1},{""price"":73426.91,""size"":0.04641085,""num_orders"":1},{""price"":73426.92,""size"":0.04642585,""num_orders"":2},{""price"":73427.48,""size"":0.08171328,""num_orders"":1},{""price"":73430.0,""size"":0.0163,""num_orders"":1},{""price"":73430.14,""size"":0.08176414,""num_orders"":1},{""price"":73430.55,""size"":0.00391783,""num_orders"":1},{""price"":73430.58,""size"":1.5e-05,""num_orders"":1}]"
btc_usd_d10_20260528T101548Z,32,2026-05-28T10:47:48.336847Z,2026-05-28T10:47:48.336969Z,BTC-USD,10,ok,,129063635846,2026-05-28T10:47:46.046392405Z,0.85863437,0.3028663,0.478491389936,73441.550000000003,73441.559999999998,73441.554999999993,0.009999999995,0.001361626942,"[{""price"":73441.55,""size"":0.2460985,""num_orders"":13},{""price"":73441.09,""size"":0.02614536,""num_orders"":1},{""price"":73440.18,""size"":0.04087151,""num_orders"":1},{""price"":73440.17,""size"":0.02044566,""num_orders"":1},{""price"":73439.36,""size"":0.1176604,""num_orders"":1},{""price"":73439.35,""size"":0.20125545,""num_orders"":1},{""price"":73439.34,""size"":0.10895324,""num_orders"":1},{""price"":73438.5,""size"":0.0408505,""num_orders"":1},{""price"":73438.0,""size"":0.0155,""num_orders"":1},{""price"":73437.05,""size"":0.04085375,""num_orders"":1}]","[{""price"":73441.56,""size"":0.00041161,""num_orders"":3},{""price"":73443.67,""size"":0.00020307,""num_orders"":1},{""price"":73445.22,""size"":1.5e-05,""num_orders"":1},{""price"":73446.03,""size"":0.08169264,""num_orders"":1},{""price"":73447.13,""size"":0.06807617,""num_orders"":1},{""price"":73447.34,""size"":0.00020306,""num_orders"":1},{""price"":73448.1,""size"":0.002425,""num_orders"":1},{""price"":73448.88,""size"":1.5e-05,""num_orders"":1},{""price"":73449.16,""size"":0.10895324,""num_orders"":1},{""price"":73449.17,""size"":0.04087151,""num_orders"":1}]"
btc_usd_d10_20260528T101548Z,33,2026-05-28T10:48:48.336847Z,2026-05-28T10:48:48.336982Z,BTC-USD,10,ok,,129063683973,2026-05-28T10:48:47.605130659Z,0.3150686,0.52661084,-0.251333500555,73437.899999999994,73437.910000000003,73437.904999999999,0.010000000009,0.001361694619,"[{""price"":73437.9,""size"":0.039315,""num_orders"":2},{""price"":73436.01,""size"":0.0368615,""num_orders"":2},{""price"":73436.0,""size"":0.0388,""num_orders"":2},{""price"":73434.24,""size"":1.5e-05,""num_orders"":1},{""price"":73434.01,""size"":0.01327104,""num_orders"":1},{""price"":73434.0,""size"":0.0147,""num_orders"":1},{""price"":73432.48,""size"":0.02044566,""num_orders"":1},{""price"":73432.0,""size"":0.014,""num_orders"":1},{""price"":73431.62,""size"":0.02,""num_orders"":1},{""price"":73431.61,""size"":0.1176604,""num_orders"":1}]","[{""price"":73437.91,""size"":0.09985967,""num_orders"":4},{""price"":73440.0,""size"":0.014,""num_orders"":1},{""price"":73440.54,""size"":0.04087151,""num_orders"":1},{""price"":73441.54,""size"":0.27232546,""num_orders"":1},{""price"":73441.57,""size"":0.03276632,""num_orders"":1},{""price"":73442.0,""size"":0.014,""num_orders"":1},{""price"":73442.75,""size"":0.00127592,""num_orders"":1},{""price"":73443.19,""size"":0.04334417,""num_orders"":1},{""price"":73443.42,""size"":0.00680847,""num_orders"":1},{""price"":73443.72,""size"":0.00135932,""num_orders"":1}]"
btc_usd_d10_20260528T101548Z,34,2026-05-28T10:49:48.336847Z,2026-05-28T10:49:48.336971Z,BTC-USD,10,ok,,129063719284,2026-05-28T10:49:46.624445146Z,0.77482661,0.60726142,0.121240605781,73408.839999999997,73408.850000000006,73408.845000000001,0.010000000009,0.001362233667,"[{""price"":73408.84,""size"":0.72824104,""num_orders"":13},{""price"":73408.83,""size"":1e-08,""num_orders"":1},{""price"":73408.81,""size"":2e-08,""num_orders"":1},{""price"":73408.8,""size"":5e-08,""num_orders"":1},{""price"":73408.78,""size"":7e-08,""num_orders"":1},{""price"":73408.76,""size"":1.4e-07,""num_orders"":1},{""price"":73407.0,""size"":0.0057,""num_orders"":1},{""price"":73404.96,""size"":1.5e-05,""num_orders"":1},{""price"":73404.95,""size"":2e-08,""num_orders"":1},{""price"":73402.98,""size"":0.04087026,""num_orders"":1}]","[{""price"":73408.85,""size"":0.15233591,""num_orders"":5},{""price"":73408.86,""size"":0.02999973,""num_orders"":2},{""price"":73408.87,""size"":0.00127621,""num_orders"":1},{""price"":73408.88,""size"":0.03,""num_orders"":1},{""price"":73409.99,""size"":0.04087151,""num_orders"":1},{""price"":73410.0,""size"":0.0151,""num_orders"":2},{""price"":73411.68,""size"":0.27243624,""num_orders"":1},{""price"":73411.75,""size"":0.00135991,""num_orders"":1},{""price"":73411.97,""size"":0.04998191,""num_orders"":1},{""price"":73412.0,""size"":0.0139,""num_orders"":1}]"
btc_usd_d10_20260528T101548Z,35,2026-05-28T10:50:48.336847Z,2026-05-28T10:50:48.336972Z,BTC-USD,10,ok,,129063770775,2026-05-28T10:50:46.621645440Z,2.32382825,1.27971287,0.289747041932,73340.669999999998,73340.679999999993,73340.674999999988,0.009999999995,0.001363499858,"[{""price"":73340.67,""size"":0.00318594,""num_orders"":3},{""price"":73339.85,""size"":2.00001795,""num_orders"":2},{""price"":73339.08,""size"":1.5e-05,""num_orders"":1},{""price"":73339.0,""size"":0.0192,""num_orders"":1},{""price"":73336.0,""size"":0.0132,""num_orders"":1},{""price"":73335.76,""size"":0.02727105,""num_orders"":1},{""price"":73335.42,""size"":1.5e-05,""num_orders"":1},{""price"":73334.8,""size"":0.04090826,""num_orders"":1},{""price"":73334.11,""size"":0.19063725,""num_orders"":1},{""price"":73333.34,""size"":0.0293778,""num_orders"":2}]","[{""price"":73340.68,""size"":0.13260822,""num_orders"":5},{""price"":73343.35,""size"":0.1176604,""num_orders"":1},{""price"":73343.36,""size"":0.19063725,""num_orders"":1},{""price"":73343.37,""size"":0.27268997,""num_orders"":1},{""price"":73344.0,""size"":0.0126,""num_orders"":1},{""price"":73345.42,""size"":0.04902925,""num_orders"":1},{""price"":73346.0,""size"":0.0139,""num_orders"":1},{""price"":73346.09,""size"":0.19063725,""num_orders"":1},{""price"":73346.19,""size"":0.27267948,""num_orders"":1},{""price"":73346.76,""size"":0.02727105,""num_orders"":1}]"
btc_usd_d10_20260528T101548Z,36,2026-05-28T10:51:48.336847Z,2026-05-28T10:51:48.336977Z,BTC-USD,10,ok,,129063841624,2026-05-28T10:51:45.844924154Z,1.05219707,0.60232507,0.271904490804,73315.25,73315.259999999995,73315.255000000005,0.009999999995,0.001363972613,"[{""price"":73315.25,""size"":0.00446148,""num_orders"":5},{""price"":73314.09,""size"":0.02727671,""num_orders"":1},{""price"":73314.02,""size"":0.00305697,""num_orders"":1},{""price"":73314.0,""size"":0.0519,""num_orders"":1},{""price"":73312.72,""size"":0.05455891,""num_orders"":1},{""price"":73312.71,""size"":0.87998475,""num_orders"":1},{""price"":73310.12,""size"":0.00234225,""num_orders"":1},{""price"":73310.0,""size"":0.0143,""num_orders"":1},{""price"":73309.8,""size"":1.6e-05,""num_orders"":1},{""price"":73308.0,""size"":0.0143,""num_orders"":1}]","[{""price"":73315.26,""size"":0.24696467,""num_orders"":4},{""price"":73315.27,""size"":0.0359736,""num_orders"":1},{""price"":73315.28,""size"":0.03991085,""num_orders"":1},{""price"":73315.29,""size"":0.03991085,""num_orders"":1},{""price"":73315.3,""size"":0.03991085,""num_orders"":1},{""price"":73315.31,""size"":0.03991085,""num_orders"":1},{""price"":73315.32,""size"":0.03991085,""num_orders"":1},{""price"":73315.33,""size"":0.03991085,""num_orders"":1},{""price"":73315.34,""size"":0.03991085,""num_orders"":1},{""price"":73315.35,""size"":0.04001085,""num_orders"":1}]"
btc_usd_d10_20260528T101548Z,37,2026-05-28T10:52:48.336847Z,2026-05-28T10:52:48.336975Z,BTC-USD,10,ok,,129063897992,2026-05-28T10:52:48.041818767Z,0.72028722,0.09892579,0.758485793579,73252.020000000004,73252.029999999999,73252.024999999994,0.009999999995,0.001365149973,"[{""price"":73252.02,""size"":0.30214265,""num_orders"":9},{""price"":73252.0,""size"":0.03857563,""num_orders"":2},{""price"":73251.0,""size"":0.0047,""num_orders"":1},{""price"":73250.0,""size"":0.0086,""num_orders"":1},{""price"":73249.99,""size"":0.01132367,""num_orders"":1},{""price"":73249.98,""size"":0.00607228,""num_orders"":1},{""price"":73249.62,""size"":0.04726938,""num_orders"":1},{""price"":73248.34,""size"":0.15648174,""num_orders"":2},{""price"":73248.33,""size"":0.13652187,""num_orders"":1},{""price"":73248.0,""size"":0.0086,""num_orders"":1}]","[{""price"":73252.03,""size"":0.01040553,""num_orders"":2},{""price"":73252.04,""size"":0.01636977,""num_orders"":1},{""price"":73254.01,""size"":0.02813595,""num_orders"":1},{""price"":73254.02,""size"":0.0061,""num_orders"":1},{""price"":73254.87,""size"":0.02813595,""num_orders"":1},{""price"":73254.9,""size"":1.6e-05,""num_orders"":1},{""price"":73255.69,""size"":0.00060016,""num_orders"":1},{""price"":73256.0,""size"":0.00036953,""num_orders"":1},{""price"":73257.76,""size"":0.0001929,""num_orders"":1},{""price"":73258.0,""size"":0.0086,""num_orders"":1}]"
btc_usd_d10_20260528T101548Z,38,2026-05-28T10:53:48.336847Z,2026-05-28T10:53:48.336968Z,BTC-USD,10,ok,,129063930491,2026-05-28T10:53:46.333824737Z,0.36583743,0.965547,-0.450440576356,73258.539999999994,73258.550000000003,73258.544999999998,0.010000000009,0.001365028477,"[{""price"":73258.54,""size"":0.11793567,""num_orders"":7},{""price"":73258.11,""size"":0.04095109,""num_orders"":1},{""price"":73257.84,""size"":0.001673,""num_orders"":1},{""price"":73257.04,""size"":0.00246175,""num_orders"":2},{""price"":73257.0,""size"":0.0055,""num_orders"":1},{""price"":73256.75,""size"":0.02620782,""num_orders"":1},{""price"":73256.0,""size"":0.0073,""num_orders"":1},{""price"":73255.72,""size"":0.1365081,""num_orders"":1},{""price"":73254.0,""size"":0.0073,""num_orders"":1},{""price"":73253.05,""size"":0.02,""num_orders"":1}]","[{""price"":73258.55,""size"":0.02952991,""num_orders"":4},{""price"":73259.59,""size"":0.12176336,""num_orders"":1},{""price"":73260.69,""size"":0.04095903,""num_orders"":1},{""price"":73260.7,""size"":0.54602604,""num_orders"":2},{""price"":73261.18,""size"":0.00011574,""num_orders"":1},{""price"":73262.21,""size"":0.00193362,""num_orders"":1},{""price"":73262.22,""size"":1.6e-05,""num_orders"":1},{""price"":73263.28,""size"":0.08189642,""num_orders"":1},{""price"":73264.05,""size"":0.00682514,""num_orders"":1},{""price"":73264.14,""size"":0.13648174,""num_orders"":1}]"
btc_usd_d10_20260528T101548Z,39,2026-05-28T10:54:48.336847Z,2026-05-28T10:54:48.336961Z,BTC-USD,10,ok,,129063966410,2026-05-28T10:54:45.547100338Z,0.47627477,0.34024173,0.166601703701,73293.979999999996,73293.990000000005,73293.985000000001,0.010000000009,0.001364368442,"[{""price"":73293.98,""size"":0.03545078,""num_orders"":3},{""price"":73293.09,""size"":0.00236423,""num_orders"":1},{""price"":73292.61,""size"":0.01782317,""num_orders"":1},{""price"":73292.0,""size"":0.0162,""num_orders"":2},{""price"":73291.51,""size"":0.00396252,""num_orders"":2},{""price"":73290.0,""size"":0.0094,""num_orders"":1},{""price"":73289.78,""size"":0.02,""num_orders"":1},{""price"":73289.77,""size"":0.06039722,""num_orders"":1},{""price"":73289.7,""size"":0.22879113,""num_orders"":2},{""price"":73289.69,""size"":0.08188572,""num_orders"":1}]","[{""price"":73293.99,""size"":0.02121085,""num_orders"":1},{""price"":73294.0,""size"":0.02151085,""num_orders"":1},{""price"":73295.17,""size"":0.08186078,""num_orders"":1},{""price"":73296.0,""size"":0.0099,""num_orders"":1},{""price"":73297.78,""size"":0.04095903,""num_orders"":1},{""price"":73297.79,""size"":0.02674922,""num_orders"":1},{""price"":73297.85,""size"":0.08188572,""num_orders"":1},{""price"":73298.0,""size"":0.0099,""num_orders"":1},{""price"":73298.33,""size"":0.04594435,""num_orders"":1},{""price"":73298.79,""size"":0.00032093,""num_orders"":1}]"
btc_usd_d10_20260528T101548Z,40,2026-05-28T10:55:48.336847Z,2026-05-28T10:55:48.336967Z,BTC-USD,10,ok,,129064003905,2026-05-28T10:55:47.547712789Z,0.55460694,0.96389506,-0.269534132981,73312.970000000001,73312.979999999996,73312.975000000006,0.009999999995,0.001364015032,"[{""price"":73312.97,""size"":0.22364198,""num_orders"":9},{""price"":73312.09,""size"":0.14246456,""num_orders"":3},{""price"":73312.0,""size"":0.0098,""num_orders"":1},{""price"":73311.77,""size"":0.04092933,""num_orders"":1},{""price"":73311.0,""size"":0.0104,""num_orders"":1},{""price"":73310.53,""size"":0.03782,""num_orders"":1},{""price"":73310.03,""size"":0.00082608,""num_orders"":1},{""price"":73310.0,""size"":0.0098,""num_orders"":1},{""price"":73309.79,""size"":0.00247825,""num_orders"":1},{""price"":73309.69,""size"":0.07644674,""num_orders"":1}]","[{""price"":73312.98,""size"":0.08217692,""num_orders"":2},{""price"":73313.46,""size"":1.6e-05,""num_orders"":1},{""price"":73314.7,""size"":0.27279659,""num_orders"":1},{""price"":73315.0,""size"":0.01,""num_orders"":1},{""price"":73316.14,""size"":0.13643532,""num_orders"":1},{""price"":73316.96,""size"":0.27278818,""num_orders"":1},{""price"":73316.97,""size"":0.05186908,""num_orders"":1},{""price"":73317.12,""size"":1.6e-05,""num_orders"":1},{""price"":73318.35,""size"":0.00136165,""num_orders"":1},{""price"":73318.39,""size"":0.13643532,""num_orders"":1}]"
btc_usd_d10_20260528T101548Z,41,2026-05-28T10:56:48.336847Z,2026-05-28T10:56:48.336979Z,BTC-USD,10,ok,,129064030658,2026-05-28T10:56:46.616160647Z,0.17210266,0.48164286,-0.473487298238,73319.539999999994,73319.550000000003,73319.544999999998,0.010000000009,0.001363892808,"[{""price"":73319.54,""size"":0.04006556,""num_orders"":10},{""price"":73319.53,""size"":0.01086906,""num_orders"":12},{""price"":73319.25,""size"":0.00280431,""num_orders"":1},{""price"":73318.0,""size"":0.019,""num_orders"":2},{""price"":73317.75,""size"":0.04091708,""num_orders"":1},{""price"":73317.38,""size"":0.00841314,""num_orders"":1},{""price"":73317.3,""size"":0.00024878,""num_orders"":1},{""price"":73317.07,""size"":0.01125491,""num_orders"":1},{""price"":73316.57,""size"":0.01125389,""num_orders"":1},{""price"":73316.4,""size"":0.02727593,""num_orders"":1}]","[{""price"":73319.55,""size"":0.11352408,""num_orders"":3},{""price"":73319.6,""size"":0.00068194,""num_orders"":1},{""price"":73320.12,""size"":0.00023148,""num_orders"":1},{""price"":73322.0,""size"":0.01004496,""num_orders"":2},{""price"":73322.06,""size"":0.27276922,""num_orders"":1},{""price"":73322.25,""size"":0.04660235,""num_orders"":1},{""price"":73323.22,""size"":0.02611129,""num_orders"":2},{""price"":73324.0,""size"":0.0103,""num_orders"":1},{""price"":73324.08,""size"":0.00136154,""num_orders"":1},{""price"":73324.44,""size"":1.6e-05,""num_orders"":1}]"
btc_usd_d10_20260528T101548Z,42,2026-05-28T10:57:48.336847Z,2026-05-28T10:57:48.336981Z,BTC-USD,10,ok,,129064052495,2026-05-28T10:57:45.631477123Z,0.11584867,0.87916985,-0.767142685947,73323.949999999997,73323.960000000006,73323.955000000002,0.010000000009,0.001363810778,"[{""price"":73323.95,""size"":0.0444148,""num_orders"":19},{""price"":73323.94,""size"":1e-08,""num_orders"":1},{""price"":73323.92,""size"":2e-08,""num_orders"":1},{""price"":73323.91,""size"":5e-08,""num_orders"":1},{""price"":73323.89,""size"":7e-08,""num_orders"":1},{""price"":73323.87,""size"":1.4e-07,""num_orders"":1},{""price"":73322.79,""size"":0.00247526,""num_orders"":1},{""price"":73322.01,""size"":0.04270443,""num_orders"":1},{""price"":73322.0,""size"":0.015,""num_orders"":2},{""price"":73320.77,""size"":0.01125389,""num_orders"":1}]","[{""price"":73323.96,""size"":0.10800867,""num_orders"":6},{""price"":73324.44,""size"":1.6e-05,""num_orders"":1},{""price"":73326.0,""size"":0.0103,""num_orders"":1},{""price"":73327.3,""size"":0.16366591,""num_orders"":1},{""price"":73327.31,""size"":0.04095903,""num_orders"":1},{""price"":73327.32,""size"":0.27274966,""num_orders"":1},{""price"":73327.63,""size"":0.00040753,""num_orders"":1},{""price"":73328.0,""size"":0.0103,""num_orders"":1},{""price"":73328.02,""size"":0.27274705,""num_orders"":1},{""price"":73328.1,""size"":1.6e-05,""num_orders"":1}]"
btc_usd_d10_20260528T101548Z,43,2026-05-28T10:58:48.336847Z,2026-05-28T10:58:48.336974Z,BTC-USD,10,ok,,129064102101,2026-05-28T10:58:47.306966173Z,0.5554516,0.90157251,-0.237553316808,73289.990000000005,73290,73289.994999999995,0.009999999995,0.001364442718,"[{""price"":73289.99,""size"":0.01407513,""num_orders"":3},{""price"":73289.0,""size"":0.0221,""num_orders"":1},{""price"":73288.0,""size"":0.0092,""num_orders"":1},{""price"":73287.57,""size"":0.00191163,""num_orders"":1},{""price"":73287.01,""size"":0.01629166,""num_orders"":1},{""price"":73286.41,""size"":0.02728922,""num_orders"":1},{""price"":73286.04,""size"":0.27120669,""num_orders"":1},{""price"":73286.03,""size"":0.16369775,""num_orders"":1},{""price"":73286.02,""size"":0.02047952,""num_orders"":1},{""price"":73286.0,""size"":0.0092,""num_orders"":1}]","[{""price"":73290.0,""size"":0.08161191,""num_orders"":1},{""price"":73291.5,""size"":0.04673295,""num_orders"":2},{""price"":73291.83,""size"":0.27288174,""num_orders"":1},{""price"":73292.69,""size"":0.00019291,""num_orders"":1},{""price"":73293.88,""size"":0.04095903,""num_orders"":1},{""price"":73293.89,""size"":0.002425,""num_orders"":1},{""price"":73294.0,""size"":0.0102,""num_orders"":1},{""price"":73294.64,""size"":0.16369775,""num_orders"":1},{""price"":73294.65,""size"":0.27287122,""num_orders"":1},{""price"":73295.0,""size"":0.01,""num_orders"":1}]"
btc_usd_d10_20260528T101548Z,44,2026-05-28T10:59:48.336847Z,2026-05-28T10:59:48.336983Z,BTC-USD,10,ok,,129064141471,2026-05-28T10:59:46.547761972Z,0.44051277,0.93678993,-0.360325409948,73277,73277.009999999995,73277.005000000005,0.009999999995,0.001364684596,"[{""price"":73277.0,""size"":0.02729086,""num_orders"":1},{""price"":73276.92,""size"":0.0003832,""num_orders"":1},{""price"":73276.86,""size"":1.6e-05,""num_orders"":1},{""price"":73276.0,""size"":0.0155,""num_orders"":2},{""price"":73275.88,""size"":0.04094116,""num_orders"":1},{""price"":73274.0,""size"":0.0079,""num_orders"":1},{""price"":73273.88,""size"":0.18129001,""num_orders"":1},{""price"":73273.87,""size"":0.16369775,""num_orders"":1},{""price"":73273.21,""size"":0.00272431,""num_orders"":1},{""price"":73273.2,""size"":0.00076948,""num_orders"":2}]","[{""price"":73277.01,""size"":0.00034118,""num_orders"":1},{""price"":73279.01,""size"":0.05324214,""num_orders"":2},{""price"":73281.2,""size"":0.08187639,""num_orders"":1},{""price"":73281.7,""size"":0.05015085,""num_orders"":1},{""price"":73282.71,""size"":0.00136231,""num_orders"":1},{""price"":73284.18,""size"":0.02,""num_orders"":1},{""price"":73284.19,""size"":0.44884437,""num_orders"":1},{""price"":73284.2,""size"":0.27291013,""num_orders"":1},{""price"":73284.51,""size"":0.00682323,""num_orders"":1},{""price"":73285.02,""size"":0.00123933,""num_orders"":1}]"
btc_usd_d10_20260528T101548Z,45,2026-05-28T11:00:48.336847Z,2026-05-28T11:00:48.336939Z,BTC-USD,10,ok,,129064200959,2026-05-28T11:00:47.344361994Z,0.57522086,1.71065318,-0.496716923212,73251.240000000005,73251.25,73251.244999999995,0.009999999995,0.001365164509,"[{""price"":73251.24,""size"":1.6e-05,""num_orders"":1},{""price"":73250.0,""size"":0.1,""num_orders"":1},{""price"":73248.76,""size"":0.16369775,""num_orders"":1},{""price"":73248.0,""size"":0.0078,""num_orders"":1},{""price"":73247.59,""size"":0.04095903,""num_orders"":1},{""price"":73247.58,""size"":1.6e-05,""num_orders"":1},{""price"":73246.42,""size"":0.16369775,""num_orders"":1},{""price"":73246.01,""size"":0.04094395,""num_orders"":1},{""price"":73246.0,""size"":0.0078,""num_orders"":1},{""price"":73245.28,""size"":0.05029038,""num_orders"":1}]","[{""price"":73251.25,""size"":0.38532908,""num_orders"":4},{""price"":73253.33,""size"":0.28408351,""num_orders"":1},{""price"":73254.0,""size"":0.02047952,""num_orders"":1},{""price"":73254.14,""size"":0.00136283,""num_orders"":1},{""price"":73254.17,""size"":0.273022,""num_orders"":1},{""price"":73254.32,""size"":0.04163322,""num_orders"":1},{""price"":73256.75,""size"":0.00682582,""num_orders"":1},{""price"":73256.86,""size"":0.16369775,""num_orders"":1},{""price"":73256.87,""size"":0.26120758,""num_orders"":1},{""price"":73256.89,""size"":0.27301187,""num_orders"":1}]"
btc_usd_d10_20260528T101548Z,46,2026-05-28T11:01:48.336847Z,2026-05-28T11:01:48.336975Z,BTC-USD,10,ok,,129064245417,2026-05-28T11:01:47.182034252Z,0.75717531,0.22390631,0.543552125663,73284.25,73284.259999999995,73284.255000000005,0.009999999995,0.001364549588,"[{""price"":73284.25,""size"":0.19448352,""num_orders"":9},{""price"":73284.21,""size"":0.00068227,""num_orders"":1},{""price"":73284.0,""size"":0.0095,""num_orders"":1},{""price"":73283.0,""size"":0.025,""num_orders"":1},{""price"":73282.32,""size"":0.19930544,""num_orders"":1},{""price"":73282.31,""size"":0.16369775,""num_orders"":1},{""price"":73282.0,""size"":0.0095,""num_orders"":1},{""price"":73281.38,""size"":0.03,""num_orders"":1},{""price"":73281.36,""size"":0.03,""num_orders"":1},{""price"":73281.14,""size"":0.09500633,""num_orders"":1}]","[{""price"":73284.26,""size"":0.09584264,""num_orders"":6},{""price"":73287.84,""size"":1.6e-05,""num_orders"":1},{""price"":73287.92,""size"":0.01639507,""num_orders"":2},{""price"":73290.0,""size"":0.01,""num_orders"":1},{""price"":73290.88,""size"":0.00485,""num_orders"":1},{""price"":73291.21,""size"":0.00136215,""num_orders"":1},{""price"":73291.5,""size"":1.6e-05,""num_orders"":1},{""price"":73291.59,""size"":0.00065919,""num_orders"":1},{""price"":73293.01,""size"":0.02728926,""num_orders"":1},{""price"":73293.12,""size"":0.067476,""num_orders"":1}]"
btc_usd_d10_20260528T101548Z,47,2026-05-28T11:02:48.336847Z,2026-05-28T11:02:48.336971Z,BTC-USD,10,ok,,129064280907,2026-05-28T11:02:46.019371282Z,0.06432098,1.03670777,-0.883162033689,73295.139999999999,73295.149999999994,73295.14499999999,0.009999999995,0.001364346847,"[{""price"":73295.14,""size"":0.03733845,""num_orders"":8},{""price"":73295.13,""size"":1e-08,""num_orders"":1},{""price"":73295.12,""size"":2e-08,""num_orders"":1},{""price"":73295.11,""size"":3e-08,""num_orders"":1},{""price"":73295.1,""size"":4e-08,""num_orders"":1},{""price"":73295.09,""size"":6e-08,""num_orders"":1},{""price"":73295.08,""size"":8e-08,""num_orders"":1},{""price"":73295.06,""size"":1.2e-07,""num_orders"":1},{""price"":73294.0,""size"":0.0263,""num_orders"":2},{""price"":73293.2,""size"":0.00068217,""num_orders"":1}]","[{""price"":73295.15,""size"":0.10116982,""num_orders"":4},{""price"":73295.16,""size"":0.0236426,""num_orders"":3},{""price"":73297.05,""size"":0.18863934,""num_orders"":1},{""price"":73297.08,""size"":0.27286218,""num_orders"":1},{""price"":73298.46,""size"":0.04310062,""num_orders"":1},{""price"":73298.81,""size"":0.01540167,""num_orders"":1},{""price"":73298.82,""size"":1.6e-05,""num_orders"":1},{""price"":73299.42,""size"":0.00136198,""num_orders"":1},{""price"":73299.49,""size"":0.1176604,""num_orders"":1},{""price"":73299.5,""size"":0.27285316,""num_orders"":1}]"
btc_usd_d10_20260528T101548Z,48,2026-05-28T11:03:48.336847Z,2026-05-28T11:03:48.336979Z,BTC-USD,10,ok,,129064331291,2026-05-28T11:03:47.546936023Z,1.28219308,0.69805311,0.294983509096,73311.649999999994,73311.660000000003,73311.654999999999,0.010000000009,0.001364039594,"[{""price"":73311.65,""size"":0.52169631,""num_orders"":9},{""price"":73310.0,""size"":0.0209,""num_orders"":2},{""price"":73309.79,""size"":0.31539356,""num_orders"":1},{""price"":73309.78,""size"":0.1955,""num_orders"":1},{""price"":73308.16,""size"":0.21830313,""num_orders"":1},{""price"":73308.0,""size"":0.0104,""num_orders"":1},{""price"":73307.98,""size"":1e-08,""num_orders"":1},{""price"":73307.97,""size"":1e-08,""num_orders"":1},{""price"":73307.95,""size"":2e-08,""num_orders"":1},{""price"":73307.94,""size"":4e-08,""num_orders"":1}]","[{""price"":73311.66,""size"":0.00485297,""num_orders"":4},{""price"":73312.84,""size"":0.08184105,""num_orders"":1},{""price"":73313.46,""size"":1.6e-05,""num_orders"":1},{""price"":73313.47,""size"":0.00021977,""num_orders"":1},{""price"":73315.0,""size"":0.01,""num_orders"":1},{""price"":73315.33,""size"":0.00298583,""num_orders"":2},{""price"":73316.0,""size"":0.0116,""num_orders"":1},{""price"":73316.24,""size"":0.04095903,""num_orders"":1},{""price"":73316.27,""size"":0.27279076,""num_orders"":1},{""price"":73317.09,""size"":0.2727877,""num_orders"":1}]"
btc_usd_d10_20260528T101548Z,49,2026-05-28T11:04:48.336847Z,2026-05-28T11:04:48.336964Z,BTC-USD,10,ok,,129064392135,2026-05-28T11:04:45.630436194Z,1.771003,1.47269567,0.091965179367,73300.729999999996,73300.740000000005,73300.735000000001,0.010000000009,0.001364242802,"[{""price"":73300.73,""size"":0.00263666,""num_orders"":2},{""price"":73299.0,""size"":0.0001,""num_orders"":1},{""price"":73294.51,""size"":0.5970296,""num_orders"":2},{""price"":73294.5,""size"":1.0,""num_orders"":1},{""price"":73293.25,""size"":0.02619127,""num_orders"":1},{""price"":73291.5,""size"":1.6e-05,""num_orders"":1},{""price"":73291.28,""size"":0.04093255,""num_orders"":1},{""price"":73291.04,""size"":0.04265837,""num_orders"":1},{""price"":73291.03,""size"":0.04095903,""num_orders"":1},{""price"":73291.0,""size"":0.02047952,""num_orders"":1}]","[{""price"":73300.74,""size"":0.18259851,""num_orders"":6},{""price"":73302.0,""size"":0.0103,""num_orders"":1},{""price"":73302.42,""size"":0.1176604,""num_orders"":1},{""price"":73302.43,""size"":0.04095903,""num_orders"":1},{""price"":73302.44,""size"":0.53568247,""num_orders"":1},{""price"":73302.45,""size"":0.30013342,""num_orders"":1},{""price"":73302.56,""size"":2.971e-05,""num_orders"":1},{""price"":73303.36,""size"":0.00219578,""num_orders"":1},{""price"":73304.0,""size"":0.0103,""num_orders"":1},{""price"":73304.02,""size"":0.27283635,""num_orders"":1}]"
btc_usd_d10_20260528T101548Z,50,2026-05-28T11:05:48.336847Z,2026-05-28T11:05:48.336991Z,BTC-USD,10,ok,,129064451080,2026-05-28T11:05:46.601942161Z,2.00729969,0.20759867,0.812543389124,73283.139999999999,73283.149999999994,73283.14499999999,0.009999999995,0.001364570256,"[{""price"":73283.14,""size"":1.10289902,""num_orders"":11},{""price"":73282.93,""size"":0.04093722,""num_orders"":1},{""price"":73282.0,""size"":0.0108,""num_orders"":1},{""price"":73281.63,""size"":0.08594375,""num_orders"":2},{""price"":73281.61,""size"":0.06229164,""num_orders"":1},{""price"":73280.58,""size"":0.06825381,""num_orders"":1},{""price"":73280.57,""size"":0.02620295,""num_orders"":1},{""price"":73280.51,""size"":0.30969883,""num_orders"":2},{""price"":73279.76,""size"":0.13646332,""num_orders"":1},{""price"":73279.5,""size"":0.16380915,""num_orders"":1}]","[{""price"":73283.15,""size"":0.00141091,""num_orders"":1},{""price"":73284.18,""size"":1.6e-05,""num_orders"":1},{""price"":73285.0,""size"":0.01,""num_orders"":1},{""price"":73286.82,""size"":0.00141084,""num_orders"":1},{""price"":73287.84,""size"":1.6e-05,""num_orders"":1},{""price"":73288.0,""size"":0.0171,""num_orders"":1},{""price"":73289.96,""size"":0.16380915,""num_orders"":1},{""price"":73290.0,""size"":0.01,""num_orders"":1},{""price"":73290.14,""size"":0.002425,""num_orders"":1},{""price"":73290.48,""size"":0.00141077,""num_orders"":1}]"
btc_usd_d10_20260528T101548Z,51,2026-05-28T11:06:48.336847Z,2026-05-28T11:06:48.337002Z,BTC-USD,10,ok,,129064488236,2026-05-28T11:06:46.046546453Z,0.57614922,0.79901304,-0.162063653492,73273.199999999997,73273.210000000006,73273.205000000002,0.010000000009,0.001364755371,"[{""price"":73273.2,""size"":0.22446025,""num_orders"":8},{""price"":73272.85,""size"":0.08289731,""num_orders"":2},{""price"":73272.84,""size"":0.04094286,""num_orders"":1},{""price"":73272.0,""size"":0.0148,""num_orders"":2},{""price"":73270.21,""size"":0.05456343,""num_orders"":1},{""price"":73270.2,""size"":0.02619062,""num_orders"":1},{""price"":73270.0,""size"":0.0147,""num_orders"":1},{""price"":73269.54,""size"":1.6e-05,""num_orders"":1},{""price"":73268.72,""size"":0.02,""num_orders"":1},{""price"":73268.71,""size"":0.09757875,""num_orders"":1}]","[{""price"":73273.21,""size"":0.06597761,""num_orders"":4},{""price"":73274.01,""size"":0.00014503,""num_orders"":1},{""price"":73276.84,""size"":0.10914914,""num_orders"":1},{""price"":73278.0,""size"":0.0147,""num_orders"":1},{""price"":73278.71,""size"":0.00682377,""num_orders"":1},{""price"":73279.05,""size"":0.10914914,""num_orders"":1},{""price"":73280.0,""size"":0.0155,""num_orders"":1},{""price"":73280.29,""size"":0.08187741,""num_orders"":1},{""price"":73281.35,""size"":0.2865418,""num_orders"":1},{""price"":73281.36,""size"":0.10914914,""num_orders"":1}]"
btc_usd_d10_20260528T101548Z,52,2026-05-28T11:07:48.336847Z,2026-05-28T11:07:48.336995Z,BTC-USD,10,ok,,129064522284,2026-05-28T11:07:46.171086184Z,0.27982373,0.67788734,-0.415640606514,73258.610000000001,73258.619999999995,73258.614999999991,0.009999999995,0.00136502717,"[{""price"":73258.61,""size"":0.13989942,""num_orders"":5},{""price"":73258.59,""size"":0.04168694,""num_orders"":3},{""price"":73258.56,""size"":1.6e-05,""num_orders"":1},{""price"":73258.0,""size"":0.0125,""num_orders"":1},{""price"":73257.07,""size"":0.01340847,""num_orders"":1},{""price"":73257.0,""size"":0.0042,""num_orders"":1},{""price"":73256.0,""size"":0.0125,""num_orders"":1},{""price"":73255.98,""size"":0.0012454,""num_orders"":1},{""price"":73255.97,""size"":0.01340847,""num_orders"":1},{""price"":73255.71,""size"":0.04095903,""num_orders"":1}]","[{""price"":73258.62,""size"":0.0324466,""num_orders"":2},{""price"":73259.91,""size"":0.00014899,""num_orders"":1},{""price"":73261.25,""size"":0.00151846,""num_orders"":1},{""price"":73261.4,""size"":0.07262454,""num_orders"":1},{""price"":73261.41,""size"":0.10914914,""num_orders"":1},{""price"":73262.0,""size"":0.0125,""num_orders"":1},{""price"":73262.62,""size"":0.22147815,""num_orders"":1},{""price"":73262.8,""size"":0.05061851,""num_orders"":1},{""price"":73263.33,""size"":0.06825381,""num_orders"":1},{""price"":73263.61,""size"":0.10914914,""num_orders"":1}]"
btc_usd_d10_20260528T101548Z,53,2026-05-28T11:08:48.336847Z,2026-05-28T11:08:48.336984Z,BTC-USD,10,ok,,129064553935,2026-05-28T11:08:45.547826893Z,0.12410819,2.0203629,-0.884252867219,73241.649999999994,73241.660000000003,73241.654999999999,0.010000000009,0.001365343261,"[{""price"":73241.65,""size"":0.05223827,""num_orders"":4},{""price"":73240.0,""size"":0.0045,""num_orders"":1},{""price"":73238.42,""size"":0.00875142,""num_orders"":1},{""price"":73236.96,""size"":0.00152859,""num_orders"":2},{""price"":73236.73,""size"":0.00168999,""num_orders"":2},{""price"":73236.6,""size"":1.6e-05,""num_orders"":1},{""price"":73236.1,""size"":0.00875142,""num_orders"":1},{""price"":73236.0,""size"":0.0125,""num_orders"":1},{""price"":73235.24,""size"":0.0068268,""num_orders"":1},{""price"":73234.91,""size"":0.0273057,""num_orders"":1}]","[{""price"":73241.66,""size"":0.98111578,""num_orders"":6},{""price"":73241.69,""size"":0.08192056,""num_orders"":1},{""price"":73241.84,""size"":0.29062497,""num_orders"":2},{""price"":73241.85,""size"":0.0535853,""num_orders"":2},{""price"":73242.0,""size"":0.0125,""num_orders"":1},{""price"":73242.8,""size"":0.04733803,""num_orders"":1},{""price"":73243.73,""size"":0.0819261,""num_orders"":1},{""price"":73243.74,""size"":0.061735,""num_orders"":1},{""price"":73243.75,""size"":0.27308709,""num_orders"":1},{""price"":73243.94,""size"":0.13653007,""num_orders"":1}]"
btc_usd_d10_20260528T101548Z,54,2026-05-28T11:09:48.336847Z,2026-05-28T11:09:48.336978Z,BTC-USD,10,ok,,129064606296,2026-05-28T11:09:46.541851162Z,2.2305381,0.37001148,0.715435934892,73257.309999999998,73257.320000000007,73257.315000000002,0.010000000009,0.001365051396,"[{""price"":73257.31,""size"":0.13125561,""num_orders"":6},{""price"":73257.3,""size"":0.03,""num_orders"":1},{""price"":73257.29,""size"":0.1140422,""num_orders"":1},{""price"":73257.28,""size"":0.03,""num_orders"":1},{""price"":73256.0,""size"":0.0453,""num_orders"":2},{""price"":73255.51,""size"":0.01603215,""num_orders"":1},{""price"":73254.9,""size"":0.08850693,""num_orders"":2},{""price"":73254.89,""size"":0.71854764,""num_orders"":1},{""price"":73254.0,""size"":1.0159,""num_orders"":2},{""price"":73253.68,""size"":0.04095357,""num_orders"":1}]","[{""price"":73257.32,""size"":0.00556185,""num_orders"":1},{""price"":73258.56,""size"":1.6e-05,""num_orders"":1},{""price"":73260.0,""size"":0.01,""num_orders"":1},{""price"":73260.97,""size"":0.04095155,""num_orders"":1},{""price"":73260.98,""size"":0.002425,""num_orders"":1},{""price"":73260.99,""size"":0.08189897,""num_orders"":1},{""price"":73261.83,""size"":0.02925565,""num_orders"":1},{""price"":73261.84,""size"":0.0747347,""num_orders"":1},{""price"":73261.85,""size"":0.10926776,""num_orders"":1},{""price"":73262.0,""size"":0.0159,""num_orders"":1}]"
btc_usd_d10_20260528T101548Z,55,2026-05-28T11:10:48.336847Z,2026-05-28T11:10:48.337000Z,BTC-USD,10,ok,,129064643044,2026-05-28T11:10:45.836565834Z,0.17276136,1.96737145,-0.838550804704,73243.919999999998,73243.929999999993,73243.924999999988,0.009999999995,0.001365300944,"[{""price"":73243.92,""size"":0.04566045,""num_orders"":5},{""price"":73242.0,""size"":0.0055,""num_orders"":1},{""price"":73241.65,""size"":0.00214631,""num_orders"":1},{""price"":73240.26,""size"":1.6e-05,""num_orders"":1},{""price"":73238.87,""size"":0.0147296,""num_orders"":1},{""price"":73238.15,""size"":0.02730397,""num_orders"":1},{""price"":73238.0,""size"":0.0137,""num_orders"":1},{""price"":73237.51,""size"":0.04095341,""num_orders"":1},{""price"":73236.62,""size"":0.00275162,""num_orders"":3},{""price"":73236.61,""size"":0.02,""num_orders"":1}]","[{""price"":73243.93,""size"":1.0273727,""num_orders"":7},{""price"":73243.96,""size"":0.35114071,""num_orders"":1},{""price"":73243.97,""size"":0.08328101,""num_orders"":2},{""price"":73244.0,""size"":0.0143,""num_orders"":1},{""price"":73245.48,""size"":0.10926776,""num_orders"":1},{""price"":73246.0,""size"":0.01305817,""num_orders"":2},{""price"":73246.26,""size"":0.00068265,""num_orders"":1},{""price"":73246.39,""size"":0.04097582,""num_orders"":1},{""price"":73246.49,""size"":0.05424542,""num_orders"":1},{""price"":73247.41,""size"":0.27304721,""num_orders"":1}]"
btc_usd_d10_20260528T101548Z,56,2026-05-28T11:11:48.336847Z,2026-05-28T11:11:48.336969Z,BTC-USD,10,ok,,129064678050,2026-05-28T11:11:47.687657310Z,0.78749714,0.70522112,0.055118251183,73245.550000000003,73245.559999999998,73245.554999999993,0.009999999995,0.001365270561,"[{""price"":73245.55,""size"":0.05152901,""num_orders"":3},{""price"":73244.0,""size"":0.0166,""num_orders"":1},{""price"":73243.5,""size"":0.15034935,""num_orders"":1},{""price"":73243.47,""size"":0.03539008,""num_orders"":1},{""price"":73243.46,""size"":0.03539008,""num_orders"":1},{""price"":73242.12,""size"":0.135,""num_orders"":1},{""price"":73242.0,""size"":0.0166,""num_orders"":1},{""price"":73240.64,""size"":0.04096086,""num_orders"":1},{""price"":73240.6,""size"":0.10926776,""num_orders"":1},{""price"":73240.01,""size"":0.19641,""num_orders"":1}]","[{""price"":73245.56,""size"":0.148243,""num_orders"":1},{""price"":73246.72,""size"":0.00342081,""num_orders"":3},{""price"":73246.99,""size"":0.08191463,""num_orders"":1},{""price"":73247.14,""size"":0.00682693,""num_orders"":1},{""price"":73247.58,""size"":1.6e-05,""num_orders"":1},{""price"":73248.0,""size"":0.0166,""num_orders"":1},{""price"":73248.52,""size"":0.31046906,""num_orders"":1},{""price"":73249.27,""size"":0.00136293,""num_orders"":1},{""price"":73250.0,""size"":0.0271,""num_orders"":3},{""price"":73250.88,""size"":0.10926776,""num_orders"":1}]"
btc_usd_d10_20260528T101548Z,57,2026-05-28T11:12:48.336847Z,2026-05-28T11:12:48.336983Z,BTC-USD,10,ok,,129064714965,2026-05-28T11:12:47.580890414Z,0.19692537,1.70602327,-0.793031334782,73280.520000000004,73280.529999999999,73280.524999999994,0.009999999995,0.001364619044,"[{""price"":73280.52,""size"":0.0283718,""num_orders"":4},{""price"":73279.1,""size"":0.02620006,""num_orders"":1},{""price"":73278.61,""size"":0.01900139,""num_orders"":2},{""price"":73278.0,""size"":0.0142,""num_orders"":1},{""price"":73277.51,""size"":0.01900139,""num_orders"":2},{""price"":73276.86,""size"":1.6e-05,""num_orders"":1},{""price"":73276.0,""size"":0.0142,""num_orders"":1},{""price"":73274.0,""size"":0.015,""num_orders"":1},{""price"":73273.23,""size"":0.02,""num_orders"":1},{""price"":73273.22,""size"":0.04093473,""num_orders"":1}]","[{""price"":73280.53,""size"":1.11578174,""num_orders"":10},{""price"":73281.32,""size"":0.0954036,""num_orders"":1},{""price"":73281.35,""size"":0.05403236,""num_orders"":1},{""price"":73281.99,""size"":0.0750879,""num_orders"":2},{""price"":73282.0,""size"":0.0142,""num_orders"":1},{""price"":73282.65,""size"":0.00092246,""num_orders"":1},{""price"":73282.81,""size"":0.00136231,""num_orders"":1},{""price"":73284.0,""size"":0.0142,""num_orders"":1},{""price"":73284.19,""size"":0.00951033,""num_orders"":1},{""price"":73284.33,""size"":0.32552257,""num_orders"":2}]"
btc_usd_d10_20260528T101548Z,58,2026-05-28T11:13:48.336847Z,2026-05-28T11:13:48.336975Z,BTC-USD,10,ok,,129064750102,2026-05-28T11:13:46.547921494Z,0.82573616,0.79046054,0.021826316067,73293.309999999998,73293.320000000007,73293.315000000002,0.010000000009,0.001364380914,"[{""price"":73293.31,""size"":0.30335568,""num_orders"":23},{""price"":73293.03,""size"":0.04093158,""num_orders"":1},{""price"":73292.0,""size"":0.0135,""num_orders"":1},{""price"":73291.5,""size"":0.32809577,""num_orders"":2},{""price"":73291.41,""size"":0.00883915,""num_orders"":1},{""price"":73290.52,""size"":0.0001358,""num_orders"":1},{""price"":73290.31,""size"":0.02119494,""num_orders"":2},{""price"":73290.0,""size"":0.0142,""num_orders"":1},{""price"":73289.58,""size"":0.05454999,""num_orders"":1},{""price"":73289.57,""size"":0.04093325,""num_orders"":1}]","[{""price"":73293.32,""size"":0.01853406,""num_orders"":12},{""price"":73296.95,""size"":0.10926776,""num_orders"":1},{""price"":73298.18,""size"":0.08185742,""num_orders"":1},{""price"":73298.82,""size"":0.0068219,""num_orders"":1},{""price"":73299.5,""size"":0.37500644,""num_orders"":1},{""price"":73299.51,""size"":0.10926776,""num_orders"":1},{""price"":73299.85,""size"":0.0006173,""num_orders"":2},{""price"":73299.9,""size"":0.04097582,""num_orders"":1},{""price"":73299.91,""size"":0.03411208,""num_orders"":1},{""price"":73300.0,""size"":0.014,""num_orders"":2}]"
btc_usd_d10_20260528T101548Z,59,2026-05-28T11:14:48.336847Z,2026-05-28T11:14:48.336970Z,BTC-USD,10,ok,,129064783224,2026-05-28T11:14:47.676169969Z,0.55864753,0.27608685,0.338503704616,73305.690000000002,73305.699999999997,73305.695000000007,0.009999999995,0.001364150493,"[{""price"":73305.69,""size"":0.09999719,""num_orders"":8},{""price"":73305.31,""size"":0.04092472,""num_orders"":1},{""price"":73304.03,""size"":0.15180979,""num_orders"":1},{""price"":73304.02,""size"":0.13645172,""num_orders"":1},{""price"":73304.0,""size"":0.03779073,""num_orders"":2},{""price"":73303.88,""size"":0.00068207,""num_orders"":1},{""price"":73303.47,""size"":0.00301035,""num_orders"":2},{""price"":73302.81,""size"":0.03542737,""num_orders"":4},{""price"":73302.25,""size"":0.04095359,""num_orders"":1},{""price"":73302.0,""size"":0.0116,""num_orders"":1}]","[{""price"":73305.7,""size"":0.01520618,""num_orders"":3},{""price"":73309.0,""size"":0.00020324,""num_orders"":1},{""price"":73309.8,""size"":1.6e-05,""num_orders"":1},{""price"":73310.0,""size"":0.01,""num_orders"":1},{""price"":73311.7,""size"":2.047e-05,""num_orders"":1},{""price"":73312.91,""size"":0.09369609,""num_orders"":1},{""price"":73312.92,""size"":0.08184097,""num_orders"":1},{""price"":73312.99,""size"":0.04097582,""num_orders"":1},{""price"":73313.26,""size"":0.03411208,""num_orders"":1},{""price"":73313.46,""size"":1.6e-05,""num_orders"":1}]"
btc_usd_d10_20260528T144058Z,0,2026-05-28T14:40:58.296518Z,2026-05-28T14:40:58.296559Z,BTC-USD,10,ok,,129078882395,2026-05-28T14:40:56.042280127Z,0.62830349,0.25495675,0.422691663331,72860.979999999996,72860.990000000005,72860.985000000001,0.010000000009,0.001372476643,"[{""price"":72860.98,""size"":0.04188701,""num_orders"":4},{""price"":72860.97,""size"":0.0411743,""num_orders"":1},{""price"":72860.0,""size"":0.005,""num_orders"":1},{""price"":72858.84,""size"":0.05674328,""num_orders"":1},{""price"":72858.0,""size"":0.005,""num_orders"":1},{""price"":72857.89,""size"":8.2e-07,""num_orders"":1},{""price"":72857.81,""size"":0.13725364,""num_orders"":1},{""price"":72856.0,""size"":0.005,""num_orders"":1},{""price"":72855.84,""size"":0.27451469,""num_orders"":1},{""price"":72855.07,""size"":0.06172975,""num_orders"":1}]","[{""price"":72860.99,""size"":0.00775163,""num_orders"":2},{""price"":72861.54,""size"":0.03173834,""num_orders"":1},{""price"":72863.28,""size"":1.6e-05,""num_orders"":1},{""price"":72864.31,""size"":0.00114576,""num_orders"":1},{""price"":72864.57,""size"":0.00134323,""num_orders"":1},{""price"":72864.58,""size"":0.08241226,""num_orders"":1},{""price"":72866.46,""size"":0.00686252,""num_orders"":1},{""price"":72866.77,""size"":0.08241226,""num_orders"":1},{""price"":72866.94,""size"":1.6e-05,""num_orders"":1},{""price"":72868.04,""size"":0.04125875,""num_orders"":1}]"
btc_usd_d10_20260528T144058Z,1,2026-05-28T14:41:58.296518Z,2026-05-28T14:41:58.296676Z,BTC-USD,10,ok,,129078982051,2026-05-28T14:41:56.683062153Z,0.40406938,0.78354784,-0.319529267183,72770.960000000006,72770.970000000001,72770.964999999997,0.009999999995,0.001374174438,"[{""price"":72770.96,""size"":1.821e-05,""num_orders"":1},{""price"":72768.64,""size"":0.01327104,""num_orders"":1},{""price"":72768.12,""size"":1.6e-05,""num_orders"":1},{""price"":72764.46,""size"":1.6e-05,""num_orders"":1},{""price"":72764.39,""size"":0.27485968,""num_orders"":1},{""price"":72763.23,""size"":0.02574164,""num_orders"":1},{""price"":72762.86,""size"":0.01831085,""num_orders"":1},{""price"":72760.8,""size"":1.6e-05,""num_orders"":1},{""price"":72760.0,""size"":0.01,""num_orders"":1},{""price"":72759.23,""size"":0.06181996,""num_orders"":1}]","[{""price"":72770.97,""size"":0.23309,""num_orders"":2},{""price"":72773.27,""size"":0.0355328,""num_orders"":1},{""price"":72774.21,""size"":0.13743669,""num_orders"":1},{""price"":72774.23,""size"":0.00443188,""num_orders"":1},{""price"":72776.14,""size"":0.00134398,""num_orders"":1},{""price"":72776.15,""size"":0.12044703,""num_orders"":1},{""price"":72776.64,""size"":0.13743669,""num_orders"":1},{""price"":72777.46,""size"":0.05085562,""num_orders"":1},{""price"":72777.68,""size"":0.01267817,""num_orders"":1},{""price"":72777.8,""size"":0.05029498,""num_orders"":1}]"
btc_usd_d10_20260528T144058Z,2,2026-05-28T14:42:58.296518Z,2026-05-28T14:42:58.296650Z,BTC-USD,10,ok,,129079103674,2026-05-28T14:42:56.338692690Z,0.93326986,1.5395838,-0.245187958272,72740.009999999995,72740.020000000004,72740.014999999999,0.010000000009,0.001374759135,"[{""price"":72740.01,""size"":0.03895836,""num_orders"":2},{""price"":72740.0,""size"":0.04124278,""num_orders"":1},{""price"":72739.97,""size"":0.00687368,""num_orders"":1},{""price"":72739.05,""size"":0.19253194,""num_orders"":1},{""price"":72738.0,""size"":0.0037,""num_orders"":1},{""price"":72737.53,""size"":0.27496121,""num_orders"":1},{""price"":72736.97,""size"":0.13750189,""num_orders"":2},{""price"":72736.01,""size"":0.19253194,""num_orders"":1},{""price"":72735.58,""size"":0.04126806,""num_orders"":1},{""price"":72734.0,""size"":0.0037,""num_orders"":1}]","[{""price"":72740.02,""size"":0.00891085,""num_orders"":1},{""price"":72742.49,""size"":0.00134522,""num_orders"":1},{""price"":72742.5,""size"":1.6e-05,""num_orders"":1},{""price"":72745.94,""size"":0.5204886,""num_orders"":2},{""price"":72745.95,""size"":0.19253194,""num_orders"":1},{""price"":72745.96,""size"":0.04126806,""num_orders"":1},{""price"":72746.16,""size"":1.6e-05,""num_orders"":1},{""price"":72748.0,""size"":0.5,""num_orders"":1},{""price"":72748.36,""size"":0.19253194,""num_orders"":1},{""price"":72749.15,""size"":0.08247519,""num_orders"":1}]"
btc_usd_d10_20260528T144058Z,3,2026-05-28T14:43:58.296518Z,2026-05-28T14:43:58.296653Z,BTC-USD,10,ok,,129079222747,2026-05-28T14:43:55.689029160Z,0.60401004,0.99738052,-0.245643061615,72734.820000000007,72734.830000000002,72734.825000000012,0.009999999995,0.001374857229,"[{""price"":72734.82,""size"":0.04126661,""num_orders"":3},{""price"":72732.0,""size"":0.0065,""num_orders"":1},{""price"":72731.95,""size"":0.08208223,""num_orders"":1},{""price"":72731.94,""size"":0.13749117,""num_orders"":1},{""price"":72730.0,""size"":0.0065,""num_orders"":1},{""price"":72728.1,""size"":0.3113739,""num_orders"":2},{""price"":72728.09,""size"":0.0116546,""num_orders"":1},{""price"":72728.07,""size"":0.0003414,""num_orders"":1},{""price"":72728.0,""size"":0.0068,""num_orders"":1},{""price"":72727.89,""size"":1.3e-07,""num_orders"":1}]","[{""price"":72734.83,""size"":0.01155457,""num_orders"":2},{""price"":72734.85,""size"":0.01121085,""num_orders"":1},{""price"":72736.0,""size"":0.0065,""num_orders"":1},{""price"":72737.05,""size"":0.00134482,""num_orders"":1},{""price"":72737.06,""size"":0.06884386,""num_orders"":1},{""price"":72738.0,""size"":0.0065,""num_orders"":1},{""price"":72738.84,""size"":1.6e-05,""num_orders"":1},{""price"":72739.79,""size"":0.08252992,""num_orders"":1},{""price"":72739.99,""size"":0.3023805,""num_orders"":1},{""price"":72740.0,""size"":0.5065,""num_orders"":2}]"
btc_usd_d10_20260528T144058Z,4,2026-05-28T14:44:58.296518Z,2026-05-28T14:44:58.296656Z,BTC-USD,10,ok,,129079330402,2026-05-28T14:44:55.604816404Z,0.7942462,0.57656307,0.158798991781,72712.889999999999,72712.899999999994,72712.89499999999,0.009999999995,0.001375271882,"[{""price"":72712.89,""size"":0.0159,""num_orders"":1},{""price"":72712.56,""size"":0.135,""num_orders"":1},{""price"":72712.4,""size"":0.01,""num_orders"":1},{""price"":72712.0,""size"":0.0145,""num_orders"":2},{""price"":72711.98,""size"":4e-08,""num_orders"":1},{""price"":72711.17,""size"":0.24985263,""num_orders"":1},{""price"":72710.58,""size"":0.08258518,""num_orders"":1},{""price"":72710.56,""size"":0.27506317,""num_orders"":1},{""price"":72708.49,""size"":0.00134518,""num_orders"":1},{""price"":72708.48,""size"":0.01,""num_orders"":1}]","[{""price"":72712.9,""size"":0.02649348,""num_orders"":1},{""price"":72717.77,""size"":0.0199489,""num_orders"":1},{""price"":72717.78,""size"":0.08258518,""num_orders"":1},{""price"":72718.56,""size"":0.02277281,""num_orders"":1},{""price"":72720.33,""size"":0.0412975,""num_orders"":1},{""price"":72720.54,""size"":1.6e-05,""num_orders"":1},{""price"":72721.05,""size"":0.0986067,""num_orders"":1},{""price"":72721.06,""size"":0.08258518,""num_orders"":1},{""price"":72723.27,""size"":0.08258518,""num_orders"":1},{""price"":72724.11,""size"":0.11967214,""num_orders"":2}]"
btc_usd_d10_20260528T144058Z,5,2026-05-28T14:45:58.296518Z,2026-05-28T14:45:58.296646Z,BTC-USD,10,ok,,129079436157,2026-05-28T14:45:57.683761522Z,0.45767944,0.20913939,0.372725002382,72703.880000000005,72703.889999999999,72703.885000000009,0.009999999995,0.001375442316,"[{""price"":72703.88,""size"":0.00726872,""num_orders"":3},{""price"":72702.53,""size"":0.04126403,""num_orders"":1},{""price"":72702.0,""size"":0.0093,""num_orders"":1},{""price"":72700.67,""size"":0.08258518,""num_orders"":1},{""price"":72700.66,""size"":0.13755032,""num_orders"":1},{""price"":72700.01,""size"":0.01,""num_orders"":1},{""price"":72700.0,""size"":0.0093,""num_orders"":1},{""price"":72698.43,""size"":0.00134491,""num_orders"":1},{""price"":72698.42,""size"":0.00687721,""num_orders"":1},{""price"":72698.16,""size"":0.15218907,""num_orders"":1}]","[{""price"":72703.89,""size"":0.08084174,""num_orders"":2},{""price"":72703.9,""size"":0.01421085,""num_orders"":1},{""price"":72703.91,""size"":0.01421085,""num_orders"":1},{""price"":72703.92,""size"":0.01421085,""num_orders"":1},{""price"":72703.93,""size"":0.01421085,""num_orders"":1},{""price"":72703.94,""size"":0.01421085,""num_orders"":1},{""price"":72703.95,""size"":0.01431085,""num_orders"":1},{""price"":72703.96,""size"":0.01431085,""num_orders"":1},{""price"":72703.97,""size"":0.01431085,""num_orders"":1},{""price"":72703.98,""size"":0.01431085,""num_orders"":1}]"
btc_usd_d10_20260528T144058Z,6,2026-05-28T14:46:58.296518Z,2026-05-28T14:46:58.296639Z,BTC-USD,10,ok,,129079575365,2026-05-28T14:46:56.189617949Z,0.10340525,0.6004227,-0.706163274704,72580.009999999995,72582.839999999997,72581.424999999988,2.830000000002,0.389906921778,"[{""price"":72580.01,""size"":0.00164282,""num_orders"":1},{""price"":72580.0,""size"":0.0054,""num_orders"":1},{""price"":72579.3,""size"":0.04133409,""num_orders"":1},{""price"":72579.03,""size"":8e-08,""num_orders"":1},{""price"":72578.0,""size"":0.0056,""num_orders"":1},{""price"":72577.8,""size"":1.6e-05,""num_orders"":1},{""price"":72576.99,""size"":8e-08,""num_orders"":1},{""price"":72576.98,""size"":1.2e-07,""num_orders"":1},{""price"":72576.97,""size"":1.6e-07,""num_orders"":1},{""price"":72576.77,""size"":0.0494119,""num_orders"":1}]","[{""price"":72582.84,""size"":0.08266495,""num_orders"":1},{""price"":72583.58,""size"":0.01835716,""num_orders"":2},{""price"":72583.59,""size"":0.04134683,""num_orders"":1},{""price"":72585.03,""size"":0.08266495,""num_orders"":1},{""price"":72586.82,""size"":0.00134767,""num_orders"":1},{""price"":72586.83,""size"":0.135,""num_orders"":1},{""price"":72587.31,""size"":0.08266495,""num_orders"":1},{""price"":72588.72,""size"":0.00068885,""num_orders"":1},{""price"":72589.56,""size"":0.11434051,""num_orders"":1},{""price"":72589.57,""size"":0.04134683,""num_orders"":1}]"
btc_usd_d10_20260528T144058Z,7,2026-05-28T14:47:58.296518Z,2026-05-28T14:47:58.296655Z,BTC-USD,10,ok,,129079697101,2026-05-28T14:47:58.046982911Z,0.68953508,0.89808961,-0.131362614422,72626.490000000005,72626.5,72626.494999999995,0.009999999995,0.001376907972,"[{""price"":72626.49,""size"":0.01724699,""num_orders"":3},{""price"":72626.47,""size"":0.04130725,""num_orders"":1},{""price"":72626.0,""size"":0.0088,""num_orders"":1},{""price"":72625.37,""size"":0.00058271,""num_orders"":1},{""price"":72625.36,""size"":1.3e-07,""num_orders"":1},{""price"":72624.0,""size"":0.0088,""num_orders"":1},{""price"":72623.52,""size"":0.08266495,""num_orders"":1},{""price"":72622.76,""size"":0.13769786,""num_orders"":1},{""price"":72622.0,""size"":0.0093,""num_orders"":1},{""price"":72621.34,""size"":0.38313519,""num_orders"":2}]","[{""price"":72626.5,""size"":0.08630387,""num_orders"":3},{""price"":72626.51,""size"":0.08576621,""num_orders"":3},{""price"":72626.54,""size"":0.00146759,""num_orders"":2},{""price"":72632.0,""size"":0.00688453,""num_orders"":1},{""price"":72632.12,""size"":0.04931702,""num_orders"":1},{""price"":72632.13,""size"":0.08260807,""num_orders"":1},{""price"":72632.98,""size"":0.36405273,""num_orders"":1},{""price"":72633.3,""size"":0.00134676,""num_orders"":1},{""price"":72633.31,""size"":0.13767788,""num_orders"":1},{""price"":72633.8,""size"":0.08266495,""num_orders"":1}]"
btc_usd_d10_20260528T144058Z,8,2026-05-28T14:48:58.296518Z,2026-05-28T14:48:58.296669Z,BTC-USD,10,ok,,129079797486,2026-05-28T14:48:57.590118976Z,0.55286928,0.92075899,-0.249648922655,72688.270000000004,72688.850000000006,72688.559999999998,0.580000000002,0.079792473534,"[{""price"":72688.27,""size"":1.3e-07,""num_orders"":1},{""price"":72687.6,""size"":1.6e-05,""num_orders"":1},{""price"":72686.37,""size"":0.06188528,""num_orders"":1},{""price"":72685.95,""size"":3.6e-07,""num_orders"":1},{""price"":72684.73,""size"":0.13758046,""num_orders"":1},{""price"":72684.0,""size"":0.0051,""num_orders"":1},{""price"":72683.94,""size"":1.6e-05,""num_orders"":1},{""price"":72682.06,""size"":0.27517105,""num_orders"":1},{""price"":72682.0,""size"":0.0051,""num_orders"":1},{""price"":72681.71,""size"":0.068,""num_orders"":1}]","[{""price"":72688.85,""size"":0.00110353,""num_orders"":1},{""price"":72692.69,""size"":0.00687838,""num_orders"":1},{""price"":72692.7,""size"":0.16506724,""num_orders"":1},{""price"":72693.48,""size"":0.04134683,""num_orders"":1},{""price"":72695.2,""size"":0.32035682,""num_orders"":2},{""price"":72695.21,""size"":0.16506724,""num_orders"":1},{""price"":72695.22,""size"":0.135,""num_orders"":1},{""price"":72695.4,""size"":0.00077249,""num_orders"":1},{""price"":72695.44,""size"":0.08253613,""num_orders"":1},{""price"":72697.02,""size"":0.00263033,""num_orders"":1}]"
btc_usd_d10_20260528T144058Z,9,2026-05-28T14:49:58.296518Z,2026-05-28T14:49:58.296651Z,BTC-USD,10,ok,,129079892130,2026-05-28T14:49:57.190401003Z,2.62304403,0.79143352,0.53642482142,72667.990000000005,72668,72667.994999999995,0.009999999995,0.001376121633,"[{""price"":72667.99,""size"":2.06880056,""num_orders"":3},{""price"":72666.0,""size"":0.0096,""num_orders"":1},{""price"":72665.64,""size"":0.01542835,""num_orders"":1},{""price"":72665.63,""size"":0.01,""num_orders"":1},{""price"":72664.93,""size"":0.13761796,""num_orders"":1},{""price"":72664.01,""size"":0.00134509,""num_orders"":1},{""price"":72664.0,""size"":0.00831821,""num_orders"":2},{""price"":72663.65,""size"":0.00190934,""num_orders"":1},{""price"":72662.73,""size"":0.14977931,""num_orders"":1},{""price"":72662.72,""size"":0.22024521,""num_orders"":1}]","[{""price"":72668.0,""size"":0.01591085,""num_orders"":1},{""price"":72668.15,""size"":0.002425,""num_orders"":1},{""price"":72669.3,""size"":1.6e-05,""num_orders"":1},{""price"":72670.0,""size"":0.0187,""num_orders"":2},{""price"":72672.78,""size"":0.33919559,""num_orders"":1},{""price"":72672.79,""size"":0.22024521,""num_orders"":1},{""price"":72672.96,""size"":1.6e-05,""num_orders"":1},{""price"":72675.0,""size"":0.01,""num_orders"":1},{""price"":72675.27,""size"":0.135,""num_orders"":1},{""price"":72675.29,""size"":0.04992487,""num_orders"":1}]"
btc_usd_d10_20260528T144058Z,10,2026-05-28T14:50:58.296518Z,2026-05-28T14:50:58.296641Z,BTC-USD,10,ok,,129079984978,2026-05-28T14:50:55.545749466Z,0.79858243,0.71787142,0.053223518803,72716.869999999995,72716.880000000005,72716.875,0.010000000009,0.001375196611,"[{""price"":72716.87,""size"":0.04136904,""num_orders"":2},{""price"":72716.8,""size"":0.04125594,""num_orders"":1},{""price"":72716.78,""size"":0.09999795,""num_orders"":2},{""price"":72716.01,""size"":0.00134599,""num_orders"":1},{""price"":72716.0,""size"":0.0088,""num_orders"":1},{""price"":72715.62,""size"":0.22024521,""num_orders"":1},{""price"":72713.87,""size"":0.13752534,""num_orders"":1},{""price"":72713.25,""size"":0.00899775,""num_orders"":1},{""price"":72713.21,""size"":0.22024521,""num_orders"":1},{""price"":72712.0,""size"":0.0188,""num_orders"":2}]","[{""price"":72716.88,""size"":1.6e-05,""num_orders"":1},{""price"":72717.69,""size"":0.0012951,""num_orders"":1},{""price"":72720.0,""size"":0.01,""num_orders"":1},{""price"":72720.54,""size"":1.6e-05,""num_orders"":1},{""price"":72721.32,""size"":0.00129503,""num_orders"":1},{""price"":72722.23,""size"":0.599731,""num_orders"":1},{""price"":72724.2,""size"":1.6e-05,""num_orders"":1},{""price"":72724.56,""size"":2.064e-05,""num_orders"":1},{""price"":72725.0,""size"":0.01,""num_orders"":1},{""price"":72725.59,""size"":0.09548165,""num_orders"":2}]"
btc_usd_d10_20260528T144058Z,11,2026-05-28T14:51:58.296518Z,2026-05-28T14:51:58.296651Z,BTC-USD,10,ok,,129080063697,2026-05-28T14:51:55.541413267Z,0.47336354,0.78484184,-0.247557596678,72775.410000000003,72775.419999999998,72775.415000000008,0.009999999995,0.001374090412,"[{""price"":72775.41,""size"":0.02747543,""num_orders"":1},{""price"":72774.43,""size"":0.00747883,""num_orders"":1},{""price"":72772.48,""size"":0.00134444,""num_orders"":1},{""price"":72772.47,""size"":0.04122437,""num_orders"":1},{""price"":72772.33,""size"":0.16489085,""num_orders"":1},{""price"":72772.32,""size"":2e-08,""num_orders"":1},{""price"":72772.31,""size"":0.04134686,""num_orders"":2},{""price"":72770.0,""size"":0.00866091,""num_orders"":2},{""price"":72769.95,""size"":0.00687045,""num_orders"":1},{""price"":72768.02,""size"":0.17407138,""num_orders"":2}]","[{""price"":72775.42,""size"":0.03125401,""num_orders"":3},{""price"":72775.43,""size"":0.0850151,""num_orders"":1},{""price"":72775.44,""size"":0.07096675,""num_orders"":3},{""price"":72775.97,""size"":0.00382719,""num_orders"":1},{""price"":72777.9,""size"":0.0606039,""num_orders"":1},{""price"":72778.09,""size"":0.0108332,""num_orders"":2},{""price"":72778.43,""size"":0.08244201,""num_orders"":1},{""price"":72779.1,""size"":1.6e-05,""num_orders"":1},{""price"":72779.12,""size"":0.38918948,""num_orders"":2},{""price"":72779.34,""size"":0.0506942,""num_orders"":1}]"
btc_usd_d10_20260528T144058Z,12,2026-05-28T14:52:58.296518Z,2026-05-28T14:52:58.296655Z,BTC-USD,10,ok,,129080160954,2026-05-28T14:52:57.046265094Z,0.82413636,0.42055594,0.324241115656,72808.020000000004,72808.029999999999,72808.024999999994,0.009999999995,0.00137347497,"[{""price"":72808.02,""size"":0.06868669,""num_orders"":2},{""price"":72806.0,""size"":0.015,""num_orders"":1},{""price"":72804.04,""size"":0.01327104,""num_orders"":1},{""price"":72804.03,""size"":0.13735502,""num_orders"":1},{""price"":72804.0,""size"":0.0158,""num_orders"":1},{""price"":72803.13,""size"":0.27471343,""num_orders"":1},{""price"":72802.57,""size"":0.00686726,""num_orders"":1},{""price"":72802.0,""size"":0.01770585,""num_orders"":2},{""price"":72801.11,""size"":0.27472107,""num_orders"":1},{""price"":72801.06,""size"":1.6e-05,""num_orders"":1}]","[{""price"":72808.03,""size"":0.07444085,""num_orders"":2},{""price"":72810.0,""size"":0.0142,""num_orders"":1},{""price"":72810.33,""size"":0.00830015,""num_orders"":2},{""price"":72812.0,""size"":0.015,""num_orders"":1},{""price"":72812.04,""size"":1.6e-05,""num_orders"":1},{""price"":72812.51,""size"":0.09931282,""num_orders"":1},{""price"":72812.52,""size"":0.10993928,""num_orders"":1},{""price"":72812.53,""size"":0.04134683,""num_orders"":1},{""price"":72813.97,""size"":0.04300001,""num_orders"":1},{""price"":72814.0,""size"":0.015,""num_orders"":1}]"
btc_usd_d10_20260528T144058Z,13,2026-05-28T14:53:58.296518Z,2026-05-28T14:53:58.296643Z,BTC-USD,10,ok,,129080251225,2026-05-28T14:53:56.104416984Z,0.8334638,0.42840328,0.321000940923,72842.550000000003,72842.559999999998,72842.554999999993,0.009999999995,0.001372823893,"[{""price"":72842.55,""size"":0.04437731,""num_orders"":4},{""price"":72842.04,""size"":0.041185,""num_orders"":1},{""price"":72842.02,""size"":0.0019917,""num_orders"":2},{""price"":72842.0,""size"":0.0171,""num_orders"":1},{""price"":72841.32,""size"":1.6e-05,""num_orders"":1},{""price"":72840.01,""size"":0.00134339,""num_orders"":1},{""price"":72840.0,""size"":0.0163,""num_orders"":1},{""price"":72839.81,""size"":0.29928665,""num_orders"":1},{""price"":72839.8,""size"":0.27457513,""num_orders"":1},{""price"":72839.24,""size"":0.13728862,""num_orders"":1}]","[{""price"":72842.56,""size"":0.0493017,""num_orders"":3},{""price"":72845.99,""size"":0.00099884,""num_orders"":1},{""price"":72846.0,""size"":0.0171,""num_orders"":1},{""price"":72846.7,""size"":0.00134339,""num_orders"":1},{""price"":72846.71,""size"":0.06555401,""num_orders"":1},{""price"":72846.72,""size"":0.10980572,""num_orders"":1},{""price"":72848.0,""size"":0.0171,""num_orders"":1},{""price"":72848.03,""size"":0.00686411,""num_orders"":1},{""price"":72849.35,""size"":0.11898868,""num_orders"":1},{""price"":72849.36,""size"":0.04134683,""num_orders"":1}]"
btc_usd_d10_20260528T144058Z,14,2026-05-28T14:54:58.296518Z,2026-05-28T14:54:58.296681Z,BTC-USD,10,ok,,129080325458,2026-05-28T14:54:56.540464299Z,0.71193964,0.18174358,0.593270689361,72809.639999999999,72809.649999999994,72809.64499999999,0.009999999995,0.00137344441,"[{""price"":72809.64,""size"":0.08490771,""num_orders"":4},{""price"":72808.0,""size"":0.0079,""num_orders"":1},{""price"":72806.01,""size"":0.00134301,""num_orders"":1},{""price"":72806.0,""size"":0.0079,""num_orders"":1},{""price"":72805.69,""size"":0.27470379,""num_orders"":1},{""price"":72805.56,""size"":0.137338,""num_orders"":1},{""price"":72805.55,""size"":0.13735215,""num_orders"":1},{""price"":72804.72,""size"":1.6e-05,""num_orders"":1},{""price"":72804.49,""size"":0.05047898,""num_orders"":1},{""price"":72804.01,""size"":0.01,""num_orders"":1}]","[{""price"":72809.65,""size"":0.03785184,""num_orders"":3},{""price"":72809.7,""size"":0.02691085,""num_orders"":1},{""price"":72809.71,""size"":0.02691085,""num_orders"":1},{""price"":72809.72,""size"":0.02691085,""num_orders"":1},{""price"":72809.73,""size"":0.02691085,""num_orders"":1},{""price"":72809.74,""size"":0.02691085,""num_orders"":1},{""price"":72814.05,""size"":0.00111126,""num_orders"":1},{""price"":72815.1,""size"":0.00134301,""num_orders"":1},{""price"":72815.11,""size"":0.00686722,""num_orders"":1},{""price"":72815.7,""size"":1.6e-05,""num_orders"":1}]"
btc_usd_d10_20260528T144058Z,15,2026-05-28T14:55:58.296518Z,2026-05-28T14:55:58.296660Z,BTC-USD,10,ok,,129080390924,2026-05-28T14:55:58.047755196Z,0.21546071,0.57828677,-0.457105148857,72856,72858.279999999999,72857.139999999999,2.279999999999,0.312941188743,"[{""price"":72856.0,""size"":0.0119,""num_orders"":1},{""price"":72854.52,""size"":0.0159,""num_orders"":1},{""price"":72854.49,""size"":0.0159,""num_orders"":1},{""price"":72854.48,""size"":0.05758331,""num_orders"":3},{""price"":72854.47,""size"":0.0159,""num_orders"":1},{""price"":72854.0,""size"":0.0119,""num_orders"":1},{""price"":72852.02,""size"":0.00134221,""num_orders"":1},{""price"":72852.01,""size"":0.03178836,""num_orders"":1},{""price"":72852.0,""size"":0.0119,""num_orders"":1},{""price"":72851.56,""size"":0.04134683,""num_orders"":1}]","[{""price"":72858.28,""size"":0.00051668,""num_orders"":1},{""price"":72858.29,""size"":0.00134221,""num_orders"":1},{""price"":72858.3,""size"":0.00902949,""num_orders"":1},{""price"":72858.64,""size"":0.00118744,""num_orders"":1},{""price"":72859.62,""size"":1.6e-05,""num_orders"":1},{""price"":72861.76,""size"":0.10527906,""num_orders"":1},{""price"":72861.77,""size"":0.135,""num_orders"":1},{""price"":72861.87,""size"":0.04134683,""num_orders"":1},{""price"":72861.88,""size"":0.28455306,""num_orders"":1},{""price"":72863.28,""size"":1.6e-05,""num_orders"":1}]"
btc_usd_d10_20260528T144058Z,16,2026-05-28T14:56:58.296518Z,2026-05-28T14:56:58.296644Z,BTC-USD,10,ok,,129080460348,2026-05-28T14:56:57.042652601Z,0.66066392,0.54476498,0.09614747083,72877.039999999994,72877.070000000007,72877.054999999993,0.030000000013,0.004116521999,"[{""price"":72877.04,""size"":0.01870101,""num_orders"":1},{""price"":72875.98,""size"":0.00022626,""num_orders"":2},{""price"":72874.26,""size"":1.6e-05,""num_orders"":1},{""price"":72873.03,""size"":0.27444995,""num_orders"":1},{""price"":72872.76,""size"":0.13722547,""num_orders"":1},{""price"":72872.41,""size"":0.00080572,""num_orders"":1},{""price"":72870.6,""size"":1.6e-05,""num_orders"":1},{""price"":72870.43,""size"":0.00162805,""num_orders"":1},{""price"":72870.35,""size"":0.0013694,""num_orders"":1},{""price"":72868.33,""size"":0.22622606,""num_orders"":1}]","[{""price"":72877.07,""size"":0.08239568,""num_orders"":1},{""price"":72877.47,""size"":0.03090015,""num_orders"":1},{""price"":72877.48,""size"":0.04192598,""num_orders"":3},{""price"":72877.49,""size"":0.06179412,""num_orders"":4},{""price"":72878.0,""size"":0.0171,""num_orders"":1},{""price"":72879.54,""size"":0.04757983,""num_orders"":1},{""price"":72880.0,""size"":0.0171,""num_orders"":1},{""price"":72880.08,""size"":0.04134683,""num_orders"":1},{""price"":72880.29,""size"":0.12222671,""num_orders"":1},{""price"":72880.3,""size"":0.08239568,""num_orders"":1}]"
btc_usd_d10_20260528T144058Z,17,2026-05-28T14:57:58.296518Z,2026-05-28T14:57:58.296677Z,BTC-USD,10,ok,,129080526488,2026-05-28T14:57:56.131240199Z,0.38036413,0.46158295,-0.096465469065,72839.889999999999,72839.899999999994,72839.89499999999,0.009999999995,0.001372874027,"[{""price"":72839.89,""size"":0.01432316,""num_orders"":1},{""price"":72838.44,""size"":0.04118703,""num_orders"":1},{""price"":72836.0,""size"":0.0126,""num_orders"":1},{""price"":72834.73,""size"":0.06176435,""num_orders"":1},{""price"":72834.42,""size"":0.0068643,""num_orders"":1},{""price"":72834.36,""size"":0.13729783,""num_orders"":1},{""price"":72834.01,""size"":0.01,""num_orders"":1},{""price"":72834.0,""size"":0.0126,""num_orders"":1},{""price"":72832.79,""size"":0.00134216,""num_orders"":1},{""price"":72832.78,""size"":0.0823853,""num_orders"":1}]","[{""price"":72839.9,""size"":0.0823853,""num_orders"":1},{""price"":72839.91,""size"":0.04211085,""num_orders"":1},{""price"":72839.92,""size"":0.04211085,""num_orders"":1},{""price"":72839.93,""size"":0.04211085,""num_orders"":1},{""price"":72839.94,""size"":0.04211085,""num_orders"":1},{""price"":72839.95,""size"":0.04211085,""num_orders"":1},{""price"":72839.96,""size"":0.04211085,""num_orders"":1},{""price"":72839.97,""size"":0.04211085,""num_orders"":1},{""price"":72839.98,""size"":0.04221085,""num_orders"":1},{""price"":72839.99,""size"":0.04221085,""num_orders"":1}]"
btc_usd_d10_20260528T144058Z,18,2026-05-28T14:58:58.296518Z,2026-05-28T14:58:58.296661Z,BTC-USD,10,ok,,129080602132,2026-05-28T14:58:56.844888264Z,0.44769234,1.91196921,-0.620545293879,72874.25,72874.259999999995,72874.255000000005,0.009999999995,0.001372226721,"[{""price"":72874.25,""size"":0.08488156,""num_orders"":5},{""price"":72873.14,""size"":0.00010481,""num_orders"":3},{""price"":72873.13,""size"":4e-08,""num_orders"":1},{""price"":72873.1,""size"":1.1e-07,""num_orders"":1},{""price"":72870.58,""size"":0.00068612,""num_orders"":1},{""price"":72870.21,""size"":0.13109217,""num_orders"":1},{""price"":72870.2,""size"":0.08235456,""num_orders"":1},{""price"":72870.19,""size"":0.13723032,""num_orders"":1},{""price"":72868.34,""size"":0.00134265,""num_orders"":1},{""price"":72868.33,""size"":0.01,""num_orders"":1}]","[{""price"":72874.26,""size"":0.09502048,""num_orders"":3},{""price"":72875.99,""size"":0.01866183,""num_orders"":1},{""price"":72877.91,""size"":0.00134265,""num_orders"":1},{""price"":72877.92,""size"":1.6e-05,""num_orders"":1},{""price"":72878.0,""size"":0.0088,""num_orders"":1},{""price"":72879.2,""size"":0.08235456,""num_orders"":1},{""price"":72879.21,""size"":0.05145686,""num_orders"":1},{""price"":72879.94,""size"":0.04134683,""num_orders"":1},{""price"":72879.99,""size"":0.60297,""num_orders"":1},{""price"":72880.0,""size"":1.01,""num_orders"":2}]"
btc_usd_d10_20260528T144058Z,19,2026-05-28T14:59:58.296518Z,2026-05-28T14:59:58.296646Z,BTC-USD,10,ok,,129080654259,2026-05-28T14:59:56.040531974Z,0.50603486,0.4897748,0.016328481891,72883.809999999998,72883.820000000007,72883.815000000002,0.010000000009,0.001372046731,"[{""price"":72883.81,""size"":0.01624302,""num_orders"":2},{""price"":72883.59,""size"":0.04133371,""num_orders"":2},{""price"":72882.0,""size"":0.0083,""num_orders"":1},{""price"":72880.59,""size"":0.13721074,""num_orders"":1},{""price"":72880.0,""size"":0.0083,""num_orders"":1},{""price"":72879.57,""size"":0.01,""num_orders"":1},{""price"":72879.56,""size"":0.00190382,""num_orders"":1},{""price"":72878.97,""size"":0.27442757,""num_orders"":1},{""price"":72878.0,""size"":0.0083,""num_orders"":1},{""price"":72877.92,""size"":1.6e-05,""num_orders"":1}]","[{""price"":72883.82,""size"":0.10726324,""num_orders"":2},{""price"":72885.22,""size"":0.07277284,""num_orders"":1},{""price"":72885.23,""size"":0.04134683,""num_orders"":1},{""price"":72885.34,""size"":0.00440572,""num_orders"":1},{""price"":72886.0,""size"":0.0083,""num_orders"":1},{""price"":72887.13,""size"":0.067845,""num_orders"":1},{""price"":72887.36,""size"":0.09584443,""num_orders"":1},{""price"":72887.42,""size"":0.08235456,""num_orders"":1},{""price"":72888.0,""size"":0.0083,""num_orders"":1},{""price"":72888.89,""size"":0.00134218,""num_orders"":1}]"
btc_usd_d10_20260528T144058Z,20,2026-05-28T15:00:58.296518Z,2026-05-28T15:00:58.296613Z,BTC-USD,10,ok,,129080755583,2026-05-28T15:00:58.044516587Z,0.72853019,26.54262135,-0.946571365794,72895.979999999996,72895.990000000005,72895.985000000001,0.010000000009,0.001371817667,"[{""price"":72895.98,""size"":0.06893438,""num_orders"":3},{""price"":72893.98,""size"":0.04116911,""num_orders"":1},{""price"":72893.19,""size"":0.00160469,""num_orders"":2},{""price"":72893.18,""size"":3e-08,""num_orders"":1},{""price"":72893.17,""size"":4e-08,""num_orders"":1},{""price"":72893.16,""size"":5e-08,""num_orders"":1},{""price"":72892.0,""size"":0.0077,""num_orders"":1},{""price"":72891.02,""size"":0.08235123,""num_orders"":1},{""price"":72890.99,""size"":0.13719116,""num_orders"":1},{""price"":72890.01,""size"":0.3895795,""num_orders"":1}]","[{""price"":72895.99,""size"":0.21793378,""num_orders"":5},{""price"":72896.0,""size"":0.0081,""num_orders"":1},{""price"":72896.22,""size"":1.6e-05,""num_orders"":1},{""price"":72896.87,""size"":0.00039595,""num_orders"":1},{""price"":72898.0,""size"":0.0081,""num_orders"":1},{""price"":72899.87,""size"":0.00134259,""num_orders"":1},{""price"":72899.88,""size"":1.6e-05,""num_orders"":1},{""price"":72899.97,""size"":0.01,""num_orders"":1},{""price"":72899.98,""size"":0.12369806,""num_orders"":2},{""price"":72899.99,""size"":26.17301897,""num_orders"":1}]"
btc_usd_d10_20260528T144058Z,21,2026-05-28T15:01:58.296518Z,2026-05-28T15:01:58.296641Z,BTC-USD,10,ok,,129080828448,2026-05-28T15:01:57.045753718Z,1.23734475,5.10053754,-0.60954000299,72888.679999999993,72888.690000000002,72888.684999999998,0.010000000009,0.001371955058,"[{""price"":72888.68,""size"":0.33048876,""num_orders"":8},{""price"":72888.67,""size"":0.00132505,""num_orders"":1},{""price"":72888.05,""size"":0.00134186,""num_orders"":1},{""price"":72888.04,""size"":0.3605369,""num_orders"":2},{""price"":72888.03,""size"":0.04134683,""num_orders"":1},{""price"":72887.99,""size"":8.78e-05,""num_orders"":1},{""price"":72886.71,""size"":0.08231809,""num_orders"":1},{""price"":72886.7,""size"":0.27439845,""num_orders"":1},{""price"":72886.0,""size"":0.0083,""num_orders"":1},{""price"":72885.75,""size"":0.13720101,""num_orders"":1}]","[{""price"":72888.69,""size"":4.80943088,""num_orders"":1},{""price"":72893.98,""size"":0.06821208,""num_orders"":1},{""price"":72895.0,""size"":0.00067957,""num_orders"":1},{""price"":72895.36,""size"":0.08231809,""num_orders"":1},{""price"":72896.0,""size"":0.0079,""num_orders"":1},{""price"":72896.22,""size"":1.6e-05,""num_orders"":1},{""price"":72897.68,""size"":0.08231809,""num_orders"":1},{""price"":72898.0,""size"":0.0083,""num_orders"":1},{""price"":72899.88,""size"":1.6e-05,""num_orders"":1},{""price"":72899.96,""size"":0.04134683,""num_orders"":1}]"
btc_usd_d10_20260528T144058Z,22,2026-05-28T15:02:58.296518Z,2026-05-28T15:02:58.296654Z,BTC-USD,10,ok,,129080921026,2026-05-28T15:02:56.344286145Z,0.70046538,0.46259594,0.204520119369,72866.919999999998,72866.929999999993,72866.924999999988,0.009999999995,0.001372364759,"[{""price"":72866.92,""size"":0.10022301,""num_orders"":5},{""price"":72866.23,""size"":0.04390419,""num_orders"":1},{""price"":72866.0,""size"":0.0107,""num_orders"":1},{""price"":72864.51,""size"":0.22099025,""num_orders"":1},{""price"":72864.5,""size"":0.08231809,""num_orders"":1},{""price"":72864.0,""size"":0.0107,""num_orders"":1},{""price"":72863.89,""size"":0.13724218,""num_orders"":1},{""price"":72863.63,""size"":0.00136957,""num_orders"":1},{""price"":72862.01,""size"":0.08231809,""num_orders"":1},{""price"":72862.0,""size"":0.0107,""num_orders"":1}]","[{""price"":72866.93,""size"":0.10249325,""num_orders"":3},{""price"":72866.94,""size"":0.10002685,""num_orders"":2},{""price"":72870.0,""size"":0.0107,""num_orders"":1},{""price"":72872.0,""size"":0.0107,""num_orders"":1},{""price"":72872.64,""size"":0.08231809,""num_orders"":1},{""price"":72872.65,""size"":0.135,""num_orders"":1},{""price"":72874.25,""size"":0.00134175,""num_orders"":1},{""price"":72874.26,""size"":1.6e-05,""num_orders"":1},{""price"":72875.0,""size"":0.01,""num_orders"":1},{""price"":72875.12,""size"":0.01,""num_orders"":1}]"
btc_usd_d10_20260528T144058Z,23,2026-05-28T15:03:58.296518Z,2026-05-28T15:03:58.296682Z,BTC-USD,10,ok,,129080986173,2026-05-28T15:03:56.036499907Z,0.2780477,0.81364134,-0.490610073359,72852.300000000003,72852.309999999998,72852.304999999993,0.009999999995,0.001372640165,"[{""price"":72852.3,""size"":0.04663414,""num_orders"":2},{""price"":72852.29,""size"":1e-08,""num_orders"":1},{""price"":72852.26,""size"":3e-08,""num_orders"":1},{""price"":72852.25,""size"":5e-08,""num_orders"":1},{""price"":72850.59,""size"":0.04118017,""num_orders"":1},{""price"":72850.08,""size"":0.04134683,""num_orders"":1},{""price"":72850.0,""size"":0.0064,""num_orders"":1},{""price"":72849.3,""size"":0.13726967,""num_orders"":1},{""price"":72848.8,""size"":0.00307414,""num_orders"":1},{""price"":72848.63,""size"":0.00214266,""num_orders"":1}]","[{""price"":72852.31,""size"":0.06388639,""num_orders"":3},{""price"":72854.0,""size"":0.0061,""num_orders"":1},{""price"":72855.95,""size"":0.17773677,""num_orders"":2},{""price"":72855.96,""size"":0.08001375,""num_orders"":3},{""price"":72856.0,""size"":0.0061,""num_orders"":1},{""price"":72857.99,""size"":0.08231809,""num_orders"":1},{""price"":72858.0,""size"":0.0064,""num_orders"":1},{""price"":72858.38,""size"":0.08235154,""num_orders"":1},{""price"":72858.67,""size"":0.002425,""num_orders"":1},{""price"":72859.59,""size"":0.3063098,""num_orders"":1}]"
btc_usd_d10_20260528T144058Z,24,2026-05-28T15:04:58.296518Z,2026-05-28T15:04:58.296673Z,BTC-USD,10,ok,,129081038807,2026-05-28T15:04:58.045555760Z,0.13582792,0.56105308,-0.610183316807,72864.149999999994,72864.160000000003,72864.154999999999,0.010000000009,0.001372416932,"[{""price"":72864.15,""size"":0.04791934,""num_orders"":2},{""price"":72864.0,""size"":0.0045,""num_orders"":1},{""price"":72863.28,""size"":1.6e-05,""num_orders"":1},{""price"":72862.0,""size"":0.0045,""num_orders"":1},{""price"":72861.02,""size"":0.02949209,""num_orders"":1},{""price"":72861.01,""size"":0.04134683,""num_orders"":1},{""price"":72860.0,""size"":0.0045,""num_orders"":1},{""price"":72859.83,""size"":0.00219543,""num_orders"":2},{""price"":72859.62,""size"":1.6e-05,""num_orders"":1},{""price"":72858.02,""size"":0.00134223,""num_orders"":1}]","[{""price"":72864.16,""size"":0.02095396,""num_orders"":2},{""price"":72867.31,""size"":0.00134223,""num_orders"":1},{""price"":72867.32,""size"":0.01460313,""num_orders"":1},{""price"":72867.34,""size"":0.04134683,""num_orders"":1},{""price"":72867.37,""size"":0.00639099,""num_orders"":1},{""price"":72868.0,""size"":0.0045,""num_orders"":1},{""price"":72868.87,""size"":0.08231809,""num_orders"":1},{""price"":72870.0,""size"":0.14193069,""num_orders"":2},{""price"":72870.18,""size"":0.11266716,""num_orders"":1},{""price"":72870.59,""size"":0.135,""num_orders"":1}]"
btc_usd_d10_20260528T144058Z,25,2026-05-28T15:05:58.296518Z,2026-05-28T15:05:58.296649Z,BTC-USD,10,ok,,129081151291,2026-05-28T15:05:58.103762139Z,0.45672052,0.15007251,0.505358491016,73025.940000000002,73025.949999999997,73025.945000000007,0.009999999995,0.001369376322,"[{""price"":73025.94,""size"":0.0159,""num_orders"":1},{""price"":73024.61,""size"":0.080595,""num_orders"":1},{""price"":73024.0,""size"":0.0038,""num_orders"":1},{""price"":73022.15,""size"":0.135,""num_orders"":1},{""price"":73021.58,""size"":0.09537199,""num_orders"":1},{""price"":73021.37,""size"":0.01003556,""num_orders"":1},{""price"":73020.66,""size"":0.08221797,""num_orders"":1},{""price"":73020.02,""size"":0.01,""num_orders"":1},{""price"":73020.01,""size"":0.01,""num_orders"":1},{""price"":73020.0,""size"":0.0138,""num_orders"":2}]","[{""price"":73025.95,""size"":0.01791085,""num_orders"":1},{""price"":73025.96,""size"":0.01791085,""num_orders"":1},{""price"":73025.97,""size"":0.01791085,""num_orders"":1},{""price"":73025.98,""size"":0.01791085,""num_orders"":1},{""price"":73025.99,""size"":0.01791085,""num_orders"":1},{""price"":73027.97,""size"":0.01533488,""num_orders"":1},{""price"":73027.98,""size"":1.6e-05,""num_orders"":1},{""price"":73028.0,""size"":0.0038,""num_orders"":1},{""price"":73029.05,""size"":2.055e-05,""num_orders"":1},{""price"":73029.27,""size"":0.04134683,""num_orders"":1}]"
btc_usd_d10_20260528T144058Z,26,2026-05-28T15:06:58.296518Z,2026-05-28T15:06:58.296630Z,BTC-USD,10,ok,,129081237087,2026-05-28T15:06:58.184901628Z,0.14438899,0.82339109,-0.701607848758,72970.479999999996,72970.490000000005,72970.485000000001,0.010000000009,0.001370417095,"[{""price"":72970.48,""size"":0.02740181,""num_orders"":1},{""price"":72968.72,""size"":0.06590719,""num_orders"":1},{""price"":72966.0,""size"":0.0041,""num_orders"":1},{""price"":72965.76,""size"":0.00133291,""num_orders"":3},{""price"":72965.75,""size"":2e-08,""num_orders"":1},{""price"":72965.73,""size"":4e-08,""num_orders"":1},{""price"":72965.72,""size"":8e-08,""num_orders"":1},{""price"":72965.7,""size"":1.1e-07,""num_orders"":1},{""price"":72964.0,""size"":0.0043,""num_orders"":1},{""price"":72962.82,""size"":0.04134683,""num_orders"":1}]","[{""price"":72970.49,""size"":0.1090552,""num_orders"":4},{""price"":72970.5,""size"":0.135,""num_orders"":1},{""price"":72972.84,""size"":0.0259058,""num_orders"":1},{""price"":72972.85,""size"":0.09626712,""num_orders"":2},{""price"":72972.89,""size"":0.09221797,""num_orders"":2},{""price"":72973.98,""size"":0.01,""num_orders"":1},{""price"":72973.99,""size"":0.01,""num_orders"":1},{""price"":72974.0,""size"":0.0043,""num_orders"":1},{""price"":72975.17,""size"":0.2949933,""num_orders"":1},{""price"":72975.18,""size"":0.0456517,""num_orders"":1}]"
btc_usd_d10_20260528T144058Z,27,2026-05-28T15:07:58.296518Z,2026-05-28T15:07:58.296642Z,BTC-USD,10,ok,,129081309095,2026-05-28T15:07:57.545248392Z,0.51004841,1.0520729,-0.346979768172,72999.389999999999,72999.399999999994,72999.39499999999,0.009999999995,0.001369874366,"[{""price"":72999.39,""size"":0.02774979,""num_orders"":3},{""price"":72998.69,""size"":0.14706504,""num_orders"":1},{""price"":72996.0,""size"":0.0043,""num_orders"":1},{""price"":72994.0,""size"":0.0045,""num_orders"":1},{""price"":72993.8,""size"":0.04134683,""num_orders"":1},{""price"":72993.79,""size"":0.08682895,""num_orders"":2},{""price"":72993.68,""size"":0.10959721,""num_orders"":1},{""price"":72992.0,""size"":0.0045,""num_orders"":1},{""price"":72991.5,""size"":0.01,""num_orders"":1},{""price"":72991.49,""size"":0.07416059,""num_orders"":1}]","[{""price"":72999.4,""size"":0.03258513,""num_orders"":3},{""price"":72999.42,""size"":0.01189238,""num_orders"":1},{""price"":72999.72,""size"":0.0821921,""num_orders"":1},{""price"":73000.37,""size"":0.15555268,""num_orders"":1},{""price"":73000.38,""size"":0.10959721,""num_orders"":1},{""price"":73000.4,""size"":0.04134683,""num_orders"":1},{""price"":73002.36,""size"":1.6e-05,""num_orders"":1},{""price"":73003.22,""size"":0.10959721,""num_orders"":1},{""price"":73003.65,""size"":0.01,""num_orders"":1},{""price"":73003.66,""size"":0.49929336,""num_orders"":2}]"
btc_usd_d10_20260528T144058Z,28,2026-05-28T15:08:58.296518Z,2026-05-28T15:08:58.296613Z,BTC-USD,10,ok,,129081382717,2026-05-28T15:08:57.177830061Z,0.22676651,0.47730844,-0.355845538888,72880.820000000007,72880.830000000002,72880.825000000012,0.009999999995,0.001372103018,"[{""price"":72880.82,""size"":0.07472398,""num_orders"":4},{""price"":72878.1,""size"":0.04116462,""num_orders"":1},{""price"":72878.0,""size"":0.0044,""num_orders"":1},{""price"":72876.0,""size"":0.0047,""num_orders"":1},{""price"":72875.34,""size"":0.00686051,""num_orders"":1},{""price"":72875.01,""size"":0.03257582,""num_orders"":1},{""price"":72874.66,""size"":0.00047602,""num_orders"":1},{""price"":72874.36,""size"":0.01,""num_orders"":1},{""price"":72874.35,""size"":0.05184956,""num_orders"":1},{""price"":72874.26,""size"":1.6e-05,""num_orders"":1}]","[{""price"":72880.83,""size"":0.01556051,""num_orders"":1},{""price"":72880.84,""size"":0.19242563,""num_orders"":1},{""price"":72880.85,""size"":0.12700806,""num_orders"":2},{""price"":72880.86,""size"":0.01741085,""num_orders"":1},{""price"":72880.87,""size"":0.01351316,""num_orders"":1},{""price"":72880.88,""size"":0.01751085,""num_orders"":1},{""price"":72880.89,""size"":0.01751085,""num_orders"":1},{""price"":72880.9,""size"":0.01751085,""num_orders"":1},{""price"":72880.91,""size"":0.01751085,""num_orders"":1},{""price"":72882.85,""size"":0.04134683,""num_orders"":1}]"
btc_usd_d10_20260528T144058Z,29,2026-05-28T15:09:58.296518Z,2026-05-28T15:09:58.296657Z,BTC-USD,10,ok,,129081479110,2026-05-28T15:09:56.183014033Z,0.27830059,0.44103155,-0.226225064822,72853.199999999997,72853.210000000006,72853.205000000002,0.010000000009,0.00137262321,"[{""price"":72853.2,""size"":0.20717188,""num_orders"":6},{""price"":72852.0,""size"":0.0036,""num_orders"":1},{""price"":72851.98,""size"":3e-08,""num_orders"":1},{""price"":72850.9,""size"":0.0099052,""num_orders"":1},{""price"":72850.56,""size"":0.01,""num_orders"":1},{""price"":72850.55,""size"":0.0013345,""num_orders"":2},{""price"":72850.52,""size"":6e-08,""num_orders"":1},{""price"":72850.0,""size"":0.0036,""num_orders"":1},{""price"":72849.86,""size"":0.00134209,""num_orders"":1},{""price"":72849.85,""size"":0.04134683,""num_orders"":1}]","[{""price"":72853.21,""size"":0.01137868,""num_orders"":3},{""price"":72853.22,""size"":0.01351085,""num_orders"":1},{""price"":72853.23,""size"":0.01351085,""num_orders"":1},{""price"":72853.24,""size"":0.01351085,""num_orders"":1},{""price"":72853.25,""size"":0.01351085,""num_orders"":1},{""price"":72853.26,""size"":0.01351085,""num_orders"":1},{""price"":72855.32,""size"":0.06873224,""num_orders"":1},{""price"":72859.32,""size"":0.20101591,""num_orders"":1},{""price"":72859.33,""size"":0.08235047,""num_orders"":1},{""price"":72859.61,""size"":0.01,""num_orders"":1}]"
btc_usd_d10_20260528T144058Z,30,2026-05-28T15:10:58.296518Z,2026-05-28T15:10:58.296653Z,BTC-USD,10,ok,,129081543901,2026-05-28T15:10:56.189189633Z,0.47841588,1.19684,-0.428844410324,72841.720000000001,72841.729999999996,72841.725000000006,0.009999999995,0.001372839536,"[{""price"":72841.72,""size"":0.04745011,""num_orders"":3},{""price"":72841.32,""size"":1.6e-05,""num_orders"":1},{""price"":72839.35,""size"":0.04118652,""num_orders"":1},{""price"":72838.0,""size"":0.0038,""num_orders"":1},{""price"":72837.67,""size"":0.00134209,""num_orders"":1},{""price"":72837.66,""size"":1.6e-05,""num_orders"":1},{""price"":72837.14,""size"":0.16479957,""num_orders"":1},{""price"":72837.13,""size"":0.041166,""num_orders"":1},{""price"":72837.05,""size"":0.13729276,""num_orders"":1},{""price"":72836.59,""size"":0.04134683,""num_orders"":1}]","[{""price"":72841.73,""size"":0.02995309,""num_orders"":4},{""price"":72844.31,""size"":0.19677069,""num_orders"":1},{""price"":72844.32,""size"":0.16479957,""num_orders"":1},{""price"":72845.21,""size"":0.08236643,""num_orders"":1},{""price"":72846.58,""size"":0.00134209,""num_orders"":1},{""price"":72846.59,""size"":0.16479957,""num_orders"":1},{""price"":72846.81,""size"":0.34379797,""num_orders"":1},{""price"":72847.2,""size"":0.00686419,""num_orders"":1},{""price"":72848.79,""size"":0.16479957,""num_orders"":1},{""price"":72848.8,""size"":0.04134683,""num_orders"":1}]"
btc_usd_d10_20260528T144058Z,31,2026-05-28T15:11:58.296518Z,2026-05-28T15:11:58.296639Z,BTC-USD,10,ok,,129081634594,2026-05-28T15:11:58.105083574Z,0.35307684,0.99028493,-0.47433841295,72774.089999999997,72774.100000000006,72774.095000000001,0.010000000009,0.001374115337,"[{""price"":72774.09,""size"":0.00688844,""num_orders"":2},{""price"":72774.01,""size"":0.00307457,""num_orders"":2},{""price"":72773.56,""size"":0.04122376,""num_orders"":1},{""price"":72772.01,""size"":0.00134401,""num_orders"":1},{""price"":72772.0,""size"":0.0029,""num_orders"":1},{""price"":72771.18,""size"":0.03364973,""num_orders"":1},{""price"":72770.65,""size"":0.0824537,""num_orders"":1},{""price"":72770.01,""size"":0.13741922,""num_orders"":1},{""price"":72770.0,""size"":0.0029,""num_orders"":1},{""price"":72769.97,""size"":0.04122341,""num_orders"":1}]","[{""price"":72774.1,""size"":0.00550064,""num_orders"":2},{""price"":72778.07,""size"":0.00134401,""num_orders"":1},{""price"":72778.08,""size"":0.04681672,""num_orders"":1},{""price"":72779.14,""size"":0.08244121,""num_orders"":1},{""price"":72781.25,""size"":0.47882469,""num_orders"":1},{""price"":72781.26,""size"":0.27479603,""num_orders"":1},{""price"":72782.74,""size"":0.00809193,""num_orders"":1},{""price"":72782.76,""size"":1.6e-05,""num_orders"":1},{""price"":72783.34,""size"":0.01,""num_orders"":1},{""price"":72783.35,""size"":0.0824537,""num_orders"":1}]"
btc_usd_d10_20260528T144058Z,32,2026-05-28T15:12:58.296518Z,2026-05-28T15:12:58.296645Z,BTC-USD,10,ok,,129081697593,2026-05-28T15:12:57.603071299Z,0.55393227,0.08374173,0.737352534367,72785.729999999996,72786.850000000006,72786.290000000008,1.12000000001,0.153875132255,"[{""price"":72785.73,""size"":0.00133919,""num_orders"":1},{""price"":72785.72,""size"":2.451e-05,""num_orders"":1},{""price"":72785.7,""size"":7e-08,""num_orders"":1},{""price"":72784.36,""size"":0.00227181,""num_orders"":1},{""price"":72784.01,""size"":0.00134357,""num_orders"":1},{""price"":72784.0,""size"":0.0032,""num_orders"":1},{""price"":72783.77,""size"":0.29843558,""num_orders"":1},{""price"":72783.75,""size"":0.1373933,""num_orders"":1},{""price"":72783.46,""size"":0.02747054,""num_orders"":1},{""price"":72782.17,""size"":0.0824537,""num_orders"":1}]","[{""price"":72786.85,""size"":0.0186608,""num_orders"":2},{""price"":72786.86,""size"":0.01041085,""num_orders"":1},{""price"":72786.87,""size"":0.01041085,""num_orders"":1},{""price"":72786.88,""size"":0.01041085,""num_orders"":1},{""price"":72786.89,""size"":0.01041085,""num_orders"":1},{""price"":72786.9,""size"":0.01051085,""num_orders"":1},{""price"":72786.91,""size"":0.01051085,""num_orders"":1},{""price"":72790.07,""size"":0.00134357,""num_orders"":1},{""price"":72790.08,""size"":1.6e-05,""num_orders"":1},{""price"":72790.69,""size"":0.00105626,""num_orders"":1}]"
btc_usd_d10_20260528T144058Z,33,2026-05-28T15:13:58.296518Z,2026-05-28T15:13:58.296681Z,BTC-USD,10,ok,,129081775439,2026-05-28T15:13:57.546031258Z,0.35046361,0.45129607,-0.125763944627,72745.240000000005,72745.25,72745.244999999995,0.009999999995,0.001374660295,"[{""price"":72745.24,""size"":0.17213182,""num_orders"":6},{""price"":72744.86,""size"":0.04124002,""num_orders"":1},{""price"":72744.01,""size"":0.00134416,""num_orders"":1},{""price"":72744.0,""size"":0.0033,""num_orders"":1},{""price"":72743.93,""size"":0.02748687,""num_orders"":1},{""price"":72742.5,""size"":1.6e-05,""num_orders"":1},{""price"":72742.0,""size"":0.0033,""num_orders"":1},{""price"":72741.79,""size"":0.0824537,""num_orders"":1},{""price"":72741.78,""size"":0.01327104,""num_orders"":1},{""price"":72741.77,""size"":0.00592,""num_orders"":1}]","[{""price"":72745.25,""size"":0.07506806,""num_orders"":2},{""price"":72751.62,""size"":0.00134416,""num_orders"":1},{""price"":72751.63,""size"":0.00687321,""num_orders"":1},{""price"":72752.0,""size"":0.0033,""num_orders"":1},{""price"":72752.37,""size"":0.03477755,""num_orders"":1},{""price"":72753.48,""size"":1.6e-05,""num_orders"":1},{""price"":72754.62,""size"":0.04823786,""num_orders"":1},{""price"":72755.0,""size"":0.01,""num_orders"":1},{""price"":72755.57,""size"":0.23628496,""num_orders"":1},{""price"":72755.6,""size"":0.03539427,""num_orders"":1}]"
btc_usd_d10_20260528T144058Z,34,2026-05-28T15:14:58.296518Z,2026-05-28T15:14:58.296652Z,BTC-USD,10,ok,,129081830444,2026-05-28T15:14:56.035590923Z,0.84650769,0.36620005,0.396062154266,72725.399999999994,72725.410000000003,72725.404999999999,0.010000000009,0.001375035314,"[{""price"":72725.4,""size"":0.00870086,""num_orders"":1},{""price"":72725.39,""size"":0.04125106,""num_orders"":1},{""price"":72724.72,""size"":0.01607824,""num_orders"":1},{""price"":72724.71,""size"":8.635e-05,""num_orders"":1},{""price"":72723.09,""size"":0.27501578,""num_orders"":1},{""price"":72723.05,""size"":0.08246929,""num_orders"":1},{""price"":72722.95,""size"":0.02749298,""num_orders"":1},{""price"":72722.53,""size"":0.13750896,""num_orders"":1},{""price"":72721.2,""size"":0.0824537,""num_orders"":1},{""price"":72721.19,""size"":0.17545047,""num_orders"":1}]","[{""price"":72725.41,""size"":0.01345501,""num_orders"":2},{""price"":72726.0,""size"":0.0037,""num_orders"":1},{""price"":72727.79,""size"":0.01129913,""num_orders"":1},{""price"":72727.8,""size"":0.06827086,""num_orders"":2},{""price"":72727.82,""size"":0.04134683,""num_orders"":1},{""price"":72727.86,""size"":1.6e-05,""num_orders"":1},{""price"":72728.0,""size"":0.0037,""num_orders"":1},{""price"":72728.53,""size"":0.0824537,""num_orders"":1},{""price"":72730.0,""size"":0.05946176,""num_orders"":4},{""price"":72730.13,""size"":0.08249676,""num_orders"":1}]"
btc_usd_d10_20260528T144058Z,35,2026-05-28T15:15:58.296518Z,2026-05-28T15:15:58.296659Z,BTC-USD,10,ok,,129081892039,2026-05-28T15:15:57.089277329Z,0.97478744,0.18982761,0.674007973708,72711.720000000001,72711.729999999996,72711.725000000006,0.009999999995,0.001375294011,"[{""price"":72711.72,""size"":0.0159,""num_orders"":1},{""price"":72710.14,""size"":0.02749951,""num_orders"":1},{""price"":72709.57,""size"":0.02207695,""num_orders"":3},{""price"":72709.56,""size"":1.6e-05,""num_orders"":1},{""price"":72708.77,""size"":0.13753498,""num_orders"":1},{""price"":72707.51,""size"":0.39767711,""num_orders"":1},{""price"":72705.9,""size"":1.6e-05,""num_orders"":1},{""price"":72704.26,""size"":0.00134481,""num_orders"":1},{""price"":72704.25,""size"":0.0824537,""num_orders"":1},{""price"":72704.23,""size"":0.29026838,""num_orders"":1}]","[{""price"":72711.73,""size"":0.01288711,""num_orders"":2},{""price"":72711.74,""size"":0.01181085,""num_orders"":1},{""price"":72711.75,""size"":0.01181085,""num_orders"":1},{""price"":72711.76,""size"":0.01181085,""num_orders"":1},{""price"":72711.77,""size"":0.01181085,""num_orders"":1},{""price"":72711.78,""size"":0.01181085,""num_orders"":1},{""price"":72711.79,""size"":0.01181085,""num_orders"":1},{""price"":72711.8,""size"":0.01181085,""num_orders"":1},{""price"":72711.81,""size"":0.01181085,""num_orders"":1},{""price"":72711.82,""size"":0.0824537,""num_orders"":1}]"
btc_usd_d10_20260528T144058Z,36,2026-05-28T15:16:58.296518Z,2026-05-28T15:16:58.296645Z,BTC-USD,10,ok,,129081959620,2026-05-28T15:16:55.344111649Z,0.38110727,0.83814148,-0.374849028961,72702.229999999996,72702.240000000005,72702.235000000001,0.010000000009,0.001375473534,"[{""price"":72702.23,""size"":0.05119487,""num_orders"":4},{""price"":72702.22,""size"":0.00104053,""num_orders"":2},{""price"":72702.0,""size"":0.0034,""num_orders"":1},{""price"":72700.0,""size"":0.0034,""num_orders"":1},{""price"":72698.36,""size"":0.11008259,""num_orders"":1},{""price"":72698.08,""size"":0.0159,""num_orders"":1},{""price"":72698.0,""size"":0.0034,""num_orders"":1},{""price"":72697.07,""size"":0.13755711,""num_orders"":1},{""price"":72696.77,""size"":0.00687736,""num_orders"":1},{""price"":72696.61,""size"":0.04825481,""num_orders"":1}]","[{""price"":72702.24,""size"":8.8e-07,""num_orders"":1},{""price"":72704.97,""size"":0.01181085,""num_orders"":1},{""price"":72704.98,""size"":0.01181085,""num_orders"":1},{""price"":72704.99,""size"":0.01181085,""num_orders"":1},{""price"":72705.0,""size"":0.01,""num_orders"":1},{""price"":72705.42,""size"":0.04134683,""num_orders"":1},{""price"":72705.43,""size"":0.25,""num_orders"":1},{""price"":72705.9,""size"":1.6e-05,""num_orders"":1},{""price"":72706.0,""size"":0.5,""num_orders"":1},{""price"":72709.5,""size"":0.00134522,""num_orders"":1}]"
btc_usd_d10_20260528T144058Z,37,2026-05-28T15:17:58.296518Z,2026-05-28T15:17:58.296635Z,BTC-USD,10,ok,,129082027109,2026-05-28T15:17:57.623593886Z,0.25202367,0.08726644,0.485593965589,72727.110000000001,72727.119999999995,72727.114999999991,0.009999999995,0.001375002981,"[{""price"":72727.11,""size"":0.06409783,""num_orders"":3},{""price"":72727.1,""size"":0.04125009,""num_orders"":1},{""price"":72727.09,""size"":0.0026979,""num_orders"":2},{""price"":72727.08,""size"":1e-08,""num_orders"":1},{""price"":72727.06,""size"":2e-08,""num_orders"":1},{""price"":72727.05,""size"":5e-08,""num_orders"":1},{""price"":72726.0,""size"":0.0039,""num_orders"":1},{""price"":72724.0,""size"":0.0039,""num_orders"":1},{""price"":72722.97,""size"":0.13483255,""num_orders"":2},{""price"":72722.01,""size"":0.00134522,""num_orders"":1}]","[{""price"":72727.12,""size"":0.01295607,""num_orders"":2},{""price"":72727.13,""size"":0.01272774,""num_orders"":2},{""price"":72727.14,""size"":0.01161085,""num_orders"":1},{""price"":72727.15,""size"":0.01161085,""num_orders"":1},{""price"":72727.17,""size"":0.01171085,""num_orders"":1},{""price"":72727.18,""size"":0.01171085,""num_orders"":1},{""price"":72727.19,""size"":0.01171085,""num_orders"":1},{""price"":72727.3,""size"":0.00101797,""num_orders"":1},{""price"":72727.6,""size"":0.00219441,""num_orders"":1},{""price"":72727.86,""size"":1.6e-05,""num_orders"":1}]"
btc_usd_d10_20260528T144058Z,38,2026-05-28T15:18:58.296518Z,2026-05-28T15:18:58.296657Z,BTC-USD,10,ok,,129082116261,2026-05-28T15:18:56.683410834Z,0.60261968,1.1433585,-0.309705371003,72630.880000000005,72630.889999999999,72630.885000000009,0.009999999995,0.001376824748,"[{""price"":72630.88,""size"":0.01626244,""num_orders"":3},{""price"":72630.48,""size"":0.01919501,""num_orders"":1},{""price"":72630.0,""size"":0.0045,""num_orders"":1},{""price"":72628.01,""size"":0.00134585,""num_orders"":1},{""price"":72628.0,""size"":0.0045,""num_orders"":1},{""price"":72627.54,""size"":0.2081524,""num_orders"":1},{""price"":72627.53,""size"":0.27528525,""num_orders"":1},{""price"":72627.52,""size"":0.0275319,""num_orders"":1},{""price"":72626.6,""size"":0.04134683,""num_orders"":1},{""price"":72626.0,""size"":0.0045,""num_orders"":1}]","[{""price"":72630.89,""size"":0.01231085,""num_orders"":1},{""price"":72631.87,""size"":0.22283626,""num_orders"":1},{""price"":72635.5,""size"":0.01660998,""num_orders"":3},{""price"":72635.52,""size"":0.27528525,""num_orders"":1},{""price"":72635.72,""size"":0.04530412,""num_orders"":1},{""price"":72636.36,""size"":1.6e-05,""num_orders"":1},{""price"":72636.97,""size"":0.04586841,""num_orders"":1},{""price"":72637.69,""size"":0.16724074,""num_orders"":1},{""price"":72637.7,""size"":0.27528525,""num_orders"":1},{""price"":72637.78,""size"":0.08260164,""num_orders"":1}]"
btc_usd_d10_20260528T144058Z,39,2026-05-28T15:19:58.296518Z,2026-05-28T15:19:58.296645Z,BTC-USD,10,ok,,129082191859,2026-05-28T15:19:56.046851399Z,1.02408403,0.86007527,0.087046121843,72620.729999999996,72620.740000000005,72620.735000000001,0.010000000009,0.001377017185,"[{""price"":72620.73,""size"":0.04131051,""num_orders"":1},{""price"":72619.69,""size"":0.05791109,""num_orders"":2},{""price"":72619.68,""size"":0.07005787,""num_orders"":1},{""price"":72619.53,""size"":0.0006885,""num_orders"":1},{""price"":72618.89,""size"":8.634e-05,""num_orders"":1},{""price"":72618.14,""size"":0.04134683,""num_orders"":1},{""price"":72618.0,""size"":0.0073,""num_orders"":1},{""price"":72617.25,""size"":0.52271759,""num_orders"":1},{""price"":72617.24,""size"":0.2753653,""num_orders"":1},{""price"":72616.0,""size"":0.0073,""num_orders"":1}]","[{""price"":72620.74,""size"":0.01624425,""num_orders"":2},{""price"":72622.0,""size"":0.0073,""num_orders"":1},{""price"":72622.74,""size"":0.02079553,""num_orders"":1},{""price"":72622.75,""size"":0.02753338,""num_orders"":1},{""price"":72624.0,""size"":0.0073,""num_orders"":1},{""price"":72626.14,""size"":0.39486612,""num_orders"":1},{""price"":72626.15,""size"":0.2753653,""num_orders"":1},{""price"":72626.94,""size"":0.00134686,""num_orders"":1},{""price"":72626.95,""size"":0.04134683,""num_orders"":1},{""price"":72626.96,""size"":0.067977,""num_orders"":1}]"
btc_usd_d10_20260528T144058Z,40,2026-05-28T15:20:58.296518Z,2026-05-28T15:20:58.296654Z,BTC-USD,10,ok,,129082304482,2026-05-28T15:20:56.182447923Z,1.75120533,0.2233033,0.773813801969,72569.809999999998,72569.820000000007,72569.815000000002,0.010000000009,0.001377983396,"[{""price"":72569.81,""size"":0.31786358,""num_orders"":5},{""price"":72568.27,""size"":0.04134037,""num_orders"":1},{""price"":72567.13,""size"":0.4619146,""num_orders"":1},{""price"":72566.46,""size"":0.1378047,""num_orders"":1},{""price"":72565.26,""size"":0.02755461,""num_orders"":1},{""price"":72564.59,""size"":0.38573925,""num_orders"":1},{""price"":72564.58,""size"":0.27561652,""num_orders"":1},{""price"":72563.74,""size"":0.00688994,""num_orders"":1},{""price"":72563.69,""size"":0.04134795,""num_orders"":1},{""price"":72563.58,""size"":0.05513381,""num_orders"":1}]","[{""price"":72569.82,""size"":0.01583972,""num_orders"":4},{""price"":72569.83,""size"":0.11542624,""num_orders"":3},{""price"":72569.84,""size"":0.01441085,""num_orders"":1},{""price"":72569.85,""size"":0.01441085,""num_orders"":1},{""price"":72569.86,""size"":0.01441085,""num_orders"":1},{""price"":72570.01,""size"":1.584e-05,""num_orders"":1},{""price"":72570.48,""size"":1.6e-05,""num_orders"":1},{""price"":72571.47,""size"":0.04134795,""num_orders"":1},{""price"":72571.5,""size"":0.002425,""num_orders"":1},{""price"":72572.0,""size"":0.005,""num_orders"":1}]"
btc_usd_d10_20260528T144058Z,41,2026-05-28T15:21:58.296518Z,2026-05-28T15:21:58.296645Z,BTC-USD,10,ok,,129082410225,2026-05-28T15:21:55.592996579Z,0.13476571,0.51790187,-0.587031088629,72576.009999999995,72576.830000000002,72576.419999999998,0.820000000007,0.112984354975,"[{""price"":72576.01,""size"":0.00134782,""num_orders"":1},{""price"":72574.7,""size"":0.00137494,""num_orders"":1},{""price"":72574.0,""size"":0.0052,""num_orders"":1},{""price"":72572.82,""size"":0.01882553,""num_orders"":1},{""price"":72572.81,""size"":0.02633355,""num_orders"":1},{""price"":72572.0,""size"":0.0052,""num_orders"":1},{""price"":72570.0,""size"":0.0052,""num_orders"":1},{""price"":72569.78,""size"":0.0619843,""num_orders"":1},{""price"":72569.66,""size"":0.00861074,""num_orders"":1},{""price"":72569.17,""size"":0.00068883,""num_orders"":1}]","[{""price"":72576.83,""size"":0.0009,""num_orders"":1},{""price"":72577.0,""size"":0.00078634,""num_orders"":2},{""price"":72577.01,""size"":0.0009,""num_orders"":1},{""price"":72577.25,""size"":0.0009436,""num_orders"":2},{""price"":72578.01,""size"":0.01241085,""num_orders"":1},{""price"":72578.24,""size"":0.01241085,""num_orders"":1},{""price"":72581.88,""size"":0.04135064,""num_orders"":1},{""price"":72582.19,""size"":0.135,""num_orders"":1},{""price"":72585.3,""size"":0.30319959,""num_orders"":1},{""price"":72586.4,""size"":0.01,""num_orders"":1}]"
btc_usd_d10_20260528T144058Z,42,2026-05-28T15:22:58.296518Z,2026-05-28T15:22:58.296687Z,BTC-USD,10,ok,,129082509437,2026-05-28T15:22:57.344494205Z,0.40627625,0.67263717,-0.246878864478,72682.610000000001,72682.619999999995,72682.614999999991,0.009999999995,0.001375844828,"[{""price"":72682.61,""size"":0.3199663,""num_orders"":5},{""price"":72682.6,""size"":2e-08,""num_orders"":1},{""price"":72682.58,""size"":4e-08,""num_orders"":1},{""price"":72682.57,""size"":6e-08,""num_orders"":1},{""price"":72682.56,""size"":8e-08,""num_orders"":1},{""price"":72682.55,""size"":1.2e-07,""num_orders"":1},{""price"":72682.53,""size"":1.7e-07,""num_orders"":1},{""price"":72682.28,""size"":0.04368835,""num_orders"":1},{""price"":72682.27,""size"":0.04127553,""num_orders"":1},{""price"":72680.99,""size"":0.00134558,""num_orders"":1}]","[{""price"":72682.62,""size"":0.01526979,""num_orders"":2},{""price"":72685.82,""size"":0.00166351,""num_orders"":1},{""price"":72687.46,""size"":0.00134558,""num_orders"":1},{""price"":72687.47,""size"":0.068025,""num_orders"":1},{""price"":72688.0,""size"":0.0046,""num_orders"":1},{""price"":72688.21,""size"":0.00687929,""num_orders"":1},{""price"":72690.21,""size"":0.23028777,""num_orders"":1},{""price"":72690.36,""size"":0.30319959,""num_orders"":1},{""price"":72691.22,""size"":0.04135064,""num_orders"":1},{""price"":72691.26,""size"":1.6e-05,""num_orders"":1}]"
btc_usd_d10_20260528T144058Z,43,2026-05-28T15:23:58.296518Z,2026-05-28T15:23:58.296661Z,BTC-USD,10,ok,,129082598058,2026-05-28T15:23:56.544321848Z,0.9365309,0.40608792,0.39508084655,72696.860000000001,72696.869999999995,72696.864999999991,0.009999999995,0.001375575136,"[{""price"":72696.86,""size"":0.04656433,""num_orders"":6},{""price"":72694.2,""size"":0.02750365,""num_orders"":1},{""price"":72694.14,""size"":0.13756266,""num_orders"":1},{""price"":72694.0,""size"":0.0041,""num_orders"":1},{""price"":72693.67,""size"":0.30319959,""num_orders"":1},{""price"":72693.12,""size"":0.01676342,""num_orders"":1},{""price"":72692.2,""size"":0.05012457,""num_orders"":1},{""price"":72692.0,""size"":0.0041,""num_orders"":1},{""price"":72691.14,""size"":0.00134526,""num_orders"":1},{""price"":72691.13,""size"":0.34526742,""num_orders"":1}]","[{""price"":72696.87,""size"":0.01191085,""num_orders"":1},{""price"":72697.39,""size"":0.002425,""num_orders"":1},{""price"":72698.0,""size"":0.0041,""num_orders"":1},{""price"":72698.58,""size"":1.6e-05,""num_orders"":1},{""price"":72699.98,""size"":0.04135064,""num_orders"":1},{""price"":72699.99,""size"":0.068011,""num_orders"":1},{""price"":72700.0,""size"":0.0141,""num_orders"":2},{""price"":72702.24,""size"":1.6e-05,""num_orders"":1},{""price"":72702.87,""size"":0.01068791,""num_orders"":2},{""price"":72702.88,""size"":0.25347052,""num_orders"":1}]"
btc_usd_d10_20260528T144058Z,44,2026-05-28T15:24:58.296518Z,2026-05-28T15:24:58.296663Z,BTC-USD,10,ok,,129082699675,2026-05-28T15:24:57.544557811Z,0.82073681,0.66174503,0.107247033798,72725.729999999996,72725.740000000005,72725.735000000001,0.010000000009,0.001375029075,"[{""price"":72725.73,""size"":0.04125087,""num_orders"":1},{""price"":72724.72,""size"":0.01648616,""num_orders"":1},{""price"":72723.69,""size"":1.998e-05,""num_orders"":1},{""price"":72722.0,""size"":0.003,""num_orders"":1},{""price"":72721.3,""size"":0.25888087,""num_orders"":2},{""price"":72721.29,""size"":0.04135064,""num_orders"":1},{""price"":72720.88,""size"":0.27502416,""num_orders"":1},{""price"":72720.75,""size"":0.13751232,""num_orders"":1},{""price"":72720.0,""size"":0.003,""num_orders"":1},{""price"":72718.51,""size"":0.04421181,""num_orders"":1}]","[{""price"":72725.74,""size"":0.01758902,""num_orders"":3},{""price"":72725.8,""size"":0.2011192,""num_orders"":1},{""price"":72725.81,""size"":0.0824871,""num_orders"":1},{""price"":72727.86,""size"":1.6e-05,""num_orders"":1},{""price"":72728.0,""size"":0.003,""num_orders"":1},{""price"":72728.32,""size"":0.00687549,""num_orders"":1},{""price"":72730.0,""size"":0.013,""num_orders"":2},{""price"":72730.14,""size"":0.0824871,""num_orders"":1},{""price"":72730.15,""size"":0.135,""num_orders"":1},{""price"":72731.21,""size"":0.12017112,""num_orders"":1}]"
btc_usd_d10_20260528T144058Z,45,2026-05-28T15:25:58.296518Z,2026-05-28T15:25:58.296643Z,BTC-USD,10,ok,,129082777672,2026-05-28T15:25:56.344453460Z,0.5392984,0.7204429,-0.143794999815,72748,72748.009999999995,72748.005000000005,0.009999999995,0.001374608141,"[{""price"":72748.0,""size"":0.0159,""num_orders"":1},{""price"":72747.92,""size"":0.01463846,""num_orders"":1},{""price"":72747.91,""size"":0.0154855,""num_orders"":2},{""price"":72744.96,""size"":0.01,""num_orders"":1},{""price"":72744.95,""size"":0.13746658,""num_orders"":1},{""price"":72744.92,""size"":0.02748642,""num_orders"":1},{""price"":72744.87,""size"":0.0006873,""num_orders"":1},{""price"":72743.54,""size"":0.2749385,""num_orders"":1},{""price"":72742.03,""size"":0.001345,""num_orders"":1},{""price"":72742.02,""size"":0.04135064,""num_orders"":1}]","[{""price"":72748.01,""size"":0.01498389,""num_orders"":2},{""price"":72748.02,""size"":0.1696928,""num_orders"":1},{""price"":72748.03,""size"":0.0824871,""num_orders"":1},{""price"":72750.0,""size"":0.0033,""num_orders"":1},{""price"":72750.99,""size"":0.20973542,""num_orders"":2},{""price"":72752.0,""size"":0.0033,""num_orders"":1},{""price"":72752.75,""size"":0.10568873,""num_orders"":1},{""price"":72752.76,""size"":0.04135064,""num_orders"":1},{""price"":72752.77,""size"":0.00741722,""num_orders"":1},{""price"":72753.25,""size"":0.0824871,""num_orders"":1}]"
btc_usd_d10_20260528T144058Z,46,2026-05-28T15:26:58.296518Z,2026-05-28T15:26:58.296644Z,BTC-USD,10,ok,,129082842348,2026-05-28T15:26:55.083079850Z,0.15289955,0.41957391,-0.465828337265,72737.039999999994,72737.050000000003,72737.044999999998,0.010000000009,0.001374815269,"[{""price"":72737.04,""size"":0.01618584,""num_orders"":3},{""price"":72736.83,""size"":0.0824871,""num_orders"":1},{""price"":72736.82,""size"":0.04124458,""num_orders"":1},{""price"":72736.78,""size"":1e-08,""num_orders"":1},{""price"":72736.76,""size"":2e-08,""num_orders"":1},{""price"":72736.75,""size"":3e-08,""num_orders"":1},{""price"":72736.73,""size"":7e-08,""num_orders"":1},{""price"":72736.44,""size"":0.00087105,""num_orders"":1},{""price"":72736.0,""size"":0.0032,""num_orders"":1},{""price"":72735.2,""size"":0.00891085,""num_orders"":1}]","[{""price"":72737.05,""size"":0.00478494,""num_orders"":1},{""price"":72737.06,""size"":0.00891085,""num_orders"":1},{""price"":72737.07,""size"":0.00891085,""num_orders"":1},{""price"":72737.08,""size"":0.00891085,""num_orders"":1},{""price"":72737.09,""size"":0.00891085,""num_orders"":1},{""price"":72737.1,""size"":0.07208253,""num_orders"":2},{""price"":72742.0,""size"":0.0032,""num_orders"":1},{""price"":72742.5,""size"":1.6e-05,""num_orders"":1},{""price"":72743.27,""size"":0.22136519,""num_orders"":2},{""price"":72743.28,""size"":0.08248185,""num_orders"":1}]"
btc_usd_d10_20260528T144058Z,47,2026-05-28T15:27:58.296518Z,2026-05-28T15:27:58.296668Z,BTC-USD,10,ok,,129082917280,2026-05-28T15:27:57.047462422Z,0.07649237,0.20974124,-0.465524890665,72782,72782.850000000006,72782.425000000003,0.850000000006,0.116786435737,"[{""price"":72782.0,""size"":0.0039,""num_orders"":1},{""price"":72781.2,""size"":0.04121943,""num_orders"":1},{""price"":72781.13,""size"":0.02747272,""num_orders"":1},{""price"":72780.82,""size"":1e-08,""num_orders"":1},{""price"":72780.81,""size"":2e-08,""num_orders"":1},{""price"":72780.8,""size"":2e-08,""num_orders"":1},{""price"":72780.79,""size"":4e-08,""num_orders"":1},{""price"":72780.78,""size"":5e-08,""num_orders"":1},{""price"":72780.77,""size"":8e-08,""num_orders"":1},{""price"":72780.0,""size"":0.0039,""num_orders"":1}]","[{""price"":72782.85,""size"":0.00993483,""num_orders"":2},{""price"":72782.86,""size"":0.00961085,""num_orders"":1},{""price"":72782.87,""size"":0.00961085,""num_orders"":1},{""price"":72782.88,""size"":0.00961085,""num_orders"":1},{""price"":72782.89,""size"":0.00961085,""num_orders"":1},{""price"":72783.52,""size"":0.04135064,""num_orders"":1},{""price"":72784.0,""size"":0.0039,""num_orders"":1},{""price"":72785.49,""size"":0.11219637,""num_orders"":2},{""price"":72786.0,""size"":0.0039,""num_orders"":1},{""price"":72786.42,""size"":1.6e-05,""num_orders"":1}]"
btc_usd_d10_20260528T144058Z,48,2026-05-28T15:28:58.296518Z,2026-05-28T15:28:58.296662Z,BTC-USD,10,ok,,129082972902,2026-05-28T15:28:56.046721348Z,0.44734562,0.29582305,0.203887187548,72775.440000000002,72778.520000000004,72776.98000000001,3.080000000002,0.423210746036,"[{""price"":72775.44,""size"":1.6e-05,""num_orders"":1},{""price"":72775.25,""size"":0.00686985,""num_orders"":1},{""price"":72774.0,""size"":0.0037,""num_orders"":1},{""price"":72772.51,""size"":0.1374145,""num_orders"":1},{""price"":72771.78,""size"":1.6e-05,""num_orders"":1},{""price"":72770.68,""size"":0.27483592,""num_orders"":1},{""price"":72770.04,""size"":0.00068698,""num_orders"":1},{""price"":72770.0,""size"":0.0037,""num_orders"":1},{""price"":72769.98,""size"":0.008587,""num_orders"":1},{""price"":72769.62,""size"":0.01151937,""num_orders"":1}]","[{""price"":72778.52,""size"":0.0075212,""num_orders"":1},{""price"":72778.53,""size"":0.00430267,""num_orders"":1},{""price"":72779.01,""size"":0.0159,""num_orders"":1},{""price"":72780.01,""size"":0.06834328,""num_orders"":3},{""price"":72780.67,""size"":0.0824871,""num_orders"":1},{""price"":72780.68,""size"":0.04135064,""num_orders"":1},{""price"":72780.7,""size"":0.01535664,""num_orders"":1},{""price"":72780.71,""size"":0.00505664,""num_orders"":1},{""price"":72783.4,""size"":0.05416084,""num_orders"":1},{""price"":72785.96,""size"":0.00134404,""num_orders"":1}]"
btc_usd_d10_20260528T144058Z,49,2026-05-28T15:29:58.296518Z,2026-05-28T15:29:58.296657Z,BTC-USD,10,ok,,129083038158,2026-05-28T15:29:57.047479719Z,0.88805616,0.21981005,0.603183041389,72824.990000000005,72825,72824.994999999995,0.009999999995,0.001373154917,"[{""price"":72824.99,""size"":0.19416961,""num_orders"":10},{""price"":72824.52,""size"":0.0824871,""num_orders"":1},{""price"":72824.51,""size"":0.09640731,""num_orders"":1},{""price"":72824.0,""size"":0.0042,""num_orders"":1},{""price"":72822.09,""size"":0.04135064,""num_orders"":1},{""price"":72822.08,""size"":0.13732097,""num_orders"":1},{""price"":72822.0,""size"":0.0142,""num_orders"":2},{""price"":72821.82,""size"":0.0824871,""num_orders"":1},{""price"":72819.63,""size"":0.15294633,""num_orders"":1},{""price"":72819.62,""size"":0.0824871,""num_orders"":1}]","[{""price"":72825.0,""size"":0.15682799,""num_orders"":2},{""price"":72826.68,""size"":1.6e-05,""num_orders"":1},{""price"":72827.18,""size"":0.00022338,""num_orders"":1},{""price"":72830.0,""size"":0.01,""num_orders"":1},{""price"":72830.34,""size"":1.6e-05,""num_orders"":1},{""price"":72834.0,""size"":1.6e-05,""num_orders"":1},{""price"":72834.82,""size"":0.04135064,""num_orders"":1},{""price"":72835.0,""size"":0.01,""num_orders"":1},{""price"":72837.65,""size"":0.00134404,""num_orders"":1},{""price"":72837.66,""size"":1.6e-05,""num_orders"":1}]"
btc_usd_d10_20260528T144058Z,50,2026-05-28T15:30:58.296518Z,2026-05-28T15:30:58.296637Z,BTC-USD,10,ok,,129083133706,2026-05-28T15:30:57.047743288Z,0.90466699,0.43917905,0.346384873077,72783.520000000004,72783.529999999999,72783.524999999994,0.009999999995,0.001373937302,"[{""price"":72783.52,""size"":0.0324999,""num_orders"":2},{""price"":72782.84,""size"":0.13739501,""num_orders"":1},{""price"":72782.0,""size"":0.0032,""num_orders"":1},{""price"":72780.85,""size"":0.27479753,""num_orders"":1},{""price"":72780.49,""size"":0.02747147,""num_orders"":1},{""price"":72780.0,""size"":0.0032,""num_orders"":1},{""price"":72778.01,""size"":0.00134295,""num_orders"":1},{""price"":72778.0,""size"":0.0032,""num_orders"":1},{""price"":72777.8,""size"":0.10986444,""num_orders"":1},{""price"":72777.79,""size"":0.31169569,""num_orders"":1}]","[{""price"":72783.53,""size"":0.02048836,""num_orders"":2},{""price"":72784.1,""size"":0.10986444,""num_orders"":1},{""price"":72785.99,""size"":0.01968649,""num_orders"":1},{""price"":72786.0,""size"":0.00167165,""num_orders"":1},{""price"":72786.42,""size"":1.6e-05,""num_orders"":1},{""price"":72787.48,""size"":0.08956611,""num_orders"":1},{""price"":72787.49,""size"":0.10986444,""num_orders"":1},{""price"":72787.92,""size"":0.04098934,""num_orders"":1},{""price"":72787.96,""size"":0.04016254,""num_orders"":1},{""price"":72788.99,""size"":0.00686968,""num_orders"":1}]"
btc_usd_d10_20260528T144058Z,51,2026-05-28T15:31:58.296518Z,2026-05-28T15:31:58.296648Z,BTC-USD,10,ok,,129083217610,2026-05-28T15:31:56.547238204Z,1.06061317,0.15960344,0.738401462999,72727.839999999997,72727.850000000006,72727.845000000001,0.010000000009,0.001374989182,"[{""price"":72727.84,""size"":0.06570603,""num_orders"":8},{""price"":72724.73,""size"":0.13750479,""num_orders"":1},{""price"":72724.0,""size"":0.0037,""num_orders"":1},{""price"":72723.17,""size"":0.16499274,""num_orders"":1},{""price"":72722.0,""size"":0.0037,""num_orders"":1},{""price"":72721.46,""size"":0.02749361,""num_orders"":1},{""price"":72720.0,""size"":0.0037,""num_orders"":1},{""price"":72719.99,""size"":0.16499274,""num_orders"":1},{""price"":72718.95,""size"":0.0013449,""num_orders"":1},{""price"":72718.94,""size"":0.48747836,""num_orders"":1}]","[{""price"":72727.85,""size"":0.01001788,""num_orders"":2},{""price"":72727.86,""size"":0.01051085,""num_orders"":1},{""price"":72727.87,""size"":0.06230961,""num_orders"":2},{""price"":72727.88,""size"":0.01051085,""num_orders"":1},{""price"":72727.89,""size"":0.01051085,""num_orders"":1},{""price"":72727.9,""size"":0.01051085,""num_orders"":1},{""price"":72727.91,""size"":0.01051085,""num_orders"":1},{""price"":72727.95,""size"":0.01051085,""num_orders"":1},{""price"":72727.97,""size"":0.01051085,""num_orders"":1},{""price"":72730.0,""size"":0.0137,""num_orders"":2}]"
btc_usd_d10_20260528T144058Z,52,2026-05-28T15:32:58.296518Z,2026-05-28T15:32:58.296652Z,BTC-USD,10,ok,,129083294936,2026-05-28T15:32:56.338466187Z,0.39778883,0.15381054,0.442310675591,72693,72693.009999999995,72693.005000000005,0.009999999995,0.001375648179,"[{""price"":72693.0,""size"":0.02750496,""num_orders"":1},{""price"":72691.04,""size"":0.27513707,""num_orders"":1},{""price"":72690.0,""size"":0.0026,""num_orders"":1},{""price"":72689.96,""size"":0.00012119,""num_orders"":1},{""price"":72688.01,""size"":0.00134556,""num_orders"":1},{""price"":72688.0,""size"":0.0026,""num_orders"":1},{""price"":72687.99,""size"":6.1e-07,""num_orders"":1},{""price"":72687.6,""size"":1.6e-05,""num_orders"":1},{""price"":72687.22,""size"":0.00592,""num_orders"":1},{""price"":72686.61,""size"":0.08254344,""num_orders"":1}]","[{""price"":72693.01,""size"":0.00921085,""num_orders"":1},{""price"":72693.02,""size"":0.00921085,""num_orders"":1},{""price"":72693.99,""size"":0.00921085,""num_orders"":1},{""price"":72694.0,""size"":0.01181085,""num_orders"":2},{""price"":72695.98,""size"":0.00921085,""num_orders"":1},{""price"":72695.99,""size"":0.00687795,""num_orders"":1},{""price"":72696.0,""size"":0.0026,""num_orders"":1},{""price"":72696.89,""size"":0.00134556,""num_orders"":1},{""price"":72696.9,""size"":0.00921085,""num_orders"":1},{""price"":72696.91,""size"":0.08512193,""num_orders"":1}]"
btc_usd_d10_20260528T144058Z,53,2026-05-28T15:33:58.296518Z,2026-05-28T15:33:58.296650Z,BTC-USD,10,ok,,129083358431,2026-05-28T15:33:55.683310785Z,0.25880053,0.26025302,-0.002798343254,72702.059999999998,72702.070000000007,72702.065000000002,0.010000000009,0.00137547675,"[{""price"":72702.06,""size"":0.04261005,""num_orders"":3},{""price"":72700.01,""size"":0.01,""num_orders"":1},{""price"":72700.0,""size"":0.0026,""num_orders"":1},{""price"":72699.64,""size"":0.02749929,""num_orders"":1},{""price"":72698.58,""size"":1.6e-05,""num_orders"":1},{""price"":72698.1,""size"":0.01,""num_orders"":1},{""price"":72698.09,""size"":0.01592,""num_orders"":2},{""price"":72698.08,""size"":0.13755519,""num_orders"":1},{""price"":72698.0,""size"":0.0026,""num_orders"":1},{""price"":72696.24,""size"":0.01,""num_orders"":1}]","[{""price"":72702.07,""size"":0.09125429,""num_orders"":2},{""price"":72702.09,""size"":0.0362621,""num_orders"":2},{""price"":72702.1,""size"":0.00744766,""num_orders"":1},{""price"":72702.11,""size"":0.00851085,""num_orders"":1},{""price"":72702.12,""size"":0.00851085,""num_orders"":1},{""price"":72702.13,""size"":0.00851085,""num_orders"":1},{""price"":72702.14,""size"":0.00851085,""num_orders"":1},{""price"":72702.15,""size"":0.00851085,""num_orders"":1},{""price"":72703.8,""size"":0.00019128,""num_orders"":1},{""price"":72704.26,""size"":0.08254344,""num_orders"":1}]"
btc_usd_d10_20260528T144058Z,54,2026-05-28T15:34:58.296518Z,2026-05-28T15:34:58.296642Z,BTC-USD,10,ok,,129083429223,2026-05-28T15:34:56.543234873Z,0.35345099,0.52047397,-0.191118216832,72724.470000000001,72724.479999999996,72724.475000000006,0.009999999995,0.001375052896,"[{""price"":72724.47,""size"":0.04288246,""num_orders"":3},{""price"":72724.44,""size"":0.01,""num_orders"":1},{""price"":72724.0,""size"":0.00300001,""num_orders"":2},{""price"":72723.98,""size"":2e-08,""num_orders"":1},{""price"":72723.97,""size"":5e-08,""num_orders"":1},{""price"":72722.01,""size"":0.10908061,""num_orders"":2},{""price"":72722.0,""size"":0.003,""num_orders"":1},{""price"":72720.54,""size"":1.6e-05,""num_orders"":1},{""price"":72720.41,""size"":0.13751296,""num_orders"":1},{""price"":72720.12,""size"":0.04795888,""num_orders"":1}]","[{""price"":72724.48,""size"":0.00855461,""num_orders"":2},{""price"":72725.51,""size"":0.00821085,""num_orders"":1},{""price"":72727.98,""size"":0.04135064,""num_orders"":1},{""price"":72727.99,""size"":0.00821085,""num_orders"":1},{""price"":72728.05,""size"":0.22000915,""num_orders"":1},{""price"":72728.5,""size"":0.00811272,""num_orders"":1},{""price"":72730.0,""size"":0.003,""num_orders"":1},{""price"":72730.27,""size"":0.22000915,""num_orders"":1},{""price"":72731.52,""size"":1.6e-05,""num_orders"":1},{""price"":72732.0,""size"":0.003,""num_orders"":1}]"
btc_usd_d10_20260528T144058Z,55,2026-05-28T15:35:58.296518Z,2026-05-28T15:35:58.296644Z,BTC-USD,10,ok,,129083494613,2026-05-28T15:35:57.343424641Z,0.09070098,0.41294812,-0.639824711292,72760.779999999999,72760.789999999994,72760.785000000003,0.009999999995,0.0013743667,"[{""price"":72760.78,""size"":0.04472432,""num_orders"":6},{""price"":72760.77,""size"":2e-08,""num_orders"":2},{""price"":72760.75,""size"":4e-08,""num_orders"":2},{""price"":72760.74,""size"":5e-08,""num_orders"":1},{""price"":72760.73,""size"":7e-08,""num_orders"":1},{""price"":72760.72,""size"":1e-07,""num_orders"":1},{""price"":72760.7,""size"":1.4e-07,""num_orders"":1},{""price"":72760.16,""size"":0.04123135,""num_orders"":1},{""price"":72760.01,""size"":0.00134489,""num_orders"":1},{""price"":72760.0,""size"":0.0034,""num_orders"":1}]","[{""price"":72760.79,""size"":0.0688214,""num_orders"":2},{""price"":72760.8,""size"":1.6e-05,""num_orders"":1},{""price"":72764.46,""size"":1.6e-05,""num_orders"":1},{""price"":72765.0,""size"":0.01,""num_orders"":1},{""price"":72765.66,""size"":0.08246371,""num_orders"":1},{""price"":72766.0,""size"":0.12537566,""num_orders"":2},{""price"":72766.74,""size"":0.04135064,""num_orders"":1},{""price"":72767.3,""size"":0.002425,""num_orders"":1},{""price"":72768.05,""size"":0.08246371,""num_orders"":1},{""price"":72768.12,""size"":1.6e-05,""num_orders"":1}]"
btc_usd_d10_20260528T144058Z,56,2026-05-28T15:36:58.296518Z,2026-05-28T15:36:58.296624Z,BTC-USD,10,ok,,129083561351,2026-05-28T15:36:56.607691563Z,0.43575702,0.09747546,0.634397889641,72768.600000000006,72768.610000000001,72768.60500000001,0.009999999995,0.001374219005,"[{""price"":72768.6,""size"":0.06951076,""num_orders"":7},{""price"":72768.09,""size"":0.08246371,""num_orders"":1},{""price"":72768.08,""size"":0.04122686,""num_orders"":1},{""price"":72768.0,""size"":0.0027,""num_orders"":1},{""price"":72766.01,""size"":0.00134407,""num_orders"":1},{""price"":72766.0,""size"":0.0027,""num_orders"":1},{""price"":72765.43,""size"":0.08246371,""num_orders"":1},{""price"":72765.42,""size"":0.13742791,""num_orders"":1},{""price"":72764.83,""size"":0.00592,""num_orders"":1},{""price"":72764.01,""size"":0.01,""num_orders"":1}]","[{""price"":72768.61,""size"":0.01446487,""num_orders"":2},{""price"":72768.62,""size"":0.00891085,""num_orders"":1},{""price"":72768.63,""size"":0.00891085,""num_orders"":1},{""price"":72768.64,""size"":0.00891085,""num_orders"":1},{""price"":72771.78,""size"":1.6e-05,""num_orders"":1},{""price"":72772.25,""size"":0.0037961,""num_orders"":2},{""price"":72773.97,""size"":0.00134407,""num_orders"":1},{""price"":72773.98,""size"":0.04135064,""num_orders"":1},{""price"":72774.0,""size"":0.0029,""num_orders"":1},{""price"":72774.09,""size"":0.00687123,""num_orders"":1}]"
btc_usd_d10_20260528T144058Z,57,2026-05-28T15:37:58.296518Z,2026-05-28T15:37:58.296640Z,BTC-USD,10,ok,,129083632203,2026-05-28T15:37:56.596072903Z,0.28943082,0.43093119,-0.196429528537,72765.229999999996,72765.240000000005,72765.235000000001,0.010000000009,0.001374282652,"[{""price"":72765.23,""size"":0.0754602,""num_orders"":9},{""price"":72765.22,""size"":1e-08,""num_orders"":1},{""price"":72765.2,""size"":2e-08,""num_orders"":1},{""price"":72765.19,""size"":4e-08,""num_orders"":1},{""price"":72765.17,""size"":6e-08,""num_orders"":1},{""price"":72764.42,""size"":6e-08,""num_orders"":1},{""price"":72764.39,""size"":1.3e-07,""num_orders"":1},{""price"":72763.69,""size"":0.0739364,""num_orders"":1},{""price"":72762.24,""size"":0.1374339,""num_orders"":1},{""price"":72762.0,""size"":0.0026,""num_orders"":1}]","[{""price"":72765.24,""size"":0.01150418,""num_orders"":2},{""price"":72765.96,""size"":0.04135064,""num_orders"":1},{""price"":72767.74,""size"":0.08130525,""num_orders"":1},{""price"":72768.88,""size"":0.00196869,""num_orders"":1},{""price"":72769.93,""size"":0.08246371,""num_orders"":1},{""price"":72769.98,""size"":0.04545889,""num_orders"":1},{""price"":72770.7,""size"":0.00687141,""num_orders"":1},{""price"":72771.99,""size"":0.00134405,""num_orders"":1},{""price"":72772.0,""size"":0.0026,""num_orders"":1},{""price"":72772.15,""size"":0.15606437,""num_orders"":1}]"
btc_usd_d10_20260528T144058Z,58,2026-05-28T15:38:58.296518Z,2026-05-28T15:38:58.296644Z,BTC-USD,10,ok,,129083692934,2026-05-28T15:38:57.844798336Z,0.35809125,0.1531235,0.400942558876,72785.850000000006,72785.860000000001,72785.85500000001,0.009999999995,0.00137389332,"[{""price"":72785.85,""size"":0.00629813,""num_orders"":3},{""price"":72785.84,""size"":0.0412168,""num_orders"":1},{""price"":72785.03,""size"":1e-08,""num_orders"":1},{""price"":72785.01,""size"":2e-08,""num_orders"":1},{""price"":72785.0,""size"":3e-08,""num_orders"":1},{""price"":72784.98,""size"":6e-08,""num_orders"":1},{""price"":72784.77,""size"":0.02747034,""num_orders"":1},{""price"":72784.0,""size"":0.0024,""num_orders"":1},{""price"":72783.94,""size"":0.27478586,""num_orders"":1},{""price"":72783.85,""size"":0.00592,""num_orders"":1}]","[{""price"":72785.86,""size"":0.01531803,""num_orders"":2},{""price"":72785.87,""size"":0.00781085,""num_orders"":1},{""price"":72785.88,""size"":0.00781085,""num_orders"":1},{""price"":72785.89,""size"":0.00781085,""num_orders"":1},{""price"":72785.9,""size"":0.00781085,""num_orders"":1},{""price"":72785.91,""size"":0.00781085,""num_orders"":1},{""price"":72785.92,""size"":0.00781085,""num_orders"":1},{""price"":72785.93,""size"":0.00781085,""num_orders"":1},{""price"":72789.5,""size"":0.00066581,""num_orders"":1},{""price"":72790.42,""size"":0.08246371,""num_orders"":1}]"
btc_usd_d10_20260528T144058Z,59,2026-05-28T15:39:58.296518Z,2026-05-28T15:39:58.296673Z,BTC-USD,10,ok,,129083760009,2026-05-28T15:39:55.600637112Z,0.31336475,0.10167284,0.510054788049,72733.089999999997,72733.100000000006,72733.095000000001,0.010000000009,0.001374889933,"[{""price"":72733.09,""size"":0.03470811,""num_orders"":3},{""price"":72733.02,""size"":0.04124673,""num_orders"":1},{""price"":72730.09,""size"":0.13749467,""num_orders"":1},{""price"":72730.0,""size"":0.0039,""num_orders"":1},{""price"":72728.04,""size"":0.00134405,""num_orders"":1},{""price"":72728.03,""size"":0.08246371,""num_orders"":1},{""price"":72728.0,""size"":0.0039,""num_orders"":1},{""price"":72727.86,""size"":1.6e-05,""num_orders"":1},{""price"":72727.3,""size"":0.00687446,""num_orders"":1},{""price"":72727.02,""size"":0.00141702,""num_orders"":1}]","[{""price"":72733.1,""size"":0.02317519,""num_orders"":2},{""price"":72733.11,""size"":0.00871085,""num_orders"":1},{""price"":72733.12,""size"":0.00871085,""num_orders"":1},{""price"":72733.13,""size"":0.00871085,""num_orders"":1},{""price"":72733.14,""size"":0.00871085,""num_orders"":1},{""price"":72733.15,""size"":0.00871085,""num_orders"":1},{""price"":72733.16,""size"":0.00871085,""num_orders"":1},{""price"":72733.17,""size"":0.00871085,""num_orders"":1},{""price"":72733.18,""size"":0.00871085,""num_orders"":1},{""price"":72733.19,""size"":0.00881085,""num_orders"":1}]"
