window_id,sample_index,planned_at_utc,collected_at_utc,product_id,depth,status,error,sequence,snapshot_time_utc,bid_volume,ask_volume,imbalance,best_bid,best_ask,mid_price,spread,spread_bps,bids_json,asks_json
btc_usd_d10_20261010T013638Z,0,2026-10-10T01:36:38.031749Z,2026-10-10T01:36:38.031781Z,BTC-USD,10,ok,,137506760586,2026-10-10T01:36:36.030258727Z,0.7700439,0.56250214,0.15574828469,82538.479999999996,82538.490000000005,82538.485000000001,0.010000000009,0.001211556041,"[{""price"":82538.48,""size"":0.03282068,""num_orders"":3},{""price"":82536.81,""size"":0.08695238,""num_orders"":1},{""price"":82536.8,""size"":0.12121685,""num_orders"":1},{""price"":82535.52,""size"":0.00015254,""num_orders"":1},{""price"":82532.68,""size"":0.04,""num_orders"":1},{""price"":82532.67,""size"":0.0969313,""num_orders"":1},{""price"":82532.64,""size"":0.14474728,""num_orders"":1},{""price"":82532.63,""size"":0.12121685,""num_orders"":1},{""price"":82531.66,""size"":0.00478917,""num_orders"":1},{""price"":82530.15,""size"":0.12121685,""num_orders"":1}]","[{""price"":82538.49,""size"":0.01817028,""num_orders"":6},{""price"":82540.53,""size"":0.09692208,""num_orders"":1},{""price"":82540.56,""size"":0.00484622,""num_orders"":1},{""price"":82540.63,""size"":5.974e-05,""num_orders"":1},{""price"":82541.68,""size"":0.1762,""num_orders"":1},{""price"":82542.27,""size"":0.12121685,""num_orders"":1},{""price"":82544.36,""size"":0.00605774,""num_orders"":1},{""price"":82545.11,""size"":0.01779745,""num_orders"":1},{""price"":82545.32,""size"":0.12121685,""num_orders"":1},{""price"":82545.65,""size"":1.493e-05,""num_orders"":1}]"
btc_usd_d10_20261010T013638Z,1,2026-10-10T01:37:38.031749Z,2026-10-10T01:37:38.031876Z,BTC-USD,10,ok,,137506774747,2026-10-10T01:37:35.655802577Z,1.80284084,0.62549131,0.484838752392,82545.820000000007,82545.830000000002,82545.825000000012,0.009999999995,0.001211448307,"[{""price"":82545.82,""size"":1.24647389,""num_orders"":9},{""price"":82545.64,""size"":0.12611283,""num_orders"":1},{""price"":82545.63,""size"":8.575e-05,""num_orders"":1},{""price"":82545.0,""size"":0.048,""num_orders"":1},{""price"":82544.16,""size"":0.02422946,""num_orders"":2},{""price"":82542.94,""size"":0.01779796,""num_orders"":1},{""price"":82542.34,""size"":0.09691995,""num_orders"":1},{""price"":82542.31,""size"":0.12121685,""num_orders"":1},{""price"":82541.64,""size"":0.09330595,""num_orders"":1},{""price"":82541.03,""size"":0.0286982,""num_orders"":1}]","[{""price"":82545.83,""size"":0.01025287,""num_orders"":9},{""price"":82548.48,""size"":1.4e-05,""num_orders"":1},{""price"":82549.14,""size"":0.00063658,""num_orders"":1},{""price"":82551.06,""size"":0.09690972,""num_orders"":1},{""price"":82554.13,""size"":0.12121685,""num_orders"":1},{""price"":82556.73,""size"":0.12121685,""num_orders"":1},{""price"":82556.74,""size"":0.05,""num_orders"":1},{""price"":82556.75,""size"":0.1762,""num_orders"":1},{""price"":82557.93,""size"":0.04903044,""num_orders"":1},{""price"":82558.84,""size"":1.4e-05,""num_orders"":1}]"
btc_usd_d10_20261010T013638Z,2,2026-10-10T01:38:38.031749Z,2026-10-10T01:38:38.031878Z,BTC-USD,10,ok,,137506795027,2026-10-10T01:38:37.274266078Z,0.62810803,0.5120035,0.101836115981,82579.550000000003,82579.559999999998,82579.554999999993,0.009999999995,0.001210953485,"[{""price"":82579.55,""size"":0.11460655,""num_orders"":6},{""price"":82577.9,""size"":0.04354558,""num_orders"":2},{""price"":82577.89,""size"":0.02421956,""num_orders"":2},{""price"":82577.4,""size"":0.048,""num_orders"":1},{""price"":82577.39,""size"":8.576e-05,""num_orders"":1},{""price"":82577.34,""size"":0.00427659,""num_orders"":1},{""price"":82575.4,""size"":2.66e-06,""num_orders"":1},{""price"":82574.94,""size"":0.23704583,""num_orders"":1},{""price"":82574.93,""size"":0.12121685,""num_orders"":1},{""price"":82574.46,""size"":0.03510865,""num_orders"":1}]","[{""price"":82579.56,""size"":0.00024699,""num_orders"":2},{""price"":82581.39,""size"":0.09687412,""num_orders"":1},{""price"":82581.54,""size"":0.00484387,""num_orders"":1},{""price"":82584.32,""size"":0.00605484,""num_orders"":1},{""price"":82585.02,""size"":0.0489954,""num_orders"":1},{""price"":82585.68,""size"":0.1762,""num_orders"":1},{""price"":82585.8,""size"":0.12121685,""num_orders"":1},{""price"":82585.82,""size"":0.05,""num_orders"":1},{""price"":82586.71,""size"":1.817e-05,""num_orders"":1},{""price"":82588.66,""size"":0.00755326,""num_orders"":1}]"
btc_usd_d10_20261010T013638Z,3,2026-10-10T01:39:38.031749Z,2026-10-10T01:39:38.031874Z,BTC-USD,10,ok,,137506810804,2026-10-10T01:39:35.248505512Z,0.71309784,0.36082442,0.328025065799,82575.940000000002,82575.949999999997,82575.945000000007,0.009999999995,0.001211006425,"[{""price"":82575.94,""size"":0.0217329,""num_orders"":5},{""price"":82575.25,""size"":0.00490873,""num_orders"":1},{""price"":82574.55,""size"":0.25684279,""num_orders"":2},{""price"":82574.54,""size"":0.12121685,""num_orders"":1},{""price"":82574.28,""size"":0.02422062,""num_orders"":2},{""price"":82573.2,""size"":0.0004,""num_orders"":1},{""price"":82571.87,""size"":0.09688528,""num_orders"":1},{""price"":82571.82,""size"":0.12121685,""num_orders"":1},{""price"":82571.61,""size"":0.0177894,""num_orders"":1},{""price"":82571.09,""size"":0.04788442,""num_orders"":1}]","[{""price"":82575.95,""size"":0.000876,""num_orders"":2},{""price"":82577.4,""size"":0.00115131,""num_orders"":1},{""price"":82577.41,""size"":8.056e-05,""num_orders"":1},{""price"":82578.02,""size"":0.00484402,""num_orders"":1},{""price"":82579.56,""size"":0.00023224,""num_orders"":1},{""price"":82580.31,""size"":0.12121685,""num_orders"":1},{""price"":82580.32,""size"":0.09687538,""num_orders"":1},{""price"":82580.8,""size"":0.00605503,""num_orders"":1},{""price"":82583.33,""size"":0.12121685,""num_orders"":1},{""price"":82585.65,""size"":0.00827618,""num_orders"":1}]"
btc_usd_d10_20261010T013638Z,4,2026-10-10T01:40:38.031749Z,2026-10-10T01:40:38.031891Z,BTC-USD,10,ok,,137506828251,2026-10-10T01:40:36.647546518Z,0.58731628,0.60120249,-0.011683627007,82581.820000000007,82581.830000000002,82581.825000000012,0.009999999995,0.001210920199,"[{""price"":82581.82,""size"":0.04036744,""num_orders"":2},{""price"":82580.56,""size"":0.12121685,""num_orders"":1},{""price"":82580.16,""size"":0.0242189,""num_orders"":2},{""price"":82579.75,""size"":0.00484368,""num_orders"":1},{""price"":82577.38,""size"":0.12471226,""num_orders"":2},{""price"":82577.37,""size"":0.12121685,""num_orders"":1},{""price"":82576.97,""size"":0.00294778,""num_orders"":1},{""price"":82576.64,""size"":0.04707053,""num_orders"":1},{""price"":82575.94,""size"":0.00384065,""num_orders"":1},{""price"":82575.23,""size"":0.09688134,""num_orders"":1}]","[{""price"":82581.83,""size"":0.07183219,""num_orders"":3},{""price"":82581.84,""size"":0.03760951,""num_orders"":2},{""price"":82581.86,""size"":0.03,""num_orders"":1},{""price"":82583.49,""size"":0.09687166,""num_orders"":1},{""price"":82586.22,""size"":0.0499954,""num_orders"":1},{""price"":82586.6,""size"":0.12121685,""num_orders"":1},{""price"":82586.74,""size"":0.00663003,""num_orders"":3},{""price"":82587.71,""size"":0.00583,""num_orders"":1},{""price"":82588.54,""size"":0.06,""num_orders"":2},{""price"":82589.08,""size"":0.12121685,""num_orders"":1}]"
btc_usd_d10_20261010T013638Z,5,2026-10-10T01:41:38.031749Z,2026-10-10T01:41:38.031883Z,BTC-USD,10,ok,,137506850602,2026-10-10T01:41:37.238655150Z,0.8571701,0.84984449,0.004291474744,82604.190000000002,82606.429999999993,82605.309999999998,2.239999999991,0.271169008383,"[{""price"":82604.19,""size"":0.02752578,""num_orders"":1},{""price"":82604.18,""size"":0.07048072,""num_orders"":2},{""price"":82603.18,""size"":0.15092416,""num_orders"":1},{""price"":82603.17,""size"":0.12121685,""num_orders"":1},{""price"":82602.24,""size"":0.12109726,""num_orders"":1},{""price"":82602.11,""size"":0.00181593,""num_orders"":1},{""price"":82600.83,""size"":8.576e-05,""num_orders"":1},{""price"":82600.68,""size"":0.12121685,""num_orders"":1},{""price"":82599.88,""size"":0.12158994,""num_orders"":2},{""price"":82596.93,""size"":0.12121685,""num_orders"":1}]","[{""price"":82606.43,""size"":0.01815859,""num_orders"":1},{""price"":82606.44,""size"":0.08235,""num_orders"":1},{""price"":82606.82,""size"":0.0968443,""num_orders"":1},{""price"":82609.82,""size"":0.05,""num_orders"":1},{""price"":82612.37,""size"":0.00078677,""num_orders"":1},{""price"":82614.8,""size"":0.12121685,""num_orders"":1},{""price"":82617.34,""size"":0.12121685,""num_orders"":1},{""price"":82619.31,""size"":0.00484168,""num_orders"":1},{""price"":82619.86,""size"":0.2332126,""num_orders"":1},{""price"":82619.87,""size"":0.12121685,""num_orders"":1}]"
btc_usd_d10_20261010T013638Z,6,2026-10-10T01:42:38.031749Z,2026-10-10T01:42:38.031877Z,BTC-USD,10,ok,,137506870634,2026-10-10T01:42:36.246839525Z,0.9381769,0.34759915,0.459316184961,82591.990000000005,82592,82591.994999999995,0.009999999995,0.001210771092,"[{""price"":82591.99,""size"":0.12123727,""num_orders"":2},{""price"":82590.33,""size"":0.02421592,""num_orders"":2},{""price"":82589.92,""size"":1.4e-05,""num_orders"":1},{""price"":82589.52,""size"":0.07236646,""num_orders"":1},{""price"":82589.51,""size"":0.12121685,""num_orders"":1},{""price"":82587.03,""size"":0.24203855,""num_orders"":2},{""price"":82587.02,""size"":0.12121685,""num_orders"":1},{""price"":82586.2,""size"":0.09686847,""num_orders"":1},{""price"":82584.92,""size"":0.01778568,""num_orders"":1},{""price"":82584.5,""size"":0.12121685,""num_orders"":1}]","[{""price"":82592.0,""size"":0.0046,""num_orders"":1},{""price"":82592.01,""size"":0.00078698,""num_orders"":1},{""price"":82593.66,""size"":0.02421494,""num_orders"":2},{""price"":82595.09,""size"":0.00484299,""num_orders"":1},{""price"":82595.1,""size"":0.00023643,""num_orders"":1},{""price"":82595.13,""size"":0.09685801,""num_orders"":1},{""price"":82595.32,""size"":0.05,""num_orders"":1},{""price"":82597.16,""size"":0.00484295,""num_orders"":1},{""price"":82598.32,""size"":0.04,""num_orders"":1},{""price"":82599.1,""size"":0.12121685,""num_orders"":1}]"
btc_usd_d10_20261010T013638Z,7,2026-10-10T01:43:38.031749Z,2026-10-10T01:43:38.031876Z,BTC-USD,10,ok,,137506885506,2026-10-10T01:43:36.189213419Z,0.59951104,1.08392041,-0.287751170385,82596.720000000001,82596.729999999996,82596.725000000006,0.009999999995,0.001210701755,"[{""price"":82596.72,""size"":0.01355796,""num_orders"":2},{""price"":82596.71,""size"":0.03730369,""num_orders"":1},{""price"":82595.33,""size"":0.12121685,""num_orders"":1},{""price"":82595.31,""size"":0.1598423,""num_orders"":1},{""price"":82594.66,""size"":0.02421464,""num_orders"":2},{""price"":82594.64,""size"":0.00179618,""num_orders"":1},{""price"":82593.65,""size"":0.12018549,""num_orders"":2},{""price"":82593.64,""size"":7.846e-05,""num_orders"":1},{""price"":82593.62,""size"":9.862e-05,""num_orders"":1},{""price"":82592.02,""size"":0.12121685,""num_orders"":1}]","[{""price"":82596.73,""size"":0.0046,""num_orders"":1},{""price"":82597.82,""size"":0.09685485,""num_orders"":1},{""price"":82598.12,""size"":0.00121827,""num_orders"":3},{""price"":82598.39,""size"":0.01210677,""num_orders"":1},{""price"":82599.82,""size"":0.05,""num_orders"":1},{""price"":82602.13,""size"":0.04,""num_orders"":1},{""price"":82602.47,""size"":0.00792367,""num_orders"":1},{""price"":82602.48,""size"":0.12121685,""num_orders"":1},{""price"":82602.82,""size"":0.05,""num_orders"":1},{""price"":82604.0,""size"":0.7,""num_orders"":1}]"
btc_usd_d10_20261010T013638Z,8,2026-10-10T01:44:38.031749Z,2026-10-10T01:44:38.031878Z,BTC-USD,10,ok,,137506900311,2026-10-10T01:44:37.209272780Z,0.38130609,0.43508431,-0.065873165584,82593.820000000007,82593.830000000002,82593.825000000012,0.009999999995,0.001210744265,"[{""price"":82593.82,""size"":0.02780519,""num_orders"":2},{""price"":82593.65,""size"":0.12017326,""num_orders"":1},{""price"":82593.64,""size"":7.846e-05,""num_orders"":1},{""price"":82593.62,""size"":9.862e-05,""num_orders"":1},{""price"":82592.16,""size"":0.02421538,""num_orders"":2},{""price"":82591.99,""size"":0.0001523,""num_orders"":2},{""price"":82589.92,""size"":1.4e-05,""num_orders"":1},{""price"":82589.9,""size"":0.01518557,""num_orders"":1},{""price"":82584.96,""size"":0.07236646,""num_orders"":1},{""price"":82584.95,""size"":0.12121685,""num_orders"":1}]","[{""price"":82593.83,""size"":0.18264858,""num_orders"":6},{""price"":82595.49,""size"":0.0121072,""num_orders"":1},{""price"":82595.9,""size"":0.00484297,""num_orders"":1},{""price"":82596.02,""size"":0.04921699,""num_orders"":1},{""price"":82596.31,""size"":0.12121685,""num_orders"":1},{""price"":82596.73,""size"":0.00023338,""num_orders"":1},{""price"":82597.15,""size"":0.01778541,""num_orders"":1},{""price"":82598.12,""size"":0.00097924,""num_orders"":2},{""price"":82598.96,""size"":0.04,""num_orders"":1},{""price"":82599.64,""size"":0.00605369,""num_orders"":1}]"
btc_usd_d10_20261010T013638Z,9,2026-10-10T01:45:38.031749Z,2026-10-10T01:45:38.031885Z,BTC-USD,10,ok,,137506916240,2026-10-10T01:45:35.556244633Z,0.54642896,1.1682872,-0.362659578598,82612.520000000004,82612.529999999999,82612.524999999994,0.009999999995,0.001210470203,"[{""price"":82612.52,""size"":0.0046,""num_orders"":1},{""price"":82611.65,""size"":0.03232578,""num_orders"":2},{""price"":82610.86,""size"":0.0242099,""num_orders"":2},{""price"":82609.17,""size"":0.09167074,""num_orders"":1},{""price"":82609.16,""size"":0.12121685,""num_orders"":1},{""price"":82609.05,""size"":1.211e-05,""num_orders"":1},{""price"":82606.39,""size"":0.00945591,""num_orders"":1},{""price"":82605.87,""size"":0.14360692,""num_orders"":1},{""price"":82605.86,""size"":0.09684542,""num_orders"":1},{""price"":82604.33,""size"":0.02248533,""num_orders"":1}]","[{""price"":82612.53,""size"":0.01815699,""num_orders"":1},{""price"":82612.92,""size"":0.011,""num_orders"":1},{""price"":82613.7,""size"":0.00063504,""num_orders"":2},{""price"":82615.48,""size"":0.09683416,""num_orders"":1},{""price"":82619.46,""size"":0.00817778,""num_orders"":1},{""price"":82619.47,""size"":0.1762,""num_orders"":1},{""price"":82619.99,""size"":0.12121685,""num_orders"":1},{""price"":82620.0,""size"":0.7,""num_orders"":1},{""price"":82620.08,""size"":0.03605238,""num_orders"":1},{""price"":82621.0,""size"":1.4e-05,""num_orders"":1}]"
btc_usd_d10_20261010T013638Z,10,2026-10-10T01:46:38.031749Z,2026-10-10T01:46:38.031879Z,BTC-USD,10,ok,,137506940515,2026-10-10T01:46:37.173801818Z,1.66929552,1.22117653,0.155033151073,82640.660000000003,82640.669999999998,82640.665000000008,0.009999999995,0.001210058026,"[{""price"":82640.66,""size"":1.13651096,""num_orders"":16},{""price"":82640.65,""size"":0.04310626,""num_orders"":1},{""price"":82640.64,""size"":0.03,""num_orders"":1},{""price"":82639.57,""size"":0.03421985,""num_orders"":1},{""price"":82639.0,""size"":0.02420164,""num_orders"":2},{""price"":82638.59,""size"":0.00484023,""num_orders"":1},{""price"":82636.58,""size"":0.16060994,""num_orders"":1},{""price"":82636.57,""size"":0.09680943,""num_orders"":1},{""price"":82636.47,""size"":0.01778036,""num_orders"":1},{""price"":82636.01,""size"":0.12121685,""num_orders"":1}]","[{""price"":82640.67,""size"":2.521e-05,""num_orders"":1},{""price"":82641.72,""size"":1.4e-05,""num_orders"":1},{""price"":82645.94,""size"":0.09679847,""num_orders"":1},{""price"":82651.87,""size"":0.06004854,""num_orders"":1},{""price"":82652.08,""size"":1.4e-05,""num_orders"":1},{""price"":82652.99,""size"":0.01778036,""num_orders"":1},{""price"":82653.48,""size"":0.12121685,""num_orders"":1},{""price"":82654.0,""size"":0.7,""num_orders"":1},{""price"":82654.3,""size"":0.0490791,""num_orders"":1},{""price"":82654.46,""size"":0.1762,""num_orders"":1}]"
btc_usd_d10_20261010T013638Z,11,2026-10-10T01:47:38.031749Z,2026-10-10T01:47:38.031871Z,BTC-USD,10,ok,,137506962175,2026-10-10T01:47:36.448148861Z,0.99200002,2.09224556,-0.356730847613,82627.800000000003,82627.809999999998,82627.804999999993,0.009999999995,0.001210246357,"[{""price"":82627.8,""size"":0.12209443,""num_orders"":5},{""price"":82627.71,""size"":0.0948063,""num_orders"":1},{""price"":82627.7,""size"":0.13457364,""num_orders"":4},{""price"":82626.04,""size"":0.02420544,""num_orders"":2},{""price"":82623.94,""size"":0.23039647,""num_orders"":1},{""price"":82623.93,""size"":0.09682424,""num_orders"":1},{""price"":82623.2,""size"":0.12121685,""num_orders"":1},{""price"":82623.1,""size"":0.0466518,""num_orders"":1},{""price"":82621.0,""size"":1.4e-05,""num_orders"":1},{""price"":82620.65,""size"":0.12121685,""num_orders"":1}]","[{""price"":82627.81,""size"":0.00032753,""num_orders"":1},{""price"":82632.41,""size"":0.0490791,""num_orders"":1},{""price"":82634.06,""size"":0.09681238,""num_orders"":1},{""price"":82634.81,""size"":0.05,""num_orders"":1},{""price"":82637.14,""size"":0.01777595,""num_orders"":1},{""price"":82639.62,""size"":0.04,""num_orders"":1},{""price"":82639.63,""size"":0.12121685,""num_orders"":1},{""price"":82639.64,""size"":0.1762,""num_orders"":1},{""price"":82639.99,""size"":0.84083375,""num_orders"":1},{""price"":82640.0,""size"":0.7,""num_orders"":1}]"
btc_usd_d10_20261010T013638Z,12,2026-10-10T01:48:38.031749Z,2026-10-10T01:48:38.031896Z,BTC-USD,10,ok,,137506985838,2026-10-10T01:48:35.326387740Z,1.08566619,0.39265945,0.468778137407,82639.600000000006,82639.610000000001,82639.60500000001,0.009999999995,0.001210073547,"[{""price"":82639.6,""size"":0.33213046,""num_orders"":8},{""price"":82638.51,""size"":0.05779958,""num_orders"":1},{""price"":82638.5,""size"":0.09680716,""num_orders"":1},{""price"":82637.9,""size"":9.55e-06,""num_orders"":1},{""price"":82637.14,""size"":0.11712473,""num_orders"":1},{""price"":82637.13,""size"":0.15936101,""num_orders"":2},{""price"":82636.11,""size"":0.12121685,""num_orders"":1},{""price"":82633.3,""size"":0.04,""num_orders"":1},{""price"":82633.29,""size"":0.12121685,""num_orders"":1},{""price"":82632.78,""size"":0.04,""num_orders"":1}]","[{""price"":82639.61,""size"":0.00023139,""num_orders"":1},{""price"":82641.72,""size"":1.4e-05,""num_orders"":1},{""price"":82647.3,""size"":0.05,""num_orders"":1},{""price"":82649.15,""size"":0.00189067,""num_orders"":1},{""price"":82652.08,""size"":1.4e-05,""num_orders"":1},{""price"":82653.9,""size"":0.12121685,""num_orders"":1},{""price"":82654.78,""size"":0.00121016,""num_orders"":1},{""price"":82655.49,""size"":0.00583,""num_orders"":1},{""price"":82655.76,""size"":0.1762,""num_orders"":1},{""price"":82656.3,""size"":0.03605238,""num_orders"":1}]"
btc_usd_d10_20261010T013638Z,13,2026-10-10T01:49:38.031749Z,2026-10-10T01:49:38.031882Z,BTC-USD,10,ok,,137507006269,2026-10-10T01:49:36.680919027Z,0.8840196,0.48253415,0.293794115306,82652.580000000002,82652.589999999997,82652.584999999992,0.009999999995,0.001209883514,"[{""price"":82652.58,""size"":0.01793181,""num_orders"":2},{""price"":82651.93,""size"":0.00884134,""num_orders"":1},{""price"":82650.95,""size"":0.09209104,""num_orders"":1},{""price"":82650.94,""size"":0.12121685,""num_orders"":1},{""price"":82650.92,""size"":0.02419816,""num_orders"":2},{""price"":82649.05,""size"":0.033479,""num_orders"":1},{""price"":82648.24,""size"":0.10569175,""num_orders"":1},{""price"":82648.11,""size"":0.04697992,""num_orders"":1},{""price"":82647.88,""size"":0.12121685,""num_orders"":1},{""price"":82645.41,""size"":0.31237288,""num_orders"":1}]","[{""price"":82652.59,""size"":0.02463472,""num_orders"":8},{""price"":82653.96,""size"":0.09678907,""num_orders"":1},{""price"":82654.66,""size"":0.00483953,""num_orders"":1},{""price"":82657.26,""size"":0.01777372,""num_orders"":1},{""price"":82657.45,""size"":0.00604941,""num_orders"":1},{""price"":82658.43,""size"":0.12121685,""num_orders"":1},{""price"":82658.6,""size"":0.05,""num_orders"":1},{""price"":82661.02,""size"":0.04,""num_orders"":1},{""price"":82661.03,""size"":0.12121685,""num_orders"":1},{""price"":82662.44,""size"":1.4e-05,""num_orders"":1}]"
btc_usd_d10_20261010T013638Z,14,2026-10-10T01:50:38.031749Z,2026-10-10T01:50:38.031882Z,BTC-USD,10,ok,,137507023721,2026-10-10T01:50:36.089168742Z,0.55930676,0.65906988,-0.081882003253,82641.130000000005,82641.139999999999,82641.135000000009,0.009999999995,0.001210051144,"[{""price"":82641.13,""size"":0.00182662,""num_orders"":4},{""price"":82639.6,""size"":1.17e-06,""num_orders"":1},{""price"":82639.46,""size"":0.02420152,""num_orders"":2},{""price"":82637.9,""size"":9.55e-06,""num_orders"":1},{""price"":82637.6,""size"":0.12121685,""num_orders"":1},{""price"":82635.03,""size"":0.12091119,""num_orders"":2},{""price"":82635.02,""size"":0.12121685,""num_orders"":1},{""price"":82634.55,""size"":0.0968118,""num_orders"":1},{""price"":82632.87,""size"":0.07309721,""num_orders"":1},{""price"":82631.36,""size"":1.4e-05,""num_orders"":1}]","[{""price"":82641.14,""size"":0.30711312,""num_orders"":6},{""price"":82641.37,""size"":0.00078653,""num_orders"":1},{""price"":82641.65,""size"":0.09680349,""num_orders"":1},{""price"":82642.38,""size"":0.066,""num_orders"":1},{""price"":82643.63,""size"":0.00484019,""num_orders"":1},{""price"":82644.04,""size"":0.01777632,""num_orders"":1},{""price"":82646.42,""size"":0.00605023,""num_orders"":1},{""price"":82646.69,""size"":0.0597,""num_orders"":1},{""price"":82646.7,""size"":0.05,""num_orders"":1},{""price"":82649.1,""size"":0.05,""num_orders"":1}]"
btc_usd_d10_20261010T013638Z,15,2026-10-10T01:51:38.031749Z,2026-10-10T01:51:38.031895Z,BTC-USD,10,ok,,137507041220,2026-10-10T01:51:35.974669298Z,0.9023576,0.47549128,0.309806341026,82633.979999999996,82634.619999999995,82634.299999999988,0.639999999999,0.077449678886,"[{""price"":82633.98,""size"":0.12121685,""num_orders"":1},{""price"":82631.36,""size"":0.01885126,""num_orders"":2},{""price"":82630.61,""size"":0.00668292,""num_orders"":1},{""price"":82629.91,""size"":0.22403766,""num_orders"":1},{""price"":82629.9,""size"":0.12121685,""num_orders"":1},{""price"":82629.49,""size"":0.18151894,""num_orders"":1},{""price"":82629.14,""size"":0.00181534,""num_orders"":1},{""price"":82628.65,""size"":0.13017913,""num_orders"":1},{""price"":82628.64,""size"":0.09681872,""num_orders"":1},{""price"":82628.01,""size"":1.993e-05,""num_orders"":1}]","[{""price"":82634.62,""size"":0.1762,""num_orders"":1},{""price"":82634.67,""size"":0.00484064,""num_orders"":1},{""price"":82634.68,""size"":0.0004997,""num_orders"":1},{""price"":82635.15,""size"":0.03365575,""num_orders"":1},{""price"":82636.01,""size"":0.01360299,""num_orders"":1},{""price"":82636.71,""size"":0.09680928,""num_orders"":1},{""price"":82637.21,""size"":0.00484057,""num_orders"":1},{""price"":82638.5,""size"":0.01777478,""num_orders"":1},{""price"":82639.06,""size"":0.12121685,""num_orders"":1},{""price"":82639.54,""size"":0.00605072,""num_orders"":1}]"
btc_usd_d10_20261010T013638Z,16,2026-10-10T01:52:38.031749Z,2026-10-10T01:52:38.031881Z,BTC-USD,10,ok,,137507062231,2026-10-10T01:52:37.534222977Z,0.61589694,0.26818969,0.393295451148,82636.100000000006,82636.110000000001,82636.10500000001,0.009999999995,0.001210124799,"[{""price"":82636.1,""size"":0.01801854,""num_orders"":3},{""price"":82636.06,""size"":0.00310497,""num_orders"":1},{""price"":82634.22,""size"":0.02420304,""num_orders"":2},{""price"":82633.9,""size"":0.07236646,""num_orders"":1},{""price"":82633.89,""size"":0.12121685,""num_orders"":1},{""price"":82631.95,""size"":0.1456962,""num_orders"":1},{""price"":82631.33,""size"":0.00010038,""num_orders"":1},{""price"":82630.26,""size"":0.01315619,""num_orders"":2},{""price"":82629.84,""size"":0.12121685,""num_orders"":1},{""price"":82629.71,""size"":0.09681746,""num_orders"":1}]","[{""price"":82636.11,""size"":0.0048405,""num_orders"":1},{""price"":82636.12,""size"":0.00514239,""num_orders"":3},{""price"":82636.7,""size"":0.00078658,""num_orders"":1},{""price"":82636.96,""size"":0.09680899,""num_orders"":1},{""price"":82637.55,""size"":0.01210104,""num_orders"":1},{""price"":82638.19,""size"":0.00484049,""num_orders"":1},{""price"":82640.01,""size"":0.01777708,""num_orders"":1},{""price"":82640.21,""size"":0.069842,""num_orders"":1},{""price"":82640.9,""size"":0.05,""num_orders"":1},{""price"":82640.98,""size"":0.00605062,""num_orders"":1}]"
btc_usd_d10_20261010T013638Z,17,2026-10-10T01:53:38.031749Z,2026-10-10T01:53:38.031903Z,BTC-USD,10,ok,,137507079213,2026-10-10T01:53:35.896773415Z,0.59302941,0.86453592,-0.186273990203,82621,82621.009999999995,82621.005000000005,0.009999999995,0.001210345964,"[{""price"":82621.0,""size"":1.4e-05,""num_orders"":1},{""price"":82616.01,""size"":0.06931146,""num_orders"":1},{""price"":82613.15,""size"":0.12121685,""num_orders"":1},{""price"":82612.72,""size"":0.00240622,""num_orders"":2},{""price"":82612.01,""size"":0.11267988,""num_orders"":1},{""price"":82611.5,""size"":0.06751266,""num_orders"":1},{""price"":82610.64,""size"":1.4e-05,""num_orders"":1},{""price"":82610.29,""size"":0.12121685,""num_orders"":1},{""price"":82609.03,""size"":0.0968417,""num_orders"":1},{""price"":82608.42,""size"":0.00181579,""num_orders"":1}]","[{""price"":82621.01,""size"":0.22989947,""num_orders"":2},{""price"":82622.98,""size"":0.1762,""num_orders"":1},{""price"":82623.9,""size"":0.00078668,""num_orders"":1},{""price"":82627.45,""size"":0.09801025,""num_orders"":1},{""price"":82630.24,""size"":0.12055142,""num_orders"":1},{""price"":82630.25,""size"":0.12121685,""num_orders"":1},{""price"":82630.34,""size"":0.02999904,""num_orders"":2},{""price"":82630.36,""size"":0.03,""num_orders"":1},{""price"":82631.31,""size"":0.05715942,""num_orders"":1},{""price"":82631.34,""size"":0.00071279,""num_orders"":4}]"
btc_usd_d10_20261010T013638Z,18,2026-10-10T01:54:38.031749Z,2026-10-10T01:54:38.031908Z,BTC-USD,10,ok,,137507099332,2026-10-10T01:54:37.663374481Z,1.71555864,0.33587062,0.672549644729,82612.710000000006,82612.720000000001,82612.714999999997,0.009999999995,0.00121046742,"[{""price"":82612.71,""size"":0.60563168,""num_orders"":13},{""price"":82611.05,""size"":0.15774452,""num_orders"":4},{""price"":82609.5,""size"":0.12121685,""num_orders"":1},{""price"":82608.78,""size"":0.096842,""num_orders"":1},{""price"":82607.29,""size"":0.26823193,""num_orders"":1},{""price"":82607.01,""size"":0.04442598,""num_orders"":1},{""price"":82606.61,""size"":0.12121685,""num_orders"":1},{""price"":82604.46,""size"":0.00812507,""num_orders"":1},{""price"":82604.45,""size"":0.11592376,""num_orders"":1},{""price"":82604.44,""size"":0.1762,""num_orders"":1}]","[{""price"":82612.72,""size"":0.01399146,""num_orders"":2},{""price"":82612.74,""size"":0.00016016,""num_orders"":1},{""price"":82614.38,""size"":0.02420886,""num_orders"":2},{""price"":82614.79,""size"":0.00484186,""num_orders"":1},{""price"":82615.82,""size"":0.0007868,""num_orders"":1},{""price"":82617.58,""size"":0.00605233,""num_orders"":1},{""price"":82618.55,""size"":0.09683056,""num_orders"":1},{""price"":82619.94,""size"":0.12121685,""num_orders"":1},{""price"":82620.46,""size"":0.01778174,""num_orders"":1},{""price"":82621.27,""size"":0.05,""num_orders"":1}]"
btc_usd_d10_20261010T013638Z,19,2026-10-10T01:55:38.031749Z,2026-10-10T01:55:38.031876Z,BTC-USD,10,ok,,137507118227,2026-10-10T01:55:37.048165385Z,0.58090783,0.3613226,0.233048331924,82636.5,82636.509999999995,82636.505000000005,0.009999999995,0.001210118941,"[{""price"":82636.5,""size"":0.02280234,""num_orders"":3},{""price"":82636.23,""size"":0.00041324,""num_orders"":1},{""price"":82635.36,""size"":0.07502326,""num_orders"":1},{""price"":82635.35,""size"":0.12121685,""num_orders"":1},{""price"":82635.03,""size"":0.00445025,""num_orders"":1},{""price"":82634.84,""size"":0.02420286,""num_orders"":2},{""price"":82632.62,""size"":0.15195925,""num_orders"":2},{""price"":82632.61,""size"":0.12121685,""num_orders"":1},{""price"":82632.57,""size"":0.01303028,""num_orders"":2},{""price"":82632.4,""size"":0.04659265,""num_orders"":1}]","[{""price"":82636.51,""size"":5.471e-05,""num_orders"":1},{""price"":82637.89,""size"":0.09680789,""num_orders"":1},{""price"":82638.14,""size"":0.00048919,""num_orders"":3},{""price"":82638.57,""size"":0.00484051,""num_orders"":1},{""price"":82639.24,""size"":0.01210079,""num_orders"":1},{""price"":82641.36,""size"":0.00605064,""num_orders"":1},{""price"":82641.72,""size"":1.4e-05,""num_orders"":1},{""price"":82641.75,""size"":0.01777727,""num_orders"":1},{""price"":82643.18,""size"":0.10197075,""num_orders"":1},{""price"":82643.19,""size"":0.12121685,""num_orders"":1}]"
btc_usd_d10_20261010T013638Z,20,2026-10-10T01:56:38.031749Z,2026-10-10T01:56:38.031898Z,BTC-USD,10,ok,,137507129284,2026-10-10T01:56:36.246767184Z,1.29015993,0.22350848,0.704679732333,82636.5,82636.509999999995,82636.505000000005,0.009999999995,0.001210118941,"[{""price"":82636.5,""size"":0.07242628,""num_orders"":6},{""price"":82636.49,""size"":0.74942783,""num_orders"":1},{""price"":82635.36,""size"":0.07502326,""num_orders"":1},{""price"":82635.35,""size"":0.12121685,""num_orders"":1},{""price"":82635.33,""size"":0.00120413,""num_orders"":1},{""price"":82635.06,""size"":0.00445024,""num_orders"":1},{""price"":82634.84,""size"":0.02420286,""num_orders"":2},{""price"":82632.62,""size"":0.10796135,""num_orders"":1},{""price"":82632.61,""size"":0.12121685,""num_orders"":1},{""price"":82632.57,""size"":0.01303028,""num_orders"":2}]","[{""price"":82636.51,""size"":0.01162427,""num_orders"":6},{""price"":82636.52,""size"":0.00025215,""num_orders"":1},{""price"":82638.14,""size"":4.341e-05,""num_orders"":2},{""price"":82638.17,""size"":0.01210095,""num_orders"":1},{""price"":82638.57,""size"":0.00484051,""num_orders"":1},{""price"":82641.36,""size"":0.00605064,""num_orders"":1},{""price"":82641.72,""size"":1.4e-05,""num_orders"":1},{""price"":82641.97,""size"":0.01777727,""num_orders"":1},{""price"":82643.19,""size"":0.12121685,""num_orders"":1},{""price"":82643.76,""size"":0.04958843,""num_orders"":1}]"
btc_usd_d10_20261010T013638Z,21,2026-10-10T01:57:38.031749Z,2026-10-10T01:57:38.031878Z,BTC-USD,10,ok,,137507146403,2026-10-10T01:57:37.503867420Z,0.96123476,0.30835248,0.514247669975,82609.779999999999,82609.789999999994,82609.785000000003,0.009999999995,0.001210510352,"[{""price"":82609.78,""size"":0.07002261,""num_orders"":4},{""price"":82607.31,""size"":0.07236761,""num_orders"":1},{""price"":82607.3,""size"":0.12121878,""num_orders"":2},{""price"":82603.47,""size"":0.02,""num_orders"":1},{""price"":82603.46,""size"":0.01778259,""num_orders"":1},{""price"":82603.04,""size"":0.02,""num_orders"":1},{""price"":82603.03,""size"":0.21479767,""num_orders"":2},{""price"":82603.02,""size"":0.2644526,""num_orders"":2},{""price"":82602.97,""size"":0.09684881,""num_orders"":1},{""price"":82601.74,""size"":0.06374409,""num_orders"":1}]","[{""price"":82609.79,""size"":0.00484439,""num_orders"":2},{""price"":82609.8,""size"":0.03,""num_orders"":1},{""price"":82609.82,""size"":0.03,""num_orders"":1},{""price"":82611.22,""size"":0.00131579,""num_orders"":1},{""price"":82611.86,""size"":0.00484204,""num_orders"":1},{""price"":82614.02,""size"":0.09683587,""num_orders"":1},{""price"":82614.65,""size"":0.00605255,""num_orders"":1},{""price"":82615.57,""size"":0.00078683,""num_orders"":1},{""price"":82617.81,""size"":0.01245816,""num_orders"":1},{""price"":82619.47,""size"":0.12121685,""num_orders"":1}]"
btc_usd_d10_20261010T013638Z,22,2026-10-10T01:58:38.031749Z,2026-10-10T01:58:38.031885Z,BTC-USD,10,ok,,137507165515,2026-10-10T01:58:36.476307379Z,1.28355608,0.60551416,0.358928908858,82627.600000000006,82627.610000000001,82627.60500000001,0.009999999995,0.001210249286,"[{""price"":82627.6,""size"":0.43946956,""num_orders"":4},{""price"":82625.61,""size"":0.00315493,""num_orders"":1},{""price"":82623.78,""size"":0.12664766,""num_orders"":1},{""price"":82623.77,""size"":0.12121685,""num_orders"":1},{""price"":82621.22,""size"":0.12121685,""num_orders"":1},{""price"":82620.32,""size"":0.25665743,""num_orders"":2},{""price"":82620.31,""size"":0.0210527,""num_orders"":1},{""price"":82619.33,""size"":0.1762,""num_orders"":1},{""price"":82618.67,""size"":0.01777888,""num_orders"":1},{""price"":82618.59,""size"":0.00016122,""num_orders"":1}]","[{""price"":82627.61,""size"":0.09681993,""num_orders"":1},{""price"":82629.66,""size"":0.0048411,""num_orders"":1},{""price"":82630.22,""size"":0.00017361,""num_orders"":1},{""price"":82631.36,""size"":0.04960243,""num_orders"":2},{""price"":82632.45,""size"":0.00605138,""num_orders"":1},{""price"":82632.55,""size"":0.12121685,""num_orders"":1},{""price"":82635.19,""size"":0.01777888,""num_orders"":1},{""price"":82635.29,""size"":0.12121685,""num_orders"":1},{""price"":82635.88,""size"":0.1762,""num_orders"":1},{""price"":82636.5,""size"":0.01161313,""num_orders"":1}]"
btc_usd_d10_20261010T013638Z,23,2026-10-10T01:59:38.031749Z,2026-10-10T01:59:38.031886Z,BTC-USD,10,ok,,137507183555,2026-10-10T01:59:37.246880283Z,1.12525159,0.42942777,0.447567413515,82618.039999999994,82618.050000000003,82618.044999999998,0.010000000009,0.00121038933,"[{""price"":82618.04,""size"":0.10657602,""num_orders"":7},{""price"":82616.57,""size"":0.18553165,""num_orders"":2},{""price"":82616.56,""size"":0.14523574,""num_orders"":1},{""price"":82616.38,""size"":0.02420828,""num_orders"":2},{""price"":82613.49,""size"":0.09683647,""num_orders"":1},{""price"":82613.05,""size"":0.01778027,""num_orders"":1},{""price"":82612.99,""size"":0.04528062,""num_orders"":1},{""price"":82612.34,""size"":0.01970251,""num_orders"":1},{""price"":82612.33,""size"":0.36407033,""num_orders"":2},{""price"":82611.79,""size"":0.1200297,""num_orders"":1}]","[{""price"":82618.05,""size"":0.00342837,""num_orders"":1},{""price"":82619.71,""size"":0.0242073,""num_orders"":2},{""price"":82620.12,""size"":0.00484155,""num_orders"":1},{""price"":82622.83,""size"":0.09682554,""num_orders"":1},{""price"":82623.46,""size"":0.0060519,""num_orders"":1},{""price"":82623.59,""size"":0.00078675,""num_orders"":1},{""price"":82624.28,""size"":0.14523574,""num_orders"":1},{""price"":82624.3,""size"":0.00054195,""num_orders"":1},{""price"":82625.38,""size"":0.00227293,""num_orders"":1},{""price"":82626.78,""size"":0.14523574,""num_orders"":1}]"
btc_usd_d10_20261010T013638Z,24,2026-10-10T02:00:38.031749Z,2026-10-10T02:00:38.031871Z,BTC-USD,10,ok,,137507199516,2026-10-10T02:00:37.192610131Z,1.00476617,0.43640929,0.394370356542,82618.089999999997,82618.100000000006,82618.095000000001,0.010000000009,0.001210388597,"[{""price"":82618.09,""size"":0.10590844,""num_orders"":8},{""price"":82618.07,""size"":0.011977,""num_orders"":2},{""price"":82616.43,""size"":0.02420826,""num_orders"":2},{""price"":82615.03,""size"":0.02,""num_orders"":1},{""price"":82615.02,""size"":0.17154858,""num_orders"":1},{""price"":82615.01,""size"":0.09683469,""num_orders"":1},{""price"":82614.54,""size"":0.14523574,""num_orders"":1},{""price"":82613.2,""size"":0.04528062,""num_orders"":1},{""price"":82612.34,""size"":0.01970251,""num_orders"":1},{""price"":82612.33,""size"":0.36407033,""num_orders"":2}]","[{""price"":82618.1,""size"":0.01041049,""num_orders"":3},{""price"":82619.76,""size"":0.02420728,""num_orders"":2},{""price"":82620.17,""size"":0.00484155,""num_orders"":1},{""price"":82621.71,""size"":0.00078675,""num_orders"":1},{""price"":82623.37,""size"":0.09682491,""num_orders"":1},{""price"":82623.52,""size"":0.00605195,""num_orders"":1},{""price"":82623.6,""size"":0.14523574,""num_orders"":1},{""price"":82624.3,""size"":0.00054195,""num_orders"":1},{""price"":82625.38,""size"":0.00227293,""num_orders"":1},{""price"":82627.55,""size"":0.14523574,""num_orders"":1}]"
btc_usd_d10_20261010T013638Z,25,2026-10-10T02:01:38.031749Z,2026-10-10T02:01:38.031912Z,BTC-USD,10,ok,,137507217182,2026-10-10T02:01:36.484084182Z,1.26431118,0.50603765,0.428318711629,82601.300000000003,82601.559999999998,82601.429999999993,0.259999999995,0.031476452647,"[{""price"":82601.3,""size"":0.000372,""num_orders"":1},{""price"":82598.2,""size"":0.31767321,""num_orders"":2},{""price"":82598.19,""size"":0.14523574,""num_orders"":1},{""price"":82598.18,""size"":0.18159153,""num_orders"":1},{""price"":82596.9,""size"":0.04343014,""num_orders"":1},{""price"":82596.89,""size"":9.019e-05,""num_orders"":2},{""price"":82596.52,""size"":0.09685637,""num_orders"":1},{""price"":82596.43,""size"":0.0648155,""num_orders"":1},{""price"":82595.22,""size"":0.26901076,""num_orders"":1},{""price"":82595.21,""size"":0.14523574,""num_orders"":1}]","[{""price"":82601.56,""size"":0.01418692,""num_orders"":2},{""price"":82603.17,""size"":0.0020553,""num_orders"":1},{""price"":82603.22,""size"":0.02421214,""num_orders"":2},{""price"":82603.62,""size"":0.00484258,""num_orders"":1},{""price"":82604.17,""size"":0.09684741,""num_orders"":1},{""price"":82604.77,""size"":0.14523574,""num_orders"":1},{""price"":82605.72,""size"":0.04958843,""num_orders"":1},{""price"":82606.41,""size"":0.00605322,""num_orders"":1},{""price"":82606.79,""size"":0.01778017,""num_orders"":1},{""price"":82607.29,""size"":0.14523574,""num_orders"":1}]"
btc_usd_d10_20261010T013638Z,26,2026-10-10T02:02:38.031749Z,2026-10-10T02:02:38.031912Z,BTC-USD,10,ok,,137507239918,2026-10-10T02:02:36.485158348Z,0.27042486,0.69983598,-0.442572865251,82617.449999999997,82617.460000000006,82617.455000000002,0.010000000009,0.001210397973,"[{""price"":82617.45,""size"":0.01337859,""num_orders"":2},{""price"":82615.67,""size"":4.357e-05,""num_orders"":1},{""price"":82615.08,""size"":0.00021336,""num_orders"":1},{""price"":82614.91,""size"":1.2e-07,""num_orders"":1},{""price"":82614.9,""size"":1.211e-05,""num_orders"":1},{""price"":82614.7,""size"":1.972e-05,""num_orders"":2},{""price"":82613.95,""size"":0.00481591,""num_orders"":1},{""price"":82612.98,""size"":0.08670574,""num_orders"":1},{""price"":82612.97,""size"":0.14523574,""num_orders"":1},{""price"":82610.05,""size"":0.02,""num_orders"":1}]","[{""price"":82617.46,""size"":0.18635974,""num_orders"":3},{""price"":82618.99,""size"":0.09683004,""num_orders"":1},{""price"":82621.0,""size"":0.00758734,""num_orders"":9},{""price"":82621.3,""size"":0.14523574,""num_orders"":1},{""price"":82621.31,""size"":0.05,""num_orders"":1},{""price"":82621.62,""size"":0.01026069,""num_orders"":1},{""price"":82621.85,""size"":0.01778474,""num_orders"":1},{""price"":82623.27,""size"":0.04,""num_orders"":1},{""price"":82623.88,""size"":0.14523574,""num_orders"":1},{""price"":82624.3,""size"":0.00054195,""num_orders"":1}]"
btc_usd_d10_20261010T013638Z,27,2026-10-10T02:03:38.031749Z,2026-10-10T02:03:38.031881Z,BTC-USD,10,ok,,137507258087,2026-10-10T02:03:35.562375205Z,0.75901963,0.49501259,0.210526520602,82634.309999999998,82634.320000000007,82634.315000000002,0.010000000009,0.001210151014,"[{""price"":82634.31,""size"":0.18668705,""num_orders"":4},{""price"":82632.68,""size"":0.03276162,""num_orders"":1},{""price"":82632.67,""size"":0.048407,""num_orders"":1},{""price"":82632.65,""size"":0.0242035,""num_orders"":2},{""price"":82632.18,""size"":0.0038526,""num_orders"":1},{""price"":82631.65,""size"":0.00257848,""num_orders"":2},{""price"":82627.75,""size"":0.04559369,""num_orders"":1},{""price"":82626.83,""size"":0.02,""num_orders"":1},{""price"":82626.82,""size"":0.24969995,""num_orders"":1},{""price"":82626.81,""size"":0.14523574,""num_orders"":1}]","[{""price"":82634.32,""size"":0.00091521,""num_orders"":1},{""price"":82634.55,""size"":0.14523574,""num_orders"":1},{""price"":82635.98,""size"":0.01210127,""num_orders"":1},{""price"":82636.28,""size"":0.0156163,""num_orders"":3},{""price"":82636.39,""size"":0.0048406,""num_orders"":1},{""price"":82636.51,""size"":0.002,""num_orders"":1},{""price"":82637.2,""size"":0.14523574,""num_orders"":1},{""price"":82638.33,""size"":0.01778124,""num_orders"":1},{""price"":82639.18,""size"":0.00605075,""num_orders"":1},{""price"":82639.91,""size"":0.14523574,""num_orders"":1}]"
btc_usd_d10_20261010T013638Z,28,2026-10-10T02:04:38.031749Z,2026-10-10T02:04:38.031879Z,BTC-USD,10,ok,,137507277975,2026-10-10T02:04:37.238582583Z,0.61360954,2.35327304,-0.586360751763,82631.649999999994,82631.660000000003,82631.654999999999,0.010000000009,0.00121018997,"[{""price"":82631.65,""size"":0.00028875,""num_orders"":3},{""price"":82629.99,""size"":0.02420428,""num_orders"":2},{""price"":82624.29,""size"":0.00017416,""num_orders"":1},{""price"":82621.28,""size"":0.02,""num_orders"":1},{""price"":82621.27,""size"":0.12103672,""num_orders"":2},{""price"":82621.26,""size"":0.14523574,""num_orders"":1},{""price"":82621.0,""size"":1.4e-05,""num_orders"":1},{""price"":82620.99,""size"":0.023991,""num_orders"":1},{""price"":82618.78,""size"":0.13342915,""num_orders"":2},{""price"":82618.77,""size"":0.14523574,""num_orders"":1}]","[{""price"":82631.66,""size"":0.73515302,""num_orders"":9},{""price"":82631.74,""size"":0.04,""num_orders"":1},{""price"":82632.81,""size"":0.10244113,""num_orders"":3},{""price"":82634.47,""size"":0.05,""num_orders"":1},{""price"":82634.88,""size"":0.00484069,""num_orders"":1},{""price"":82635.58,""size"":0.14523574,""num_orders"":1},{""price"":82636.0,""size"":0.7,""num_orders"":1},{""price"":82637.66,""size"":0.00863249,""num_orders"":1},{""price"":82637.67,""size"":0.00605086,""num_orders"":1},{""price"":82638.31,""size"":0.56091911,""num_orders"":2}]"
btc_usd_d10_20261010T013638Z,29,2026-10-10T02:05:38.031749Z,2026-10-10T02:05:38.031883Z,BTC-USD,10,ok,,137507299693,2026-10-10T02:05:36.897794088Z,0.53510511,1.5446584,-0.485417349206,82602.050000000003,82602.059999999998,82602.054999999993,0.009999999995,0.001210623633,"[{""price"":82602.05,""size"":0.00244538,""num_orders"":2},{""price"":82600.39,""size"":0.02426392,""num_orders"":3},{""price"":82599.54,""size"":0.03628715,""num_orders"":1},{""price"":82598.79,""size"":0.00010203,""num_orders"":2},{""price"":82598.0,""size"":0.00018904,""num_orders"":3},{""price"":82594.42,""size"":0.003479,""num_orders"":1},{""price"":82592.47,""size"":0.02,""num_orders"":1},{""price"":82592.46,""size"":0.19088831,""num_orders"":1},{""price"":82592.45,""size"":0.11221454,""num_orders"":1},{""price"":82592.43,""size"":0.14523574,""num_orders"":1}]","[{""price"":82602.06,""size"":0.77771469,""num_orders"":8},{""price"":82603.72,""size"":0.02421198,""num_orders"":2},{""price"":82604.29,""size"":0.00484242,""num_orders"":1},{""price"":82604.3,""size"":0.00296496,""num_orders"":2},{""price"":82606.37,""size"":0.00484236,""num_orders"":1},{""price"":82606.67,""size"":0.00030756,""num_orders"":2},{""price"":82606.92,""size"":0.05,""num_orders"":1},{""price"":82607.23,""size"":0.14523574,""num_orders"":1},{""price"":82609.16,""size"":0.00605295,""num_orders"":1},{""price"":82609.84,""size"":0.52848574,""num_orders"":1}]"
btc_usd_d10_20261010T013638Z,30,2026-10-10T02:06:38.031749Z,2026-10-10T02:06:38.031878Z,BTC-USD,10,ok,,137507317549,2026-10-10T02:06:36.056858788Z,0.61690265,1.82908822,-0.495580578353,82611.630000000005,82611.800000000003,82611.714999999997,0.169999999998,0.020578195235,"[{""price"":82611.63,""size"":0.06183626,""num_orders"":3},{""price"":82611.62,""size"":0.01281815,""num_orders"":2},{""price"":82611.61,""size"":3.114e-05,""num_orders"":1},{""price"":82609.97,""size"":0.02421016,""num_orders"":2},{""price"":82608.79,""size"":0.04755611,""num_orders"":1},{""price"":82608.17,""size"":0.17586671,""num_orders"":1},{""price"":82608.16,""size"":0.14523574,""num_orders"":1},{""price"":82606.52,""size"":0.00409337,""num_orders"":1},{""price"":82605.64,""size"":0.14523574,""num_orders"":1},{""price"":82604.29,""size"":1.927e-05,""num_orders"":1}]","[{""price"":82611.8,""size"":0.33919601,""num_orders"":4},{""price"":82613.46,""size"":0.01210457,""num_orders"":1},{""price"":82614.94,""size"":0.0177845,""num_orders"":1},{""price"":82616.86,""size"":0.05232908,""num_orders"":4},{""price"":82617.64,""size"":0.14523574,""num_orders"":1},{""price"":82617.95,""size"":0.06,""num_orders"":2},{""price"":82618.1,""size"":0.051,""num_orders"":1},{""price"":82619.81,""size"":0.04926394,""num_orders"":1},{""price"":82620.29,""size"":0.14523574,""num_orders"":1},{""price"":82620.99,""size"":0.95693864,""num_orders"":1}]"
btc_usd_d10_20261010T013638Z,31,2026-10-10T02:07:38.031749Z,2026-10-10T02:07:38.031884Z,BTC-USD,10,ok,,137507337199,2026-10-10T02:07:37.074501923Z,0.58788268,1.12638358,-0.314129089842,82613.350000000006,82613.360000000001,82613.35500000001,0.009999999995,0.001210458042,"[{""price"":82613.35,""size"":0.04246394,""num_orders"":2},{""price"":82611.69,""size"":0.02420964,""num_orders"":2},{""price"":82611.63,""size"":0.01049524,""num_orders"":3},{""price"":82611.62,""size"":0.00012044,""num_orders"":1},{""price"":82611.61,""size"":3.114e-05,""num_orders"":1},{""price"":82611.28,""size"":0.00315209,""num_orders"":1},{""price"":82608.64,""size"":0.0031578,""num_orders"":1},{""price"":82608.06,""size"":0.02,""num_orders"":1},{""price"":82608.05,""size"":0.33901665,""num_orders"":2},{""price"":82608.04,""size"":0.14523574,""num_orders"":1}]","[{""price"":82613.36,""size"":0.03234383,""num_orders"":3},{""price"":82614.13,""size"":0.09683573,""num_orders"":1},{""price"":82615.02,""size"":0.01210434,""num_orders"":1},{""price"":82615.52,""size"":0.00048599,""num_orders"":1},{""price"":82616.35,""size"":0.01778333,""num_orders"":1},{""price"":82616.85,""size"":0.0510016,""num_orders"":1},{""price"":82616.86,""size"":0.05059302,""num_orders"":4},{""price"":82616.99,""size"":0.14523574,""num_orders"":1},{""price"":82617.0,""size"":0.7,""num_orders"":1},{""price"":82617.95,""size"":0.02,""num_orders"":1}]"
btc_usd_d10_20261010T013638Z,32,2026-10-10T02:08:38.031749Z,2026-10-10T02:08:38.031884Z,BTC-USD,10,ok,,137507351813,2026-10-10T02:08:35.444013322Z,0.99697565,1.62246428,-0.238787163178,82622.990000000005,82623,82622.994999999995,0.009999999995,0.001210316813,"[{""price"":82622.99,""size"":0.07365076,""num_orders"":4},{""price"":82621.33,""size"":0.02420682,""num_orders"":2},{""price"":82620.37,""size"":0.17562536,""num_orders"":1},{""price"":82620.36,""size"":0.14523574,""num_orders"":1},{""price"":82619.68,""size"":0.00015127,""num_orders"":2},{""price"":82618.62,""size"":0.00355708,""num_orders"":1},{""price"":82616.54,""size"":0.14523574,""num_orders"":1},{""price"":82615.51,""size"":0.2055676,""num_orders"":2},{""price"":82615.45,""size"":0.04754528,""num_orders"":1},{""price"":82614.72,""size"":0.1762,""num_orders"":1}]","[{""price"":82623.0,""size"":0.94660766,""num_orders"":53},{""price"":82624.24,""size"":0.14699998,""num_orders"":1},{""price"":82625.07,""size"":0.00484126,""num_orders"":1},{""price"":82627.66,""size"":0.01778046,""num_orders"":1},{""price"":82627.86,""size"":0.00605158,""num_orders"":1},{""price"":82629.1,""size"":0.05,""num_orders"":1},{""price"":82629.44,""size"":0.06,""num_orders"":2},{""price"":82630.11,""size"":0.00783744,""num_orders"":1},{""price"":82630.12,""size"":0.34629352,""num_orders"":1},{""price"":82630.13,""size"":0.03605238,""num_orders"":1}]"
btc_usd_d10_20261010T013638Z,33,2026-10-10T02:09:38.031749Z,2026-10-10T02:09:38.031880Z,BTC-USD,10,ok,,137507366251,2026-10-10T02:09:37.447048283Z,1.35580064,0.108218,0.852163084481,82619.419999999998,82619.429999999993,82619.424999999988,0.009999999995,0.001210369111,"[{""price"":82619.42,""size"":0.47593807,""num_orders"":8},{""price"":82619.41,""size"":0.14523574,""num_orders"":1},{""price"":82617.78,""size"":0.01445209,""num_orders"":1},{""price"":82617.77,""size"":0.02420786,""num_orders"":2},{""price"":82616.01,""size"":0.20179601,""num_orders"":1},{""price"":82616.0,""size"":0.14523574,""num_orders"":1},{""price"":82615.45,""size"":0.04754528,""num_orders"":1},{""price"":82613.52,""size"":0.14523574,""num_orders"":1},{""price"":82612.27,""size"":0.01778024,""num_orders"":1},{""price"":82611.72,""size"":0.13837387,""num_orders"":1}]","[{""price"":82619.43,""size"":0.0053436,""num_orders"":8},{""price"":82619.68,""size"":6.347e-05,""num_orders"":2},{""price"":82619.91,""size"":7.47e-06,""num_orders"":1},{""price"":82619.96,""size"":1.493e-05,""num_orders"":1},{""price"":82619.98,""size"":2.987e-05,""num_orders"":1},{""price"":82620.0,""size"":7.094e-05,""num_orders"":3},{""price"":82620.01,""size"":0.00023149,""num_orders"":10},{""price"":82620.51,""size"":0.00078673,""num_orders"":1},{""price"":82620.7,""size"":0.09682803,""num_orders"":1},{""price"":82621.52,""size"":0.00484147,""num_orders"":1}]"
btc_usd_d10_20261010T013638Z,34,2026-10-10T02:10:38.031749Z,2026-10-10T02:10:38.031878Z,BTC-USD,10,ok,,137507386313,2026-10-10T02:10:36.066930033Z,1.06575187,0.70627911,0.202859184776,82652.25,82652.259999999995,82652.255000000005,0.009999999995,0.001209888344,"[{""price"":82652.25,""size"":0.17041121,""num_orders"":7},{""price"":82650.89,""size"":0.03104036,""num_orders"":1},{""price"":82650.88,""size"":0.05199391,""num_orders"":2},{""price"":82649.61,""size"":0.01778064,""num_orders"":1},{""price"":82649.35,""size"":0.18413241,""num_orders"":1},{""price"":82649.34,""size"":0.14523574,""num_orders"":1},{""price"":82647.85,""size"":0.09679622,""num_orders"":1},{""price"":82646.81,""size"":0.14523574,""num_orders"":1},{""price"":82645.99,""size"":0.00017737,""num_orders"":2},{""price"":82644.06,""size"":0.22294827,""num_orders"":2}]","[{""price"":82652.26,""size"":0.03434296,""num_orders"":3},{""price"":82656.87,""size"":0.09678566,""num_orders"":1},{""price"":82658.24,""size"":0.08369,""num_orders"":1},{""price"":82658.6,""size"":0.05,""num_orders"":1},{""price"":82660.42,""size"":0.14523574,""num_orders"":1},{""price"":82660.53,""size"":0.1762,""num_orders"":1},{""price"":82660.56,""size"":0.06001075,""num_orders"":1},{""price"":82661.28,""size"":0.02,""num_orders"":1},{""price"":82662.38,""size"":0.04,""num_orders"":1},{""price"":82662.44,""size"":1.4e-05,""num_orders"":1}]"
btc_usd_d10_20261010T013638Z,35,2026-10-10T02:11:38.031749Z,2026-10-10T02:11:38.031891Z,BTC-USD,10,ok,,137507401792,2026-10-10T02:11:35.956456419Z,2.28659408,1.80204459,0.118511203632,82658.229999999996,82658.240000000005,82658.235000000001,0.010000000009,0.001209800815,"[{""price"":82658.23,""size"":1.24521018,""num_orders"":12},{""price"":82657.08,""size"":0.29128365,""num_orders"":3},{""price"":82657.07,""size"":0.05743996,""num_orders"":1},{""price"":82656.57,""size"":0.0241965,""num_orders"":2},{""price"":82655.72,""size"":0.096787,""num_orders"":1},{""price"":82654.93,""size"":0.14523574,""num_orders"":1},{""price"":82654.28,""size"":0.1762,""num_orders"":1},{""price"":82653.08,""size"":0.09354659,""num_orders"":1},{""price"":82652.25,""size"":0.14523574,""num_orders"":1},{""price"":82652.21,""size"":0.01145872,""num_orders"":4}]","[{""price"":82658.24,""size"":0.09153801,""num_orders"":5},{""price"":82660.31,""size"":0.0048392,""num_orders"":1},{""price"":82662.44,""size"":1.4e-05,""num_orders"":1},{""price"":82663.1,""size"":0.006049,""num_orders"":1},{""price"":82663.56,""size"":0.05,""num_orders"":1},{""price"":82664.19,""size"":0.09677709,""num_orders"":1},{""price"":82666.99,""size"":0.14523574,""num_orders"":1},{""price"":82668.0,""size"":0.7,""num_orders"":1},{""price"":82669.0,""size"":0.7,""num_orders"":1},{""price"":82669.79,""size"":0.00759155,""num_orders"":1}]"
btc_usd_d10_20261010T013638Z,36,2026-10-10T02:12:38.031749Z,2026-10-10T02:12:38.031925Z,BTC-USD,10,ok,,137507421439,2026-10-10T02:12:36.547330354Z,0.88928716,0.24990279,0.561262298706,82630.889999999999,82630.899999999994,82630.89499999999,0.009999999995,0.001210201099,"[{""price"":82630.89,""size"":0.14530771,""num_orders"":4},{""price"":82629.23,""size"":0.0242045,""num_orders"":2},{""price"":82628.32,""size"":0.1452332,""num_orders"":1},{""price"":82628.31,""size"":0.0968191,""num_orders"":1},{""price"":82628.28,""size"":0.14523574,""num_orders"":1},{""price"":82628.26,""size"":0.0011987,""num_orders"":1},{""price"":82627.6,""size"":1.815e-05,""num_orders"":1},{""price"":82623.98,""size"":0.16826154,""num_orders"":1},{""price"":82623.94,""size"":0.01777278,""num_orders"":1},{""price"":82623.12,""size"":0.14523574,""num_orders"":1}]","[{""price"":82630.9,""size"":0.05157033,""num_orders"":2},{""price"":82631.33,""size"":0.05099986,""num_orders"":1},{""price"":82631.37,""size"":0.00045071,""num_orders"":1},{""price"":82632.56,""size"":0.02420354,""num_orders"":2},{""price"":82632.57,""size"":0.05099986,""num_orders"":1},{""price"":82632.84,""size"":0.03,""num_orders"":1},{""price"":82632.86,""size"":0.03,""num_orders"":1},{""price"":82632.96,""size"":0.00484088,""num_orders"":1},{""price"":82636.23,""size"":0.00605097,""num_orders"":1},{""price"":82636.38,""size"":0.00078664,""num_orders"":1}]"
btc_usd_d10_20261010T013638Z,37,2026-10-10T02:13:38.031749Z,2026-10-10T02:13:38.031871Z,BTC-USD,10,ok,,137507436801,2026-10-10T02:13:35.285427767Z,0.70873227,0.64719584,0.045383254131,82620.759999999995,82620.770000000004,82620.764999999999,0.010000000009,0.001210349482,"[{""price"":82620.76,""size"":0.00674469,""num_orders"":3},{""price"":82619.73,""size"":0.00076484,""num_orders"":1},{""price"":82619.1,""size"":0.02420748,""num_orders"":2},{""price"":82619.0,""size"":0.00012652,""num_orders"":1},{""price"":82618.92,""size"":7.068e-05,""num_orders"":3},{""price"":82617.96,""size"":0.06087466,""num_orders"":1},{""price"":82616.16,""size"":0.28454904,""num_orders"":1},{""price"":82616.15,""size"":0.14523574,""num_orders"":1},{""price"":82614.15,""size"":0.0968357,""num_orders"":1},{""price"":82612.52,""size"":0.08932292,""num_orders"":1}]","[{""price"":82620.77,""size"":0.3147029,""num_orders"":8},{""price"":82621.01,""size"":0.0006194,""num_orders"":1},{""price"":82621.64,""size"":0.03,""num_orders"":1},{""price"":82621.66,""size"":0.02999912,""num_orders"":2},{""price"":82622.01,""size"":0.0968265,""num_orders"":1},{""price"":82622.25,""size"":0.048,""num_orders"":1},{""price"":82622.43,""size"":0.0242065,""num_orders"":2},{""price"":82622.88,""size"":0.00484142,""num_orders"":1},{""price"":82623.99,""size"":0.048,""num_orders"":1},{""price"":82624.11,""size"":0.05,""num_orders"":1}]"
btc_usd_d10_20261010T013638Z,38,2026-10-10T02:14:38.031749Z,2026-10-10T02:14:38.031886Z,BTC-USD,10,ok,,137507453205,2026-10-10T02:14:36.565212402Z,2.40622138,0.38393493,0.72479324644,82611.800000000003,82611.809999999998,82611.804999999993,0.009999999995,0.001210480753,"[{""price"":82611.8,""size"":0.03057953,""num_orders"":4},{""price"":82611.62,""size"":3.365e-05,""num_orders"":1},{""price"":82610.77,""size"":1.81501787,""num_orders"":1},{""price"":82610.64,""size"":1.4e-05,""num_orders"":1},{""price"":82610.14,""size"":0.0242101,""num_orders"":2},{""price"":82609.49,""size"":0.14523574,""num_orders"":1},{""price"":82608.79,""size"":0.00282965,""num_orders"":1},{""price"":82607.78,""size"":0.14622192,""num_orders"":1},{""price"":82607.77,""size"":0.09684318,""num_orders"":1},{""price"":82604.8,""size"":0.14523574,""num_orders"":1}]","[{""price"":82611.81,""size"":0.06344621,""num_orders"":4},{""price"":82612.42,""size"":0.00078681,""num_orders"":1},{""price"":82613.47,""size"":0.02420912,""num_orders"":2},{""price"":82613.88,""size"":0.00484192,""num_orders"":1},{""price"":82615.59,""size"":0.09683403,""num_orders"":1},{""price"":82615.76,""size"":0.0198793,""num_orders"":2},{""price"":82615.77,""size"":0.00572,""num_orders"":1},{""price"":82616.49,""size"":0.14438466,""num_orders"":1},{""price"":82616.67,""size"":0.0060524,""num_orders"":1},{""price"":82618.2,""size"":0.01778048,""num_orders"":1}]"
btc_usd_d10_20261010T013638Z,39,2026-10-10T02:15:38.031749Z,2026-10-10T02:15:38.031904Z,BTC-USD,10,ok,,137507468567,2026-10-10T02:15:35.548584017Z,0.67430925,0.54619418,0.104969037244,82604.320000000007,82604.330000000002,82604.325000000012,0.009999999995,0.001210590365,"[{""price"":82604.32,""size"":0.01462457,""num_orders"":3},{""price"":82602.66,""size"":0.0242123,""num_orders"":2},{""price"":82601.6,""size"":0.14525946,""num_orders"":3},{""price"":82600.0,""size"":0.01881742,""num_orders"":2},{""price"":82599.54,""size"":0.03628715,""num_orders"":1},{""price"":82598.35,""size"":0.12644761,""num_orders"":1},{""price"":82598.34,""size"":0.14523574,""num_orders"":1},{""price"":82598.0,""size"":0.00014268,""num_orders"":1},{""price"":82597.1,""size"":0.09685569,""num_orders"":1},{""price"":82596.26,""size"":0.06642663,""num_orders"":1}]","[{""price"":82604.33,""size"":0.13249868,""num_orders"":6},{""price"":82604.34,""size"":0.00572,""num_orders"":1},{""price"":82605.1,""size"":0.09684632,""num_orders"":1},{""price"":82605.57,""size"":0.05099999,""num_orders"":1},{""price"":82605.99,""size"":0.02421132,""num_orders"":2},{""price"":82606.4,""size"":0.0048424,""num_orders"":1},{""price"":82609.15,""size"":0.04,""num_orders"":1},{""price"":82609.19,""size"":0.00605301,""num_orders"":1},{""price"":82609.4,""size"":0.01778219,""num_orders"":1},{""price"":82610.76,""size"":0.16724027,""num_orders"":1}]"
btc_usd_d10_20261010T013638Z,40,2026-10-10T02:16:38.031749Z,2026-10-10T02:16:38.031912Z,BTC-USD,10,ok,,137507481127,2026-10-10T02:16:36.663080696Z,0.74430505,0.39971733,0.301207149462,82601.600000000006,82601.610000000001,82601.60500000001,0.009999999995,0.001210630229,"[{""price"":82601.6,""size"":0.06498266,""num_orders"":6},{""price"":82600.0,""size"":0.01881742,""num_orders"":2},{""price"":82599.94,""size"":0.0242131,""num_orders"":2},{""price"":82599.55,""size"":0.1508237,""num_orders"":1},{""price"":82599.54,""size"":0.03628715,""num_orders"":1},{""price"":82598.34,""size"":0.14523574,""num_orders"":1},{""price"":82598.0,""size"":0.00014268,""num_orders"":1},{""price"":82597.02,""size"":0.00524091,""num_orders"":1},{""price"":82596.26,""size"":0.06642663,""num_orders"":1},{""price"":82595.73,""size"":0.23213506,""num_orders"":1}]","[{""price"":82601.61,""size"":0.0007869,""num_orders"":1},{""price"":82602.74,""size"":0.00484248,""num_orders"":1},{""price"":82602.75,""size"":0.09396012,""num_orders"":1},{""price"":82603.27,""size"":0.02421212,""num_orders"":2},{""price"":82604.33,""size"":0.05099999,""num_orders"":1},{""price"":82604.67,""size"":0.14523574,""num_orders"":1},{""price"":82604.81,""size"":0.00484248,""num_orders"":1},{""price"":82605.57,""size"":0.05099999,""num_orders"":1},{""price"":82606.47,""size"":0.00605315,""num_orders"":1},{""price"":82607.65,""size"":0.01778436,""num_orders"":1}]"
btc_usd_d10_20261010T013638Z,41,2026-10-10T02:17:38.031749Z,2026-10-10T02:17:38.031902Z,BTC-USD,10,ok,,137507494060,2026-10-10T02:17:35.975019511Z,0.63896949,0.34797837,0.294839405194,82604.100000000006,82604.110000000001,82604.10500000001,0.009999999995,0.001210593589,"[{""price"":82604.1,""size"":0.07478611,""num_orders"":6},{""price"":82602.44,""size"":0.02421236,""num_orders"":2},{""price"":82601.6,""size"":1.74e-05,""num_orders"":2},{""price"":82600.64,""size"":0.14523574,""num_orders"":1},{""price"":82600.0,""size"":0.01881742,""num_orders"":2},{""price"":82599.54,""size"":0.03628715,""num_orders"":1},{""price"":82598.23,""size"":0.00623921,""num_orders"":1},{""price"":82598.15,""size"":0.18799568,""num_orders"":1},{""price"":82598.14,""size"":0.14523574,""num_orders"":1},{""price"":82598.0,""size"":0.00014268,""num_orders"":1}]","[{""price"":82604.11,""size"":0.00624032,""num_orders"":3},{""price"":82604.3,""size"":0.05,""num_orders"":1},{""price"":82604.33,""size"":0.05099999,""num_orders"":1},{""price"":82604.44,""size"":0.09684709,""num_orders"":1},{""price"":82605.57,""size"":0.05099999,""num_orders"":1},{""price"":82605.77,""size"":0.02421138,""num_orders"":2},{""price"":82606.35,""size"":0.00484237,""num_orders"":1},{""price"":82606.68,""size"":0.01778427,""num_orders"":1},{""price"":82607.18,""size"":0.04,""num_orders"":1},{""price"":82609.14,""size"":0.00605296,""num_orders"":1}]"
btc_usd_d10_20261010T013638Z,42,2026-10-10T02:18:38.031749Z,2026-10-10T02:18:38.031900Z,BTC-USD,10,ok,,137507508845,2026-10-10T02:18:37.023299319Z,0.64438747,0.28242383,0.390547288321,82609.160000000003,82609.169999999998,82609.165000000008,0.009999999995,0.001210519437,"[{""price"":82609.16,""size"":0.01707731,""num_orders"":2},{""price"":82608.51,""size"":0.05990908,""num_orders"":1},{""price"":82607.5,""size"":0.02421088,""num_orders"":2},{""price"":82604.1,""size"":0.00019175,""num_orders"":1},{""price"":82603.94,""size"":0.00671129,""num_orders"":1},{""price"":82603.32,""size"":0.30046008,""num_orders"":1},{""price"":82603.31,""size"":0.14523574,""num_orders"":1},{""price"":82603.0,""size"":0.05428743,""num_orders"":1},{""price"":82601.6,""size"":1.74e-05,""num_orders"":2},{""price"":82601.0,""size"":0.03628651,""num_orders"":1}]","[{""price"":82609.17,""size"":0.14692408,""num_orders"":7},{""price"":82610.41,""size"":0.039,""num_orders"":1},{""price"":82610.83,""size"":0.0242099,""num_orders"":2},{""price"":82611.24,""size"":0.00484207,""num_orders"":1},{""price"":82611.8,""size"":1.827e-05,""num_orders"":1},{""price"":82611.81,""size"":0.00177941,""num_orders"":1},{""price"":82613.08,""size"":0.00181516,""num_orders"":1},{""price"":82614.03,""size"":0.00605259,""num_orders"":1},{""price"":82614.32,""size"":0.01778235,""num_orders"":1},{""price"":82615.08,""size"":0.04,""num_orders"":1}]"
btc_usd_d10_20261010T013638Z,43,2026-10-10T02:19:38.031749Z,2026-10-10T02:19:38.031896Z,BTC-USD,10,ok,,137507524890,2026-10-10T02:19:35.487508178Z,0.92820534,0.4607978,0.336505747568,82598,82598.009999999995,82598.005000000005,0.009999999995,0.001210682993,"[{""price"":82598.0,""size"":0.0242846,""num_orders"":6},{""price"":82596.11,""size"":0.02421422,""num_orders"":2},{""price"":82592.99,""size"":0.14523574,""num_orders"":1},{""price"":82590.63,""size"":0.09686328,""num_orders"":1},{""price"":82590.16,""size"":0.31269632,""num_orders"":2},{""price"":82590.15,""size"":0.14523574,""num_orders"":1},{""price"":82590.0,""size"":0.00173458,""num_orders"":2},{""price"":82589.92,""size"":1.4e-05,""num_orders"":1},{""price"":82589.74,""size"":0.1762,""num_orders"":1},{""price"":82588.0,""size"":0.00172686,""num_orders"":1}]","[{""price"":82598.01,""size"":0.10502995,""num_orders"":4},{""price"":82598.02,""size"":0.03,""num_orders"":1},{""price"":82598.04,""size"":0.03,""num_orders"":1},{""price"":82598.08,""size"":0.00078694,""num_orders"":1},{""price"":82599.36,""size"":0.09685305,""num_orders"":1},{""price"":82599.68,""size"":0.02421316,""num_orders"":2},{""price"":82600.08,""size"":0.00484273,""num_orders"":1},{""price"":82600.37,""size"":0.01778282,""num_orders"":1},{""price"":82601.87,""size"":0.14523574,""num_orders"":1},{""price"":82602.87,""size"":0.00605341,""num_orders"":1}]"
btc_usd_d10_20261010T013638Z,44,2026-10-10T02:20:38.031749Z,2026-10-10T02:20:38.031889Z,BTC-USD,10,ok,,137507541791,2026-10-10T02:20:36.988605472Z,3.60327986,0.49554703,0.758200556745,82596.770000000004,82596.779999999999,82596.774999999994,0.009999999995,0.001210701022,"[{""price"":82596.77,""size"":3.09642452,""num_orders"":6},{""price"":82596.35,""size"":3.99e-06,""num_orders"":1},{""price"":82596.34,""size"":4.467e-05,""num_orders"":1},{""price"":82595.12,""size"":0.0729254,""num_orders"":2},{""price"":82595.11,""size"":0.0242145,""num_orders"":2},{""price"":82593.66,""size"":0.00478615,""num_orders"":1},{""price"":82593.31,""size"":0.09686013,""num_orders"":1},{""price"":82590.93,""size"":0.08670574,""num_orders"":1},{""price"":82587.62,""size"":0.14523574,""num_orders"":1},{""price"":82587.61,""size"":0.07607902,""num_orders"":2}]","[{""price"":82596.78,""size"":0.01454291,""num_orders"":4},{""price"":82597.41,""size"":0.00078695,""num_orders"":1},{""price"":82598.44,""size"":0.02421354,""num_orders"":2},{""price"":82598.84,""size"":0.00484283,""num_orders"":1},{""price"":82600.66,""size"":0.14523574,""num_orders"":1},{""price"":82601.37,""size"":0.01778529,""num_orders"":1},{""price"":82601.55,""size"":0.09685049,""num_orders"":1},{""price"":82601.63,""size"":0.00605354,""num_orders"":1},{""price"":82602.34,""size"":0.04,""num_orders"":1},{""price"":82603.88,""size"":0.14523574,""num_orders"":1}]"
btc_usd_d10_20261010T013638Z,45,2026-10-10T02:21:38.031749Z,2026-10-10T02:21:38.031883Z,BTC-USD,10,ok,,137507557132,2026-10-10T02:21:35.792519881Z,1.07830551,0.86396889,0.110353418652,82580.830000000002,82580.839999999997,82580.834999999992,0.009999999995,0.001210934716,"[{""price"":82580.83,""size"":0.01677961,""num_orders"":3},{""price"":82579.79,""size"":0.14523574,""num_orders"":1},{""price"":82579.47,""size"":0.03867348,""num_orders"":1},{""price"":82579.3,""size"":0.005,""num_orders"":1},{""price"":82576.41,""size"":0.08670574,""num_orders"":1},{""price"":82576.4,""size"":0.14523574,""num_orders"":1},{""price"":82573.91,""size"":0.43699933,""num_orders"":1},{""price"":82573.9,""size"":0.14523574,""num_orders"":1},{""price"":82573.88,""size"":0.05804013,""num_orders"":1},{""price"":82573.2,""size"":0.0004,""num_orders"":1}]","[{""price"":82580.84,""size"":0.13229988,""num_orders"":6},{""price"":82580.86,""size"":0.03,""num_orders"":1},{""price"":82581.54,""size"":0.01778518,""num_orders"":1},{""price"":82582.55,""size"":0.06299937,""num_orders"":1},{""price"":82582.75,""size"":0.04,""num_orders"":1},{""price"":82582.91,""size"":0.00484373,""num_orders"":1},{""price"":82584.9,""size"":0.14523574,""num_orders"":1},{""price"":82585.69,""size"":0.00605467,""num_orders"":1},{""price"":82586.67,""size"":0.24855032,""num_orders"":1},{""price"":82586.68,""size"":0.1762,""num_orders"":1}]"
btc_usd_d10_20261010T013638Z,46,2026-10-10T02:22:38.031749Z,2026-10-10T02:22:38.031878Z,BTC-USD,10,ok,,137507579975,2026-10-10T02:22:37.694055925Z,0.31895945,0.50467988,-0.225487568691,82603.110000000001,82603.119999999995,82603.114999999991,0.009999999995,0.001210608098,"[{""price"":82603.11,""size"":0.0316442,""num_orders"":3},{""price"":82603.1,""size"":1.211e-05,""num_orders"":1},{""price"":82601.46,""size"":0.05030271,""num_orders"":1},{""price"":82601.45,""size"":0.02421266,""num_orders"":2},{""price"":82600.27,""size"":4.648e-05,""num_orders"":2},{""price"":82600.22,""size"":0.03,""num_orders"":1},{""price"":82600.2,""size"":0.03,""num_orders"":1},{""price"":82599.64,""size"":0.0062262,""num_orders"":1},{""price"":82598.67,""size"":0.05980935,""num_orders"":1},{""price"":82598.58,""size"":0.08670574,""num_orders"":1}]","[{""price"":82603.12,""size"":0.00484243,""num_orders"":1},{""price"":82604.78,""size"":0.02421168,""num_orders"":2},{""price"":82605.19,""size"":0.00484243,""num_orders"":1},{""price"":82605.5,""size"":0.14523574,""num_orders"":1},{""price"":82605.81,""size"":0.017791,""num_orders"":1},{""price"":82607.35,""size"":0.09684368,""num_orders"":1},{""price"":82607.98,""size"":0.00605304,""num_orders"":1},{""price"":82609.19,""size"":0.14523574,""num_orders"":1},{""price"":82609.21,""size"":0.05961014,""num_orders"":5},{""price"":82610.64,""size"":1.4e-05,""num_orders"":1}]"
btc_usd_d10_20261010T013638Z,47,2026-10-10T02:23:38.031749Z,2026-10-10T02:23:38.031876Z,BTC-USD,10,ok,,137507599609,2026-10-10T02:23:36.514835259Z,1.12889738,0.6579665,0.263551625432,82569.589999999997,82569.600000000006,82569.595000000001,0.010000000009,0.001211099559,"[{""price"":82569.59,""size"":0.61996304,""num_orders"":9},{""price"":82569.2,""size"":1.4e-05,""num_orders"":1},{""price"":82567.93,""size"":0.02422248,""num_orders"":2},{""price"":82566.0,""size"":0.0017001,""num_orders"":2},{""price"":82564.93,""size"":0.12462819,""num_orders"":1},{""price"":82564.92,""size"":0.14523574,""num_orders"":1},{""price"":82564.49,""size"":0.09689394,""num_orders"":1},{""price"":82564.0,""size"":0.00026094,""num_orders"":1},{""price"":82562.99,""size"":1.514e-05,""num_orders"":1},{""price"":82562.68,""size"":0.11596381,""num_orders"":2}]","[{""price"":82569.6,""size"":0.02250607,""num_orders"":2},{""price"":82569.64,""size"":0.00078721,""num_orders"":1},{""price"":82571.26,""size"":0.0242215,""num_orders"":2},{""price"":82571.67,""size"":0.00484439,""num_orders"":1},{""price"":82572.41,""size"":0.09688466,""num_orders"":1},{""price"":82574.28,""size"":0.14523574,""num_orders"":1},{""price"":82574.45,""size"":0.00605549,""num_orders"":1},{""price"":82578.76,""size"":0.13123144,""num_orders"":2},{""price"":82578.77,""size"":0.05,""num_orders"":1},{""price"":82579.14,""size"":0.1762,""num_orders"":1}]"
btc_usd_d10_20261010T013638Z,48,2026-10-10T02:24:38.031749Z,2026-10-10T02:24:38.031880Z,BTC-USD,10,ok,,137507618204,2026-10-10T02:24:36.662725759Z,1.05989876,0.54401003,0.321644680306,82550.5,82551.690000000002,82551.095000000001,1.190000000002,0.144153145395,"[{""price"":82550.5,""size"":0.01179515,""num_orders"":2},{""price"":82548.84,""size"":0.02422808,""num_orders"":2},{""price"":82548.11,""size"":0.15001838,""num_orders"":1},{""price"":82546.73,""size"":0.02,""num_orders"":1},{""price"":82546.72,""size"":0.14523574,""num_orders"":1},{""price"":82546.71,""size"":0.09691482,""num_orders"":1},{""price"":82545.36,""size"":0.22599877,""num_orders"":2},{""price"":82543.58,""size"":0.14523574,""num_orders"":1},{""price"":82542.78,""size"":0.1762,""num_orders"":1},{""price"":82542.67,""size"":0.06427208,""num_orders"":1}]","[{""price"":82551.69,""size"":0.00484548,""num_orders"":1},{""price"":82551.7,""size"":0.02999921,""num_orders"":3},{""price"":82551.72,""size"":0.03,""num_orders"":1},{""price"":82552.16,""size"":0.15116138,""num_orders"":2},{""price"":82553.35,""size"":0.02422676,""num_orders"":2},{""price"":82553.4,""size"":0.03899999,""num_orders"":1},{""price"":82553.44,""size"":0.14523574,""num_orders"":1},{""price"":82553.76,""size"":0.00484548,""num_orders"":1},{""price"":82554.05,""size"":0.01779124,""num_orders"":1},{""price"":82555.29,""size"":0.09690475,""num_orders"":1}]"
btc_usd_d10_20261010T013638Z,49,2026-10-10T02:25:38.031749Z,2026-10-10T02:25:38.031915Z,BTC-USD,10,ok,,137507638127,2026-10-10T02:25:35.821526190Z,0.92291731,0.66119485,0.16521712705,82559.619999999995,82559.630000000005,82559.625,0.010000000009,0.001211245813,"[{""price"":82559.62,""size"":0.2299831,""num_orders"":8},{""price"":82558.37,""size"":0.10525445,""num_orders"":2},{""price"":82558.36,""size"":0.00049526,""num_orders"":1},{""price"":82557.96,""size"":0.0242254,""num_orders"":2},{""price"":82556.63,""size"":0.06026165,""num_orders"":1},{""price"":82556.45,""size"":0.00605718,""num_orders"":1},{""price"":82554.77,""size"":0.09690535,""num_orders"":1},{""price"":82553.4,""size"":0.13671195,""num_orders"":1},{""price"":82551.36,""size"":0.1762,""num_orders"":1},{""price"":82548.61,""size"":0.08682297,""num_orders"":1}]","[{""price"":82559.63,""size"":0.00590873,""num_orders"":3},{""price"":82561.29,""size"":0.02422442,""num_orders"":2},{""price"":82562.84,""size"":0.14523574,""num_orders"":1},{""price"":82564.34,""size"":0.01779497,""num_orders"":1},{""price"":82564.71,""size"":0.07697736,""num_orders"":1},{""price"":82564.89,""size"":0.09689349,""num_orders"":1},{""price"":82565.36,""size"":0.14523574,""num_orders"":1},{""price"":82567.63,""size"":0.00187253,""num_orders"":1},{""price"":82567.64,""size"":0.00181613,""num_orders"":1},{""price"":82567.84,""size"":0.14523574,""num_orders"":1}]"
btc_usd_d10_20261010T013638Z,50,2026-10-10T02:26:38.031749Z,2026-10-10T02:26:38.031876Z,BTC-USD,10,ok,,137507655189,2026-10-10T02:26:36.637371757Z,0.83617108,0.47683907,0.27367039775,82553.279999999999,82553.289999999994,82553.285000000003,0.009999999995,0.001211338833,"[{""price"":82553.28,""size"":0.19713849,""num_orders"":3},{""price"":82551.63,""size"":0.01446367,""num_orders"":1},{""price"":82551.62,""size"":0.02422726,""num_orders"":2},{""price"":82550.06,""size"":0.16589863,""num_orders"":1},{""price"":82550.05,""size"":0.14523574,""num_orders"":1},{""price"":82550.04,""size"":0.05964058,""num_orders"":1},{""price"":82548.1,""size"":0.13050236,""num_orders"":1},{""price"":82546.5,""size"":0.00195268,""num_orders"":1},{""price"":82546.49,""size"":0.00019637,""num_orders"":1},{""price"":82546.29,""size"":0.0969153,""num_orders"":1}]","[{""price"":82553.29,""size"":0.00508101,""num_orders"":2},{""price"":82553.3,""size"":0.04845354,""num_orders"":1},{""price"":82553.72,""size"":1.212e-05,""num_orders"":1},{""price"":82554.9,""size"":0.09690521,""num_orders"":1},{""price"":82554.95,""size"":0.02422628,""num_orders"":2},{""price"":82555.36,""size"":0.00484536,""num_orders"":1},{""price"":82555.53,""size"":0.14523574,""num_orders"":1},{""price"":82556.21,""size"":0.00078737,""num_orders"":1},{""price"":82558.14,""size"":0.0060567,""num_orders"":1},{""price"":82560.2,""size"":0.14523574,""num_orders"":1}]"
btc_usd_d10_20261010T013638Z,51,2026-10-10T02:27:38.031749Z,2026-10-10T02:27:38.031905Z,BTC-USD,10,ok,,137507669860,2026-10-10T02:27:37.457456362Z,0.51508584,0.83119168,-0.234799909606,82560.029999999999,82560.039999999994,82560.035000000003,0.009999999995,0.001211239796,"[{""price"":82560.03,""size"":0.03292478,""num_orders"":4},{""price"":82559.97,""size"":0.00605668,""num_orders"":1},{""price"":82558.38,""size"":0.0168879,""num_orders"":1},{""price"":82558.37,""size"":0.02422528,""num_orders"":2},{""price"":82557.83,""size"":0.00406266,""num_orders"":1},{""price"":82553.5,""size"":0.02,""num_orders"":1},{""price"":82553.49,""size"":0.14455914,""num_orders"":1},{""price"":82553.05,""size"":0.14523574,""num_orders"":1},{""price"":82552.16,""size"":0.02422512,""num_orders"":1},{""price"":82552.05,""size"":0.09690854,""num_orders"":1}]","[{""price"":82560.04,""size"":0.19923895,""num_orders"":5},{""price"":82560.84,""size"":0.09689824,""num_orders"":1},{""price"":82561.66,""size"":0.14523574,""num_orders"":1},{""price"":82561.7,""size"":0.0242243,""num_orders"":2},{""price"":82562.11,""size"":0.00484495,""num_orders"":1},{""price"":82564.14,""size"":0.14523574,""num_orders"":1},{""price"":82564.83,""size"":0.0060562,""num_orders"":1},{""price"":82565.43,""size"":0.05,""num_orders"":1},{""price"":82566.62,""size"":0.14523574,""num_orders"":1},{""price"":82567.37,""size"":0.01422182,""num_orders"":2}]"
btc_usd_d10_20261010T013638Z,52,2026-10-10T02:28:38.031749Z,2026-10-10T02:28:38.031910Z,BTC-USD,10,ok,,137507684067,2026-10-10T02:28:36.815515907Z,1.07181178,0.60136945,0.281166392238,82550.570000000007,82550.580000000002,82550.575000000012,0.009999999995,0.0012113786,"[{""price"":82550.57,""size"":0.22413655,""num_orders"":8},{""price"":82548.98,""size"":0.10337648,""num_orders"":1},{""price"":82548.97,""size"":0.14523574,""num_orders"":1},{""price"":82548.91,""size"":0.02422806,""num_orders"":2},{""price"":82546.9,""size"":0.00349977,""num_orders"":1},{""price"":82546.49,""size"":0.00019637,""num_orders"":1},{""price"":82546.04,""size"":0.14523574,""num_orders"":1},{""price"":82546.03,""size"":0.25644025,""num_orders"":2},{""price"":82544.69,""size"":0.02422708,""num_orders"":1},{""price"":82543.47,""size"":0.14523574,""num_orders"":1}]","[{""price"":82550.58,""size"":0.00160937,""num_orders"":1},{""price"":82551.01,""size"":0.00078739,""num_orders"":1},{""price"":82552.24,""size"":0.02422708,""num_orders"":2},{""price"":82552.65,""size"":0.00484551,""num_orders"":1},{""price"":82556.03,""size"":0.00605684,""num_orders"":1},{""price"":82557.94,""size"":0.14523574,""num_orders"":1},{""price"":82558.35,""size"":0.09690117,""num_orders"":1},{""price"":82559.44,""size"":0.1762,""num_orders"":1},{""price"":82560.06,""size"":0.00027061,""num_orders"":1},{""price"":82560.83,""size"":0.14523574,""num_orders"":1}]"
btc_usd_d10_20261010T013638Z,53,2026-10-10T02:29:38.031749Z,2026-10-10T02:29:38.031876Z,BTC-USD,10,ok,,137507698881,2026-10-10T02:29:37.671151051Z,0.57240035,1.03166386,-0.286312422618,82558.860000000001,82559.910000000003,82559.385000000009,1.050000000003,0.127181179947,"[{""price"":82558.86,""size"":0.1042512,""num_orders"":4},{""price"":82558.81,""size"":1.198e-05,""num_orders"":1},{""price"":82557.2,""size"":0.01590906,""num_orders"":1},{""price"":82557.19,""size"":0.02422564,""num_orders"":2},{""price"":82556.61,""size"":0.00242271,""num_orders"":1},{""price"":82552.49,""size"":0.02,""num_orders"":1},{""price"":82552.48,""size"":0.00381464,""num_orders"":1},{""price"":82552.07,""size"":0.02,""num_orders"":1},{""price"":82552.06,""size"":0.23652938,""num_orders"":1},{""price"":82552.05,""size"":0.14523574,""num_orders"":1}]","[{""price"":82559.91,""size"":0.0046,""num_orders"":1},{""price"":82560.54,""size"":0.08987888,""num_orders"":1},{""price"":82560.63,""size"":0.09689848,""num_orders"":1},{""price"":82561.86,""size"":0.05,""num_orders"":1},{""price"":82562.89,""size"":0.00181597,""num_orders"":1},{""price"":82564.14,""size"":0.14523574,""num_orders"":1},{""price"":82564.16,""size"":0.06366088,""num_orders"":1},{""price"":82564.94,""size"":0.00213317,""num_orders"":1},{""price"":82564.95,""size"":0.53744074,""num_orders"":1},{""price"":82564.96,""size"":0.04,""num_orders"":1}]"
btc_usd_d10_20261010T013638Z,54,2026-10-10T02:30:38.031749Z,2026-10-10T02:30:38.031909Z,BTC-USD,10,ok,,137507713191,2026-10-10T02:30:36.480388604Z,1.04174427,0.66035515,0.224069825486,82559.570000000007,82559.580000000002,82559.575000000012,0.009999999995,0.001211246545,"[{""price"":82559.57,""size"":0.14435415,""num_orders"":7},{""price"":82557.95,""size"":0.02,""num_orders"":1},{""price"":82557.94,""size"":0.11800497,""num_orders"":1},{""price"":82557.91,""size"":0.02422542,""num_orders"":2},{""price"":82557.09,""size"":0.14523574,""num_orders"":1},{""price"":82557.07,""size"":0.04735319,""num_orders"":1},{""price"":82555.5,""size"":0.00555833,""num_orders"":1},{""price"":82553.81,""size"":0.29486799,""num_orders"":1},{""price"":82553.8,""size"":0.14523574,""num_orders"":1},{""price"":82551.88,""size"":0.09690874,""num_orders"":1}]","[{""price"":82559.58,""size"":0.04676177,""num_orders"":3},{""price"":82560.82,""size"":0.04200001,""num_orders"":1},{""price"":82561.09,""size"":0.09689795,""num_orders"":1},{""price"":82561.24,""size"":0.02422444,""num_orders"":2},{""price"":82562.89,""size"":0.00181597,""num_orders"":1},{""price"":82565.45,""size"":0.015,""num_orders"":1},{""price"":82567.37,""size"":5.787e-05,""num_orders"":1},{""price"":82567.84,""size"":0.1762,""num_orders"":1},{""price"":82567.88,""size"":0.1121614,""num_orders"":1},{""price"":82568.99,""size"":0.14523574,""num_orders"":1}]"
btc_usd_d10_20261010T013638Z,55,2026-10-10T02:31:38.031749Z,2026-10-10T02:31:38.031919Z,BTC-USD,10,ok,,137507726908,2026-10-10T02:31:36.448210205Z,0.99062084,0.63586855,0.21810919406,82557.210000000006,82557.220000000001,82557.214999999997,0.009999999995,0.00121128117,"[{""price"":82557.21,""size"":0.63673741,""num_orders"":13},{""price"":82556.91,""size"":0.00571582,""num_orders"":1},{""price"":82556.87,""size"":0.03628688,""num_orders"":1},{""price"":82556.84,""size"":0.00012004,""num_orders"":1},{""price"":82555.55,""size"":0.02422612,""num_orders"":2},{""price"":82555.14,""size"":0.00059932,""num_orders"":1},{""price"":82554.97,""size"":0.04734902,""num_orders"":1},{""price"":82552.89,""size"":0.09434918,""num_orders"":1},{""price"":82552.88,""size"":0.14523574,""num_orders"":1},{""price"":82551.31,""size"":1.31e-06,""num_orders"":1}]","[{""price"":82557.22,""size"":0.09641489,""num_orders"":1},{""price"":82558.0,""size"":0.05403561,""num_orders"":1},{""price"":82558.88,""size"":0.02422514,""num_orders"":2},{""price"":82559.58,""size"":0.00788239,""num_orders"":3},{""price"":82560.08,""size"":0.14523574,""num_orders"":1},{""price"":82561.01,""size"":0.00078733,""num_orders"":1},{""price"":82562.89,""size"":0.00181597,""num_orders"":1},{""price"":82563.95,""size"":0.14523574,""num_orders"":1},{""price"":82565.45,""size"":0.015,""num_orders"":1},{""price"":82566.47,""size"":0.14523574,""num_orders"":1}]"
btc_usd_d10_20261010T013638Z,56,2026-10-10T02:32:38.031749Z,2026-10-10T02:32:38.031893Z,BTC-USD,10,ok,,137507739242,2026-10-10T02:32:35.549437216Z,0.75546174,0.45543584,0.247771491954,82557.919999999998,82557.929999999993,82557.924999999988,0.009999999995,0.001211270753,"[{""price"":82557.92,""size"":0.04591178,""num_orders"":3},{""price"":82557.21,""size"":8.276e-05,""num_orders"":1},{""price"":82556.84,""size"":0.00012004,""num_orders"":1},{""price"":82556.54,""size"":0.00571581,""num_orders"":1},{""price"":82556.38,""size"":0.0892,""num_orders"":3},{""price"":82556.37,""size"":0.04727885,""num_orders"":1},{""price"":82554.67,""size"":0.06155555,""num_orders"":1},{""price"":82552.89,""size"":0.1841599,""num_orders"":2},{""price"":82552.88,""size"":0.14523574,""num_orders"":1},{""price"":82551.31,""size"":0.17620131,""num_orders"":2}]","[{""price"":82557.93,""size"":0.09809978,""num_orders"":3},{""price"":82559.58,""size"":0.01486439,""num_orders"":5},{""price"":82559.59,""size"":0.02422492,""num_orders"":2},{""price"":82560.0,""size"":0.00484508,""num_orders"":1},{""price"":82562.75,""size"":0.14523574,""num_orders"":1},{""price"":82562.78,""size"":0.00605635,""num_orders"":1},{""price"":82562.89,""size"":0.00181597,""num_orders"":1},{""price"":82565.26,""size"":0.14523574,""num_orders"":1},{""price"":82565.45,""size"":0.015,""num_orders"":1},{""price"":82567.37,""size"":5.787e-05,""num_orders"":1}]"
btc_usd_d10_20261010T013638Z,57,2026-10-10T02:33:38.031749Z,2026-10-10T02:33:38.031893Z,BTC-USD,10,ok,,137507753020,2026-10-10T02:33:35.248249408Z,4.00201746,0.49351794,0.780440861393,82557.919999999998,82557.929999999993,82557.924999999988,0.009999999995,0.001211270753,"[{""price"":82557.92,""size"":3.24108771,""num_orders"":6},{""price"":82556.4,""size"":0.06498766,""num_orders"":1},{""price"":82556.39,""size"":0.0473015,""num_orders"":1},{""price"":82556.26,""size"":0.0242259,""num_orders"":2},{""price"":82555.71,""size"":0.00637953,""num_orders"":1},{""price"":82554.67,""size"":0.06155555,""num_orders"":1},{""price"":82552.96,""size"":0.23504256,""num_orders"":2},{""price"":82552.95,""size"":0.14523574,""num_orders"":1},{""price"":82551.31,""size"":1.31e-06,""num_orders"":1},{""price"":82551.25,""size"":0.1762,""num_orders"":1}]","[{""price"":82557.93,""size"":0.02765196,""num_orders"":5},{""price"":82558.57,""size"":0.0969009,""num_orders"":1},{""price"":82559.58,""size"":0.00875779,""num_orders"":3},{""price"":82559.59,""size"":0.02422492,""num_orders"":2},{""price"":82560.0,""size"":0.00484508,""num_orders"":1},{""price"":82560.35,""size"":0.01779349,""num_orders"":1},{""price"":82562.78,""size"":0.15129209,""num_orders"":2},{""price"":82562.89,""size"":0.00181597,""num_orders"":1},{""price"":82565.26,""size"":0.14523574,""num_orders"":1},{""price"":82565.45,""size"":0.015,""num_orders"":1}]"
btc_usd_d10_20261010T013638Z,58,2026-10-10T02:34:38.031749Z,2026-10-10T02:34:38.031876Z,BTC-USD,10,ok,,137507765771,2026-10-10T02:34:36.546896998Z,3.53036927,0.37457863,0.808151791219,82558.559999999998,82558.570000000007,82558.565000000002,0.010000000009,0.001211261365,"[{""price"":82558.56,""size"":3.06313925,""num_orders"":5},{""price"":82557.92,""size"":0.01204942,""num_orders"":1},{""price"":82557.28,""size"":0.00637952,""num_orders"":1},{""price"":82556.91,""size"":0.07945041,""num_orders"":1},{""price"":82556.9,""size"":0.02422572,""num_orders"":2},{""price"":82556.39,""size"":0.0473015,""num_orders"":1},{""price"":82554.67,""size"":0.06155555,""num_orders"":1},{""price"":82552.69,""size"":0.09103085,""num_orders"":1},{""price"":82552.68,""size"":0.14523574,""num_orders"":1},{""price"":82551.31,""size"":1.31e-06,""num_orders"":1}]","[{""price"":82558.57,""size"":0.1129984,""num_orders"":4},{""price"":82558.58,""size"":0.03078731,""num_orders"":2},{""price"":82558.6,""size"":0.03,""num_orders"":1},{""price"":82559.58,""size"":0.00082131,""num_orders"":1},{""price"":82560.23,""size"":0.02422474,""num_orders"":2},{""price"":82560.63,""size"":0.00484506,""num_orders"":1},{""price"":82560.75,""size"":0.01779375,""num_orders"":1},{""price"":82562.77,""size"":0.14523574,""num_orders"":1},{""price"":82562.78,""size"":0.00605635,""num_orders"":1},{""price"":82562.89,""size"":0.00181597,""num_orders"":1}]"
btc_usd_d10_20261010T013638Z,59,2026-10-10T02:35:38.031749Z,2026-10-10T02:35:38.031886Z,BTC-USD,10,ok,,137507785400,2026-10-10T02:35:37.048578590Z,0.93548289,0.43934089,0.360876795425,82565.429999999993,82565.440000000002,82565.434999999998,0.010000000009,0.001211160579,"[{""price"":82565.43,""size"":0.46039701,""num_orders"":4},{""price"":82563.78,""size"":0.01446155,""num_orders"":1},{""price"":82563.77,""size"":0.0242237,""num_orders"":2},{""price"":82562.64,""size"":0.00566057,""num_orders"":1},{""price"":82561.67,""size"":0.00333141,""num_orders"":1},{""price"":82559.67,""size"":0.02,""num_orders"":1},{""price"":82559.66,""size"":0.15649482,""num_orders"":1},{""price"":82559.65,""size"":0.09689963,""num_orders"":1},{""price"":82559.62,""size"":0.14523574,""num_orders"":1},{""price"":82558.56,""size"":0.00877846,""num_orders"":1}]","[{""price"":82565.44,""size"":0.0134,""num_orders"":1},{""price"":82565.45,""size"":0.02174921,""num_orders"":4},{""price"":82566.54,""size"":0.00181602,""num_orders"":1},{""price"":82567.1,""size"":0.02422272,""num_orders"":2},{""price"":82567.69,""size"":0.00605599,""num_orders"":1},{""price"":82567.88,""size"":0.1121614,""num_orders"":1},{""price"":82568.85,""size"":0.09688884,""num_orders"":1},{""price"":82569.2,""size"":1.4e-05,""num_orders"":1},{""price"":82569.26,""size"":0.14523574,""num_orders"":1},{""price"":82569.45,""size"":0.01779697,""num_orders"":1}]"
btc_usd_d10_20261010T081918Z,0,2026-10-10T08:19:18.973419Z,2026-10-10T08:19:18.973449Z,BTC-USD,10,ok,,137513409159,2026-10-10T08:19:16.532234777Z,0.55841991,1.08126156,-0.318867816442,82770.929999999993,82770.940000000002,82770.934999999998,0.010000000009,0.001208153564,"[{""price"":82770.93,""size"":0.03813164,""num_orders"":4},{""price"":82770.92,""size"":0.08731713,""num_orders"":3},{""price"":82770.9,""size"":0.03,""num_orders"":1},{""price"":82770.6,""size"":0.2,""num_orders"":1},{""price"":82770.58,""size"":0.00012081,""num_orders"":1},{""price"":82770.57,""size"":0.00265619,""num_orders"":2},{""price"":82768.92,""size"":0.02416366,""num_orders"":2},{""price"":82768.51,""size"":0.00211304,""num_orders"":1},{""price"":82768.09,""size"":0.07501727,""num_orders"":1},{""price"":82765.14,""size"":0.09890017,""num_orders"":1}]","[{""price"":82770.94,""size"":0.42648126,""num_orders"":3},{""price"":82772.24,""size"":5.787e-05,""num_orders"":1},{""price"":82772.35,""size"":0.24023592,""num_orders"":1},{""price"":82772.36,""size"":0.09665062,""num_orders"":1},{""price"":82772.43,""size"":0.07265519,""num_orders"":1},{""price"":82772.45,""size"":0.18123933,""num_orders"":1},{""price"":82772.6,""size"":0.01208129,""num_orders"":1},{""price"":82774.7,""size"":0.05,""num_orders"":1},{""price"":82775.0,""size"":4.832e-05,""num_orders"":1},{""price"":82775.14,""size"":0.00181176,""num_orders"":1}]"
btc_usd_d10_20261010T081918Z,1,2026-10-10T08:20:18.973419Z,2026-10-10T08:20:18.973551Z,BTC-USD,10,ok,,137513422535,2026-10-10T08:20:17.710438883Z,0.62751252,0.41832636,0.200017578233,82770.570000000007,82770.580000000002,82770.575000000012,0.009999999995,0.001208158817,"[{""price"":82770.57,""size"":0.18928207,""num_orders"":3},{""price"":82770.56,""size"":0.03,""num_orders"":1},{""price"":82770.54,""size"":0.03,""num_orders"":1},{""price"":82768.91,""size"":0.02416366,""num_orders"":2},{""price"":82767.46,""size"":0.07265519,""num_orders"":1},{""price"":82765.31,""size"":0.09665885,""num_orders"":1},{""price"":82764.9,""size"":0.00872241,""num_orders"":1},{""price"":82764.87,""size"":0.04337515,""num_orders"":1},{""price"":82764.86,""size"":0.07265519,""num_orders"":1},{""price"":82762.37,""size"":0.06,""num_orders"":1}]","[{""price"":82770.58,""size"":0.00294536,""num_orders"":3},{""price"":82772.23,""size"":0.11964301,""num_orders"":2},{""price"":82772.24,""size"":0.0980084,""num_orders"":4},{""price"":82773.17,""size"":0.05,""num_orders"":1},{""price"":82774.35,""size"":0.01774819,""num_orders"":1},{""price"":82774.7,""size"":0.05,""num_orders"":1},{""price"":82775.0,""size"":4.832e-05,""num_orders"":1},{""price"":82775.83,""size"":0.00726389,""num_orders"":1},{""price"":82776.4,""size"":1.4e-05,""num_orders"":1},{""price"":82776.74,""size"":0.07265519,""num_orders"":1}]"
btc_usd_d10_20261010T081918Z,2,2026-10-10T08:21:18.973419Z,2026-10-10T08:21:18.973548Z,BTC-USD,10,ok,,137513434369,2026-10-10T08:21:16.189092786Z,0.77397634,0.2514527,0.509565869131,82770.570000000007,82770.580000000002,82770.575000000012,0.009999999995,0.001208158817,"[{""price"":82770.57,""size"":0.19976612,""num_orders"":3},{""price"":82770.56,""size"":0.03002842,""num_orders"":3},{""price"":82770.54,""size"":0.03,""num_orders"":1},{""price"":82768.91,""size"":0.02416366,""num_orders"":2},{""price"":82766.3,""size"":0.07265519,""num_orders"":1},{""price"":82764.86,""size"":0.09289581,""num_orders"":2},{""price"":82764.85,""size"":0.00941522,""num_orders"":1},{""price"":82762.94,""size"":0.06,""num_orders"":1},{""price"":82762.93,""size"":0.09666162,""num_orders"":1},{""price"":82762.53,""size"":0.1583903,""num_orders"":1}]","[{""price"":82770.58,""size"":0.11318827,""num_orders"":7},{""price"":82770.6,""size"":8.839e-05,""num_orders"":1},{""price"":82772.23,""size"":0.04004559,""num_orders"":1},{""price"":82772.24,""size"":0.01219709,""num_orders"":2},{""price"":82772.65,""size"":0.00483263,""num_orders"":1},{""price"":82773.42,""size"":0.01774773,""num_orders"":1},{""price"":82774.7,""size"":0.05,""num_orders"":1},{""price"":82775.0,""size"":4.832e-05,""num_orders"":1},{""price"":82775.45,""size"":0.00604079,""num_orders"":1},{""price"":82775.83,""size"":0.00726389,""num_orders"":1}]"
btc_usd_d10_20261010T081918Z,3,2026-10-10T08:22:18.973419Z,2026-10-10T08:22:18.973555Z,BTC-USD,10,ok,,137513452828,2026-10-10T08:22:16.813964915Z,0.54576157,2.7029553,-0.66401407581,82747.429999999993,82747.440000000002,82747.434999999998,0.010000000009,0.001208496675,"[{""price"":82747.43,""size"":0.20170628,""num_orders"":4},{""price"":82747.42,""size"":0.04836503,""num_orders"":2},{""price"":82745.77,""size"":0.02417042,""num_orders"":2},{""price"":82745.32,""size"":1.4e-05,""num_orders"":1},{""price"":82743.0,""size"":0.00042652,""num_orders"":1},{""price"":82740.34,""size"":0.07265519,""num_orders"":1},{""price"":82740.0,""size"":0.00478302,""num_orders"":1},{""price"":82737.85,""size"":0.11977757,""num_orders"":1},{""price"":82737.84,""size"":0.07265519,""num_orders"":1},{""price"":82736.01,""size"":0.00120835,""num_orders"":1}]","[{""price"":82747.44,""size"":0.50906258,""num_orders"":11},{""price"":82748.44,""size"":0.12863525,""num_orders"":2},{""price"":82748.45,""size"":0.09667855,""num_orders"":1},{""price"":82748.69,""size"":0.0509941,""num_orders"":1},{""price"":82749.1,""size"":0.02416944,""num_orders"":2},{""price"":82749.27,""size"":0.04,""num_orders"":1},{""price"":82749.51,""size"":0.00483398,""num_orders"":1},{""price"":82751.98,""size"":0.06,""num_orders"":1},{""price"":82751.99,""size"":1.0885814,""num_orders"":1},{""price"":82752.0,""size"":0.7,""num_orders"":1}]"
btc_usd_d10_20261010T081918Z,4,2026-10-10T08:23:18.973419Z,2026-10-10T08:23:18.973550Z,BTC-USD,10,ok,,137513466910,2026-10-10T08:23:18.162229205Z,0.40465061,1.9569066,-0.657301878365,82745.770000000004,82745.779999999999,82745.774999999994,0.009999999995,0.001208520918,"[{""price"":82745.77,""size"":0.16034564,""num_orders"":4},{""price"":82745.76,""size"":2.759e-05,""num_orders"":1},{""price"":82745.32,""size"":1.4e-05,""num_orders"":1},{""price"":82744.11,""size"":0.0241709,""num_orders"":2},{""price"":82743.61,""size"":0.00957256,""num_orders"":1},{""price"":82743.0,""size"":0.00042652,""num_orders"":1},{""price"":82740.43,""size"":0.07265519,""num_orders"":1},{""price"":82740.0,""size"":0.00478302,""num_orders"":1},{""price"":82737.92,""size"":0.07265519,""num_orders"":1},{""price"":82735.04,""size"":0.06,""num_orders"":1}]","[{""price"":82745.78,""size"":0.8058773,""num_orders"":11},{""price"":82747.43,""size"":0.227099,""num_orders"":3},{""price"":82747.44,""size"":0.16068255,""num_orders"":6},{""price"":82747.74,""size"":0.01775331,""num_orders"":1},{""price"":82747.85,""size"":0.00483408,""num_orders"":1},{""price"":82748.69,""size"":0.05099999,""num_orders"":1},{""price"":82749.25,""size"":0.07265519,""num_orders"":1},{""price"":82750.64,""size"":0.0060426,""num_orders"":1},{""price"":82750.99,""size"":0.60282496,""num_orders"":1},{""price"":82751.96,""size"":0.00813762,""num_orders"":1}]"
btc_usd_d10_20261010T081918Z,5,2026-10-10T08:24:18.973419Z,2026-10-10T08:24:18.973548Z,BTC-USD,10,ok,,137513487084,2026-10-10T08:24:16.530032030Z,0.58008537,1.30748643,-0.385363385912,82788.080000000002,82788.089999999997,82788.084999999992,0.009999999995,0.001207903286,"[{""price"":82788.08,""size"":0.26477228,""num_orders"":5},{""price"":82788.06,""size"":0.02999994,""num_orders"":1},{""price"":82787.37,""size"":0.00242856,""num_orders"":2},{""price"":82787.36,""size"":2.215e-05,""num_orders"":1},{""price"":82786.42,""size"":0.02415856,""num_orders"":2},{""price"":82785.85,""size"":0.048,""num_orders"":1},{""price"":82785.83,""size"":0.09117167,""num_orders"":3},{""price"":82784.37,""size"":0.00350191,""num_orders"":1},{""price"":82783.1,""size"":0.07265515,""num_orders"":1},{""price"":82779.57,""size"":0.04337515,""num_orders"":1}]","[{""price"":82788.09,""size"":0.10161737,""num_orders"":3},{""price"":82790.16,""size"":0.00483161,""num_orders"":1},{""price"":82791.78,""size"":0.07265519,""num_orders"":1},{""price"":82791.79,""size"":0.09774616,""num_orders"":1},{""price"":82792.95,""size"":0.06,""num_orders"":1},{""price"":82792.96,""size"":0.00603951,""num_orders"":1},{""price"":82792.99,""size"":0.77431336,""num_orders"":2},{""price"":82793.39,""size"":0.00813804,""num_orders"":1},{""price"":82793.4,""size"":0.10949,""num_orders"":1},{""price"":82794.39,""size"":0.07265519,""num_orders"":1}]"
btc_usd_d10_20261010T081918Z,6,2026-10-10T08:25:18.973419Z,2026-10-10T08:25:18.973549Z,BTC-USD,10,ok,,137513503470,2026-10-10T08:25:16.499814544Z,0.74233055,0.39989556,0.299796149818,82792.139999999999,82792.149999999994,82792.14499999999,0.009999999995,0.001207844053,"[{""price"":82792.14,""size"":0.30552412,""num_orders"":18},{""price"":82792.12,""size"":3.078e-05,""num_orders"":1},{""price"":82790.7,""size"":0.048,""num_orders"":1},{""price"":82790.63,""size"":0.0075,""num_orders"":1},{""price"":82790.48,""size"":0.02415736,""num_orders"":2},{""price"":82788.86,""size"":0.07265519,""num_orders"":1},{""price"":82788.08,""size"":0.00017381,""num_orders"":1},{""price"":82786.7,""size"":0.20982218,""num_orders"":2},{""price"":82786.37,""size"":0.07265519,""num_orders"":1},{""price"":82785.08,""size"":0.00181192,""num_orders"":1}]","[{""price"":82792.15,""size"":0.07549667,""num_orders"":5},{""price"":82792.16,""size"":7.63e-05,""num_orders"":1},{""price"":82792.3,""size"":6.073e-05,""num_orders"":1},{""price"":82793.07,""size"":0.09662645,""num_orders"":1},{""price"":82794.22,""size"":0.00483137,""num_orders"":1},{""price"":82796.22,""size"":0.10675082,""num_orders"":1},{""price"":82797.02,""size"":0.00603922,""num_orders"":1},{""price"":82797.12,""size"":1.4e-05,""num_orders"":1},{""price"":82797.26,""size"":0.05,""num_orders"":1},{""price"":82798.9,""size"":0.06,""num_orders"":1}]"
btc_usd_d10_20261010T081918Z,7,2026-10-10T08:26:18.973419Z,2026-10-10T08:26:18.973554Z,BTC-USD,10,ok,,137513516161,2026-10-10T08:26:17.327976432Z,1.20020226,0.27288605,0.629504832606,82792.149999999994,82792.160000000003,82792.154999999999,0.010000000009,0.001207843909,"[{""price"":82792.15,""size"":0.31944543,""num_orders"":14},{""price"":82792.14,""size"":0.21179302,""num_orders"":18},{""price"":82790.9,""size"":0.23400008,""num_orders"":1},{""price"":82790.7,""size"":0.048,""num_orders"":1},{""price"":82790.63,""size"":0.0075,""num_orders"":1},{""price"":82790.49,""size"":0.02415736,""num_orders"":2},{""price"":82788.86,""size"":0.07265519,""num_orders"":1},{""price"":82788.08,""size"":0.00017381,""num_orders"":1},{""price"":82786.7,""size"":0.20982218,""num_orders"":2},{""price"":82786.37,""size"":0.07265519,""num_orders"":1}]","[{""price"":82792.16,""size"":0.00462597,""num_orders"":3},{""price"":82792.3,""size"":6.073e-05,""num_orders"":1},{""price"":82794.22,""size"":0.00483137,""num_orders"":1},{""price"":82797.02,""size"":0.00603922,""num_orders"":1},{""price"":82797.12,""size"":1.4e-05,""num_orders"":1},{""price"":82797.25,""size"":0.10980449,""num_orders"":2},{""price"":82797.26,""size"":0.05,""num_orders"":1},{""price"":82797.3,""size"":0.0966215,""num_orders"":1},{""price"":82799.27,""size"":0.00010368,""num_orders"":1},{""price"":82799.66,""size"":0.00078509,""num_orders"":1}]"
btc_usd_d10_20261010T081918Z,8,2026-10-10T08:27:18.973419Z,2026-10-10T08:27:18.973547Z,BTC-USD,10,ok,,137513538659,2026-10-10T08:27:17.521909546Z,0.88876963,0.57102665,0.217662549462,82742.509999999995,82742.520000000004,82742.514999999999,0.010000000009,0.001208568534,"[{""price"":82742.51,""size"":0.19183032,""num_orders"":8},{""price"":82742.5,""size"":2.455e-05,""num_orders"":1},{""price"":82740.85,""size"":0.02417186,""num_orders"":2},{""price"":82740.72,""size"":0.07265519,""num_orders"":1},{""price"":82740.71,""size"":0.1196456,""num_orders"":1},{""price"":82740.7,""size"":0.2,""num_orders"":1},{""price"":82739.69,""size"":0.00032438,""num_orders"":3},{""price"":82739.68,""size"":8.701e-05,""num_orders"":1},{""price"":82736.74,""size"":0.07265519,""num_orders"":1},{""price"":82734.83,""size"":0.20737553,""num_orders"":1}]","[{""price"":82742.52,""size"":0.05365116,""num_orders"":6},{""price"":82742.54,""size"":0.032889,""num_orders"":2},{""price"":82744.58,""size"":0.00483435,""num_orders"":1},{""price"":82745.28,""size"":0.09668225,""num_orders"":1},{""price"":82745.36,""size"":0.07265519,""num_orders"":1},{""price"":82745.45,""size"":0.04,""num_orders"":1},{""price"":82747.26,""size"":0.14161657,""num_orders"":1},{""price"":82747.27,""size"":0.05,""num_orders"":1},{""price"":82747.37,""size"":0.00604294,""num_orders"":1},{""price"":82748.46,""size"":0.07265519,""num_orders"":1}]"
btc_usd_d10_20261010T081918Z,9,2026-10-10T08:28:18.973419Z,2026-10-10T08:28:18.973545Z,BTC-USD,10,ok,,137513550920,2026-10-10T08:28:18.032039596Z,1.31317049,0.37687564,0.554005499246,82742.509999999995,82742.520000000004,82742.514999999999,0.010000000009,0.001208568534,"[{""price"":82742.51,""size"":0.84012315,""num_orders"":18},{""price"":82742.5,""size"":3.389e-05,""num_orders"":1},{""price"":82740.87,""size"":0.0579792,""num_orders"":1},{""price"":82740.86,""size"":0.07265519,""num_orders"":1},{""price"":82740.85,""size"":0.02417186,""num_orders"":2},{""price"":82739.69,""size"":0.00020352,""num_orders"":2},{""price"":82739.68,""size"":8.701e-05,""num_orders"":1},{""price"":82736.8,""size"":0.07265519,""num_orders"":1},{""price"":82735.92,""size"":0.14856655,""num_orders"":1},{""price"":82734.42,""size"":0.09669493,""num_orders"":1}]","[{""price"":82742.52,""size"":0.05523297,""num_orders"":22},{""price"":82742.54,""size"":0.032889,""num_orders"":2},{""price"":82743.6,""size"":0.04,""num_orders"":1},{""price"":82744.43,""size"":0.09668325,""num_orders"":1},{""price"":82744.59,""size"":0.00483427,""num_orders"":1},{""price"":82746.98,""size"":0.01775256,""num_orders"":1},{""price"":82747.27,""size"":0.05,""num_orders"":1},{""price"":82747.38,""size"":0.00604284,""num_orders"":1},{""price"":82749.31,""size"":0.07265519,""num_orders"":1},{""price"":82750.33,""size"":0.00078556,""num_orders"":1}]"
btc_usd_d10_20261010T081918Z,10,2026-10-10T08:29:18.973419Z,2026-10-10T08:29:18.973552Z,BTC-USD,10,ok,,137513563646,2026-10-10T08:29:16.649598105Z,0.42660286,1.00903937,-0.405697532316,82750.490000000005,82750.5,82750.494999999995,0.009999999995,0.001208451985,"[{""price"":82750.49,""size"":0.02235962,""num_orders"":12},{""price"":82750.48,""size"":2.421e-05,""num_orders"":1},{""price"":82749.3,""size"":0.0039,""num_orders"":1},{""price"":82748.84,""size"":0.0144292,""num_orders"":1},{""price"":82748.83,""size"":0.02416952,""num_orders"":2},{""price"":82745.25,""size"":0.08708791,""num_orders"":1},{""price"":82745.24,""size"":0.07265519,""num_orders"":1},{""price"":82742.75,""size"":0.07265519,""num_orders"":1},{""price"":82742.51,""size"":0.00056552,""num_orders"":12},{""price"":82741.94,""size"":0.1287565,""num_orders"":2}]","[{""price"":82750.5,""size"":0.18193092,""num_orders"":10},{""price"":82750.52,""size"":0.0300858,""num_orders"":2},{""price"":82752.57,""size"":0.0048338,""num_orders"":1},{""price"":82752.87,""size"":0.04,""num_orders"":1},{""price"":82753.08,""size"":0.05,""num_orders"":1},{""price"":82753.13,""size"":0.00078549,""num_orders"":1},{""price"":82754.72,""size"":0.07265519,""num_orders"":1},{""price"":82755.36,""size"":0.00604225,""num_orders"":1},{""price"":82756.67,""size"":0.41184592,""num_orders"":1},{""price"":82756.68,""size"":0.21086,""num_orders"":2}]"
btc_usd_d10_20261010T081918Z,11,2026-10-10T08:30:18.973419Z,2026-10-10T08:30:18.973550Z,BTC-USD,10,ok,,137513577834,2026-10-10T08:30:17.647104801Z,0.47749719,0.26167254,0.291982532889,82749.089999999997,82749.100000000006,82749.095000000001,0.010000000009,0.001208472432,"[{""price"":82749.09,""size"":0.2058011,""num_orders"":6},{""price"":82749.08,""size"":2.021e-05,""num_orders"":1},{""price"":82748.5,""size"":4.35e-05,""num_orders"":1},{""price"":82747.45,""size"":0.05783046,""num_orders"":1},{""price"":82747.44,""size"":0.07265519,""num_orders"":1},{""price"":82747.43,""size"":0.02416994,""num_orders"":2},{""price"":82746.85,""size"":4.332e-05,""num_orders"":1},{""price"":82744.41,""size"":0.04371276,""num_orders"":1},{""price"":82744.4,""size"":0.07265519,""num_orders"":1},{""price"":82742.51,""size"":0.00056552,""num_orders"":12}]","[{""price"":82749.1,""size"":0.04262462,""num_orders"":3},{""price"":82749.38,""size"":0.04,""num_orders"":1},{""price"":82749.4,""size"":0.024,""num_orders"":1},{""price"":82750.02,""size"":0.01775206,""num_orders"":1},{""price"":82750.5,""size"":0.00548947,""num_orders"":3},{""price"":82750.52,""size"":8.58e-05,""num_orders"":1},{""price"":82750.73,""size"":0.02416898,""num_orders"":2},{""price"":82751.16,""size"":0.0048339,""num_orders"":1},{""price"":82751.29,""size"":0.09667523,""num_orders"":1},{""price"":82752.74,""size"":0.00604248,""num_orders"":1}]"
btc_usd_d10_20261010T081918Z,12,2026-10-10T08:31:18.973419Z,2026-10-10T08:31:18.973547Z,BTC-USD,10,ok,,137513592485,2026-10-10T08:31:18.057854070Z,0.40891294,0.74684323,-0.292388912793,82748.5,82748.509999999995,82748.505000000005,0.009999999995,0.001208481047,"[{""price"":82748.5,""size"":0.00586728,""num_orders"":12},{""price"":82748.48,""size"":2.241e-05,""num_orders"":1},{""price"":82746.85,""size"":4.332e-05,""num_orders"":1},{""price"":82746.84,""size"":0.0241701,""num_orders"":2},{""price"":82744.51,""size"":0.07265519,""num_orders"":1},{""price"":82742.51,""size"":0.00056552,""num_orders"":12},{""price"":82741.92,""size"":0.13443385,""num_orders"":2},{""price"":82741.91,""size"":0.07265519,""num_orders"":1},{""price"":82741.05,""size"":0.09668719,""num_orders"":1},{""price"":82740.75,""size"":0.00181289,""num_orders"":1}]","[{""price"":82748.51,""size"":0.33829483,""num_orders"":10},{""price"":82748.52,""size"":9.723e-05,""num_orders"":1},{""price"":82748.7,""size"":0.024,""num_orders"":1},{""price"":82748.98,""size"":0.01775221,""num_orders"":1},{""price"":82749.38,""size"":0.04,""num_orders"":1},{""price"":82749.78,""size"":0.14973728,""num_orders"":2},{""price"":82750.17,""size"":0.02416914,""num_orders"":2},{""price"":82750.5,""size"":0.05128307,""num_orders"":2},{""price"":82750.58,""size"":0.00483392,""num_orders"":1},{""price"":82751.01,""size"":0.09667555,""num_orders"":1}]"
btc_usd_d10_20261010T081918Z,13,2026-10-10T08:32:18.973419Z,2026-10-10T08:32:18.973552Z,BTC-USD,10,ok,,137513609445,2026-10-10T08:32:17.582582784Z,1.10068041,0.57190302,0.316144104094,82738.449999999997,82738.460000000006,82738.455000000002,0.010000000009,0.001208627839,"[{""price"":82738.45,""size"":0.39592124,""num_orders"":5},{""price"":82737.58,""size"":0.11562299,""num_orders"":1},{""price"":82737.57,""size"":0.09669126,""num_orders"":1},{""price"":82736.79,""size"":0.02417304,""num_orders"":2},{""price"":82735.72,""size"":0.07280905,""num_orders"":2},{""price"":82733.19,""size"":0.17421753,""num_orders"":2},{""price"":82733.13,""size"":0.00181305,""num_orders"":1},{""price"":82732.42,""size"":0.07265519,""num_orders"":1},{""price"":82729.93,""size"":0.00799262,""num_orders"":1},{""price"":82729.92,""size"":0.13878444,""num_orders"":1}]","[{""price"":82738.46,""size"":0.04656806,""num_orders"":2},{""price"":82738.47,""size"":0.04842783,""num_orders"":2},{""price"":82738.98,""size"":0.04,""num_orders"":1},{""price"":82739.71,""size"":0.04500059,""num_orders"":1},{""price"":82740.12,""size"":0.02417208,""num_orders"":2},{""price"":82741.88,""size"":0.024,""num_orders"":1},{""price"":82745.77,""size"":0.01775245,""num_orders"":1},{""price"":82746.62,""size"":0.1566473,""num_orders"":1},{""price"":82747.61,""size"":0.07265519,""num_orders"":1},{""price"":82747.62,""size"":0.09667952,""num_orders"":1}]"
btc_usd_d10_20261010T081918Z,14,2026-10-10T08:33:18.973419Z,2026-10-10T08:33:18.973578Z,BTC-USD,10,ok,,137513624972,2026-10-10T08:33:18.899741168Z,0.45988491,0.51511158,-0.056642942376,82748.5,82748.509999999995,82748.505000000005,0.009999999995,0.001208481047,"[{""price"":82748.5,""size"":0.01170434,""num_orders"":3},{""price"":82748.48,""size"":3.289e-05,""num_orders"":1},{""price"":82746.84,""size"":0.0241701,""num_orders"":2},{""price"":82745.94,""size"":0.02234956,""num_orders"":1},{""price"":82743.96,""size"":0.07265519,""num_orders"":1},{""price"":82742.77,""size"":0.09668517,""num_orders"":1},{""price"":82741.48,""size"":0.08683515,""num_orders"":1},{""price"":82741.47,""size"":0.07265519,""num_orders"":1},{""price"":82738.48,""size"":0.07265519,""num_orders"":1},{""price"":82738.45,""size"":0.00014213,""num_orders"":1}]","[{""price"":82748.51,""size"":0.05904787,""num_orders"":7},{""price"":82749.67,""size"":0.16125761,""num_orders"":1},{""price"":82749.97,""size"":0.05,""num_orders"":1},{""price"":82750.5,""size"":0.00128307,""num_orders"":1},{""price"":82750.58,""size"":0.00483392,""num_orders"":1},{""price"":82751.42,""size"":0.00331841,""num_orders"":1},{""price"":82753.1,""size"":0.07265519,""num_orders"":1},{""price"":82753.11,""size"":0.09667311,""num_orders"":1},{""price"":82753.37,""size"":0.0060424,""num_orders"":1},{""price"":82754.93,""size"":0.06,""num_orders"":1}]"
btc_usd_d10_20261010T081918Z,15,2026-10-10T08:34:18.973419Z,2026-10-10T08:34:18.973516Z,BTC-USD,10,ok,,137513637199,2026-10-10T08:34:17.691850408Z,0.59670729,0.49608437,0.092078777395,82748.509999999995,82749.160000000003,82748.834999999992,0.650000000009,0.078550954827,"[{""price"":82748.51,""size"":0.01593686,""num_orders"":2},{""price"":82748.5,""size"":1.209e-05,""num_orders"":1},{""price"":82748.48,""size"":3.095e-05,""num_orders"":1},{""price"":82746.85,""size"":0.09682529,""num_orders"":3},{""price"":82745.94,""size"":0.02234956,""num_orders"":1},{""price"":82743.96,""size"":0.07265519,""num_orders"":1},{""price"":82743.19,""size"":0.09668468,""num_orders"":1},{""price"":82741.48,""size"":0.15955748,""num_orders"":1},{""price"":82741.47,""size"":0.07265519,""num_orders"":1},{""price"":82738.49,""size"":0.06,""num_orders"":1}]","[{""price"":82749.16,""size"":0.03363322,""num_orders"":4},{""price"":82749.17,""size"":0.04982053,""num_orders"":1},{""price"":82749.18,""size"":0.01775263,""num_orders"":1},{""price"":82749.97,""size"":0.05,""num_orders"":1},{""price"":82750.5,""size"":0.00128307,""num_orders"":1},{""price"":82750.77,""size"":0.00353949,""num_orders"":1},{""price"":82751.73,""size"":0.00483389,""num_orders"":1},{""price"":82753.37,""size"":0.0060424,""num_orders"":1},{""price"":82754.76,""size"":0.06,""num_orders"":1},{""price"":82754.77,""size"":0.26917914,""num_orders"":1}]"
btc_usd_d10_20261010T081918Z,16,2026-10-10T08:35:18.973419Z,2026-10-10T08:35:18.973571Z,BTC-USD,10,ok,,137513651687,2026-10-10T08:35:17.784652613Z,0.75542045,0.24807525,0.505577851504,82741.899999999994,82743.520000000004,82742.709999999992,1.62000000001,0.195787640991,"[{""price"":82741.9,""size"":0.06178483,""num_orders"":2},{""price"":82740.41,""size"":0.09668794,""num_orders"":1},{""price"":82740.24,""size"":0.02417204,""num_orders"":2},{""price"":82739.25,""size"":0.07265519,""num_orders"":1},{""price"":82738.45,""size"":0.00014213,""num_orders"":1},{""price"":82738.04,""size"":0.00181295,""num_orders"":1},{""price"":82737.67,""size"":0.18622713,""num_orders"":1},{""price"":82737.66,""size"":0.1762,""num_orders"":1},{""price"":82736.15,""size"":0.07265519,""num_orders"":1},{""price"":82734.59,""size"":0.06308305,""num_orders"":1}]","[{""price"":82743.52,""size"":0.00483426,""num_orders"":1},{""price"":82744.25,""size"":0.0046,""num_orders"":1},{""price"":82744.28,""size"":0.07522791,""num_orders"":1},{""price"":82744.54,""size"":0.00322425,""num_orders"":1},{""price"":82744.56,""size"":0.024,""num_orders"":1},{""price"":82745.88,""size"":0.00483425,""num_orders"":1},{""price"":82745.95,""size"":0.07482326,""num_orders"":5},{""price"":82746.13,""size"":0.01775257,""num_orders"":1},{""price"":82747.6,""size"":0.03273594,""num_orders"":1},{""price"":82748.67,""size"":0.00604281,""num_orders"":1}]"
btc_usd_d10_20261010T081918Z,17,2026-10-10T08:36:18.973419Z,2026-10-10T08:36:18.973572Z,BTC-USD,10,ok,,137513664791,2026-10-10T08:36:17.194849687Z,1.01550203,0.70088992,0.183298523394,82740.899999999994,82740.910000000003,82740.904999999999,0.010000000009,0.001208592051,"[{""price"":82740.9,""size"":0.55715547,""num_orders"":8},{""price"":82740.89,""size"":2.582e-05,""num_orders"":1},{""price"":82740.08,""size"":0.10915743,""num_orders"":2},{""price"":82739.24,""size"":0.02417232,""num_orders"":2},{""price"":82738.95,""size"":0.07265495,""num_orders"":1},{""price"":82738.6,""size"":0.09669004,""num_orders"":1},{""price"":82738.45,""size"":0.00014213,""num_orders"":1},{""price"":82738.04,""size"":0.00181295,""num_orders"":1},{""price"":82736.2,""size"":0.08103573,""num_orders"":1},{""price"":82736.15,""size"":0.07265519,""num_orders"":1}]","[{""price"":82740.91,""size"":0.27492341,""num_orders"":11},{""price"":82742.57,""size"":0.02417136,""num_orders"":2},{""price"":82743.31,""size"":0.00483441,""num_orders"":1},{""price"":82743.78,""size"":0.024,""num_orders"":1},{""price"":82746.74,""size"":0.00604299,""num_orders"":1},{""price"":82747.58,""size"":0.15258729,""num_orders"":1},{""price"":82748.3,""size"":0.07265519,""num_orders"":1},{""price"":82748.52,""size"":0.10813,""num_orders"":1},{""price"":82748.54,""size"":0.03023098,""num_orders"":1},{""price"":82748.93,""size"":0.00331429,""num_orders"":1}]"
btc_usd_d10_20261010T081918Z,18,2026-10-10T08:37:18.973419Z,2026-10-10T08:37:18.973550Z,BTC-USD,10,ok,,137513679119,2026-10-10T08:37:16.562514250Z,0.84819131,0.41093846,0.347265913664,82749.960000000006,82749.970000000001,82749.964999999997,0.009999999995,0.001208459725,"[{""price"":82749.96,""size"":0.00768583,""num_orders"":4},{""price"":82749.95,""size"":3.448e-05,""num_orders"":1},{""price"":82748.3,""size"":0.02416968,""num_orders"":2},{""price"":82745.7,""size"":0.09554984,""num_orders"":2},{""price"":82745.69,""size"":0.07265519,""num_orders"":1},{""price"":82744.1,""size"":0.09668361,""num_orders"":1},{""price"":82741.72,""size"":0.06,""num_orders"":1},{""price"":82741.71,""size"":0.24255749,""num_orders"":1},{""price"":82741.7,""size"":0.07265519,""num_orders"":1},{""price"":82741.68,""size"":0.1762,""num_orders"":1}]","[{""price"":82749.97,""size"":0.15012657,""num_orders"":6},{""price"":82750.0,""size"":0.004,""num_orders"":1},{""price"":82750.28,""size"":0.024,""num_orders"":1},{""price"":82750.5,""size"":0.00128307,""num_orders"":1},{""price"":82751.62,""size"":0.08205814,""num_orders"":2},{""price"":82751.63,""size"":0.0241687,""num_orders"":2},{""price"":82752.04,""size"":0.00483383,""num_orders"":1},{""price"":82753.15,""size"":0.09667306,""num_orders"":1},{""price"":82753.74,""size"":0.0177528,""num_orders"":1},{""price"":82754.83,""size"":0.00604229,""num_orders"":1}]"
btc_usd_d10_20261010T081918Z,19,2026-10-10T08:38:18.973419Z,2026-10-10T08:38:18.973552Z,BTC-USD,10,ok,,137513691851,2026-10-10T08:38:17.047051730Z,0.78634634,0.54905227,0.177695310017,82749.960000000006,82749.970000000001,82749.964999999997,0.009999999995,0.001208459725,"[{""price"":82749.96,""size"":0.03004501,""num_orders"":5},{""price"":82749.95,""size"":2.121e-05,""num_orders"":1},{""price"":82748.3,""size"":0.02416968,""num_orders"":2},{""price"":82746.72,""size"":0.07265519,""num_orders"":1},{""price"":82744.26,""size"":0.04337515,""num_orders"":1},{""price"":82744.21,""size"":0.07265519,""num_orders"":1},{""price"":82741.83,""size"":0.06,""num_orders"":1},{""price"":82741.82,""size"":0.09668629,""num_orders"":1},{""price"":82741.73,""size"":0.31408343,""num_orders"":2},{""price"":82741.72,""size"":0.07265519,""num_orders"":1}]","[{""price"":82749.97,""size"":0.25853424,""num_orders"":6},{""price"":82749.99,""size"":8.426e-05,""num_orders"":1},{""price"":82750.0,""size"":0.004,""num_orders"":1},{""price"":82750.18,""size"":0.10172177,""num_orders"":2},{""price"":82750.5,""size"":0.00128307,""num_orders"":1},{""price"":82751.63,""size"":0.0241687,""num_orders"":2},{""price"":82751.87,""size"":0.09667455,""num_orders"":1},{""price"":82752.04,""size"":0.00483383,""num_orders"":1},{""price"":82752.09,""size"":0.04,""num_orders"":1},{""price"":82753.46,""size"":0.01775185,""num_orders"":1}]"
btc_usd_d10_20261010T081918Z,20,2026-10-10T08:39:18.973419Z,2026-10-10T08:39:18.973547Z,BTC-USD,10,ok,,137513706468,2026-10-10T08:39:17.395858800Z,0.94220805,0.27125438,0.552924963651,82760.490000000005,82760.5,82760.494999999995,0.009999999995,0.001208305967,"[{""price"":82760.49,""size"":0.06742559,""num_orders"":6},{""price"":82759.52,""size"":0.07265519,""num_orders"":1},{""price"":82758.83,""size"":0.0241666,""num_orders"":2},{""price"":82757.03,""size"":0.07265519,""num_orders"":1},{""price"":82754.82,""size"":0.06,""num_orders"":1},{""price"":82754.81,""size"":0.04766207,""num_orders"":1},{""price"":82754.54,""size"":0.07265519,""num_orders"":1},{""price"":82754.35,""size"":0.25211477,""num_orders"":1},{""price"":82752.81,""size"":0.09667345,""num_orders"":1},{""price"":82752.21,""size"":0.1762,""num_orders"":1}]","[{""price"":82760.5,""size"":0.00597176,""num_orders"":2},{""price"":82761.18,""size"":0.024,""num_orders"":1},{""price"":82762.16,""size"":0.02416564,""num_orders"":2},{""price"":82762.57,""size"":0.00483322,""num_orders"":1},{""price"":82763.32,""size"":0.07935717,""num_orders"":1},{""price"":82763.33,""size"":0.09666117,""num_orders"":1},{""price"":82765.37,""size"":0.00604152,""num_orders"":1},{""price"":82766.04,""size"":1.4e-05,""num_orders"":1},{""price"":82766.16,""size"":0.01245816,""num_orders"":1},{""price"":82766.26,""size"":0.01775174,""num_orders"":1}]"
btc_usd_d10_20261010T081918Z,21,2026-10-10T08:40:18.973419Z,2026-10-10T08:40:18.973563Z,BTC-USD,10,ok,,137513720390,2026-10-10T08:40:17.248014915Z,0.40594194,0.41577981,-0.011972264334,82749.639999999999,82749.649999999994,82749.64499999999,0.009999999995,0.001208464398,"[{""price"":82749.64,""size"":0.00416468,""num_orders"":3},{""price"":82749.62,""size"":2.526e-05,""num_orders"":1},{""price"":82748.43,""size"":0.00181272,""num_orders"":1},{""price"":82747.98,""size"":0.02416978,""num_orders"":2},{""price"":82745.99,""size"":0.09668142,""num_orders"":1},{""price"":82745.9,""size"":0.07265519,""num_orders"":1},{""price"":82743.52,""size"":0.04337515,""num_orders"":1},{""price"":82743.13,""size"":0.07265519,""num_orders"":1},{""price"":82742.43,""size"":0.03040255,""num_orders"":1},{""price"":82741.61,""size"":0.06,""num_orders"":1}]","[{""price"":82749.65,""size"":0.09114751,""num_orders"":4},{""price"":82750.01,""size"":0.024,""num_orders"":1},{""price"":82750.19,""size"":0.03277226,""num_orders"":1},{""price"":82751.31,""size"":0.0241688,""num_orders"":2},{""price"":82751.63,""size"":0.0046,""num_orders"":1},{""price"":82751.74,""size"":0.00483388,""num_orders"":1},{""price"":82753.33,""size"":0.00354308,""num_orders"":1},{""price"":82754.43,""size"":0.01774914,""num_orders"":1},{""price"":82755.41,""size"":0.0060423,""num_orders"":1},{""price"":82755.68,""size"":0.20692284,""num_orders"":1}]"
btc_usd_d10_20261010T081918Z,22,2026-10-10T08:41:18.973419Z,2026-10-10T08:41:18.973561Z,BTC-USD,10,ok,,137513738102,2026-10-10T08:41:17.990818313Z,1.03648664,0.35575432,0.488947200634,82730.5,82730.509999999995,82730.505000000005,0.009999999995,0.001208743981,"[{""price"":82730.5,""size"":0.16268872,""num_orders"":3},{""price"":82728.85,""size"":0.10838603,""num_orders"":1},{""price"":82728.84,""size"":0.02417536,""num_orders"":2},{""price"":82725.79,""size"":0.06,""num_orders"":1},{""price"":82725.78,""size"":0.09670503,""num_orders"":1},{""price"":82725.69,""size"":0.07265519,""num_orders"":1},{""price"":82722.83,""size"":0.06,""num_orders"":1},{""price"":82722.82,""size"":0.20302112,""num_orders"":3},{""price"":82722.81,""size"":0.07265519,""num_orders"":1},{""price"":82722.22,""size"":0.1762,""num_orders"":1}]","[{""price"":82730.51,""size"":0.00483514,""num_orders"":1},{""price"":82730.52,""size"":0.03,""num_orders"":1},{""price"":82730.54,""size"":0.03,""num_orders"":1},{""price"":82730.76,""size"":0.04033969,""num_orders"":1},{""price"":82732.17,""size"":0.0481744,""num_orders"":3},{""price"":82733.3,""size"":0.00604393,""num_orders"":1},{""price"":82734.68,""size"":0.0177513,""num_orders"":1},{""price"":82734.73,""size"":0.00115745,""num_orders"":1},{""price"":82734.96,""size"":0.10479722,""num_orders"":2},{""price"":82735.99,""size"":0.07265519,""num_orders"":1}]"
btc_usd_d10_20261010T081918Z,23,2026-10-10T08:42:18.973419Z,2026-10-10T08:42:18.973584Z,BTC-USD,10,ok,,137513755968,2026-10-10T08:42:17.548179994Z,0.92748223,0.29992168,0.51129098163,82717.169999999998,82717.179999999993,82717.174999999988,0.009999999995,0.001208938772,"[{""price"":82717.17,""size"":0.185988,""num_orders"":3},{""price"":82716.35,""size"":0.05777802,""num_orders"":1},{""price"":82716.34,""size"":0.09671607,""num_orders"":1},{""price"":82715.51,""size"":0.02417926,""num_orders"":2},{""price"":82714.02,""size"":1.2e-07,""num_orders"":1},{""price"":82713.05,""size"":0.06,""num_orders"":1},{""price"":82713.04,""size"":0.13265519,""num_orders"":2},{""price"":82713.03,""size"":0.30311894,""num_orders"":2},{""price"":82712.74,""size"":0.0018135,""num_orders"":1},{""price"":82711.71,""size"":0.06523313,""num_orders"":1}]","[{""price"":82717.18,""size"":0.03919144,""num_orders"":3},{""price"":82717.2,""size"":0.02999942,""num_orders"":2},{""price"":82718.03,""size"":0.04000002,""num_orders"":1},{""price"":82718.04,""size"":0.08221956,""num_orders"":2},{""price"":82718.85,""size"":0.02417828,""num_orders"":2},{""price"":82719.57,""size"":0.00483573,""num_orders"":1},{""price"":82720.26,""size"":0.024,""num_orders"":1},{""price"":82722.69,""size"":0.00037279,""num_orders"":1},{""price"":82722.88,""size"":0.04907981,""num_orders"":1},{""price"":82722.89,""size"":0.00604463,""num_orders"":1}]"
btc_usd_d10_20261010T081918Z,24,2026-10-10T08:43:18.973419Z,2026-10-10T08:43:18.973552Z,BTC-USD,10,ok,,137513774197,2026-10-10T08:43:18.532108861Z,0.48741478,0.48067537,0.006961552083,82742.679999999993,82742.690000000002,82742.684999999998,0.010000000009,0.001208566051,"[{""price"":82742.68,""size"":0.05947517,""num_orders"":6},{""price"":82742.67,""size"":0.04834264,""num_orders"":1},{""price"":82742.66,""size"":0.03,""num_orders"":1},{""price"":82741.25,""size"":0.05839938,""num_orders"":1},{""price"":82741.02,""size"":0.0241718,""num_orders"":2},{""price"":82739.82,""size"":0.00017413,""num_orders"":4},{""price"":82739.81,""size"":2.261e-05,""num_orders"":1},{""price"":82739.71,""size"":0.00078556,""num_orders"":1},{""price"":82738.18,""size"":0.07265519,""num_orders"":1},{""price"":82737.74,""size"":0.1933883,""num_orders"":2}]","[{""price"":82742.69,""size"":0.06782235,""num_orders"":3},{""price"":82743.03,""size"":0.024,""num_orders"":1},{""price"":82744.35,""size"":0.02417084,""num_orders"":2},{""price"":82744.76,""size"":0.00483426,""num_orders"":1},{""price"":82745.32,""size"":1.4e-05,""num_orders"":1},{""price"":82745.7,""size"":0.04337515,""num_orders"":1},{""price"":82745.71,""size"":0.07265519,""num_orders"":1},{""price"":82746.64,""size"":0.00525314,""num_orders"":1},{""price"":82746.65,""size"":0.18855044,""num_orders"":1},{""price"":82746.67,""size"":0.05,""num_orders"":1}]"
btc_usd_d10_20261010T081918Z,25,2026-10-10T08:44:18.973419Z,2026-10-10T08:44:18.973554Z,BTC-USD,10,ok,,137513793829,2026-10-10T08:44:16.687974912Z,0.78436808,0.29569088,0.452454188242,82714.789999999994,82715.839999999997,82715.315000000002,1.050000000003,0.126941425539,"[{""price"":82714.79,""size"":0.07275001,""num_orders"":2},{""price"":82713.13,""size"":0.02417996,""num_orders"":2},{""price"":82712.83,""size"":0.10111808,""num_orders"":1},{""price"":82711.82,""size"":0.07265519,""num_orders"":1},{""price"":82711.41,""size"":0.09672183,""num_orders"":1},{""price"":82706.53,""size"":0.06,""num_orders"":1},{""price"":82706.52,""size"":0.10627416,""num_orders"":1},{""price"":82706.51,""size"":0.1762,""num_orders"":1},{""price"":82705.62,""size"":0.00181366,""num_orders"":1},{""price"":82704.72,""size"":0.07265519,""num_orders"":1}]","[{""price"":82715.84,""size"":0.0346,""num_orders"":2},{""price"":82715.93,""size"":0.017215,""num_orders"":1},{""price"":82716.03,""size"":0.00483585,""num_orders"":1},{""price"":82716.41,""size"":0.024,""num_orders"":1},{""price"":82718.1,""size"":0.00483585,""num_orders"":1},{""price"":82718.2,""size"":0.07375098,""num_orders"":1},{""price"":82718.21,""size"":0.04,""num_orders"":1},{""price"":82719.94,""size"":0.01775299,""num_orders"":1},{""price"":82720.73,""size"":0.00604502,""num_orders"":1},{""price"":82720.81,""size"":0.07265519,""num_orders"":1}]"
btc_usd_d10_20261010T081918Z,26,2026-10-10T08:45:18.973419Z,2026-10-10T08:45:18.973593Z,BTC-USD,10,ok,,137513812601,2026-10-10T08:45:18.175690195Z,0.58540388,0.76009176,-0.129831621008,82725.660000000003,82725.669999999998,82725.665000000008,0.009999999995,0.0012088147,"[{""price"":82725.66,""size"":0.00578322,""num_orders"":8},{""price"":82725.65,""size"":2.383e-05,""num_orders"":1},{""price"":82724.0,""size"":0.02417678,""num_orders"":2},{""price"":82720.58,""size"":0.06,""num_orders"":1},{""price"":82720.57,""size"":0.13339694,""num_orders"":2},{""price"":82720.56,""size"":0.07265519,""num_orders"":1},{""price"":82719.19,""size"":0.09671273,""num_orders"":1},{""price"":82718.06,""size"":0.06,""num_orders"":1},{""price"":82718.05,""size"":0.07265519,""num_orders"":1},{""price"":82716.9,""size"":0.06,""num_orders"":1}]","[{""price"":82725.67,""size"":0.04719604,""num_orders"":5},{""price"":82727.3,""size"":0.11673302,""num_orders"":2},{""price"":82727.33,""size"":0.0241758,""num_orders"":2},{""price"":82727.74,""size"":0.00483525,""num_orders"":1},{""price"":82727.9,""size"":0.01443354,""num_orders"":1},{""price"":82728.92,""size"":0.09670137,""num_orders"":1},{""price"":82729.04,""size"":0.01775854,""num_orders"":1},{""price"":82729.08,""size"":0.05,""num_orders"":1},{""price"":82730.53,""size"":0.00604407,""num_orders"":1},{""price"":82731.12,""size"":0.38221413,""num_orders"":3}]"
btc_usd_d10_20261010T081918Z,27,2026-10-10T08:46:18.973419Z,2026-10-10T08:46:18.973592Z,BTC-USD,10,ok,,137513835674,2026-10-10T08:46:16.822958269Z,0.76115315,0.88842272,-0.077152904765,82704.169999999998,82704.179999999993,82704.174999999988,0.009999999995,0.001209128801,"[{""price"":82704.17,""size"":0.04000773,""num_orders"":2},{""price"":82702.74,""size"":0.07218628,""num_orders"":1},{""price"":82702.73,""size"":0.09673199,""num_orders"":1},{""price"":82702.51,""size"":0.02418306,""num_orders"":2},{""price"":82696.4,""size"":0.06,""num_orders"":1},{""price"":82696.39,""size"":0.07265519,""num_orders"":1},{""price"":82695.91,""size"":0.06,""num_orders"":1},{""price"":82695.9,""size"":0.1591768,""num_orders"":1},{""price"":82695.89,""size"":0.1762,""num_orders"":1},{""price"":82695.2,""size"":1.21e-05,""num_orders"":1}]","[{""price"":82704.18,""size"":0.07139821,""num_orders"":6},{""price"":82704.2,""size"":0.03,""num_orders"":1},{""price"":82704.76,""size"":0.12947078,""num_orders"":1},{""price"":82704.77,""size"":0.07265519,""num_orders"":1},{""price"":82705.84,""size"":0.02418208,""num_orders"":2},{""price"":82707.45,""size"":0.07265519,""num_orders"":1},{""price"":82708.81,""size"":0.00573951,""num_orders"":1},{""price"":82708.82,""size"":0.09673199,""num_orders"":1},{""price"":82709.07,""size"":0.01776052,""num_orders"":1},{""price"":82709.94,""size"":0.36782925,""num_orders"":1}]"
btc_usd_d10_20261010T081918Z,28,2026-10-10T08:47:18.973419Z,2026-10-10T08:47:18.973566Z,BTC-USD,10,ok,,137513850399,2026-10-10T08:47:18.188391781Z,0.73943304,0.46551605,0.227326608463,82704.050000000003,82704.059999999998,82704.054999999993,0.009999999995,0.001209130555,"[{""price"":82704.05,""size"":0.25329857,""num_orders"":7},{""price"":82704.04,""size"":3.549e-05,""num_orders"":1},{""price"":82702.4,""size"":0.06496804,""num_orders"":1},{""price"":82702.39,""size"":0.0241831,""num_orders"":2},{""price"":82702.17,""size"":0.09673263,""num_orders"":1},{""price"":82699.09,""size"":0.08979867,""num_orders"":1},{""price"":82699.08,""size"":0.07265519,""num_orders"":1},{""price"":82697.4,""size"":0.06,""num_orders"":1},{""price"":82697.39,""size"":0.01776135,""num_orders"":1},{""price"":82696.5,""size"":0.06,""num_orders"":1}]","[{""price"":82704.06,""size"":0.03484816,""num_orders"":10},{""price"":82704.08,""size"":0.03,""num_orders"":1},{""price"":82704.18,""size"":0.00484871,""num_orders"":3},{""price"":82704.19,""size"":8.105e-05,""num_orders"":1},{""price"":82705.72,""size"":0.02418212,""num_orders"":2},{""price"":82705.81,""size"":0.024,""num_orders"":1},{""price"":82706.25,""size"":0.00483651,""num_orders"":1},{""price"":82709.04,""size"":0.00604564,""num_orders"":1},{""price"":82709.93,""size"":0.07265519,""num_orders"":1},{""price"":82709.94,""size"":0.26401867,""num_orders"":1}]"
btc_usd_d10_20261010T081918Z,29,2026-10-10T08:48:18.973419Z,2026-10-10T08:48:18.973604Z,BTC-USD,10,ok,,137513865159,2026-10-10T08:48:16.799907221Z,0.53508292,0.53760689,-0.002352935561,82715.449999999997,82715.460000000006,82715.455000000002,0.010000000009,0.001208963912,"[{""price"":82715.45,""size"":0.03728076,""num_orders"":6},{""price"":82715.44,""size"":3.4e-05,""num_orders"":1},{""price"":82714.17,""size"":4.364e-05,""num_orders"":1},{""price"":82713.8,""size"":0.01443532,""num_orders"":1},{""price"":82713.79,""size"":0.02417976,""num_orders"":2},{""price"":82712.14,""size"":0.10188855,""num_orders"":2},{""price"":82711.43,""size"":0.00013056,""num_orders"":3},{""price"":82710.72,""size"":0.09672264,""num_orders"":1},{""price"":82710.55,""size"":0.07265519,""num_orders"":1},{""price"":82707.35,""size"":0.1877125,""num_orders"":1}]","[{""price"":82715.46,""size"":0.02255349,""num_orders"":3},{""price"":82715.47,""size"":0.00040656,""num_orders"":3},{""price"":82715.62,""size"":0.18972211,""num_orders"":2},{""price"":82715.63,""size"":0.07265519,""num_orders"":1},{""price"":82717.29,""size"":0.02417874,""num_orders"":2},{""price"":82717.69,""size"":0.00483591,""num_orders"":1},{""price"":82717.98,""size"":0.05,""num_orders"":1},{""price"":82719.47,""size"":0.07265519,""num_orders"":1},{""price"":82720.35,""size"":0.00388832,""num_orders"":1},{""price"":82720.36,""size"":0.09671138,""num_orders"":1}]"
btc_usd_d10_20261010T081918Z,30,2026-10-10T08:49:18.973419Z,2026-10-10T08:49:18.973589Z,BTC-USD,10,ok,,137513881827,2026-10-10T08:49:17.818251903Z,0.18054122,0.89970746,-0.665741373551,82724.25,82724.259999999995,82724.255000000005,0.009999999995,0.001208835304,"[{""price"":82724.25,""size"":0.0376248,""num_orders"":4},{""price"":82724.23,""size"":3.31e-05,""num_orders"":1},{""price"":82723.13,""size"":4.351e-05,""num_orders"":1},{""price"":82722.59,""size"":0.0241772,""num_orders"":2},{""price"":82722.19,""size"":0.00129837,""num_orders"":1},{""price"":82720.39,""size"":0.00078574,""num_orders"":1},{""price"":82719.33,""size"":0.00039155,""num_orders"":9},{""price"":82717.73,""size"":0.07265519,""num_orders"":1},{""price"":82715.45,""size"":0.00013056,""num_orders"":3},{""price"":82715.29,""size"":0.0434012,""num_orders"":1}]","[{""price"":82724.26,""size"":0.40583854,""num_orders"":12},{""price"":82724.49,""size"":0.01775912,""num_orders"":1},{""price"":82724.91,""size"":0.20592937,""num_orders"":1},{""price"":82724.92,""size"":0.07265519,""num_orders"":1},{""price"":82724.93,""size"":0.09670604,""num_orders"":1},{""price"":82725.92,""size"":0.02417622,""num_orders"":2},{""price"":82727.45,""size"":0.07265519,""num_orders"":1},{""price"":82728.98,""size"":0.00215721,""num_orders"":1},{""price"":82728.99,""size"":1.814e-05,""num_orders"":1},{""price"":82729.09,""size"":0.00181244,""num_orders"":1}]"
btc_usd_d10_20261010T081918Z,31,2026-10-10T08:50:18.973419Z,2026-10-10T08:50:18.973554Z,BTC-USD,10,ok,,137513895006,2026-10-10T08:50:16.489642869Z,0.50234192,0.74923522,-0.197265747439,82729.960000000006,82729.970000000001,82729.964999999997,0.009999999995,0.001208751871,"[{""price"":82729.96,""size"":0.02873174,""num_orders"":4},{""price"":82728.3,""size"":0.02417552,""num_orders"":2},{""price"":82728.27,""size"":0.00078568,""num_orders"":1},{""price"":82727.45,""size"":0.07265519,""num_orders"":1},{""price"":82725.31,""size"":0.15869613,""num_orders"":1},{""price"":82725.3,""size"":0.09670559,""num_orders"":1},{""price"":82725.1,""size"":0.04781653,""num_orders"":1},{""price"":82724.36,""size"":0.07265519,""num_orders"":1},{""price"":82724.08,""size"":8.714e-05,""num_orders"":3},{""price"":82724.06,""size"":3.321e-05,""num_orders"":1}]","[{""price"":82729.97,""size"":0.05169308,""num_orders"":2},{""price"":82731.51,""size"":0.0629232,""num_orders"":1},{""price"":82731.52,""size"":0.02417458,""num_orders"":2},{""price"":82731.57,""size"":2.988e-05,""num_orders"":1},{""price"":82731.69,""size"":0.08119453,""num_orders"":3},{""price"":82733.86,""size"":0.25158401,""num_orders"":1},{""price"":82733.87,""size"":0.09669559,""num_orders"":1},{""price"":82734.96,""size"":1.4e-05,""num_orders"":1},{""price"":82735.52,""size"":0.07265519,""num_orders"":1},{""price"":82735.53,""size"":0.10827116,""num_orders"":1}]"
btc_usd_d10_20261010T081918Z,32,2026-10-10T08:51:18.973419Z,2026-10-10T08:51:18.973547Z,BTC-USD,10,ok,,137513913930,2026-10-10T08:51:16.826675116Z,0.52867814,0.24292329,0.370339969432,82739.660000000003,82739.669999999998,82739.665000000008,0.009999999995,0.001208610162,"[{""price"":82739.66,""size"":0.00404369,""num_orders"":2},{""price"":82739.14,""size"":0.048,""num_orders"":1},{""price"":82738.49,""size"":0.09669018,""num_orders"":1},{""price"":82738.0,""size"":0.02417268,""num_orders"":2},{""price"":82737.97,""size"":0.00015216,""num_orders"":1},{""price"":82736.79,""size"":0.04337515,""num_orders"":1},{""price"":82735.27,""size"":0.07265519,""num_orders"":1},{""price"":82733.12,""size"":0.1491784,""num_orders"":1},{""price"":82732.38,""size"":0.0177555,""num_orders"":1},{""price"":82732.32,""size"":0.07265519,""num_orders"":1}]","[{""price"":82739.67,""size"":0.00483444,""num_orders"":1},{""price"":82740.31,""size"":0.024,""num_orders"":1},{""price"":82741.33,""size"":0.02417172,""num_orders"":2},{""price"":82741.74,""size"":0.00483444,""num_orders"":1},{""price"":82741.85,""size"":0.04626133,""num_orders"":1},{""price"":82741.86,""size"":0.07265519,""num_orders"":1},{""price"":82742.03,""size"":1.3e-07,""num_orders"":1},{""price"":82744.53,""size"":0.00604305,""num_orders"":1},{""price"":82745.65,""size"":0.00012299,""num_orders"":1},{""price"":82746.35,""size"":0.06,""num_orders"":1}]"
btc_usd_d10_20261010T081918Z,33,2026-10-10T08:52:18.973419Z,2026-10-10T08:52:18.973549Z,BTC-USD,10,ok,,137513928478,2026-10-10T08:52:17.722355512Z,0.57761908,0.35851982,0.234045674205,82740.699999999997,82740.710000000006,82740.705000000002,0.010000000009,0.001208594973,"[{""price"":82740.7,""size"":0.06320404,""num_orders"":5},{""price"":82740.69,""size"":2.963e-05,""num_orders"":1},{""price"":82739.51,""size"":0.07265519,""num_orders"":1},{""price"":82739.5,""size"":0.096689,""num_orders"":1},{""price"":82739.04,""size"":0.02417238,""num_orders"":2},{""price"":82737.97,""size"":0.00015216,""num_orders"":1},{""price"":82736.96,""size"":0.1154063,""num_orders"":1},{""price"":82736.95,""size"":0.07265519,""num_orders"":1},{""price"":82734.45,""size"":0.07265519,""num_orders"":1},{""price"":82732.48,""size"":0.06,""num_orders"":1}]","[{""price"":82740.71,""size"":0.07184998,""num_orders"":13},{""price"":82740.72,""size"":0.04834379,""num_orders"":1},{""price"":82742.36,""size"":0.01378238,""num_orders"":1},{""price"":82742.37,""size"":0.02417142,""num_orders"":2},{""price"":82742.78,""size"":0.00483437,""num_orders"":1},{""price"":82742.81,""size"":0.00177007,""num_orders"":1},{""price"":82745.65,""size"":0.00012299,""num_orders"":1},{""price"":82746.17,""size"":0.00604299,""num_orders"":1},{""price"":82746.34,""size"":0.11494664,""num_orders"":1},{""price"":82746.37,""size"":0.07265519,""num_orders"":1}]"
btc_usd_d10_20261010T081918Z,34,2026-10-10T08:53:18.973419Z,2026-10-10T08:53:18.973556Z,BTC-USD,10,ok,,137513947476,2026-10-10T08:53:18.547150687Z,0.54688136,0.7313628,-0.144324101586,82761.020000000004,82761.029999999999,82761.024999999994,0.009999999995,0.001208298229,"[{""price"":82761.02,""size"":0.14387683,""num_orders"":5},{""price"":82759.37,""size"":0.0144411,""num_orders"":1},{""price"":82759.36,""size"":0.02416646,""num_orders"":2},{""price"":82758.94,""size"":2.299e-05,""num_orders"":1},{""price"":82758.42,""size"":0.048,""num_orders"":1},{""price"":82757.68,""size"":0.14542919,""num_orders"":1},{""price"":82757.65,""size"":0.07265519,""num_orders"":1},{""price"":82757.22,""size"":0.09666829,""num_orders"":1},{""price"":82755.67,""size"":0.00015213,""num_orders"":1},{""price"":82755.55,""size"":0.00146918,""num_orders"":1}]","[{""price"":82761.03,""size"":0.0056019,""num_orders"":3},{""price"":82762.69,""size"":0.02416548,""num_orders"":2},{""price"":82765.83,""size"":0.09648505,""num_orders"":1},{""price"":82765.84,""size"":0.06473048,""num_orders"":1},{""price"":82766.04,""size"":1.4e-05,""num_orders"":1},{""price"":82766.61,""size"":0.07265519,""num_orders"":1},{""price"":82766.86,""size"":5.231e-05,""num_orders"":1},{""price"":82767.22,""size"":0.2004359,""num_orders"":1},{""price"":82767.23,""size"":0.26308334,""num_orders"":5},{""price"":82767.47,""size"":0.00413915,""num_orders"":1}]"
btc_usd_d10_20261010T081918Z,35,2026-10-10T08:54:18.973419Z,2026-10-10T08:54:18.973583Z,BTC-USD,10,ok,,137513961421,2026-10-10T08:54:16.948346681Z,0.70230174,0.63592379,0.0496014674,82755.669999999998,82755.679999999993,82755.674999999988,0.009999999995,0.001208376343,"[{""price"":82755.67,""size"":0.12645496,""num_orders"":4},{""price"":82755.65,""size"":2.781e-05,""num_orders"":1},{""price"":82754.35,""size"":0.06,""num_orders"":1},{""price"":82754.34,""size"":0.19945288,""num_orders"":1},{""price"":82754.33,""size"":0.09667166,""num_orders"":1},{""price"":82754.22,""size"":0.07265519,""num_orders"":1},{""price"":82754.21,""size"":0.048,""num_orders"":1},{""price"":82754.01,""size"":0.02416802,""num_orders"":2},{""price"":82753.75,""size"":0.00221603,""num_orders"":1},{""price"":82750.83,""size"":0.07265519,""num_orders"":1}]","[{""price"":82755.68,""size"":0.00227811,""num_orders"":3},{""price"":82755.69,""size"":7.973e-05,""num_orders"":1},{""price"":82756.2,""size"":0.00078544,""num_orders"":1},{""price"":82757.34,""size"":0.02416704,""num_orders"":2},{""price"":82757.75,""size"":0.0048335,""num_orders"":1},{""price"":82760.54,""size"":0.00604188,""num_orders"":1},{""price"":82761.03,""size"":0.00326128,""num_orders"":3},{""price"":82763.27,""size"":0.07265519,""num_orders"":1},{""price"":82763.95,""size"":0.34562162,""num_orders"":1},{""price"":82763.96,""size"":0.1762,""num_orders"":1}]"
btc_usd_d10_20261010T081918Z,36,2026-10-10T08:55:18.973419Z,2026-10-10T08:55:18.973593Z,BTC-USD,10,ok,,137513978916,2026-10-10T08:55:17.491476266Z,0.61867468,1.01254479,-0.241457460044,82768.199999999997,82768.210000000006,82768.205000000002,0.010000000009,0.001208193413,"[{""price"":82768.2,""size"":0.07859588,""num_orders"":4},{""price"":82768.18,""size"":0.03,""num_orders"":1},{""price"":82767.22,""size"":0.00015223,""num_orders"":1},{""price"":82766.54,""size"":0.02416436,""num_orders"":2},{""price"":82766.03,""size"":0.00020394,""num_orders"":1},{""price"":82763.55,""size"":0.00459422,""num_orders"":1},{""price"":82760.41,""size"":0.05397218,""num_orders"":1},{""price"":82760.4,""size"":0.07265519,""num_orders"":1},{""price"":82758.58,""size"":0.06,""num_orders"":1},{""price"":82758.57,""size"":0.29433668,""num_orders"":2}]","[{""price"":82768.21,""size"":0.24703351,""num_orders"":4},{""price"":82769.13,""size"":0.11117573,""num_orders"":1},{""price"":82769.14,""size"":0.07265519,""num_orders"":1},{""price"":82769.16,""size"":0.09665436,""num_orders"":1},{""price"":82769.87,""size"":0.01208169,""num_orders"":1},{""price"":82770.28,""size"":0.00483277,""num_orders"":1},{""price"":82771.51,""size"":0.18547381,""num_orders"":1},{""price"":82772.62,""size"":0.00409645,""num_orders"":1},{""price"":82772.63,""size"":0.06807128,""num_orders"":1},{""price"":82773.0,""size"":0.21047,""num_orders"":2}]"
btc_usd_d10_20261010T081918Z,37,2026-10-10T08:56:18.973419Z,2026-10-10T08:56:18.973567Z,BTC-USD,10,ok,,137513991970,2026-10-10T08:56:18.566245307Z,0.36194034,0.55752705,-0.212717397188,82770.039999999994,82770.050000000003,82770.044999999998,0.010000000009,0.001208166555,"[{""price"":82770.04,""size"":0.06371779,""num_orders"":6},{""price"":82770.03,""size"":0.04832666,""num_orders"":1},{""price"":82770.02,""size"":0.03,""num_orders"":1},{""price"":82769.08,""size"":2.444e-05,""num_orders"":1},{""price"":82768.87,""size"":0.00607227,""num_orders"":1},{""price"":82768.38,""size"":0.02416382,""num_orders"":2},{""price"":82767.22,""size"":0.00015223,""num_orders"":1},{""price"":82766.03,""size"":0.00020394,""num_orders"":1},{""price"":82764.34,""size"":0.06,""num_orders"":1},{""price"":82764.33,""size"":0.12927919,""num_orders"":1}]","[{""price"":82770.05,""size"":0.01636411,""num_orders"":4},{""price"":82771.75,""size"":0.12240547,""num_orders"":2},{""price"":82772.12,""size"":0.00483266,""num_orders"":1},{""price"":82773.23,""size"":0.00409645,""num_orders"":1},{""price"":82773.24,""size"":0.09664959,""num_orders"":1},{""price"":82774.48,""size"":0.07265519,""num_orders"":1},{""price"":82774.86,""size"":0.05037617,""num_orders"":2},{""price"":82774.92,""size"":0.00604083,""num_orders"":1},{""price"":82776.4,""size"":1.4e-05,""num_orders"":1},{""price"":82777.04,""size"":0.18409258,""num_orders"":1}]"
btc_usd_d10_20261010T081918Z,38,2026-10-10T08:57:18.973419Z,2026-10-10T08:57:18.973561Z,BTC-USD,10,ok,,137514003087,2026-10-10T08:57:16.820801339Z,0.50260415,0.49432718,0.008302447471,82771.039999999994,82771.050000000003,82771.044999999998,0.010000000009,0.001208151958,"[{""price"":82771.04,""size"":0.06760111,""num_orders"":12},{""price"":82771.03,""size"":0.04835215,""num_orders"":2},{""price"":82771.02,""size"":0.03,""num_orders"":1},{""price"":82769.81,""size"":0.00654343,""num_orders"":1},{""price"":82769.38,""size"":0.02416352,""num_orders"":2},{""price"":82768.97,""size"":0.00103945,""num_orders"":1},{""price"":82767.22,""size"":0.00015223,""num_orders"":1},{""price"":82766.03,""size"":0.00020394,""num_orders"":1},{""price"":82764.55,""size"":0.06,""num_orders"":1},{""price"":82764.54,""size"":0.26454832,""num_orders"":1}]","[{""price"":82771.05,""size"":0.00152128,""num_orders"":2},{""price"":82771.25,""size"":0.00078529,""num_orders"":1},{""price"":82773.19,""size"":0.11558681,""num_orders"":1},{""price"":82773.2,""size"":0.09664964,""num_orders"":1},{""price"":82773.22,""size"":0.04658694,""num_orders"":1},{""price"":82774.86,""size"":0.05037617,""num_orders"":2},{""price"":82776.39,""size"":0.00409645,""num_orders"":1},{""price"":82776.4,""size"":1.4e-05,""num_orders"":1},{""price"":82777.02,""size"":0.10605541,""num_orders"":1},{""price"":82777.06,""size"":0.07265519,""num_orders"":1}]"
btc_usd_d10_20261010T081918Z,39,2026-10-10T08:58:18.973419Z,2026-10-10T08:58:18.973556Z,BTC-USD,10,ok,,137514015632,2026-10-10T08:58:16.973268444Z,0.31094047,2.34767412,-0.766088344531,82772,82772.009999999995,82772.005000000005,0.009999999995,0.001208137944,"[{""price"":82772.0,""size"":0.11582568,""num_orders"":8},{""price"":82771.98,""size"":0.03,""num_orders"":1},{""price"":82771.01,""size"":2.066e-05,""num_orders"":1},{""price"":82770.34,""size"":0.02416324,""num_orders"":2},{""price"":82769.93,""size"":0.00103907,""num_orders"":1},{""price"":82769.49,""size"":0.00688046,""num_orders"":1},{""price"":82767.22,""size"":0.00015223,""num_orders"":1},{""price"":82766.03,""size"":0.00020394,""num_orders"":1},{""price"":82765.6,""size"":0.07265519,""num_orders"":1},{""price"":82763.07,""size"":0.06,""num_orders"":1}]","[{""price"":82772.01,""size"":0.73700856,""num_orders"":7},{""price"":82772.38,""size"":0.0577004,""num_orders"":1},{""price"":82772.39,""size"":0.09665059,""num_orders"":1},{""price"":82776.76,""size"":0.07265519,""num_orders"":1},{""price"":82776.77,""size"":0.20864222,""num_orders"":1},{""price"":82777.08,""size"":0.20715,""num_orders"":2},{""price"":82779.23,""size"":0.00377927,""num_orders"":1},{""price"":82779.24,""size"":0.04,""num_orders"":1},{""price"":82779.29,""size"":0.01774797,""num_orders"":1},{""price"":82779.62,""size"":0.90633992,""num_orders"":2}]"
btc_usd_d10_20261010T081918Z,40,2026-10-10T08:59:18.973419Z,2026-10-10T08:59:18.973558Z,BTC-USD,10,ok,,137514029656,2026-10-10T08:59:18.490675849Z,0.46448417,1.33204954,-0.482910710314,82772,82772.009999999995,82772.005000000005,0.009999999995,0.001208137944,"[{""price"":82772.0,""size"":0.0172146,""num_orders"":5},{""price"":82771.98,""size"":0.03002308,""num_orders"":2},{""price"":82770.34,""size"":0.02416324,""num_orders"":2},{""price"":82770.21,""size"":0.00714026,""num_orders"":1},{""price"":82768.17,""size"":0.07265519,""num_orders"":1},{""price"":82767.22,""size"":0.00015223,""num_orders"":1},{""price"":82766.03,""size"":0.00020394,""num_orders"":1},{""price"":82765.62,""size"":0.06,""num_orders"":1},{""price"":82765.61,""size"":0.18027644,""num_orders"":1},{""price"":82765.6,""size"":0.07265519,""num_orders"":1}]","[{""price"":82772.01,""size"":0.64444543,""num_orders"":46},{""price"":82772.26,""size"":0.10739438,""num_orders"":2},{""price"":82772.27,""size"":0.14665073,""num_orders"":2},{""price"":82773.26,""size"":0.03899999,""num_orders"":1},{""price"":82774.08,""size"":0.00483255,""num_orders"":1},{""price"":82776.73,""size"":0.16633059,""num_orders"":1},{""price"":82776.74,""size"":0.07265519,""num_orders"":1},{""price"":82776.88,""size"":0.00604068,""num_orders"":1},{""price"":82777.08,""size"":0.1047,""num_orders"":1},{""price"":82779.24,""size"":0.04,""num_orders"":1}]"
btc_usd_d10_20261010T081918Z,41,2026-10-10T09:00:18.973419Z,2026-10-10T09:00:18.973573Z,BTC-USD,10,ok,,137514042608,2026-10-10T09:00:16.478324440Z,0.62097049,0.9296658,-0.199076541669,82772.259999999995,82772.270000000004,82772.264999999999,0.010000000009,0.001208134151,"[{""price"":82772.26,""size"":0.1081828,""num_orders"":11},{""price"":82772.24,""size"":0.03,""num_orders"":1},{""price"":82772.02,""size"":0.07265519,""num_orders"":1},{""price"":82771.98,""size"":2.308e-05,""num_orders"":1},{""price"":82770.6,""size"":0.02416316,""num_orders"":2},{""price"":82768.76,""size"":0.16945129,""num_orders"":1},{""price"":82768.17,""size"":0.07265519,""num_orders"":1},{""price"":82767.83,""size"":0.04703114,""num_orders"":1},{""price"":82767.39,""size"":0.09665641,""num_orders"":1},{""price"":82767.22,""size"":0.00015223,""num_orders"":1}]","[{""price"":82772.27,""size"":0.15708801,""num_orders"":7},{""price"":82774.34,""size"":0.00483253,""num_orders"":1},{""price"":82775.38,""size"":0.10467974,""num_orders"":1},{""price"":82775.39,""size"":0.09664709,""num_orders"":1},{""price"":82776.65,""size"":0.07265519,""num_orders"":1},{""price"":82777.14,""size"":0.00604067,""num_orders"":1},{""price"":82779.6,""size"":0.19094953,""num_orders"":1},{""price"":82779.61,""size"":0.07265519,""num_orders"":1},{""price"":82781.16,""size"":0.20637,""num_orders"":2},{""price"":82781.95,""size"":0.01774785,""num_orders"":1}]"
btc_usd_d10_20261010T081918Z,42,2026-10-10T09:01:18.973419Z,2026-10-10T09:01:18.973596Z,BTC-USD,10,ok,,137514060216,2026-10-10T09:01:17.991896664Z,0.68764756,0.48705265,0.170762640793,82778.600000000006,82778.610000000001,82778.60500000001,0.009999999995,0.001208041618,"[{""price"":82778.6,""size"":0.00459991,""num_orders"":1},{""price"":82777.96,""size"":0.07223668,""num_orders"":2},{""price"":82777.95,""size"":0.048,""num_orders"":1},{""price"":82777.93,""size"":0.07265519,""num_orders"":1},{""price"":82777.87,""size"":0.00020391,""num_orders"":1},{""price"":82776.94,""size"":0.02416132,""num_orders"":2},{""price"":82775.15,""size"":0.09664735,""num_orders"":1},{""price"":82774.83,""size"":0.01774697,""num_orders"":1},{""price"":82773.91,""size"":0.18606977,""num_orders"":1},{""price"":82773.9,""size"":0.16532646,""num_orders"":1}]","[{""price"":82778.61,""size"":0.04801928,""num_orders"":3},{""price"":82778.82,""size"":0.00300887,""num_orders"":2},{""price"":82780.27,""size"":0.01208017,""num_orders"":1},{""price"":82780.67,""size"":0.00483216,""num_orders"":1},{""price"":82783.47,""size"":0.00604021,""num_orders"":1},{""price"":82783.54,""size"":0.2127377,""num_orders"":2},{""price"":82783.8,""size"":0.09663726,""num_orders"":1},{""price"":82784.01,""size"":0.03102781,""num_orders"":5},{""price"":82785.34,""size"":0.07265519,""num_orders"":1},{""price"":82786.76,""size"":1.4e-05,""num_orders"":1}]"
btc_usd_d10_20261010T081918Z,43,2026-10-10T09:02:18.973419Z,2026-10-10T09:02:18.973555Z,BTC-USD,10,ok,,137514073316,2026-10-10T09:02:16.481606422Z,0.49528782,0.41591067,0.087112907749,82774.369999999995,82775.179999999993,82774.774999999994,0.809999999998,0.097855898732,"[{""price"":82774.37,""size"":0.0046,""num_orders"":1},{""price"":82773.65,""size"":0.13740559,""num_orders"":2},{""price"":82773.64,""size"":0.09664912,""num_orders"":1},{""price"":82772.26,""size"":0.00027613,""num_orders"":2},{""price"":82771.98,""size"":0.04802308,""num_orders"":2},{""price"":82771.87,""size"":0.0018122,""num_orders"":1},{""price"":82771.33,""size"":0.07265519,""num_orders"":1},{""price"":82769.65,""size"":0.01774529,""num_orders"":1},{""price"":82768.33,""size"":0.04346603,""num_orders"":1},{""price"":82768.24,""size"":0.07265519,""num_orders"":1}]","[{""price"":82775.18,""size"":0.01314008,""num_orders"":4},{""price"":82776.84,""size"":0.01208067,""num_orders"":1},{""price"":82777.24,""size"":0.00483241,""num_orders"":1},{""price"":82778.61,""size"":0.00017361,""num_orders"":1},{""price"":82780.0,""size"":0.13690761,""num_orders"":2},{""price"":82780.01,""size"":0.07265519,""num_orders"":1},{""price"":82780.04,""size"":0.00604051,""num_orders"":1},{""price"":82781.33,""size"":0.09664015,""num_orders"":1},{""price"":82781.71,""size"":0.00078525,""num_orders"":1},{""price"":82782.83,""size"":0.07265519,""num_orders"":1}]"
btc_usd_d10_20261010T081918Z,44,2026-10-10T09:03:18.973419Z,2026-10-10T09:03:18.973557Z,BTC-USD,10,ok,,137514085734,2026-10-10T09:03:16.489494087Z,0.47981228,0.45359804,0.028084369155,82775.070000000007,82775.080000000002,82775.075000000012,0.009999999995,0.001208093136,"[{""price"":82775.07,""size"":0.06654881,""num_orders"":3},{""price"":82774.91,""size"":0.07265519,""num_orders"":1},{""price"":82774.89,""size"":0.09664766,""num_orders"":1},{""price"":82773.41,""size"":0.02416234,""num_orders"":2},{""price"":82772.26,""size"":0.00027613,""num_orders"":2},{""price"":82772.24,""size"":0.01774565,""num_orders"":1},{""price"":82771.98,""size"":0.04802308,""num_orders"":2},{""price"":82771.87,""size"":0.0018122,""num_orders"":1},{""price"":82771.33,""size"":0.07265519,""num_orders"":1},{""price"":82768.35,""size"":0.07928603,""num_orders"":1}]","[{""price"":82775.08,""size"":0.02243133,""num_orders"":5},{""price"":82776.74,""size"":0.01208069,""num_orders"":1},{""price"":82777.24,""size"":0.00483241,""num_orders"":1},{""price"":82778.61,""size"":0.00017361,""num_orders"":1},{""price"":82779.97,""size"":0.07265519,""num_orders"":1},{""price"":82779.98,""size"":0.15450889,""num_orders"":1},{""price"":82780.04,""size"":0.00604051,""num_orders"":1},{""price"":82781.16,""size"":0.10392,""num_orders"":1},{""price"":82782.82,""size"":0.00430022,""num_orders"":1},{""price"":82782.83,""size"":0.07265519,""num_orders"":1}]"
btc_usd_d10_20261010T081918Z,45,2026-10-10T09:04:18.973419Z,2026-10-10T09:04:18.973533Z,BTC-USD,10,ok,,137514098464,2026-10-10T09:04:17.676443118Z,0.68556712,0.41536344,0.245432082474,82778.600000000006,82778.610000000001,82778.60500000001,0.009999999995,0.001208041618,"[{""price"":82778.6,""size"":0.36763302,""num_orders"":7},{""price"":82778.58,""size"":0.03,""num_orders"":1},{""price"":82776.94,""size"":0.02416132,""num_orders"":2},{""price"":82774.59,""size"":0.0986051,""num_orders"":1},{""price"":82774.58,""size"":0.07265519,""num_orders"":1},{""price"":82773.33,""size"":0.01774589,""num_orders"":1},{""price"":82772.26,""size"":0.00027613,""num_orders"":2},{""price"":82771.99,""size"":0.07265519,""num_orders"":1},{""price"":82771.98,""size"":2.308e-05,""num_orders"":1},{""price"":82771.87,""size"":0.0018122,""num_orders"":1}]","[{""price"":82778.61,""size"":0.00157591,""num_orders"":2},{""price"":82780.32,""size"":0.01208017,""num_orders"":1},{""price"":82780.68,""size"":0.00483216,""num_orders"":1},{""price"":82783.48,""size"":0.0060402,""num_orders"":1},{""price"":82783.97,""size"":0.00602028,""num_orders"":1},{""price"":82783.98,""size"":0.07265519,""num_orders"":1},{""price"":82784.0,""size"":0.13722787,""num_orders"":1},{""price"":82784.01,""size"":0.01994166,""num_orders"":4},{""price"":82785.06,""size"":0.05,""num_orders"":1},{""price"":82785.24,""size"":0.10499,""num_orders"":1}]"
btc_usd_d10_20261010T081918Z,46,2026-10-10T09:05:18.973419Z,2026-10-10T09:05:18.973569Z,BTC-USD,10,ok,,137514111321,2026-10-10T09:05:18.247290550Z,0.39386249,0.71455982,-0.289327747292,82778.600000000006,82778.610000000001,82778.60500000001,0.009999999995,0.001208041618,"[{""price"":82778.6,""size"":0.1060727,""num_orders"":11},{""price"":82778.58,""size"":0.03,""num_orders"":1},{""price"":82776.94,""size"":0.02416132,""num_orders"":2},{""price"":82776.53,""size"":0.09664575,""num_orders"":1},{""price"":82775.53,""size"":0.01774531,""num_orders"":1},{""price"":82772.26,""size"":0.00027613,""num_orders"":2},{""price"":82772.12,""size"":0.04447081,""num_orders"":1},{""price"":82771.99,""size"":0.07265519,""num_orders"":1},{""price"":82771.98,""size"":2.308e-05,""num_orders"":1},{""price"":82771.87,""size"":0.0018122,""num_orders"":1}]","[{""price"":82778.61,""size"":0.05905154,""num_orders"":4},{""price"":82780.68,""size"":0.00483216,""num_orders"":1},{""price"":82783.48,""size"":0.0060402,""num_orders"":1},{""price"":82783.99,""size"":0.07265519,""num_orders"":1},{""price"":82784.0,""size"":0.29513296,""num_orders"":2},{""price"":82784.01,""size"":0.01994166,""num_orders"":4},{""price"":82785.03,""size"":0.09663583,""num_orders"":1},{""price"":82785.06,""size"":0.05,""num_orders"":1},{""price"":82785.24,""size"":0.10425,""num_orders"":1},{""price"":82786.75,""size"":0.00602028,""num_orders"":1}]"
btc_usd_d10_20261010T081918Z,47,2026-10-10T09:06:18.973419Z,2026-10-10T09:06:18.973536Z,BTC-USD,10,ok,,137514122383,2026-10-10T09:06:17.825095257Z,0.45904031,0.68841496,-0.199898554651,82778.600000000006,82778.610000000001,82778.60500000001,0.009999999995,0.001208041618,"[{""price"":82778.6,""size"":0.02910821,""num_orders"":3},{""price"":82778.59,""size"":0.00011899,""num_orders"":1},{""price"":82776.94,""size"":0.02416132,""num_orders"":2},{""price"":82776.32,""size"":0.02999964,""num_orders"":14},{""price"":82776.3,""size"":0.03,""num_orders"":1},{""price"":82775.55,""size"":0.09664689,""num_orders"":1},{""price"":82774.5,""size"":0.09860476,""num_orders"":1},{""price"":82774.49,""size"":0.07265519,""num_orders"":1},{""price"":82774.21,""size"":0.01774531,""num_orders"":1},{""price"":82772.27,""size"":0.06,""num_orders"":1}]","[{""price"":82778.61,""size"":0.04420943,""num_orders"":4},{""price"":82778.85,""size"":0.0574938,""num_orders"":1},{""price"":82778.86,""size"":0.01881718,""num_orders"":1},{""price"":82780.68,""size"":0.00483216,""num_orders"":1},{""price"":82781.31,""size"":0.07265519,""num_orders"":1},{""price"":82783.48,""size"":0.0060402,""num_orders"":1},{""price"":82783.87,""size"":0.09663719,""num_orders"":1},{""price"":82783.99,""size"":0.07265519,""num_orders"":1},{""price"":82784.0,""size"":0.29513296,""num_orders"":2},{""price"":82784.01,""size"":0.01994166,""num_orders"":4}]"
btc_usd_d10_20261010T081918Z,48,2026-10-10T09:07:18.973419Z,2026-10-10T09:07:18.973555Z,BTC-USD,10,ok,,137514137173,2026-10-10T09:07:18.521624635Z,0.4268866,0.3828046,0.054442977767,82777.160000000003,82780.759999999995,82778.959999999992,3.599999999991,0.434893117767,"[{""price"":82777.16,""size"":0.04788563,""num_orders"":1},{""price"":82777.15,""size"":0.03957277,""num_orders"":2},{""price"":82777.08,""size"":0.04825229,""num_orders"":1},{""price"":82777.06,""size"":1.209e-05,""num_orders"":1},{""price"":82775.86,""size"":0.09664652,""num_orders"":1},{""price"":82775.56,""size"":0.01774512,""num_orders"":1},{""price"":82774.97,""size"":0.00483221,""num_orders"":1},{""price"":82774.5,""size"":0.09900865,""num_orders"":1},{""price"":82774.49,""size"":0.07265519,""num_orders"":1},{""price"":82772.26,""size"":0.00027613,""num_orders"":2}]","[{""price"":82780.76,""size"":0.00432505,""num_orders"":1},{""price"":82781.76,""size"":0.00022035,""num_orders"":1},{""price"":82783.98,""size"":0.13243869,""num_orders"":1},{""price"":82783.99,""size"":0.07265519,""num_orders"":1},{""price"":82784.01,""size"":0.01994166,""num_orders"":4},{""price"":82785.06,""size"":0.05,""num_orders"":1},{""price"":82785.18,""size"":0.00078522,""num_orders"":1},{""price"":82785.45,""size"":0.09663534,""num_orders"":1},{""price"":82786.75,""size"":0.0057891,""num_orders"":1},{""price"":82786.76,""size"":1.4e-05,""num_orders"":1}]"
btc_usd_d10_20261010T081918Z,49,2026-10-10T09:08:18.973419Z,2026-10-10T09:08:18.973554Z,BTC-USD,10,ok,,137514153632,2026-10-10T09:08:17.247941654Z,0.5663695,0.60500189,-0.032980479402,82796.100000000006,82796.110000000001,82796.10500000001,0.009999999995,0.001207786284,"[{""price"":82796.1,""size"":0.0529418,""num_orders"":7},{""price"":82796.08,""size"":0.03,""num_orders"":1},{""price"":82794.44,""size"":0.02415622,""num_orders"":2},{""price"":82793.5,""size"":0.00050414,""num_orders"":1},{""price"":82791.08,""size"":0.07265519,""num_orders"":1},{""price"":82791.07,""size"":0.16373883,""num_orders"":2},{""price"":82790.0,""size"":0.048,""num_orders"":1},{""price"":82788.85,""size"":0.06,""num_orders"":1},{""price"":82788.84,""size"":0.09663137,""num_orders"":1},{""price"":82788.74,""size"":0.01774195,""num_orders"":1}]","[{""price"":82796.11,""size"":0.03226815,""num_orders"":4},{""price"":82796.97,""size"":0.13468555,""num_orders"":1},{""price"":82796.98,""size"":0.07265519,""num_orders"":1},{""price"":82797.0,""size"":0.09662186,""num_orders"":1},{""price"":82797.12,""size"":0.00139207,""num_orders"":2},{""price"":82798.18,""size"":0.00483114,""num_orders"":1},{""price"":82799.27,""size"":0.00010368,""num_orders"":1},{""price"":82799.7,""size"":0.05,""num_orders"":1},{""price"":82800.78,""size"":0.13978906,""num_orders"":2},{""price"":82800.81,""size"":0.07265519,""num_orders"":1}]"
btc_usd_d10_20261010T081918Z,50,2026-10-10T09:09:18.973419Z,2026-10-10T09:09:18.973574Z,BTC-USD,10,ok,,137514165377,2026-10-10T09:09:16.275780818Z,0.63797849,0.75510793,-0.084079091088,82796.100000000006,82796.110000000001,82796.10500000001,0.009999999995,0.001207786284,"[{""price"":82796.1,""size"":0.10634403,""num_orders"":13},{""price"":82796.08,""size"":0.03,""num_orders"":1},{""price"":82794.44,""size"":0.02415622,""num_orders"":2},{""price"":82793.5,""size"":0.00050414,""num_orders"":1},{""price"":82787.73,""size"":0.04337515,""num_orders"":1},{""price"":82787.72,""size"":0.07265519,""num_orders"":1},{""price"":82787.3,""size"":0.17391294,""num_orders"":2},{""price"":82787.09,""size"":0.09663341,""num_orders"":1},{""price"":82786.64,""size"":0.01774222,""num_orders"":1},{""price"":82785.23,""size"":0.07265519,""num_orders"":1}]","[{""price"":82796.11,""size"":0.18496521,""num_orders"":3},{""price"":82796.42,""size"":0.13468595,""num_orders"":1},{""price"":82796.43,""size"":0.09662252,""num_orders"":1},{""price"":82796.98,""size"":0.07265519,""num_orders"":1},{""price"":82797.12,""size"":0.00139207,""num_orders"":2},{""price"":82798.18,""size"":0.00483114,""num_orders"":1},{""price"":82799.27,""size"":0.00010368,""num_orders"":1},{""price"":82799.7,""size"":0.05,""num_orders"":1},{""price"":82800.77,""size"":0.06,""num_orders"":1},{""price"":82800.78,""size"":0.14985217,""num_orders"":2}]"
btc_usd_d10_20261010T081918Z,51,2026-10-10T09:10:18.973419Z,2026-10-10T09:10:18.973586Z,BTC-USD,10,ok,,137514185025,2026-10-10T09:10:18.305174960Z,0.9051559,0.65340482,0.161527925585,82787.449999999997,82787.460000000006,82787.455000000002,0.010000000009,0.00120791248,"[{""price"":82787.45,""size"":0.05468365,""num_orders"":4},{""price"":82784.37,""size"":0.00361577,""num_orders"":1},{""price"":82782.64,""size"":0.07265519,""num_orders"":1},{""price"":82781.31,""size"":0.24208074,""num_orders"":1},{""price"":82781.3,""size"":0.06,""num_orders"":1},{""price"":82781.29,""size"":0.09664019,""num_orders"":1},{""price"":82780.86,""size"":0.1762,""num_orders"":1},{""price"":82779.86,""size"":0.07265519,""num_orders"":1},{""price"":82777.29,""size"":0.05396998,""num_orders"":1},{""price"":82777.26,""size"":0.07265519,""num_orders"":1}]","[{""price"":82787.46,""size"":0.00020619,""num_orders"":2},{""price"":82788.47,""size"":0.07265519,""num_orders"":1},{""price"":82788.5,""size"":0.14763089,""num_orders"":1},{""price"":82789.29,""size"":0.05,""num_orders"":1},{""price"":82789.82,""size"":0.09663024,""num_orders"":1},{""price"":82791.18,""size"":0.07265519,""num_orders"":1},{""price"":82791.99,""size"":0.07322515,""num_orders"":1},{""price"":82792.63,""size"":0.01774678,""num_orders"":1},{""price"":82794.03,""size"":0.07265519,""num_orders"":1},{""price"":82795.36,""size"":0.05,""num_orders"":1}]"
btc_usd_d10_20261010T081918Z,52,2026-10-10T09:11:18.973419Z,2026-10-10T09:11:18.973574Z,BTC-USD,10,ok,,137514211434,2026-10-10T09:11:16.746953389Z,0.51439888,0.43051225,0.088777269456,82825.740000000005,82825.75,82825.744999999995,0.009999999995,0.001207354065,"[{""price"":82825.74,""size"":0.04460757,""num_orders"":3},{""price"":82824.07,""size"":0.02414756,""num_orders"":2},{""price"":82823.69,""size"":0.14425275,""num_orders"":1},{""price"":82823.68,""size"":0.09659073,""num_orders"":1},{""price"":82823.46,""size"":0.07238348,""num_orders"":1},{""price"":82820.85,""size"":0.04,""num_orders"":1},{""price"":82820.84,""size"":0.07265519,""num_orders"":1},{""price"":82819.06,""size"":0.01773533,""num_orders"":1},{""price"":82816.77,""size"":0.00181122,""num_orders"":1},{""price"":82816.52,""size"":0.00021505,""num_orders"":1}]","[{""price"":82825.75,""size"":0.05283682,""num_orders"":3},{""price"":82827.37,""size"":0.09744328,""num_orders"":2},{""price"":82827.41,""size"":0.0241466,""num_orders"":2},{""price"":82827.54,""size"":4.397e-05,""num_orders"":1},{""price"":82827.82,""size"":0.00482941,""num_orders"":1},{""price"":82828.2,""size"":0.0033,""num_orders"":1},{""price"":82828.62,""size"":0.09599506,""num_orders"":1},{""price"":82830.62,""size"":0.00603677,""num_orders"":1},{""price"":82832.07,""size"":0.07322515,""num_orders"":1},{""price"":82832.08,""size"":0.07265519,""num_orders"":1}]"
btc_usd_d10_20261010T081918Z,53,2026-10-10T09:12:18.973419Z,2026-10-10T09:12:18.973561Z,BTC-USD,10,ok,,137514237891,2026-10-10T09:12:17.979357549Z,0.7737829,0.57648651,0.146116314669,82855.520000000004,82855.529999999999,82855.524999999994,0.009999999995,0.001206920117,"[{""price"":82855.52,""size"":0.24458925,""num_orders"":7},{""price"":82855.51,""size"":3.541e-05,""num_orders"":1},{""price"":82855.1,""size"":0.13816622,""num_orders"":1},{""price"":82855.09,""size"":0.0965541,""num_orders"":1},{""price"":82854.27,""size"":0.05400001,""num_orders"":1},{""price"":82853.86,""size"":0.02413888,""num_orders"":2},{""price"":82850.76,""size"":0.04770721,""num_orders"":1},{""price"":82849.01,""size"":0.00810543,""num_orders"":1},{""price"":82849.0,""size"":0.0878312,""num_orders"":1},{""price"":82848.99,""size"":0.07265519,""num_orders"":1}]","[{""price"":82855.53,""size"":0.00809227,""num_orders"":6},{""price"":82857.6,""size"":0.00482768,""num_orders"":1},{""price"":82860.4,""size"":0.0060346,""num_orders"":1},{""price"":82861.39,""size"":1.93e-06,""num_orders"":2},{""price"":82862.75,""size"":0.21836317,""num_orders"":1},{""price"":82862.76,""size"":0.10224,""num_orders"":1},{""price"":82862.86,""size"":0.07265519,""num_orders"":1},{""price"":82864.43,""size"":0.09654323,""num_orders"":1},{""price"":82864.64,""size"":0.05,""num_orders"":1},{""price"":82865.24,""size"":0.01772844,""num_orders"":1}]"
btc_usd_d10_20261010T081918Z,54,2026-10-10T09:13:18.973419Z,2026-10-10T09:13:18.973581Z,BTC-USD,10,ok,,137514255729,2026-10-10T09:13:16.550109460Z,0.52892661,1.58342249,-0.499205306547,82855.520000000004,82855.529999999999,82855.524999999994,0.009999999995,0.001206920117,"[{""price"":82855.52,""size"":0.00121711,""num_orders"":3},{""price"":82855.51,""size"":3.58e-05,""num_orders"":1},{""price"":82855.43,""size"":0.09655371,""num_orders"":1},{""price"":82853.86,""size"":0.02413888,""num_orders"":2},{""price"":82849.93,""size"":0.04,""num_orders"":1},{""price"":82849.92,""size"":0.07265519,""num_orders"":1},{""price"":82849.89,""size"":0.04764558,""num_orders"":1},{""price"":82847.31,""size"":0.04,""num_orders"":1},{""price"":82847.3,""size"":0.16668034,""num_orders"":2},{""price"":82847.29,""size"":0.04,""num_orders"":1}]","[{""price"":82855.53,""size"":0.18566163,""num_orders"":4},{""price"":82857.6,""size"":0.00482768,""num_orders"":1},{""price"":82859.3,""size"":0.07265519,""num_orders"":1},{""price"":82859.31,""size"":0.29863935,""num_orders"":1},{""price"":82859.32,""size"":0.50023148,""num_orders"":2},{""price"":82860.4,""size"":0.0060346,""num_orders"":1},{""price"":82861.39,""size"":1.93e-06,""num_orders"":2},{""price"":82862.75,""size"":0.23574544,""num_orders"":2},{""price"":82862.76,""size"":0.20697,""num_orders"":2},{""price"":82863.21,""size"":0.07265519,""num_orders"":1}]"
btc_usd_d10_20261010T081918Z,55,2026-10-10T09:14:18.973419Z,2026-10-10T09:14:18.973585Z,BTC-USD,10,ok,,137514271591,2026-10-10T09:14:17.800103054Z,0.60368021,0.44699856,0.149124218052,82841.929999999993,82841.940000000002,82841.934999999998,0.010000000009,0.001207118111,"[{""price"":82841.93,""size"":0.01980488,""num_orders"":5},{""price"":82841.92,""size"":3.21e-05,""num_orders"":1},{""price"":82840.27,""size"":0.02414284,""num_orders"":2},{""price"":82838.56,""size"":1.4e-05,""num_orders"":1},{""price"":82838.21,""size"":0.09657378,""num_orders"":1},{""price"":82834.48,""size"":0.04,""num_orders"":1},{""price"":82834.47,""size"":0.17244655,""num_orders"":1},{""price"":82834.46,""size"":0.07265519,""num_orders"":1},{""price"":82833.64,""size"":0.1762,""num_orders"":1},{""price"":82832.94,""size"":0.00181087,""num_orders"":1}]","[{""price"":82841.94,""size"":0.00468014,""num_orders"":2},{""price"":82842.55,""size"":0.08865634,""num_orders"":2},{""price"":82843.3,""size"":0.00290239,""num_orders"":1},{""price"":82843.6,""size"":0.02414188,""num_orders"":2},{""price"":82844.01,""size"":0.00482847,""num_orders"":1},{""price"":82845.45,""size"":0.04,""num_orders"":1},{""price"":82845.54,""size"":0.05,""num_orders"":1},{""price"":82846.24,""size"":0.15309856,""num_orders"":2},{""price"":82846.81,""size"":0.00603559,""num_orders"":1},{""price"":82846.82,""size"":0.07265519,""num_orders"":1}]"
btc_usd_d10_20261010T081918Z,56,2026-10-10T09:15:18.973419Z,2026-10-10T09:15:18.973584Z,BTC-USD,10,ok,,137514293503,2026-10-10T09:15:17.588043286Z,0.4540517,0.55183042,-0.097206937131,82813.5,82816.850000000006,82815.175000000003,3.350000000006,0.404515235282,"[{""price"":82813.5,""size"":0.01212085,""num_orders"":1},{""price"":82813.48,""size"":7.953e-05,""num_orders"":1},{""price"":82813.47,""size"":0.07265519,""num_orders"":1},{""price"":82811.82,""size"":0.02415114,""num_orders"":2},{""price"":82811.66,""size"":0.09660474,""num_orders"":1},{""price"":82810.31,""size"":0.15797,""num_orders"":1},{""price"":82810.03,""size"":0.01773962,""num_orders"":1},{""price"":82808.7,""size"":0.07265519,""num_orders"":1},{""price"":82807.49,""size"":4.335e-05,""num_orders"":1},{""price"":82807.48,""size"":3.209e-05,""num_orders"":1}]","[{""price"":82816.85,""size"":0.0046,""num_orders"":1},{""price"":82817.84,""size"":0.03063063,""num_orders"":1},{""price"":82817.85,""size"":0.05130758,""num_orders"":2},{""price"":82818.51,""size"":0.0241492,""num_orders"":2},{""price"":82820.95,""size"":0.13604276,""num_orders"":1},{""price"":82820.96,""size"":0.07265519,""num_orders"":1},{""price"":82822.95,""size"":0.05784606,""num_orders"":1},{""price"":82823.35,""size"":0.09659112,""num_orders"":1},{""price"":82824.94,""size"":0.00535269,""num_orders"":1},{""price"":82824.95,""size"":0.07265519,""num_orders"":1}]"
btc_usd_d10_20261010T081918Z,57,2026-10-10T09:16:18.973419Z,2026-10-10T09:16:18.973525Z,BTC-USD,10,ok,,137514312243,2026-10-10T09:16:16.822229436Z,0.38689838,0.20363459,0.310336254384,82801.619999999995,82801.960000000006,82801.790000000008,0.340000000011,0.041061914243,"[{""price"":82801.62,""size"":0.00012612,""num_orders"":2},{""price"":82799.34,""size"":2.458e-05,""num_orders"":1},{""price"":82798.91,""size"":0.13554655,""num_orders"":1},{""price"":82798.9,""size"":0.09661963,""num_orders"":1},{""price"":82798.67,""size"":0.02415498,""num_orders"":2},{""price"":82798.62,""size"":0.01773922,""num_orders"":1},{""price"":82798.6,""size"":0.07265519,""num_orders"":1},{""price"":82797.12,""size"":1.4e-05,""num_orders"":1},{""price"":82796.34,""size"":1.811e-05,""num_orders"":1},{""price"":82795.86,""size"":0.04,""num_orders"":1}]","[{""price"":82801.96,""size"":0.00483086,""num_orders"":1},{""price"":82801.97,""size"":0.012077,""num_orders"":1},{""price"":82803.62,""size"":0.02415354,""num_orders"":2},{""price"":82803.68,""size"":0.04860004,""num_orders"":2},{""price"":82803.76,""size"":0.02999937,""num_orders"":2},{""price"":82803.78,""size"":0.0299995,""num_orders"":2},{""price"":82804.08,""size"":0.00483089,""num_orders"":1},{""price"":82804.45,""size"":0.00310477,""num_orders"":1},{""price"":82806.88,""size"":0.00603862,""num_orders"":1},{""price"":82808.57,""size"":0.04,""num_orders"":1}]"
btc_usd_d10_20261010T081918Z,58,2026-10-10T09:17:18.973419Z,2026-10-10T09:17:18.973541Z,BTC-USD,10,ok,,137514327623,2026-10-10T09:17:18.329285958Z,0.5191317,0.29331075,0.27795316456,82806,82806.009999999995,82806.005000000005,0.009999999995,0.001207641885,"[{""price"":82806.0,""size"":0.01961389,""num_orders"":2},{""price"":82805.98,""size"":3.38e-05,""num_orders"":1},{""price"":82802.43,""size"":0.09661551,""num_orders"":1},{""price"":82801.87,""size"":0.00016159,""num_orders"":1},{""price"":82801.62,""size"":7.412e-05,""num_orders"":2},{""price"":82801.15,""size"":0.07265519,""num_orders"":1},{""price"":82800.8,""size"":0.01773823,""num_orders"":1},{""price"":82798.68,""size"":0.04,""num_orders"":1},{""price"":82798.67,""size"":0.19958418,""num_orders"":2},{""price"":82798.6,""size"":0.07265519,""num_orders"":1}]","[{""price"":82806.01,""size"":0.01821376,""num_orders"":4},{""price"":82807.66,""size"":0.0173028,""num_orders"":1},{""price"":82807.67,""size"":0.02415236,""num_orders"":2},{""price"":82808.08,""size"":0.00483056,""num_orders"":1},{""price"":82809.03,""size"":0.00286273,""num_orders"":1},{""price"":82810.88,""size"":0.0060382,""num_orders"":1},{""price"":82811.12,""size"":0.06725515,""num_orders"":1},{""price"":82811.13,""size"":0.04,""num_orders"":1},{""price"":82811.15,""size"":0.07265519,""num_orders"":1},{""price"":82812.73,""size"":0.04,""num_orders"":1}]"
btc_usd_d10_20261010T081918Z,59,2026-10-10T09:18:18.973419Z,2026-10-10T09:18:18.973550Z,BTC-USD,10,ok,,137514344698,2026-10-10T09:18:16.232836688Z,0.75873634,0.44713425,0.25840425381,82794.5,82794.509999999995,82794.505000000005,0.009999999995,0.001207809624,"[{""price"":82794.5,""size"":0.3054037,""num_orders"":6},{""price"":82794.48,""size"":0.10875961,""num_orders"":1},{""price"":82793.41,""size"":0.07265519,""num_orders"":1},{""price"":82793.37,""size"":2.55e-05,""num_orders"":1},{""price"":82793.0,""size"":0.05,""num_orders"":1},{""price"":82792.52,""size"":0.02415678,""num_orders"":2},{""price"":82790.69,""size"":0.06728767,""num_orders"":1},{""price"":82789.9,""size"":0.07265519,""num_orders"":1},{""price"":82789.89,""size"":0.04005447,""num_orders"":2},{""price"":82788.21,""size"":0.01773823,""num_orders"":1}]","[{""price"":82794.51,""size"":3.1e-07,""num_orders"":1},{""price"":82796.58,""size"":0.00483123,""num_orders"":1},{""price"":82798.24,""size"":0.0241551,""num_orders"":2},{""price"":82799.38,""size"":0.00603904,""num_orders"":1},{""price"":82800.18,""size"":0.15455248,""num_orders"":2},{""price"":82800.19,""size"":0.07265519,""num_orders"":1},{""price"":82800.31,""size"":0.00358544,""num_orders"":1},{""price"":82801.56,""size"":0.10315,""num_orders"":1},{""price"":82803.15,""size"":0.00551027,""num_orders"":1},{""price"":82803.16,""size"":0.07265519,""num_orders"":1}]"
