window_id,sample_index,planned_at_utc,collected_at_utc,product_id,depth,status,error,sequence,snapshot_time_utc,bid_volume,ask_volume,imbalance,best_bid,best_ask,mid_price,spread,spread_bps,bids_json,asks_json
btc_usd_d10_20260819T235327Z,7,2026-08-20T00:00:27.503893Z,2026-08-20T00:00:27.504028Z,BTC-USD,10,ok,,134430227501,2026-08-20T00:00:25.686609931Z,1.58534554,0.97111005,0.240268398326,69338.630000000005,69338.639999999999,69338.635000000009,0.009999999995,0.001442197412,"[{""price"":69338.63,""size"":0.00291969,""num_orders"":1},{""price"":69338.62,""size"":0.000832,""num_orders"":1},{""price"":69337.5,""size"":1.0,""num_orders"":1},{""price"":69332.73,""size"":0.07210159,""num_orders"":1},{""price"":69332.72,""size"":0.11538562,""num_orders"":1},{""price"":69332.51,""size"":0.04226438,""num_orders"":1},{""price"":69331.72,""size"":0.1715,""num_orders"":1},{""price"":69331.66,""size"":0.1730438,""num_orders"":1},{""price"":69331.51,""size"":0.00722479,""num_orders"":2},{""price"":69330.87,""size"":7.367e-05,""num_orders"":1}]","[{""price"":69338.64,""size"":0.0416,""num_orders"":1},{""price"":69340.84,""size"":0.14408048,""num_orders"":1},{""price"":69340.85,""size"":0.23134083,""num_orders"":1},{""price"":69341.6,""size"":0.01,""num_orders"":1},{""price"":69342.7,""size"":1.6e-05,""num_orders"":1},{""price"":69343.72,""size"":0.13811048,""num_orders"":1},{""price"":69343.73,""size"":0.23134083,""num_orders"":1},{""price"":69345.92,""size"":1.6e-05,""num_orders"":1},{""price"":69346.2,""size"":0.00156163,""num_orders"":1},{""price"":69346.56,""size"":0.1730438,""num_orders"":1}]"
btc_usd_d10_20260819T235327Z,8,2026-08-20T00:01:27.503893Z,2026-08-20T00:01:27.504054Z,BTC-USD,10,ok,,134430300371,2026-08-20T00:01:25.045896672Z,1.29414605,0.76025336,0.259877746947,69383,69383.009999999995,69383.005000000005,0.009999999995,0.001441275136,"[{""price"":69383.0,""size"":0.00021245,""num_orders"":2},{""price"":69382.5,""size"":1.0,""num_orders"":1},{""price"":69381.34,""size"":1.6e-05,""num_orders"":1},{""price"":69380.0,""size"":0.01,""num_orders"":1},{""price"":69378.12,""size"":1.6e-05,""num_orders"":1},{""price"":69378.0,""size"":1e-07,""num_orders"":1},{""price"":69376.07,""size"":0.1023855,""num_orders"":1},{""price"":69376.06,""size"":0.1715,""num_orders"":1},{""price"":69375.0,""size"":0.01,""num_orders"":1},{""price"":69374.9,""size"":1.6e-05,""num_orders"":1}]","[{""price"":69383.01,""size"":0.26278905,""num_orders"":5},{""price"":69383.06,""size"":0.0166,""num_orders"":1},{""price"":69384.75,""size"":0.00605335,""num_orders"":1},{""price"":69385.01,""size"":0.01454187,""num_orders"":1},{""price"":69386.29,""size"":0.06,""num_orders"":2},{""price"":69387.09,""size"":0.00756669,""num_orders"":1},{""price"":69387.76,""size"":0.00291969,""num_orders"":1},{""price"":69387.77,""size"":0.14571088,""num_orders"":1},{""price"":69387.78,""size"":0.23134083,""num_orders"":1},{""price"":69387.79,""size"":0.012731,""num_orders"":1}]"
btc_usd_d10_20260819T235327Z,9,2026-08-20T00:02:27.503893Z,2026-08-20T00:02:27.504037Z,BTC-USD,10,ok,,134430386508,2026-08-20T00:02:27.102778668Z,0.9930179,1.414957,-0.175225705218,69442.990000000005,69443,69442.994999999995,0.009999999995,0.001440030056,"[{""price"":69442.99,""size"":0.03712805,""num_orders"":3},{""price"":69441.25,""size"":0.00604812,""num_orders"":1},{""price"":69440.54,""size"":0.00291921,""num_orders"":1},{""price"":69440.53,""size"":0.1730438,""num_orders"":1},{""price"":69440.3,""size"":0.1730438,""num_orders"":1},{""price"":69438.91,""size"":0.00756015,""num_orders"":1},{""price"":69438.02,""size"":0.02,""num_orders"":1},{""price"":69438.01,""size"":0.32193394,""num_orders"":1},{""price"":69437.66,""size"":0.02,""num_orders"":1},{""price"":69437.65,""size"":0.23134083,""num_orders"":1}]","[{""price"":69443.0,""size"":0.20506325,""num_orders"":4},{""price"":69448.96,""size"":1.6e-05,""num_orders"":1},{""price"":69449.73,""size"":0.05499324,""num_orders"":1},{""price"":69449.76,""size"":0.02,""num_orders"":1},{""price"":69450.0,""size"":1.439e-05,""num_orders"":1},{""price"":69450.78,""size"":0.07210159,""num_orders"":1},{""price"":69452.14,""size"":0.1863306,""num_orders"":1},{""price"":69452.15,""size"":0.23134083,""num_orders"":1},{""price"":69452.17,""size"":0.4720373,""num_orders"":1},{""price"":69452.18,""size"":0.1730598,""num_orders"":2}]"
btc_usd_d10_20260819T235327Z,10,2026-08-20T00:03:27.503893Z,2026-08-20T00:03:27.504050Z,BTC-USD,10,ok,,134430451879,2026-08-20T00:03:27.131005577Z,1.68779436,0.41097565,0.608365234836,69441.270000000004,69441.639999999999,69441.455000000002,0.369999999995,0.053282293696,"[{""price"":69441.27,""size"":0.23134083,""num_orders"":1},{""price"":69439.34,""size"":0.1730438,""num_orders"":1},{""price"":69438.34,""size"":0.1730438,""num_orders"":1},{""price"":69438.33,""size"":0.23134083,""num_orders"":1},{""price"":69436.16,""size"":0.07210159,""num_orders"":1},{""price"":69435.96,""size"":0.23134083,""num_orders"":1},{""price"":69435.74,""size"":0.00057607,""num_orders"":1},{""price"":69435.73,""size"":0.11521444,""num_orders"":1},{""price"":69434.33,""size"":0.28829217,""num_orders"":1},{""price"":69434.32,""size"":0.1715,""num_orders"":1}]","[{""price"":69441.64,""size"":0.20266534,""num_orders"":2},{""price"":69442.48,""size"":0.11520326,""num_orders"":1},{""price"":69442.52,""size"":1.6e-05,""num_orders"":1},{""price"":69443.38,""size"":0.00604834,""num_orders"":1},{""price"":69443.9,""size"":0.04172095,""num_orders"":1},{""price"":69444.87,""size"":0.01061683,""num_orders"":1},{""price"":69444.88,""size"":0.012547,""num_orders"":1},{""price"":69445.71,""size"":0.0145815,""num_orders"":1},{""price"":69445.72,""size"":0.00756043,""num_orders"":1},{""price"":69445.74,""size"":1.6e-05,""num_orders"":1}]"
btc_usd_d10_20260819T235327Z,11,2026-08-20T00:04:27.503893Z,2026-08-20T00:04:27.504041Z,BTC-USD,10,ok,,134430536316,2026-08-20T00:04:27.046132731Z,0.95929505,1.09871,-0.067742763799,69518.449999999997,69519.789999999994,69519.119999999995,1.339999999997,0.192752727594,"[{""price"":69518.45,""size"":0.0536,""num_orders"":1},{""price"":69517.45,""size"":0.00604154,""num_orders"":1},{""price"":69516.95,""size"":0.00145966,""num_orders"":1},{""price"":69515.94,""size"":0.23134083,""num_orders"":1},{""price"":69515.71,""size"":0.00604154,""num_orders"":1},{""price"":69513.79,""size"":0.24702846,""num_orders"":1},{""price"":69513.76,""size"":0.1730438,""num_orders"":1},{""price"":69513.74,""size"":0.23134083,""num_orders"":1},{""price"":69512.86,""size"":0.00755196,""num_orders"":1},{""price"":69512.47,""size"":0.00184643,""num_orders"":2}]","[{""price"":69519.79,""size"":0.11507514,""num_orders"":1},{""price"":69519.8,""size"":1.6e-05,""num_orders"":1},{""price"":69521.82,""size"":0.02388955,""num_orders"":1},{""price"":69523.02,""size"":1.6e-05,""num_orders"":1},{""price"":69523.66,""size"":0.04,""num_orders"":1},{""price"":69526.21,""size"":0.34381268,""num_orders"":1},{""price"":69526.22,""size"":0.23134083,""num_orders"":1},{""price"":69526.23,""size"":0.1730438,""num_orders"":1},{""price"":69526.24,""size"":1.6e-05,""num_orders"":1},{""price"":69526.32,""size"":0.1715,""num_orders"":1}]"
btc_usd_d10_20260819T235327Z,12,2026-08-20T00:05:27.503893Z,2026-08-20T00:05:27.504047Z,BTC-USD,10,ok,,134430606030,2026-08-20T00:05:25.035434842Z,1.08501832,1.30438733,-0.091809027906,69507.869999999995,69507.880000000005,69507.875,0.010000000009,0.001438685906,"[{""price"":69507.87,""size"":0.04618017,""num_orders"":4},{""price"":69506.47,""size"":0.01438715,""num_orders"":1},{""price"":69506.13,""size"":0.00604248,""num_orders"":1},{""price"":69503.78,""size"":0.0075531,""num_orders"":1},{""price"":69501.16,""size"":0.21236737,""num_orders"":1},{""price"":69501.15,""size"":0.17548602,""num_orders"":1},{""price"":69501.13,""size"":0.00719442,""num_orders"":1},{""price"":69500.66,""size"":0.1730438,""num_orders"":1},{""price"":69500.61,""size"":0.27126381,""num_orders"":1},{""price"":69500.58,""size"":0.1715,""num_orders"":1}]","[{""price"":69507.88,""size"":0.21180229,""num_orders"":4},{""price"":69510.24,""size"":0.00145984,""num_orders"":1},{""price"":69510.25,""size"":0.13811048,""num_orders"":1},{""price"":69510.26,""size"":0.23134083,""num_orders"":1},{""price"":69510.8,""size"":0.06,""num_orders"":2},{""price"":69511.07,""size"":0.00014748,""num_orders"":1},{""price"":69511.08,""size"":0.01485263,""num_orders"":1},{""price"":69512.42,""size"":0.24228915,""num_orders"":1},{""price"":69512.43,""size"":0.1730438,""num_orders"":1},{""price"":69512.47,""size"":0.23134083,""num_orders"":1}]"
btc_usd_d10_20260819T235327Z,13,2026-08-20T00:06:27.503893Z,2026-08-20T00:06:27.504029Z,BTC-USD,10,ok,,134430683696,2026-08-20T00:06:25.600124452Z,1.07364988,1.37135518,-0.121760606909,69527.770000000004,69530.479999999996,69529.125,2.709999999992,0.389764720898,"[{""price"":69527.77,""size"":0.02075715,""num_orders"":1},{""price"":69527.76,""size"":0.03145984,""num_orders"":2},{""price"":69527.75,""size"":0.00330926,""num_orders"":1},{""price"":69523.02,""size"":1.6e-05,""num_orders"":1},{""price"":69521.47,""size"":4.53e-05,""num_orders"":1},{""price"":69520.82,""size"":0.42381722,""num_orders"":1},{""price"":69520.81,""size"":0.18140428,""num_orders"":1},{""price"":69520.8,""size"":0.23134083,""num_orders"":1},{""price"":69520.79,""size"":0.1715,""num_orders"":1},{""price"":69520.0,""size"":0.01,""num_orders"":1}]","[{""price"":69530.48,""size"":0.2266438,""num_orders"":2},{""price"":69531.46,""size"":0.11505584,""num_orders"":1},{""price"":69531.48,""size"":0.21469771,""num_orders"":2},{""price"":69531.49,""size"":0.21140637,""num_orders"":2},{""price"":69531.51,""size"":0.23134083,""num_orders"":1},{""price"":69531.67,""size"":0.00200051,""num_orders"":1},{""price"":69532.68,""size"":1.6e-05,""num_orders"":1},{""price"":69532.69,""size"":0.00074281,""num_orders"":2},{""price"":69535.13,""size"":0.13811048,""num_orders"":1},{""price"":69535.14,""size"":0.23134083,""num_orders"":1}]"
btc_usd_d10_20260819T235327Z,14,2026-08-20T00:07:27.503893Z,2026-08-20T00:07:27.504060Z,BTC-USD,10,ok,,134430754613,2026-08-20T00:07:26.104498960Z,0.55018063,0.89554272,-0.238885323392,69471.5,69471.509999999995,69471.505000000005,0.009999999995,0.00143943909,"[{""price"":69471.5,""size"":1.594e-05,""num_orders"":1},{""price"":69470.0,""size"":0.01,""num_orders"":1},{""price"":69469.5,""size"":0.00071513,""num_orders"":1},{""price"":69469.24,""size"":0.00102923,""num_orders"":1},{""price"":69468.33,""size"":2.8e-07,""num_orders"":1},{""price"":69468.32,""size"":2.88e-05,""num_orders"":1},{""price"":69468.28,""size"":1.6e-05,""num_orders"":1},{""price"":69468.11,""size"":0.28922,""num_orders"":1},{""price"":69467.5,""size"":0.01781442,""num_orders"":2},{""price"":69466.79,""size"":0.23134083,""num_orders"":1}]","[{""price"":69471.51,""size"":0.1136,""num_orders"":3},{""price"":69472.63,""size"":0.01273535,""num_orders"":1},{""price"":69473.4,""size"":0.23134083,""num_orders"":1},{""price"":69473.42,""size"":0.11515196,""num_orders"":1},{""price"":69474.37,""size"":0.00604559,""num_orders"":1},{""price"":69474.83,""size"":0.00107957,""num_orders"":1},{""price"":69475.72,""size"":0.00276112,""num_orders"":1},{""price"":69475.73,""size"":0.23134083,""num_orders"":1},{""price"":69476.71,""size"":0.00755699,""num_orders"":1},{""price"":69478.03,""size"":0.17393048,""num_orders"":1}]"
btc_usd_d10_20260819T235327Z,15,2026-08-20T00:08:27.503893Z,2026-08-20T00:08:27.504026Z,BTC-USD,10,ok,,134430818921,2026-08-20T00:08:25.180125802Z,2.24182555,0.41901374,0.68505144856,69505.550000000003,69505.559999999998,69505.554999999993,0.009999999995,0.001438733925,"[{""price"":69505.55,""size"":0.00770359,""num_orders"":4},{""price"":69505.5,""size"":1.0,""num_orders"":1},{""price"":69504.55,""size"":0.1730438,""num_orders"":1},{""price"":69503.91,""size"":0.1730438,""num_orders"":1},{""price"":69502.73,""size"":0.02746308,""num_orders"":1},{""price"":69501.29,""size"":0.23134083,""num_orders"":1},{""price"":69500.48,""size"":1.6e-05,""num_orders"":1},{""price"":69500.01,""size"":0.22644474,""num_orders"":2},{""price"":69500.0,""size"":0.17142888,""num_orders"":2},{""price"":69499.2,""size"":0.23134083,""num_orders"":1}]","[{""price"":69505.56,""size"":0.1150987,""num_orders"":1},{""price"":69507.83,""size"":0.00145966,""num_orders"":1},{""price"":69510.14,""size"":1.6e-05,""num_orders"":1},{""price"":69510.57,""size"":0.00604253,""num_orders"":1},{""price"":69510.82,""size"":0.03582,""num_orders"":1},{""price"":69510.83,""size"":0.06,""num_orders"":2},{""price"":69511.51,""size"":0.09030016,""num_orders"":1},{""price"":69511.52,""size"":0.04173973,""num_orders"":1},{""price"":69512.92,""size"":0.00755317,""num_orders"":1},{""price"":69512.95,""size"":0.06098379,""num_orders"":1}]"
btc_usd_d10_20260819T235327Z,16,2026-08-20T00:09:27.503893Z,2026-08-20T00:09:27.504063Z,BTC-USD,10,ok,,134430878811,2026-08-20T00:09:26.066136228Z,0.31906683,0.4780986,-0.199496571245,69583.559999999998,69583.570000000007,69583.565000000002,0.010000000009,0.001437120965,"[{""price"":69583.56,""size"":0.19390047,""num_orders"":4},{""price"":69583.52,""size"":0.04684128,""num_orders"":1},{""price"":69583.51,""size"":0.00145776,""num_orders"":1},{""price"":69583.47,""size"":2.878e-05,""num_orders"":1},{""price"":69582.11,""size"":0.02874302,""num_orders"":2},{""price"":69581.99,""size"":0.00023302,""num_orders"":1},{""price"":69581.75,""size"":0.00603591,""num_orders"":1},{""price"":69580.98,""size"":3.61e-05,""num_orders"":2},{""price"":69580.97,""size"":0.00015406,""num_orders"":1},{""price"":69580.63,""size"":0.04163643,""num_orders"":1}]","[{""price"":69583.57,""size"":0.00011324,""num_orders"":1},{""price"":69584.97,""size"":0.11496736,""num_orders"":1},{""price"":69585.82,""size"":0.02874148,""num_orders"":2},{""price"":69590.64,""size"":1.6e-05,""num_orders"":1},{""price"":69591.68,""size"":0.00291969,""num_orders"":1},{""price"":69591.69,""size"":0.02,""num_orders"":1},{""price"":69591.7,""size"":0.23134083,""num_orders"":1},{""price"":69591.78,""size"":0.04,""num_orders"":1},{""price"":69591.98,""size"":0.02,""num_orders"":1},{""price"":69593.42,""size"":0.02,""num_orders"":1}]"
btc_usd_d10_20260819T235327Z,17,2026-08-20T00:10:27.503893Z,2026-08-20T00:10:27.504028Z,BTC-USD,10,ok,,134430954780,2026-08-20T00:10:27.024594602Z,1.63148062,1.03596323,0.22325395528,69597.539999999994,69597.550000000003,69597.544999999998,0.010000000009,0.001436832292,"[{""price"":69597.54,""size"":0.01738626,""num_orders"":3},{""price"":69597.49,""size"":0.00852698,""num_orders"":2},{""price"":69597.07,""size"":4.511e-05,""num_orders"":1},{""price"":69595.8,""size"":0.00603469,""num_orders"":1},{""price"":69594.19,""size"":0.00186868,""num_orders"":1},{""price"":69594.18,""size"":0.17323427,""num_orders"":1},{""price"":69594.17,""size"":0.1730438,""num_orders"":1},{""price"":69594.16,""size"":0.23134083,""num_orders"":1},{""price"":69594.15,""size"":0.02,""num_orders"":1},{""price"":69594.0,""size"":1.0,""num_orders"":1}]","[{""price"":69597.55,""size"":0.08350471,""num_orders"":3},{""price"":69597.6,""size"":0.01922105,""num_orders"":1},{""price"":69597.68,""size"":0.11494636,""num_orders"":1},{""price"":69600.3,""size"":1.6e-05,""num_orders"":1},{""price"":69601.71,""size"":0.00186895,""num_orders"":2},{""price"":69602.48,""size"":0.1730438,""num_orders"":1},{""price"":69602.49,""size"":0.24050553,""num_orders"":1},{""price"":69602.5,""size"":0.23134083,""num_orders"":1},{""price"":69603.52,""size"":1.6e-05,""num_orders"":1},{""price"":69604.51,""size"":0.1715,""num_orders"":1}]"
btc_usd_d10_20260819T235327Z,18,2026-08-20T00:11:27.503893Z,2026-08-20T00:11:27.504048Z,BTC-USD,10,ok,,134431007286,2026-08-20T00:11:26.845291901Z,1.42110761,0.30937003,0.642445504237,69597.449999999997,69597.460000000006,69597.455000000002,0.010000000009,0.00143683415,"[{""price"":69597.45,""size"":0.1715,""num_orders"":1},{""price"":69597.08,""size"":0.18962108,""num_orders"":6},{""price"":69596.05,""size"":0.02873726,""num_orders"":2},{""price"":69595.75,""size"":0.38550771,""num_orders"":1},{""price"":69595.74,""size"":0.23134083,""num_orders"":1},{""price"":69595.72,""size"":0.1730438,""num_orders"":1},{""price"":69595.0,""size"":0.01,""num_orders"":1},{""price"":69593.86,""size"":1.6e-05,""num_orders"":1},{""price"":69593.41,""size"":0.23134083,""num_orders"":1},{""price"":69593.2,""size"":1e-07,""num_orders"":1}]","[{""price"":69597.46,""size"":0.11494672,""num_orders"":1},{""price"":69598.46,""size"":0.00145974,""num_orders"":1},{""price"":69598.47,""size"":0.02396239,""num_orders"":2},{""price"":69598.86,""size"":0.0287361,""num_orders"":2},{""price"":69598.9,""size"":1.644e-05,""num_orders"":1},{""price"":69600.55,""size"":0.00603459,""num_orders"":1},{""price"":69601.13,""size"":0.06512573,""num_orders"":1},{""price"":69601.14,""size"":0.04154508,""num_orders"":1},{""price"":69602.9,""size"":0.00754324,""num_orders"":1},{""price"":69603.31,""size"":0.02,""num_orders"":1}]"
btc_usd_d10_20260819T235327Z,19,2026-08-20T00:12:27.503893Z,2026-08-20T00:12:27.504052Z,BTC-USD,10,ok,,134431054616,2026-08-20T00:12:25.683483278Z,0.89390401,0.466694,0.313986943138,69558.559999999998,69558.570000000007,69558.565000000002,0.010000000009,0.00143763748,"[{""price"":69558.56,""size"":0.00764082,""num_orders"":2},{""price"":69558.44,""size"":1.6e-05,""num_orders"":1},{""price"":69557.5,""size"":1e-07,""num_orders"":1},{""price"":69555.22,""size"":1.6e-05,""num_orders"":1},{""price"":69555.0,""size"":0.01,""num_orders"":1},{""price"":69554.26,""size"":0.1730438,""num_orders"":1},{""price"":69554.25,""size"":0.23134083,""num_orders"":1},{""price"":69552.5,""size"":1e-07,""num_orders"":1},{""price"":69552.14,""size"":0.24050553,""num_orders"":1},{""price"":69552.13,""size"":0.23134083,""num_orders"":1}]","[{""price"":69558.57,""size"":0.21095357,""num_orders"":7},{""price"":69558.99,""size"":0.05197012,""num_orders"":2},{""price"":69560.31,""size"":0.00603807,""num_orders"":1},{""price"":69561.55,""size"":0.04307807,""num_orders"":1},{""price"":69561.72,""size"":0.0436842,""num_orders"":2},{""price"":69562.14,""size"":0.00107822,""num_orders"":1},{""price"":69562.66,""size"":0.00754759,""num_orders"":1},{""price"":69562.98,""size"":0.03942457,""num_orders"":1},{""price"":69562.99,""size"":0.06,""num_orders"":2},{""price"":69565.79,""size"":0.00291959,""num_orders"":1}]"
btc_usd_d10_20260819T235327Z,20,2026-08-20T00:13:27.503893Z,2026-08-20T00:13:27.504015Z,BTC-USD,10,ok,,134431102090,2026-08-20T00:13:24.682667748Z,0.84308478,0.65925184,0.122364680161,69523.009999999995,69523.020000000004,69523.014999999999,0.010000000009,0.001438372604,"[{""price"":69523.01,""size"":0.06796251,""num_orders"":3},{""price"":69522.21,""size"":0.01734709,""num_orders"":1},{""price"":69522.2,""size"":0.00151319,""num_orders"":1},{""price"":69522.14,""size"":2.877e-05,""num_orders"":1},{""price"":69522.1,""size"":0.04118188,""num_orders"":1},{""price"":69520.4,""size"":0.00604124,""num_orders"":1},{""price"":69520.05,""size"":0.23134083,""num_orders"":1},{""price"":69518.05,""size"":0.00755155,""num_orders"":1},{""price"":69517.54,""size"":0.11565425,""num_orders"":2},{""price"":69516.7,""size"":0.35446347,""num_orders"":1}]","[{""price"":69523.02,""size"":1.6e-05,""num_orders"":1},{""price"":69525.45,""size"":0.0358986,""num_orders"":1},{""price"":69525.46,""size"":0.02,""num_orders"":1},{""price"":69525.86,""size"":0.04,""num_orders"":1},{""price"":69526.24,""size"":1.6e-05,""num_orders"":1},{""price"":69526.25,""size"":0.00011565,""num_orders"":1},{""price"":69526.96,""size"":0.23134233,""num_orders"":2},{""price"":69526.97,""size"":0.33186026,""num_orders"":2},{""price"":69527.6,""size"":1.5e-06,""num_orders"":1},{""price"":69527.61,""size"":1.5e-06,""num_orders"":1}]"
btc_usd_d10_20260819T235327Z,21,2026-08-20T00:14:27.503893Z,2026-08-20T00:14:27.504058Z,BTC-USD,10,ok,,134431168567,2026-08-20T00:14:26.631058887Z,3.31872699,0.8167787,0.604992104363,69487.589999999997,69487.600000000006,69487.595000000001,0.010000000009,0.001439105787,"[{""price"":69487.59,""size"":0.62463125,""num_orders"":14},{""price"":69487.55,""size"":0.94899728,""num_orders"":1},{""price"":69487.54,""size"":0.23134083,""num_orders"":1},{""price"":69487.53,""size"":0.07210159,""num_orders"":1},{""price"":69487.52,""size"":0.02,""num_orders"":1},{""price"":69487.5,""size"":1.0,""num_orders"":1},{""price"":69486.2,""size"":0.0287827,""num_orders"":2},{""price"":69485.85,""size"":0.00604424,""num_orders"":1},{""price"":69485.33,""size"":0.23134083,""num_orders"":1},{""price"":69484.72,""size"":0.15548827,""num_orders"":1}]","[{""price"":69487.6,""size"":1.57e-05,""num_orders"":1},{""price"":69490.82,""size"":1.6e-05,""num_orders"":1},{""price"":69494.04,""size"":1.6e-05,""num_orders"":1},{""price"":69494.61,""size"":1.644e-05,""num_orders"":1},{""price"":69494.91,""size"":0.11511634,""num_orders"":1},{""price"":69497.26,""size"":1.6e-05,""num_orders"":1},{""price"":69498.95,""size"":0.01825403,""num_orders"":2},{""price"":69498.96,""size"":0.0281338,""num_orders"":1},{""price"":69499.08,""size"":0.36737002,""num_orders"":1},{""price"":69499.09,""size"":0.28782437,""num_orders"":1}]"
btc_usd_d10_20260819T235327Z,22,2026-08-20T00:15:27.503893Z,2026-08-20T00:15:27.504043Z,BTC-USD,10,ok,,134431225059,2026-08-20T00:15:25.181988029Z,1.44784668,1.15491313,0.112547284953,69535.050000000003,69535.059999999998,69535.054999999993,0.009999999995,0.001438123547,"[{""price"":69535.05,""size"":0.23749196,""num_orders"":6},{""price"":69534.26,""size"":0.00291969,""num_orders"":1},{""price"":69534.25,""size"":0.73953713,""num_orders"":2},{""price"":69534.05,""size"":0.23134083,""num_orders"":1},{""price"":69533.65,""size"":0.02876306,""num_orders"":2},{""price"":69533.31,""size"":0.00604011,""num_orders"":1},{""price"":69533.27,""size"":0.02864958,""num_orders"":1},{""price"":69532.68,""size"":1.6e-05,""num_orders"":1},{""price"":69532.66,""size"":4.452e-05,""num_orders"":2},{""price"":69531.01,""size"":0.1730438,""num_orders"":1}]","[{""price"":69535.06,""size"":0.11067084,""num_orders"":1},{""price"":69536.46,""size"":0.02876188,""num_orders"":2},{""price"":69537.72,""size"":0.04388189,""num_orders"":1},{""price"":69539.73,""size"":0.1730438,""num_orders"":1},{""price"":69541.83,""size"":0.22821001,""num_orders"":2},{""price"":69542.34,""size"":1.6e-05,""num_orders"":1},{""price"":69542.49,""size"":0.02,""num_orders"":1},{""price"":69542.53,""size"":0.23134083,""num_orders"":1},{""price"":69542.59,""size"":0.04,""num_orders"":1},{""price"":69543.15,""size"":0.27898788,""num_orders"":1}]"
btc_usd_d10_20260819T235327Z,23,2026-08-20T00:16:27.503893Z,2026-08-20T00:16:27.504044Z,BTC-USD,10,ok,,134431284892,2026-08-20T00:16:25.528195123Z,3.07914147,1.00028327,0.509595919154,69590.630000000005,69590.639999999999,69590.635000000009,0.009999999995,0.00143697496,"[{""price"":69590.63,""size"":0.06403529,""num_orders"":3},{""price"":69588.85,""size"":0.00603529,""num_orders"":1},{""price"":69588.29,""size"":0.1852135,""num_orders"":2},{""price"":69588.28,""size"":0.11553667,""num_orders"":2},{""price"":69588.06,""size"":0.78058541,""num_orders"":2},{""price"":69588.04,""size"":0.30344242,""num_orders"":2},{""price"":69587.41,""size"":0.04160482,""num_orders"":1},{""price"":69586.5,""size"":1.00754412,""num_orders"":2},{""price"":69585.39,""size"":0.34380312,""num_orders"":1},{""price"":69585.38,""size"":0.23134083,""num_orders"":1}]","[{""price"":69590.64,""size"":1.566e-05,""num_orders"":1},{""price"":69593.86,""size"":1.6e-05,""num_orders"":1},{""price"":69594.76,""size"":0.14212359,""num_orders"":1},{""price"":69595.32,""size"":0.23134083,""num_orders"":1},{""price"":69595.33,""size"":0.07462006,""num_orders"":1},{""price"":69595.51,""size"":1.7e-06,""num_orders"":1},{""price"":69596.69,""size"":0.31924697,""num_orders"":2},{""price"":69597.08,""size"":1.6e-05,""num_orders"":1},{""price"":69597.63,""size"":0.23134083,""num_orders"":1},{""price"":69599.0,""size"":0.00156163,""num_orders"":1}]"
btc_usd_d10_20260819T235327Z,24,2026-08-20T00:17:27.503893Z,2026-08-20T00:17:27.504040Z,BTC-USD,10,ok,,134431343204,2026-08-20T00:17:26.682821467Z,0.7630714,0.71402487,0.033204694234,69655.610000000001,69655.619999999995,69655.614999999991,0.009999999995,0.001435634442,"[{""price"":69655.61,""size"":0.01247519,""num_orders"":3},{""price"":69654.48,""size"":0.00107672,""num_orders"":1},{""price"":69654.21,""size"":0.02871326,""num_orders"":2},{""price"":69653.87,""size"":0.00602955,""num_orders"":1},{""price"":69652.15,""size"":0.0414374,""num_orders"":1},{""price"":69651.05,""size"":0.00753703,""num_orders"":1},{""price"":69648.77,""size"":0.02,""num_orders"":1},{""price"":69648.76,""size"":0.24141762,""num_orders"":1},{""price"":69648.75,""size"":0.23134083,""num_orders"":1},{""price"":69648.73,""size"":0.1730438,""num_orders"":1}]","[{""price"":69655.62,""size"":0.11352837,""num_orders"":3},{""price"":69655.67,""size"":0.01485263,""num_orders"":1},{""price"":69655.95,""size"":0.00291919,""num_orders"":1},{""price"":69655.96,""size"":0.20768732,""num_orders"":2},{""price"":69655.97,""size"":0.11485018,""num_orders"":1},{""price"":69657.02,""size"":0.0287121,""num_orders"":2},{""price"":69657.75,""size"":0.23134083,""num_orders"":1},{""price"":69658.25,""size"":0.00011655,""num_orders"":1},{""price"":69658.26,""size"":1.6e-05,""num_orders"":1},{""price"":69660.01,""size"":1.7e-06,""num_orders"":1}]"
btc_usd_d10_20260819T235327Z,25,2026-08-20T00:18:27.503893Z,2026-08-20T00:18:27.504064Z,BTC-USD,10,ok,,134431402043,2026-08-20T00:18:25.315448555Z,0.76951714,1.30419397,-0.257835735856,69648.600000000006,69648.610000000001,69648.60500000001,0.009999999995,0.001435778936,"[{""price"":69648.6,""size"":0.02148199,""num_orders"":4},{""price"":69647.2,""size"":0.02871616,""num_orders"":2},{""price"":69645.38,""size"":1.6e-05,""num_orders"":1},{""price"":69645.0,""size"":0.01,""num_orders"":1},{""price"":69643.63,""size"":0.00145984,""num_orders"":1},{""price"":69643.62,""size"":0.24514539,""num_orders"":2},{""price"":69643.61,""size"":0.23134083,""num_orders"":1},{""price"":69643.6,""size"":1e-07,""num_orders"":1},{""price"":69642.16,""size"":1.6e-05,""num_orders"":1},{""price"":69641.5,""size"":0.23134083,""num_orders"":1}]","[{""price"":69648.61,""size"":0.17114621,""num_orders"":5},{""price"":69648.65,""size"":0.19470079,""num_orders"":2},{""price"":69648.66,""size"":0.03145262,""num_orders"":3},{""price"":69650.0,""size"":0.23134083,""num_orders"":1},{""price"":69650.01,""size"":0.028715,""num_orders"":2},{""price"":69650.04,""size"":0.04248862,""num_orders"":1},{""price"":69650.35,""size"":0.00603027,""num_orders"":1},{""price"":69652.35,""size"":0.02,""num_orders"":1},{""price"":69652.36,""size"":0.3469788,""num_orders"":1},{""price"":69652.37,""size"":0.23134083,""num_orders"":1}]"
btc_usd_d10_20260819T235327Z,26,2026-08-20T00:19:27.503893Z,2026-08-20T00:19:27.504046Z,BTC-USD,10,ok,,134431462080,2026-08-20T00:19:26.999796236Z,2.17464664,0.96321232,0.386070354163,69667.309999999998,69668.389999999999,69667.850000000006,1.080000000002,0.155021290308,"[{""price"":69667.31,""size"":0.0536,""num_orders"":1},{""price"":69663.97,""size"":0.1715,""num_orders"":1},{""price"":69663.93,""size"":0.0017616,""num_orders"":1},{""price"":69663.92,""size"":0.23134083,""num_orders"":1},{""price"":69663.36,""size"":0.1730438,""num_orders"":1},{""price"":69661.5,""size"":1.0,""num_orders"":1},{""price"":69661.47,""size"":0.23134083,""num_orders"":1},{""price"":69661.01,""size"":0.00861716,""num_orders"":1},{""price"":69659.94,""size"":0.07210159,""num_orders"":1},{""price"":69659.38,""size"":0.23134083,""num_orders"":1}]","[{""price"":69668.39,""size"":0.00441963,""num_orders"":1},{""price"":69671.14,""size"":1.6e-05,""num_orders"":1},{""price"":69672.46,""size"":0.23134083,""num_orders"":1},{""price"":69674.36,""size"":1.6e-05,""num_orders"":1},{""price"":69674.69,""size"":0.06,""num_orders"":2},{""price"":69675.34,""size"":0.40438463,""num_orders"":2},{""price"":69675.35,""size"":0.07210159,""num_orders"":1},{""price"":69675.36,""size"":0.1715,""num_orders"":1},{""price"":69675.55,""size"":0.01941611,""num_orders"":2},{""price"":69677.58,""size"":1.753e-05,""num_orders"":2}]"
btc_usd_d10_20260819T235327Z,27,2026-08-20T00:20:27.503893Z,2026-08-20T00:20:27.504047Z,BTC-USD,10,ok,,134431535323,2026-08-20T00:20:25.190100170Z,0.56095454,1.31145151,-0.400819560479,69729.860000000001,69729.869999999995,69729.864999999991,0.009999999995,0.001434105744,"[{""price"":69729.86,""size"":0.04152857,""num_orders"":2},{""price"":69729.1,""size"":1.6e-05,""num_orders"":1},{""price"":69725.88,""size"":2.754e-05,""num_orders"":2},{""price"":69725.4,""size"":0.00156163,""num_orders"":1},{""price"":69725.0,""size"":0.01,""num_orders"":1},{""price"":69724.99,""size"":4.532e-05,""num_orders"":1},{""price"":69722.66,""size"":1.6e-05,""num_orders"":1},{""price"":69722.24,""size"":0.00156163,""num_orders"":1},{""price"":69721.07,""size"":0.18631626,""num_orders"":1},{""price"":69721.06,""size"":0.31988159,""num_orders"":1}]","[{""price"":69729.87,""size"":0.1252,""num_orders"":3},{""price"":69729.88,""size"":0.0034644,""num_orders"":1},{""price"":69732.64,""size"":0.43990493,""num_orders"":1},{""price"":69732.65,""size"":0.23134083,""num_orders"":1},{""price"":69735.29,""size"":0.1730438,""num_orders"":1},{""price"":69735.3,""size"":0.00981108,""num_orders"":1},{""price"":69735.33,""size"":0.23134083,""num_orders"":1},{""price"":69735.35,""size"":0.07210159,""num_orders"":1},{""price"":69735.36,""size"":0.01922105,""num_orders"":1},{""price"":69737.05,""size"":0.006023,""num_orders"":1}]"
btc_usd_d10_20260819T235327Z,28,2026-08-20T00:21:27.503893Z,2026-08-20T00:21:27.504018Z,BTC-USD,10,ok,,134431600436,2026-08-20T00:21:26.047420188Z,0.45899833,1.80473976,-0.594477530747,69727.539999999994,69727.550000000003,69727.544999999998,0.010000000009,0.001434153462,"[{""price"":69727.54,""size"":0.06211135,""num_orders"":4},{""price"":69726.36,""size"":0.00023301,""num_orders"":1},{""price"":69726.15,""size"":0.040726,""num_orders"":1},{""price"":69726.14,""size"":0.02868364,""num_orders"":2},{""price"":69725.79,""size"":0.00602344,""num_orders"":1},{""price"":69725.02,""size"":2.209e-05,""num_orders"":1},{""price"":69724.45,""size"":0.0403011,""num_orders"":1},{""price"":69723.44,""size"":0.0075293,""num_orders"":1},{""price"":69722.44,""size"":0.00291949,""num_orders"":1},{""price"":69722.43,""size"":0.27044891,""num_orders"":1}]","[{""price"":69727.55,""size"":0.11530594,""num_orders"":2},{""price"":69728.95,""size"":0.0286825,""num_orders"":2},{""price"":69729.1,""size"":1.6e-05,""num_orders"":1},{""price"":69731.05,""size"":0.23134083,""num_orders"":1},{""price"":69731.51,""size"":0.012265,""num_orders"":1},{""price"":69732.32,""size"":1.6e-05,""num_orders"":1},{""price"":69733.28,""size"":0.02,""num_orders"":1},{""price"":69733.29,""size"":0.13811048,""num_orders"":1},{""price"":69733.3,""size"":0.23134083,""num_orders"":1},{""price"":69735.53,""size"":1.02766218,""num_orders"":3}]"
btc_usd_d10_20260819T235327Z,29,2026-08-20T00:22:27.503893Z,2026-08-20T00:22:27.504051Z,BTC-USD,10,ok,,134431670014,2026-08-20T00:22:27.104376286Z,1.35432969,0.69295414,0.323050248485,69693.559999999998,69694.649999999994,69694.104999999996,1.089999999997,0.156397732634,"[{""price"":69693.56,""size"":0.00602633,""num_orders"":1},{""price"":69693.55,""size"":0.27594471,""num_orders"":3},{""price"":69693.53,""size"":0.04244503,""num_orders"":1},{""price"":69693.37,""size"":0.07210159,""num_orders"":1},{""price"":69692.83,""size"":0.23134083,""num_orders"":1},{""price"":69692.82,""size"":0.11536337,""num_orders"":2},{""price"":69692.14,""size"":0.02869764,""num_orders"":2},{""price"":69691.62,""size"":0.00602639,""num_orders"":1},{""price"":69690.54,""size"":0.34504297,""num_orders"":1},{""price"":69690.53,""size"":0.23134083,""num_orders"":1}]","[{""price"":69694.65,""size"":0.002884,""num_orders"":1},{""price"":69694.66,""size"":0.00432855,""num_orders"":2},{""price"":69696.06,""size"":0.02869602,""num_orders"":2},{""price"":69696.9,""size"":1.6e-05,""num_orders"":1},{""price"":69700.12,""size"":1.6e-05,""num_orders"":1},{""price"":69702.67,""size"":0.1730438,""num_orders"":1},{""price"":69703.34,""size"":1.6e-05,""num_orders"":1},{""price"":69703.42,""size"":0.02,""num_orders"":1},{""price"":69703.43,""size"":0.23134083,""num_orders"":1},{""price"":69704.37,""size"":0.23261294,""num_orders"":2}]"
btc_usd_d10_20260819T235327Z,30,2026-08-20T00:23:27.503893Z,2026-08-20T00:23:27.504029Z,BTC-USD,10,ok,,134431741912,2026-08-20T00:23:27.047712007Z,0.88628291,0.95237296,-0.03594476328,69674.710000000006,69676.169999999998,69675.440000000002,1.459999999992,0.209542989609,"[{""price"":69674.71,""size"":0.1715,""num_orders"":1},{""price"":69674.68,""size"":0.00145984,""num_orders"":1},{""price"":69674.62,""size"":0.00107644,""num_orders"":1},{""price"":69671.49,""size"":0.00602808,""num_orders"":1},{""price"":69670.98,""size"":0.13845323,""num_orders"":1},{""price"":69670.97,""size"":0.23134083,""num_orders"":1},{""price"":69670.11,""size"":0.1413868,""num_orders"":1},{""price"":69670.1,""size"":0.115401,""num_orders"":2},{""price"":69669.13,""size"":0.0075351,""num_orders"":1},{""price"":69669.07,""size"":0.07210159,""num_orders"":1}]","[{""price"":69676.17,""size"":0.11481687,""num_orders"":1},{""price"":69676.45,""size"":0.012238,""num_orders"":1},{""price"":69680.8,""size"":1.6e-05,""num_orders"":1},{""price"":69681.47,""size"":0.02,""num_orders"":1},{""price"":69681.57,""size"":0.3010428,""num_orders"":1},{""price"":69681.58,""size"":0.23134083,""num_orders"":1},{""price"":69683.47,""size"":0.04,""num_orders"":1},{""price"":69683.72,""size"":0.23134083,""num_orders"":1},{""price"":69684.02,""size"":1.6e-05,""num_orders"":1},{""price"":69684.32,""size"":0.00156163,""num_orders"":1}]"
btc_usd_d10_20260819T235327Z,31,2026-08-20T00:24:27.503893Z,2026-08-20T00:24:27.504053Z,BTC-USD,10,ok,,134431790409,2026-08-20T00:24:26.604198655Z,0.71022279,0.21097111,0.541961556628,69657.690000000002,69657.699999999997,69657.695000000007,0.009999999995,0.001435591573,"[{""price"":69657.69,""size"":0.00662241,""num_orders"":3},{""price"":69656.48,""size"":0.18998244,""num_orders"":1},{""price"":69656.29,""size"":0.02871242,""num_orders"":2},{""price"":69655.96,""size"":0.00602946,""num_orders"":1},{""price"":69655.44,""size"":0.23134083,""num_orders"":1},{""price"":69655.43,""size"":0.18998244,""num_orders"":1},{""price"":69655.04,""size"":1.6e-05,""num_orders"":1},{""price"":69655.0,""size"":0.01,""num_orders"":1},{""price"":69654.16,""size"":0.00753679,""num_orders"":1},{""price"":69653.47,""size"":0.04,""num_orders"":1}]","[{""price"":69657.7,""size"":0.00602948,""num_orders"":1},{""price"":69658.24,""size"":0.11484642,""num_orders"":1},{""price"":69658.26,""size"":0.003,""num_orders"":1},{""price"":69658.27,""size"":0.00143524,""num_orders"":1},{""price"":69659.1,""size"":0.02871126,""num_orders"":2},{""price"":69659.44,""size"":0.00602948,""num_orders"":1},{""price"":69660.86,""size"":0.02,""num_orders"":1},{""price"":69660.91,""size"":0.00338244,""num_orders"":1},{""price"":69662.37,""size"":0.00753679,""num_orders"":1},{""price"":69663.03,""size"":0.02,""num_orders"":1}]"
btc_usd_d10_20260819T235327Z,32,2026-08-20T00:25:27.503893Z,2026-08-20T00:25:27.504044Z,BTC-USD,10,ok,,134431842047,2026-08-20T00:25:25.158441932Z,1.01778086,2.07407249,-0.341637041097,69619.619999999995,69619.630000000005,69619.625,0.010000000009,0.001436376598,"[{""price"":69619.62,""size"":1.6e-05,""num_orders"":1},{""price"":69618.64,""size"":0.0013821,""num_orders"":1},{""price"":69616.4,""size"":1.6e-05,""num_orders"":1},{""price"":69615.0,""size"":0.01,""num_orders"":1},{""price"":69613.18,""size"":1.6e-05,""num_orders"":1},{""price"":69610.0,""size"":0.01,""num_orders"":1},{""price"":69609.97,""size"":0.48140054,""num_orders"":2},{""price"":69609.96,""size"":0.40000019,""num_orders"":2},{""price"":69608.59,""size"":2.155e-05,""num_orders"":1},{""price"":69608.5,""size"":0.11492848,""num_orders"":1}]","[{""price"":69619.63,""size"":0.28641011,""num_orders"":2},{""price"":69622.57,""size"":0.0248352,""num_orders"":1},{""price"":69623.12,""size"":0.00107723,""num_orders"":1},{""price"":69626.06,""size"":0.87960447,""num_orders"":3},{""price"":69626.07,""size"":0.6130438,""num_orders"":2},{""price"":69626.6,""size"":0.1715,""num_orders"":1},{""price"":69626.7,""size"":0.07210159,""num_orders"":1},{""price"":69627.13,""size"":0.012294,""num_orders"":1},{""price"":69627.8,""size"":0.00717387,""num_orders"":1},{""price"":69627.81,""size"":0.00603222,""num_orders"":1}]"
btc_usd_d10_20260819T235327Z,33,2026-08-20T00:26:27.503893Z,2026-08-20T00:26:27.504029Z,BTC-USD,10,ok,,134431900923,2026-08-20T00:26:27.102743795Z,0.78668067,1.2522555,-0.228342032895,69672.529999999999,69672.539999999994,69672.535000000003,0.009999999995,0.001435285797,"[{""price"":69672.53,""size"":0.0060282,""num_orders"":1},{""price"":69672.47,""size"":0.00437984,""num_orders"":1},{""price"":69671.13,""size"":0.0287063,""num_orders"":2},{""price"":69670.79,""size"":0.0060282,""num_orders"":1},{""price"":69669.09,""size"":0.1730438,""num_orders"":1},{""price"":69669.08,""size"":0.21639928,""num_orders"":1},{""price"":69669.07,""size"":0.1730438,""num_orders"":1},{""price"":69668.57,""size"":0.1715,""num_orders"":1},{""price"":69668.43,""size"":0.00753525,""num_orders"":1},{""price"":69667.92,""size"":1.6e-05,""num_orders"":1}]","[{""price"":69672.54,""size"":0.0835999,""num_orders"":2},{""price"":69673.18,""size"":0.00291969,""num_orders"":1},{""price"":69673.19,""size"":0.11482178,""num_orders"":1},{""price"":69673.94,""size"":0.02870514,""num_orders"":2},{""price"":69674.51,""size"":0.23134083,""num_orders"":1},{""price"":69676.84,""size"":0.23134083,""num_orders"":1},{""price"":69679.12,""size"":0.04,""num_orders"":1},{""price"":69679.17,""size"":0.2881705,""num_orders"":1},{""price"":69679.18,""size"":0.23134083,""num_orders"":1},{""price"":69680.8,""size"":1.6e-05,""num_orders"":1}]"
btc_usd_d10_20260819T235327Z,34,2026-08-20T00:27:27.503893Z,2026-08-20T00:27:27.504023Z,BTC-USD,10,ok,,134431968986,2026-08-20T00:27:26.124102901Z,0.71407897,1.43211733,-0.334563227045,69684.020000000004,69684.029999999999,69684.024999999994,0.009999999995,0.001435049137,"[{""price"":69684.02,""size"":0.060016,""num_orders"":3},{""price"":69684.01,""size"":0.00363641,""num_orders"":1},{""price"":69681.72,""size"":0.00145984,""num_orders"":1},{""price"":69681.71,""size"":8.043e-05,""num_orders"":1},{""price"":69680.8,""size"":1.6e-05,""num_orders"":1},{""price"":69680.68,""size"":0.1730438,""num_orders"":1},{""price"":69680.0,""size"":0.01,""num_orders"":1},{""price"":69679.56,""size"":0.11538533,""num_orders"":2},{""price"":69677.58,""size"":1.6e-05,""num_orders"":1},{""price"":69677.11,""size"":0.35042516,""num_orders"":1}]","[{""price"":69684.03,""size"":0.0536,""num_orders"":1},{""price"":69684.76,""size"":0.11480273,""num_orders"":1},{""price"":69687.07,""size"":0.23134083,""num_orders"":1},{""price"":69688.65,""size"":0.38592792,""num_orders"":1},{""price"":69688.66,""size"":0.1715,""num_orders"":1},{""price"":69690.44,""size"":0.07210159,""num_orders"":1},{""price"":69690.45,""size"":0.40284083,""num_orders"":2},{""price"":69691.49,""size"":1.3e-06,""num_orders"":1},{""price"":69691.51,""size"":1.7e-06,""num_orders"":1},{""price"":69693.0,""size"":4.3e-07,""num_orders"":1}]"
btc_usd_d10_20260819T235327Z,35,2026-08-20T00:28:27.503893Z,2026-08-20T00:28:27.504055Z,BTC-USD,10,ok,,134432020810,2026-08-20T00:28:27.034874819Z,1.0649879,0.81446377,0.133296393836,69651.820000000007,69651.830000000002,69651.825000000012,0.009999999995,0.00143571256,"[{""price"":69651.82,""size"":0.03544655,""num_orders"":4},{""price"":69650.47,""size"":0.02345561,""num_orders"":1},{""price"":69650.42,""size"":0.02871484,""num_orders"":2},{""price"":69650.0,""size"":0.01,""num_orders"":1},{""price"":69649.78,""size"":0.4417016,""num_orders"":2},{""price"":69648.97,""size"":0.00583,""num_orders"":1},{""price"":69648.76,""size"":0.23134083,""num_orders"":1},{""price"":69648.75,""size"":0.1730438,""num_orders"":1},{""price"":69648.6,""size"":1.6e-05,""num_orders"":1},{""price"":69647.36,""size"":0.11543867,""num_orders"":2}]","[{""price"":69651.83,""size"":0.00933067,""num_orders"":1},{""price"":69652.57,""size"":0.11485578,""num_orders"":1},{""price"":69652.81,""size"":0.00227337,""num_orders"":1},{""price"":69653.23,""size"":0.02871368,""num_orders"":2},{""price"":69653.57,""size"":0.00602999,""num_orders"":1},{""price"":69655.93,""size"":0.00753749,""num_orders"":1},{""price"":69658.55,""size"":0.00145984,""num_orders"":1},{""price"":69658.56,""size"":0.24142212,""num_orders"":1},{""price"":69658.57,""size"":0.23134083,""num_orders"":1},{""price"":69658.8,""size"":0.1715,""num_orders"":1}]"
btc_usd_d10_20260819T235327Z,36,2026-08-20T00:29:27.503893Z,2026-08-20T00:29:27.504041Z,BTC-USD,10,ok,,134432070111,2026-08-20T00:29:25.045914616Z,1.17580071,0.72122079,0.239628238267,69589.320000000007,69589.330000000002,69589.325000000012,0.009999999995,0.001437002011,"[{""price"":69589.32,""size"":0.31635,""num_orders"":5},{""price"":69587.97,""size"":0.20185059,""num_orders"":1},{""price"":69587.96,""size"":0.23134083,""num_orders"":1},{""price"":69587.42,""size"":3.107e-05,""num_orders"":2},{""price"":69587.4,""size"":0.04673629,""num_orders"":1},{""price"":69586.13,""size"":1.507e-05,""num_orders"":1},{""price"":69585.0,""size"":0.01,""num_orders"":1},{""price"":69584.89,""size"":0.13812003,""num_orders"":1},{""price"":69584.8,""size"":0.23134083,""num_orders"":1},{""price"":69584.2,""size"":1.6e-05,""num_orders"":1}]","[{""price"":69589.33,""size"":0.11053174,""num_orders"":1},{""price"":69590.91,""size"":0.00603542,""num_orders"":1},{""price"":69593.26,""size"":0.00754427,""num_orders"":1},{""price"":69593.87,""size"":0.00015941,""num_orders"":1},{""price"":69595.26,""size"":0.21793894,""num_orders"":2},{""price"":69595.95,""size"":0.23134083,""num_orders"":1},{""price"":69596.41,""size"":0.00107775,""num_orders"":1},{""price"":69597.08,""size"":1.6e-05,""num_orders"":1},{""price"":69597.11,""size"":0.00289274,""num_orders"":1},{""price"":69597.33,""size"":0.14368369,""num_orders"":1}]"
btc_usd_d10_20260819T235327Z,37,2026-08-20T00:30:27.503893Z,2026-08-20T00:30:27.504019Z,BTC-USD,10,ok,,134432127751,2026-08-20T00:30:25.183503694Z,0.98742986,1.35548608,-0.157093224608,69582.029999999999,69582.039999999994,69582.035000000003,0.009999999995,0.001437152563,"[{""price"":69582.03,""size"":0.00261102,""num_orders"":3},{""price"":69577.76,""size"":1.6e-05,""num_orders"":1},{""price"":69575.83,""size"":0.23134083,""num_orders"":1},{""price"":69575.0,""size"":0.01,""num_orders"":1},{""price"":69574.54,""size"":1.6e-05,""num_orders"":1},{""price"":69573.67,""size"":0.13811048,""num_orders"":1},{""price"":69573.66,""size"":0.23134083,""num_orders"":1},{""price"":69572.74,""size"":0.07210159,""num_orders"":1},{""price"":69572.73,""size"":0.1863306,""num_orders"":1},{""price"":69572.72,""size"":0.11556251,""num_orders"":2}]","[{""price"":69582.04,""size"":0.2048254,""num_orders"":5},{""price"":69582.09,""size"":0.02096842,""num_orders"":1},{""price"":69583.78,""size"":0.00603604,""num_orders"":1},{""price"":69585.46,""size"":0.00291744,""num_orders"":1},{""price"":69585.47,""size"":0.14261487,""num_orders"":1},{""price"":69585.48,""size"":0.23134083,""num_orders"":1},{""price"":69586.13,""size"":0.00754505,""num_orders"":1},{""price"":69587.8,""size"":0.3348534,""num_orders"":1},{""price"":69587.81,""size"":0.1730438,""num_orders"":1},{""price"":69587.84,""size"":0.23134083,""num_orders"":1}]"
btc_usd_d10_20260819T235327Z,38,2026-08-20T00:31:27.503893Z,2026-08-20T00:31:27.504046Z,BTC-USD,10,ok,,134432183693,2026-08-20T00:31:25.044961688Z,1.38453599,0.75483295,0.294340554463,69535.690000000002,69535.699999999997,69535.695000000007,0.009999999995,0.001438110311,"[{""price"":69535.69,""size"":0.12567271,""num_orders"":4},{""price"":69533.95,""size"":0.00604006,""num_orders"":1},{""price"":69532.0,""size"":0.00240374,""num_orders"":1},{""price"":69531.6,""size"":0.00755007,""num_orders"":1},{""price"":69530.37,""size"":0.00291969,""num_orders"":1},{""price"":69530.34,""size"":0.65734434,""num_orders"":1},{""price"":69530.33,""size"":0.23134083,""num_orders"":1},{""price"":69529.47,""size"":0.1730438,""num_orders"":1},{""price"":69529.45,""size"":0.1730438,""num_orders"":1},{""price"":69529.14,""size"":0.00517695,""num_orders"":3}]","[{""price"":69535.7,""size"":0.12700751,""num_orders"":2},{""price"":69536.81,""size"":0.10877046,""num_orders"":1},{""price"":69539.12,""size"":1.6e-05,""num_orders"":1},{""price"":69539.14,""size"":0.002,""num_orders"":1},{""price"":69539.52,""size"":0.04,""num_orders"":1},{""price"":69539.92,""size"":0.02,""num_orders"":1},{""price"":69540.87,""size"":0.04072834,""num_orders"":1},{""price"":69540.97,""size"":0.18496831,""num_orders"":1},{""price"":69540.98,""size"":0.23134083,""num_orders"":1},{""price"":69541.97,""size"":1.5e-06,""num_orders"":1}]"
btc_usd_d10_20260819T235327Z,39,2026-08-20T00:32:27.503893Z,2026-08-20T00:32:27.504045Z,BTC-USD,10,ok,,134432241556,2026-08-20T00:32:26.580307811Z,0.52096361,1.73830437,-0.538820879496,69500,69500.009999999995,69500.005000000005,0.009999999995,0.001438848817,"[{""price"":69500.0,""size"":0.45181004,""num_orders"":6},{""price"":69498.01,""size"":1.7e-06,""num_orders"":1},{""price"":69498.0,""size"":2.2e-06,""num_orders"":1},{""price"":69497.99,""size"":1.7e-06,""num_orders"":1},{""price"":69497.26,""size"":1.6e-05,""num_orders"":1},{""price"":69497.24,""size"":3.018e-05,""num_orders"":2},{""price"":69494.72,""size"":0.00156163,""num_orders"":1},{""price"":69494.04,""size"":1.6e-05,""num_orders"":1},{""price"":69492.56,""size"":0.06680912,""num_orders"":1},{""price"":69492.23,""size"":0.00071504,""num_orders"":1}]","[{""price"":69500.01,""size"":0.44980031,""num_orders"":4},{""price"":69502.1,""size"":0.23134083,""num_orders"":1},{""price"":69504.19,""size"":0.23134083,""num_orders"":1},{""price"":69505.58,""size"":0.07210159,""num_orders"":1},{""price"":69505.92,""size"":0.1730438,""num_orders"":1},{""price"":69505.93,""size"":0.0008,""num_orders"":1},{""price"":69506.93,""size"":0.19995247,""num_orders"":6},{""price"":69507.97,""size"":0.14254115,""num_orders"":1},{""price"":69507.98,""size"":0.23134083,""num_orders"":1},{""price"":69508.67,""size"":0.00604256,""num_orders"":1}]"
btc_usd_d10_20260819T235327Z,40,2026-08-20T00:33:27.503893Z,2026-08-20T00:33:27.504041Z,BTC-USD,10,ok,,134432301647,2026-08-20T00:33:26.629584074Z,0.6986121,0.58391089,0.089434038138,69519.809999999998,69519.820000000007,69519.815000000002,0.010000000009,0.001438438812,"[{""price"":69519.81,""size"":0.0010787,""num_orders"":1},{""price"":69519.8,""size"":0.29642184,""num_orders"":7},{""price"":69518.41,""size"":0.02876936,""num_orders"":2},{""price"":69516.58,""size"":1.6e-05,""num_orders"":1},{""price"":69515.0,""size"":0.01,""num_orders"":1},{""price"":69513.68,""size"":0.00156163,""num_orders"":1},{""price"":69513.39,""size"":0.00291797,""num_orders"":1},{""price"":69513.38,""size"":0.1715,""num_orders"":1},{""price"":69513.36,""size"":1.6e-05,""num_orders"":1},{""price"":69512.13,""size"":0.1863306,""num_orders"":1}]","[{""price"":69519.82,""size"":0.04368636,""num_orders"":2},{""price"":69520.33,""size"":0.11507425,""num_orders"":1},{""price"":69520.34,""size"":0.03736999,""num_orders"":1},{""price"":69520.92,""size"":0.01030718,""num_orders"":1},{""price"":69520.96,""size"":0.01922105,""num_orders"":1},{""price"":69521.22,""size"":0.0287682,""num_orders"":2},{""price"":69521.56,""size"":0.00604144,""num_orders"":1},{""price"":69522.72,""size"":0.02,""num_orders"":1},{""price"":69522.73,""size"":0.23134083,""num_orders"":1},{""price"":69523.65,""size"":0.07210159,""num_orders"":1}]"
btc_usd_d10_20260819T235327Z,41,2026-08-20T00:34:27.503893Z,2026-08-20T00:34:27.504026Z,BTC-USD,10,ok,,134432368620,2026-08-20T00:34:25.842838466Z,1.02883122,0.69454645,0.193970698251,69555.389999999999,69555.399999999994,69555.39499999999,0.009999999995,0.001437702998,"[{""price"":69555.39,""size"":0.00910521,""num_orders"":3},{""price"":69554.64,""size"":0.08496704,""num_orders"":2},{""price"":69553.99,""size"":0.02875464,""num_orders"":2},{""price"":69553.86,""size"":0.00193587,""num_orders"":3},{""price"":69552.72,""size"":2.156e-05,""num_orders"":1},{""price"":69552.0,""size"":1.6e-05,""num_orders"":1},{""price"":69551.77,""size"":0.11559734,""num_orders"":2},{""price"":69550.83,""size"":0.60820259,""num_orders"":1},{""price"":69550.56,""size"":0.1730438,""num_orders"":1},{""price"":69550.55,""size"":0.00718717,""num_orders"":1}]","[{""price"":69555.4,""size"":0.07060854,""num_orders"":3},{""price"":69556.8,""size"":0.02875348,""num_orders"":2},{""price"":69557.14,""size"":0.00603841,""num_orders"":1},{""price"":69557.26,""size"":0.11501317,""num_orders"":1},{""price"":69560.25,""size"":0.00220026,""num_orders"":1},{""price"":69560.5,""size"":0.02,""num_orders"":1},{""price"":69560.51,""size"":0.00754796,""num_orders"":1},{""price"":69560.54,""size"":0.02,""num_orders"":1},{""price"":69560.55,""size"":0.1930438,""num_orders"":2},{""price"":69560.56,""size"":0.23134083,""num_orders"":1}]"
btc_usd_d10_20260819T235327Z,42,2026-08-20T00:35:27.503893Z,2026-08-20T00:35:27.504040Z,BTC-USD,10,ok,,134432428252,2026-08-20T00:35:25.682985528Z,0.84689633,0.96047656,-0.062842720851,69501.25,69501.259999999995,69501.255000000005,0.009999999995,0.001438822938,"[{""price"":69501.25,""size"":0.05705678,""num_orders"":5},{""price"":69501.24,""size"":0.00054392,""num_orders"":1},{""price"":69500.48,""size"":1.6e-05,""num_orders"":1},{""price"":69500.01,""size"":0.00200633,""num_orders"":1},{""price"":69500.0,""size"":0.26151515,""num_orders"":4},{""price"":69498.75,""size"":0.10661412,""num_orders"":2},{""price"":69498.69,""size"":0.11568561,""num_orders"":2},{""price"":69498.12,""size"":0.07210159,""num_orders"":1},{""price"":69497.26,""size"":1.6e-05,""num_orders"":1},{""price"":69495.24,""size"":0.23134083,""num_orders"":1}]","[{""price"":69501.26,""size"":0.0320229,""num_orders"":2},{""price"":69502.54,""size"":0.04398559,""num_orders"":1},{""price"":69503.0,""size"":0.00604305,""num_orders"":1},{""price"":69504.12,""size"":0.11510109,""num_orders"":1},{""price"":69504.61,""size"":0.23134083,""num_orders"":1},{""price"":69505.02,""size"":0.174,""num_orders"":1},{""price"":69505.35,""size"":0.00755382,""num_orders"":1},{""price"":69505.41,""size"":0.00338548,""num_orders"":1},{""price"":69506.07,""size"":0.174,""num_orders"":1},{""price"":69507.0,""size"":0.1730438,""num_orders"":1}]"
btc_usd_d10_20260819T235327Z,43,2026-08-20T00:36:27.503893Z,2026-08-20T00:36:27.504063Z,BTC-USD,10,ok,,134432495360,2026-08-20T00:36:26.810665972Z,0.78335341,0.84388969,-0.037201743243,69483.619999999995,69483.630000000005,69483.625,0.010000000009,0.001439188011,"[{""price"":69483.62,""size"":0.00231009,""num_orders"":1},{""price"":69482.23,""size"":0.02880787,""num_orders"":3},{""price"":69481.16,""size"":0.00010933,""num_orders"":3},{""price"":69480.0,""size"":0.01,""num_orders"":1},{""price"":69477.94,""size"":1.6e-05,""num_orders"":1},{""price"":69477.66,""size"":0.00277589,""num_orders"":1},{""price"":69477.64,""size"":0.23134083,""num_orders"":1},{""price"":69477.51,""size"":0.1715,""num_orders"":1},{""price"":69475.7,""size"":0.02,""num_orders"":1},{""price"":69475.69,""size"":0.3164934,""num_orders"":1}]","[{""price"":69483.63,""size"":0.05964097,""num_orders"":3},{""price"":69483.68,""size"":0.12998757,""num_orders"":2},{""price"":69484.29,""size"":0.06,""num_orders"":2},{""price"":69484.46,""size"":0.29435669,""num_orders"":1},{""price"":69484.47,""size"":3.517e-05,""num_orders"":1},{""price"":69485.02,""size"":0.01439159,""num_orders"":1},{""price"":69485.06,""size"":0.0444186,""num_orders"":1},{""price"":69485.43,""size"":0.00604458,""num_orders"":1},{""price"":69485.58,""size"":0.00367369,""num_orders"":1},{""price"":69488.31,""size"":0.23134083,""num_orders"":1}]"
btc_usd_d10_20260819T235327Z,44,2026-08-20T00:37:27.503893Z,2026-08-20T00:37:27.504029Z,BTC-USD,10,ok,,134432555392,2026-08-20T00:37:27.044407482Z,2.40654843,1.0063974,0.41024707093,69517.330000000002,69518.809999999998,69518.070000000007,1.479999999996,0.212894287772,"[{""price"":69517.33,""size"":0.1730438,""num_orders"":1},{""price"":69517.32,""size"":0.00274715,""num_orders"":1},{""price"":69517.31,""size"":0.1730438,""num_orders"":1},{""price"":69513.36,""size"":1.6e-05,""num_orders"":1},{""price"":69512.87,""size"":0.795262,""num_orders"":2},{""price"":69511.76,""size"":0.23134083,""num_orders"":1},{""price"":69510.49,""size"":0.00107885,""num_orders"":1},{""price"":69510.14,""size"":1.6e-05,""num_orders"":1},{""price"":69510.02,""size"":0.02,""num_orders"":1},{""price"":69510.0,""size"":1.01,""num_orders"":2}]","[{""price"":69518.81,""size"":0.11507677,""num_orders"":1},{""price"":69518.82,""size"":0.04284484,""num_orders"":1},{""price"":69519.85,""size"":0.07210159,""num_orders"":1},{""price"":69520.06,""size"":0.00604157,""num_orders"":1},{""price"":69521.14,""size"":0.28797031,""num_orders"":1},{""price"":69521.15,""size"":0.23134083,""num_orders"":1},{""price"":69522.01,""size"":1.7e-06,""num_orders"":1},{""price"":69522.12,""size"":0.012127,""num_orders"":1},{""price"":69522.41,""size"":0.00755196,""num_orders"":1},{""price"":69523.35,""size"":0.23134083,""num_orders"":1}]"
btc_usd_d10_20260819T235327Z,45,2026-08-20T00:38:27.503893Z,2026-08-20T00:38:27.504065Z,BTC-USD,10,ok,,134432609991,2026-08-20T00:38:25.046716770Z,0.2621328,0.6852754,-0.446631768651,69534.869999999995,69534.880000000005,69534.875,0.010000000009,0.001438127272,"[{""price"":69534.87,""size"":0.00603968,""num_orders"":1},{""price"":69533.67,""size"":0.0002718,""num_orders"":2},{""price"":69533.47,""size"":0.02876312,""num_orders"":2},{""price"":69533.13,""size"":0.00604013,""num_orders"":1},{""price"":69532.67,""size"":0.00331844,""num_orders"":1},{""price"":69530.1,""size"":0.0075502,""num_orders"":1},{""price"":69529.72,""size"":0.00247557,""num_orders"":1},{""price"":69528.84,""size"":0.00134326,""num_orders"":1},{""price"":69528.83,""size"":0.02,""num_orders"":1},{""price"":69528.82,""size"":0.1863306,""num_orders"":1}]","[{""price"":69534.88,""size"":0.11516551,""num_orders"":2},{""price"":69534.9,""size"":0.06022509,""num_orders"":1},{""price"":69534.91,""size"":0.07210159,""num_orders"":1},{""price"":69534.93,""size"":0.0166,""num_orders"":1},{""price"":69535.9,""size"":1.6e-05,""num_orders"":1},{""price"":69536.28,""size"":0.02876196,""num_orders"":2},{""price"":69537.44,""size"":0.02292839,""num_orders"":1},{""price"":69538.6,""size"":0.13812003,""num_orders"":1},{""price"":69538.61,""size"":0.23134083,""num_orders"":1},{""price"":69539.12,""size"":1.6e-05,""num_orders"":1}]"
btc_usd_d10_20260819T235327Z,46,2026-08-20T00:39:27.503893Z,2026-08-20T00:39:27.504057Z,BTC-USD,10,ok,,134432690021,2026-08-20T00:39:26.189721431Z,1.60017794,0.63845564,0.429602373784,69645.369999999995,69645.380000000005,69645.375,0.010000000009,0.001435845526,"[{""price"":69645.37,""size"":0.0060305,""num_orders"":1},{""price"":69643.63,""size"":0.00603055,""num_orders"":1},{""price"":69642.88,""size"":0.0018279,""num_orders"":1},{""price"":69641.28,""size"":0.00753818,""num_orders"":1},{""price"":69638.99,""size"":0.04133535,""num_orders"":1},{""price"":69638.42,""size"":0.00719003,""num_orders"":1},{""price"":69638.41,""size"":0.18627255,""num_orders"":1},{""price"":69638.4,""size"":0.1715,""num_orders"":1},{""price"":69637.51,""size"":0.17245288,""num_orders"":1},{""price"":69637.5,""size"":1.0,""num_orders"":1}]","[{""price"":69645.38,""size"":0.0600159,""num_orders"":3},{""price"":69648.6,""size"":1.6e-05,""num_orders"":1},{""price"":69649.03,""size"":0.0005743,""num_orders"":1},{""price"":69651.26,""size"":0.00291949,""num_orders"":1},{""price"":69651.34,""size"":0.1801797,""num_orders"":1},{""price"":69651.82,""size"":1.6e-05,""num_orders"":1},{""price"":69652.05,""size"":0.22993718,""num_orders"":1},{""price"":69652.06,""size"":0.07185537,""num_orders"":1},{""price"":69652.49,""size"":1.7e-06,""num_orders"":1},{""price"":69654.36,""size"":0.09294,""num_orders"":1}]"
btc_usd_d10_20260819T235327Z,47,2026-08-20T00:40:27.503893Z,2026-08-20T00:40:27.504057Z,BTC-USD,10,ok,,134432761776,2026-08-20T00:40:26.546084705Z,1.50766781,0.61215162,0.422449279088,69571.320000000007,69571.330000000002,69571.325000000012,0.009999999995,0.001437373802,"[{""price"":69571.32,""size"":7e-08,""num_orders"":1},{""price"":69570.0,""size"":0.01005715,""num_orders"":2},{""price"":69568.1,""size"":1.6e-05,""num_orders"":1},{""price"":69567.49,""size"":0.22993718,""num_orders"":1},{""price"":69566.73,""size"":0.02518863,""num_orders"":2},{""price"":69566.02,""size"":0.0025156,""num_orders"":1},{""price"":69565.5,""size"":1.0,""num_orders"":1},{""price"":69565.4,""size"":0.22993718,""num_orders"":1},{""price"":69565.0,""size"":0.01,""num_orders"":1},{""price"":69564.88,""size"":1.6e-05,""num_orders"":1}]","[{""price"":69571.33,""size"":0.05467849,""num_orders"":3},{""price"":69571.38,""size"":0.04106315,""num_orders"":2},{""price"":69571.61,""size"":0.18789825,""num_orders"":2},{""price"":69573.07,""size"":0.00603696,""num_orders"":1},{""price"":69573.13,""size"":0.02899909,""num_orders"":1},{""price"":69573.2,""size"":0.04102668,""num_orders"":1},{""price"":69573.5,""size"":0.0058817,""num_orders"":1},{""price"":69574.74,""size"":0.1746613,""num_orders"":2},{""price"":69574.75,""size"":0.06,""num_orders"":2},{""price"":69575.23,""size"":0.011906,""num_orders"":1}]"
btc_usd_d10_20260819T235327Z,48,2026-08-20T00:41:27.503893Z,2026-08-20T00:41:27.504059Z,BTC-USD,10,ok,,134432826665,2026-08-20T00:41:26.047708395Z,1.75650304,0.81078589,0.368371919089,69487.600000000006,69487.610000000001,69487.60500000001,0.009999999995,0.001439105578,"[{""price"":69487.6,""size"":1.553e-05,""num_orders"":1},{""price"":69485.0,""size"":0.01,""num_orders"":1},{""price"":69484.38,""size"":1.6e-05,""num_orders"":1},{""price"":69483.37,""size"":0.00291969,""num_orders"":1},{""price"":69483.36,""size"":0.17245288,""num_orders"":1},{""price"":69483.35,""size"":0.22993718,""num_orders"":1},{""price"":69481.16,""size"":1.6e-05,""num_orders"":1},{""price"":69481.07,""size"":0.93970858,""num_orders"":2},{""price"":69481.06,""size"":0.22993718,""num_orders"":1},{""price"":69480.65,""size"":0.1715,""num_orders"":1}]","[{""price"":69487.61,""size"":0.24211046,""num_orders"":7},{""price"":69487.66,""size"":0.02381655,""num_orders"":1},{""price"":69487.97,""size"":0.00107932,""num_orders"":1},{""price"":69488.62,""size"":0.06,""num_orders"":2},{""price"":69489.0,""size"":0.02878154,""num_orders"":2},{""price"":69489.35,""size"":0.00604424,""num_orders"":1},{""price"":69490.05,""size"":0.13960593,""num_orders"":2},{""price"":69491.55,""size"":0.22993718,""num_orders"":1},{""price"":69491.7,""size"":0.0075553,""num_orders"":1},{""price"":69492.47,""size"":0.07185537,""num_orders"":1}]"
btc_usd_d10_20260819T235327Z,49,2026-08-20T00:42:27.503893Z,2026-08-20T00:42:27.504043Z,BTC-USD,10,ok,,134432901772,2026-08-20T00:42:26.598531490Z,0.79319479,1.12422431,-0.172643278666,69533.800000000003,69533.809999999998,69533.804999999993,0.009999999995,0.0014381494,"[{""price"":69533.8,""size"":0.06,""num_orders"":2},{""price"":69532.26,""size"":0.04904082,""num_orders"":2},{""price"":69529.93,""size"":0.02,""num_orders"":1},{""price"":69529.92,""size"":0.00144439,""num_orders"":1},{""price"":69529.91,""size"":0.00755026,""num_orders"":1},{""price"":69529.78,""size"":0.02,""num_orders"":1},{""price"":69529.77,""size"":0.39617479,""num_orders"":1},{""price"":69529.76,""size"":0.22993718,""num_orders"":1},{""price"":69529.46,""size"":1.6e-05,""num_orders"":1},{""price"":69529.31,""size"":0.00903135,""num_orders"":1}]","[{""price"":69533.81,""size"":0.11505194,""num_orders"":1},{""price"":69534.06,""size"":0.01135789,""num_orders"":1},{""price"":69537.82,""size"":0.15882839,""num_orders"":2},{""price"":69538.69,""size"":0.22993718,""num_orders"":1},{""price"":69539.12,""size"":1.6e-05,""num_orders"":1},{""price"":69539.74,""size"":0.04,""num_orders"":1},{""price"":69540.02,""size"":0.00035978,""num_orders"":1},{""price"":69540.57,""size"":0.00102414,""num_orders"":1},{""price"":69540.92,""size"":0.33771181,""num_orders"":1},{""price"":69540.93,""size"":0.22993718,""num_orders"":1}]"
btc_usd_d10_20260819T235327Z,50,2026-08-20T00:43:27.503893Z,2026-08-20T00:43:27.504036Z,BTC-USD,10,ok,,134432951976,2026-08-20T00:43:24.621266021Z,1.38179919,1.15285203,0.090326889236,69529.050000000003,69529.059999999998,69529.054999999993,0.009999999995,0.00143824765,"[{""price"":69529.05,""size"":0.05519758,""num_orders"":5},{""price"":69528.68,""size"":0.00107868,""num_orders"":1},{""price"":69526.24,""size"":1.6e-05,""num_orders"":1},{""price"":69525.99,""size"":0.00214036,""num_orders"":1},{""price"":69525.98,""size"":0.1863306,""num_orders"":1},{""price"":69525.97,""size"":0.49470873,""num_orders"":1},{""price"":69525.95,""size"":0.22993718,""num_orders"":1},{""price"":69525.01,""size"":0.17245288,""num_orders"":1},{""price"":69525.0,""size"":0.01,""num_orders"":1},{""price"":69523.67,""size"":0.22993718,""num_orders"":1}]","[{""price"":69529.06,""size"":0.03093844,""num_orders"":1},{""price"":69530.28,""size"":0.11505779,""num_orders"":1},{""price"":69534.42,""size"":0.09301414,""num_orders"":1},{""price"":69535.9,""size"":1.6e-05,""num_orders"":1},{""price"":69538.03,""size"":0.00077933,""num_orders"":1},{""price"":69538.04,""size"":0.02,""num_orders"":1},{""price"":69538.05,""size"":0.02,""num_orders"":1},{""price"":69538.06,""size"":0.47065627,""num_orders"":2},{""price"":69538.07,""size"":0.22993718,""num_orders"":1},{""price"":69538.08,""size"":0.17245288,""num_orders"":1}]"
btc_usd_d10_20260819T235327Z,51,2026-08-20T00:44:27.503893Z,2026-08-20T00:44:27.504055Z,BTC-USD,10,ok,,134432999098,2026-08-20T00:44:25.539533995Z,1.82235869,0.48729767,0.578034483017,69526.240000000005,69526.25,69526.244999999995,0.009999999995,0.001438305779,"[{""price"":69526.24,""size"":0.05916115,""num_orders"":5},{""price"":69525.0,""size"":0.01,""num_orders"":1},{""price"":69524.84,""size"":0.0287667,""num_orders"":2},{""price"":69524.65,""size"":0.32549657,""num_orders"":1},{""price"":69524.64,""size"":0.1863306,""num_orders"":1},{""price"":69524.54,""size"":0.1156426,""num_orders"":2},{""price"":69523.74,""size"":0.01331,""num_orders"":1},{""price"":69523.71,""size"":0.22993718,""num_orders"":1},{""price"":69523.43,""size"":0.85369789,""num_orders"":2},{""price"":69523.02,""size"":1.6e-05,""num_orders"":1}]","[{""price"":69526.25,""size"":0.00627214,""num_orders"":2},{""price"":69527.21,""size"":0.00107872,""num_orders"":1},{""price"":69527.65,""size"":0.02876554,""num_orders"":2},{""price"":69527.99,""size"":0.00604088,""num_orders"":1},{""price"":69529.01,""size"":0.03115752,""num_orders"":1},{""price"":69529.66,""size"":0.11505882,""num_orders"":1},{""price"":69530.34,""size"":0.0075511,""num_orders"":1},{""price"":69534.97,""size"":0.00291969,""num_orders"":1},{""price"":69534.98,""size"":0.19612326,""num_orders"":1},{""price"":69535.01,""size"":0.09233,""num_orders"":1}]"
btc_usd_d10_20260819T235327Z,52,2026-08-20T00:45:27.503893Z,2026-08-20T00:45:27.504041Z,BTC-USD,10,ok,,134433058769,2026-08-20T00:45:27.047001056Z,2.79547677,0.26013956,0.82973022009,69614.139999999999,69614.149999999994,69614.14499999999,0.009999999995,0.001436489667,"[{""price"":69614.14,""size"":0.21022,""num_orders"":3},{""price"":69614.1,""size"":0.00718632,""num_orders"":1},{""price"":69614.09,""size"":2.179e-05,""num_orders"":1},{""price"":69614.04,""size"":0.00364493,""num_orders"":3},{""price"":69613.51,""size"":1.08327199,""num_orders"":1},{""price"":69613.5,""size"":1.0,""num_orders"":1},{""price"":69613.38,""size"":0.00131787,""num_orders"":1},{""price"":69613.37,""size"":0.28736099,""num_orders"":1},{""price"":69612.53,""size"":0.17245288,""num_orders"":1},{""price"":69612.52,""size"":0.03,""num_orders"":1}]","[{""price"":69614.15,""size"":0.01747368,""num_orders"":1},{""price"":69616.4,""size"":1.6e-05,""num_orders"":1},{""price"":69616.8,""size"":0.01,""num_orders"":1},{""price"":69617.56,""size"":0.11491354,""num_orders"":1},{""price"":69618.86,""size"":0.07185537,""num_orders"":1},{""price"":69619.62,""size"":1.6e-05,""num_orders"":1},{""price"":69621.12,""size"":0.03271915,""num_orders"":2},{""price"":69621.38,""size"":0.011528,""num_orders"":1},{""price"":69622.84,""size"":1.6e-05,""num_orders"":1},{""price"":69623.08,""size"":0.00160182,""num_orders"":1}]"
btc_usd_d10_20260819T235327Z,53,2026-08-20T00:46:27.503893Z,2026-08-20T00:46:27.504032Z,BTC-USD,10,ok,,134433110716,2026-08-20T00:46:25.189925163Z,2.44843664,0.68642359,0.562070689193,69595.380000000005,69597.619999999995,69596.5,2.239999999991,0.321855265709,"[{""price"":69595.38,""size"":0.17291,""num_orders"":2},{""price"":69594.98,""size"":0.0536,""num_orders"":1},{""price"":69593.99,""size"":0.13797896,""num_orders"":1},{""price"":69593.98,""size"":0.006035,""num_orders"":1},{""price"":69592.6,""size"":0.00145985,""num_orders"":1},{""price"":69592.59,""size"":0.1863306,""num_orders"":1},{""price"":69592.58,""size"":0.0287387,""num_orders"":2},{""price"":69592.53,""size"":0.11552962,""num_orders"":2},{""price"":69592.51,""size"":0.74585391,""num_orders"":1},{""price"":69592.5,""size"":1.0,""num_orders"":1}]","[{""price"":69597.62,""size"":0.11494646,""num_orders"":1},{""price"":69598.44,""size"":0.04245004,""num_orders"":1},{""price"":69599.0,""size"":0.00107767,""num_orders"":1},{""price"":69599.38,""size"":0.03115752,""num_orders"":1},{""price"":69600.3,""size"":1.6e-05,""num_orders"":1},{""price"":69603.08,""size"":0.00145984,""num_orders"":1},{""price"":69603.09,""size"":0.22993718,""num_orders"":1},{""price"":69603.2,""size"":0.17245288,""num_orders"":1},{""price"":69603.21,""size"":0.09291,""num_orders"":1},{""price"":69603.52,""size"":1.6e-05,""num_orders"":1}]"
btc_usd_d10_20260819T235327Z,54,2026-08-20T00:47:27.503893Z,2026-08-20T00:47:27.504026Z,BTC-USD,10,ok,,134433164176,2026-08-20T00:47:27.034231803Z,1.99889046,0.49201077,0.604953609501,69594.300000000003,69594.309999999998,69594.304999999993,0.009999999995,0.001436899182,"[{""price"":69594.3,""size"":0.0040138,""num_orders"":1},{""price"":69594.01,""size"":0.17245288,""num_orders"":1},{""price"":69592.59,""size"":0.67418446,""num_orders"":2},{""price"":69592.58,""size"":0.0287387,""num_orders"":2},{""price"":69592.5,""size"":1.0,""num_orders"":1},{""price"":69592.27,""size"":0.0027445,""num_orders"":1},{""price"":69592.24,""size"":0.006035,""num_orders"":1},{""price"":69591.6,""size"":0.06300036,""num_orders"":1},{""price"":69590.77,""size"":0.00754356,""num_orders"":1},{""price"":69590.51,""size"":0.0401772,""num_orders"":1}]","[{""price"":69594.31,""size"":0.0535999,""num_orders"":1},{""price"":69594.96,""size"":0.11495085,""num_orders"":1},{""price"":69595.71,""size"":0.0287374,""num_orders"":2},{""price"":69595.94,""size"":7.62e-05,""num_orders"":1},{""price"":69599.65,""size"":0.00291889,""num_orders"":1},{""price"":69599.66,""size"":0.22993718,""num_orders"":1},{""price"":69600.28,""size"":0.03115752,""num_orders"":1},{""price"":69600.3,""size"":1.6e-05,""num_orders"":1},{""price"":69600.87,""size"":0.01061683,""num_orders"":1},{""price"":69601.83,""size"":0.02,""num_orders"":1}]"
btc_usd_d10_20260819T235327Z,55,2026-08-20T00:48:27.503893Z,2026-08-20T00:48:27.504028Z,BTC-USD,10,ok,,134433229107,2026-08-20T00:48:26.021338188Z,1.4560049,0.14083568,0.823607087941,69664.690000000002,69664.699999999997,69664.695000000007,0.009999999995,0.001435447323,"[{""price"":69664.69,""size"":0.44623893,""num_orders"":4},{""price"":69663.9,""size"":0.07185537,""num_orders"":1},{""price"":69662.95,""size"":0.00602887,""num_orders"":1},{""price"":69662.56,""size"":0.02,""num_orders"":1},{""price"":69662.55,""size"":0.19178394,""num_orders"":3},{""price"":69662.54,""size"":0.22993718,""num_orders"":1},{""price"":69661.74,""size"":0.11541484,""num_orders"":2},{""price"":69660.59,""size"":0.00753609,""num_orders"":1},{""price"":69660.01,""size"":0.1372725,""num_orders"":1},{""price"":69659.62,""size"":0.22993718,""num_orders"":1}]","[{""price"":69664.7,""size"":1.59e-05,""num_orders"":1},{""price"":69666.8,""size"":0.01,""num_orders"":1},{""price"":69667.92,""size"":1.6e-05,""num_orders"":1},{""price"":69670.12,""size"":0.11482685,""num_orders"":1},{""price"":69671.14,""size"":1.6e-05,""num_orders"":1},{""price"":69671.68,""size"":0.00156163,""num_orders"":1},{""price"":69673.79,""size"":0.00282167,""num_orders"":1},{""price"":69674.36,""size"":1.6e-05,""num_orders"":1},{""price"":69674.84,""size"":0.00156163,""num_orders"":1},{""price"":69675.0,""size"":0.01,""num_orders"":1}]"
btc_usd_d10_20260819T235327Z,56,2026-08-20T00:49:27.503893Z,2026-08-20T00:49:27.504021Z,BTC-USD,10,ok,,134433296527,2026-08-20T00:49:26.601423015Z,1.44019659,0.38033812,0.582168779413,69607.619999999995,69607.630000000005,69607.625,0.010000000009,0.001436624222,"[{""price"":69607.62,""size"":0.18121967,""num_orders"":3},{""price"":69607.07,""size"":0.35500082,""num_orders"":1},{""price"":69607.06,""size"":0.22993718,""num_orders"":1},{""price"":69606.95,""size"":0.1,""num_orders"":1},{""price"":69606.22,""size"":0.02873306,""num_orders"":2},{""price"":69605.88,""size"":0.00603382,""num_orders"":1},{""price"":69604.67,""size"":0.22993718,""num_orders"":1},{""price"":69602.86,""size"":0.00754231,""num_orders"":1},{""price"":69602.56,""size"":0.22993718,""num_orders"":1},{""price"":69602.45,""size"":0.07185537,""num_orders"":1}]","[{""price"":69607.63,""size"":2e-07,""num_orders"":1},{""price"":69607.7,""size"":0.11492982,""num_orders"":1},{""price"":69608.28,""size"":0.00042739,""num_orders"":1},{""price"":69609.91,""size"":0.00147501,""num_orders"":1},{""price"":69609.96,""size"":1.6e-05,""num_orders"":1},{""price"":69611.28,""size"":0.01061683,""num_orders"":1},{""price"":69613.07,""size"":0.00291969,""num_orders"":1},{""price"":69613.08,""size"":0.22993718,""num_orders"":1},{""price"":69613.18,""size"":1.6e-05,""num_orders"":1},{""price"":69615.35,""size"":0.02,""num_orders"":1}]"
btc_usd_d10_20260819T235327Z,57,2026-08-20T00:50:27.503893Z,2026-08-20T00:50:27.504039Z,BTC-USD,10,ok,,134433349438,2026-08-20T00:50:24.662482714Z,1.04696929,0.60042027,0.27106461692,69622.830000000002,69622.839999999997,69622.834999999992,0.009999999995,0.001436310371,"[{""price"":69622.83,""size"":0.11615389,""num_orders"":3},{""price"":69622.4,""size"":0.02075129,""num_orders"":1},{""price"":69621.43,""size"":0.02872678,""num_orders"":2},{""price"":69621.08,""size"":0.0060325,""num_orders"":1},{""price"":69619.79,""size"":0.00107723,""num_orders"":1},{""price"":69619.66,""size"":0.02,""num_orders"":1},{""price"":69619.65,""size"":0.22993718,""num_orders"":1},{""price"":69619.64,""size"":0.27938466,""num_orders"":1},{""price"":69619.63,""size"":0.17245288,""num_orders"":1},{""price"":69619.6,""size"":0.17245288,""num_orders"":1}]","[{""price"":69622.84,""size"":1.58e-05,""num_orders"":1},{""price"":69622.88,""size"":0.00961052,""num_orders"":1},{""price"":69624.03,""size"":0.11490286,""num_orders"":1},{""price"":69626.06,""size"":1.6e-05,""num_orders"":1},{""price"":69627.44,""size"":0.00156163,""num_orders"":1},{""price"":69629.02,""size"":0.00290498,""num_orders"":1},{""price"":69629.03,""size"":0.06900242,""num_orders"":1},{""price"":69629.28,""size"":1.6e-05,""num_orders"":1},{""price"":69630.08,""size"":0.22993718,""num_orders"":1},{""price"":69630.35,""size"":0.17245288,""num_orders"":1}]"
btc_usd_d10_20260819T235327Z,58,2026-08-20T00:51:27.503893Z,2026-08-20T00:51:27.504036Z,BTC-USD,10,ok,,134433403493,2026-08-20T00:51:26.131381096Z,1.2880749,1.18679923,0.040921543755,69568.100000000006,69568.110000000001,69568.10500000001,0.009999999995,0.001437440332,"[{""price"":69568.1,""size"":1.578e-05,""num_orders"":1},{""price"":69567.87,""size"":0.03133211,""num_orders"":2},{""price"":69565.08,""size"":0.53390828,""num_orders"":1},{""price"":69565.07,""size"":0.17245288,""num_orders"":1},{""price"":69565.05,""size"":0.22993718,""num_orders"":1},{""price"":69565.0,""size"":0.01,""num_orders"":1},{""price"":69564.88,""size"":1.6e-05,""num_orders"":1},{""price"":69563.07,""size"":0.00862012,""num_orders"":1},{""price"":69562.86,""size"":0.07185537,""num_orders"":1},{""price"":69562.54,""size"":0.22993718,""num_orders"":1}]","[{""price"":69568.11,""size"":0.21985883,""num_orders"":4},{""price"":69569.85,""size"":0.00603724,""num_orders"":1},{""price"":69572.2,""size"":0.00754656,""num_orders"":1},{""price"":69572.33,""size"":0.00439356,""num_orders"":1},{""price"":69574.46,""size"":0.00291969,""num_orders"":1},{""price"":69574.47,""size"":0.02,""num_orders"":1},{""price"":69574.49,""size"":0.17245288,""num_orders"":1},{""price"":69574.5,""size"":0.22993718,""num_orders"":1},{""price"":69576.58,""size"":0.29371611,""num_orders"":1},{""price"":69576.59,""size"":0.22993718,""num_orders"":1}]"
btc_usd_d10_20260819T235327Z,59,2026-08-20T00:52:27.503893Z,2026-08-20T00:52:27.504060Z,BTC-USD,10,ok,,134433480509,2026-08-20T00:52:26.546799614Z,3.3859285,0.28563317,0.844407804813,69466.880000000005,69466.899999999994,69466.889999999999,0.01999999999,0.002879069437,"[{""price"":69466.88,""size"":0.1715,""num_orders"":1},{""price"":69465.49,""size"":0.24022687,""num_orders"":1},{""price"":69465.48,""size"":0.17245288,""num_orders"":1},{""price"":69465.47,""size"":0.22993718,""num_orders"":1},{""price"":69464.17,""size"":0.04074507,""num_orders"":1},{""price"":69461.83,""size"":0.32044293,""num_orders"":1},{""price"":69461.82,""size"":0.17245288,""num_orders"":1},{""price"":69461.53,""size"":0.22993718,""num_orders"":1},{""price"":69460.51,""size"":0.76224908,""num_orders"":1},{""price"":69460.5,""size"":1.04598443,""num_orders"":3}]","[{""price"":69466.9,""size"":0.00107964,""num_orders"":1},{""price"":69468.28,""size"":0.10000041,""num_orders"":2},{""price"":69468.33,""size"":0.00274736,""num_orders"":2},{""price"":69471.5,""size"":1.6e-05,""num_orders"":1},{""price"":69472.45,""size"":0.00280514,""num_orders"":1},{""price"":69472.46,""size"":0.06900737,""num_orders"":1},{""price"":69472.94,""size"":0.010929,""num_orders"":1},{""price"":69473.93,""size"":0.00719288,""num_orders"":1},{""price"":69473.94,""size"":0.02,""num_orders"":1},{""price"":69473.96,""size"":0.07185537,""num_orders"":1}]"
btc_usd_d10_20260820T013806Z,0,2026-08-20T01:38:06.336903Z,2026-08-20T01:38:06.336933Z,BTC-USD,10,ok,,134436071076,2026-08-20T01:38:04.543836237Z,2.61011763,0.75348062,0.551979419659,69496,69496.009999999995,69496.005000000005,0.009999999995,0.001438931633,"[{""price"":69496.0,""size"":0.26521493,""num_orders"":3},{""price"":69495.88,""size"":0.00012962,""num_orders"":1},{""price"":69495.01,""size"":0.6526116,""num_orders"":2},{""price"":69495.0,""size"":1.0,""num_orders"":1},{""price"":69494.53,""size"":0.07198401,""num_orders"":1},{""price"":69494.49,""size"":0.02877926,""num_orders"":2},{""price"":69494.15,""size"":0.00604352,""num_orders"":1},{""price"":69493.46,""size"":0.31852874,""num_orders"":1},{""price"":69493.45,""size"":0.25914242,""num_orders"":1},{""price"":69492.88,""size"":0.00768353,""num_orders"":1}]","[{""price"":69496.01,""size"":0.00026882,""num_orders"":1},{""price"":69497.26,""size"":1.6e-05,""num_orders"":1},{""price"":69500.47,""size"":0.01061683,""num_orders"":1},{""price"":69500.48,""size"":0.00114667,""num_orders"":2},{""price"":69502.7,""size"":0.00222153,""num_orders"":1},{""price"":69502.71,""size"":0.08053532,""num_orders"":2},{""price"":69502.72,""size"":0.14,""num_orders"":3},{""price"":69503.7,""size"":1.6e-05,""num_orders"":1},{""price"":69504.66,""size"":0.1863306,""num_orders"":1},{""price"":69504.67,""size"":0.33232885,""num_orders"":1}]"
btc_usd_d10_20260820T013806Z,1,2026-08-20T01:39:06.336903Z,2026-08-20T01:39:06.337036Z,BTC-USD,10,ok,,134436125853,2026-08-20T01:39:05.545932296Z,2.6972571,0.41108007,0.735498404763,69539.110000000001,69539.119999999995,69539.114999999991,0.009999999995,0.001438039583,"[{""price"":69539.11,""size"":0.25914242,""num_orders"":1},{""price"":69535.91,""size"":0.00075862,""num_orders"":1},{""price"":69535.9,""size"":0.0060399,""num_orders"":1},{""price"":69535.87,""size"":0.15470802,""num_orders"":1},{""price"":69535.86,""size"":0.25914242,""num_orders"":1},{""price"":69535.24,""size"":0.00057524,""num_orders"":1},{""price"":69534.15,""size"":0.00604004,""num_orders"":1},{""price"":69534.01,""size"":0.75170802,""num_orders"":1},{""price"":69534.0,""size"":1.0,""num_orders"":1},{""price"":69533.77,""size"":0.25914242,""num_orders"":1}]","[{""price"":69539.12,""size"":1.6e-05,""num_orders"":1},{""price"":69539.13,""size"":0.00177741,""num_orders"":1},{""price"":69539.48,""size"":0.01099,""num_orders"":1},{""price"":69542.34,""size"":1.6e-05,""num_orders"":1},{""price"":69542.59,""size"":0.10424682,""num_orders"":1},{""price"":69542.86,""size"":0.1715,""num_orders"":1},{""price"":69543.4,""size"":0.11503609,""num_orders"":1},{""price"":69545.56,""size"":0.00155616,""num_orders"":2},{""price"":69546.94,""size"":2.159e-05,""num_orders"":1},{""price"":69548.43,""size"":0.00592,""num_orders"":1}]"
btc_usd_d10_20260820T013806Z,2,2026-08-20T01:40:06.336903Z,2026-08-20T01:40:06.337020Z,BTC-USD,10,ok,,134436172998,2026-08-20T01:40:04.186800333Z,1.54992602,0.82387182,0.305861850477,69539.119999999995,69539.130000000005,69539.125,0.010000000009,0.001438039378,"[{""price"":69539.12,""size"":0.00321698,""num_orders"":5},{""price"":69538.5,""size"":1.0,""num_orders"":1},{""price"":69535.9,""size"":1.6e-05,""num_orders"":1},{""price"":69535.0,""size"":0.01,""num_orders"":1},{""price"":69534.65,""size"":0.15471758,""num_orders"":1},{""price"":69534.64,""size"":0.25914242,""num_orders"":1},{""price"":69532.69,""size"":0.00718655,""num_orders"":1},{""price"":69532.68,""size"":1.6e-05,""num_orders"":1},{""price"":69531.83,""size"":0.00057527,""num_orders"":1},{""price"":69531.82,""size"":0.11505522,""num_orders"":1}]","[{""price"":69539.13,""size"":0.11466488,""num_orders"":2},{""price"":69539.18,""size"":0.00063158,""num_orders"":1},{""price"":69539.24,""size"":0.11504295,""num_orders"":1},{""price"":69539.35,""size"":0.04892631,""num_orders"":1},{""price"":69540.98,""size"":0.00603976,""num_orders"":1},{""price"":69542.27,""size"":0.00103143,""num_orders"":1},{""price"":69542.28,""size"":0.25914242,""num_orders"":1},{""price"":69542.99,""size"":0.09808117,""num_orders"":1},{""price"":69543.33,""size"":0.0075497,""num_orders"":1},{""price"":69544.4,""size"":0.17276162,""num_orders"":1}]"
btc_usd_d10_20260820T013806Z,3,2026-08-20T01:41:06.336903Z,2026-08-20T01:41:06.337038Z,BTC-USD,10,ok,,134436212313,2026-08-20T01:41:05.545051809Z,1.85698048,0.84935464,0.372321163242,69586.490000000005,69586.5,69586.494999999995,0.009999999995,0.001437060452,"[{""price"":69586.49,""size"":0.06603532,""num_orders"":3},{""price"":69586.48,""size"":0.6499993,""num_orders"":2},{""price"":69584.75,""size"":0.00603565,""num_orders"":1},{""price"":69582.4,""size"":0.00754456,""num_orders"":1},{""price"":69580.67,""size"":0.15473404,""num_orders"":2},{""price"":69580.66,""size"":0.25914242,""num_orders"":1},{""price"":69578.89,""size"":0.00057488,""num_orders"":1},{""price"":69578.88,""size"":0.1149774,""num_orders"":1},{""price"":69578.57,""size"":0.33879449,""num_orders"":1},{""price"":69578.56,""size"":0.25914242,""num_orders"":1}]","[{""price"":69586.5,""size"":0.15308056,""num_orders"":3},{""price"":69587.35,""size"":0.011023,""num_orders"":1},{""price"":69587.42,""size"":1.6e-05,""num_orders"":1},{""price"":69590.64,""size"":1.6e-05,""num_orders"":1},{""price"":69591.78,""size"":0.00291899,""num_orders"":1},{""price"":69591.79,""size"":0.24474563,""num_orders"":2},{""price"":69591.8,""size"":0.01,""num_orders"":1},{""price"":69591.94,""size"":0.02841204,""num_orders"":1},{""price"":69592.26,""size"":0.25914242,""num_orders"":1},{""price"":69593.14,""size"":0.14,""num_orders"":3}]"
btc_usd_d10_20260820T013806Z,4,2026-08-20T01:42:06.336903Z,2026-08-20T01:42:06.337040Z,BTC-USD,10,ok,,134436262952,2026-08-20T01:42:04.181172320Z,1.60072786,0.45741566,0.555506546988,69575.270000000004,69577.149999999994,69576.209999999992,1.87999999999,0.270207302178,"[{""price"":69575.27,""size"":0.00291956,""num_orders"":1},{""price"":69575.26,""size"":0.25604864,""num_orders"":1},{""price"":69575.24,""size"":0.00603654,""num_orders"":1},{""price"":69575.13,""size"":0.04103562,""num_orders"":1},{""price"":69575.11,""size"":0.25914242,""num_orders"":1},{""price"":69573.46,""size"":0.00603654,""num_orders"":1},{""price"":69572.5,""size"":0.00107795,""num_orders"":1},{""price"":69572.35,""size"":0.11556313,""num_orders"":2},{""price"":69570.6,""size"":0.65372504,""num_orders"":1},{""price"":69570.59,""size"":0.25914242,""num_orders"":1}]","[{""price"":69577.15,""size"":0.06,""num_orders"":2},{""price"":69577.76,""size"":1.6e-05,""num_orders"":1},{""price"":69577.98,""size"":0.11497892,""num_orders"":1},{""price"":69580.98,""size"":1.6e-05,""num_orders"":1},{""price"":69583.27,""size"":0.25914242,""num_orders"":1},{""price"":69584.2,""size"":1.6e-05,""num_orders"":1},{""price"":69584.64,""size"":0.00097432,""num_orders"":1},{""price"":69584.65,""size"":0.00225043,""num_orders"":1},{""price"":69585.18,""size"":0.02,""num_orders"":1},{""price"":69585.19,""size"":2.157e-05,""num_orders"":1}]"
btc_usd_d10_20260820T013806Z,5,2026-08-20T01:43:06.336903Z,2026-08-20T01:43:06.337036Z,BTC-USD,10,ok,,134436306563,2026-08-20T01:43:05.500362876Z,1.78221977,3.6360016,-0.342138444225,69566.070000000007,69566.080000000002,69566.075000000012,0.009999999995,0.001437482278,"[{""price"":69566.07,""size"":0.00489748,""num_orders"":3},{""price"":69566.02,""size"":1.4e-07,""num_orders"":1},{""price"":69564.67,""size"":0.02875022,""num_orders"":2},{""price"":69561.66,""size"":1.6e-05,""num_orders"":1},{""price"":69561.63,""size"":0.25914242,""num_orders"":1},{""price"":69560.12,""size"":0.00214411,""num_orders"":1},{""price"":69560.0,""size"":0.01,""num_orders"":1},{""price"":69559.57,""size"":0.18375745,""num_orders"":1},{""price"":69559.56,""size"":1.03436953,""num_orders"":1},{""price"":69559.54,""size"":0.25914242,""num_orders"":1}]","[{""price"":69566.08,""size"":0.06546416,""num_orders"":3},{""price"":69566.15,""size"":0.11499845,""num_orders"":1},{""price"":69566.58,""size"":0.1,""num_orders"":1},{""price"":69567.27,""size"":0.0110639,""num_orders"":1},{""price"":69567.48,""size"":0.02874906,""num_orders"":2},{""price"":69567.66,""size"":0.00188931,""num_orders"":1},{""price"":69567.89,""size"":0.00603742,""num_orders"":1},{""price"":69569.89,""size"":0.00278324,""num_orders"":1},{""price"":69569.9,""size"":0.25914242,""num_orders"":1},{""price"":69569.91,""size"":3.04587364,""num_orders"":2}]"
btc_usd_d10_20260820T013806Z,6,2026-08-20T01:44:06.336903Z,2026-08-20T01:44:06.337029Z,BTC-USD,10,ok,,134436335519,2026-08-20T01:44:04.162294542Z,1.71604037,0.55758452,0.509519338522,69584.369999999995,69584.380000000005,69584.375,0.010000000009,0.001437104236,"[{""price"":69584.37,""size"":0.00781874,""num_orders"":8},{""price"":69582.99,""size"":0.00291969,""num_orders"":1},{""price"":69582.98,""size"":0.02076272,""num_orders"":1},{""price"":69582.97,""size"":0.02874266,""num_orders"":2},{""price"":69582.64,""size"":0.00603577,""num_orders"":1},{""price"":69582.02,""size"":0.25914242,""num_orders"":1},{""price"":69582.01,""size"":0.61752499,""num_orders"":1},{""price"":69581.06,""size"":0.11554866,""num_orders"":2},{""price"":69581.01,""size"":0.65,""num_orders"":1},{""price"":69580.29,""size"":0.00754472,""num_orders"":1}]","[{""price"":69584.38,""size"":0.07602178,""num_orders"":5},{""price"":69585.65,""size"":0.025,""num_orders"":1},{""price"":69585.78,""size"":0.02885806,""num_orders"":4},{""price"":69586.01,""size"":0.11496564,""num_orders"":1},{""price"":69586.12,""size"":0.00603583,""num_orders"":1},{""price"":69588.47,""size"":0.00754479,""num_orders"":1},{""price"":69590.63,""size"":0.02,""num_orders"":1},{""price"":69590.64,""size"":1.6e-05,""num_orders"":1},{""price"":69591.01,""size"":0.02,""num_orders"":1},{""price"":69591.02,""size"":0.25914242,""num_orders"":1}]"
btc_usd_d10_20260820T013806Z,7,2026-08-20T01:45:06.336903Z,2026-08-20T01:45:06.337038Z,BTC-USD,10,ok,,134436380267,2026-08-20T01:45:03.827822922Z,2.08873956,0.91500124,0.390758856423,69597.210000000006,69600.289999999994,69598.75,3.079999999987,0.442536683487,"[{""price"":69597.21,""size"":0.17312655,""num_orders"":3},{""price"":69597.2,""size"":0.11552188,""num_orders"":2},{""price"":69597.17,""size"":0.00603459,""num_orders"":1},{""price"":69597.1,""size"":0.75494117,""num_orders"":2},{""price"":69597.0,""size"":1.0,""num_orders"":1},{""price"":69595.68,""size"":0.02873742,""num_orders"":2},{""price"":69595.34,""size"":0.00603473,""num_orders"":1},{""price"":69595.09,""size"":0.00023315,""num_orders"":1},{""price"":69595.06,""size"":0.00215532,""num_orders"":1},{""price"":69594.54,""size"":0.00195475,""num_orders"":1}]","[{""price"":69600.29,""size"":0.31914242,""num_orders"":3},{""price"":69600.3,""size"":1.6e-05,""num_orders"":1},{""price"":69602.66,""size"":0.11551283,""num_orders"":2},{""price"":69603.46,""size"":0.011513,""num_orders"":1},{""price"":69603.52,""size"":1.6e-05,""num_orders"":1},{""price"":69604.0,""size"":0.00552445,""num_orders"":1},{""price"":69604.12,""size"":0.25914242,""num_orders"":1},{""price"":69604.13,""size"":0.19413242,""num_orders"":1},{""price"":69604.3,""size"":0.01,""num_orders"":1},{""price"":69604.51,""size"":1.7e-06,""num_orders"":1}]"
btc_usd_d10_20260820T013806Z,8,2026-08-20T01:46:06.336903Z,2026-08-20T01:46:06.337036Z,BTC-USD,10,ok,,134436425267,2026-08-20T01:46:05.043294219Z,1.83920631,0.6530753,0.475921743851,69627.630000000005,69627.800000000003,69627.714999999997,0.169999999998,0.02441556498,"[{""price"":69627.63,""size"":0.00603208,""num_orders"":1},{""price"":69627.55,""size"":0.74732283,""num_orders"":3},{""price"":69627.25,""size"":0.00360924,""num_orders"":1},{""price"":69627.0,""size"":1.0,""num_orders"":1},{""price"":69626.21,""size"":0.02872482,""num_orders"":2},{""price"":69626.2,""size"":0.00431252,""num_orders"":1},{""price"":69625.8,""size"":0.00603203,""num_orders"":1},{""price"":69625.75,""size"":0.04239348,""num_orders"":1},{""price"":69624.99,""size"":0.00073091,""num_orders"":1},{""price"":69624.98,""size"":4.84e-05,""num_orders"":1}]","[{""price"":69627.8,""size"":0.11489683,""num_orders"":2},{""price"":69629.3,""size"":0.00574958,""num_orders"":1},{""price"":69632.5,""size"":1.6e-05,""num_orders"":1},{""price"":69632.58,""size"":0.00040133,""num_orders"":1},{""price"":69633.51,""size"":0.00291959,""num_orders"":1},{""price"":69633.52,""size"":0.25914242,""num_orders"":1},{""price"":69635.58,""size"":0.01078722,""num_orders"":1},{""price"":69635.63,""size"":0.25914242,""num_orders"":1},{""price"":69635.72,""size"":1.6e-05,""num_orders"":1},{""price"":69636.98,""size"":3.91e-06,""num_orders"":1}]"
btc_usd_d10_20260820T013806Z,9,2026-08-20T01:47:06.336903Z,2026-08-20T01:47:06.337035Z,BTC-USD,10,ok,,134436482813,2026-08-20T01:47:04.184251398Z,2.51957081,0.23983018,0.826172288211,69718.630000000005,69718.639999999999,69718.635000000009,0.009999999995,0.001434336744,"[{""price"":69718.63,""size"":0.25914242,""num_orders"":1},{""price"":69716.49,""size"":0.25914242,""num_orders"":1},{""price"":69713.16,""size"":0.46338039,""num_orders"":1},{""price"":69713.15,""size"":0.34426162,""num_orders"":2},{""price"":69713.13,""size"":0.17276162,""num_orders"":1},{""price"":69713.01,""size"":0.25914242,""num_orders"":1},{""price"":69713.0,""size"":1.59e-05,""num_orders"":1},{""price"":69710.0,""size"":0.01,""num_orders"":1},{""price"":69709.78,""size"":1.6e-05,""num_orders"":1},{""price"":69709.53,""size"":0.75170802,""num_orders"":1}]","[{""price"":69718.64,""size"":0.03782,""num_orders"":1},{""price"":69719.37,""size"":0.11474572,""num_orders"":1},{""price"":69719.38,""size"":0.02359878,""num_orders"":1},{""price"":69719.39,""size"":0.00291949,""num_orders"":1},{""price"":69719.45,""size"":0.00011575,""num_orders"":1},{""price"":69721.12,""size"":0.00286846,""num_orders"":1},{""price"":69721.13,""size"":0.00602441,""num_orders"":1},{""price"":69722.13,""size"":0.04313127,""num_orders"":1},{""price"":69723.47,""size"":0.00107578,""num_orders"":1},{""price"":69723.48,""size"":0.00753052,""num_orders"":1}]"
btc_usd_d10_20260820T013806Z,10,2026-08-20T01:48:06.336903Z,2026-08-20T01:48:06.337037Z,BTC-USD,10,ok,,134436542514,2026-08-20T01:48:04.116299651Z,2.25109292,0.7423264,0.504027788529,69739.529999999999,69740.039999999994,69739.785000000003,0.509999999995,0.073128989428,"[{""price"":69739.53,""size"":0.00196932,""num_orders"":1},{""price"":69739.52,""size"":0.00602238,""num_orders"":1},{""price"":69739.41,""size"":0.83508905,""num_orders"":2},{""price"":69739.4,""size"":0.07198401,""num_orders"":1},{""price"":69738.83,""size"":0.00107542,""num_orders"":1},{""price"":69738.03,""size"":0.25914242,""num_orders"":1},{""price"":69738.02,""size"":0.02867876,""num_orders"":2},{""price"":69738.0,""size"":1.0,""num_orders"":1},{""price"":69737.68,""size"":0.00602224,""num_orders"":1},{""price"":69736.15,""size"":0.04110932,""num_orders"":1}]","[{""price"":69740.04,""size"":0.14471172,""num_orders"":2},{""price"":69740.05,""size"":0.00095037,""num_orders"":1},{""price"":69741.48,""size"":0.01433867,""num_orders"":1},{""price"":69743.38,""size"":0.0052421,""num_orders"":1},{""price"":69743.4,""size"":0.00022049,""num_orders"":1},{""price"":69743.44,""size"":0.02708421,""num_orders"":1},{""price"":69745.15,""size"":0.011494,""num_orders"":1},{""price"":69745.74,""size"":0.25914242,""num_orders"":1},{""price"":69747.87,""size"":0.02,""num_orders"":1},{""price"":69747.88,""size"":0.25914242,""num_orders"":1}]"
btc_usd_d10_20260820T013806Z,11,2026-08-20T01:49:06.336903Z,2026-08-20T01:49:06.337040Z,BTC-USD,10,ok,,134436604065,2026-08-20T01:49:04.546150148Z,2.6827762,0.95461768,0.475108986547,69800.289999999994,69802,69801.14499999999,1.710000000006,0.244981654671,"[{""price"":69800.29,""size"":0.17276162,""num_orders"":1},{""price"":69800.28,""size"":0.17877871,""num_orders"":2},{""price"":69800.0,""size"":7.077e-05,""num_orders"":1},{""price"":69798.51,""size"":0.00601709,""num_orders"":1},{""price"":69797.23,""size"":0.18550231,""num_orders"":1},{""price"":69797.22,""size"":0.25914242,""num_orders"":1},{""price"":69796.72,""size"":1.6e-05,""num_orders"":1},{""price"":69796.51,""size"":0.87296592,""num_orders"":1},{""price"":69796.5,""size"":1.0,""num_orders"":1},{""price"":69796.16,""size"":0.00752136,""num_orders"":1}]","[{""price"":69802.0,""size"":0.03142557,""num_orders"":2},{""price"":69805.55,""size"":0.0550421,""num_orders"":1},{""price"":69805.77,""size"":0.04026143,""num_orders"":1},{""price"":69806.24,""size"":0.15477707,""num_orders"":1},{""price"":69807.29,""size"":0.00011565,""num_orders"":1},{""price"":69807.91,""size"":0.25914242,""num_orders"":1},{""price"":69808.21,""size"":1.5e-06,""num_orders"":1},{""price"":69808.22,""size"":1.5e-06,""num_orders"":1},{""price"":69810.18,""size"":0.15470802,""num_orders"":1},{""price"":69810.19,""size"":0.25914242,""num_orders"":1}]"
btc_usd_d10_20260820T013806Z,12,2026-08-20T01:50:06.336903Z,2026-08-20T01:50:06.337035Z,BTC-USD,10,ok,,134436684986,2026-08-20T01:50:05.672529933Z,0.76284336,1.2412268,-0.238705934327,69796.720000000001,69799.070000000007,69797.895000000004,2.350000000006,0.336686371416,"[{""price"":69796.72,""size"":0.0001531,""num_orders"":3},{""price"":69795.51,""size"":0.04073805,""num_orders"":1},{""price"":69795.0,""size"":0.01,""num_orders"":1},{""price"":69794.98,""size"":0.00752147,""num_orders"":1},{""price"":69793.5,""size"":1.6e-05,""num_orders"":1},{""price"":69790.28,""size"":1.6e-05,""num_orders"":1},{""price"":69790.11,""size"":0.26332251,""num_orders"":1},{""price"":69790.1,""size"":0.1863306,""num_orders"":1},{""price"":69790.02,""size"":0.24474563,""num_orders"":2},{""price"":69790.0,""size"":0.01,""num_orders"":1}]","[{""price"":69799.07,""size"":0.17295984,""num_orders"":2},{""price"":69805.75,""size"":5.982e-05,""num_orders"":1},{""price"":69807.26,""size"":0.23828802,""num_orders"":1},{""price"":69807.27,""size"":0.25914242,""num_orders"":1},{""price"":69807.28,""size"":0.1,""num_orders"":1},{""price"":69807.8,""size"":0.04,""num_orders"":1},{""price"":69809.47,""size"":0.00015237,""num_orders"":1},{""price"":69809.6,""size"":1.6e-05,""num_orders"":1},{""price"":69809.81,""size"":0.25784671,""num_orders"":1},{""price"":69809.82,""size"":0.17276162,""num_orders"":1}]"
btc_usd_d10_20260820T013806Z,13,2026-08-20T01:51:06.336903Z,2026-08-20T01:51:06.337042Z,BTC-USD,10,ok,,134436756302,2026-08-20T01:51:04.527708390Z,0.76066865,0.91524042,-0.092231597028,69820.830000000002,69820.839999999997,69820.834999999992,0.009999999995,0.001432237239,"[{""price"":69820.83,""size"":0.04350148,""num_orders"":3},{""price"":69819.7,""size"":0.25909955,""num_orders"":1},{""price"":69819.69,""size"":0.04149098,""num_orders"":1},{""price"":69819.43,""size"":0.02864532,""num_orders"":2},{""price"":69819.08,""size"":0.00601539,""num_orders"":1},{""price"":69816.73,""size"":0.00751924,""num_orders"":1},{""price"":69816.56,""size"":0.25914242,""num_orders"":1},{""price"":69816.03,""size"":9.309e-05,""num_orders"":2},{""price"":69815.19,""size"":0.00057294,""num_orders"":1},{""price"":69815.18,""size"":0.11458824,""num_orders"":1}]","[{""price"":69820.84,""size"":0.02979427,""num_orders"":1},{""price"":69821.54,""size"":0.11457782,""num_orders"":1},{""price"":69822.48,""size"":1.6e-05,""num_orders"":1},{""price"":69825.7,""size"":1.6e-05,""num_orders"":1},{""price"":69826.31,""size"":0.00145983,""num_orders"":1},{""price"":69826.32,""size"":0.44914391,""num_orders"":1},{""price"":69826.33,""size"":0.25914242,""num_orders"":1},{""price"":69826.76,""size"":0.00107417,""num_orders"":1},{""price"":69828.34,""size"":0.06,""num_orders"":2},{""price"":69828.92,""size"":1.6e-05,""num_orders"":1}]"
btc_usd_d10_20260820T013806Z,14,2026-08-20T01:52:06.336903Z,2026-08-20T01:52:06.337037Z,BTC-USD,10,ok,,134436823035,2026-08-20T01:52:04.335567632Z,0.79942069,0.9406455,-0.08116059654,69725.880000000005,69725.889999999999,69725.885000000009,0.009999999995,0.001434187604,"[{""price"":69725.88,""size"":1.624e-05,""num_orders"":2},{""price"":69722.66,""size"":1.6e-05,""num_orders"":1},{""price"":69720.01,""size"":0.00291768,""num_orders"":1},{""price"":69720.0,""size"":0.01,""num_orders"":1},{""price"":69719.69,""size"":0.11474519,""num_orders"":1},{""price"":69719.51,""size"":0.07377805,""num_orders"":1},{""price"":69719.47,""size"":0.25366991,""num_orders"":1},{""price"":69719.46,""size"":0.1715,""num_orders"":1},{""price"":69719.44,""size"":1.6e-05,""num_orders"":1},{""price"":69716.55,""size"":0.17276162,""num_orders"":1}]","[{""price"":69725.89,""size"":0.37138688,""num_orders"":2},{""price"":69727.64,""size"":0.00602358,""num_orders"":1},{""price"":69729.27,""size"":0.25937366,""num_orders"":2},{""price"":69729.32,""size"":0.02795789,""num_orders"":1},{""price"":69729.99,""size"":0.00752948,""num_orders"":1},{""price"":69731.55,""size"":0.04096777,""num_orders"":1},{""price"":69731.57,""size"":0.00107564,""num_orders"":1},{""price"":69731.77,""size"":0.02,""num_orders"":1},{""price"":69732.29,""size"":0.1863306,""num_orders"":1},{""price"":69732.3,""size"":0.02,""num_orders"":1}]"
btc_usd_d10_20260820T013806Z,15,2026-08-20T01:53:06.336903Z,2026-08-20T01:53:06.337031Z,BTC-USD,10,ok,,134436874849,2026-08-20T01:53:04.630850821Z,1.12522064,0.98617785,0.065853409794,69692.490000000005,69692.5,69692.494999999995,0.009999999995,0.00143487473,"[{""price"":69692.49,""size"":0.24753979,""num_orders"":5},{""price"":69691.1,""size"":0.26988293,""num_orders"":1},{""price"":69691.09,""size"":0.02869808,""num_orders"":2},{""price"":69690.46,""size"":1.6e-05,""num_orders"":1},{""price"":69690.0,""size"":0.01,""num_orders"":1},{""price"":69689.65,""size"":0.17276162,""num_orders"":1},{""price"":69689.64,""size"":0.25914242,""num_orders"":1},{""price"":69689.08,""size"":0.02126588,""num_orders"":1},{""price"":69688.14,""size"":0.00054227,""num_orders"":1},{""price"":69687.82,""size"":0.11537165,""num_orders"":2}]","[{""price"":69692.5,""size"":0.01548854,""num_orders"":1},{""price"":69693.9,""size"":0.02869692,""num_orders"":2},{""price"":69694.2,""size"":0.1,""num_orders"":1},{""price"":69694.25,""size"":0.00602647,""num_orders"":1},{""price"":69696.32,""size"":0.04054745,""num_orders"":1},{""price"":69696.6,""size"":0.00753309,""num_orders"":1},{""price"":69697.15,""size"":0.11478231,""num_orders"":1},{""price"":69699.98,""size"":0.00291849,""num_orders"":1},{""price"":69700.0,""size"":0.41104216,""num_orders"":1},{""price"":69700.01,""size"":0.25914242,""num_orders"":1}]"
btc_usd_d10_20260820T013806Z,16,2026-08-20T01:54:06.336903Z,2026-08-20T01:54:06.337047Z,BTC-USD,10,ok,,134436920669,2026-08-20T01:54:05.594797820Z,1.1743694,0.45885661,0.438097841707,69665.440000000002,69665.449999999997,69665.445000000007,0.009999999995,0.001435431869,"[{""price"":69665.44,""size"":0.50268434,""num_orders"":3},{""price"":69665.29,""size"":9.33e-05,""num_orders"":2},{""price"":69665.28,""size"":2.8e-07,""num_orders"":1},{""price"":69664.7,""size"":1.6e-05,""num_orders"":1},{""price"":69663.9,""size"":0.02870928,""num_orders"":2},{""price"":69663.18,""size"":0.00077329,""num_orders"":1},{""price"":69663.07,""size"":0.24032005,""num_orders"":1},{""price"":69663.06,""size"":0.20087843,""num_orders"":1},{""price"":69661.48,""size"":1.6e-05,""num_orders"":1},{""price"":69660.96,""size"":0.20087843,""num_orders"":1}]","[{""price"":69665.45,""size"":0.06693995,""num_orders"":5},{""price"":69665.83,""size"":0.08929373,""num_orders"":1},{""price"":69665.84,""size"":0.11483391,""num_orders"":1},{""price"":69666.94,""size"":0.02870802,""num_orders"":2},{""price"":69667.33,""size"":0.00602881,""num_orders"":1},{""price"":69669.44,""size"":0.03434614,""num_orders"":1},{""price"":69669.69,""size"":0.00753601,""num_orders"":1},{""price"":69669.83,""size"":0.04999521,""num_orders"":1},{""price"":69671.03,""size"":0.04117483,""num_orders"":1},{""price"":69672.05,""size"":0.02,""num_orders"":1}]"
btc_usd_d10_20260820T013806Z,17,2026-08-20T01:55:06.336903Z,2026-08-20T01:55:06.337030Z,BTC-USD,10,ok,,134436962477,2026-08-20T01:55:03.533561590Z,1.03272665,0.48817399,0.358046177165,69674.360000000001,69674.369999999995,69674.364999999991,0.009999999995,0.001435248099,"[{""price"":69674.36,""size"":0.22015655,""num_orders"":4},{""price"":69674.35,""size"":0.02,""num_orders"":1},{""price"":69674.34,""size"":0.00145983,""num_orders"":1},{""price"":69674.33,""size"":0.17276162,""num_orders"":1},{""price"":69674.3,""size"":0.20087843,""num_orders"":1},{""price"":69674.28,""size"":0.00050797,""num_orders"":1},{""price"":69674.19,""size"":0.11539423,""num_orders"":2},{""price"":69672.88,""size"":0.02870558,""num_orders"":2},{""price"":69671.67,""size"":0.20087843,""num_orders"":1},{""price"":69671.16,""size"":0.07198401,""num_orders"":1}]","[{""price"":69674.37,""size"":0.10011553,""num_orders"":2},{""price"":69679.3,""size"":0.0389944,""num_orders"":1},{""price"":69680.07,""size"":0.00373168,""num_orders"":1},{""price"":69680.8,""size"":1.6e-05,""num_orders"":1},{""price"":69681.0,""size"":0.11480892,""num_orders"":1},{""price"":69684.02,""size"":1.6e-05,""num_orders"":1},{""price"":69684.04,""size"":0.00702769,""num_orders"":1},{""price"":69684.64,""size"":0.00145986,""num_orders"":1},{""price"":69684.65,""size"":0.17800391,""num_orders"":1},{""price"":69684.66,""size"":0.044,""num_orders"":1}]"
btc_usd_d10_20260820T013806Z,18,2026-08-20T01:56:06.336903Z,2026-08-20T01:56:06.337029Z,BTC-USD,10,ok,,134437007988,2026-08-20T01:56:05.041979021Z,0.82925753,1.11603589,-0.147421647064,69672.029999999999,69672.869999999995,69672.449999999997,0.839999999997,0.120564154124,"[{""price"":69672.03,""size"":0.0760295,""num_orders"":2},{""price"":69672.02,""size"":0.03876028,""num_orders"":2},{""price"":69672.01,""size"":0.00542123,""num_orders"":1},{""price"":69672.0,""size"":0.03,""num_orders"":1},{""price"":69671.82,""size"":0.00291969,""num_orders"":1},{""price"":69671.81,""size"":1.4e-07,""num_orders"":1},{""price"":69670.11,""size"":0.00602818,""num_orders"":1},{""price"":69669.05,""size"":0.29645846,""num_orders"":1},{""price"":69668.99,""size"":0.17276162,""num_orders"":1},{""price"":69668.98,""size"":0.20087843,""num_orders"":1}]","[{""price"":69672.87,""size"":0.05795779,""num_orders"":2},{""price"":69673.74,""size"":0.0111163,""num_orders"":1},{""price"":69674.56,""size"":0.11481954,""num_orders"":1},{""price"":69674.66,""size"":0.07198401,""num_orders"":1},{""price"":69678.51,""size"":0.00497676,""num_orders"":1},{""price"":69678.52,""size"":0.42455047,""num_orders"":2},{""price"":69678.53,""size"":0.20087843,""num_orders"":1},{""price"":69680.68,""size"":0.20087843,""num_orders"":1},{""price"":69680.8,""size"":1.6e-05,""num_orders"":1},{""price"":69682.26,""size"":0.02885816,""num_orders"":1}]"
btc_usd_d10_20260820T013806Z,19,2026-08-20T01:57:06.336903Z,2026-08-20T01:57:06.337018Z,BTC-USD,10,ok,,134437045609,2026-08-20T01:57:06.184365436Z,1.42769285,0.39578322,0.565902479872,69670.369999999995,69670.380000000005,69670.375,0.010000000009,0.001435330298,"[{""price"":69670.37,""size"":0.25551217,""num_orders"":6},{""price"":69670.29,""size"":0.00184253,""num_orders"":3},{""price"":69669.77,""size"":0.273224,""num_orders"":2},{""price"":69669.76,""size"":0.37364005,""num_orders"":2},{""price"":69668.91,""size"":0.11540297,""num_orders"":2},{""price"":69668.57,""size"":0.00626163,""num_orders"":2},{""price"":69667.14,""size"":0.15020681,""num_orders"":1},{""price"":69667.13,""size"":0.20087843,""num_orders"":1},{""price"":69666.79,""size"":0.04318885,""num_orders"":1},{""price"":69666.21,""size"":0.00753541,""num_orders"":1}]","[{""price"":69670.38,""size"":0.15941032,""num_orders"":2},{""price"":69671.66,""size"":5.349e-05,""num_orders"":1},{""price"":69674.36,""size"":1.6e-05,""num_orders"":1},{""price"":69675.18,""size"":0.11481851,""num_orders"":1},{""price"":69676.1,""size"":0.07198401,""num_orders"":1},{""price"":69677.58,""size"":1.6e-05,""num_orders"":1},{""price"":69679.08,""size"":0.00291969,""num_orders"":1},{""price"":69680.51,""size"":0.0350012,""num_orders"":1},{""price"":69680.8,""size"":1.6e-05,""num_orders"":1},{""price"":69681.08,""size"":0.011548,""num_orders"":1}]"
btc_usd_d10_20260820T013806Z,20,2026-08-20T01:58:06.336903Z,2026-08-20T01:58:06.337031Z,BTC-USD,10,ok,,134437080971,2026-08-20T01:58:04.689459595Z,2.43850948,0.60279396,0.60359499018,69653.289999999994,69657.009999999995,69655.149999999994,3.720000000001,0.534059577792,"[{""price"":69653.29,""size"":0.17266973,""num_orders"":2},{""price"":69652.44,""size"":0.77462347,""num_orders"":2},{""price"":69652.33,""size"":0.04129453,""num_orders"":1},{""price"":69651.99,""size"":0.11543101,""num_orders"":2},{""price"":69651.82,""size"":0.00174344,""num_orders"":4},{""price"":69651.0,""size"":1.0,""num_orders"":1},{""price"":69650.0,""size"":0.01,""num_orders"":1},{""price"":69648.6,""size"":1.591e-05,""num_orders"":1},{""price"":69647.87,""size"":0.12185296,""num_orders"":1},{""price"":69647.86,""size"":0.20087843,""num_orders"":1}]","[{""price"":69657.01,""size"":0.0060297,""num_orders"":1},{""price"":69657.02,""size"":0.0299998,""num_orders"":1},{""price"":69657.04,""size"":0.03,""num_orders"":1},{""price"":69658.08,""size"":0.17276162,""num_orders"":1},{""price"":69658.09,""size"":0.20087843,""num_orders"":1},{""price"":69658.27,""size"":0.03229825,""num_orders"":3},{""price"":69658.56,""size"":0.1148459,""num_orders"":1},{""price"":69658.78,""size"":0.00602974,""num_orders"":1},{""price"":69661.14,""size"":0.00753718,""num_orders"":1},{""price"":69661.47,""size"":0.00241334,""num_orders"":1}]"
btc_usd_d10_20260820T013806Z,21,2026-08-20T01:59:06.336903Z,2026-08-20T01:59:06.337027Z,BTC-USD,10,ok,,134437120583,2026-08-20T01:59:05.041097559Z,2.87743428,0.56517241,0.671660191888,69684.190000000002,69685.470000000001,69684.830000000002,1.279999999999,0.183684167702,"[{""price"":69684.19,""size"":0.88024141,""num_orders"":3},{""price"":69684.18,""size"":0.17295981,""num_orders"":2},{""price"":69684.16,""size"":0.03,""num_orders"":1},{""price"":69684.15,""size"":0.11537772,""num_orders"":2},{""price"":69684.07,""size"":0.00212886,""num_orders"":1},{""price"":69684.01,""size"":0.20087843,""num_orders"":1},{""price"":69682.5,""size"":1.0,""num_orders"":1},{""price"":69682.26,""size"":0.0060272,""num_orders"":1},{""price"":69681.02,""size"":0.26894242,""num_orders"":1},{""price"":69681.01,""size"":0.20087843,""num_orders"":1}]","[{""price"":69685.47,""size"":0.03931568,""num_orders"":1},{""price"":69686.75,""size"":0.01210242,""num_orders"":2},{""price"":69687.14,""size"":0.011485,""num_orders"":1},{""price"":69687.24,""size"":1.6e-05,""num_orders"":1},{""price"":69687.66,""size"":0.00021667,""num_orders"":1},{""price"":69689.08,""size"":0.11479561,""num_orders"":1},{""price"":69690.46,""size"":1.6e-05,""num_orders"":1},{""price"":69691.66,""size"":0.20087843,""num_orders"":1},{""price"":69693.68,""size"":1.6e-05,""num_orders"":1},{""price"":69693.69,""size"":0.1863306,""num_orders"":1}]"
btc_usd_d10_20260820T013806Z,22,2026-08-20T02:00:06.336903Z,2026-08-20T02:00:06.337034Z,BTC-USD,10,ok,,134437155541,2026-08-20T02:00:04.845317020Z,0.75877067,0.89237838,-0.080918018879,69689.509999999995,69690.119999999995,69689.815000000002,0.610000000001,0.08753072454,"[{""price"":69689.51,""size"":0.00753289,""num_orders"":1},{""price"":69688.78,""size"":0.17276162,""num_orders"":1},{""price"":69688.76,""size"":2.206e-05,""num_orders"":1},{""price"":69685.87,""size"":0.20087843,""num_orders"":1},{""price"":69684.02,""size"":1.6e-05,""num_orders"":1},{""price"":69683.12,""size"":0.16440943,""num_orders"":1},{""price"":69683.11,""size"":0.20303103,""num_orders"":2},{""price"":69682.29,""size"":0.00077839,""num_orders"":1},{""price"":69682.27,""size"":0.00233517,""num_orders"":1},{""price"":69682.25,""size"":0.00700565,""num_orders"":1}]","[{""price"":69690.12,""size"":0.02583,""num_orders"":1},{""price"":69693.26,""size"":0.1715,""num_orders"":1},{""price"":69693.63,""size"":0.20087843,""num_orders"":1},{""price"":69695.01,""size"":0.00078543,""num_orders"":1},{""price"":69695.06,""size"":0.02271578,""num_orders"":1},{""price"":69696.9,""size"":1.6e-05,""num_orders"":1},{""price"":69697.51,""size"":1.7e-06,""num_orders"":1},{""price"":69698.08,""size"":0.011458,""num_orders"":1},{""price"":69698.98,""size"":0.25831461,""num_orders"":2},{""price"":69698.99,""size"":0.20087843,""num_orders"":1}]"
btc_usd_d10_20260820T013806Z,23,2026-08-20T02:01:06.336903Z,2026-08-20T02:01:06.337039Z,BTC-USD,10,ok,,134437202998,2026-08-20T02:01:05.688985083Z,1.17717399,0.94103397,0.111481037018,69696.899999999994,69696.910000000003,69696.904999999999,0.010000000009,0.001434783942,"[{""price"":69696.9,""size"":0.03602609,""num_orders"":2},{""price"":69696.89,""size"":0.00349158,""num_orders"":3},{""price"":69696.88,""size"":0.03,""num_orders"":1},{""price"":69695.19,""size"":0.006026,""num_orders"":1},{""price"":69694.6,""size"":0.04293883,""num_orders"":2},{""price"":69692.84,""size"":0.00753251,""num_orders"":1},{""price"":69692.67,""size"":0.1863306,""num_orders"":1},{""price"":69692.66,""size"":0.20087843,""num_orders"":1},{""price"":69692.65,""size"":0.49118833,""num_orders"":1},{""price"":69692.64,""size"":0.17276162,""num_orders"":1}]","[{""price"":69696.91,""size"":0.17607247,""num_orders"":2},{""price"":69698.82,""size"":0.0166,""num_orders"":1},{""price"":69698.96,""size"":0.06115789,""num_orders"":1},{""price"":69702.34,""size"":1.5e-06,""num_orders"":1},{""price"":69703.32,""size"":0.00286274,""num_orders"":1},{""price"":69703.33,""size"":0.02,""num_orders"":1},{""price"":69703.34,""size"":1.6e-05,""num_orders"":1},{""price"":69703.42,""size"":0.02,""num_orders"":1},{""price"":69703.43,""size"":0.47156175,""num_orders"":1},{""price"":69703.44,""size"":0.17276162,""num_orders"":1}]"
btc_usd_d10_20260820T013806Z,24,2026-08-20T02:02:06.336903Z,2026-08-20T02:02:06.337036Z,BTC-USD,10,ok,,134437255280,2026-08-20T02:02:04.048145081Z,2.00195481,0.91283125,0.373654716875,69738.869999999995,69738.880000000005,69738.875,0.010000000009,0.001433920465,"[{""price"":69738.87,""size"":0.00035117,""num_orders"":1},{""price"":69735.07,""size"":2.868e-05,""num_orders"":1},{""price"":69732.32,""size"":1.6e-05,""num_orders"":1},{""price"":69732.01,""size"":0.78227935,""num_orders"":2},{""price"":69732.0,""size"":1.0,""num_orders"":1},{""price"":69730.04,""size"":0.20087843,""num_orders"":1},{""price"":69730.0,""size"":0.01,""num_orders"":1},{""price"":69729.11,""size"":0.00716679,""num_orders"":1},{""price"":69729.1,""size"":0.00015897,""num_orders"":2},{""price"":69728.72,""size"":0.00107542,""num_orders"":1}]","[{""price"":69738.88,""size"":0.29312342,""num_orders"":7},{""price"":69738.9,""size"":0.03,""num_orders"":1},{""price"":69739.21,""size"":0.04109124,""num_orders"":1},{""price"":69739.66,""size"":0.0039975,""num_orders"":1},{""price"":69741.85,""size"":0.00291959,""num_orders"":1},{""price"":69741.86,""size"":0.20087843,""num_orders"":1},{""price"":69741.98,""size"":1.822e-05,""num_orders"":2},{""price"":69743.95,""size"":0.02,""num_orders"":1},{""price"":69743.97,""size"":0.11992442,""num_orders"":1},{""price"":69743.98,""size"":0.20087843,""num_orders"":1}]"
btc_usd_d10_20260820T013806Z,25,2026-08-20T02:03:06.336903Z,2026-08-20T02:03:06.337039Z,BTC-USD,10,ok,,134437303223,2026-08-20T02:03:05.131320823Z,1.81110272,0.11340506,0.882146426033,69783.639999999999,69783.649999999994,69783.64499999999,0.009999999995,0.001433000525,"[{""price"":69783.64,""size"":0.1787368,""num_orders"":3},{""price"":69783.54,""size"":0.00145955,""num_orders"":1},{""price"":69783.53,""size"":0.17288328,""num_orders"":4},{""price"":69782.6,""size"":0.00107475,""num_orders"":1},{""price"":69782.25,""size"":0.20087843,""num_orders"":1},{""price"":69781.49,""size"":0.00601862,""num_orders"":1},{""price"":69780.99,""size"":0.04164959,""num_orders"":1},{""price"":69780.0,""size"":1.0,""num_orders"":1},{""price"":69779.63,""size"":0.20087843,""num_orders"":1},{""price"":69779.14,""size"":0.00752327,""num_orders"":1}]","[{""price"":69783.65,""size"":0.11330656,""num_orders"":1},{""price"":69783.84,""size"":1.6e-05,""num_orders"":1},{""price"":69784.49,""size"":1.7e-06,""num_orders"":1},{""price"":69784.5,""size"":2.9e-05,""num_orders"":1},{""price"":69784.51,""size"":1.7e-06,""num_orders"":1},{""price"":69785.99,""size"":1.7e-06,""num_orders"":1},{""price"":69786.01,""size"":1.7e-06,""num_orders"":1},{""price"":69787.06,""size"":1.6e-05,""num_orders"":1},{""price"":69787.49,""size"":1.7e-06,""num_orders"":1},{""price"":69787.5,""size"":2.9e-05,""num_orders"":1}]"
btc_usd_d10_20260820T013806Z,26,2026-08-20T02:04:06.336903Z,2026-08-20T02:04:06.337031Z,BTC-USD,10,ok,,134437347634,2026-08-20T02:04:04.539783869Z,1.83031039,0.64682021,0.477766565881,69774.479999999996,69774.490000000005,69774.485000000001,0.010000000009,0.001433188652,"[{""price"":69774.48,""size"":0.17376025,""num_orders"":6},{""price"":69774.18,""size"":1.6e-05,""num_orders"":1},{""price"":69770.96,""size"":1.565e-05,""num_orders"":1},{""price"":69770.0,""size"":0.01,""num_orders"":1},{""price"":69769.97,""size"":0.20087843,""num_orders"":1},{""price"":69768.0,""size"":1.0,""num_orders"":1},{""price"":69767.74,""size"":1.6e-05,""num_orders"":1},{""price"":69767.6,""size"":0.07198401,""num_orders"":1},{""price"":69767.59,""size"":0.17276162,""num_orders"":1},{""price"":69767.58,""size"":0.20087843,""num_orders"":1}]","[{""price"":69774.49,""size"":0.00108904,""num_orders"":1},{""price"":69774.57,""size"":0.11465495,""num_orders"":1},{""price"":69776.33,""size"":0.00601938,""num_orders"":1},{""price"":69777.08,""size"":0.04227744,""num_orders"":1},{""price"":69777.12,""size"":0.00016133,""num_orders"":1},{""price"":69778.68,""size"":0.00752423,""num_orders"":1},{""price"":69781.3,""size"":0.00271541,""num_orders"":1},{""price"":69781.34,""size"":0.20087843,""num_orders"":1},{""price"":69781.41,""size"":0.1,""num_orders"":1},{""price"":69781.7,""size"":0.1715,""num_orders"":1}]"
btc_usd_d10_20260820T013806Z,27,2026-08-20T02:05:06.336903Z,2026-08-20T02:05:06.337032Z,BTC-USD,10,ok,,134437385934,2026-08-20T02:05:05.186637961Z,0.57575594,1.01736402,-0.277197004047,69747.789999999994,69748.259999999995,69748.024999999994,0.470000000001,0.067385420591,"[{""price"":69747.79,""size"":0.00602167,""num_orders"":1},{""price"":69747.78,""size"":0.00274736,""num_orders"":1},{""price"":69747.69,""size"":0.17234496,""num_orders"":3},{""price"":69747.67,""size"":0.17276162,""num_orders"":1},{""price"":69746.28,""size"":0.00455372,""num_orders"":2},{""price"":69746.03,""size"":0.00288346,""num_orders"":1},{""price"":69745.96,""size"":0.00602167,""num_orders"":1},{""price"":69745.2,""size"":1.6e-05,""num_orders"":1},{""price"":69744.11,""size"":0.20087843,""num_orders"":1},{""price"":69743.6,""size"":0.00752705,""num_orders"":1}]","[{""price"":69748.26,""size"":0.1146981,""num_orders"":1},{""price"":69753.47,""size"":0.0550421,""num_orders"":1},{""price"":69754.86,""size"":1.6e-05,""num_orders"":1},{""price"":69755.52,""size"":0.20087843,""num_orders"":1},{""price"":69755.53,""size"":0.17276162,""num_orders"":1},{""price"":69755.54,""size"":0.04062534,""num_orders"":1},{""price"":69756.45,""size"":0.010948,""num_orders"":1},{""price"":69756.88,""size"":0.1715,""num_orders"":1},{""price"":69758.08,""size"":0.050016,""num_orders"":2},{""price"":69758.17,""size"":0.20087843,""num_orders"":1}]"
btc_usd_d10_20260820T013806Z,28,2026-08-20T02:06:06.336903Z,2026-08-20T02:06:06.337035Z,BTC-USD,10,ok,,134437431110,2026-08-20T02:06:05.541263306Z,0.63161584,0.44629061,0.171930718106,69684.009999999995,69684.020000000004,69684.014999999999,0.010000000009,0.001435049345,"[{""price"":69684.01,""size"":0.20070353,""num_orders"":2},{""price"":69683.61,""size"":0.06693132,""num_orders"":1},{""price"":69682.61,""size"":0.02870156,""num_orders"":2},{""price"":69681.83,""size"":2.871e-05,""num_orders"":1},{""price"":69680.97,""size"":0.20087843,""num_orders"":1},{""price"":69679.37,""size"":0.00013834,""num_orders"":2},{""price"":69678.34,""size"":0.00167201,""num_orders"":1},{""price"":69678.33,""size"":0.04,""num_orders"":1},{""price"":69677.98,""size"":0.02,""num_orders"":1},{""price"":69677.97,""size"":0.07256194,""num_orders"":2}]","[{""price"":69684.02,""size"":0.11537784,""num_orders"":2},{""price"":69684.04,""size"":0.03,""num_orders"":1},{""price"":69684.19,""size"":0.010729,""num_orders"":1},{""price"":69684.75,""size"":0.17276162,""num_orders"":1},{""price"":69685.5,""size"":2.5e-06,""num_orders"":1},{""price"":69685.51,""size"":1.1e-06,""num_orders"":1},{""price"":69685.58,""size"":0.03290617,""num_orders"":3},{""price"":69685.97,""size"":0.044,""num_orders"":1},{""price"":69687.02,""size"":0.04049638,""num_orders"":1},{""price"":69687.24,""size"":1.6e-05,""num_orders"":1}]"
btc_usd_d10_20260820T013806Z,29,2026-08-20T02:07:06.336903Z,2026-08-20T02:07:06.337027Z,BTC-USD,10,ok,,134437466925,2026-08-20T02:07:06.000000700Z,37.98598433,0.83706666,0.956877852788,69641.539999999994,69641.550000000003,69641.544999999998,0.010000000009,0.001435924492,"[{""price"":69641.54,""size"":2.53777613,""num_orders"":7},{""price"":69640.15,""size"":0.02871906,""num_orders"":2},{""price"":69640.0,""size"":34.91854886,""num_orders"":2},{""price"":69638.94,""size"":1.6e-05,""num_orders"":1},{""price"":69636.92,""size"":0.00156163,""num_orders"":1},{""price"":69635.77,""size"":0.00125654,""num_orders"":1},{""price"":69635.72,""size"":1.6e-05,""num_orders"":1},{""price"":69635.5,""size"":0.28721168,""num_orders"":2},{""price"":69635.11,""size"":0.20087843,""num_orders"":1},{""price"":69635.0,""size"":0.01,""num_orders"":1}]","[{""price"":69641.55,""size"":0.39837715,""num_orders"":5},{""price"":69641.6,""size"":0.0873684,""num_orders"":3},{""price"":69642.95,""size"":0.02871792,""num_orders"":2},{""price"":69643.13,""size"":0.04167511,""num_orders"":1},{""price"":69643.3,""size"":0.00603088,""num_orders"":1},{""price"":69644.09,""size"":0.17276162,""num_orders"":1},{""price"":69644.49,""size"":0.03999149,""num_orders"":1},{""price"":69645.11,""size"":0.0021526,""num_orders"":1},{""price"":69645.54,""size"":0.03999149,""num_orders"":1},{""price"":69646.2,""size"":0.02,""num_orders"":1}]"
btc_usd_d10_20260820T013806Z,30,2026-08-20T02:08:06.336903Z,2026-08-20T02:08:06.337039Z,BTC-USD,10,ok,,134437516399,2026-08-20T02:08:04.100920285Z,0.91223091,0.42079244,0.368664562402,69628.880000000005,69628.889999999999,69628.885000000009,0.009999999995,0.001436185571,"[{""price"":69628.88,""size"":0.00778194,""num_orders"":4},{""price"":69628.6,""size"":0.04348014,""num_orders"":2},{""price"":69627.09,""size"":0.00603196,""num_orders"":1},{""price"":69626.61,""size"":0.20087843,""num_orders"":1},{""price"":69624.74,""size"":0.00753995,""num_orders"":1},{""price"":69624.2,""size"":0.07198401,""num_orders"":1},{""price"":69624.19,""size"":0.17276162,""num_orders"":1},{""price"":69624.18,""size"":0.20087843,""num_orders"":1},{""price"":69621.9,""size"":0.20087843,""num_orders"":1},{""price"":69619.62,""size"":1.6e-05,""num_orders"":1}]","[{""price"":69628.89,""size"":0.002881,""num_orders"":1},{""price"":69628.9,""size"":0.11379268,""num_orders"":2},{""price"":69628.94,""size"":0.03232631,""num_orders"":1},{""price"":69629.28,""size"":1.6e-05,""num_orders"":1},{""price"":69632.22,""size"":0.06,""num_orders"":2},{""price"":69632.5,""size"":1.6e-05,""num_orders"":1},{""price"":69635.29,""size"":0.00717401,""num_orders"":1},{""price"":69635.3,""size"":0.00369201,""num_orders"":1},{""price"":69635.72,""size"":1.6e-05,""num_orders"":1},{""price"":69636.23,""size"":0.20087843,""num_orders"":1}]"
btc_usd_d10_20260820T013806Z,31,2026-08-20T02:09:06.336903Z,2026-08-20T02:09:06.337038Z,BTC-USD,10,ok,,134437548288,2026-08-20T02:09:04.007906329Z,1.55739463,0.23946055,0.733467056594,69665.259999999995,69665.270000000004,69665.264999999999,0.010000000009,0.00143543558,"[{""price"":69665.26,""size"":0.0013542,""num_orders"":1},{""price"":69665.24,""size"":0.18645527,""num_orders"":2},{""price"":69665.23,""size"":0.0429527,""num_orders"":1},{""price"":69665.22,""size"":0.17293557,""num_orders"":2},{""price"":69665.14,""size"":0.20087843,""num_orders"":1},{""price"":69665.13,""size"":0.17276162,""num_orders"":1},{""price"":69665.09,""size"":2.872e-05,""num_orders"":1},{""price"":69665.04,""size"":1.765e-05,""num_orders"":1},{""price"":69665.03,""size"":1.047e-05,""num_orders"":1},{""price"":69664.97,""size"":0.78,""num_orders"":1}]","[{""price"":69665.27,""size"":0.10740486,""num_orders"":1},{""price"":69665.28,""size"":0.02460684,""num_orders"":1},{""price"":69665.32,""size"":0.04193684,""num_orders"":1},{""price"":69666.63,""size"":0.02870814,""num_orders"":2},{""price"":69666.97,""size"":0.00602883,""num_orders"":1},{""price"":69668.52,""size"":0.00156163,""num_orders"":1},{""price"":69669.2,""size"":0.02,""num_orders"":1},{""price"":69669.33,""size"":0.00753604,""num_orders"":1},{""price"":69671.68,""size"":0.00156163,""num_orders"":1},{""price"":69672.05,""size"":0.00011574,""num_orders"":1}]"
btc_usd_d10_20260820T013806Z,32,2026-08-20T02:10:06.336903Z,2026-08-20T02:10:06.337032Z,BTC-USD,10,ok,,134437585911,2026-08-20T02:10:05.103023942Z,0.86192447,0.32191724,0.45614817035,69613.509999999995,69613.520000000004,69613.514999999999,0.010000000009,0.001436502669,"[{""price"":69613.51,""size"":0.17448906,""num_orders"":4},{""price"":69613.18,""size"":1.6e-05,""num_orders"":1},{""price"":69610.75,""size"":0.17276162,""num_orders"":1},{""price"":69610.74,""size"":0.20087843,""num_orders"":1},{""price"":69610.73,""size"":0.07198401,""num_orders"":1},{""price"":69610.0,""size"":0.01,""num_orders"":1},{""price"":69609.96,""size"":1.6e-05,""num_orders"":1},{""price"":69608.95,""size"":1.437e-05,""num_orders"":1},{""price"":69608.62,""size"":0.03088655,""num_orders"":1},{""price"":69608.14,""size"":0.20087843,""num_orders"":1}]","[{""price"":69613.52,""size"":0.04265512,""num_orders"":4},{""price"":69613.54,""size"":0.03,""num_orders"":1},{""price"":69613.57,""size"":0.03494736,""num_orders"":1},{""price"":69615.26,""size"":0.00603331,""num_orders"":1},{""price"":69615.56,""size"":0.11491684,""num_orders"":1},{""price"":69617.47,""size"":0.04353361,""num_orders"":1},{""price"":69617.55,""size"":0.022,""num_orders"":1},{""price"":69617.61,""size"":0.00754163,""num_orders"":1},{""price"":69620.05,""size"":0.00028937,""num_orders"":1},{""price"":69620.7,""size"":0.02,""num_orders"":1}]"
btc_usd_d10_20260820T013806Z,33,2026-08-20T02:11:06.336903Z,2026-08-20T02:11:06.337028Z,BTC-USD,10,ok,,134437626305,2026-08-20T02:11:05.169582633Z,0.57565432,0.33546291,0.26362294784,69551.399999999994,69551.410000000003,69551.404999999999,0.010000000009,0.001437785478,"[{""price"":69551.4,""size"":0.0109372,""num_orders"":1},{""price"":69550.6,""size"":0.00167665,""num_orders"":1},{""price"":69550.59,""size"":0.04144268,""num_orders"":1},{""price"":69550.53,""size"":0.00591452,""num_orders"":4},{""price"":69550.01,""size"":0.20087843,""num_orders"":1},{""price"":69550.0,""size"":0.03588771,""num_orders"":4},{""price"":69549.66,""size"":0.00603869,""num_orders"":1},{""price"":69548.96,""size"":0.07198401,""num_orders"":1},{""price"":69548.78,""size"":1.6e-05,""num_orders"":1},{""price"":69547.85,""size"":0.20087843,""num_orders"":1}]","[{""price"":69551.41,""size"":0.00107793,""num_orders"":1},{""price"":69551.46,""size"":0.00349473,""num_orders"":1},{""price"":69552.8,""size"":0.00124304,""num_orders"":1},{""price"":69552.81,""size"":0.02875512,""num_orders"":2},{""price"":69552.91,""size"":0.11502036,""num_orders"":1},{""price"":69554.52,""size"":0.1,""num_orders"":1},{""price"":69554.9,""size"":0.061,""num_orders"":1},{""price"":69556.18,""size"":0.00485573,""num_orders"":1},{""price"":69557.22,""size"":0.02,""num_orders"":1},{""price"":69558.44,""size"":1.6e-05,""num_orders"":1}]"
btc_usd_d10_20260820T013806Z,34,2026-08-20T02:12:06.336903Z,2026-08-20T02:12:06.337030Z,BTC-USD,10,ok,,134437667504,2026-08-20T02:12:03.541795970Z,1.35593539,0.92048712,0.191286225684,69636.259999999995,69636.270000000004,69636.264999999999,0.010000000009,0.001436033367,"[{""price"":69636.26,""size"":0.06,""num_orders"":2},{""price"":69636.19,""size"":4.423e-05,""num_orders"":1},{""price"":69636.18,""size"":0.00463408,""num_orders"":1},{""price"":69634.86,""size"":0.02872124,""num_orders"":2},{""price"":69634.53,""size"":0.00603127,""num_orders"":1},{""price"":69632.18,""size"":0.00753909,""num_orders"":1},{""price"":69631.51,""size"":0.20087843,""num_orders"":1},{""price"":69631.5,""size"":1.0,""num_orders"":1},{""price"":69631.06,""size"":0.04270347,""num_orders"":1},{""price"":69630.72,""size"":0.00538358,""num_orders"":1}]","[{""price"":69636.27,""size"":0.28638266,""num_orders"":2},{""price"":69637.67,""size"":0.02872008,""num_orders"":2},{""price"":69638.36,""size"":0.20087843,""num_orders"":1},{""price"":69638.93,""size"":0.00011595,""num_orders"":1},{""price"":69638.94,""size"":1.6e-05,""num_orders"":1},{""price"":69641.11,""size"":0.00258514,""num_orders"":1},{""price"":69641.12,""size"":0.20087843,""num_orders"":1},{""price"":69642.16,""size"":1.6e-05,""num_orders"":1},{""price"":69643.3,""size"":0.20087843,""num_orders"":1},{""price"":69645.38,""size"":1.6e-05,""num_orders"":1}]"
btc_usd_d10_20260820T013806Z,35,2026-08-20T02:13:06.336903Z,2026-08-20T02:13:06.337033Z,BTC-USD,10,ok,,134437719000,2026-08-20T02:13:04.030719485Z,2.2749908,1.06163347,0.363648176065,69684.619999999995,69684.630000000005,69684.625,0.010000000009,0.001435036783,"[{""price"":69684.62,""size"":0.78605493,""num_orders"":4},{""price"":69683.22,""size"":0.02870132,""num_orders"":2},{""price"":69682.87,""size"":0.00602715,""num_orders"":1},{""price"":69682.45,""size"":0.00334594,""num_orders"":1},{""price"":69681.9,""size"":0.04155466,""num_orders"":1},{""price"":69680.52,""size"":0.00753394,""num_orders"":1},{""price"":69679.51,""size"":0.20087843,""num_orders"":1},{""price"":69679.5,""size"":1.0,""num_orders"":1},{""price"":69677.58,""size"":1.6e-05,""num_orders"":1},{""price"":69676.52,""size"":0.20087843,""num_orders"":1}]","[{""price"":69684.63,""size"":0.31583045,""num_orders"":3},{""price"":69684.68,""size"":0.04892631,""num_orders"":1},{""price"":69686.03,""size"":0.02870016,""num_orders"":2},{""price"":69686.66,""size"":0.010054,""num_orders"":1},{""price"":69687.14,""size"":0.20087843,""num_orders"":1},{""price"":69689.59,""size"":0.20087843,""num_orders"":1},{""price"":69691.8,""size"":0.01,""num_orders"":1},{""price"":69692.52,""size"":0.00187879,""num_orders"":1},{""price"":69692.53,""size"":0.17250289,""num_orders"":1},{""price"":69692.54,""size"":0.07198401,""num_orders"":1}]"
btc_usd_d10_20260820T013806Z,36,2026-08-20T02:14:06.336903Z,2026-08-20T02:14:06.337036Z,BTC-USD,10,ok,,134437763450,2026-08-20T02:14:04.521928143Z,2.20328984,0.47973961,0.642389605526,69651.839999999997,69652.199999999997,69652.01999999999,0.360000000001,0.05168550747,"[{""price"":69651.84,""size"":0.1719831,""num_orders"":1},{""price"":69651.83,""size"":0.07198401,""num_orders"":1},{""price"":69651.76,""size"":0.20087843,""num_orders"":1},{""price"":69650.01,""size"":0.17250289,""num_orders"":1},{""price"":69649.53,""size"":0.20087843,""num_orders"":1},{""price"":69649.5,""size"":1.0,""num_orders"":1},{""price"":69648.6,""size"":1.6e-05,""num_orders"":1},{""price"":69647.08,""size"":0.06872844,""num_orders"":1},{""price"":69646.96,""size"":0.20087843,""num_orders"":1},{""price"":69646.49,""size"":0.11544011,""num_orders"":2}]","[{""price"":69652.2,""size"":0.00680554,""num_orders"":1},{""price"":69652.21,""size"":0.00291969,""num_orders"":1},{""price"":69652.22,""size"":0.13485635,""num_orders"":2},{""price"":69653.94,""size"":0.00602997,""num_orders"":1},{""price"":69656.3,""size"":0.00753746,""num_orders"":1},{""price"":69658.27,""size"":0.1,""num_orders"":1},{""price"":69658.32,""size"":0.02708421,""num_orders"":1},{""price"":69660.65,""size"":0.04100907,""num_orders"":1},{""price"":69661.0,""size"":0.009945,""num_orders"":1},{""price"":69661.02,""size"":0.14355232,""num_orders"":1}]"
btc_usd_d10_20260820T013806Z,37,2026-08-20T02:15:06.336903Z,2026-08-20T02:15:06.337039Z,BTC-USD,10,ok,,134437805401,2026-08-20T02:15:05.129168225Z,1.45770077,0.77972717,0.303014719661,69645.380000000005,69645.389999999999,69645.385000000009,0.009999999995,0.001435845318,"[{""price"":69645.38,""size"":0.00379551,""num_orders"":1},{""price"":69643.98,""size"":0.02871748,""num_orders"":2},{""price"":69642.16,""size"":1.6e-05,""num_orders"":1},{""price"":69641.74,""size"":0.04034799,""num_orders"":1},{""price"":69641.38,""size"":0.00418415,""num_orders"":1},{""price"":69641.31,""size"":7.897e-05,""num_orders"":2},{""price"":69640.53,""size"":0.17250289,""num_orders"":1},{""price"":69640.52,""size"":0.20087843,""num_orders"":1},{""price"":69640.5,""size"":1.0,""num_orders"":1},{""price"":69640.47,""size"":0.00717935,""num_orders"":1}]","[{""price"":69645.39,""size"":0.34601203,""num_orders"":4},{""price"":69645.44,""size"":0.06290526,""num_orders"":1},{""price"":69646.79,""size"":0.02871632,""num_orders"":2},{""price"":69647.13,""size"":0.00603055,""num_orders"":1},{""price"":69648.96,""size"":0.00291969,""num_orders"":1},{""price"":69648.97,""size"":0.20087843,""num_orders"":1},{""price"":69649.04,""size"":0.09812293,""num_orders"":1},{""price"":69649.48,""size"":0.00753818,""num_orders"":1},{""price"":69649.61,""size"":0.00579805,""num_orders"":1},{""price"":69651.86,""size"":0.02080573,""num_orders"":2}]"
btc_usd_d10_20260820T013806Z,38,2026-08-20T02:16:06.336903Z,2026-08-20T02:16:06.337035Z,BTC-USD,10,ok,,134437847157,2026-08-20T02:16:05.046696405Z,2.00677363,0.78337525,0.438470645337,69664.320000000007,69664.580000000002,69664.450000000012,0.259999999995,0.037321761673,"[{""price"":69664.32,""size"":0.00272327,""num_orders"":1},{""price"":69664.3,""size"":0.20087843,""num_orders"":1},{""price"":69663.0,""size"":1.0,""num_orders"":1},{""price"":69662.21,""size"":0.20087843,""num_orders"":1},{""price"":69660.02,""size"":0.20094401,""num_orders"":2},{""price"":69658.76,""size"":0.01711205,""num_orders"":1},{""price"":69658.02,""size"":0.00583,""num_orders"":1},{""price"":69657.81,""size"":0.20087843,""num_orders"":1},{""price"":69657.36,""size"":0.1715,""num_orders"":1},{""price"":69657.02,""size"":0.00602901,""num_orders"":1}]","[{""price"":69664.58,""size"":0.11483598,""num_orders"":1},{""price"":69667.92,""size"":1.6e-05,""num_orders"":1},{""price"":69668.22,""size"":0.00107666,""num_orders"":1},{""price"":69669.25,""size"":0.00592,""num_orders"":1},{""price"":69671.14,""size"":1.6e-05,""num_orders"":1},{""price"":69673.15,""size"":0.04462928,""num_orders"":1},{""price"":69673.16,""size"":0.2444869,""num_orders"":2},{""price"":69673.17,""size"":0.20087843,""num_orders"":1},{""price"":69674.17,""size"":0.1715,""num_orders"":1},{""price"":69674.36,""size"":1.6e-05,""num_orders"":1}]"
btc_usd_d10_20260820T013806Z,39,2026-08-20T02:17:06.336903Z,2026-08-20T02:17:06.337028Z,BTC-USD,10,ok,,134437898413,2026-08-20T02:17:03.845191896Z,3.05296061,0.33736345,0.800984540693,69584.190000000002,69584.199999999997,69584.195000000007,0.009999999995,0.001437107952,"[{""price"":69584.19,""size"":0.57926132,""num_orders"":4},{""price"":69583.51,""size"":0.85462695,""num_orders"":1},{""price"":69583.5,""size"":1.0,""num_orders"":1},{""price"":69580.98,""size"":0.00276229,""num_orders"":1},{""price"":69580.97,""size"":0.22179102,""num_orders"":2},{""price"":69580.69,""size"":0.20087843,""num_orders"":1},{""price"":69580.34,""size"":6.806e-05,""num_orders"":2},{""price"":69579.23,""size"":0.00603613,""num_orders"":1},{""price"":69578.81,""size"":0.1155524,""num_orders"":2},{""price"":69578.27,""size"":0.07198401,""num_orders"":1}]","[{""price"":69584.2,""size"":1.6e-05,""num_orders"":1},{""price"":69585.69,""size"":0.00019001,""num_orders"":1},{""price"":69586.83,""size"":0.11496428,""num_orders"":1},{""price"":69587.29,""size"":0.009771,""num_orders"":1},{""price"":69587.42,""size"":1.6e-05,""num_orders"":1},{""price"":69590.64,""size"":1.6e-05,""num_orders"":1},{""price"":69592.54,""size"":0.00287416,""num_orders"":1},{""price"":69593.86,""size"":0.019016,""num_orders"":2},{""price"":69594.38,""size"":0.1715,""num_orders"":1},{""price"":69594.91,""size"":0.019,""num_orders"":1}]"
btc_usd_d10_20260820T013806Z,40,2026-08-20T02:18:06.336903Z,2026-08-20T02:18:06.337036Z,BTC-USD,10,ok,,134437949694,2026-08-20T02:18:04.105128923Z,0.92904877,1.09950879,-0.084030161806,69619.679999999993,69619.690000000002,69619.684999999998,0.010000000009,0.00143637536,"[{""price"":69619.68,""size"":0.17853533,""num_orders"":2},{""price"":69619.24,""size"":0.00013458,""num_orders"":1},{""price"":69617.94,""size"":0.00603272,""num_orders"":1},{""price"":69616.91,""size"":9.336e-05,""num_orders"":2},{""price"":69616.49,""size"":0.35331455,""num_orders"":1},{""price"":69616.48,""size"":0.20087843,""num_orders"":1},{""price"":69616.46,""size"":0.17250289,""num_orders"":1},{""price"":69616.4,""size"":1.6e-05,""num_orders"":1},{""price"":69615.59,""size"":0.00754091,""num_orders"":1},{""price"":69615.0,""size"":0.01,""num_orders"":1}]","[{""price"":69619.69,""size"":0.11729174,""num_orders"":2},{""price"":69619.74,""size"":0.02883157,""num_orders"":1},{""price"":69625.07,""size"":0.00011565,""num_orders"":1},{""price"":69626.65,""size"":0.09198401,""num_orders"":2},{""price"":69626.66,""size"":0.1715,""num_orders"":1},{""price"":69628.26,""size"":0.02,""num_orders"":1},{""price"":69628.27,""size"":0.44889139,""num_orders"":1},{""price"":69628.29,""size"":0.20087843,""num_orders"":1},{""price"":69629.28,""size"":1.6e-05,""num_orders"":1},{""price"":69629.35,""size"":0.02,""num_orders"":1}]"
btc_usd_d10_20260820T013806Z,41,2026-08-20T02:19:06.336903Z,2026-08-20T02:19:06.337040Z,BTC-USD,10,ok,,134437990055,2026-08-20T02:19:05.595327078Z,1.58801248,0.4728596,0.541107277265,69607.330000000002,69607.339999999997,69607.334999999992,0.009999999995,0.001436630205,"[{""price"":69607.33,""size"":0.20089924,""num_orders"":2},{""price"":69605.93,""size"":0.02873318,""num_orders"":2},{""price"":69604.21,""size"":0.11992442,""num_orders"":1},{""price"":69604.2,""size"":0.20087843,""num_orders"":1},{""price"":69603.46,""size"":0.38787326,""num_orders"":1},{""price"":69603.45,""size"":0.17250289,""num_orders"":1},{""price"":69603.43,""size"":0.23236057,""num_orders"":2},{""price"":69601.7,""size"":0.20087843,""num_orders"":1},{""price"":69600.3,""size"":0.00269538,""num_orders"":4},{""price"":69600.0,""size"":0.04126668,""num_orders"":1}]","[{""price"":69607.34,""size"":0.1218415,""num_orders"":3},{""price"":69607.39,""size"":0.02883157,""num_orders"":1},{""price"":69608.74,""size"":0.02873202,""num_orders"":2},{""price"":69609.96,""size"":1.6e-05,""num_orders"":1},{""price"":69610.49,""size"":1.7e-06,""num_orders"":1},{""price"":69612.31,""size"":0.00291929,""num_orders"":1},{""price"":69612.32,""size"":0.1715,""num_orders"":1},{""price"":69613.18,""size"":1.6e-05,""num_orders"":1},{""price"":69613.7,""size"":0.1,""num_orders"":1},{""price"":69615.06,""size"":0.01900152,""num_orders"":1}]"
btc_usd_d10_20260820T013806Z,42,2026-08-20T02:20:06.336903Z,2026-08-20T02:20:06.337033Z,BTC-USD,10,ok,,134438028239,2026-08-20T02:20:03.182122653Z,1.04202805,0.62354031,0.251258219146,69584.839999999997,69584.850000000006,69584.845000000001,0.010000000009,0.00143709453,"[{""price"":69584.84,""size"":0.00842553,""num_orders"":3},{""price"":69583.44,""size"":0.02874248,""num_orders"":2},{""price"":69583.43,""size"":0.22651201,""num_orders"":1},{""price"":69583.42,""size"":0.17250289,""num_orders"":1},{""price"":69583.1,""size"":0.00603579,""num_orders"":1},{""price"":69582.94,""size"":0.20087843,""num_orders"":1},{""price"":69582.55,""size"":0.14856673,""num_orders"":1},{""price"":69580.76,""size"":0.20087843,""num_orders"":1},{""price"":69580.75,""size"":0.00754474,""num_orders"":1},{""price"":69580.37,""size"":0.04194102,""num_orders"":1}]","[{""price"":69584.85,""size"":0.19916758,""num_orders"":5},{""price"":69584.9,""size"":0.07338947,""num_orders"":2},{""price"":69586.25,""size"":0.02874132,""num_orders"":2},{""price"":69586.69,""size"":0.06901974,""num_orders"":2},{""price"":69586.85,""size"":0.009593,""num_orders"":1},{""price"":69588.25,""size"":0.00027923,""num_orders"":1},{""price"":69590.64,""size"":1.6e-05,""num_orders"":1},{""price"":69591.21,""size"":0.00245554,""num_orders"":1},{""price"":69591.22,""size"":0.04,""num_orders"":1},{""price"":69591.56,""size"":0.20087843,""num_orders"":1}]"
btc_usd_d10_20260820T013806Z,43,2026-08-20T02:21:06.336903Z,2026-08-20T02:21:06.337040Z,BTC-USD,10,ok,,134438077853,2026-08-20T02:21:04.546476166Z,1.21669856,0.10473845,0.841477952854,69508.279999999999,69508.289999999994,69508.285000000003,0.009999999995,0.001438677417,"[{""price"":69508.28,""size"":0.20379721,""num_orders"":2},{""price"":69508.27,""size"":0.20002621,""num_orders"":2},{""price"":69508.26,""size"":0.06059232,""num_orders"":1},{""price"":69508.25,""size"":0.00057141,""num_orders"":1},{""price"":69507.52,""size"":0.00132877,""num_orders"":1},{""price"":69507.0,""size"":0.07998563,""num_orders"":1},{""price"":69506.92,""size"":1.6e-05,""num_orders"":1},{""price"":69506.87,""size"":0.02877414,""num_orders"":2},{""price"":69506.02,""size"":0.46910398,""num_orders"":1},{""price"":69506.01,""size"":0.17250289,""num_orders"":1}]","[{""price"":69508.29,""size"":1.4e-07,""num_orders"":1},{""price"":69508.3,""size"":6.9e-07,""num_orders"":1},{""price"":69508.31,""size"":0.00121396,""num_orders"":1},{""price"":69508.36,""size"":0.01572621,""num_orders"":1},{""price"":69509.44,""size"":0.00375997,""num_orders"":1},{""price"":69509.71,""size"":0.02877296,""num_orders"":2},{""price"":69510.04,""size"":0.00604244,""num_orders"":1},{""price"":69510.47,""size"":0.001079,""num_orders"":1},{""price"":69510.7,""size"":0.00615656,""num_orders"":1},{""price"":69512.17,""size"":0.04198652,""num_orders"":1}]"
btc_usd_d10_20260820T013806Z,44,2026-08-20T02:22:06.336903Z,2026-08-20T02:22:06.337027Z,BTC-USD,10,ok,,134438127238,2026-08-20T02:22:05.046104185Z,0.66227151,1.10336315,-0.249820447,69520.679999999993,69521.610000000001,69521.14499999999,0.930000000008,0.133772250156,"[{""price"":69520.68,""size"":0.00145958,""num_orders"":1},{""price"":69520.67,""size"":0.00369853,""num_orders"":1},{""price"":69519.8,""size"":1.564e-05,""num_orders"":1},{""price"":69518.92,""size"":0.00190195,""num_orders"":1},{""price"":69517.83,""size"":0.04238985,""num_orders"":1},{""price"":69516.81,""size"":0.00462187,""num_orders"":1},{""price"":69516.58,""size"":1.6e-05,""num_orders"":1},{""price"":69516.12,""size"":0.1863306,""num_orders"":1},{""price"":69516.11,""size"":0.30618082,""num_orders"":1},{""price"":69516.08,""size"":0.11565667,""num_orders"":2}]","[{""price"":69521.61,""size"":0.14507214,""num_orders"":2},{""price"":69523.26,""size"":0.00961,""num_orders"":1},{""price"":69525.57,""size"":0.20087843,""num_orders"":1},{""price"":69526.6,""size"":0.17250289,""num_orders"":1},{""price"":69526.62,""size"":0.1,""num_orders"":1},{""price"":69526.67,""size"":0.06290526,""num_orders"":1},{""price"":69527.66,""size"":0.20087843,""num_orders"":1},{""price"":69528.68,""size"":0.04,""num_orders"":1},{""price"":69528.92,""size"":0.1715,""num_orders"":1},{""price"":69529.46,""size"":1.6e-05,""num_orders"":1}]"
btc_usd_d10_20260820T013806Z,45,2026-08-20T02:23:06.336903Z,2026-08-20T02:23:06.337037Z,BTC-USD,10,ok,,134438172613,2026-08-20T02:23:03.831947608Z,0.89980842,1.1643672,-0.128166798133,69501.490000000005,69501.5,69501.494999999995,0.009999999995,0.00143881797,"[{""price"":69501.49,""size"":0.00045944,""num_orders"":1},{""price"":69501.48,""size"":0.02999985,""num_orders"":1},{""price"":69501.46,""size"":0.03,""num_orders"":1},{""price"":69501.19,""size"":0.00719524,""num_orders"":1},{""price"":69500.47,""size"":0.00160432,""num_orders"":1},{""price"":69499.55,""size"":0.31048694,""num_orders"":1},{""price"":69499.54,""size"":0.1156842,""num_orders"":2},{""price"":69498.18,""size"":0.032,""num_orders"":1},{""price"":69498.04,""size"":0.20087843,""num_orders"":1},{""price"":69498.03,""size"":0.1715,""num_orders"":1}]","[{""price"":69501.5,""size"":0.0876696,""num_orders"":3},{""price"":69501.55,""size"":0.00146004,""num_orders"":1},{""price"":69503.85,""size"":0.20087823,""num_orders"":1},{""price"":69504.37,""size"":0.07198401,""num_orders"":1},{""price"":69505.84,""size"":0.11509824,""num_orders"":1},{""price"":69506.48,""size"":0.17250289,""num_orders"":1},{""price"":69506.92,""size"":0.04139287,""num_orders"":1},{""price"":69506.93,""size"":0.17250289,""num_orders"":1},{""price"":69507.85,""size"":0.20087843,""num_orders"":1},{""price"":69507.86,""size"":0.1,""num_orders"":1}]"
btc_usd_d10_20260820T013806Z,46,2026-08-20T02:24:06.336903Z,2026-08-20T02:24:06.337029Z,BTC-USD,10,ok,,134438222423,2026-08-20T02:24:06.045805995Z,1.18337254,0.29270671,0.603399736159,69513.710000000006,69515.059999999998,69514.385000000009,1.349999999991,0.194204408194,"[{""price"":69513.71,""size"":0.20087843,""num_orders"":1},{""price"":69511.94,""size"":0.17252306,""num_orders"":2},{""price"":69511.54,""size"":0.20087843,""num_orders"":1},{""price"":69510.19,""size"":0.1242275,""num_orders"":1},{""price"":69510.14,""size"":1.6e-05,""num_orders"":1},{""price"":69508.98,""size"":0.00719184,""num_orders"":1},{""price"":69508.19,""size"":0.20087843,""num_orders"":1},{""price"":69506.93,""size"":0.00718868,""num_orders"":1},{""price"":69506.92,""size"":1.6e-05,""num_orders"":1},{""price"":69506.13,""size"":0.26957417,""num_orders"":1}]","[{""price"":69515.06,""size"":0.01623866,""num_orders"":1},{""price"":69516.8,""size"":0.00291969,""num_orders"":1},{""price"":69516.81,""size"":0.00604206,""num_orders"":1},{""price"":69519.16,""size"":0.00755258,""num_orders"":1},{""price"":69522.19,""size"":0.09911519,""num_orders"":1},{""price"":69522.24,""size"":0.04455789,""num_orders"":1},{""price"":69522.25,""size"":0.00011715,""num_orders"":1},{""price"":69523.02,""size"":1.6e-05,""num_orders"":1},{""price"":69523.78,""size"":0.11506855,""num_orders"":1},{""price"":69524.84,""size"":0.00107894,""num_orders"":1}]"
btc_usd_d10_20260820T013806Z,47,2026-08-20T02:25:06.336903Z,2026-08-20T02:25:06.337034Z,BTC-USD,10,ok,,134438266929,2026-08-20T02:25:03.547166707Z,2.40454447,0.12370899,0.902138775279,69477.929999999993,69477.940000000002,69477.934999999998,0.010000000009,0.001439305876,"[{""price"":69477.93,""size"":0.1028823,""num_orders"":5},{""price"":69477.14,""size"":0.20087843,""num_orders"":1},{""price"":69477.13,""size"":0.11572152,""num_orders"":2},{""price"":69476.19,""size"":0.00604508,""num_orders"":1},{""price"":69476.08,""size"":0.00107947,""num_orders"":1},{""price"":69474.83,""size"":0.20087843,""num_orders"":1},{""price"":69474.02,""size"":0.17250289,""num_orders"":1},{""price"":69474.01,""size"":0.597,""num_orders"":1},{""price"":69474.0,""size"":1.0,""num_orders"":1},{""price"":69473.85,""size"":0.00755635,""num_orders"":1}]","[{""price"":69477.94,""size"":1.6e-05,""num_orders"":1},{""price"":69480.39,""size"":1.5e-06,""num_orders"":1},{""price"":69481.16,""size"":1.6e-05,""num_orders"":1},{""price"":69482.33,""size"":0.00015657,""num_orders"":1},{""price"":69484.38,""size"":1.6e-05,""num_orders"":1},{""price"":69485.74,""size"":0.00291969,""num_orders"":1},{""price"":69486.2,""size"":0.00486471,""num_orders"":1},{""price"":69487.6,""size"":1.6e-05,""num_orders"":1},{""price"":69488.54,""size"":0.00057563,""num_orders"":1},{""price"":69488.55,""size"":0.11512689,""num_orders"":1}]"
btc_usd_d10_20260820T013806Z,48,2026-08-20T02:26:06.336903Z,2026-08-20T02:26:06.337031Z,BTC-USD,10,ok,,134438316316,2026-08-20T02:26:05.681729063Z,1.07188985,0.72021247,0.196237333145,69468.089999999997,69468.100000000006,69468.095000000001,0.010000000009,0.00143950975,"[{""price"":69468.09,""size"":0.00101561,""num_orders"":2},{""price"":69466.35,""size"":0.00604594,""num_orders"":1},{""price"":69465.69,""size"":0.18362484,""num_orders"":3},{""price"":69465.13,""size"":0.17250289,""num_orders"":1},{""price"":69464.88,""size"":0.11574193,""num_orders"":2},{""price"":69464.01,""size"":0.00755742,""num_orders"":1},{""price"":69463.32,""size"":0.0405199,""num_orders"":1},{""price"":69462.11,""size"":0.20087843,""num_orders"":1},{""price"":69461.88,""size"":0.17250289,""num_orders"":1},{""price"":69461.14,""size"":0.1715,""num_orders"":1}]","[{""price"":69468.1,""size"":0.19120054,""num_orders"":5},{""price"":69468.28,""size"":1.6e-05,""num_orders"":1},{""price"":69469.98,""size"":0.11515767,""num_orders"":1},{""price"":69470.08,""size"":0.00260192,""num_orders"":1},{""price"":69471.5,""size"":1.6e-05,""num_orders"":1},{""price"":69472.9,""size"":0.00225594,""num_orders"":1},{""price"":69472.91,""size"":0.20087843,""num_orders"":1},{""price"":69474.72,""size"":1.6e-05,""num_orders"":1},{""price"":69475.0,""size"":0.00719154,""num_orders"":1},{""price"":69475.01,""size"":0.20087843,""num_orders"":1}]"
btc_usd_d10_20260820T013806Z,49,2026-08-20T02:27:06.336903Z,2026-08-20T02:27:06.337034Z,BTC-USD,10,ok,,134438353692,2026-08-20T02:27:05.532651011Z,0.37479931,0.73871931,-0.326819860453,69461.509999999995,69461.520000000004,69461.514999999999,0.010000000009,0.001439646113,"[{""price"":69461.51,""size"":0.06640635,""num_orders"":5},{""price"":69460.13,""size"":0.02079949,""num_orders"":1},{""price"":69460.12,""size"":0.0287935,""num_orders"":2},{""price"":69459.77,""size"":0.00604651,""num_orders"":1},{""price"":69458.24,""size"":0.00291621,""num_orders"":1},{""price"":69458.23,""size"":0.0915264,""num_orders"":1},{""price"":69458.22,""size"":0.11575301,""num_orders"":2},{""price"":69457.43,""size"":0.00755814,""num_orders"":1},{""price"":69456.61,""size"":0.02,""num_orders"":1},{""price"":69456.6,""size"":0.0149997,""num_orders"":1}]","[{""price"":69461.52,""size"":0.01087427,""num_orders"":1},{""price"":69461.64,""size"":0.00190544,""num_orders"":1},{""price"":69461.84,""size"":1.6e-05,""num_orders"":1},{""price"":69461.87,""size"":0.00107973,""num_orders"":1},{""price"":69462.57,""size"":0.20087843,""num_orders"":1},{""price"":69462.88,""size"":0.11574527,""num_orders"":2},{""price"":69462.91,""size"":0.02879234,""num_orders"":2},{""price"":69463.26,""size"":0.00604651,""num_orders"":1},{""price"":69464.68,""size"":0.17250289,""num_orders"":1},{""price"":69464.69,""size"":0.20087843,""num_orders"":1}]"
btc_usd_d10_20260820T013806Z,50,2026-08-20T02:28:06.336903Z,2026-08-20T02:28:06.337034Z,BTC-USD,10,ok,,134438392124,2026-08-20T02:28:05.685340106Z,0.09702785,1.1471207,-0.844025297461,69467.529999999999,69467.539999999994,69467.535000000003,0.009999999995,0.001439521353,"[{""price"":69467.53,""size"":3.238e-05,""num_orders"":3},{""price"":69466.25,""size"":0.00107964,""num_orders"":1},{""price"":69465.06,""size"":1.6e-05,""num_orders"":1},{""price"":69465.0,""size"":0.02879148,""num_orders"":2},{""price"":69461.84,""size"":1.6e-05,""num_orders"":1},{""price"":69461.09,""size"":0.02799839,""num_orders"":1},{""price"":69460.04,""size"":0.02799839,""num_orders"":1},{""price"":69460.0,""size"":0.01,""num_orders"":1},{""price"":69458.62,""size"":1.6e-05,""num_orders"":1},{""price"":69456.69,""size"":0.00107957,""num_orders"":1}]","[{""price"":69467.54,""size"":0.49126491,""num_orders"":7},{""price"":69467.56,""size"":0.03,""num_orders"":1},{""price"":69467.59,""size"":0.04455789,""num_orders"":1},{""price"":69467.92,""size"":0.11516107,""num_orders"":1},{""price"":69468.93,""size"":0.02878984,""num_orders"":2},{""price"":69469.28,""size"":0.00604598,""num_orders"":1},{""price"":69471.5,""size"":0.00291969,""num_orders"":1},{""price"":69471.51,""size"":0.17250289,""num_orders"":1},{""price"":69471.53,""size"":0.20087843,""num_orders"":1},{""price"":69471.54,""size"":0.055,""num_orders"":1}]"
btc_usd_d10_20260820T013806Z,51,2026-08-20T02:29:06.336903Z,2026-08-20T02:29:06.337034Z,BTC-USD,10,ok,,134438426078,2026-08-20T02:29:05.131192890Z,0.38573987,0.75473347,-0.32354425751,69458.490000000005,69458.509999999995,69458.5,0.01999999999,0.002879417204,"[{""price"":69458.49,""size"":0.00130693,""num_orders"":1},{""price"":69458.48,""size"":0.00604677,""num_orders"":1},{""price"":69457.69,""size"":0.00042031,""num_orders"":3},{""price"":69457.1,""size"":0.02879476,""num_orders"":2},{""price"":69456.74,""size"":0.00604677,""num_orders"":1},{""price"":69456.11,""size"":0.00079321,""num_orders"":1},{""price"":69456.1,""size"":0.05134847,""num_orders"":1},{""price"":69455.59,""size"":0.08601084,""num_orders"":1},{""price"":69454.63,""size"":0.11796086,""num_orders"":2},{""price"":69454.54,""size"":0.08701095,""num_orders"":1}]","[{""price"":69458.51,""size"":0.00212648,""num_orders"":1},{""price"":69458.52,""size"":0.11575253,""num_orders"":2},{""price"":69458.54,""size"":0.20087843,""num_orders"":1},{""price"":69458.62,""size"":1.6e-05,""num_orders"":1},{""price"":69459.9,""size"":0.0287936,""num_orders"":2},{""price"":69460.75,""size"":0.20087843,""num_orders"":1},{""price"":69461.84,""size"":1.6e-05,""num_orders"":1},{""price"":69462.89,""size"":0.20087843,""num_orders"":1},{""price"":69465.05,""size"":0.00537757,""num_orders"":1},{""price"":69465.06,""size"":1.6e-05,""num_orders"":1}]"
btc_usd_d10_20260820T013806Z,52,2026-08-20T02:30:06.336903Z,2026-08-20T02:30:06.337034Z,BTC-USD,10,ok,,134438462607,2026-08-20T02:30:05.683835101Z,1.46208966,0.44457734,0.533660214395,69455.399999999994,69455.410000000003,69455.404999999999,0.010000000009,0.001439772759,"[{""price"":69455.4,""size"":0.50873279,""num_orders"":5},{""price"":69455.19,""size"":0.02,""num_orders"":1},{""price"":69455.18,""size"":0.18903206,""num_orders"":1},{""price"":69455.13,""size"":0.11518227,""num_orders"":1},{""price"":69455.11,""size"":0.00057591,""num_orders"":1},{""price"":69453.15,""size"":0.20087843,""num_orders"":1},{""price"":69452.99,""size"":0.04021669,""num_orders"":1},{""price"":69451.08,""size"":0.00026248,""num_orders"":2},{""price"":69450.97,""size"":0.1863306,""num_orders"":1},{""price"":69450.95,""size"":0.20087843,""num_orders"":1}]","[{""price"":69455.41,""size"":8.704e-05,""num_orders"":1},{""price"":69457.75,""size"":0.0550421,""num_orders"":1},{""price"":69458.62,""size"":1.6e-05,""num_orders"":1},{""price"":69458.9,""size"":0.00241958,""num_orders"":1},{""price"":69461.84,""size"":1.6e-05,""num_orders"":1},{""price"":69465.0,""size"":0.01,""num_orders"":1},{""price"":69465.06,""size"":1.6e-05,""num_orders"":1},{""price"":69465.85,""size"":0.0035993,""num_orders"":1},{""price"":69465.95,""size"":0.17250289,""num_orders"":1},{""price"":69466.97,""size"":0.20087843,""num_orders"":1}]"
btc_usd_d10_20260820T013806Z,53,2026-08-20T02:31:06.336903Z,2026-08-20T02:31:06.337037Z,BTC-USD,10,ok,,134438505444,2026-08-20T02:31:05.837331164Z,1.2534067,0.34818743,0.565198918405,69493.910000000003,69494.020000000004,69493.964999999997,0.110000000001,0.015828712608,"[{""price"":69493.91,""size"":0.14118588,""num_orders"":4},{""price"":69493.9,""size"":0.02,""num_orders"":1},{""price"":69493.89,""size"":0.35877144,""num_orders"":1},{""price"":69493.88,""size"":0.20087843,""num_orders"":1},{""price"":69492.64,""size"":0.02878002,""num_orders"":2},{""price"":69492.2,""size"":0.01331,""num_orders"":1},{""price"":69492.17,""size"":0.02744433,""num_orders"":2},{""price"":69491.13,""size"":0.20087843,""num_orders"":1},{""price"":69490.82,""size"":1.6e-05,""num_orders"":1},{""price"":69490.06,""size"":0.26214217,""num_orders"":1}]","[{""price"":69494.02,""size"":0.00145904,""num_orders"":1},{""price"":69494.03,""size"":0.18054244,""num_orders"":2},{""price"":69494.09,""size"":0.07775789,""num_orders"":2},{""price"":69495.43,""size"":0.02877888,""num_orders"":2},{""price"":69495.78,""size"":0.00604368,""num_orders"":1},{""price"":69497.57,""size"":0.00057555,""num_orders"":1},{""price"":69498.58,""size"":0.00755455,""num_orders"":1},{""price"":69498.61,""size"":0.04168346,""num_orders"":1},{""price"":69500.29,""size"":0.00377594,""num_orders"":1},{""price"":69500.48,""size"":1.6e-05,""num_orders"":1}]"
btc_usd_d10_20260820T013806Z,54,2026-08-20T02:32:06.336903Z,2026-08-20T02:32:06.337069Z,BTC-USD,10,ok,,134438546196,2026-08-20T02:32:06.046589172Z,0.62360658,0.17430492,0.563097110394,69421.039999999994,69422.800000000003,69421.919999999998,1.760000000009,0.253522230444,"[{""price"":69421.04,""size"":0.00834537,""num_orders"":3},{""price"":69421.03,""size"":0.00113851,""num_orders"":1},{""price"":69420.06,""size"":0.20087843,""num_orders"":1},{""price"":69419.98,""size"":1.6e-05,""num_orders"":1},{""price"":69419.65,""size"":0.02881028,""num_orders"":2},{""price"":69419.61,""size"":0.1152412,""num_orders"":1},{""price"":69419.6,""size"":0.0005762,""num_orders"":1},{""price"":69419.47,""size"":0.07381622,""num_orders"":1},{""price"":69418.63,""size"":0.02228148,""num_orders"":1},{""price"":69417.64,""size"":0.17250289,""num_orders"":1}]","[{""price"":69422.8,""size"":0.00166749,""num_orders"":1},{""price"":69422.81,""size"":0.00604996,""num_orders"":1},{""price"":69422.93,""size"":5.788e-05,""num_orders"":1},{""price"":69423.26,""size"":0.05941052,""num_orders"":1},{""price"":69424.19,""size"":0.0288084,""num_orders"":2},{""price"":69424.24,""size"":0.00586246,""num_orders"":1},{""price"":69424.73,""size"":0.02,""num_orders"":1},{""price"":69424.74,""size"":0.00288021,""num_orders"":1},{""price"":69424.93,""size"":0.02,""num_orders"":1},{""price"":69424.94,""size"":0.029568,""num_orders"":2}]"
btc_usd_d10_20260820T013806Z,55,2026-08-20T02:33:06.336903Z,2026-08-20T02:33:06.337037Z,BTC-USD,10,ok,,134438596605,2026-08-20T02:33:05.129826451Z,0.95799763,0.70218009,0.154090454846,69450,69450.009999999995,69450.005000000005,0.009999999995,0.001439884705,"[{""price"":69450.0,""size"":0.00604751,""num_orders"":1},{""price"":69448.26,""size"":0.00604751,""num_orders"":1},{""price"":69447.92,""size"":0.00151023,""num_orders"":1},{""price"":69447.91,""size"":0.20087843,""num_orders"":1},{""price"":69445.92,""size"":0.00755939,""num_orders"":1},{""price"":69445.38,""size"":0.17250289,""num_orders"":1},{""price"":69445.37,""size"":0.20087843,""num_orders"":1},{""price"":69444.66,""size"":0.04141697,""num_orders"":1},{""price"":69444.57,""size"":0.12027784,""num_orders"":1},{""price"":69443.19,""size"":0.20087843,""num_orders"":1}]","[{""price"":69450.01,""size"":0.2738652,""num_orders"":4},{""price"":69450.06,""size"":0.04193684,""num_orders"":1},{""price"":69450.3,""size"":0.009561,""num_orders"":1},{""price"":69450.76,""size"":0.00107991,""num_orders"":1},{""price"":69452.18,""size"":1.6e-05,""num_orders"":1},{""price"":69455.4,""size"":1.6e-05,""num_orders"":1},{""price"":69456.96,""size"":0.0019646,""num_orders"":1},{""price"":69456.97,""size"":0.17250289,""num_orders"":1},{""price"":69456.98,""size"":0.20087843,""num_orders"":1},{""price"":69458.21,""size"":0.00035922,""num_orders"":1}]"
btc_usd_d10_20260820T013806Z,56,2026-08-20T02:34:06.336903Z,2026-08-20T02:34:06.337019Z,BTC-USD,10,ok,,134438640416,2026-08-20T02:34:03.817439607Z,0.25149728,0.88010422,-0.555502038483,69428.279999999999,69428.289999999994,69428.285000000003,0.009999999995,0.001440335159,"[{""price"":69428.28,""size"":0.12503421,""num_orders"":3},{""price"":69428.23,""size"":0.00121415,""num_orders"":1},{""price"":69426.96,""size"":0.00291969,""num_orders"":1},{""price"":69426.95,""size"":0.02795002,""num_orders"":1},{""price"":69426.54,""size"":0.0060494,""num_orders"":1},{""price"":69425.14,""size"":0.02,""num_orders"":1},{""price"":69425.13,""size"":0.04076796,""num_orders"":1},{""price"":69424.7,""size"":1e-07,""num_orders"":1},{""price"":69424.21,""size"":0.02,""num_orders"":1},{""price"":69424.2,""size"":0.00756175,""num_orders"":1}]","[{""price"":69428.29,""size"":0.15296655,""num_orders"":3},{""price"":69428.34,""size"":0.03582105,""num_orders"":1},{""price"":69429.64,""size"":1.6e-05,""num_orders"":1},{""price"":69432.86,""size"":0.00123228,""num_orders"":2},{""price"":69433.39,""size"":0.20087843,""num_orders"":1},{""price"":69434.49,""size"":0.11521651,""num_orders"":1},{""price"":69434.5,""size"":0.00057608,""num_orders"":1},{""price"":69434.63,""size"":0.17250289,""num_orders"":1},{""price"":69435.54,""size"":0.20087843,""num_orders"":1},{""price"":69436.08,""size"":1.6e-05,""num_orders"":1}]"
btc_usd_d10_20260820T013806Z,57,2026-08-20T02:35:06.336903Z,2026-08-20T02:35:06.337039Z,BTC-USD,10,ok,,134438692557,2026-08-20T02:35:03.795241911Z,0.97612651,1.07996485,-0.050502785051,69423.479999999996,69423.649999999994,69423.565000000002,0.169999999998,0.024487362468,"[{""price"":69423.48,""size"":0.20087843,""num_orders"":1},{""price"":69423.2,""size"":1.6e-05,""num_orders"":1},{""price"":69420.7,""size"":1e-07,""num_orders"":1},{""price"":69420.56,""size"":0.2465054,""num_orders"":1},{""price"":69420.55,""size"":0.20087843,""num_orders"":1},{""price"":69420.0,""size"":0.01,""num_orders"":1},{""price"":69419.98,""size"":1.6e-05,""num_orders"":1},{""price"":69419.72,""size"":0.00113401,""num_orders"":1},{""price"":69418.22,""size"":0.11581971,""num_orders"":2},{""price"":69417.42,""size"":0.20087843,""num_orders"":1}]","[{""price"":69423.65,""size"":0.03145984,""num_orders"":2},{""price"":69423.66,""size"":0.03,""num_orders"":1},{""price"":69423.68,""size"":0.03,""num_orders"":1},{""price"":69425.01,""size"":0.00375509,""num_orders"":1},{""price"":69425.07,""size"":0.04199348,""num_orders"":1},{""price"":69425.12,""size"":0.11580823,""num_orders"":2},{""price"":69426.1,""size"":0.18206689,""num_orders"":2},{""price"":69428.06,""size"":0.1715,""num_orders"":1},{""price"":69428.2,""size"":0.17250289,""num_orders"":1},{""price"":69429.59,""size"":0.30087843,""num_orders"":2}]"
btc_usd_d10_20260820T013806Z,58,2026-08-20T02:36:06.336903Z,2026-08-20T02:36:06.337040Z,BTC-USD,10,ok,,134438748023,2026-08-20T02:36:03.681323629Z,0.92626781,0.96693356,-0.02147988621,69376.669999999998,69376.679999999993,69376.674999999988,0.009999999995,0.001441406639,"[{""price"":69376.67,""size"":0.01134245,""num_orders"":2},{""price"":69376.64,""size"":0.00144165,""num_orders"":1},{""price"":69374.89,""size"":0.0060537,""num_orders"":1},{""price"":69374.21,""size"":0.00238433,""num_orders"":1},{""price"":69374.2,""size"":0.20087843,""num_orders"":1},{""price"":69372.55,""size"":0.00756713,""num_orders"":1},{""price"":69372.07,""size"":0.3232028,""num_orders"":1},{""price"":69372.06,""size"":0.20087843,""num_orders"":1},{""price"":69372.02,""size"":0.17250289,""num_orders"":1},{""price"":69371.68,""size"":1.6e-05,""num_orders"":1}]","[{""price"":69376.68,""size"":0.14588878,""num_orders"":3},{""price"":69380.66,""size"":0.20087843,""num_orders"":1},{""price"":69380.84,""size"":0.07198401,""num_orders"":1},{""price"":69381.34,""size"":0.00010686,""num_orders"":2},{""price"":69384.03,""size"":0.20087843,""num_orders"":1},{""price"":69384.56,""size"":1.6e-05,""num_orders"":1},{""price"":69386.16,""size"":2.163e-05,""num_orders"":1},{""price"":69386.18,""size"":0.20087843,""num_orders"":1},{""price"":69386.71,""size"":0.14484041,""num_orders"":2},{""price"":69387.62,""size"":0.00144058,""num_orders"":1}]"
btc_usd_d10_20260820T013806Z,59,2026-08-20T02:37:06.336903Z,2026-08-20T02:37:06.337052Z,BTC-USD,10,ok,,134438791221,2026-08-20T02:37:04.164436205Z,1.26607517,0.51436463,0.422204974299,69357.940000000002,69357.949999999997,69357.945000000007,0.009999999995,0.001441795889,"[{""price"":69357.94,""size"":0.26009485,""num_orders"":8},{""price"":69357.93,""size"":0.31886077,""num_orders"":1},{""price"":69357.92,""size"":0.1679537,""num_orders"":1},{""price"":69357.34,""size"":9.371e-05,""num_orders"":2},{""price"":69356.53,""size"":0.0288365,""num_orders"":2},{""price"":69356.18,""size"":0.00605554,""num_orders"":1},{""price"":69356.07,""size"":0.04293451,""num_orders"":1},{""price"":69355.94,""size"":0.11592373,""num_orders"":2},{""price"":69355.32,""size"":0.20087843,""num_orders"":1},{""price"":69353.81,""size"":0.12444343,""num_orders"":1}]","[{""price"":69357.95,""size"":0.08598723,""num_orders"":1},{""price"":69358.8,""size"":1.6e-05,""num_orders"":1},{""price"":69359.11,""size"":0.02883544,""num_orders"":2},{""price"":69360.06,""size"":9.136e-05,""num_orders"":1},{""price"":69361.11,""size"":0.1159151,""num_orders"":2},{""price"":69361.34,""size"":0.00962,""num_orders"":1},{""price"":69362.02,""size"":1.6e-05,""num_orders"":1},{""price"":69364.99,""size"":0.00102106,""num_orders"":1},{""price"":69365.0,""size"":0.20087843,""num_orders"":1},{""price"":69365.01,""size"":0.07198401,""num_orders"":1}]"
