window_id,sample_index,planned_at_utc,collected_at_utc,product_id,depth,status,error,sequence,snapshot_time_utc,bid_volume,ask_volume,imbalance,best_bid,best_ask,mid_price,spread,spread_bps,bids_json,asks_json
btc_usd_d10_20260526T231429Z,46,2026-05-27T00:00:29.861662Z,2026-05-27T00:00:29.861804Z,BTC-USD,10,ok,,128956700543,2026-05-27T00:00:29.104626683Z,0.50302479,1.6510054,-0.532945459785,75841.759999999995,75841.770000000004,75841.764999999999,0.010000000009,0.001318534716,"[{""price"":75841.76,""size"":0.03921008,""num_orders"":3},{""price"":75839.1,""size"":0.03,""num_orders"":1},{""price"":75839.08,""size"":0.03,""num_orders"":1},{""price"":75838.58,""size"":0.00100325,""num_orders"":1},{""price"":75838.15,""size"":0.11248297,""num_orders"":1},{""price"":75837.85,""size"":0.03955808,""num_orders"":1},{""price"":75837.04,""size"":0.07918557,""num_orders"":1},{""price"":75837.03,""size"":0.03970618,""num_orders"":1},{""price"":75836.16,""size"":1.5e-05,""num_orders"":1},{""price"":75835.9,""size"":0.13186366,""num_orders"":1}]","[{""price"":75841.77,""size"":0.00659275,""num_orders"":1},{""price"":75846.51,""size"":0.07918557,""num_orders"":1},{""price"":75847.46,""size"":0.00659275,""num_orders"":1},{""price"":75847.68,""size"":1.5e-05,""num_orders"":1},{""price"":75847.76,""size"":0.03970618,""num_orders"":1},{""price"":75849.14,""size"":0.07918557,""num_orders"":1},{""price"":75849.36,""size"":0.1387,""num_orders"":1},{""price"":75849.43,""size"":0.97135266,""num_orders"":2},{""price"":75849.44,""size"":0.06599473,""num_orders"":1},{""price"":75849.46,""size"":0.26368019,""num_orders"":1}]"
btc_usd_d10_20260526T231429Z,47,2026-05-27T00:01:29.861662Z,2026-05-27T00:01:29.861815Z,BTC-USD,10,ok,,128956742759,2026-05-27T00:01:27.533603861Z,0.22014319,1.76099313,-0.777760684333,75845.360000000001,75845.369999999995,75845.364999999991,0.009999999995,0.00131847213,"[{""price"":75845.36,""size"":3.1e-07,""num_orders"":1},{""price"":75840.79,""size"":0.00069711,""num_orders"":1},{""price"":75839.67,""size"":0.0065923,""num_orders"":1},{""price"":75836.16,""size"":1.5e-05,""num_orders"":1},{""price"":75835.09,""size"":0.03970618,""num_orders"":1},{""price"":75835.0,""size"":0.01,""num_orders"":1},{""price"":75834.33,""size"":0.07918557,""num_orders"":1},{""price"":75833.02,""size"":0.03956059,""num_orders"":1},{""price"":75832.64,""size"":0.04437113,""num_orders"":1},{""price"":75832.32,""size"":1.5e-05,""num_orders"":1}]","[{""price"":75845.37,""size"":0.14699042,""num_orders"":3},{""price"":75845.38,""size"":0.07910831,""num_orders"":1},{""price"":75845.69,""size"":0.0197754,""num_orders"":1},{""price"":75847.47,""size"":0.87847073,""num_orders"":2},{""price"":75847.48,""size"":0.26368707,""num_orders"":1},{""price"":75847.51,""size"":0.26368698,""num_orders"":1},{""price"":75847.66,""size"":0.02480712,""num_orders"":1},{""price"":75847.68,""size"":1.5e-05,""num_orders"":1},{""price"":75848.98,""size"":0.00526653,""num_orders"":1},{""price"":75848.99,""size"":0.07918557,""num_orders"":1}]"
btc_usd_d10_20260526T231429Z,48,2026-05-27T00:02:29.861662Z,2026-05-27T00:02:29.861787Z,BTC-USD,10,ok,,128956779435,2026-05-27T00:02:29.035214590Z,0.42559921,1.52723207,-0.564120859432,75851.5,75851.509999999995,75851.505000000005,0.009999999995,0.001318365403,"[{""price"":75851.5,""size"":0.02972647,""num_orders"":3},{""price"":75849.99,""size"":9.386e-05,""num_orders"":1},{""price"":75848.93,""size"":0.00077141,""num_orders"":1},{""price"":75846.89,""size"":0.07918557,""num_orders"":1},{""price"":75846.88,""size"":0.03970618,""num_orders"":1},{""price"":75846.87,""size"":0.13100841,""num_orders"":1},{""price"":75845.81,""size"":0.00659182,""num_orders"":1},{""price"":75843.37,""size"":0.01977471,""num_orders"":1},{""price"":75843.35,""size"":0.03955521,""num_orders"":1},{""price"":75842.36,""size"":0.07918557,""num_orders"":1}]","[{""price"":75851.51,""size"":0.12493968,""num_orders"":4},{""price"":75851.52,""size"":1.5e-05,""num_orders"":1},{""price"":75852.0,""size"":1.0,""num_orders"":1},{""price"":75852.23,""size"":0.02437376,""num_orders"":1},{""price"":75854.74,""size"":0.01977471,""num_orders"":1},{""price"":75854.95,""size"":0.26366111,""num_orders"":1},{""price"":75855.0,""size"":0.01,""num_orders"":1},{""price"":75855.36,""size"":1.5e-05,""num_orders"":1},{""price"":75855.63,""size"":0.00526724,""num_orders"":1},{""price"":75855.64,""size"":0.07918557,""num_orders"":1}]"
btc_usd_d10_20260526T231429Z,49,2026-05-27T00:03:29.861662Z,2026-05-27T00:03:29.861799Z,BTC-USD,10,ok,,128956818276,2026-05-27T00:03:26.683326749Z,0.25667811,0.94399036,-0.572441325123,75846.949999999997,75846.960000000006,75846.955000000002,0.010000000009,0.001318444493,"[{""price"":75846.95,""size"":0.02425611,""num_orders"":3},{""price"":75846.94,""size"":0.01681541,""num_orders"":1},{""price"":75846.92,""size"":0.03,""num_orders"":1},{""price"":75845.93,""size"":0.00925474,""num_orders"":5},{""price"":75840.53,""size"":0.02789914,""num_orders"":1},{""price"":75840.24,""size"":0.00659231,""num_orders"":1},{""price"":75840.08,""size"":0.01,""num_orders"":1},{""price"":75840.07,""size"":0.07918557,""num_orders"":1},{""price"":75840.04,""size"":0.02477569,""num_orders"":1},{""price"":75839.39,""size"":0.02789914,""num_orders"":1}]","[{""price"":75846.96,""size"":0.03562466,""num_orders"":3},{""price"":75847.65,""size"":0.02413224,""num_orders"":1},{""price"":75849.89,""size"":0.07918557,""num_orders"":1},{""price"":75849.9,""size"":0.03970618,""num_orders"":1},{""price"":75849.92,""size"":0.26367861,""num_orders"":1},{""price"":75851.52,""size"":1.5e-05,""num_orders"":1},{""price"":75852.19,""size"":0.01977636,""num_orders"":1},{""price"":75852.5,""size"":0.1390166,""num_orders"":1},{""price"":75852.51,""size"":0.07918557,""num_orders"":1},{""price"":75852.52,""size"":0.26366957,""num_orders"":1}]"
btc_usd_d10_20260526T231429Z,50,2026-05-27T00:04:29.861662Z,2026-05-27T00:04:29.861790Z,BTC-USD,10,ok,,128956857016,2026-05-27T00:04:29.546694243Z,0.36328425,2.14592349,-0.710439080664,75851.149999999994,75851.160000000003,75851.154999999999,0.010000000009,0.001318371488,"[{""price"":75851.15,""size"":0.02138438,""num_orders"":4},{""price"":75848.01,""size"":0.03955278,""num_orders"":1},{""price"":75847.9,""size"":0.03954212,""num_orders"":1},{""price"":75847.68,""size"":1.5e-05,""num_orders"":1},{""price"":75846.36,""size"":0.00203246,""num_orders"":1},{""price"":75843.84,""size"":1.5e-05,""num_orders"":1},{""price"":75843.66,""size"":0.01,""num_orders"":1},{""price"":75843.65,""size"":0.07918557,""num_orders"":1},{""price"":75843.64,""size"":0.03970618,""num_orders"":1},{""price"":75843.31,""size"":0.13185076,""num_orders"":1}]","[{""price"":75851.16,""size"":0.21902412,""num_orders"":7},{""price"":75852.75,""size"":0.07918557,""num_orders"":1},{""price"":75854.27,""size"":0.07909904,""num_orders"":1},{""price"":75854.55,""size"":0.01977652,""num_orders"":1},{""price"":75855.21,""size"":0.1390166,""num_orders"":1},{""price"":75855.22,""size"":1.1286142,""num_orders"":1},{""price"":75855.29,""size"":0.13918438,""num_orders"":1},{""price"":75855.35,""size"":0.03970618,""num_orders"":1},{""price"":75855.36,""size"":0.06599473,""num_orders"":1},{""price"":75855.37,""size"":0.23632215,""num_orders"":2}]"
btc_usd_d10_20260526T231429Z,51,2026-05-27T00:05:29.861662Z,2026-05-27T00:05:29.861781Z,BTC-USD,10,ok,,128956896262,2026-05-27T00:05:28.836768383Z,0.2910904,0.64052722,-0.375086100239,75860.259999999995,75862.339999999997,75861.299999999988,2.080000000002,0.274184597417,"[{""price"":75860.26,""size"":0.03494516,""num_orders"":2},{""price"":75860.25,""size"":0.01510688,""num_orders"":1},{""price"":75860.24,""size"":0.03,""num_orders"":1},{""price"":75859.23,""size"":0.00969845,""num_orders"":1},{""price"":75859.19,""size"":0.00505361,""num_orders"":3},{""price"":75856.8,""size"":0.03954784,""num_orders"":1},{""price"":75855.97,""size"":0.01900171,""num_orders"":1},{""price"":75854.83,""size"":0.01900171,""num_orders"":1},{""price"":75854.67,""size"":0.07918557,""num_orders"":1},{""price"":75854.36,""size"":0.03954947,""num_orders"":1}]","[{""price"":75862.34,""size"":0.01505482,""num_orders"":1},{""price"":75862.38,""size"":0.07918557,""num_orders"":1},{""price"":75862.47,""size"":0.03970618,""num_orders"":1},{""price"":75863.04,""size"":1.5e-05,""num_orders"":1},{""price"":75864.63,""size"":0.01977223,""num_orders"":1},{""price"":75865.31,""size"":0.2636251,""num_orders"":1},{""price"":75866.01,""size"":0.07918557,""num_orders"":1},{""price"":75866.87,""size"":0.00526775,""num_orders"":1},{""price"":75866.88,""size"":1.5e-05,""num_orders"":1},{""price"":75867.19,""size"":0.1387,""num_orders"":1}]"
btc_usd_d10_20260526T231429Z,52,2026-05-27T00:06:29.861662Z,2026-05-27T00:06:29.861807Z,BTC-USD,10,ok,,128956938001,2026-05-27T00:06:27.177076024Z,0.71003247,0.64025385,0.051676906569,75859.369999999995,75861.429999999993,75860.399999999994,2.059999999998,0.271551428677,"[{""price"":75859.37,""size"":0.01512916,""num_orders"":1},{""price"":75857.38,""size"":0.07918557,""num_orders"":1},{""price"":75856.72,""size"":0.00658836,""num_orders"":1},{""price"":75856.16,""size"":0.03954853,""num_orders"":1},{""price"":75855.39,""size"":0.03970618,""num_orders"":1},{""price"":75855.36,""size"":0.12544343,""num_orders"":2},{""price"":75855.35,""size"":0.28007149,""num_orders"":3},{""price"":75855.08,""size"":0.0056217,""num_orders"":1},{""price"":75854.99,""size"":0.07918557,""num_orders"":1},{""price"":75854.3,""size"":0.03955248,""num_orders"":1}]","[{""price"":75861.43,""size"":0.00487083,""num_orders"":1},{""price"":75862.63,""size"":0.0249481,""num_orders"":1},{""price"":75862.71,""size"":0.03970618,""num_orders"":1},{""price"":75863.04,""size"":1.5e-05,""num_orders"":1},{""price"":75864.58,""size"":0.07918557,""num_orders"":1},{""price"":75864.59,""size"":0.2636276,""num_orders"":1},{""price"":75865.0,""size"":0.01,""num_orders"":1},{""price"":75866.88,""size"":1.5e-05,""num_orders"":1},{""price"":75867.07,""size"":0.07918557,""num_orders"":1},{""price"":75867.49,""size"":0.1387,""num_orders"":1}]"
btc_usd_d10_20260526T231429Z,53,2026-05-27T00:07:29.861662Z,2026-05-27T00:07:29.861802Z,BTC-USD,10,ok,,128956978040,2026-05-27T00:07:27.173494199Z,0.57335752,0.71176319,-0.107698575646,75833.350000000006,75833.360000000001,75833.35500000001,0.009999999995,0.001318680941,"[{""price"":75833.35,""size"":0.09158203,""num_orders"":8},{""price"":75833.34,""size"":0.03956043,""num_orders"":1},{""price"":75832.32,""size"":1.5e-05,""num_orders"":1},{""price"":75831.79,""size"":0.01327104,""num_orders"":1},{""price"":75831.33,""size"":0.01977891,""num_orders"":1},{""price"":75830.85,""size"":0.00526654,""num_orders"":1},{""price"":75830.84,""size"":0.13187245,""num_orders"":1},{""price"":75830.52,""size"":0.03970618,""num_orders"":1},{""price"":75828.48,""size"":1.5e-05,""num_orders"":1},{""price"":75827.47,""size"":0.23228994,""num_orders"":1}]","[{""price"":75833.36,""size"":0.17659664,""num_orders"":6},{""price"":75833.37,""size"":0.008,""num_orders"":1},{""price"":75835.92,""size"":0.008,""num_orders"":1},{""price"":75836.64,""size"":0.13787634,""num_orders"":1},{""price"":75838.39,""size"":0.07918557,""num_orders"":1},{""price"":75838.4,""size"":0.11741145,""num_orders"":1},{""price"":75839.05,""size"":0.0065934,""num_orders"":1},{""price"":75839.11,""size"":0.00065934,""num_orders"":1},{""price"":75839.39,""size"":0.03970618,""num_orders"":1},{""price"":75839.4,""size"":0.13773427,""num_orders"":1}]"
btc_usd_d10_20260526T231429Z,54,2026-05-27T00:08:29.861662Z,2026-05-27T00:08:29.861755Z,BTC-USD,10,ok,,128957008750,2026-05-27T00:08:29.340043677Z,0.20786983,0.54397655,-0.447041748076,75854.419999999998,75854.429999999993,75854.424999999988,0.009999999995,0.001318314653,"[{""price"":75854.42,""size"":0.02963514,""num_orders"":2},{""price"":75854.4,""size"":0.00012405,""num_orders"":1},{""price"":75851.84,""size"":0.00027435,""num_orders"":1},{""price"":75851.67,""size"":0.01977295,""num_orders"":1},{""price"":75850.54,""size"":0.00156826,""num_orders"":1},{""price"":75849.84,""size"":0.0211649,""num_orders"":1},{""price"":75849.35,""size"":0.07918557,""num_orders"":1},{""price"":75847.74,""size"":0.03955292,""num_orders"":1},{""price"":75847.39,""size"":0.01,""num_orders"":1},{""price"":75847.38,""size"":0.00659169,""num_orders"":1}]","[{""price"":75854.43,""size"":0.07718398,""num_orders"":3},{""price"":75854.99,""size"":0.02423885,""num_orders"":1},{""price"":75855.36,""size"":1.5e-05,""num_orders"":1},{""price"":75857.45,""size"":0.00388,""num_orders"":1},{""price"":75857.76,""size"":0.07918557,""num_orders"":1},{""price"":75857.77,""size"":0.26365132,""num_orders"":1},{""price"":75859.19,""size"":0.00526662,""num_orders"":1},{""price"":75859.2,""size"":1.5e-05,""num_orders"":1},{""price"":75859.38,""size"":0.03970618,""num_orders"":1},{""price"":75859.41,""size"":0.05083403,""num_orders"":1}]"
btc_usd_d10_20260526T231429Z,55,2026-05-27T00:09:29.861662Z,2026-05-27T00:09:29.861794Z,BTC-USD,10,ok,,128957041309,2026-05-27T00:09:27.526393094Z,0.20536132,1.02696109,-0.666708454973,75870.199999999997,75870.210000000006,75870.205000000002,0.010000000009,0.001318040463,"[{""price"":75870.2,""size"":0.02383483,""num_orders"":4},{""price"":75870.19,""size"":0.0012545,""num_orders"":1},{""price"":75866.1,""size"":0.01,""num_orders"":1},{""price"":75866.09,""size"":0.0518782,""num_orders"":2},{""price"":75865.9,""size"":0.01976934,""num_orders"":1},{""price"":75865.53,""size"":0.01,""num_orders"":1},{""price"":75865.52,""size"":0.01318066,""num_orders"":1},{""price"":75865.43,""size"":0.01,""num_orders"":1},{""price"":75865.42,""size"":0.0259,""num_orders"":1},{""price"":75865.25,""size"":0.03954379,""num_orders"":1}]","[{""price"":75870.21,""size"":0.27857164,""num_orders"":4},{""price"":75870.72,""size"":1.5e-05,""num_orders"":1},{""price"":75871.15,""size"":0.07908144,""num_orders"":1},{""price"":75873.65,""size"":0.03383512,""num_orders"":1},{""price"":75874.56,""size"":1.5e-05,""num_orders"":1},{""price"":75874.98,""size"":0.07918557,""num_orders"":1},{""price"":75874.99,""size"":0.03970618,""num_orders"":1},{""price"":75875.0,""size"":0.01,""num_orders"":1},{""price"":75875.05,""size"":0.26359129,""num_orders"":1},{""price"":75875.21,""size"":0.24295985,""num_orders"":1}]"
btc_usd_d10_20260526T231429Z,56,2026-05-27T00:10:29.861662Z,2026-05-27T00:10:29.861818Z,BTC-USD,10,ok,,128957070108,2026-05-27T00:10:29.031302013Z,0.35154584,0.5521601,-0.221990640008,75882.759999999995,75882.770000000004,75882.764999999999,0.010000000009,0.001317822303,"[{""price"":75882.76,""size"":0.02530088,""num_orders"":3},{""price"":75882.31,""size"":0.01684625,""num_orders"":1},{""price"":75881.83,""size"":0.0007773,""num_orders"":1},{""price"":75880.02,""size"":0.12984476,""num_orders"":1},{""price"":75879.24,""size"":0.01317979,""num_orders"":1},{""price"":75878.03,""size"":0.03970618,""num_orders"":1},{""price"":75878.02,""size"":0.07918557,""num_orders"":1},{""price"":75878.01,""size"":0.03953714,""num_orders"":1},{""price"":75877.23,""size"":0.00057882,""num_orders"":1},{""price"":75876.54,""size"":0.00658915,""num_orders"":1}]","[{""price"":75882.77,""size"":0.00693166,""num_orders"":2},{""price"":75882.78,""size"":0.00057872,""num_orders"":1},{""price"":75882.79,""size"":0.09257,""num_orders"":1},{""price"":75883.84,""size"":0.07906821,""num_orders"":1},{""price"":75883.85,""size"":0.01638289,""num_orders"":1},{""price"":75885.0,""size"":0.01,""num_orders"":1},{""price"":75886.08,""size"":1.5e-05,""num_orders"":1},{""price"":75887.48,""size"":0.07918557,""num_orders"":1},{""price"":75887.49,""size"":0.26354805,""num_orders"":1},{""price"":75887.66,""size"":0.00388,""num_orders"":1}]"
btc_usd_d10_20260526T231429Z,57,2026-05-27T00:11:29.861662Z,2026-05-27T00:11:29.861859Z,BTC-USD,10,ok,,128957117682,2026-05-27T00:11:28.183693180Z,0.25214872,1.94266218,-0.770231941166,75847.679999999993,75847.690000000002,75847.684999999998,0.010000000009,0.001318431803,"[{""price"":75847.68,""size"":0.00874105,""num_orders"":5},{""price"":75846.7,""size"":0.00499993,""num_orders"":1},{""price"":75844.82,""size"":0.01318038,""num_orders"":1},{""price"":75843.84,""size"":1.5e-05,""num_orders"":1},{""price"":75843.68,""size"":0.01318038,""num_orders"":1},{""price"":75843.61,""size"":0.03970618,""num_orders"":1},{""price"":75843.6,""size"":0.02679829,""num_orders"":1},{""price"":75842.46,""size"":0.02679829,""num_orders"":1},{""price"":75841.73,""size"":0.03954365,""num_orders"":1},{""price"":75841.52,""size"":0.07918557,""num_orders"":1}]","[{""price"":75847.69,""size"":0.31642438,""num_orders"":5},{""price"":75848.78,""size"":0.07918557,""num_orders"":1},{""price"":75849.32,""size"":0.1387,""num_orders"":1},{""price"":75849.79,""size"":0.01318038,""num_orders"":1},{""price"":75850.9,""size"":0.04984665,""num_orders"":1},{""price"":75851.5,""size"":0.3033793,""num_orders"":2},{""price"":75851.51,""size"":0.10895056,""num_orders"":1},{""price"":75851.87,""size"":0.07918557,""num_orders"":1},{""price"":75853.38,""size"":0.00659215,""num_orders"":1},{""price"":75853.49,""size"":0.84721762,""num_orders"":2}]"
btc_usd_d10_20260526T231429Z,58,2026-05-27T00:12:29.861662Z,2026-05-27T00:12:29.861804Z,BTC-USD,10,ok,,128957151018,2026-05-27T00:12:29.032017820Z,0.4421409,0.32613948,0.150988393066,75861.789999999994,75861.800000000003,75861.794999999998,0.010000000009,0.00131818658,"[{""price"":75861.79,""size"":0.0684515,""num_orders"":6},{""price"":75860.29,""size"":0.07918557,""num_orders"":1},{""price"":75860.28,""size"":0.03954638,""num_orders"":1},{""price"":75859.79,""size"":0.00076258,""num_orders"":1},{""price"":75859.02,""size"":0.01,""num_orders"":1},{""price"":75859.01,""size"":0.01318387,""num_orders"":1},{""price"":75857.92,""size"":0.01,""num_orders"":1},{""price"":75857.91,""size"":0.07918557,""num_orders"":1},{""price"":75857.9,""size"":0.01,""num_orders"":1},{""price"":75857.89,""size"":0.13182543,""num_orders"":1}]","[{""price"":75861.8,""size"":0.00077072,""num_orders"":2},{""price"":75866.88,""size"":1.5e-05,""num_orders"":1},{""price"":75866.97,""size"":0.07918557,""num_orders"":1},{""price"":75867.07,""size"":0.07908569,""num_orders"":1},{""price"":75867.33,""size"":0.00388,""num_orders"":1},{""price"":75870.0,""size"":0.01,""num_orders"":1},{""price"":75870.32,""size"":0.02450068,""num_orders"":1},{""price"":75870.64,""size"":0.07899564,""num_orders"":1},{""price"":75870.69,""size"":0.01,""num_orders"":1},{""price"":75870.7,""size"":0.03970618,""num_orders"":1}]"
btc_usd_d10_20260526T231429Z,59,2026-05-27T00:13:29.861662Z,2026-05-27T00:13:29.861878Z,BTC-USD,10,ok,,128957178715,2026-05-27T00:13:28.111042634Z,0.1728085,0.73669644,-0.619994367485,75861.009999999995,75861.020000000004,75861.014999999999,0.010000000009,0.001318200133,"[{""price"":75861.01,""size"":0.02007994,""num_orders"":3},{""price"":75859.45,""size"":0.00099985,""num_orders"":1},{""price"":75859.2,""size"":1.5e-05,""num_orders"":1},{""price"":75857.1,""size"":9.76e-06,""num_orders"":1},{""price"":75856.71,""size"":0.01318118,""num_orders"":1},{""price"":75856.05,""size"":0.01318268,""num_orders"":1},{""price"":75855.67,""size"":0.03954878,""num_orders"":1},{""price"":75855.36,""size"":1.5e-05,""num_orders"":1},{""price"":75855.33,""size"":0.07918557,""num_orders"":1},{""price"":75855.32,""size"":0.00659074,""num_orders"":1}]","[{""price"":75861.02,""size"":0.15249151,""num_orders"":7},{""price"":75861.38,""size"":0.07909162,""num_orders"":1},{""price"":75863.81,""size"":0.05256982,""num_orders"":1},{""price"":75864.34,""size"":0.07918557,""num_orders"":1},{""price"":75864.35,""size"":0.26362845,""num_orders"":1},{""price"":75865.25,""size"":0.03970618,""num_orders"":1},{""price"":75865.79,""size"":0.02008005,""num_orders"":1},{""price"":75866.11,""size"":0.02357965,""num_orders"":1},{""price"":75866.12,""size"":0.01977259,""num_orders"":1},{""price"":75866.71,""size"":0.006591,""num_orders"":1}]"
btc_usd_d10_20260527T042340Z,0,2026-05-27T04:23:40.542704Z,2026-05-27T04:23:40.542738Z,BTC-USD,10,ok,,128966341131,2026-05-27T04:23:39.344847725Z,0.78962626,0.69062486,0.066881489676,75383.979999999996,75383.990000000005,75383.985000000001,0.010000000009,0.001326541706,"[{""price"":75383.98,""size"":0.0597555,""num_orders"":3},{""price"":75382.53,""size"":0.01099813,""num_orders"":7},{""price"":75382.21,""size"":0.10593735,""num_orders"":1},{""price"":75382.2,""size"":0.04138513,""num_orders"":1},{""price"":75380.73,""size"":0.13265989,""num_orders"":1},{""price"":75380.61,""size"":0.26532021,""num_orders"":1},{""price"":75380.0,""size"":0.0305,""num_orders"":1},{""price"":75379.9,""size"":0.10593735,""num_orders"":1},{""price"":75378.32,""size"":0.0066327,""num_orders"":1},{""price"":75378.0,""size"":0.0305,""num_orders"":1}]","[{""price"":75383.99,""size"":0.19015301,""num_orders"":5},{""price"":75384.0,""size"":0.029,""num_orders"":1},{""price"":75385.97,""size"":0.05929262,""num_orders"":1},{""price"":75385.98,""size"":0.03980262,""num_orders"":1},{""price"":75386.0,""size"":0.029,""num_orders"":1},{""price"":75386.88,""size"":1.5e-05,""num_orders"":1},{""price"":75388.0,""size"":0.0305,""num_orders"":1},{""price"":75388.94,""size"":0.10593735,""num_orders"":1},{""price"":75388.95,""size"":0.20029156,""num_orders"":2},{""price"":75389.65,""size"":0.0066327,""num_orders"":1}]"
btc_usd_d10_20260527T042340Z,1,2026-05-27T04:24:40.542704Z,2026-05-27T04:24:40.542826Z,BTC-USD,10,ok,,128966379643,2026-05-27T04:24:38.304073480Z,0.49001227,11.77755943,-0.920112589193,75399.990000000005,75400,75399.994999999995,0.009999999995,0.001326260034,"[{""price"":75399.99,""size"":0.21690248,""num_orders"":6},{""price"":75399.98,""size"":0.03,""num_orders"":1},{""price"":75399.96,""size"":0.03,""num_orders"":1},{""price"":75399.92,""size"":0.00066313,""num_orders"":1},{""price"":75398.39,""size"":0.04137642,""num_orders"":1},{""price"":75398.32,""size"":0.00033289,""num_orders"":1},{""price"":75398.0,""size"":0.0248,""num_orders"":1},{""price"":75395.41,""size"":0.02,""num_orders"":1},{""price"":75395.4,""size"":0.10593735,""num_orders"":1},{""price"":75394.71,""size"":0.02,""num_orders"":1}]","[{""price"":75400.0,""size"":10.95727888,""num_orders"":6},{""price"":75402.24,""size"":1.5e-05,""num_orders"":1},{""price"":75405.0,""size"":0.01,""num_orders"":1},{""price"":75405.97,""size"":0.10593735,""num_orders"":1},{""price"":75406.08,""size"":1.5e-05,""num_orders"":1},{""price"":75408.47,""size"":0.10593735,""num_orders"":1},{""price"":75408.63,""size"":0.03980262,""num_orders"":1},{""price"":75409.37,""size"":0.25214954,""num_orders"":1},{""price"":75409.38,""size"":0.07947025,""num_orders"":1},{""price"":75409.92,""size"":0.22695344,""num_orders"":2}]"
btc_usd_d10_20260527T042340Z,2,2026-05-27T04:25:40.542704Z,2026-05-27T04:25:40.542841Z,BTC-USD,10,ok,,128966403633,2026-05-27T04:25:40.065691488Z,0.89923602,9.01994176,-0.818687387212,75399.990000000005,75400,75399.994999999995,0.009999999995,0.001326260034,"[{""price"":75399.99,""size"":0.15353011,""num_orders"":9},{""price"":75399.92,""size"":0.00066313,""num_orders"":1},{""price"":75399.85,""size"":0.04136919,""num_orders"":1},{""price"":75398.32,""size"":0.00033289,""num_orders"":1},{""price"":75398.0,""size"":0.0322,""num_orders"":1},{""price"":75397.81,""size"":0.07224341,""num_orders"":2},{""price"":75396.92,""size"":0.065582,""num_orders"":1},{""price"":75396.67,""size"":0.13787527,""num_orders"":2},{""price"":75396.0,""size"":0.0322,""num_orders"":1},{""price"":75394.59,""size"":0.36324002,""num_orders"":1}]","[{""price"":75400.0,""size"":8.54480753,""num_orders"":13},{""price"":75402.19,""size"":0.00196088,""num_orders"":1},{""price"":75402.24,""size"":1.5e-05,""num_orders"":1},{""price"":75402.88,""size"":0.10593735,""num_orders"":1},{""price"":75405.0,""size"":0.01,""num_orders"":1},{""price"":75405.29,""size"":0.10593735,""num_orders"":1},{""price"":75405.66,""size"":0.0066313,""num_orders"":1},{""price"":75406.08,""size"":1.5e-05,""num_orders"":1},{""price"":75407.54,""size"":0.1387,""num_orders"":1},{""price"":75407.62,""size"":0.10593735,""num_orders"":1}]"
btc_usd_d10_20260527T042340Z,3,2026-05-27T04:26:40.542704Z,2026-05-27T04:26:40.542843Z,BTC-USD,10,ok,,128966424885,2026-05-27T04:26:39.011808525Z,0.51796329,5.92967918,-0.839332502567,75394.149999999994,75394.160000000003,75394.154999999999,0.010000000009,0.001326362768,"[{""price"":75394.15,""size"":0.02202426,""num_orders"":5},{""price"":75394.14,""size"":0.03979089,""num_orders"":1},{""price"":75394.0,""size"":0.00061065,""num_orders"":1},{""price"":75392.74,""size"":0.01327104,""num_orders"":1},{""price"":75392.73,""size"":0.26527754,""num_orders"":1},{""price"":75392.11,""size"":0.13263985,""num_orders"":1},{""price"":75392.0,""size"":0.0322,""num_orders"":1},{""price"":75391.99,""size"":0.00606703,""num_orders"":1},{""price"":75390.85,""size"":0.00606703,""num_orders"":1},{""price"":75390.72,""size"":1.5e-05,""num_orders"":1}]","[{""price"":75394.16,""size"":0.01713196,""num_orders"":1},{""price"":75394.97,""size"":0.38694793,""num_orders"":1},{""price"":75395.33,""size"":0.00013926,""num_orders"":1},{""price"":75395.34,""size"":0.15952168,""num_orders"":1},{""price"":75395.51,""size"":0.00249146,""num_orders"":1},{""price"":75397.67,""size"":0.10593735,""num_orders"":1},{""price"":75398.0,""size"":0.0322,""num_orders"":1},{""price"":75399.96,""size"":0.10593735,""num_orders"":1},{""price"":75399.97,""size"":0.03980262,""num_orders"":1},{""price"":75399.99,""size"":5.07956957,""num_orders"":1}]"
btc_usd_d10_20260527T042340Z,4,2026-05-27T04:27:40.542704Z,2026-05-27T04:27:40.542854Z,BTC-USD,10,ok,,128966458362,2026-05-27T04:27:38.047025770Z,0.85056288,8.97238308,-0.826821223803,75399.990000000005,75400,75399.994999999995,0.009999999995,0.001326260034,"[{""price"":75399.99,""size"":0.10376386,""num_orders"":6},{""price"":75398.64,""size"":0.00066313,""num_orders"":1},{""price"":75395.77,""size"":0.0397913,""num_orders"":1},{""price"":75394.61,""size"":0.03980262,""num_orders"":1},{""price"":75394.6,""size"":0.13263548,""num_orders"":1},{""price"":75394.37,""size"":0.1238594,""num_orders"":1},{""price"":75394.32,""size"":0.0066313,""num_orders"":1},{""price"":75394.0,""size"":0.0322,""num_orders"":1},{""price"":75392.49,""size"":0.10593735,""num_orders"":1},{""price"":75392.48,""size"":0.26527844,""num_orders"":1}]","[{""price"":75400.0,""size"":8.39748219,""num_orders"":17},{""price"":75402.24,""size"":1.5e-05,""num_orders"":1},{""price"":75404.99,""size"":0.22977246,""num_orders"":1},{""price"":75405.0,""size"":0.01,""num_orders"":1},{""price"":75405.66,""size"":0.0066313,""num_orders"":1},{""price"":75406.08,""size"":1.5e-05,""num_orders"":1},{""price"":75406.59,""size"":0.03980262,""num_orders"":1},{""price"":75406.91,""size"":0.10593735,""num_orders"":1},{""price"":75407.19,""size"":0.04402716,""num_orders"":1},{""price"":75407.54,""size"":0.1387,""num_orders"":1}]"
btc_usd_d10_20260527T042340Z,5,2026-05-27T04:28:40.542704Z,2026-05-27T04:28:40.542829Z,BTC-USD,10,ok,,128966484578,2026-05-27T04:28:37.684709383Z,0.66822676,1.86147841,-0.471695936804,75390.720000000001,75390.729999999996,75390.725000000006,0.009999999995,0.00132642311,"[{""price"":75390.72,""size"":0.06350932,""num_orders"":4},{""price"":75388.23,""size"":2.65e-06,""num_orders"":1},{""price"":75386.88,""size"":1.5e-05,""num_orders"":1},{""price"":75386.32,""size"":0.11199999,""num_orders"":1},{""price"":75386.0,""size"":0.0322,""num_orders"":1},{""price"":75385.62,""size"":0.01919104,""num_orders"":2},{""price"":75385.61,""size"":0.1326513,""num_orders"":1},{""price"":75385.3,""size"":0.2653037,""num_orders"":1},{""price"":75384.37,""size"":0.03979307,""num_orders"":1},{""price"":75384.08,""size"":0.00356069,""num_orders"":1}]","[{""price"":75390.73,""size"":0.54941711,""num_orders"":5},{""price"":75392.0,""size"":0.0322,""num_orders"":1},{""price"":75394.0,""size"":0.0322,""num_orders"":1},{""price"":75395.03,""size"":0.10593735,""num_orders"":1},{""price"":75395.04,""size"":0.02,""num_orders"":1},{""price"":75395.06,""size"":0.41685024,""num_orders"":1},{""price"":75395.07,""size"":0.61502683,""num_orders"":2},{""price"":75395.78,""size"":0.05101477,""num_orders"":2},{""price"":75396.0,""size"":0.0322,""num_orders"":1},{""price"":75396.39,""size"":0.00663211,""num_orders"":1}]"
btc_usd_d10_20260527T042340Z,6,2026-05-27T04:29:40.542704Z,2026-05-27T04:29:40.542823Z,BTC-USD,10,ok,,128966516099,2026-05-27T04:29:39.594927979Z,1.02804639,13.06340082,-0.854089310391,75388.220000000001,75388.229999999996,75388.225000000006,0.009999999995,0.001326467097,"[{""price"":75388.22,""size"":0.12991611,""num_orders"":12},{""price"":75387.03,""size"":0.03979658,""num_orders"":1},{""price"":75385.55,""size"":0.00066323,""num_orders"":1},{""price"":75385.47,""size"":0.16450028,""num_orders"":1},{""price"":75385.02,""size"":0.13265234,""num_orders"":1},{""price"":75384.09,""size"":0.00037454,""num_orders"":1},{""price"":75384.0,""size"":0.0322,""num_orders"":1},{""price"":75383.97,""size"":0.31130379,""num_orders"":1},{""price"":75383.96,""size"":0.21662452,""num_orders"":4},{""price"":75383.04,""size"":1.5e-05,""num_orders"":1}]","[{""price"":75388.23,""size"":0.08161239,""num_orders"":4},{""price"":75389.3,""size"":0.02,""num_orders"":1},{""price"":75389.31,""size"":0.38976896,""num_orders"":2},{""price"":75389.99,""size"":4.58027359,""num_orders"":2},{""price"":75390.0,""size"":7.44174399,""num_orders"":1},{""price"":75390.73,""size"":0.41068124,""num_orders"":2},{""price"":75392.0,""size"":0.0011683,""num_orders"":1},{""price"":75392.52,""size"":0.10593735,""num_orders"":1},{""price"":75394.0,""size"":0.0322,""num_orders"":1},{""price"":75394.56,""size"":1.5e-05,""num_orders"":1}]"
btc_usd_d10_20260527T042340Z,7,2026-05-27T04:30:40.542704Z,2026-05-27T04:30:40.542828Z,BTC-USD,10,ok,,128966600952,2026-05-27T04:30:38.006879422Z,0.39902045,2.0670728,-0.676394678101,75267.839999999997,75267.850000000006,75267.845000000001,0.010000000009,0.00132858859,"[{""price"":75267.84,""size"":0.00017047,""num_orders"":3},{""price"":75262.26,""size"":0.01327104,""num_orders"":1},{""price"":75262.01,""size"":0.03986497,""num_orders"":1},{""price"":75262.0,""size"":0.0322,""num_orders"":1},{""price"":75260.74,""size"":0.10627276,""num_orders"":1},{""price"":75260.53,""size"":0.02122385,""num_orders"":1},{""price"":75260.16,""size"":1.5e-05,""num_orders"":1},{""price"":75259.4,""size"":0.03986212,""num_orders"":1},{""price"":75258.47,""size"":0.10627276,""num_orders"":1},{""price"":75256.51,""size"":0.03986748,""num_orders"":1}]","[{""price"":75267.85,""size"":0.03832219,""num_orders"":3},{""price"":75267.99,""size"":0.03886566,""num_orders"":1},{""price"":75268.0,""size"":0.0322,""num_orders"":1},{""price"":75268.34,""size"":0.0007016,""num_orders"":1},{""price"":75270.0,""size"":0.0322,""num_orders"":1},{""price"":75272.19,""size"":0.07971071,""num_orders"":1},{""price"":75272.73,""size"":0.08300753,""num_orders"":1},{""price"":75272.74,""size"":0.65579235,""num_orders"":2},{""price"":75272.99,""size"":0.10627276,""num_orders"":1},{""price"":75273.0,""size"":1.0,""num_orders"":1}]"
btc_usd_d10_20260527T042340Z,8,2026-05-27T04:31:40.542704Z,2026-05-27T04:31:40.542834Z,BTC-USD,10,ok,,128966711934,2026-05-27T04:31:40.046009349Z,0.18564099,0.41534785,-0.382214851111,75244.789999999994,75244.800000000003,75244.794999999998,0.010000000009,0.001328995582,"[{""price"":75244.79,""size"":0.00106756,""num_orders"":1},{""price"":75243.13,""size"":0.03988674,""num_orders"":1},{""price"":75242.32,""size"":0.01375493,""num_orders"":1},{""price"":75240.55,""size"":0.01993054,""num_orders"":1},{""price"":75240.0,""size"":0.0222,""num_orders"":1},{""price"":75239.67,""size"":0.03987257,""num_orders"":1},{""price"":75238.0,""size"":0.0222,""num_orders"":1},{""price"":75237.12,""size"":0.02,""num_orders"":1},{""price"":75237.11,""size"":8.346e-05,""num_orders"":1},{""price"":75236.67,""size"":0.00664519,""num_orders"":1}]","[{""price"":75244.8,""size"":0.01993075,""num_orders"":3},{""price"":75245.99,""size"":0.02520236,""num_orders"":1},{""price"":75246.0,""size"":0.0211,""num_orders"":1},{""price"":75248.0,""size"":0.0211,""num_orders"":1},{""price"":75248.64,""size"":1.5e-05,""num_orders"":1},{""price"":75249.97,""size"":0.14561619,""num_orders"":2},{""price"":75249.98,""size"":0.1462836,""num_orders"":2},{""price"":75250.0,""size"":0.0322,""num_orders"":2},{""price"":75250.42,""size"":0.00388,""num_orders"":1},{""price"":75251.41,""size"":1.995e-05,""num_orders"":1}]"
btc_usd_d10_20260527T042340Z,9,2026-05-27T04:32:40.542704Z,2026-05-27T04:32:40.542841Z,BTC-USD,10,ok,,128966793620,2026-05-27T04:32:40.047101445Z,0.522377,2.29007094,-0.628525035027,75206.389999999999,75206.399999999994,75206.39499999999,0.009999999995,0.001329674158,"[{""price"":75206.39,""size"":0.04658962,""num_orders"":3},{""price"":75203.86,""size"":0.10637936,""num_orders"":1},{""price"":75203.66,""size"":0.03989167,""num_orders"":1},{""price"":75201.4,""size"":0.08359839,""num_orders"":1},{""price"":75200.75,""size"":0.00664837,""num_orders"":1},{""price"":75200.48,""size"":0.01994435,""num_orders"":1},{""price"":75199.61,""size"":0.03990424,""num_orders"":1},{""price"":75198.58,""size"":0.02,""num_orders"":1},{""price"":75198.57,""size"":0.10637936,""num_orders"":1},{""price"":75198.48,""size"":0.05304164,""num_orders"":1}]","[{""price"":75206.4,""size"":0.01255812,""num_orders"":4},{""price"":75207.99,""size"":0.04084376,""num_orders"":1},{""price"":75208.0,""size"":0.0292,""num_orders"":1},{""price"":75210.0,""size"":0.0392,""num_orders"":2},{""price"":75210.24,""size"":1.5e-05,""num_orders"":1},{""price"":75211.32,""size"":0.02,""num_orders"":1},{""price"":75211.33,""size"":0.08300753,""num_orders"":1},{""price"":75211.39,""size"":0.01,""num_orders"":1},{""price"":75211.49,""size"":1.05524653,""num_orders"":2},{""price"":75211.5,""size"":1.0,""num_orders"":1}]"
btc_usd_d10_20260527T042340Z,10,2026-05-27T04:33:40.542704Z,2026-05-27T04:33:40.542835Z,BTC-USD,10,ok,,128966858448,2026-05-27T04:33:38.525078496Z,0.80622018,2.22456669,-0.46797962735,75221.75,75221.759999999995,75221.755000000005,0.009999999995,0.001329402644,"[{""price"":75221.75,""size"":4.898e-05,""num_orders"":2},{""price"":75219.95,""size"":0.03988303,""num_orders"":1},{""price"":75219.64,""size"":0.01993905,""num_orders"":1},{""price"":75217.44,""size"":0.13294788,""num_orders"":1},{""price"":75216.61,""size"":0.0006647,""num_orders"":1},{""price"":75216.11,""size"":0.00664701,""num_orders"":1},{""price"":75216.09,""size"":0.03990424,""num_orders"":1},{""price"":75216.08,""size"":0.26590055,""num_orders"":1},{""price"":75214.07,""size"":0.13926855,""num_orders"":1},{""price"":75213.79,""size"":0.16101619,""num_orders"":1}]","[{""price"":75221.76,""size"":0.02827564,""num_orders"":6},{""price"":75221.98,""size"":0.13296104,""num_orders"":1},{""price"":75221.99,""size"":0.78384973,""num_orders"":2},{""price"":75222.0,""size"":1.0322,""num_orders"":2},{""price"":75223.92,""size"":0.03990424,""num_orders"":1},{""price"":75224.0,""size"":0.0322,""num_orders"":1},{""price"":75225.0,""size"":0.01,""num_orders"":1},{""price"":75225.05,""size"":0.13296104,""num_orders"":1},{""price"":75225.6,""size"":1.5e-05,""num_orders"":1},{""price"":75226.0,""size"":0.0322,""num_orders"":1}]"
btc_usd_d10_20260527T042340Z,11,2026-05-27T04:34:40.542704Z,2026-05-27T04:34:40.542830Z,BTC-USD,10,ok,,128966912549,2026-05-27T04:34:40.045946318Z,0.41622939,0.75237996,-0.287650077419,75235.360000000001,75235.369999999995,75235.364999999991,0.009999999995,0.001329162156,"[{""price"":75235.36,""size"":0.01993377,""num_orders"":1},{""price"":75234.36,""size"":0.00918795,""num_orders"":3},{""price"":75234.02,""size"":0.00332608,""num_orders"":4},{""price"":75234.0,""size"":0.0322,""num_orders"":1},{""price"":75233.99,""size"":0.00131375,""num_orders"":2},{""price"":75233.28,""size"":1.5e-05,""num_orders"":1},{""price"":75232.0,""size"":0.0322,""num_orders"":1},{""price"":75230.0,""size"":0.0322,""num_orders"":1},{""price"":75229.59,""size"":0.02,""num_orders"":1},{""price"":75229.58,""size"":0.26585284,""num_orders"":1}]","[{""price"":75235.37,""size"":0.03999611,""num_orders"":3},{""price"":75235.38,""size"":0.01435822,""num_orders"":1},{""price"":75236.5,""size"":0.09119834,""num_orders"":1},{""price"":75236.51,""size"":0.13296104,""num_orders"":1},{""price"":75237.73,""size"":0.17476014,""num_orders"":2},{""price"":75238.0,""size"":0.0322,""num_orders"":1},{""price"":75239.15,""size"":0.00203242,""num_orders"":1},{""price"":75239.9,""size"":0.02,""num_orders"":1},{""price"":75239.91,""size"":0.13296104,""num_orders"":1},{""price"":75239.92,""size"":0.11191265,""num_orders"":1}]"
btc_usd_d10_20260527T042340Z,12,2026-05-27T04:35:40.542704Z,2026-05-27T04:35:40.542818Z,BTC-USD,10,ok,,128966960481,2026-05-27T04:35:39.183372217Z,0.8230514,1.18497514,-0.180238524138,75206.470000000001,75206.479999999996,75206.475000000006,0.009999999995,0.001329672744,"[{""price"":75206.47,""size"":0.04829142,""num_orders"":10},{""price"":75202.56,""size"":1.5e-05,""num_orders"":1},{""price"":75201.77,""size"":0.01919104,""num_orders"":2},{""price"":75201.76,""size"":0.13297559,""num_orders"":1},{""price"":75199.64,""size"":0.26595868,""num_orders"":1},{""price"":75198.88,""size"":0.01994461,""num_orders"":1},{""price"":75198.72,""size"":1.455e-05,""num_orders"":1},{""price"":75195.88,""size"":0.13296104,""num_orders"":1},{""price"":75195.87,""size"":0.02,""num_orders"":1},{""price"":75195.85,""size"":0.18369947,""num_orders"":1}]","[{""price"":75206.48,""size"":0.49149348,""num_orders"":6},{""price"":75206.49,""size"":0.13296104,""num_orders"":1},{""price"":75206.5,""size"":0.25260248,""num_orders"":1},{""price"":75208.0,""size"":0.0236,""num_orders"":1},{""price"":75208.96,""size"":0.02,""num_orders"":1},{""price"":75208.97,""size"":0.13296104,""num_orders"":1},{""price"":75209.83,""size"":0.02,""num_orders"":1},{""price"":75209.84,""size"":0.09038714,""num_orders"":1},{""price"":75209.88,""size"":0.00102535,""num_orders"":1},{""price"":75210.16,""size"":0.01994461,""num_orders"":1}]"
btc_usd_d10_20260527T042340Z,13,2026-05-27T04:36:40.542704Z,2026-05-27T04:36:40.542840Z,BTC-USD,10,ok,,128967009336,2026-05-27T04:36:38.044094335Z,0.43233273,0.61200747,-0.172046178056,75210.880000000005,75210.889999999999,75210.885000000009,0.009999999995,0.001329594778,"[{""price"":75210.88,""size"":0.0198,""num_orders"":1},{""price"":75210.55,""size"":0.03023038,""num_orders"":14},{""price"":75210.24,""size"":1.5e-05,""num_orders"":1},{""price"":75210.0,""size"":0.0259,""num_orders"":1},{""price"":75208.28,""size"":0.26592813,""num_orders"":1},{""price"":75208.2,""size"":0.01994422,""num_orders"":1},{""price"":75208.0,""size"":0.0259,""num_orders"":1},{""price"":75206.4,""size"":1.5e-05,""num_orders"":1},{""price"":75206.0,""size"":0.0246,""num_orders"":1},{""price"":75204.99,""size"":0.02,""num_orders"":1}]","[{""price"":75210.89,""size"":0.03990424,""num_orders"":1},{""price"":75211.29,""size"":0.0006648,""num_orders"":1},{""price"":75212.57,""size"":0.02637143,""num_orders"":1},{""price"":75213.98,""size"":0.01489886,""num_orders"":2},{""price"":75214.09,""size"":0.03592224,""num_orders"":1},{""price"":75215.19,""size"":0.19711468,""num_orders"":1},{""price"":75215.2,""size"":0.13296104,""num_orders"":1},{""price"":75216.0,""size"":0.0259,""num_orders"":1},{""price"":75217.52,""size"":0.00530914,""num_orders"":1},{""price"":75217.53,""size"":0.13296104,""num_orders"":1}]"
btc_usd_d10_20260527T042340Z,14,2026-05-27T04:37:40.542704Z,2026-05-27T04:37:40.542833Z,BTC-USD,10,ok,,128967048923,2026-05-27T04:37:39.661752940Z,0.30957086,0.7874138,-0.435596738427,75237.110000000001,75237.119999999995,75237.114999999991,0.009999999995,0.00132913124,"[{""price"":75237.11,""size"":0.00467716,""num_orders"":2},{""price"":75237.06,""size"":0.00110956,""num_orders"":1},{""price"":75236.2,""size"":0.01993579,""num_orders"":1},{""price"":75234.0,""size"":0.0322,""num_orders"":1},{""price"":75232.0,""size"":0.0322,""num_orders"":1},{""price"":75231.74,""size"":0.03987678,""num_orders"":1},{""price"":75231.46,""size"":0.00664565,""num_orders"":1},{""price"":75229.87,""size"":0.02,""num_orders"":1},{""price"":75229.86,""size"":0.13292592,""num_orders"":1},{""price"":75229.44,""size"":0.02,""num_orders"":1}]","[{""price"":75237.12,""size"":0.13297863,""num_orders"":7},{""price"":75237.94,""size"":0.03990424,""num_orders"":1},{""price"":75237.95,""size"":0.18129062,""num_orders"":2},{""price"":75238.28,""size"":0.07974664,""num_orders"":1},{""price"":75239.57,""size"":0.13296104,""num_orders"":1},{""price"":75239.65,""size"":0.11952279,""num_orders"":1},{""price"":75240.0,""size"":0.0422,""num_orders"":2},{""price"":75240.96,""size"":1.5e-05,""num_orders"":1},{""price"":75242.0,""size"":0.0322,""num_orders"":1},{""price"":75242.13,""size"":0.02659484,""num_orders"":1}]"
btc_usd_d10_20260527T042340Z,15,2026-05-27T04:38:40.542704Z,2026-05-27T04:38:40.542819Z,BTC-USD,10,ok,,128967079348,2026-05-27T04:38:39.540697652Z,0.51988513,0.96626982,-0.300362145953,75229.990000000005,75230,75229.994999999995,0.009999999995,0.001329257033,"[{""price"":75229.99,""size"":0.23453989,""num_orders"":8},{""price"":75229.51,""size"":0.00154653,""num_orders"":1},{""price"":75227.86,""size"":0.03987884,""num_orders"":1},{""price"":75226.49,""size"":0.01993728,""num_orders"":1},{""price"":75226.0,""size"":0.0322,""num_orders"":1},{""price"":75224.25,""size"":0.02,""num_orders"":1},{""price"":75224.24,""size"":0.13293585,""num_orders"":1},{""price"":75224.13,""size"":3.7e-07,""num_orders"":1},{""price"":75224.0,""size"":0.0322,""num_orders"":1},{""price"":75223.27,""size"":0.00664637,""num_orders"":1}]","[{""price"":75230.0,""size"":0.27891608,""num_orders"":6},{""price"":75232.0,""size"":0.0322,""num_orders"":1},{""price"":75232.42,""size"":0.22080225,""num_orders"":2},{""price"":75232.43,""size"":0.14625903,""num_orders"":1},{""price"":75232.5,""size"":0.13296104,""num_orders"":1},{""price"":75233.28,""size"":1.5e-05,""num_orders"":1},{""price"":75233.67,""size"":0.07975153,""num_orders"":1},{""price"":75233.76,""size"":0.00326065,""num_orders"":1},{""price"":75233.84,""size"":0.03990424,""num_orders"":1},{""price"":75234.0,""size"":0.0322,""num_orders"":1}]"
btc_usd_d10_20260527T042340Z,16,2026-05-27T04:39:40.542704Z,2026-05-27T04:39:40.542843Z,BTC-USD,10,ok,,128967124174,2026-05-27T04:39:38.556473631Z,1.24170423,0.59323261,0.353402692596,75235.710000000006,75235.720000000001,75235.714999999997,0.009999999995,0.001329155973,"[{""price"":75235.71,""size"":0.01396744,""num_orders"":6},{""price"":75234.88,""size"":0.03987512,""num_orders"":1},{""price"":75234.67,""size"":0.01993507,""num_orders"":1},{""price"":75233.88,""size"":0.01919104,""num_orders"":2},{""price"":75233.87,""size"":0.52531554,""num_orders"":3},{""price"":75232.65,""size"":0.132921,""num_orders"":1},{""price"":75231.56,""size"":0.17947153,""num_orders"":2},{""price"":75231.55,""size"":0.03987021,""num_orders"":1},{""price"":75230.55,""size"":0.26584944,""num_orders"":1},{""price"":75230.0,""size"":0.00530784,""num_orders"":1}]","[{""price"":75235.72,""size"":0.00656827,""num_orders"":2},{""price"":75237.13,""size"":0.00204857,""num_orders"":1},{""price"":75238.0,""size"":0.0249,""num_orders"":1},{""price"":75238.49,""size"":0.19744361,""num_orders"":1},{""price"":75238.5,""size"":0.13296104,""num_orders"":1},{""price"":75239.17,""size"":0.03990424,""num_orders"":1},{""price"":75240.0,""size"":0.0249,""num_orders"":1},{""price"":75240.98,""size"":0.13296104,""num_orders"":1},{""price"":75241.64,""size"":0.00664584,""num_orders"":1},{""price"":75242.0,""size"":0.0249,""num_orders"":1}]"
btc_usd_d10_20260527T042340Z,17,2026-05-27T04:40:40.542704Z,2026-05-27T04:40:40.542851Z,BTC-USD,10,ok,,128967158979,2026-05-27T04:40:38.327606920Z,1.39517264,3.30322075,-0.406106503142,75246.970000000001,75246.979999999996,75246.975000000006,0.009999999995,0.001328957077,"[{""price"":75246.97,""size"":0.76400308,""num_orders"":14},{""price"":75246.95,""size"":0.00082131,""num_orders"":1},{""price"":75244.71,""size"":0.0398699,""num_orders"":1},{""price"":75242.29,""size"":0.0199339,""num_orders"":1},{""price"":75242.0,""size"":0.0322,""num_orders"":1},{""price"":75241.75,""size"":0.13290492,""num_orders"":1},{""price"":75241.32,""size"":0.00664478,""num_orders"":1},{""price"":75240.96,""size"":1.5e-05,""num_orders"":1},{""price"":75240.06,""size"":0.13296104,""num_orders"":1},{""price"":75239.24,""size"":0.26581871,""num_orders"":1}]","[{""price"":75246.98,""size"":1.82021103,""num_orders"":9},{""price"":75247.38,""size"":0.0140892,""num_orders"":1},{""price"":75248.0,""size"":0.0236,""num_orders"":1},{""price"":75249.58,""size"":0.61128834,""num_orders"":2},{""price"":75249.59,""size"":0.33,""num_orders"":1},{""price"":75250.92,""size"":0.13296104,""num_orders"":1},{""price"":75251.68,""size"":0.05284913,""num_orders"":1},{""price"":75251.86,""size"":0.07973225,""num_orders"":1},{""price"":75252.0,""size"":0.026,""num_orders"":1},{""price"":75252.08,""size"":0.21248976,""num_orders"":1}]"
btc_usd_d10_20260527T042340Z,18,2026-05-27T04:41:40.542704Z,2026-05-27T04:41:40.542827Z,BTC-USD,10,ok,,128967204089,2026-05-27T04:41:39.687622815Z,0.84267288,0.57686573,0.187248975215,75214.589999999997,75214.600000000006,75214.595000000001,0.010000000009,0.001329529197,"[{""price"":75214.59,""size"":0.02700692,""num_orders"":6},{""price"":75208.95,""size"":0.00664764,""num_orders"":1},{""price"":75208.37,""size"":0.03988917,""num_orders"":1},{""price"":75208.01,""size"":0.03990424,""num_orders"":1},{""price"":75208.0,""size"":0.0322,""num_orders"":1},{""price"":75206.93,""size"":0.13296104,""num_orders"":1},{""price"":75206.72,""size"":0.13296683,""num_orders"":1},{""price"":75206.06,""size"":0.265936,""num_orders"":1},{""price"":75206.0,""size"":0.0322,""num_orders"":1},{""price"":75204.52,""size"":0.13296104,""num_orders"":1}]","[{""price"":75214.6,""size"":0.0584,""num_orders"":1},{""price"":75215.99,""size"":0.18305525,""num_orders"":1},{""price"":75216.0,""size"":0.0322,""num_orders"":1},{""price"":75216.91,""size"":0.00530969,""num_orders"":1},{""price"":75216.92,""size"":0.04569919,""num_orders"":1},{""price"":75217.91,""size"":0.13296104,""num_orders"":1},{""price"":75217.92,""size"":0.03991924,""num_orders"":2},{""price"":75217.93,""size"":0.00142213,""num_orders"":5},{""price"":75218.0,""size"":0.0322,""num_orders"":1},{""price"":75218.05,""size"":0.04569919,""num_orders"":1}]"
btc_usd_d10_20260527T042340Z,19,2026-05-27T04:42:40.542704Z,2026-05-27T04:42:40.542840Z,BTC-USD,10,ok,,128967245175,2026-05-27T04:42:38.546918702Z,0.91313853,0.24184028,0.581221269332,75201.990000000005,75202,75201.994999999995,0.009999999995,0.001329751956,"[{""price"":75201.99,""size"":0.20622466,""num_orders"":7},{""price"":75201.98,""size"":0.03,""num_orders"":1},{""price"":75201.96,""size"":0.03,""num_orders"":1},{""price"":75199.23,""size"":0.03989402,""num_orders"":1},{""price"":75199.07,""size"":0.23968715,""num_orders"":1},{""price"":75199.06,""size"":0.13296104,""num_orders"":1},{""price"":75199.04,""size"":0.03990424,""num_orders"":1},{""price"":75197.38,""size"":0.02,""num_orders"":1},{""price"":75197.37,""size"":0.13298335,""num_orders"":1},{""price"":75196.93,""size"":0.04148407,""num_orders"":1}]","[{""price"":75202.0,""size"":0.00065615,""num_orders"":4},{""price"":75202.56,""size"":1.5e-05,""num_orders"":1},{""price"":75203.76,""size"":0.00192686,""num_orders"":1},{""price"":75205.0,""size"":0.01,""num_orders"":1},{""price"":75205.86,""size"":0.00388,""num_orders"":1},{""price"":75205.99,""size"":0.08496653,""num_orders"":1},{""price"":75206.0,""size"":0.0322,""num_orders"":1},{""price"":75206.4,""size"":1.5e-05,""num_orders"":1},{""price"":75206.42,""size"":0.07978042,""num_orders"":1},{""price"":75206.55,""size"":0.02840032,""num_orders"":1}]"
btc_usd_d10_20260527T042340Z,20,2026-05-27T04:43:40.542704Z,2026-05-27T04:43:40.542820Z,BTC-USD,10,ok,,128967274650,2026-05-27T04:43:38.110523353Z,0.79613515,1.10332971,-0.161726898175,75202.419999999998,75202.429999999993,75202.424999999988,0.009999999995,0.001329744353,"[{""price"":75202.42,""size"":0.05377215,""num_orders"":9},{""price"":75201.36,""size"":0.2249997,""num_orders"":2},{""price"":75200.68,""size"":0.01994412,""num_orders"":1},{""price"":75200.0,""size"":0.03015292,""num_orders"":2},{""price"":75199.15,""size"":0.03989406,""num_orders"":1},{""price"":75198.01,""size"":0.09977831,""num_orders"":1},{""price"":75198.0,""size"":0.0275,""num_orders"":1},{""price"":75196.87,""size"":0.13963285,""num_orders"":2},{""price"":75196.0,""size"":0.0275,""num_orders"":1},{""price"":75194.93,""size"":0.13296104,""num_orders"":1}]","[{""price"":75202.43,""size"":0.26972218,""num_orders"":7},{""price"":75203.97,""size"":0.02570001,""num_orders"":1},{""price"":75204.0,""size"":0.0275,""num_orders"":1},{""price"":75204.36,""size"":0.02,""num_orders"":1},{""price"":75204.37,""size"":0.13296104,""num_orders"":1},{""price"":75204.38,""size"":0.39754391,""num_orders"":1},{""price"":75204.89,""size"":0.00287194,""num_orders"":3},{""price"":75205.22,""size"":0.07978169,""num_orders"":1},{""price"":75205.46,""size"":0.14336894,""num_orders"":1},{""price"":75205.86,""size"":0.00388,""num_orders"":1}]"
btc_usd_d10_20260527T042340Z,21,2026-05-27T04:44:40.542704Z,2026-05-27T04:44:40.542824Z,BTC-USD,10,ok,,128967305127,2026-05-27T04:44:39.475552222Z,0.96405319,0.70990057,0.151827742243,75217.589999999997,75217.600000000006,75217.595000000001,0.010000000009,0.00132947617,"[{""price"":75217.59,""size"":0.43385193,""num_orders"":6},{""price"":75217.58,""size"":0.03,""num_orders"":1},{""price"":75217.57,""size"":0.0625573,""num_orders"":1},{""price"":75217.56,""size"":0.03,""num_orders"":1},{""price"":75216.22,""size"":0.039885,""num_orders"":1},{""price"":75216.0,""size"":0.0318,""num_orders"":1},{""price"":75215.86,""size"":0.00066473,""num_orders"":1},{""price"":75215.43,""size"":0.00186,""num_orders"":1},{""price"":75214.9,""size"":0.20047783,""num_orders"":1},{""price"":75212.63,""size"":0.1329564,""num_orders"":1}]","[{""price"":75217.6,""size"":0.01792153,""num_orders"":6},{""price"":75217.92,""size"":1.5e-05,""num_orders"":1},{""price"":75218.97,""size"":0.17286528,""num_orders"":2},{""price"":75218.98,""size"":0.23047994,""num_orders"":1},{""price"":75219.57,""size"":0.00388,""num_orders"":1},{""price"":75220.0,""size"":0.0402,""num_orders"":2},{""price"":75221.4,""size"":0.13296104,""num_orders"":1},{""price"":75221.76,""size"":1.5e-05,""num_orders"":1},{""price"":75222.0,""size"":0.0318,""num_orders"":1},{""price"":75223.05,""size"":0.07976278,""num_orders"":1}]"
btc_usd_d10_20260527T042340Z,22,2026-05-27T04:45:40.542704Z,2026-05-27T04:45:40.542835Z,BTC-USD,10,ok,,128967363143,2026-05-27T04:45:40.044552095Z,1.04869437,0.63295159,0.247223725974,75306.229999999996,75306.240000000005,75306.235000000001,0.010000000009,0.001327911296,"[{""price"":75306.23,""size"":0.15030174,""num_orders"":3},{""price"":75306.15,""size"":0.00066395,""num_orders"":1},{""price"":75306.06,""size"":0.03983742,""num_orders"":1},{""price"":75305.93,""size"":0.04147595,""num_orders"":1},{""price"":75302.02,""size"":0.3106552,""num_orders"":1},{""price"":75302.01,""size"":0.13296104,""num_orders"":1},{""price"":75302.0,""size"":0.02,""num_orders"":1},{""price"":75301.99,""size"":0.02,""num_orders"":1},{""price"":75301.98,""size"":0.2,""num_orders"":1},{""price"":75301.72,""size"":0.13279907,""num_orders"":1}]","[{""price"":75306.24,""size"":1.5e-05,""num_orders"":1},{""price"":75309.31,""size"":0.28922734,""num_orders"":1},{""price"":75310.0,""size"":0.01,""num_orders"":1},{""price"":75310.08,""size"":1.5e-05,""num_orders"":1},{""price"":75311.38,""size"":0.07957047,""num_orders"":1},{""price"":75312.0,""size"":0.0258,""num_orders"":1},{""price"":75313.92,""size"":1.5e-05,""num_orders"":1},{""price"":75314.4,""size"":0.08534774,""num_orders"":1},{""price"":75314.41,""size"":0.13296104,""num_orders"":1},{""price"":75315.0,""size"":0.01,""num_orders"":1}]"
btc_usd_d10_20260527T042340Z,23,2026-05-27T04:46:40.542704Z,2026-05-27T04:46:40.542829Z,BTC-USD,10,ok,,128967416680,2026-05-27T04:46:39.844937979Z,0.69289421,0.52077917,0.141813310596,75340.330000000002,75340.339999999997,75340.334999999992,0.009999999995,0.001327310264,"[{""price"":75340.33,""size"":0.02726205,""num_orders"":5},{""price"":75339.16,""size"":0.03981992,""num_orders"":1},{""price"":75335.66,""size"":0.0037603,""num_orders"":1},{""price"":75335.31,""size"":0.01327104,""num_orders"":1},{""price"":75335.3,""size"":0.04141901,""num_orders"":1},{""price"":75334.88,""size"":0.00592,""num_orders"":1},{""price"":75334.87,""size"":0.38216035,""num_orders"":1},{""price"":75334.84,""size"":0.03990424,""num_orders"":1},{""price"":75334.81,""size"":0.13274075,""num_orders"":1},{""price"":75334.68,""size"":0.00663655,""num_orders"":1}]","[{""price"":75340.34,""size"":0.07660464,""num_orders"":6},{""price"":75341.48,""size"":0.00075896,""num_orders"":4},{""price"":75341.99,""size"":0.0137907,""num_orders"":1},{""price"":75342.0,""size"":0.0231,""num_orders"":1},{""price"":75343.99,""size"":0.02,""num_orders"":1},{""price"":75344.0,""size"":0.0231,""num_orders"":1},{""price"":75344.08,""size"":0.02,""num_orders"":1},{""price"":75344.09,""size"":0.21044883,""num_orders"":1},{""price"":75344.1,""size"":0.13296104,""num_orders"":1},{""price"":75344.64,""size"":1.5e-05,""num_orders"":1}]"
btc_usd_d10_20260527T042340Z,24,2026-05-27T04:47:40.542704Z,2026-05-27T04:47:40.542828Z,BTC-USD,10,ok,,128967446664,2026-05-27T04:47:38.662867071Z,0.75478512,0.41338517,0.292251868518,75337.990000000005,75338,75337.994999999995,0.009999999995,0.00132735149,"[{""price"":75337.99,""size"":0.01250706,""num_orders"":2},{""price"":75337.49,""size"":0.0398208,""num_orders"":1},{""price"":75335.92,""size"":0.00082717,""num_orders"":1},{""price"":75334.11,""size"":0.02,""num_orders"":1},{""price"":75334.1,""size"":0.35576043,""num_orders"":2},{""price"":75334.09,""size"":0.13296104,""num_orders"":1},{""price"":75334.07,""size"":0.03990424,""num_orders"":1},{""price"":75334.05,""size"":0.13274208,""num_orders"":1},{""price"":75333.12,""size"":0.0002623,""num_orders"":1},{""price"":75332.09,""size"":0.02,""num_orders"":1}]","[{""price"":75338.0,""size"":0.0045455,""num_orders"":2},{""price"":75339.88,""size"":0.14028053,""num_orders"":1},{""price"":75339.89,""size"":0.13296104,""num_orders"":1},{""price"":75340.0,""size"":0.0229,""num_orders"":1},{""price"":75340.34,""size"":5.787e-05,""num_orders"":1},{""price"":75340.8,""size"":1.5e-05,""num_orders"":1},{""price"":75341.1,""size"":0.03307178,""num_orders"":1},{""price"":75341.48,""size"":0.00075896,""num_orders"":4},{""price"":75341.77,""size"":0.05569449,""num_orders"":2},{""price"":75342.0,""size"":0.0231,""num_orders"":1}]"
btc_usd_d10_20260527T042340Z,25,2026-05-27T04:48:40.542704Z,2026-05-27T04:48:40.542819Z,BTC-USD,10,ok,,128967492074,2026-05-27T04:48:40.180941339Z,0.44872894,0.66251857,-0.192387049758,75339.669999999998,75339.679999999993,75339.674999999988,0.009999999995,0.001327321892,"[{""price"":75339.67,""size"":0.01982592,""num_orders"":2},{""price"":75338.82,""size"":0.0398201,""num_orders"":1},{""price"":75338.43,""size"":0.01990937,""num_orders"":1},{""price"":75338.0,""size"":0.0251,""num_orders"":1},{""price"":75336.96,""size"":9.777e-05,""num_orders"":2},{""price"":75336.0,""size"":0.0251,""num_orders"":1},{""price"":75335.55,""size"":0.03990424,""num_orders"":1},{""price"":75335.54,""size"":0.13273946,""num_orders"":1},{""price"":75334.06,""size"":0.13296104,""num_orders"":1},{""price"":75334.05,""size"":0.01327104,""num_orders"":1}]","[{""price"":75339.68,""size"":0.00773926,""num_orders"":4},{""price"":75339.69,""size"":0.24030133,""num_orders"":1},{""price"":75339.7,""size"":0.13296104,""num_orders"":1},{""price"":75339.71,""size"":0.03990424,""num_orders"":1},{""price"":75340.71,""size"":0.04539644,""num_orders"":1},{""price"":75340.74,""size"":0.00051198,""num_orders"":1},{""price"":75340.9,""size"":0.04020878,""num_orders"":1},{""price"":75342.0,""size"":0.0217,""num_orders"":1},{""price"":75342.61,""size"":0.00083446,""num_orders"":1},{""price"":75342.87,""size"":0.13296104,""num_orders"":1}]"
btc_usd_d10_20260527T042340Z,26,2026-05-27T04:49:40.542704Z,2026-05-27T04:49:40.542799Z,BTC-USD,10,ok,,128967535108,2026-05-27T04:49:38.341502932Z,0.36701293,0.77627187,-0.357967621016,75369.009999999995,75369.759999999995,75369.384999999995,0.75,0.099509900472,"[{""price"":75369.01,""size"":0.00973196,""num_orders"":1},{""price"":75368.0,""size"":0.00018748,""num_orders"":1},{""price"":75367.9,""size"":0.03980474,""num_orders"":1},{""price"":75366.31,""size"":0.00018735,""num_orders"":1},{""price"":75366.0,""size"":0.0238,""num_orders"":1},{""price"":75365.07,""size"":0.13268746,""num_orders"":1},{""price"":75364.0,""size"":0.0238,""num_orders"":1},{""price"":75363.98,""size"":0.0038379,""num_orders"":1},{""price"":75363.84,""size"":1.5e-05,""num_orders"":1},{""price"":75362.6,""size"":0.13296104,""num_orders"":1}]","[{""price"":75369.76,""size"":0.01026803,""num_orders"":1},{""price"":75369.77,""size"":0.13296104,""num_orders"":1},{""price"":75369.98,""size"":0.07552496,""num_orders"":3},{""price"":75369.99,""size"":0.0176031,""num_orders"":2},{""price"":75370.0,""size"":0.0262,""num_orders"":1},{""price"":75371.75,""size"":0.01512622,""num_orders"":1},{""price"":75372.0,""size"":0.0262,""num_orders"":1},{""price"":75374.0,""size"":0.02559509,""num_orders"":3},{""price"":75374.24,""size"":0.31383239,""num_orders"":1},{""price"":75374.25,""size"":0.13296104,""num_orders"":1}]"
btc_usd_d10_20260527T042340Z,27,2026-05-27T04:50:40.542704Z,2026-05-27T04:50:40.542851Z,BTC-USD,10,ok,,128967575139,2026-05-27T04:50:38.036349098Z,0.67317822,0.43543718,0.214448617618,75383.029999999999,75383.039999999994,75383.035000000003,0.009999999995,0.001326558422,"[{""price"":75383.03,""size"":0.25200107,""num_orders"":5},{""price"":75382.22,""size"":0.04847025,""num_orders"":1},{""price"":75382.21,""size"":0.03979718,""num_orders"":1},{""price"":75380.91,""size"":0.04139252,""num_orders"":1},{""price"":75380.31,""size"":0.00071905,""num_orders"":1},{""price"":75380.19,""size"":0.18942755,""num_orders"":2},{""price"":75380.0,""size"":0.0235,""num_orders"":1},{""price"":75379.87,""size"":0.01326636,""num_orders"":1},{""price"":75378.51,""size"":0.03990424,""num_orders"":1},{""price"":75378.0,""size"":0.0247,""num_orders"":1}]","[{""price"":75383.04,""size"":0.00254767,""num_orders"":4},{""price"":75383.96,""size"":0.1865559,""num_orders"":3},{""price"":75385.0,""size"":0.01,""num_orders"":1},{""price"":75386.0,""size"":0.0235,""num_orders"":1},{""price"":75386.18,""size"":1.327e-05,""num_orders"":1},{""price"":75386.28,""size"":0.13296104,""num_orders"":1},{""price"":75386.88,""size"":1.5e-05,""num_orders"":1},{""price"":75387.6,""size"":0.0363443,""num_orders"":1},{""price"":75388.0,""size"":0.0235,""num_orders"":1},{""price"":75388.31,""size"":0.02,""num_orders"":1}]"
btc_usd_d10_20260527T042340Z,28,2026-05-27T04:51:40.542704Z,2026-05-27T04:51:40.542827Z,BTC-USD,10,ok,,128967633432,2026-05-27T04:51:39.788079563Z,0.47015928,0.47631434,-0.006503150083,75453.589999999997,75453.600000000006,75453.595000000001,0.010000000009,0.0013253179,"[{""price"":75453.59,""size"":0.04296445,""num_orders"":4},{""price"":75453.55,""size"":0.03975956,""num_orders"":1},{""price"":75453.06,""size"":0.00066265,""num_orders"":1},{""price"":75451.22,""size"":0.04138081,""num_orders"":1},{""price"":75449.27,""size"":0.00529227,""num_orders"":1},{""price"":75449.26,""size"":0.02,""num_orders"":1},{""price"":75449.25,""size"":0.12765421,""num_orders"":1},{""price"":75449.24,""size"":0.03990424,""num_orders"":1},{""price"":75448.3,""size"":0.02,""num_orders"":1},{""price"":75448.29,""size"":0.13254109,""num_orders"":1}]","[{""price"":75453.6,""size"":0.01019994,""num_orders"":4},{""price"":75453.64,""size"":0.01267,""num_orders"":2},{""price"":75455.0,""size"":0.01,""num_orders"":1},{""price"":75455.05,""size"":0.04,""num_orders"":2},{""price"":75456.0,""size"":0.030515,""num_orders"":2},{""price"":75456.7,""size"":0.03990424,""num_orders"":1},{""price"":75456.71,""size"":0.13296104,""num_orders"":1},{""price"":75457.37,""size"":0.03660308,""num_orders"":2},{""price"":75458.0,""size"":0.0305,""num_orders"":1},{""price"":75458.98,""size"":0.13296104,""num_orders"":1}]"
btc_usd_d10_20260527T042340Z,29,2026-05-27T04:52:40.542704Z,2026-05-27T04:52:40.542826Z,BTC-USD,10,ok,,128967674896,2026-05-27T04:52:38.505108991Z,1.63080222,0.2245387,0.757954241639,75452.320000000007,75452.330000000002,75452.325000000012,0.009999999995,0.001325340206,"[{""price"":75452.32,""size"":0.99270152,""num_orders"":9},{""price"":75451.32,""size"":0.00066267,""num_orders"":1},{""price"":75451.23,""size"":0.00310352,""num_orders"":1},{""price"":75449.06,""size"":0.07912623,""num_orders"":1},{""price"":75449.05,""size"":0.13253975,""num_orders"":1},{""price"":75448.55,""size"":0.18428217,""num_orders"":1},{""price"":75447.71,""size"":0.00529237,""num_orders"":1},{""price"":75447.7,""size"":0.07377943,""num_orders"":1},{""price"":75447.64,""size"":0.13296104,""num_orders"":1},{""price"":75447.63,""size"":0.02635352,""num_orders"":2}]","[{""price"":75452.33,""size"":0.00014622,""num_orders"":2},{""price"":75453.37,""size"":0.00161,""num_orders"":1},{""price"":75453.4,""size"":0.00161,""num_orders"":1},{""price"":75453.59,""size"":0.08555536,""num_orders"":4},{""price"":75454.41,""size"":0.00039788,""num_orders"":1},{""price"":75455.0,""size"":0.01,""num_orders"":1},{""price"":75455.05,""size"":0.0305,""num_orders"":2},{""price"":75456.0,""size"":0.027415,""num_orders"":2},{""price"":75457.27,""size"":0.03990424,""num_orders"":1},{""price"":75458.0,""size"":0.0274,""num_orders"":1}]"
btc_usd_d10_20260527T042340Z,30,2026-05-27T04:53:40.542704Z,2026-05-27T04:53:40.542834Z,BTC-USD,10,ok,,128967717743,2026-05-27T04:53:37.659886329Z,0.74628016,0.73193715,0.009702910325,75445.509999999995,75445.520000000004,75445.514999999999,0.010000000009,0.001325459838,"[{""price"":75445.51,""size"":0.01166974,""num_orders"":3},{""price"":75445.48,""size"":0.03976381,""num_orders"":1},{""price"":75442.02,""size"":0.02,""num_orders"":1},{""price"":75442.01,""size"":0.0340295,""num_orders"":2},{""price"":75442.0,""size"":0.0235,""num_orders"":1},{""price"":75441.26,""size"":0.02,""num_orders"":1},{""price"":75441.25,""size"":0.28217558,""num_orders"":3},{""price"":75441.24,""size"":0.13255347,""num_orders"":1},{""price"":75440.0,""size"":0.0235,""num_orders"":1},{""price"":75439.22,""size"":0.15908806,""num_orders"":1}]","[{""price"":75445.52,""size"":0.15658536,""num_orders"":2},{""price"":75446.02,""size"":0.00802849,""num_orders"":2},{""price"":75447.45,""size"":0.00388,""num_orders"":1},{""price"":75448.0,""size"":0.0235,""num_orders"":1},{""price"":75448.08,""size"":0.15908806,""num_orders"":1},{""price"":75448.32,""size"":1.5e-05,""num_orders"":1},{""price"":75450.0,""size"":0.0335,""num_orders"":2},{""price"":75450.36,""size"":0.18295875,""num_orders"":2},{""price"":75450.4,""size"":0.15908806,""num_orders"":1},{""price"":75451.83,""size"":0.00529343,""num_orders"":1}]"
btc_usd_d10_20260527T042340Z,31,2026-05-27T04:54:40.542704Z,2026-05-27T04:54:40.542806Z,BTC-USD,10,ok,,128967760149,2026-05-27T04:54:39.164597976Z,0.82048739,0.43590877,0.306096621626,75466.559999999998,75466.570000000007,75466.565000000002,0.010000000009,0.001325090126,"[{""price"":75466.56,""size"":0.01989119,""num_orders"":2},{""price"":75466.04,""size"":0.03975297,""num_orders"":1},{""price"":75464.0,""size"":0.0222,""num_orders"":1},{""price"":75463.68,""size"":1.5e-05,""num_orders"":1},{""price"":75463.36,""size"":0.00033261,""num_orders"":1},{""price"":75462.7,""size"":0.27599404,""num_orders"":1},{""price"":75462.69,""size"":0.1325158,""num_orders"":1},{""price"":75462.0,""size"":0.0234,""num_orders"":1},{""price"":75461.88,""size"":0.26503447,""num_orders"":1},{""price"":75460.72,""size"":0.04135131,""num_orders"":1}]","[{""price"":75466.57,""size"":0.01450312,""num_orders"":3},{""price"":75466.6,""size"":0.00188764,""num_orders"":1},{""price"":75467.53,""size"":0.00114754,""num_orders"":1},{""price"":75468.0,""size"":0.0234,""num_orders"":1},{""price"":75470.0,""size"":0.0234,""num_orders"":1},{""price"":75470.79,""size"":0.09500394,""num_orders"":1},{""price"":75470.8,""size"":0.15908806,""num_orders"":1},{""price"":75471.66,""size"":0.04841552,""num_orders"":1},{""price"":75471.89,""size"":0.04566295,""num_orders"":1},{""price"":75472.0,""size"":0.0234,""num_orders"":1}]"
btc_usd_d10_20260527T042340Z,32,2026-05-27T04:55:40.542704Z,2026-05-27T04:55:40.542796Z,BTC-USD,10,ok,,128967795393,2026-05-27T04:55:38.105008960Z,0.79338455,1.57169627,-0.329084618766,75455.300000000003,75455.309999999998,75455.304999999993,0.009999999995,0.001325287863,"[{""price"":75455.3,""size"":0.00145394,""num_orders"":3},{""price"":75455.21,""size"":0.01,""num_orders"":6},{""price"":75455.03,""size"":0.01987711,""num_orders"":1},{""price"":75453.12,""size"":0.13253262,""num_orders"":1},{""price"":75452.16,""size"":6.138e-05,""num_orders"":2},{""price"":75450.01,""size"":0.01714968,""num_orders"":1},{""price"":75450.0,""size"":0.0221,""num_orders"":1},{""price"":75449.55,""size"":0.00662644,""num_orders"":1},{""price"":75448.44,""size"":0.15908806,""num_orders"":1},{""price"":75448.43,""size"":0.42449532,""num_orders"":1}]","[{""price"":75455.31,""size"":0.80599937,""num_orders"":8},{""price"":75455.63,""size"":0.20896172,""num_orders"":1},{""price"":75455.64,""size"":0.11529661,""num_orders"":1},{""price"":75455.66,""size"":0.00180712,""num_orders"":1},{""price"":75456.29,""size"":0.00070747,""num_orders"":2},{""price"":75458.0,""size"":0.0221,""num_orders"":1},{""price"":75459.08,""size"":4.752e-05,""num_orders"":1},{""price"":75459.36,""size"":0.05081836,""num_orders"":1},{""price"":75459.52,""size"":0.15908806,""num_orders"":1},{""price"":75460.52,""size"":0.20687004,""num_orders"":1}]"
btc_usd_d10_20260527T042340Z,33,2026-05-27T04:56:40.542704Z,2026-05-27T04:56:40.542839Z,BTC-USD,10,ok,,128967828290,2026-05-27T04:56:38.190447615Z,0.49126113,0.89461589,-0.29104657497,75457.440000000002,75457.449999999997,75457.445000000007,0.009999999995,0.001325250278,"[{""price"":75457.44,""size"":0.06279758,""num_orders"":6},{""price"":75456.19,""size"":0.01327104,""num_orders"":1},{""price"":75456.18,""size"":0.04133942,""num_orders"":1},{""price"":75456.0,""size"":1.5e-05,""num_orders"":1},{""price"":75455.65,""size"":0.0132511,""num_orders"":1},{""price"":75455.32,""size"":0.02,""num_orders"":1},{""price"":75455.31,""size"":0.28342819,""num_orders"":1},{""price"":75455.3,""size"":0.0207077,""num_orders"":1},{""price"":75454.51,""size"":0.0132511,""num_orders"":1},{""price"":75454.0,""size"":0.0232,""num_orders"":1}]","[{""price"":75457.45,""size"":0.03691652,""num_orders"":2},{""price"":75459.85,""size"":0.15908806,""num_orders"":1},{""price"":75459.86,""size"":0.28669492,""num_orders"":1},{""price"":75460.0,""size"":0.0256,""num_orders"":1},{""price"":75461.53,""size"":0.03990424,""num_orders"":1},{""price"":75461.99,""size"":0.12949784,""num_orders"":1},{""price"":75462.0,""size"":0.0256,""num_orders"":1},{""price"":75463.03,""size"":0.15908806,""num_orders"":1},{""price"":75463.11,""size"":0.00662625,""num_orders"":1},{""price"":75464.0,""size"":0.0256,""num_orders"":1}]"
btc_usd_d10_20260527T042340Z,34,2026-05-27T04:57:40.542704Z,2026-05-27T04:57:40.542834Z,BTC-USD,10,ok,,128967861453,2026-05-27T04:57:39.690316964Z,0.59440861,2.12651897,-0.563083843635,75456.460000000006,75456.470000000001,75456.464999999997,0.009999999995,0.00132526749,"[{""price"":75456.46,""size"":0.0596757,""num_orders"":3},{""price"":75456.37,""size"":0.00066263,""num_orders"":1},{""price"":75453.26,""size"":0.01327104,""num_orders"":1},{""price"":75453.25,""size"":0.13253238,""num_orders"":1},{""price"":75451.71,""size"":0.00041867,""num_orders"":2},{""price"":75451.22,""size"":0.2650719,""num_orders"":1},{""price"":75450.22,""size"":0.04133971,""num_orders"":1},{""price"":75450.0,""size"":0.0242,""num_orders"":1},{""price"":75448.62,""size"":0.05722158,""num_orders"":2},{""price"":75448.32,""size"":1.5e-05,""num_orders"":1}]","[{""price"":75456.47,""size"":0.96222423,""num_orders"":4},{""price"":75456.48,""size"":0.00095872,""num_orders"":1},{""price"":75457.81,""size"":0.12465543,""num_orders"":1},{""price"":75457.97,""size"":0.15908806,""num_orders"":1},{""price"":75458.0,""size"":0.0242,""num_orders"":1},{""price"":75459.84,""size"":1.5e-05,""num_orders"":1},{""price"":75460.0,""size"":0.0255,""num_orders"":1},{""price"":75460.24,""size"":0.01393162,""num_orders"":1},{""price"":75460.45,""size"":0.03990424,""num_orders"":1},{""price"":75461.14,""size"":0.77604167,""num_orders"":2}]"
btc_usd_d10_20260527T042340Z,35,2026-05-27T04:58:40.542704Z,2026-05-27T04:58:40.542862Z,BTC-USD,10,ok,,128967887139,2026-05-27T04:58:38.627660132Z,0.76042474,0.20827382,0.569992506234,75463.449999999997,75463.460000000006,75463.455000000002,0.010000000009,0.001325144735,"[{""price"":75463.45,""size"":0.146791,""num_orders"":5},{""price"":75462.0,""size"":0.0219,""num_orders"":1},{""price"":75460.0,""size"":0.0219,""num_orders"":1},{""price"":75459.59,""size"":0.31210219,""num_orders"":1},{""price"":75459.57,""size"":0.13186228,""num_orders"":1},{""price"":75459.46,""size"":0.00299342,""num_orders"":1},{""price"":75458.01,""size"":0.05300834,""num_orders"":1},{""price"":75458.0,""size"":0.0219,""num_orders"":1},{""price"":75457.79,""size"":0.00662572,""num_orders"":1},{""price"":75457.3,""size"":0.04134179,""num_orders"":1}]","[{""price"":75463.46,""size"":0.00610782,""num_orders"":1},{""price"":75463.92,""size"":5.787e-05,""num_orders"":1},{""price"":75465.74,""size"":0.00014404,""num_orders"":1},{""price"":75465.98,""size"":0.05300834,""num_orders"":1},{""price"":75465.99,""size"":0.11345823,""num_orders"":2},{""price"":75466.0,""size"":0.0256,""num_orders"":1},{""price"":75466.75,""size"":0.00529158,""num_orders"":1},{""price"":75466.76,""size"":0.00388,""num_orders"":1},{""price"":75467.02,""size"":0.00071094,""num_orders"":3},{""price"":75467.52,""size"":1.5e-05,""num_orders"":1}]"
btc_usd_d10_20260527T042340Z,36,2026-05-27T04:59:40.542704Z,2026-05-27T04:59:40.542830Z,BTC-USD,10,ok,,128967924763,2026-05-27T04:59:39.672316812Z,0.84506437,1.1097481,-0.135401085302,75452.190000000002,75452.199999999997,75452.195000000007,0.009999999995,0.001325342489,"[{""price"":75452.19,""size"":0.03985435,""num_orders"":3},{""price"":75452.16,""size"":1.5e-05,""num_orders"":1},{""price"":75450.0,""size"":0.0278,""num_orders"":1},{""price"":75449.0,""size"":3.85e-05,""num_orders"":1},{""price"":75448.89,""size"":0.298906,""num_orders"":2},{""price"":75448.88,""size"":0.13254005,""num_orders"":1},{""price"":75448.32,""size"":1.5e-05,""num_orders"":1},{""price"":75448.0,""size"":0.0278,""num_orders"":1},{""price"":75446.9,""size"":0.05300834,""num_orders"":1},{""price"":75446.89,""size"":0.26508713,""num_orders"":1}]","[{""price"":75452.2,""size"":0.31827767,""num_orders"":5},{""price"":75453.24,""size"":0.03,""num_orders"":1},{""price"":75453.26,""size"":0.03,""num_orders"":1},{""price"":75453.39,""size"":0.05089744,""num_orders"":1},{""price"":75453.84,""size"":0.05300834,""num_orders"":1},{""price"":75453.85,""size"":0.26354664,""num_orders"":2},{""price"":75454.0,""size"":0.0278,""num_orders"":1},{""price"":75454.69,""size"":0.12718612,""num_orders"":1},{""price"":75455.41,""size"":0.15908806,""num_orders"":1},{""price"":75455.6,""size"":0.04994383,""num_orders"":1}]"
btc_usd_d10_20260527T042340Z,37,2026-05-27T05:00:40.542704Z,2026-05-27T05:00:40.542825Z,BTC-USD,10,ok,,128967968400,2026-05-27T05:00:39.046062442Z,0.8450543,1.07606222,-0.120246699039,75480.139999999999,75480.149999999994,75480.14499999999,0.009999999995,0.00132485172,"[{""price"":75480.14,""size"":0.0023042,""num_orders"":1},{""price"":75478.89,""size"":0.00073214,""num_orders"":1},{""price"":75476.07,""size"":0.03504132,""num_orders"":1},{""price"":75476.06,""size"":0.02667463,""num_orders"":2},{""price"":75476.0,""size"":0.0322,""num_orders"":1},{""price"":75475.2,""size"":1.5e-05,""num_orders"":1},{""price"":75474.13,""size"":0.40954778,""num_orders"":1},{""price"":75474.12,""size"":0.26499148,""num_orders"":1},{""price"":75474.0,""size"":0.0322,""num_orders"":1},{""price"":75473.75,""size"":0.04134775,""num_orders"":1}]","[{""price"":75480.15,""size"":0.18341,""num_orders"":3},{""price"":75480.19,""size"":0.00662425,""num_orders"":1},{""price"":75480.37,""size"":0.15908806,""num_orders"":1},{""price"":75481.64,""size"":0.05300834,""num_orders"":1},{""price"":75481.99,""size"":5.787e-05,""num_orders"":1},{""price"":75482.0,""size"":0.00220247,""num_orders"":1},{""price"":75482.13,""size"":0.0530954,""num_orders"":1},{""price"":75482.94,""size"":0.42728777,""num_orders"":1},{""price"":75482.95,""size"":0.15908806,""num_orders"":1},{""price"":75484.0,""size"":0.0322,""num_orders"":1}]"
btc_usd_d10_20260527T042340Z,38,2026-05-27T05:01:40.542704Z,2026-05-27T05:01:40.542822Z,BTC-USD,10,ok,,128968013407,2026-05-27T05:01:38.345649360Z,0.50055863,0.95859429,-0.31390518,75473.990000000005,75474,75473.994999999995,0.009999999995,0.001324959676,"[{""price"":75473.99,""size"":0.03514591,""num_orders"":3},{""price"":75470.95,""size"":0.03975039,""num_orders"":1},{""price"":75470.0,""size"":0.0322,""num_orders"":1},{""price"":75469.06,""size"":0.12696169,""num_orders"":1},{""price"":75469.03,""size"":0.05300834,""num_orders"":1},{""price"":75469.02,""size"":0.13250469,""num_orders"":1},{""price"":75468.33,""size"":0.00662479,""num_orders"":1},{""price"":75468.16,""size"":0.04133666,""num_orders"":1},{""price"":75468.0,""size"":0.0322,""num_orders"":1},{""price"":75467.75,""size"":0.00082616,""num_orders"":1}]","[{""price"":75474.0,""size"":0.05218412,""num_orders"":4},{""price"":75475.15,""size"":0.00011574,""num_orders"":1},{""price"":75475.2,""size"":1.5e-05,""num_orders"":1},{""price"":75475.64,""size"":0.02,""num_orders"":1},{""price"":75475.65,""size"":0.05300834,""num_orders"":1},{""price"":75475.69,""size"":0.15908806,""num_orders"":1},{""price"":75475.7,""size"":0.28658298,""num_orders"":1},{""price"":75475.72,""size"":0.30339032,""num_orders"":1},{""price"":75475.89,""size"":0.05200973,""num_orders"":1},{""price"":75476.0,""size"":0.0322,""num_orders"":1}]"
btc_usd_d10_20260527T042340Z,39,2026-05-27T05:02:40.542704Z,2026-05-27T05:02:40.542830Z,BTC-USD,10,ok,,128968062928,2026-05-27T05:02:40.102425746Z,1.09352704,0.68726887,0.22813291951,75512,75512.009999999995,75512.005000000005,0.009999999995,0.001324292739,"[{""price"":75512.0,""size"":0.00665211,""num_orders"":2},{""price"":75511.53,""size"":0.00066214,""num_orders"":1},{""price"":75510.0,""size"":0.0276,""num_orders"":1},{""price"":75508.88,""size"":0.01986238,""num_orders"":1},{""price"":75508.3,""size"":0.38841064,""num_orders"":1},{""price"":75508.29,""size"":0.15908806,""num_orders"":1},{""price"":75508.28,""size"":0.03973074,""num_orders"":1},{""price"":75508.0,""size"":0.0276,""num_orders"":1},{""price"":75506.98,""size"":0.39632097,""num_orders"":1},{""price"":75506.0,""size"":0.0276,""num_orders"":1}]","[{""price"":75512.01,""size"":0.43445226,""num_orders"":8},{""price"":75513.98,""size"":0.06890651,""num_orders"":1},{""price"":75514.01,""size"":0.00034462,""num_orders"":2},{""price"":75514.39,""size"":0.00802346,""num_orders"":1},{""price"":75515.26,""size"":0.03425235,""num_orders"":1},{""price"":75516.0,""size"":0.0276,""num_orders"":1},{""price"":75516.15,""size"":0.07945321,""num_orders"":1},{""price"":75517.44,""size"":1.5e-05,""num_orders"":1},{""price"":75517.68,""size"":0.00662146,""num_orders"":1},{""price"":75518.0,""size"":0.0276,""num_orders"":1}]"
btc_usd_d10_20260527T042340Z,40,2026-05-27T05:03:40.542704Z,2026-05-27T05:03:40.542819Z,BTC-USD,10,ok,,128968106315,2026-05-27T05:03:38.605089888Z,0.75157074,1.52757406,-0.340480043216,75491.800000000003,75491.809999999998,75491.804999999993,0.009999999995,0.001324647092,"[{""price"":75491.8,""size"":0.00664021,""num_orders"":2},{""price"":75490.98,""size"":0.03973984,""num_orders"":1},{""price"":75490.2,""size"":0.00066232,""num_orders"":1},{""price"":75490.09,""size"":0.2565877,""num_orders"":1},{""price"":75488.6,""size"":0.01814552,""num_orders"":1},{""price"":75488.59,""size"":0.13247033,""num_orders"":1},{""price"":75488.02,""size"":0.00016611,""num_orders"":1},{""price"":75488.0,""size"":0.0322,""num_orders"":1},{""price"":75487.73,""size"":0.26494371,""num_orders"":1},{""price"":75486.72,""size"":1.5e-05,""num_orders"":1}]","[{""price"":75491.81,""size"":0.15790027,""num_orders"":2},{""price"":75492.0,""size"":0.0322,""num_orders"":1},{""price"":75493.71,""size"":0.04894282,""num_orders"":1},{""price"":75493.72,""size"":0.11054869,""num_orders"":1},{""price"":75493.73,""size"":0.1387,""num_orders"":1},{""price"":75494.0,""size"":0.0322,""num_orders"":1},{""price"":75495.2,""size"":0.38569126,""num_orders"":1},{""price"":75495.21,""size"":0.29363548,""num_orders"":6},{""price"":75495.64,""size"":0.29555554,""num_orders"":1},{""price"":75496.0,""size"":0.0322,""num_orders"":1}]"
btc_usd_d10_20260527T042340Z,41,2026-05-27T05:04:40.542704Z,2026-05-27T05:04:40.542824Z,BTC-USD,10,ok,,128968145673,2026-05-27T05:04:38.686420551Z,0.66997821,0.6559851,0.010553165306,75506.759999999995,75506.770000000004,75506.764999999999,0.010000000009,0.001324384644,"[{""price"":75506.76,""size"":0.03226795,""num_orders"":4},{""price"":75504.85,""size"":0.03973254,""num_orders"":1},{""price"":75504.0,""size"":0.0322,""num_orders"":1},{""price"":75502.54,""size"":0.0228943,""num_orders"":1},{""price"":75502.24,""size"":0.15950305,""num_orders"":1},{""price"":75502.17,""size"":0.2120964,""num_orders"":2},{""price"":75502.08,""size"":1.5e-05,""num_orders"":1},{""price"":75502.0,""size"":0.0322,""num_orders"":1},{""price"":75501.86,""size"":0.13244705,""num_orders"":1},{""price"":75501.09,""size"":0.00662192,""num_orders"":1}]","[{""price"":75506.77,""size"":0.01292045,""num_orders"":3},{""price"":75507.99,""size"":0.15571984,""num_orders"":1},{""price"":75508.61,""size"":0.04874086,""num_orders"":2},{""price"":75509.08,""size"":0.15908806,""num_orders"":1},{""price"":75509.09,""size"":0.05300834,""num_orders"":1},{""price"":75509.44,""size"":0.00046541,""num_orders"":2},{""price"":75509.85,""size"":0.11426807,""num_orders"":1},{""price"":75511.28,""size"":0.07945833,""num_orders"":1},{""price"":75511.99,""size"":0.00011574,""num_orders"":1},{""price"":75512.0,""size"":0.0322,""num_orders"":1}]"
btc_usd_d10_20260527T042340Z,42,2026-05-27T05:05:40.542704Z,2026-05-27T05:05:40.542845Z,BTC-USD,10,ok,,128968177623,2026-05-27T05:05:37.542744112Z,0.4247434,1.23522256,-0.488250469907,75505.25,75505.259999999995,75505.255000000005,0.009999999995,0.001324411128,"[{""price"":75505.25,""size"":0.03973233,""num_orders"":1},{""price"":75504.0,""size"":0.0322,""num_orders"":1},{""price"":75503.08,""size"":0.01200075,""num_orders"":1},{""price"":75502.1,""size"":0.09584425,""num_orders"":2},{""price"":75502.08,""size"":1.5e-05,""num_orders"":1},{""price"":75502.03,""size"":0.13244676,""num_orders"":1},{""price"":75502.0,""size"":0.0322,""num_orders"":1},{""price"":75500.03,""size"":0.04802127,""num_orders"":2},{""price"":75500.0,""size"":0.0322,""num_orders"":1},{""price"":75499.67,""size"":8.304e-05,""num_orders"":1}]","[{""price"":75505.26,""size"":0.05300834,""num_orders"":1},{""price"":75506.57,""size"":0.15908806,""num_orders"":1},{""price"":75508.0,""size"":0.0322,""num_orders"":1},{""price"":75508.18,""size"":0.28576554,""num_orders"":1},{""price"":75508.76,""size"":0.00662224,""num_orders"":1},{""price"":75508.84,""size"":0.15908806,""num_orders"":1},{""price"":75509.99,""size"":0.31557426,""num_orders"":2},{""price"":75510.0,""size"":0.0322,""num_orders"":1},{""price"":75510.31,""size"":0.05297606,""num_orders"":1},{""price"":75510.65,""size"":0.1387,""num_orders"":1}]"
btc_usd_d10_20260527T042340Z,43,2026-05-27T05:06:40.542704Z,2026-05-27T05:06:40.542862Z,BTC-USD,10,ok,,128968215937,2026-05-27T05:06:39.102949939Z,0.84977024,3.64777088,-0.622117856257,75494.399999999994,75494.410000000003,75494.404999999999,0.010000000009,0.001324601473,"[{""price"":75494.4,""size"":1.5e-05,""num_orders"":1},{""price"":75491.0,""size"":0.03973983,""num_orders"":1},{""price"":75490.56,""size"":1.5e-05,""num_orders"":1},{""price"":75488.87,""size"":0.34272148,""num_orders"":2},{""price"":75487.62,""size"":0.13247204,""num_orders"":1},{""price"":75486.72,""size"":1.5e-05,""num_orders"":1},{""price"":75486.54,""size"":0.05300834,""num_orders"":1},{""price"":75486.52,""size"":0.26494796,""num_orders"":1},{""price"":75485.0,""size"":0.01,""num_orders"":1},{""price"":75483.41,""size"":0.00683559,""num_orders"":1}]","[{""price"":75494.41,""size"":1.11207627,""num_orders"":5},{""price"":75494.55,""size"":0.86237144,""num_orders"":2},{""price"":75495.0,""size"":1.0,""num_orders"":1},{""price"":75495.58,""size"":0.15908806,""num_orders"":1},{""price"":75496.0,""size"":0.0322,""num_orders"":1},{""price"":75498.0,""size"":0.0322,""num_orders"":1},{""price"":75499.36,""size"":0.15826786,""num_orders"":1},{""price"":75499.37,""size"":0.15908806,""num_orders"":1},{""price"":75499.39,""size"":0.07947085,""num_orders"":1},{""price"":75499.4,""size"":0.05300834,""num_orders"":1}]"
btc_usd_d10_20260527T042340Z,44,2026-05-27T05:07:40.542704Z,2026-05-27T05:07:40.542847Z,BTC-USD,10,ok,,128968255802,2026-05-27T05:07:38.545800232Z,1.1016258,1.967524,-0.282129663401,75489.820000000007,75489.830000000002,75489.825000000012,0.009999999995,0.001324681836,"[{""price"":75489.82,""size"":0.04838403,""num_orders"":3},{""price"":75489.32,""size"":0.04488005,""num_orders"":1},{""price"":75489.31,""size"":0.03974072,""num_orders"":1},{""price"":75488.88,""size"":0.01,""num_orders"":6},{""price"":75487.86,""size"":0.02543524,""num_orders"":1},{""price"":75486.23,""size"":0.15908806,""num_orders"":1},{""price"":75486.22,""size"":0.34446478,""num_orders"":1},{""price"":75486.0,""size"":0.0322,""num_orders"":1},{""price"":75484.46,""size"":0.26495519,""num_orders"":1},{""price"":75484.38,""size"":0.13247773,""num_orders"":1}]","[{""price"":75489.83,""size"":0.05235663,""num_orders"":8},{""price"":75490.56,""size"":1.5e-05,""num_orders"":1},{""price"":75491.27,""size"":0.00388,""num_orders"":1},{""price"":75491.71,""size"":0.05232251,""num_orders"":1},{""price"":75491.98,""size"":0.15908806,""num_orders"":1},{""price"":75491.99,""size"":0.6354468,""num_orders"":1},{""price"":75492.0,""size"":0.0322,""num_orders"":1},{""price"":75493.5,""size"":1.0,""num_orders"":1},{""price"":75494.0,""size"":0.0322,""num_orders"":1},{""price"":75494.4,""size"":1.5e-05,""num_orders"":1}]"
btc_usd_d10_20260527T042340Z,45,2026-05-27T05:08:40.542704Z,2026-05-27T05:08:40.542854Z,BTC-USD,10,ok,,128968287580,2026-05-27T05:08:39.546745849Z,1.31315791,3.32629361,-0.433916744538,75499.990000000005,75500,75499.994999999995,0.009999999995,0.001324503398,"[{""price"":75499.99,""size"":0.0505553,""num_orders"":6},{""price"":75498.83,""size"":0.15908806,""num_orders"":1},{""price"":75498.76,""size"":0.02543153,""num_orders"":1},{""price"":75498.3,""size"":0.08289559,""num_orders"":1},{""price"":75498.17,""size"":0.00017457,""num_orders"":1},{""price"":75498.0,""size"":0.0322,""num_orders"":1},{""price"":75497.96,""size"":0.03973617,""num_orders"":1},{""price"":75494.6,""size"":0.49906893,""num_orders"":1},{""price"":75494.59,""size"":0.15908806,""num_orders"":1},{""price"":75494.57,""size"":0.2649197,""num_orders"":1}]","[{""price"":75500.0,""size"":2.0,""num_orders"":1},{""price"":75502.08,""size"":1.5e-05,""num_orders"":1},{""price"":75503.33,""size"":0.00388,""num_orders"":1},{""price"":75505.0,""size"":0.01,""num_orders"":1},{""price"":75505.53,""size"":0.04744023,""num_orders"":1},{""price"":75505.54,""size"":0.07946437,""num_orders"":1},{""price"":75505.92,""size"":1.5e-05,""num_orders"":1},{""price"":75507.2,""size"":0.04677901,""num_orders"":1},{""price"":75508.07,""size"":0.1387,""num_orders"":1},{""price"":75508.5,""size"":1.0,""num_orders"":1}]"
btc_usd_d10_20260527T042340Z,46,2026-05-27T05:09:40.542704Z,2026-05-27T05:09:40.542833Z,BTC-USD,10,ok,,128968314922,2026-05-27T05:09:38.684775430Z,0.78579414,2.42745239,-0.510903298167,75494.690000000002,75494.699999999997,75494.695000000007,0.009999999995,0.001324596383,"[{""price"":75494.69,""size"":0.29893458,""num_orders"":8},{""price"":75494.47,""size"":0.039738,""num_orders"":1},{""price"":75494.41,""size"":0.02542994,""num_orders"":1},{""price"":75494.02,""size"":0.02,""num_orders"":1},{""price"":75494.01,""size"":0.28302678,""num_orders"":1},{""price"":75494.0,""size"":0.0322,""num_orders"":1},{""price"":75493.86,""size"":0.00064946,""num_orders"":2},{""price"":75493.75,""size"":0.05166795,""num_orders"":1},{""price"":75492.0,""size"":0.0322,""num_orders"":1},{""price"":75491.26,""size"":0.00194743,""num_orders"":1}]","[{""price"":75494.7,""size"":0.00031585,""num_orders"":2},{""price"":75497.55,""size"":0.00076754,""num_orders"":1},{""price"":75499.97,""size"":0.15908806,""num_orders"":1},{""price"":75499.98,""size"":0.05300834,""num_orders"":1},{""price"":75500.0,""size"":1.96182441,""num_orders"":5},{""price"":75502.08,""size"":1.5e-05,""num_orders"":1},{""price"":75502.44,""size"":0.15908806,""num_orders"":1},{""price"":75503.33,""size"":0.00388,""num_orders"":1},{""price"":75504.82,""size"":0.07946513,""num_orders"":1},{""price"":75505.0,""size"":0.01,""num_orders"":1}]"
btc_usd_d10_20260527T042340Z,47,2026-05-27T05:10:40.542704Z,2026-05-27T05:10:40.542830Z,BTC-USD,10,ok,,128968354117,2026-05-27T05:10:40.030352751Z,1.37537114,0.92517471,0.195691135649,75494.389999999999,75494.399999999994,75494.39499999999,0.009999999995,0.001324601647,"[{""price"":75494.39,""size"":0.00279574,""num_orders"":2},{""price"":75493.95,""size"":0.03973828,""num_orders"":1},{""price"":75490.15,""size"":0.05300834,""num_orders"":1},{""price"":75490.14,""size"":0.01986735,""num_orders"":1},{""price"":75490.0,""size"":0.0322,""num_orders"":1},{""price"":75488.88,""size"":0.02,""num_orders"":1},{""price"":75488.87,""size"":0.54794383,""num_orders"":1},{""price"":75488.86,""size"":0.15908806,""num_orders"":1},{""price"":75488.78,""size"":0.13247,""num_orders"":1},{""price"":75488.08,""size"":0.36825954,""num_orders"":2}]","[{""price"":75494.4,""size"":0.21445401,""num_orders"":10},{""price"":75496.0,""size"":0.0322,""num_orders"":1},{""price"":75496.99,""size"":0.13539578,""num_orders"":2},{""price"":75497.69,""size"":0.15908806,""num_orders"":1},{""price"":75497.7,""size"":0.04620584,""num_orders"":1},{""price"":75498.0,""size"":0.0322,""num_orders"":1},{""price"":75498.14,""size"":0.25287379,""num_orders"":1},{""price"":75498.17,""size"":0.04745262,""num_orders"":1},{""price"":75498.23,""size"":0.00528961,""num_orders"":1},{""price"":75498.24,""size"":1.5e-05,""num_orders"":1}]"
btc_usd_d10_20260527T042340Z,48,2026-05-27T05:11:40.542704Z,2026-05-27T05:11:40.542838Z,BTC-USD,10,ok,,128968392547,2026-05-27T05:11:40.128903089Z,1.32023608,1.69952022,-0.125600910246,75486.600000000006,75486.610000000001,75486.60500000001,0.009999999995,0.001324738342,"[{""price"":75486.6,""size"":0.21083319,""num_orders"":6},{""price"":75486.57,""size"":0.28874079,""num_orders"":1},{""price"":75484.83,""size"":0.00659946,""num_orders"":1},{""price"":75484.17,""size"":0.2120964,""num_orders"":2},{""price"":75483.92,""size"":0.26495706,""num_orders"":1},{""price"":75483.32,""size"":0.13247958,""num_orders"":1},{""price"":75482.88,""size"":1.5e-05,""num_orders"":1},{""price"":75482.59,""size"":0.1704416,""num_orders"":1},{""price"":75482.0,""size"":0.0305,""num_orders"":1},{""price"":75481.35,""size"":0.003573,""num_orders"":1}]","[{""price"":75486.61,""size"":0.62847075,""num_orders"":3},{""price"":75489.99,""size"":0.0182085,""num_orders"":1},{""price"":75490.0,""size"":0.0305,""num_orders"":1},{""price"":75490.55,""size"":0.2120964,""num_orders"":2},{""price"":75490.56,""size"":0.01210585,""num_orders"":1},{""price"":75490.57,""size"":0.2938308,""num_orders"":2},{""price"":75490.93,""size"":0.28251986,""num_orders"":1},{""price"":75492.0,""size"":0.0305,""num_orders"":1},{""price"":75493.17,""size"":0.15908806,""num_orders"":1},{""price"":75494.0,""size"":0.0322,""num_orders"":1}]"
btc_usd_d10_20260527T042340Z,49,2026-05-27T05:12:40.542704Z,2026-05-27T05:12:40.542846Z,BTC-USD,10,ok,,128968429884,2026-05-27T05:12:39.536688190Z,0.74960213,1.29671765,-0.267365602066,75495.600000000006,75495.610000000001,75495.60500000001,0.009999999995,0.001324580417,"[{""price"":75495.6,""size"":0.01428747,""num_orders"":1},{""price"":75495.59,""size"":0.15259806,""num_orders"":1},{""price"":75494.09,""size"":0.0069562,""num_orders"":4},{""price"":75493.57,""size"":0.05300834,""num_orders"":1},{""price"":75493.09,""size"":0.15908788,""num_orders"":1},{""price"":75492.99,""size"":0.00017047,""num_orders"":1},{""price"":75492.91,""size"":0.03973882,""num_orders"":1},{""price"":75492.0,""size"":0.0322,""num_orders"":1},{""price"":75490.6,""size"":0.15908806,""num_orders"":1},{""price"":75490.59,""size"":0.13246683,""num_orders"":1}]","[{""price"":75495.61,""size"":0.30110886,""num_orders"":1},{""price"":75495.62,""size"":0.00575453,""num_orders"":3},{""price"":75495.99,""size"":0.09333788,""num_orders"":2},{""price"":75496.0,""size"":0.0322,""num_orders"":1},{""price"":75497.08,""size"":0.03854875,""num_orders"":1},{""price"":75497.44,""size"":0.05300834,""num_orders"":1},{""price"":75498.0,""size"":0.0322,""num_orders"":1},{""price"":75498.1,""size"":0.73525511,""num_orders"":2},{""price"":75498.24,""size"":1.5e-05,""num_orders"":1},{""price"":75499.99,""size"":0.00528918,""num_orders"":1}]"
btc_usd_d10_20260527T042340Z,50,2026-05-27T05:13:40.542704Z,2026-05-27T05:13:40.542841Z,BTC-USD,10,ok,,128968452854,2026-05-27T05:13:38.461827547Z,1.01789961,2.63074361,-0.442039383615,75492.529999999999,75492.539999999994,75492.535000000003,0.009999999995,0.001324634283,"[{""price"":75492.53,""size"":0.0064725,""num_orders"":3},{""price"":75490.24,""size"":0.03974023,""num_orders"":1},{""price"":75489.24,""size"":0.15908806,""num_orders"":1},{""price"":75489.23,""size"":0.44999917,""num_orders"":2},{""price"":75488.0,""size"":0.0322,""num_orders"":1},{""price"":75486.88,""size"":0.15908806,""num_orders"":1},{""price"":75486.87,""size"":0.00662317,""num_orders"":1},{""price"":75486.83,""size"":0.13247342,""num_orders"":1},{""price"":75486.72,""size"":1.5e-05,""num_orders"":1},{""price"":75486.0,""size"":0.0322,""num_orders"":1}]","[{""price"":75492.54,""size"":0.62786907,""num_orders"":4},{""price"":75493.31,""size"":0.71898347,""num_orders"":2},{""price"":75494.0,""size"":0.0282132,""num_orders"":1},{""price"":75495.62,""size"":0.00575453,""num_orders"":3},{""price"":75495.64,""size"":0.08710073,""num_orders"":1},{""price"":75495.99,""size"":0.0002315,""num_orders"":1},{""price"":75496.0,""size"":0.0322,""num_orders"":1},{""price"":75496.07,""size"":0.05091738,""num_orders"":1},{""price"":75496.5,""size"":1.0,""num_orders"":1},{""price"":75496.65,""size"":0.07947373,""num_orders"":1}]"
btc_usd_d10_20260527T042340Z,51,2026-05-27T05:14:40.542704Z,2026-05-27T05:14:40.542824Z,BTC-USD,10,ok,,128968489444,2026-05-27T05:14:38.588464063Z,0.85928664,0.61142335,0.168533083807,75501.580000000002,75501.729999999996,75501.654999999999,0.149999999994,0.01986711417,"[{""price"":75501.58,""size"":0.0004152,""num_orders"":1},{""price"":75499.28,""size"":0.00066223,""num_orders"":1},{""price"":75498.0,""size"":0.0322,""num_orders"":1},{""price"":75497.2,""size"":0.03973656,""num_orders"":1},{""price"":75496.39,""size"":0.16957689,""num_orders"":1},{""price"":75496.38,""size"":0.15908806,""num_orders"":1},{""price"":75496.01,""size"":0.05300834,""num_orders"":1},{""price"":75496.0,""size"":0.0322,""num_orders"":1},{""price"":75494.4,""size"":1.5e-05,""num_orders"":1},{""price"":75494.04,""size"":0.37238436,""num_orders"":1}]","[{""price"":75501.73,""size"":0.22583163,""num_orders"":2},{""price"":75501.74,""size"":0.00662237,""num_orders"":1},{""price"":75503.97,""size"":0.00028936,""num_orders"":1},{""price"":75504.0,""size"":0.00930154,""num_orders"":1},{""price"":75504.12,""size"":0.05252792,""num_orders"":1},{""price"":75504.7,""size"":0.02,""num_orders"":1},{""price"":75504.71,""size"":0.07946524,""num_orders"":1},{""price"":75505.09,""size"":0.00528889,""num_orders"":1},{""price"":75505.1,""size"":0.15908806,""num_orders"":1},{""price"":75505.2,""size"":0.05300834,""num_orders"":1}]"
btc_usd_d10_20260527T042340Z,52,2026-05-27T05:15:40.542704Z,2026-05-27T05:15:40.542841Z,BTC-USD,10,ok,,128968524173,2026-05-27T05:15:40.336088780Z,1.92774802,1.16575378,0.246320929892,75487.979999999996,75487.990000000005,75487.985000000001,0.010000000009,0.001324714126,"[{""price"":75487.98,""size"":0.19870091,""num_orders"":9},{""price"":75487.97,""size"":0.03974143,""num_orders"":1},{""price"":75486.01,""size"":0.65782672,""num_orders"":2},{""price"":75486.0,""size"":0.0322,""num_orders"":1},{""price"":75485.1,""size"":0.10607084,""num_orders"":1},{""price"":75485.03,""size"":0.03978426,""num_orders"":1},{""price"":75484.32,""size"":0.45,""num_orders"":1},{""price"":75484.05,""size"":0.11861003,""num_orders"":1},{""price"":75484.03,""size"":0.13247833,""num_orders"":1},{""price"":75484.0,""size"":0.1523355,""num_orders"":1}]","[{""price"":75487.99,""size"":0.00248205,""num_orders"":3},{""price"":75489.19,""size"":0.15908806,""num_orders"":1},{""price"":75490.0,""size"":0.01,""num_orders"":1},{""price"":75490.56,""size"":1.5e-05,""num_orders"":1},{""price"":75491.77,""size"":0.24082052,""num_orders"":1},{""price"":75491.78,""size"":0.15908806,""num_orders"":1},{""price"":75492.0,""size"":0.0322,""num_orders"":1},{""price"":75494.12,""size"":0.05300834,""num_orders"":1},{""price"":75494.15,""size"":0.15908806,""num_orders"":1},{""price"":75494.26,""size"":0.34996369,""num_orders"":1}]"
btc_usd_d10_20260527T042340Z,53,2026-05-27T05:16:40.542704Z,2026-05-27T05:16:40.542826Z,BTC-USD,10,ok,,128968548378,2026-05-27T05:16:40.035985204Z,1.14586712,0.22200336,0.675402951894,75493.130000000005,75493.139999999999,75493.135000000009,0.009999999995,0.001324623755,"[{""price"":75493.13,""size"":0.01606231,""num_orders"":2},{""price"":75493.11,""size"":0.03973872,""num_orders"":1},{""price"":75490.43,""size"":0.00066231,""num_orders"":1},{""price"":75490.0,""size"":0.0322,""num_orders"":1},{""price"":75489.28,""size"":0.56120058,""num_orders"":1},{""price"":75489.26,""size"":0.13246917,""num_orders"":1},{""price"":75488.07,""size"":0.05300834,""num_orders"":1},{""price"":75488.06,""size"":0.1909727,""num_orders"":1},{""price"":75488.0,""size"":0.0322,""num_orders"":1},{""price"":75487.98,""size"":0.08735299,""num_orders"":2}]","[{""price"":75493.14,""size"":0.00373919,""num_orders"":3},{""price"":75493.79,""size"":0.00121532,""num_orders"":2},{""price"":75493.99,""size"":0.13677312,""num_orders"":2},{""price"":75494.0,""size"":0.0322,""num_orders"":1},{""price"":75494.39,""size"":0.00528988,""num_orders"":1},{""price"":75494.4,""size"":1.5e-05,""num_orders"":1},{""price"":75494.42,""size"":0.0005671,""num_orders"":16},{""price"":75495.0,""size"":0.01,""num_orders"":1},{""price"":75495.43,""size"":3.75e-06,""num_orders"":1},{""price"":75496.0,""size"":0.0322,""num_orders"":1}]"
btc_usd_d10_20260527T042340Z,54,2026-05-27T05:17:40.542704Z,2026-05-27T05:17:40.542840Z,BTC-USD,10,ok,,128968580857,2026-05-27T05:17:38.045850932Z,0.61857784,0.85842132,-0.162385657687,75481.479999999996,75481.490000000005,75481.485000000001,0.010000000009,0.001324828202,"[{""price"":75481.48,""size"":0.26343642,""num_orders"":18},{""price"":75481.47,""size"":2.132e-05,""num_orders"":2},{""price"":75480.01,""size"":0.02275764,""num_orders"":1},{""price"":75480.0,""size"":0.0322,""num_orders"":1},{""price"":75479.35,""size"":0.00592,""num_orders"":1},{""price"":75479.04,""size"":1.5e-05,""num_orders"":1},{""price"":75478.81,""size"":0.12771464,""num_orders"":1},{""price"":75478.8,""size"":0.13248752,""num_orders"":1},{""price"":75478.28,""size"":0.0018253,""num_orders"":1},{""price"":75478.0,""size"":0.0322,""num_orders"":1}]","[{""price"":75481.49,""size"":0.00611379,""num_orders"":2},{""price"":75481.99,""size"":0.00013372,""num_orders"":1},{""price"":75482.91,""size"":0.29163779,""num_orders"":1},{""price"":75484.0,""size"":0.0322,""num_orders"":1},{""price"":75485.99,""size"":0.11419897,""num_orders"":1},{""price"":75486.0,""size"":0.0322,""num_orders"":1},{""price"":75486.55,""size"":0.15908806,""num_orders"":1},{""price"":75487.51,""size"":0.00081773,""num_orders"":1},{""price"":75487.97,""size"":0.16902292,""num_orders"":1},{""price"":75487.99,""size"":0.05300834,""num_orders"":1}]"
btc_usd_d10_20260527T042340Z,55,2026-05-27T05:18:40.542704Z,2026-05-27T05:18:40.542858Z,BTC-USD,10,ok,,128968614678,2026-05-27T05:18:39.689411796Z,0.7646801,0.51487,0.19523276189,75509.080000000002,75509.089999999997,75509.084999999992,0.009999999995,0.001324343951,"[{""price"":75509.08,""size"":0.07635684,""num_orders"":6},{""price"":75508.7,""size"":0.0433511,""num_orders"":1},{""price"":75508.69,""size"":0.03973052,""num_orders"":1},{""price"":75506.64,""size"":0.00068439,""num_orders"":1},{""price"":75506.0,""size"":0.0322,""num_orders"":1},{""price"":75505.48,""size"":0.15908806,""num_orders"":1},{""price"":75505.47,""size"":0.24829602,""num_orders"":1},{""price"":75505.46,""size"":0.13244075,""num_orders"":1},{""price"":75504.99,""size"":0.00033242,""num_orders"":1},{""price"":75504.0,""size"":0.0322,""num_orders"":1}]","[{""price"":75509.09,""size"":0.00543806,""num_orders"":3},{""price"":75509.73,""size"":0.00012659,""num_orders"":2},{""price"":75510.34,""size"":0.32189873,""num_orders"":1},{""price"":75511.99,""size"":0.00265162,""num_orders"":1},{""price"":75512.0,""size"":0.0322,""num_orders"":1},{""price"":75513.6,""size"":1.5e-05,""num_orders"":1},{""price"":75513.66,""size"":0.01986306,""num_orders"":1},{""price"":75513.99,""size"":0.09047694,""num_orders"":2},{""price"":75514.0,""size"":0.0322,""num_orders"":1},{""price"":75515.0,""size"":0.01,""num_orders"":1}]"
btc_usd_d10_20260527T042340Z,56,2026-05-27T05:19:40.542704Z,2026-05-27T05:19:40.542828Z,BTC-USD,10,ok,,128968643675,2026-05-27T05:19:38.033392816Z,0.8056393,0.55324658,0.185735037588,75503.800000000003,75503.809999999998,75503.804999999993,0.009999999995,0.001324436562,"[{""price"":75503.8,""size"":0.05764821,""num_orders"":5},{""price"":75503.51,""size"":0.03973325,""num_orders"":1},{""price"":75500.9,""size"":0.02,""num_orders"":1},{""price"":75500.89,""size"":0.45,""num_orders"":2},{""price"":75500.38,""size"":0.01986462,""num_orders"":1},{""price"":75498.76,""size"":0.05300834,""num_orders"":1},{""price"":75498.75,""size"":0.13245252,""num_orders"":1},{""price"":75498.48,""size"":0.00071736,""num_orders"":1},{""price"":75498.24,""size"":1.5e-05,""num_orders"":1},{""price"":75498.0,""size"":0.0322,""num_orders"":1}]","[{""price"":75503.81,""size"":0.00662219,""num_orders"":1},{""price"":75503.83,""size"":0.16703399,""num_orders"":1},{""price"":75505.66,""size"":0.00087021,""num_orders"":1},{""price"":75506.0,""size"":0.0322,""num_orders"":1},{""price"":75507.42,""size"":0.15908806,""num_orders"":1},{""price"":75507.54,""size"":0.00013228,""num_orders"":1},{""price"":75508.0,""size"":0.0322,""num_orders"":1},{""price"":75508.02,""size"":0.04880836,""num_orders"":1},{""price"":75508.84,""size"":0.00662229,""num_orders"":1},{""price"":75509.68,""size"":0.0996692,""num_orders"":1}]"
btc_usd_d10_20260527T042340Z,57,2026-05-27T05:20:40.542704Z,2026-05-27T05:20:40.542827Z,BTC-USD,10,ok,,128968685046,2026-05-27T05:20:37.813093951Z,0.9254224,0.74599105,0.107353060968,75486.710000000006,75486.720000000001,75486.714999999997,0.009999999995,0.001324736412,"[{""price"":75486.71,""size"":0.23485137,""num_orders"":4},{""price"":75486.0,""size"":0.0322234,""num_orders"":2},{""price"":75485.77,""size"":0.03974258,""num_orders"":1},{""price"":75484.0,""size"":0.0322,""num_orders"":1},{""price"":75483.62,""size"":0.15908806,""num_orders"":1},{""price"":75482.87,""size"":0.10793478,""num_orders"":3},{""price"":75482.41,""size"":0.13248119,""num_orders"":1},{""price"":75482.0,""size"":0.0322,""num_orders"":1},{""price"":75479.65,""size"":0.0066238,""num_orders"":1},{""price"":75479.55,""size"":0.14807722,""num_orders"":1}]","[{""price"":75486.72,""size"":1.5e-05,""num_orders"":1},{""price"":75488.09,""size"":0.00174548,""num_orders"":3},{""price"":75490.0,""size"":0.01052085,""num_orders"":4},{""price"":75490.56,""size"":1.5e-05,""num_orders"":1},{""price"":75491.23,""size"":0.00388,""num_orders"":1},{""price"":75491.79,""size"":0.32467332,""num_orders"":1},{""price"":75491.8,""size"":0.15908806,""num_orders"":1},{""price"":75491.81,""size"":0.05476528,""num_orders"":1},{""price"":75492.0,""size"":0.0322,""num_orders"":1},{""price"":75494.14,""size"":0.15908806,""num_orders"":1}]"
btc_usd_d10_20260527T042340Z,58,2026-05-27T05:21:40.542704Z,2026-05-27T05:21:40.542838Z,BTC-USD,10,ok,,128968718424,2026-05-27T05:21:39.562545212Z,0.27572249,0.73897147,-0.45654059082,75501.009999999995,75501.020000000004,75501.014999999999,0.010000000009,0.001324485506,"[{""price"":75501.01,""size"":0.05186444,""num_orders"":4},{""price"":75500.68,""size"":0.05300834,""num_orders"":1},{""price"":75500.67,""size"":0.03973474,""num_orders"":1},{""price"":75500.0,""size"":0.0322,""num_orders"":1},{""price"":75498.26,""size"":0.02653361,""num_orders"":1},{""price"":75498.24,""size"":1.5e-05,""num_orders"":1},{""price"":75498.0,""size"":0.0322,""num_orders"":1},{""price"":75496.47,""size"":0.02,""num_orders"":1},{""price"":75496.46,""size"":0.00016636,""num_orders"":1},{""price"":75496.31,""size"":0.02,""num_orders"":1}]","[{""price"":75501.02,""size"":0.00013223,""num_orders"":1},{""price"":75501.53,""size"":0.27527832,""num_orders"":1},{""price"":75504.8,""size"":0.00281486,""num_orders"":1},{""price"":75505.94,""size"":0.02,""num_orders"":1},{""price"":75505.95,""size"":0.24622286,""num_orders"":1},{""price"":75505.96,""size"":0.15908806,""num_orders"":1},{""price"":75506.0,""size"":0.0322,""num_orders"":1},{""price"":75506.04,""size"":0.00066224,""num_orders"":1},{""price"":75506.24,""size"":0.00037042,""num_orders"":2},{""price"":75507.41,""size"":0.00220248,""num_orders"":3}]"
btc_usd_d10_20260527T042340Z,59,2026-05-27T05:22:40.542704Z,2026-05-27T05:22:40.542828Z,BTC-USD,10,ok,,128968752670,2026-05-27T05:22:38.598204660Z,0.3439213,0.46505894,-0.14974116055,75528.410000000003,75528.419999999998,75528.415000000008,0.009999999995,0.001324005011,"[{""price"":75528.41,""size"":0.09475314,""num_orders"":5},{""price"":75528.4,""size"":0.02999982,""num_orders"":4},{""price"":75528.38,""size"":0.03,""num_orders"":1},{""price"":75528.0,""size"":0.0305,""num_orders"":1},{""price"":75527.8,""size"":0.03972047,""num_orders"":1},{""price"":75527.35,""size"":0.00160581,""num_orders"":1},{""price"":75526.0,""size"":0.0322,""num_orders"":1},{""price"":75525.41,""size"":0.0254179,""num_orders"":1},{""price"":75525.02,""size"":0.03972416,""num_orders"":1},{""price"":75524.08,""size"":0.02,""num_orders"":1}]","[{""price"":75528.42,""size"":0.01011756,""num_orders"":6},{""price"":75528.96,""size"":1.5e-05,""num_orders"":1},{""price"":75530.0,""size"":0.01,""num_orders"":1},{""price"":75530.1,""size"":0.0487,""num_orders"":2},{""price"":75532.2,""size"":0.00281493,""num_orders"":1},{""price"":75532.8,""size"":1.5e-05,""num_orders"":1},{""price"":75533.93,""size"":0.15080005,""num_orders"":1},{""price"":75533.94,""size"":0.15908806,""num_orders"":1},{""price"":75533.98,""size"":0.05300834,""num_orders"":1},{""price"":75534.0,""size"":0.0305,""num_orders"":1}]"
