window_id,sample_index,planned_at_utc,collected_at_utc,product_id,depth,status,error,sequence,snapshot_time_utc,bid_volume,ask_volume,imbalance,best_bid,best_ask,mid_price,spread,spread_bps,bids_json,asks_json
btc_usd_d10_20260910T235516Z,5,2026-09-11T00:00:16.029810Z,2026-09-11T00:00:16.029960Z,BTC-USD,10,ok,,135903769591,2026-09-11T00:00:13.776887591Z,0.62608071,0.35481048,0.276554864358,76562.869999999995,76562.880000000005,76562.875,0.010000000009,0.001306116053,"[{""price"":76562.87,""size"":0.13728929,""num_orders"":2},{""price"":76561.87,""size"":0.17003101,""num_orders"":1},{""price"":76561.86,""size"":0.0468,""num_orders"":1},{""price"":76561.32,""size"":0.0468,""num_orders"":1},{""price"":76560.94,""size"":0.0468,""num_orders"":1},{""price"":76560.93,""size"":0.04688983,""num_orders"":3},{""price"":76560.44,""size"":0.0468,""num_orders"":1},{""price"":76560.17,""size"":0.00391923,""num_orders"":1},{""price"":76558.26,""size"":0.0468,""num_orders"":1},{""price"":76556.27,""size"":0.03395135,""num_orders"":2}]","[{""price"":76562.88,""size"":0.01458057,""num_orders"":2},{""price"":76563.76,""size"":0.04613717,""num_orders"":5},{""price"":76564.48,""size"":0.026,""num_orders"":1},{""price"":76565.74,""size"":0.01714486,""num_orders"":3},{""price"":76566.46,""size"":0.00065303,""num_orders"":1},{""price"":76568.63,""size"":0.00065301,""num_orders"":1},{""price"":76569.94,""size"":0.02,""num_orders"":1},{""price"":76569.95,""size"":0.209094,""num_orders"":1},{""price"":76570.64,""size"":0.00054784,""num_orders"":1},{""price"":76571.32,""size"":0.02,""num_orders"":1}]"
btc_usd_d10_20260910T235516Z,6,2026-09-11T00:01:16.029810Z,2026-09-11T00:01:16.029944Z,BTC-USD,10,ok,,135903838156,2026-09-11T00:01:14.579211489Z,1.64629679,1.33016585,0.106210283224,76538.440000000002,76538.449999999997,76538.445000000007,0.009999999995,0.001306532945,"[{""price"":76538.44,""size"":0.01212035,""num_orders"":4},{""price"":76537.85,""size"":0.10452344,""num_orders"":1},{""price"":76536.38,""size"":0.06528001,""num_orders"":1},{""price"":76528.02,""size"":0.00635993,""num_orders"":1},{""price"":76528.01,""size"":0.010648,""num_orders"":1},{""price"":76525.0,""size"":0.01,""num_orders"":1},{""price"":76524.19,""size"":0.13067763,""num_orders"":1},{""price"":76521.0,""size"":1.0,""num_orders"":1},{""price"":76520.0,""size"":0.01,""num_orders"":1},{""price"":76519.45,""size"":0.29668743,""num_orders"":1}]","[{""price"":76538.45,""size"":0.22452827,""num_orders"":6},{""price"":76539.06,""size"":0.026,""num_orders"":1},{""price"":76539.26,""size"":0.00032659,""num_orders"":1},{""price"":76542.3,""size"":0.00583,""num_orders"":1},{""price"":76546.85,""size"":0.05997563,""num_orders"":1},{""price"":76546.93,""size"":0.1181,""num_orders"":1},{""price"":76548.24,""size"":0.10450926,""num_orders"":1},{""price"":76548.67,""size"":0.31964109,""num_orders"":1},{""price"":76548.81,""size"":0.00084924,""num_orders"":1},{""price"":76549.4,""size"":0.47040577,""num_orders"":1}]"
btc_usd_d10_20260910T235516Z,7,2026-09-11T00:02:16.029810Z,2026-09-11T00:02:16.029950Z,BTC-USD,10,ok,,135903895220,2026-09-11T00:02:14.806120564Z,0.5642753,0.83944156,-0.196026896763,76576.330000000002,76576.339999999997,76576.334999999992,0.009999999995,0.001305886472,"[{""price"":76576.33,""size"":0.0796,""num_orders"":2},{""price"":76575.45,""size"":0.10449815,""num_orders"":2},{""price"":76563.97,""size"":0.01061683,""num_orders"":1},{""price"":76562.96,""size"":0.13061144,""num_orders"":1},{""price"":76561.84,""size"":0.02,""num_orders"":1},{""price"":76560.31,""size"":0.06,""num_orders"":2},{""price"":76560.27,""size"":0.02,""num_orders"":1},{""price"":76560.26,""size"":0.02,""num_orders"":1},{""price"":76560.14,""size"":0.1181,""num_orders"":1},{""price"":76559.63,""size"":0.00084888,""num_orders"":1}]","[{""price"":76576.34,""size"":0.04000089,""num_orders"":2},{""price"":76579.45,""size"":0.00010916,""num_orders"":1},{""price"":76580.0,""size"":0.01,""num_orders"":1},{""price"":76580.16,""size"":1.5e-05,""num_orders"":1},{""price"":76585.0,""size"":0.01,""num_orders"":1},{""price"":76586.51,""size"":0.23520854,""num_orders"":1},{""price"":76588.64,""size"":0.00635502,""num_orders"":1},{""price"":76588.83,""size"":0.23520854,""num_orders"":1},{""price"":76588.84,""size"":0.27364654,""num_orders"":1},{""price"":76589.0,""size"":0.02889787,""num_orders"":1}]"
btc_usd_d10_20260910T235516Z,8,2026-09-11T00:03:16.029810Z,2026-09-11T00:03:16.029948Z,BTC-USD,10,ok,,135903949380,2026-09-11T00:03:15.649593935Z,0.67245298,0.98340261,-0.187787891576,76658.429999999993,76658.440000000002,76658.434999999998,0.010000000009,0.00130448789,"[{""price"":76658.43,""size"":0.10718344,""num_orders"":3},{""price"":76658.05,""size"":0.10435955,""num_orders"":1},{""price"":76655.89,""size"":0.00655353,""num_orders"":3},{""price"":76655.12,""size"":0.00084791,""num_orders"":1},{""price"":76646.31,""size"":0.13055843,""num_orders"":2},{""price"":76645.0,""size"":0.01,""num_orders"":1},{""price"":76642.87,""size"":0.1181,""num_orders"":1},{""price"":76642.82,""size"":0.00084791,""num_orders"":1},{""price"":76641.99,""size"":0.13400221,""num_orders"":1},{""price"":76641.98,""size"":0.06,""num_orders"":2}]","[{""price"":76658.44,""size"":0.00045435,""num_orders"":1},{""price"":76663.27,""size"":0.23520854,""num_orders"":1},{""price"":76665.0,""size"":0.01,""num_orders"":1},{""price"":76665.17,""size"":0.10434987,""num_orders"":1},{""price"":76665.83,""size"":0.00635502,""num_orders"":1},{""price"":76665.84,""size"":0.00583,""num_orders"":1},{""price"":76666.11,""size"":0.00195653,""num_orders"":1},{""price"":76666.14,""size"":0.23520854,""num_orders"":1},{""price"":76666.15,""size"":0.1181,""num_orders"":1},{""price"":76666.58,""size"":0.26593976,""num_orders"":1}]"
btc_usd_d10_20260910T235516Z,9,2026-09-11T00:04:16.029810Z,2026-09-11T00:04:16.029962Z,BTC-USD,10,ok,,135903983228,2026-09-11T00:04:13.906228183Z,0.44294803,0.75461947,-0.260253756051,76676.029999999999,76676.039999999994,76676.035000000003,0.009999999995,0.001304188459,"[{""price"":76676.03,""size"":0.16428723,""num_orders"":4},{""price"":76674.23,""size"":0.026,""num_orders"":1},{""price"":76672.57,""size"":0.006539,""num_orders"":2},{""price"":76672.46,""size"":0.01900236,""num_orders"":1},{""price"":76671.3,""size"":0.01900236,""num_orders"":1},{""price"":76667.17,""size"":0.1181,""num_orders"":1},{""price"":76666.41,""size"":0.06,""num_orders"":2},{""price"":76665.0,""size"":0.01,""num_orders"":1},{""price"":76664.89,""size"":0.02,""num_orders"":1},{""price"":76664.88,""size"":1.708e-05,""num_orders"":1}]","[{""price"":76676.04,""size"":0.11116268,""num_orders"":3},{""price"":76676.56,""size"":1.5e-05,""num_orders"":1},{""price"":76680.0,""size"":0.01,""num_orders"":1},{""price"":76682.67,""size"":0.1181,""num_orders"":1},{""price"":76682.98,""size"":0.03477911,""num_orders"":1},{""price"":76683.24,""size"":0.23520854,""num_orders"":1},{""price"":76684.26,""size"":0.0001306,""num_orders"":1},{""price"":76685.0,""size"":0.01,""num_orders"":1},{""price"":76685.56,""size"":0.23520854,""num_orders"":1},{""price"":76686.2,""size"":1.5e-05,""num_orders"":1}]"
btc_usd_d10_20260910T235516Z,10,2026-09-11T00:05:16.029810Z,2026-09-11T00:05:16.029953Z,BTC-USD,10,ok,,135904030938,2026-09-11T00:05:13.622737139Z,0.33275731,0.78437755,-0.404266535913,76622.229999999996,76622.240000000005,76622.235000000001,0.010000000009,0.001305104192,"[{""price"":76622.23,""size"":0.11242844,""num_orders"":4},{""price"":76620.33,""size"":0.00307539,""num_orders"":3},{""price"":76619.36,""size"":0.00027169,""num_orders"":1},{""price"":76618.9,""size"":0.026,""num_orders"":1},{""price"":76618.72,""size"":1.5e-05,""num_orders"":1},{""price"":76616.78,""size"":0.00652497,""num_orders"":1},{""price"":76616.14,""size"":0.02500017,""num_orders"":1},{""price"":76616.09,""size"":0.0039152,""num_orders"":1},{""price"":76614.99,""size"":0.02500017,""num_orders"":1},{""price"":76612.91,""size"":0.13052628,""num_orders"":1}]","[{""price"":76622.24,""size"":0.00738666,""num_orders"":2},{""price"":76623.13,""size"":0.00691133,""num_orders"":1},{""price"":76628.01,""size"":0.1181,""num_orders"":1},{""price"":76628.09,""size"":0.23520854,""num_orders"":1},{""price"":76629.13,""size"":0.05741938,""num_orders"":1},{""price"":76629.9,""size"":0.1043979,""num_orders"":1},{""price"":76630.0,""size"":0.01,""num_orders"":1},{""price"":76630.03,""size"":0.00583,""num_orders"":1},{""price"":76630.41,""size"":0.23520854,""num_orders"":1},{""price"":76631.4,""size"":0.0039152,""num_orders"":1}]"
btc_usd_d10_20260910T235516Z,11,2026-09-11T00:06:16.029810Z,2026-09-11T00:06:16.029939Z,BTC-USD,10,ok,,135904085926,2026-09-11T00:06:13.784679165Z,0.68983196,1.2726709,-0.296987562097,76635.690000000002,76641.009999999995,76638.350000000006,5.319999999992,0.694169433448,"[{""price"":76635.69,""size"":0.10438999,""num_orders"":1},{""price"":76635.64,""size"":0.0468,""num_orders"":1},{""price"":76633.57,""size"":0.02,""num_orders"":1},{""price"":76633.56,""size"":0.04901155,""num_orders"":1},{""price"":76629.71,""size"":0.13049768,""num_orders"":1},{""price"":76629.44,""size"":0.00261056,""num_orders"":1},{""price"":76628.07,""size"":5.993e-05,""num_orders"":2},{""price"":76627.94,""size"":0.02,""num_orders"":1},{""price"":76627.93,""size"":0.25646225,""num_orders"":1},{""price"":76627.92,""size"":0.06,""num_orders"":2}]","[{""price"":76641.01,""size"":0.18283507,""num_orders"":1},{""price"":76643.29,""size"":0.1181,""num_orders"":1},{""price"":76643.31,""size"":0.00472554,""num_orders"":1},{""price"":76643.48,""size"":0.18283507,""num_orders"":1},{""price"":76643.75,""size"":7.977e-05,""num_orders"":1},{""price"":76645.37,""size"":0.49796986,""num_orders"":1},{""price"":76645.4,""size"":0.05024413,""num_orders"":1},{""price"":76647.46,""size"":0.18283507,""num_orders"":1},{""price"":76647.64,""size"":1.5e-05,""num_orders"":1},{""price"":76649.07,""size"":0.05303139,""num_orders"":1}]"
btc_usd_d10_20260910T235516Z,12,2026-09-11T00:07:16.029810Z,2026-09-11T00:07:16.029969Z,BTC-USD,10,ok,,135904129797,2026-09-11T00:07:14.594598891Z,0.27146149,2.1491314,-0.77570661211,76683.580000000002,76683.589999999997,76683.584999999992,0.009999999995,0.001304060053,"[{""price"":76683.58,""size"":0.02097352,""num_orders"":3},{""price"":76683.42,""size"":0.10432502,""num_orders"":1},{""price"":76679.83,""size"":0.00652113,""num_orders"":1},{""price"":76679.07,""size"":0.01404374,""num_orders"":2},{""price"":76677.92,""size"":0.026,""num_orders"":1},{""price"":76677.91,""size"":0.01400202,""num_orders"":1},{""price"":76674.53,""size"":0.02,""num_orders"":1},{""price"":76674.43,""size"":0.04,""num_orders"":1},{""price"":76671.01,""size"":0.00559606,""num_orders"":1},{""price"":76671.0,""size"":0.02,""num_orders"":1}]","[{""price"":76683.59,""size"":0.24534457,""num_orders"":5},{""price"":76687.78,""size"":0.18283507,""num_orders"":1},{""price"":76691.45,""size"":0.10431411,""num_orders"":1},{""price"":76692.54,""size"":0.65025193,""num_orders"":1},{""price"":76692.55,""size"":0.18283507,""num_orders"":1},{""price"":76694.74,""size"":0.58510452,""num_orders"":1},{""price"":76695.0,""size"":0.01,""num_orders"":1},{""price"":76695.02,""size"":0.18283507,""num_orders"":1},{""price"":76695.84,""size"":1.5e-05,""num_orders"":1},{""price"":76696.34,""size"":0.00559606,""num_orders"":1}]"
btc_usd_d10_20260910T235516Z,13,2026-09-11T00:08:16.029810Z,2026-09-11T00:08:16.029942Z,BTC-USD,10,ok,,135904179119,2026-09-11T00:08:15.304074271Z,0.12796485,1.38326684,-0.830648270749,76760.490000000005,76761.509999999995,76761,1.01999999999,0.132879978113,"[{""price"":76760.49,""size"":0.01061683,""num_orders"":1},{""price"":76755.65,""size"":0.010648,""num_orders"":1},{""price"":76755.64,""size"":0.0001119,""num_orders"":1},{""price"":76753.74,""size"":0.00391032,""num_orders"":1},{""price"":76753.67,""size"":3.338e-05,""num_orders"":1},{""price"":76753.54,""size"":0.026,""num_orders"":1},{""price"":76751.44,""size"":0.06,""num_orders"":2},{""price"":76750.0,""size"":0.01,""num_orders"":1},{""price"":76749.99,""size"":0.00084668,""num_orders"":1},{""price"":76748.19,""size"":0.00579774,""num_orders"":1}]","[{""price"":76761.51,""size"":0.0468,""num_orders"":1},{""price"":76762.06,""size"":0.18283507,""num_orders"":1},{""price"":76766.24,""size"":0.18283507,""num_orders"":1},{""price"":76767.42,""size"":0.33840286,""num_orders"":1},{""price"":76767.43,""size"":0.1181,""num_orders"":1},{""price"":76768.65,""size"":0.18283507,""num_orders"":1},{""price"":76769.09,""size"":0.00391032,""num_orders"":1},{""price"":76769.17,""size"":0.1042085,""num_orders"":1},{""price"":76771.29,""size"":0.18872351,""num_orders"":2},{""price"":76771.57,""size"":0.03461644,""num_orders"":1}]"
btc_usd_d10_20260910T235516Z,14,2026-09-11T00:09:16.029810Z,2026-09-11T00:09:16.029978Z,BTC-USD,10,ok,,135904223834,2026-09-11T00:09:15.278030877Z,0.41781792,0.46862052,-0.057310917157,76762.770000000004,76762.779999999999,76762.774999999994,0.009999999995,0.001302714759,"[{""price"":76762.77,""size"":0.21663611,""num_orders"":5},{""price"":76759.51,""size"":0.026,""num_orders"":1},{""price"":76758.91,""size"":0.00651342,""num_orders"":1},{""price"":76757.46,""size"":0.04399335,""num_orders"":1},{""price"":76756.98,""size"":0.05399712,""num_orders"":1},{""price"":76755.65,""size"":0.02,""num_orders"":1},{""price"":76754.87,""size"":0.010648,""num_orders"":1},{""price"":76753.84,""size"":0.02,""num_orders"":1},{""price"":76753.83,""size"":2.992e-05,""num_orders"":2},{""price"":76753.68,""size"":0.02,""num_orders"":1}]","[{""price"":76762.78,""size"":0.01422581,""num_orders"":2},{""price"":76763.79,""size"":0.00263143,""num_orders"":2},{""price"":76764.7,""size"":0.00416876,""num_orders"":1},{""price"":76766.58,""size"":0.18283507,""num_orders"":1},{""price"":76766.89,""size"":0.00573639,""num_orders"":2},{""price"":76766.91,""size"":0.05468671,""num_orders"":1},{""price"":76767.29,""size"":0.00521096,""num_orders"":1},{""price"":76769.17,""size"":0.18283507,""num_orders"":1},{""price"":76769.99,""size"":0.00629032,""num_orders"":1},{""price"":76770.0,""size"":0.01,""num_orders"":1}]"
btc_usd_d10_20260910T235516Z,15,2026-09-11T00:10:16.029810Z,2026-09-11T00:10:16.029948Z,BTC-USD,10,ok,,135904262945,2026-09-11T00:10:13.118040381Z,0.57289169,1.64669045,-0.483784195524,76799.990000000005,76800,76799.994999999995,0.009999999995,0.001302083417,"[{""price"":76799.99,""size"":0.0468,""num_orders"":1},{""price"":76798.76,""size"":0.10416834,""num_orders"":1},{""price"":76796.72,""size"":0.00227152,""num_orders"":1},{""price"":76796.5,""size"":0.0002656,""num_orders"":2},{""price"":76793.08,""size"":0.1829751,""num_orders"":2},{""price"":76790.13,""size"":0.00651144,""num_orders"":1},{""price"":76790.02,""size"":6.462e-05,""num_orders"":1},{""price"":76790.0,""size"":0.01,""num_orders"":1},{""price"":76788.87,""size"":0.18283507,""num_orders"":1},{""price"":76788.86,""size"":0.037,""num_orders"":1}]","[{""price"":76800.0,""size"":1.02813336,""num_orders"":4},{""price"":76801.88,""size"":1.5e-05,""num_orders"":1},{""price"":76804.04,""size"":0.18283507,""num_orders"":1},{""price"":76804.2,""size"":0.1181,""num_orders"":1},{""price"":76804.73,""size"":0.00629032,""num_orders"":1},{""price"":76804.74,""size"":0.01302002,""num_orders"":1},{""price"":76805.0,""size"":0.01,""num_orders"":1},{""price"":76805.75,""size"":0.10415888,""num_orders"":1},{""price"":76806.44,""size"":0.18283507,""num_orders"":1},{""price"":76808.81,""size"":0.00130273,""num_orders"":1}]"
btc_usd_d10_20260910T235516Z,16,2026-09-11T00:11:16.029810Z,2026-09-11T00:11:16.029945Z,BTC-USD,10,ok,,135904307252,2026-09-11T00:11:14.405527684Z,0.77248561,1.26673169,-0.242370482047,76792.220000000001,76792.240000000005,76792.23000000001,0.020000000004,0.002604430162,"[{""price"":76792.22,""size"":0.05530334,""num_orders"":2},{""price"":76792.21,""size"":0.10417723,""num_orders"":1},{""price"":76788.18,""size"":0.026,""num_orders"":1},{""price"":76782.76,""size"":0.00176326,""num_orders"":1},{""price"":76782.6,""size"":0.02,""num_orders"":1},{""price"":76782.5,""size"":3.198e-05,""num_orders"":2},{""price"":76781.48,""size"":0.24822306,""num_orders"":1},{""price"":76781.47,""size"":0.18283507,""num_orders"":1},{""price"":76778.98,""size"":0.13024396,""num_orders"":1},{""price"":76778.9,""size"":0.00390771,""num_orders"":1}]","[{""price"":76792.24,""size"":1.5e-05,""num_orders"":1},{""price"":76794.25,""size"":0.00390771,""num_orders"":1},{""price"":76795.0,""size"":0.01,""num_orders"":1},{""price"":76795.97,""size"":0.18283507,""num_orders"":1},{""price"":76797.52,""size"":0.10417003,""num_orders"":1},{""price"":76798.48,""size"":0.27700925,""num_orders"":1},{""price"":76798.49,""size"":0.18283507,""num_orders"":1},{""price"":76799.77,""size"":0.16699833,""num_orders"":1},{""price"":76800.0,""size"":0.01,""num_orders"":1},{""price"":76800.24,""size"":0.32896123,""num_orders"":1}]"
btc_usd_d10_20260910T235516Z,17,2026-09-11T00:12:16.029810Z,2026-09-11T00:12:16.029938Z,BTC-USD,10,ok,,135904341208,2026-09-11T00:12:15.569043978Z,0.80953542,0.67492982,0.090676154869,76795.360000000001,76795.369999999995,76795.364999999991,0.009999999995,0.00130216192,"[{""price"":76795.36,""size"":0.11357316,""num_orders"":4},{""price"":76794.99,""size"":0.10417346,""num_orders"":1},{""price"":76791.18,""size"":0.18289014,""num_orders"":2},{""price"":76790.03,""size"":0.026,""num_orders"":1},{""price"":76788.14,""size"":0.00651125,""num_orders"":1},{""price"":76787.49,""size"":0.18283507,""num_orders"":1},{""price"":76786.97,""size"":0.00390681,""num_orders"":1},{""price"":76785.06,""size"":0.18283507,""num_orders"":1},{""price"":76783.48,""size"":0.00596403,""num_orders"":1},{""price"":76783.47,""size"":0.00084643,""num_orders"":1}]","[{""price"":76795.37,""size"":0.010623,""num_orders"":3},{""price"":76797.3,""size"":0.00498906,""num_orders"":1},{""price"":76797.39,""size"":0.0008585,""num_orders"":1},{""price"":76800.0,""size"":0.01,""num_orders"":1},{""price"":76801.61,""size"":0.18283507,""num_orders"":1},{""price"":76801.88,""size"":1.5e-05,""num_orders"":1},{""price"":76802.32,""size"":0.00390681,""num_orders"":1},{""price"":76803.62,""size"":0.10416176,""num_orders"":1},{""price"":76804.08,""size"":0.18283507,""num_orders"":1},{""price"":76804.1,""size"":0.17470555,""num_orders"":1}]"
btc_usd_d10_20260910T235516Z,18,2026-09-11T00:13:16.029810Z,2026-09-11T00:13:16.029958Z,BTC-USD,10,ok,,135904373620,2026-09-11T00:13:15.603865692Z,0.91467126,0.41880648,0.371858310886,76819.990000000005,76820,76819.994999999995,0.009999999995,0.001301744421,"[{""price"":76819.99,""size"":0.0936,""num_orders"":2},{""price"":76811.51,""size"":0.33152831,""num_orders"":3},{""price"":76810.71,""size"":0.18283507,""num_orders"":1},{""price"":76810.7,""size"":0.10415214,""num_orders"":1},{""price"":76810.0,""size"":0.0015039,""num_orders"":1},{""price"":76808.5,""size"":0.001,""num_orders"":1},{""price"":76808.03,""size"":0.18283507,""num_orders"":1},{""price"":76806.97,""size"":8.653e-05,""num_orders"":1},{""price"":76806.96,""size"":0.00013024,""num_orders"":2},{""price"":76806.01,""size"":0.017,""num_orders"":1}]","[{""price"":76820.0,""size"":0.01,""num_orders"":1},{""price"":76820.85,""size"":0.05040096,""num_orders"":1},{""price"":76823.05,""size"":0.00084622,""num_orders"":1},{""price"":76823.08,""size"":0.06085133,""num_orders"":1},{""price"":76825.0,""size"":0.01,""num_orders"":1},{""price"":76830.0,""size"":0.01,""num_orders"":1},{""price"":76830.17,""size"":0.00130212,""num_orders"":1},{""price"":76830.55,""size"":0.1181,""num_orders"":1},{""price"":76830.7,""size"":0.15729085,""num_orders"":1},{""price"":76830.8,""size"":1.5e-05,""num_orders"":1}]"
btc_usd_d10_20260910T235516Z,19,2026-09-11T00:14:16.029810Z,2026-09-11T00:14:16.029941Z,BTC-USD,10,ok,,135904406999,2026-09-11T00:14:14.143515797Z,0.57419464,1.21889074,-0.359545678745,76786.970000000001,76786.979999999996,76786.975000000006,0.009999999995,0.001302304199,"[{""price"":76786.97,""size"":5.57e-06,""num_orders"":1},{""price"":76786.65,""size"":0.10421696,""num_orders"":2},{""price"":76785.52,""size"":2.591e-05,""num_orders"":1},{""price"":76785.51,""size"":2.2e-07,""num_orders"":1},{""price"":76783.44,""size"":0.01302194,""num_orders"":2},{""price"":76782.6,""size"":1.5e-05,""num_orders"":1},{""price"":76779.73,""size"":0.010648,""num_orders"":1},{""price"":76778.18,""size"":0.18283507,""num_orders"":1},{""price"":76778.15,""size"":0.23742597,""num_orders"":1},{""price"":76777.28,""size"":0.026,""num_orders"":1}]","[{""price"":76786.98,""size"":0.10007483,""num_orders"":3},{""price"":76788.32,""size"":0.18283507,""num_orders"":1},{""price"":76788.9,""size"":0.00416737,""num_orders"":1},{""price"":76789.38,""size"":0.00084649,""num_orders"":1},{""price"":76790.24,""size"":0.28676916,""num_orders"":1},{""price"":76790.87,""size"":0.18283507,""num_orders"":1},{""price"":76791.49,""size"":0.00520921,""num_orders"":1},{""price"":76792.15,""size"":0.17856883,""num_orders"":1},{""price"":76792.22,""size"":0.00390621,""num_orders"":1},{""price"":76792.4,""size"":0.2736785,""num_orders"":2}]"
btc_usd_d10_20260910T235516Z,20,2026-09-11T00:15:16.029810Z,2026-09-11T00:15:16.029941Z,BTC-USD,10,ok,,135904440375,2026-09-11T00:15:14.618290095Z,0.72199618,0.79675712,-0.04922520333,76793.460000000006,76793.470000000001,76793.464999999997,0.009999999995,0.001302194138,"[{""price"":76793.46,""size"":0.05376891,""num_orders"":3},{""price"":76793.45,""size"":0.10353362,""num_orders"":1},{""price"":76791.55,""size"":0.00474345,""num_orders"":1},{""price"":76790.71,""size"":0.0111245,""num_orders"":2},{""price"":76790.27,""size"":0.010648,""num_orders"":1},{""price"":76788.28,""size"":0.026,""num_orders"":1},{""price"":76788.14,""size"":0.02840756,""num_orders"":2},{""price"":76787.41,""size"":0.18283507,""num_orders"":1},{""price"":76785.78,""size"":0.1181,""num_orders"":1},{""price"":76785.06,""size"":0.18283507,""num_orders"":1}]","[{""price"":76793.47,""size"":0.0468,""num_orders"":1},{""price"":76794.87,""size"":0.00416698,""num_orders"":1},{""price"":76795.1,""size"":0.18283507,""num_orders"":1},{""price"":76796.8,""size"":0.00416698,""num_orders"":1},{""price"":76796.94,""size"":0.15118312,""num_orders"":2},{""price"":76798.25,""size"":0.10416904,""num_orders"":1},{""price"":76799.27,""size"":0.11148506,""num_orders"":1},{""price"":76799.39,""size"":0.00520872,""num_orders"":1},{""price"":76799.72,""size"":0.18283507,""num_orders"":1},{""price"":76799.78,""size"":0.00390708,""num_orders"":1}]"
btc_usd_d10_20260910T235516Z,21,2026-09-11T00:16:16.029810Z,2026-09-11T00:16:16.029939Z,BTC-USD,10,ok,,135904469652,2026-09-11T00:16:13.300084161Z,0.56548975,1.82143201,-0.526176551342,76778.910000000003,76778.919999999998,76778.915000000008,0.009999999995,0.00130244091,"[{""price"":76778.91,""size"":0.00308173,""num_orders"":2},{""price"":76775.11,""size"":0.00651308,""num_orders"":1},{""price"":76773.55,""size"":0.10420255,""num_orders"":1},{""price"":76770.49,""size"":2.225e-05,""num_orders"":2},{""price"":76768.13,""size"":0.02,""num_orders"":1},{""price"":76768.12,""size"":0.18283507,""num_orders"":1},{""price"":76767.03,""size"":0.026,""num_orders"":1},{""price"":76765.82,""size"":0.02,""num_orders"":1},{""price"":76765.81,""size"":0.18283507,""num_orders"":1},{""price"":76765.01,""size"":0.02,""num_orders"":1}]","[{""price"":76778.92,""size"":0.1733594,""num_orders"":7},{""price"":76779.53,""size"":0.10419444,""num_orders"":1},{""price"":76780.32,""size"":0.00390763,""num_orders"":1},{""price"":76780.4,""size"":0.1966084,""num_orders"":1},{""price"":76782.87,""size"":0.14649223,""num_orders"":1},{""price"":76782.89,""size"":0.18283507,""num_orders"":1},{""price"":76784.99,""size"":0.00587173,""num_orders"":1},{""price"":76785.0,""size"":0.01,""num_orders"":1},{""price"":76785.2,""size"":0.81532804,""num_orders"":2},{""price"":76785.21,""size"":0.18283507,""num_orders"":1}]"
btc_usd_d10_20260910T235516Z,22,2026-09-11T00:17:16.029810Z,2026-09-11T00:17:16.029941Z,BTC-USD,10,ok,,135904499575,2026-09-11T00:17:15.241876312Z,0.74189064,0.98318219,-0.139873253931,76801.809999999998,76801.820000000007,76801.815000000002,0.010000000009,0.001302052563,"[{""price"":76801.81,""size"":0.27355789,""num_orders"":2},{""price"":76801.31,""size"":0.00278975,""num_orders"":1},{""price"":76800.03,""size"":0.02629556,""num_orders"":2},{""price"":76796.6,""size"":0.00651083,""num_orders"":1},{""price"":76791.46,""size"":0.00390737,""num_orders"":1},{""price"":76790.17,""size"":0.11562781,""num_orders"":1},{""price"":76790.16,""size"":0.18283507,""num_orders"":1},{""price"":76790.0,""size"":0.01,""num_orders"":1},{""price"":76789.91,""size"":0.00084636,""num_orders"":1},{""price"":76788.48,""size"":0.11952,""num_orders"":1}]","[{""price"":76801.82,""size"":0.00949766,""num_orders"":2},{""price"":76801.88,""size"":0.00184355,""num_orders"":2},{""price"":76804.29,""size"":0.18283507,""num_orders"":1},{""price"":76805.0,""size"":0.01,""num_orders"":1},{""price"":76805.19,""size"":0.02484919,""num_orders"":2},{""price"":76806.81,""size"":0.18674244,""num_orders"":2},{""price"":76807.35,""size"":0.01867575,""num_orders"":1},{""price"":76808.5,""size"":0.04892852,""num_orders"":1},{""price"":76809.14,""size"":0.31697494,""num_orders"":1},{""price"":76809.15,""size"":0.18283507,""num_orders"":1}]"
btc_usd_d10_20260910T235516Z,23,2026-09-11T00:18:16.029810Z,2026-09-11T00:18:16.029977Z,BTC-USD,10,ok,,135904535054,2026-09-11T00:18:14.772784302Z,0.6318395,0.90172359,-0.175984993223,76766.789999999994,76766.800000000003,76766.794999999998,0.010000000009,0.001302646543,"[{""price"":76766.79,""size"":0.1128362,""num_orders"":4},{""price"":76765.46,""size"":9.17e-05,""num_orders"":2},{""price"":76762.3,""size"":0.026,""num_orders"":1},{""price"":76760.06,""size"":0.05398864,""num_orders"":1},{""price"":76757.82,""size"":0.00606634,""num_orders"":1},{""price"":76757.81,""size"":0.02,""num_orders"":1},{""price"":76757.79,""size"":0.24051133,""num_orders"":1},{""price"":76757.78,""size"":0.1181,""num_orders"":1},{""price"":76757.49,""size"":0.05398864,""num_orders"":1},{""price"":76756.47,""size"":0.00025665,""num_orders"":1}]","[{""price"":76766.8,""size"":0.03540486,""num_orders"":2},{""price"":76768.06,""size"":0.00390616,""num_orders"":1},{""price"":76772.75,""size"":0.13022316,""num_orders"":1},{""price"":76775.34,""size"":0.02,""num_orders"":1},{""price"":76775.35,""size"":0.07774323,""num_orders"":1},{""price"":76775.36,""size"":0.13022316,""num_orders"":1},{""price"":76777.29,""size"":0.02,""num_orders"":1},{""price"":76777.3,""size"":0.10419747,""num_orders"":1},{""price"":76777.69,""size"":0.24980239,""num_orders"":2},{""price"":76777.7,""size"":0.13022316,""num_orders"":1}]"
btc_usd_d10_20260910T235516Z,24,2026-09-11T00:19:16.029810Z,2026-09-11T00:19:16.029957Z,BTC-USD,10,ok,,135904563982,2026-09-11T00:19:13.073171971Z,0.27592242,0.73407486,-0.453617498851,76769.630000000005,76769.639999999999,76769.635000000009,0.009999999995,0.001302598351,"[{""price"":76769.63,""size"":0.05080395,""num_orders"":3},{""price"":76769.57,""size"":0.10420794,""num_orders"":1},{""price"":76767.79,""size"":6.527e-05,""num_orders"":2},{""price"":76766.23,""size"":0.00651328,""num_orders"":1},{""price"":76765.63,""size"":0.03800028,""num_orders"":1},{""price"":76765.38,""size"":0.00210676,""num_orders"":1},{""price"":76765.21,""size"":0.00521062,""num_orders"":2},{""price"":76762.53,""size"":0.026,""num_orders"":1},{""price"":76761.69,""size"":0.00600399,""num_orders"":1},{""price"":76761.68,""size"":0.03701033,""num_orders"":1}]","[{""price"":76769.64,""size"":0.00390787,""num_orders"":1},{""price"":76770.6,""size"":0.13022316,""num_orders"":1},{""price"":76770.61,""size"":0.16219607,""num_orders"":2},{""price"":76772.21,""size"":0.02618943,""num_orders"":1},{""price"":76772.78,""size"":0.00499835,""num_orders"":1},{""price"":76772.96,""size"":1.5e-05,""num_orders"":1},{""price"":76773.34,""size"":0.13022316,""num_orders"":1},{""price"":76775.0,""size"":0.01,""num_orders"":1},{""price"":76775.69,""size"":0.10419965,""num_orders"":1},{""price"":76776.81,""size"":0.16212217,""num_orders"":1}]"
btc_usd_d10_20260910T235516Z,25,2026-09-11T00:20:16.029810Z,2026-09-11T00:20:16.029951Z,BTC-USD,10,ok,,135904597474,2026-09-11T00:20:13.783243475Z,0.31999218,0.71585065,-0.382160747302,76771.110000000001,76771.960000000006,76771.535000000003,0.850000000006,0.110718119679,"[{""price"":76771.11,""size"":0.0756,""num_orders"":3},{""price"":76770.0,""size"":0.00512229,""num_orders"":1},{""price"":76769.57,""size"":0.026,""num_orders"":1},{""price"":76769.05,""size"":0.00911572,""num_orders"":2},{""price"":76768.79,""size"":0.02199491,""num_orders"":1},{""price"":76768.7,""size"":0.00206435,""num_orders"":2},{""price"":76767.63,""size"":0.02199491,""num_orders"":1},{""price"":76765.29,""size"":0.02,""num_orders"":1},{""price"":76765.28,""size"":0.1181,""num_orders"":1},{""price"":76764.62,""size"":0.02,""num_orders"":1}]","[{""price"":76771.96,""size"":0.0468,""num_orders"":1},{""price"":76772.96,""size"":0.00416818,""num_orders"":1},{""price"":76773.3,""size"":0.13022316,""num_orders"":1},{""price"":76774.89,""size"":0.00416813,""num_orders"":1},{""price"":76776.06,""size"":0.07774323,""num_orders"":1},{""price"":76776.07,""size"":0.13022316,""num_orders"":1},{""price"":76777.45,""size"":0.21227122,""num_orders"":1},{""price"":76777.48,""size"":0.00521016,""num_orders"":1},{""price"":76777.82,""size"":0.10419675,""num_orders"":1},{""price"":76779.21,""size"":0.00084666,""num_orders"":1}]"
btc_usd_d10_20260910T235516Z,26,2026-09-11T00:21:16.029810Z,2026-09-11T00:21:16.029946Z,BTC-USD,10,ok,,135904634046,2026-09-11T00:21:13.752854078Z,0.32527572,1.0758165,-0.535682640505,76752.759999999995,76752.770000000004,76752.764999999999,0.010000000009,0.00130288466,"[{""price"":76752.76,""size"":0.22761507,""num_orders"":4},{""price"":76752.1,""size"":0.026,""num_orders"":1},{""price"":76750.42,""size"":0.01061683,""num_orders"":1},{""price"":76748.57,""size"":0.02199579,""num_orders"":1},{""price"":76747.42,""size"":0.00631703,""num_orders"":1},{""price"":76747.41,""size"":0.02199579,""num_orders"":1},{""price"":76747.04,""size"":0.0039086,""num_orders"":1},{""price"":76746.78,""size"":0.00651347,""num_orders"":1},{""price"":76746.17,""size"":0.00029814,""num_orders"":1},{""price"":76744.04,""size"":1.5e-05,""num_orders"":1}]","[{""price"":76752.77,""size"":0.00015424,""num_orders"":1},{""price"":76759.94,""size"":0.13022316,""num_orders"":1},{""price"":76759.95,""size"":0.25568438,""num_orders"":1},{""price"":76760.45,""size"":0.1181,""num_orders"":1},{""price"":76761.73,""size"":0.00583,""num_orders"":1},{""price"":76762.36,""size"":0.16766788,""num_orders"":2},{""price"":76762.37,""size"":0.15980793,""num_orders"":1},{""price"":76762.38,""size"":0.0039086,""num_orders"":1},{""price"":76762.8,""size"":0.10421715,""num_orders"":1},{""price"":76763.04,""size"":0.13022316,""num_orders"":1}]"
btc_usd_d10_20260910T235516Z,27,2026-09-11T00:22:16.029810Z,2026-09-11T00:22:16.029909Z,BTC-USD,10,ok,,135904663225,2026-09-11T00:22:13.843859032Z,0.41543874,0.88365386,-0.360417048023,76785.600000000006,76785.610000000001,76785.60500000001,0.009999999995,0.001302327434,"[{""price"":76785.6,""size"":0.10425435,""num_orders"":2},{""price"":76782.35,""size"":0.00651211,""num_orders"":1},{""price"":76778.54,""size"":1.797e-05,""num_orders"":2},{""price"":76776.22,""size"":0.01061683,""num_orders"":1},{""price"":76775.48,""size"":0.13024991,""num_orders"":1},{""price"":76775.0,""size"":0.01,""num_orders"":1},{""price"":76774.42,""size"":0.1181,""num_orders"":1},{""price"":76774.03,""size"":0.026,""num_orders"":1},{""price"":76772.95,""size"":0.00578032,""num_orders"":1},{""price"":76772.94,""size"":0.00390725,""num_orders"":1}]","[{""price"":76785.61,""size"":0.14522403,""num_orders"":1},{""price"":76788.17,""size"":6e-07,""num_orders"":1},{""price"":76788.29,""size"":0.00390725,""num_orders"":1},{""price"":76788.58,""size"":0.00011575,""num_orders"":1},{""price"":76788.75,""size"":0.13022316,""num_orders"":1},{""price"":76788.76,""size"":0.21652504,""num_orders"":1},{""price"":76791.55,""size"":0.10417813,""num_orders"":1},{""price"":76792.21,""size"":0.28189368,""num_orders"":2},{""price"":76792.23,""size"":0.00157122,""num_orders"":2},{""price"":76792.24,""size"":1.5e-05,""num_orders"":1}]"
btc_usd_d10_20260910T235516Z,28,2026-09-11T00:23:16.029810Z,2026-09-11T00:23:16.029948Z,BTC-USD,10,ok,,135904699497,2026-09-11T00:23:14.144184349Z,0.42117453,1.36073618,-0.52727762661,76808.130000000005,76808.139999999999,76808.135000000009,0.009999999995,0.001301945425,"[{""price"":76808.13,""size"":0.00100417,""num_orders"":2},{""price"":76804.16,""size"":0.0065099,""num_orders"":1},{""price"":76803.0,""size"":0.10416258,""num_orders"":1},{""price"":76801.5,""size"":0.00126886,""num_orders"":1},{""price"":76795.78,""size"":0.026,""num_orders"":1},{""price"":76795.01,""size"":0.13022316,""num_orders"":1},{""price"":76795.0,""size"":0.01,""num_orders"":1},{""price"":76793.2,""size"":0.02,""num_orders"":1},{""price"":76793.19,""size"":0.1181,""num_orders"":1},{""price"":76792.79,""size"":0.00390586,""num_orders"":1}]","[{""price"":76808.14,""size"":0.29914477,""num_orders"":5},{""price"":76808.99,""size"":0.00650238,""num_orders"":2},{""price"":76809.04,""size"":0.10415441,""num_orders"":1},{""price"":76810.91,""size"":0.00416617,""num_orders"":1},{""price"":76811.27,""size"":0.31502095,""num_orders"":1},{""price"":76811.28,""size"":0.24656435,""num_orders"":1},{""price"":76811.3,""size"":0.15088578,""num_orders"":1},{""price"":76811.32,""size"":0.13022316,""num_orders"":1},{""price"":76813.02,""size"":0.09824421,""num_orders"":1},{""price"":76813.06,""size"":0.00583,""num_orders"":1}]"
btc_usd_d10_20260910T235516Z,29,2026-09-11T00:24:16.029810Z,2026-09-11T00:24:16.029942Z,BTC-USD,10,ok,,135904740754,2026-09-11T00:24:15.283054228Z,0.20372088,0.7644471,-0.579162120193,76815.789999999994,76815.800000000003,76815.794999999998,0.010000000009,0.001301815598,"[{""price"":76815.79,""size"":0.10417514,""num_orders"":3},{""price"":76811.52,""size"":1.5e-05,""num_orders"":1},{""price"":76811.48,""size"":0.01399849,""num_orders"":1},{""price"":76810.32,""size"":0.01399849,""num_orders"":1},{""price"":76810.23,""size"":0.01061683,""num_orders"":1},{""price"":76809.99,""size"":0.005,""num_orders"":1},{""price"":76809.03,""size"":0.026,""num_orders"":1},{""price"":76808.99,""size"":0.004,""num_orders"":1},{""price"":76808.16,""size"":0.02501392,""num_orders"":1},{""price"":76808.13,""size"":0.00090301,""num_orders"":1}]","[{""price"":76815.8,""size"":0.0177,""num_orders"":1},{""price"":76816.58,""size"":0.07680322,""num_orders"":1},{""price"":76816.59,""size"":0.12448283,""num_orders"":3},{""price"":76818.5,""size"":0.00416578,""num_orders"":1},{""price"":76819.49,""size"":0.24721683,""num_orders"":1},{""price"":76819.5,""size"":0.15365223,""num_orders"":1},{""price"":76819.52,""size"":0.13022316,""num_orders"":1},{""price"":76821.03,""size"":0.00390464,""num_orders"":1},{""price"":76821.1,""size"":0.00520723,""num_orders"":1},{""price"":76821.63,""size"":0.00109118,""num_orders"":1}]"
btc_usd_d10_20260910T235516Z,30,2026-09-11T00:25:16.029810Z,2026-09-11T00:25:16.029944Z,BTC-USD,10,ok,,135904772354,2026-09-11T00:25:13.142592452Z,0.39957199,0.88297333,-0.376907803929,76802.679999999993,76802.690000000002,76802.684999999998,0.010000000009,0.001302037814,"[{""price"":76802.68,""size"":0.0055288,""num_orders"":4},{""price"":76801.9,""size"":0.10416407,""num_orders"":1},{""price"":76801.88,""size"":1.5e-05,""num_orders"":1},{""price"":76800.0,""size"":0.06108453,""num_orders"":1},{""price"":76799.43,""size"":0.03299798,""num_orders"":1},{""price"":76799.04,""size"":0.00650943,""num_orders"":1},{""price"":76797.23,""size"":0.03299798,""num_orders"":1},{""price"":76795.74,""size"":0.00605104,""num_orders"":1},{""price"":76795.73,""size"":0.02,""num_orders"":1},{""price"":76795.71,""size"":0.13022316,""num_orders"":1}]","[{""price"":76802.69,""size"":0.00288788,""num_orders"":1},{""price"":76802.96,""size"":0.00084632,""num_orders"":1},{""price"":76803.26,""size"":0.13022316,""num_orders"":1},{""price"":76804.61,""size"":0.00416652,""num_orders"":1},{""price"":76804.62,""size"":0.16664701,""num_orders"":1},{""price"":76805.55,""size"":0.00390604,""num_orders"":1},{""price"":76805.63,""size"":0.13022316,""num_orders"":1},{""price"":76807.04,""size"":0.10415712,""num_orders"":1},{""price"":76807.21,""size"":0.00520815,""num_orders"":1},{""price"":76807.93,""size"":0.33470797,""num_orders"":1}]"
btc_usd_d10_20260910T235516Z,31,2026-09-11T00:26:16.029810Z,2026-09-11T00:26:16.029945Z,BTC-USD,10,ok,,135904803284,2026-09-11T00:26:15.646744277Z,0.38218858,0.66412556,-0.269457297022,76808.990000000005,76809,76808.994999999995,0.009999999995,0.001301930847,"[{""price"":76808.99,""size"":0.17857469,""num_orders"":7},{""price"":76808.67,""size"":0.1041549,""num_orders"":1},{""price"":76807.52,""size"":0.0001792,""num_orders"":2},{""price"":76806.78,""size"":0.026,""num_orders"":1},{""price"":76805.29,""size"":0.00260465,""num_orders"":1},{""price"":76805.28,""size"":0.00651163,""num_orders"":1},{""price"":76804.27,""size"":0.01900516,""num_orders"":1},{""price"":76803.11,""size"":0.01900516,""num_orders"":1},{""price"":76801.4,""size"":0.00605104,""num_orders"":1},{""price"":76801.39,""size"":0.02010215,""num_orders"":2}]","[{""price"":76809.0,""size"":0.00017798,""num_orders"":1},{""price"":76809.87,""size"":0.01653862,""num_orders"":1},{""price"":76811.52,""size"":1.5e-05,""num_orders"":1},{""price"":76814.1,""size"":0.00390587,""num_orders"":1},{""price"":76814.49,""size"":0.02,""num_orders"":1},{""price"":76814.5,""size"":0.13022316,""num_orders"":1},{""price"":76814.54,""size"":0.21643495,""num_orders"":1},{""price"":76815.0,""size"":0.01,""num_orders"":1},{""price"":76815.37,""size"":0.16268544,""num_orders"":2},{""price"":76816.32,""size"":0.10414454,""num_orders"":1}]"
btc_usd_d10_20260910T235516Z,32,2026-09-11T00:27:16.029810Z,2026-09-11T00:27:16.029949Z,BTC-USD,10,ok,,135904833467,2026-09-11T00:27:13.653284626Z,0.31398123,1.24068549,-0.59607904902,76821.160000000003,76821.169999999998,76821.165000000008,0.009999999995,0.001301724596,"[{""price"":76821.16,""size"":0.0109054,""num_orders"":2},{""price"":76819.73,""size"":0.00091472,""num_orders"":1},{""price"":76817.82,""size"":0.00650935,""num_orders"":1},{""price"":76816.29,""size"":0.10414456,""num_orders"":1},{""price"":76814.79,""size"":0.010648,""num_orders"":1},{""price"":76814.75,""size"":0.002,""num_orders"":1},{""price"":76814.74,""size"":0.02134979,""num_orders"":1},{""price"":76813.85,""size"":0.13022316,""num_orders"":1},{""price"":76812.35,""size"":0.00128625,""num_orders"":1},{""price"":76811.78,""size"":0.026,""num_orders"":1}]","[{""price"":76821.17,""size"":0.22100937,""num_orders"":3},{""price"":76821.61,""size"":0.13022316,""num_orders"":1},{""price"":76821.62,""size"":0.38118137,""num_orders"":1},{""price"":76821.63,""size"":0.10413733,""num_orders"":1},{""price"":76822.15,""size"":0.00390549,""num_orders"":1},{""price"":76823.3,""size"":4.295e-05,""num_orders"":1},{""price"":76824.28,""size"":0.23692284,""num_orders"":1},{""price"":76824.3,""size"":0.00518343,""num_orders"":1},{""price"":76825.0,""size"":0.01,""num_orders"":1},{""price"":76825.18,""size"":0.14807955,""num_orders"":1}]"
btc_usd_d10_20260910T235516Z,33,2026-09-11T00:28:16.029810Z,2026-09-11T00:28:16.029930Z,BTC-USD,10,ok,,135904872497,2026-09-11T00:28:13.118478828Z,0.59734177,0.74168934,-0.107800012204,76825.509999999995,76826.479999999996,76825.994999999995,0.970000000001,0.126259347504,"[{""price"":76825.51,""size"":0.13693207,""num_orders"":2},{""price"":76825.26,""size"":0.00310965,""num_orders"":1},{""price"":76822.3,""size"":0.026,""num_orders"":1},{""price"":76821.06,""size"":2.274e-05,""num_orders"":1},{""price"":76819.5,""size"":0.010648,""num_orders"":1},{""price"":76817.83,""size"":0.13022316,""num_orders"":1},{""price"":76815.02,""size"":0.02,""num_orders"":1},{""price"":76815.01,""size"":0.13022316,""num_orders"":1},{""price"":76815.0,""size"":0.01,""num_orders"":1},{""price"":76814.94,""size"":0.13018299,""num_orders"":1}]","[{""price"":76826.48,""size"":2.214e-05,""num_orders"":1},{""price"":76827.51,""size"":0.0468,""num_orders"":1},{""price"":76828.51,""size"":0.13022316,""num_orders"":1},{""price"":76828.83,""size"":0.18785151,""num_orders"":1},{""price"":76828.85,""size"":0.00552513,""num_orders"":1},{""price"":76829.98,""size"":0.00390605,""num_orders"":1},{""price"":76830.8,""size"":1.5e-05,""num_orders"":1},{""price"":76831.03,""size"":0.13300062,""num_orders"":2},{""price"":76831.5,""size"":0.13022316,""num_orders"":1},{""price"":76832.53,""size"":0.10412257,""num_orders"":1}]"
btc_usd_d10_20260910T235516Z,34,2026-09-11T00:29:16.029810Z,2026-09-11T00:29:16.029953Z,BTC-USD,10,ok,,135904919460,2026-09-11T00:29:13.775672150Z,0.94773688,0.79180369,0.089640444546,76803.080000000002,76803.089999999997,76803.084999999992,0.009999999995,0.001302031031,"[{""price"":76803.08,""size"":0.35961613,""num_orders"":11},{""price"":76802.34,""size"":0.13022316,""num_orders"":1},{""price"":76802.33,""size"":0.03854584,""num_orders"":1},{""price"":76802.32,""size"":0.10416351,""num_orders"":1},{""price"":76799.85,""size"":0.02,""num_orders"":1},{""price"":76799.84,""size"":0.03854584,""num_orders"":1},{""price"":76799.83,""size"":0.13022316,""num_orders"":1},{""price"":76799.46,""size"":0.00260495,""num_orders"":1},{""price"":76795.4,""size"":0.00571429,""num_orders"":1},{""price"":76795.39,""size"":0.1181,""num_orders"":1}]","[{""price"":76803.09,""size"":0.00285472,""num_orders"":1},{""price"":76810.0,""size"":0.01,""num_orders"":1},{""price"":76811.52,""size"":1.5e-05,""num_orders"":1},{""price"":76815.0,""size"":0.01,""num_orders"":1},{""price"":76815.62,""size"":0.15535792,""num_orders"":1},{""price"":76816.58,""size"":0.13022316,""num_orders"":1},{""price"":76818.78,""size"":1.954e-05,""num_orders"":1},{""price"":76819.5,""size"":0.02,""num_orders"":1},{""price"":76819.51,""size"":0.13022316,""num_orders"":1},{""price"":76819.52,""size"":0.33311019,""num_orders"":1}]"
btc_usd_d10_20260910T235516Z,35,2026-09-11T00:30:16.029810Z,2026-09-11T00:30:16.029948Z,BTC-USD,10,ok,,135904945193,2026-09-11T00:30:14.620033797Z,0.42279925,0.82980418,-0.324927203816,76803.080000000002,76803.089999999997,76803.084999999992,0.009999999995,0.001302031031,"[{""price"":76803.08,""size"":0.00035059,""num_orders"":4},{""price"":76802.06,""size"":0.10416386,""num_orders"":1},{""price"":76800.0,""size"":0.00115595,""num_orders"":1},{""price"":76794.55,""size"":0.010648,""num_orders"":1},{""price"":76794.54,""size"":0.13022316,""num_orders"":1},{""price"":76794.53,""size"":0.026,""num_orders"":1},{""price"":76793.55,""size"":1.953e-05,""num_orders"":1},{""price"":76792.24,""size"":1.5e-05,""num_orders"":1},{""price"":76791.73,""size"":0.02,""num_orders"":1},{""price"":76791.72,""size"":0.13022316,""num_orders"":1}]","[{""price"":76803.09,""size"":0.13727733,""num_orders"":3},{""price"":76803.13,""size"":0.00084632,""num_orders"":1},{""price"":76805.02,""size"":0.00390609,""num_orders"":1},{""price"":76805.16,""size"":0.02,""num_orders"":1},{""price"":76805.17,""size"":0.08006241,""num_orders"":1},{""price"":76805.18,""size"":0.13022316,""num_orders"":1},{""price"":76807.87,""size"":0.02,""num_orders"":1},{""price"":76807.88,""size"":0.10415599,""num_orders"":1},{""price"":76808.46,""size"":0.02,""num_orders"":1},{""price"":76808.47,""size"":0.31333288,""num_orders"":1}]"
btc_usd_d10_20260910T235516Z,36,2026-09-11T00:31:16.029810Z,2026-09-11T00:31:16.029938Z,BTC-USD,10,ok,,135904980528,2026-09-11T00:31:14.783563289Z,0.15806795,3.41151682,-0.911436225676,76735.660000000003,76735.669999999998,76735.665000000008,0.009999999995,0.001303174996,"[{""price"":76735.66,""size"":0.00100072,""num_orders"":2},{""price"":76735.6,""size"":1.287e-05,""num_orders"":1},{""price"":76735.02,""size"":0.00102993,""num_orders"":3},{""price"":76734.4,""size"":1.5e-05,""num_orders"":1},{""price"":76728.69,""size"":0.00494227,""num_orders"":1},{""price"":76727.29,""size"":0.10426537,""num_orders"":1},{""price"":76725.0,""size"":0.01,""num_orders"":1},{""price"":76724.76,""size"":1.5e-05,""num_orders"":1},{""price"":76723.88,""size"":0.026,""num_orders"":1},{""price"":76721.35,""size"":0.01078679,""num_orders"":1}]","[{""price"":76735.67,""size"":0.57993513,""num_orders"":9},{""price"":76736.03,""size"":0.1042535,""num_orders"":1},{""price"":76737.14,""size"":0.89435111,""num_orders"":2},{""price"":76737.15,""size"":0.2402693,""num_orders"":1},{""price"":76737.16,""size"":0.15017224,""num_orders"":1},{""price"":76737.17,""size"":0.13022316,""num_orders"":1},{""price"":76737.38,""size"":0.05579829,""num_orders"":1},{""price"":76737.67,""size"":0.00172783,""num_orders"":1},{""price"":76738.5,""size"":1.0,""num_orders"":1},{""price"":76739.11,""size"":0.25478626,""num_orders"":1}]"
btc_usd_d10_20260910T235516Z,37,2026-09-11T00:32:16.029810Z,2026-09-11T00:32:16.029936Z,BTC-USD,10,ok,,135905030614,2026-09-11T00:32:15.572140278Z,0.91147992,1.22546267,-0.146930830744,76705.470000000001,76705.479999999996,76705.475000000006,0.009999999995,0.001303687904,"[{""price"":76705.47,""size"":0.0656,""num_orders"":2},{""price"":76705.37,""size"":0.19114,""num_orders"":1},{""price"":76703.19,""size"":0.00416448,""num_orders"":1},{""price"":76702.93,""size"":0.1181,""num_orders"":1},{""price"":76700.69,""size"":0.026,""num_orders"":1},{""price"":76695.86,""size"":0.18923066,""num_orders"":1},{""price"":76695.84,""size"":0.04526058,""num_orders"":2},{""price"":76695.55,""size"":0.01137261,""num_orders"":1},{""price"":76695.31,""size"":0.13022316,""num_orders"":1},{""price"":76693.91,""size"":0.13038843,""num_orders"":1}]","[{""price"":76705.48,""size"":1.5e-05,""num_orders"":1},{""price"":76708.62,""size"":0.00019554,""num_orders"":1},{""price"":76710.0,""size"":0.01,""num_orders"":1},{""price"":76710.78,""size"":0.18286613,""num_orders"":1},{""price"":76715.0,""size"":0.01,""num_orders"":1},{""price"":76715.12,""size"":1.5e-05,""num_orders"":1},{""price"":76717.8,""size"":0.03148544,""num_orders"":1},{""price"":76717.81,""size"":0.04937888,""num_orders"":1},{""price"":76719.06,""size"":0.00336055,""num_orders"":1},{""price"":76719.74,""size"":0.93814613,""num_orders"":1}]"
btc_usd_d10_20260910T235516Z,38,2026-09-11T00:33:16.029810Z,2026-09-11T00:33:16.029903Z,BTC-USD,10,ok,,135905070997,2026-09-11T00:33:15.093663694Z,0.55537483,2.2180054,-0.599496077752,76729.139999999999,76729.470000000001,76729.304999999993,0.330000000002,0.043008339513,"[{""price"":76729.14,""size"":7.49e-05,""num_orders"":2},{""price"":76724.88,""size"":0.026,""num_orders"":1},{""price"":76724.14,""size"":0.00487421,""num_orders"":1},{""price"":76723.86,""size"":1.386e-05,""num_orders"":1},{""price"":76722.64,""size"":0.13022316,""num_orders"":1},{""price"":76722.63,""size"":0.1042717,""num_orders"":1},{""price"":76720.0,""size"":0.01,""num_orders"":1},{""price"":76719.86,""size"":0.0016104,""num_orders"":1},{""price"":76718.42,""size"":0.13022316,""num_orders"":1},{""price"":76716.12,""size"":0.14808344,""num_orders"":1}]","[{""price"":76729.47,""size"":0.10406882,""num_orders"":1},{""price"":76729.49,""size"":0.00011574,""num_orders"":1},{""price"":76729.5,""size"":0.63921125,""num_orders"":2},{""price"":76730.67,""size"":0.00079146,""num_orders"":1},{""price"":76732.08,""size"":0.13022316,""num_orders"":1},{""price"":76734.34,""size"":0.23683029,""num_orders"":1},{""price"":76734.35,""size"":0.06616691,""num_orders"":2},{""price"":76734.4,""size"":0.00271399,""num_orders"":2},{""price"":76734.57,""size"":0.31158819,""num_orders"":2},{""price"":76736.82,""size"":0.72629559,""num_orders"":2}]"
btc_usd_d10_20260910T235516Z,39,2026-09-11T00:34:16.029810Z,2026-09-11T00:34:16.029981Z,BTC-USD,10,ok,,135905109332,2026-09-11T00:34:15.277798980Z,0.75563464,0.49809999,0.205414003759,76682.740000000005,76682.75,76682.744999999995,0.009999999995,0.001304074338,"[{""price"":76682.74,""size"":0.35539611,""num_orders"":10},{""price"":76682.69,""size"":0.08736841,""num_orders"":3},{""price"":76680.44,""size"":0.13022316,""num_orders"":1},{""price"":76679.53,""size"":0.00260811,""num_orders"":1},{""price"":76678.14,""size"":0.02,""num_orders"":1},{""price"":76678.13,""size"":0.13022316,""num_orders"":1},{""price"":76676.57,""size"":0.02,""num_orders"":1},{""price"":76676.56,""size"":1.5e-05,""num_orders"":1},{""price"":76675.12,""size"":0.00588852,""num_orders"":1},{""price"":76675.11,""size"":0.00391217,""num_orders"":1}]","[{""price"":76682.75,""size"":0.01210326,""num_orders"":3},{""price"":76685.94,""size"":0.00260811,""num_orders"":1},{""price"":76686.21,""size"":0.00345562,""num_orders"":1},{""price"":76688.55,""size"":0.0652028,""num_orders"":1},{""price"":76689.57,""size"":0.10431667,""num_orders"":1},{""price"":76690.19,""size"":0.17206527,""num_orders"":1},{""price"":76690.2,""size"":0.13022316,""num_orders"":1},{""price"":76690.28,""size"":0.00336529,""num_orders"":1},{""price"":76690.43,""size"":0.00391217,""num_orders"":1},{""price"":76690.59,""size"":0.00084764,""num_orders"":1}]"
btc_usd_d10_20260910T235516Z,40,2026-09-11T00:35:16.029810Z,2026-09-11T00:35:16.029984Z,BTC-USD,10,ok,,135905154699,2026-09-11T00:35:13.719381784Z,0.85091716,0.77370276,0.047527670349,76734.399999999994,76734.410000000003,76734.404999999999,0.010000000009,0.001303196397,"[{""price"":76734.4,""size"":0.04357464,""num_orders"":1},{""price"":76734.35,""size"":0.02883157,""num_orders"":1},{""price"":76733.63,""size"":0.026,""num_orders"":1},{""price"":76730.17,""size"":0.10426145,""num_orders"":1},{""price"":76729.24,""size"":0.13022316,""num_orders"":1},{""price"":76726.66,""size"":0.02,""num_orders"":1},{""price"":76726.65,""size"":0.13022316,""num_orders"":1},{""price"":76725.02,""size"":0.02,""num_orders"":1},{""price"":76725.01,""size"":0.33780318,""num_orders"":1},{""price"":76725.0,""size"":0.01,""num_orders"":1}]","[{""price"":76734.41,""size"":0.07247089,""num_orders"":4},{""price"":76735.75,""size"":0.00084707,""num_orders"":1},{""price"":76736.1,""size"":0.09368445,""num_orders"":2},{""price"":76736.11,""size"":0.10425339,""num_orders"":1},{""price"":76737.3,""size"":0.0651535,""num_orders"":1},{""price"":76738.57,""size"":0.17635903,""num_orders"":2},{""price"":76738.58,""size"":0.12405223,""num_orders"":1},{""price"":76740.21,""size"":0.00031847,""num_orders"":1},{""price"":76740.54,""size"":0.13022316,""num_orders"":1},{""price"":76743.08,""size"":0.00634057,""num_orders"":1}]"
btc_usd_d10_20260910T235516Z,41,2026-09-11T00:36:16.029810Z,2026-09-11T00:36:16.029964Z,BTC-USD,10,ok,,135905195887,2026-09-11T00:36:14.123095529Z,0.48620511,1.27317991,-0.44730106887,76800.380000000005,76800.389999999999,76800.385000000009,0.009999999995,0.001302076805,"[{""price"":76800.38,""size"":0.00424327,""num_orders"":1},{""price"":76797.39,""size"":0.00230635,""num_orders"":1},{""price"":76796.76,""size"":0.00708411,""num_orders"":2},{""price"":76795.73,""size"":0.00011953,""num_orders"":2},{""price"":76793.85,""size"":0.026,""num_orders"":1},{""price"":76790.92,""size"":0.10417897,""num_orders"":1},{""price"":76790.0,""size"":0.01,""num_orders"":1},{""price"":76788.25,""size"":0.02,""num_orders"":1},{""price"":76788.24,""size"":0.18204972,""num_orders"":2},{""price"":76788.23,""size"":0.13022316,""num_orders"":1}]","[{""price"":76800.39,""size"":0.30711582,""num_orders"":8},{""price"":76801.15,""size"":0.14168792,""num_orders"":2},{""price"":76801.16,""size"":0.10416509,""num_orders"":1},{""price"":76801.26,""size"":0.01863112,""num_orders"":1},{""price"":76801.88,""size"":1.5e-05,""num_orders"":1},{""price"":76803.21,""size"":0.13022316,""num_orders"":1},{""price"":76804.17,""size"":0.31533308,""num_orders"":1},{""price"":76804.18,""size"":0.23966815,""num_orders"":1},{""price"":76805.0,""size"":0.01,""num_orders"":1},{""price"":76805.59,""size"":0.00634057,""num_orders"":1}]"
btc_usd_d10_20260910T235516Z,42,2026-09-11T00:37:16.029810Z,2026-09-11T00:37:16.029978Z,BTC-USD,10,ok,,135905230105,2026-09-11T00:37:14.289915004Z,1.11466083,0.35064878,0.521399740223,76801.089999999997,76801.100000000006,76801.095000000001,0.010000000009,0.00130206477,"[{""price"":76801.09,""size"":0.34846535,""num_orders"":8},{""price"":76800.38,""size"":0.17457174,""num_orders"":1},{""price"":76800.37,""size"":0.13022316,""num_orders"":1},{""price"":76799.22,""size"":0.026,""num_orders"":1},{""price"":76798.71,""size"":0.00390629,""num_orders"":1},{""price"":76797.55,""size"":0.00200762,""num_orders"":1},{""price"":76797.21,""size"":0.1302798,""num_orders"":2},{""price"":76794.76,""size"":0.10898371,""num_orders"":2},{""price"":76794.75,""size"":0.06,""num_orders"":2},{""price"":76794.29,""size"":0.13022316,""num_orders"":1}]","[{""price"":76801.1,""size"":0.00066435,""num_orders"":1},{""price"":76803.39,""size"":0.02512484,""num_orders"":2},{""price"":76803.42,""size"":2.479e-05,""num_orders"":1},{""price"":76803.44,""size"":0.00259186,""num_orders"":1},{""price"":76804.47,""size"":0.00172781,""num_orders"":1},{""price"":76805.0,""size"":0.01,""num_orders"":1},{""price"":76808.38,""size"":0.19634612,""num_orders"":1},{""price"":76809.34,""size"":0.10415401,""num_orders"":1},{""price"":76810.0,""size"":0.01,""num_orders"":1},{""price"":76811.52,""size"":1.5e-05,""num_orders"":1}]"
btc_usd_d10_20260910T235516Z,43,2026-09-11T00:38:16.029810Z,2026-09-11T00:38:16.029940Z,BTC-USD,10,ok,,135905266932,2026-09-11T00:38:14.149356963Z,0.47679039,1.15644624,-0.416140464594,76750.029999999999,76750.039999999994,76750.035000000003,0.009999999995,0.001302931001,"[{""price"":76750.03,""size"":0.0230169,""num_orders"":2},{""price"":76749.98,""size"":0.03756842,""num_orders"":1},{""price"":76748.29,""size"":0.00341612,""num_orders"":1},{""price"":76747.07,""size"":0.02400058,""num_orders"":1},{""price"":76746.43,""size"":0.13022316,""num_orders"":1},{""price"":76745.48,""size"":8.461e-05,""num_orders"":2},{""price"":76744.86,""size"":0.02400058,""num_orders"":1},{""price"":76744.59,""size"":0.10424186,""num_orders"":1},{""price"":76744.04,""size"":1.5e-05,""num_orders"":1},{""price"":76744.03,""size"":0.13022316,""num_orders"":1}]","[{""price"":76750.04,""size"":0.04750761,""num_orders"":2},{""price"":76750.81,""size"":0.14152613,""num_orders"":1},{""price"":76750.82,""size"":0.10423341,""num_orders"":1},{""price"":76753.26,""size"":0.00260563,""num_orders"":1},{""price"":76753.37,""size"":0.13022316,""num_orders"":1},{""price"":76755.17,""size"":0.00390612,""num_orders"":1},{""price"":76756.94,""size"":0.07774323,""num_orders"":1},{""price"":76756.95,""size"":0.13022316,""num_orders"":1},{""price"":76758.6,""size"":0.27672609,""num_orders"":1},{""price"":76758.61,""size"":0.2417517,""num_orders"":2}]"
btc_usd_d10_20260910T235516Z,44,2026-09-11T00:39:16.029810Z,2026-09-11T00:39:16.029940Z,BTC-USD,10,ok,,135905305363,2026-09-11T00:39:14.640451228Z,0.76699608,0.78994413,-0.014739197981,76780.889999999999,76780.899999999994,76780.89499999999,0.009999999995,0.001302407323,"[{""price"":76780.89,""size"":0.0656206,""num_orders"":3},{""price"":76780.49,""size"":0.00010238,""num_orders"":2},{""price"":76778.58,""size"":0.026,""num_orders"":1},{""price"":76777.8,""size"":0.00430949,""num_orders"":1},{""price"":76777.12,""size"":0.1041977,""num_orders"":1},{""price"":76774.53,""size"":0.07774323,""num_orders"":1},{""price"":76774.52,""size"":0.13022316,""num_orders"":1},{""price"":76772.96,""size"":1.5e-05,""num_orders"":1},{""price"":76772.89,""size"":0.06,""num_orders"":2},{""price"":76771.92,""size"":0.29878452,""num_orders"":1}]","[{""price"":76780.9,""size"":0.0468,""num_orders"":1},{""price"":76782.9,""size"":0.06306692,""num_orders"":1},{""price"":76782.91,""size"":0.10418986,""num_orders"":1},{""price"":76783.83,""size"":0.00144987,""num_orders"":1},{""price"":76785.17,""size"":0.0720588,""num_orders"":1},{""price"":76785.21,""size"":0.1207015,""num_orders"":1},{""price"":76786.33,""size"":0.00390877,""num_orders"":1},{""price"":76789.18,""size"":0.02,""num_orders"":1},{""price"":76789.19,""size"":0.22754525,""num_orders"":1},{""price"":76789.2,""size"":0.13022316,""num_orders"":1}]"
btc_usd_d10_20260910T235516Z,45,2026-09-11T00:40:16.029810Z,2026-09-11T00:40:16.029940Z,BTC-USD,10,ok,,135905338772,2026-09-11T00:40:14.609698959Z,0.59075134,0.68899439,-0.076767632583,76753.679999999993,76753.690000000002,76753.684999999998,0.010000000009,0.001302869043,"[{""price"":76753.68,""size"":0.00059141,""num_orders"":4},{""price"":76751.71,""size"":0.10423219,""num_orders"":1},{""price"":76751.25,""size"":0.026,""num_orders"":1},{""price"":76750.02,""size"":0.13022316,""num_orders"":1},{""price"":76750.0,""size"":0.04548859,""num_orders"":1},{""price"":76746.91,""size"":0.13022316,""num_orders"":1},{""price"":76745.57,""size"":0.00390773,""num_orders"":1},{""price"":76745.0,""size"":0.01,""num_orders"":1},{""price"":76744.99,""size"":0.06,""num_orders"":2},{""price"":76744.39,""size"":0.0800851,""num_orders"":1}]","[{""price"":76753.69,""size"":0.04012987,""num_orders"":3},{""price"":76753.7,""size"":0.11713094,""num_orders"":1},{""price"":76753.74,""size"":0.00260562,""num_orders"":1},{""price"":76754.73,""size"":0.00290345,""num_orders"":1},{""price"":76755.51,""size"":0.12567899,""num_orders"":2},{""price"":76755.52,""size"":0.00039869,""num_orders"":1},{""price"":76757.56,""size"":0.10422427,""num_orders"":1},{""price"":76757.71,""size"":0.1181,""num_orders"":1},{""price"":76758.7,""size"":0.15419898,""num_orders"":1},{""price"":76758.71,""size"":0.02362358,""num_orders"":4}]"
btc_usd_d10_20260910T235516Z,46,2026-09-11T00:41:16.029810Z,2026-09-11T00:41:16.029957Z,BTC-USD,10,ok,,135905378864,2026-09-11T00:41:15.655517124Z,1.1554979,0.47738491,0.415285766895,76716.649999999994,76716.660000000003,76716.654999999999,0.010000000009,0.001303497918,"[{""price"":76716.65,""size"":0.18238243,""num_orders"":5},{""price"":76716.48,""size"":0.13022316,""num_orders"":1},{""price"":76713.7,""size"":0.026,""num_orders"":1},{""price"":76713.52,""size"":0.13022316,""num_orders"":1},{""price"":76711.56,""size"":0.02,""num_orders"":1},{""price"":76711.55,""size"":0.07774323,""num_orders"":1},{""price"":76711.38,""size"":0.06,""num_orders"":2},{""price"":76711.08,""size"":0.00390855,""num_orders"":1},{""price"":76710.48,""size"":0.13022316,""num_orders"":1},{""price"":76706.37,""size"":0.39479421,""num_orders"":1}]","[{""price"":76716.66,""size"":0.00668103,""num_orders"":2},{""price"":76719.71,""size"":0.00284681,""num_orders"":1},{""price"":76719.72,""size"":0.01982951,""num_orders"":1},{""price"":76722.31,""size"":0.05034398,""num_orders"":1},{""price"":76724.9,""size"":0.14740516,""num_orders"":2},{""price"":76725.0,""size"":0.01,""num_orders"":1},{""price"":76725.42,""size"":0.00188062,""num_orders"":1},{""price"":76725.6,""size"":0.13022316,""num_orders"":1},{""price"":76726.41,""size"":0.00390855,""num_orders"":1},{""price"":76726.77,""size"":0.10426609,""num_orders"":1}]"
btc_usd_d10_20260910T235516Z,47,2026-09-11T00:42:16.029810Z,2026-09-11T00:42:16.029945Z,BTC-USD,10,ok,,135905414973,2026-09-11T00:42:13.789453132Z,0.44184655,1.14504191,-0.44312840992,76711.339999999997,76711.960000000006,76711.649999999994,0.62000000001,0.080822143704,"[{""price"":76711.34,""size"":0.04722307,""num_orders"":3},{""price"":76710.83,""size"":0.10428774,""num_orders"":1},{""price"":76710.4,""size"":0.00084732,""num_orders"":1},{""price"":76708.55,""size"":0.00289074,""num_orders"":1},{""price"":76707.59,""size"":5.59e-06,""num_orders"":1},{""price"":76706.17,""size"":0.02,""num_orders"":1},{""price"":76706.16,""size"":0.10713555,""num_orders"":1},{""price"":76706.15,""size"":0.13022316,""num_orders"":1},{""price"":76704.76,""size"":0.00323338,""num_orders"":1},{""price"":76704.21,""size"":0.026,""num_orders"":1}]","[{""price"":76711.96,""size"":0.41248856,""num_orders"":1},{""price"":76712.71,""size"":0.01899623,""num_orders"":1},{""price"":76713.53,""size"":0.0026072,""num_orders"":1},{""price"":76715.0,""size"":0.01,""num_orders"":1},{""price"":76715.89,""size"":0.17673417,""num_orders"":1},{""price"":76716.18,""size"":0.10428048,""num_orders"":1},{""price"":76717.43,""size"":0.01038808,""num_orders"":2},{""price"":76718.12,""size"":0.13022316,""num_orders"":1},{""price"":76718.69,""size"":0.05114504,""num_orders"":1},{""price"":76719.58,""size"":0.22817899,""num_orders"":1}]"
btc_usd_d10_20260910T235516Z,48,2026-09-11T00:43:16.029810Z,2026-09-11T00:43:16.029940Z,BTC-USD,10,ok,,135905456578,2026-09-11T00:43:14.280439379Z,1.20750513,0.76001508,0.227438604049,76716.339999999997,76716.350000000006,76716.345000000001,0.010000000009,0.001303503186,"[{""price"":76716.34,""size"":0.29823604,""num_orders"":5},{""price"":76715.47,""size"":0.07929965,""num_orders"":1},{""price"":76713.05,""size"":0.13022316,""num_orders"":1},{""price"":76712.15,""size"":0.00260708,""num_orders"":1},{""price"":76710.75,""size"":0.15548645,""num_orders"":1},{""price"":76710.74,""size"":0.13022316,""num_orders"":1},{""price"":76708.06,""size"":0.0039095,""num_orders"":1},{""price"":76707.94,""size"":0.13022316,""num_orders"":1},{""price"":76707.78,""size"":2.825e-05,""num_orders"":2},{""price"":76707.56,""size"":0.27726868,""num_orders"":2}]","[{""price"":76716.35,""size"":0.01709003,""num_orders"":2},{""price"":76720.28,""size"":0.19679152,""num_orders"":1},{""price"":76722.09,""size"":0.10427245,""num_orders"":1},{""price"":76722.76,""size"":0.00188296,""num_orders"":1},{""price"":76723.38,""size"":0.01561451,""num_orders"":1},{""price"":76723.39,""size"":0.0039095,""num_orders"":1},{""price"":76724.0,""size"":6.683e-05,""num_orders"":1},{""price"":76724.03,""size"":0.13022316,""num_orders"":1},{""price"":76724.04,""size"":0.28016412,""num_orders"":1},{""price"":76725.0,""size"":0.01,""num_orders"":1}]"
btc_usd_d10_20260910T235516Z,49,2026-09-11T00:44:16.029810Z,2026-09-11T00:44:16.029944Z,BTC-USD,10,ok,,135905492829,2026-09-11T00:44:15.153840764Z,0.69120789,0.70588259,-0.010503757781,76751.350000000006,76751.360000000001,76751.35500000001,0.009999999995,0.001302908593,"[{""price"":76751.35,""size"":0.01798901,""num_orders"":1},{""price"":76748.8,""size"":0.00651588,""num_orders"":1},{""price"":76747.56,""size"":0.026,""num_orders"":1},{""price"":76746.91,""size"":3.222e-05,""num_orders"":1},{""price"":76743.67,""size"":0.1181,""num_orders"":1},{""price"":76743.62,""size"":0.10424318,""num_orders"":1},{""price"":76742.01,""size"":0.14788128,""num_orders"":2},{""price"":76741.5,""size"":0.13022316,""num_orders"":1},{""price"":76740.0,""size"":0.01,""num_orders"":1},{""price"":76739.04,""size"":0.13022316,""num_orders"":1}]","[{""price"":76751.36,""size"":0.09551401,""num_orders"":3},{""price"":76751.58,""size"":0.00157634,""num_orders"":1},{""price"":76751.66,""size"":0.02222916,""num_orders"":2},{""price"":76751.89,""size"":0.14203268,""num_orders"":1},{""price"":76751.9,""size"":0.13022316,""num_orders"":1},{""price"":76751.92,""size"":0.10423192,""num_orders"":1},{""price"":76753.31,""size"":0.0034556,""num_orders"":1},{""price"":76753.83,""size"":0.00390979,""num_orders"":1},{""price"":76753.98,""size"":0.19270993,""num_orders"":1},{""price"":76755.0,""size"":0.01,""num_orders"":1}]"
btc_usd_d10_20260910T235516Z,50,2026-09-11T00:45:16.029810Z,2026-09-11T00:45:16.029927Z,BTC-USD,10,ok,,135905523661,2026-09-11T00:45:14.622441590Z,0.80891961,1.008919,-0.110020432452,76741.119999999995,76741.130000000005,76741.125,0.010000000009,0.001303082279,"[{""price"":76741.12,""size"":0.00430708,""num_orders"":1},{""price"":76739.31,""size"":0.10430207,""num_orders"":2},{""price"":76738.17,""size"":0.00146554,""num_orders"":1},{""price"":76738.07,""size"":0.00260648,""num_orders"":1},{""price"":76737.51,""size"":0.026,""num_orders"":1},{""price"":76737.49,""size"":0.13022316,""num_orders"":1},{""price"":76737.47,""size"":0.1181,""num_orders"":1},{""price"":76734.42,""size"":0.16146896,""num_orders"":1},{""price"":76734.41,""size"":0.13022316,""num_orders"":1},{""price"":76731.85,""size"":0.13022316,""num_orders"":1}]","[{""price"":76741.13,""size"":0.1031,""num_orders"":3},{""price"":76742.34,""size"":0.00345561,""num_orders"":1},{""price"":76743.3,""size"":0.32466732,""num_orders"":1},{""price"":76743.31,""size"":0.14877002,""num_orders"":1},{""price"":76743.33,""size"":0.13022316,""num_orders"":1},{""price"":76744.65,""size"":0.10424179,""num_orders"":1},{""price"":76745.0,""size"":0.02691759,""num_orders"":1},{""price"":76745.73,""size"":0.00345563,""num_orders"":1},{""price"":76746.23,""size"":0.13022316,""num_orders"":1},{""price"":76746.24,""size"":0.03386472,""num_orders"":1}]"
btc_usd_d10_20260910T235516Z,51,2026-09-11T00:46:16.029810Z,2026-09-11T00:46:16.029941Z,BTC-USD,10,ok,,135905554790,2026-09-11T00:46:15.774979538Z,0.70267545,0.79886934,-0.064063283787,76759.990000000005,76760,76759.994999999995,0.009999999995,0.001302761939,"[{""price"":76759.99,""size"":0.13098227,""num_orders"":4},{""price"":76759.95,""size"":0.01785549,""num_orders"":1},{""price"":76759.94,""size"":0.026,""num_orders"":1},{""price"":76758.59,""size"":0.0039087,""num_orders"":1},{""price"":76755.68,""size"":0.02008337,""num_orders"":2},{""price"":76755.67,""size"":0.07774323,""num_orders"":1},{""price"":76755.66,""size"":0.13022316,""num_orders"":1},{""price"":76753.18,""size"":0.16436098,""num_orders"":1},{""price"":76753.17,""size"":0.13022316,""num_orders"":1},{""price"":76750.95,""size"":0.00129509,""num_orders"":1}]","[{""price"":76760.0,""size"":0.00870278,""num_orders"":3},{""price"":76763.32,""size"":1.5e-05,""num_orders"":1},{""price"":76763.92,""size"":0.01385521,""num_orders"":1},{""price"":76765.0,""size"":0.01,""num_orders"":1},{""price"":76767.54,""size"":0.13022316,""num_orders"":1},{""price"":76767.55,""size"":0.1042107,""num_orders"":1},{""price"":76769.58,""size"":0.38663937,""num_orders"":1},{""price"":76770.0,""size"":0.01,""num_orders"":1},{""price"":76770.95,""size"":0.00499996,""num_orders"":1},{""price"":76771.26,""size"":0.13022316,""num_orders"":1}]"
btc_usd_d10_20260910T235516Z,52,2026-09-11T00:47:16.029810Z,2026-09-11T00:47:16.029974Z,BTC-USD,10,ok,,135905588357,2026-09-11T00:47:15.643722447Z,0.65108502,0.94649665,-0.184911754777,76734.399999999994,76734.410000000003,76734.404999999999,0.010000000009,0.001303196397,"[{""price"":76734.4,""size"":0.00015557,""num_orders"":5},{""price"":76734.39,""size"":0.00646747,""num_orders"":1},{""price"":76732.53,""size"":0.026,""num_orders"":1},{""price"":76732.12,""size"":0.10425881,""num_orders"":1},{""price"":76728.5,""size"":0.0039089,""num_orders"":1},{""price"":76726.96,""size"":0.02,""num_orders"":1},{""price"":76726.95,""size"":0.23197111,""num_orders"":1},{""price"":76726.94,""size"":0.13022316,""num_orders"":1},{""price"":76725.13,""size"":0.1181,""num_orders"":1},{""price"":76725.0,""size"":0.01,""num_orders"":1}]","[{""price"":76734.41,""size"":0.06891161,""num_orders"":3},{""price"":76736.33,""size"":0.00417022,""num_orders"":1},{""price"":76737.53,""size"":0.14280347,""num_orders"":1},{""price"":76737.54,""size"":0.13022316,""num_orders"":1},{""price"":76737.56,""size"":0.10425143,""num_orders"":1},{""price"":76737.68,""size"":0.00472721,""num_orders"":1},{""price"":76738.92,""size"":0.00521278,""num_orders"":1},{""price"":76738.95,""size"":0.07929904,""num_orders"":1},{""price"":76740.53,""size"":0.13022316,""num_orders"":1},{""price"":76742.7,""size"":0.27667457,""num_orders"":2}]"
btc_usd_d10_20260910T235516Z,53,2026-09-11T00:48:16.029810Z,2026-09-11T00:48:16.029955Z,BTC-USD,10,ok,,135905624761,2026-09-11T00:48:13.616151151Z,0.5678939,0.55430277,0.012111183684,76740.449999999997,76740.470000000001,76740.459999999992,0.020000000004,0.002606187141,"[{""price"":76740.45,""size"":1.194e-05,""num_orders"":1},{""price"":76740.35,""size"":0.000847,""num_orders"":1},{""price"":76739.59,""size"":0.026,""num_orders"":1},{""price"":76738.37,""size"":0.00260632,""num_orders"":1},{""price"":76738.19,""size"":0.10425056,""num_orders"":1},{""price"":76734.39,""size"":6.144e-05,""num_orders"":1},{""price"":76733.65,""size"":0.16976057,""num_orders"":1},{""price"":76733.64,""size"":0.13022316,""num_orders"":1},{""price"":76732.08,""size"":0.00390975,""num_orders"":1},{""price"":76731.24,""size"":0.13022316,""num_orders"":1}]","[{""price"":76740.47,""size"":0.0375,""num_orders"":1},{""price"":76741.48,""size"":0.0034556,""num_orders"":1},{""price"":76742.35,""size"":0.08802878,""num_orders"":1},{""price"":76742.36,""size"":0.14745189,""num_orders"":1},{""price"":76744.02,""size"":0.10037275,""num_orders"":2},{""price"":76744.04,""size"":1.5e-05,""num_orders"":1},{""price"":76744.33,""size"":0.05893533,""num_orders"":1},{""price"":76745.0,""size"":0.01,""num_orders"":1},{""price"":76745.09,""size"":0.1042412,""num_orders"":1},{""price"":76745.48,""size"":0.00430222,""num_orders"":1}]"
btc_usd_d10_20260910T235516Z,54,2026-09-11T00:49:16.029810Z,2026-09-11T00:49:16.029944Z,BTC-USD,10,ok,,135905653761,2026-09-11T00:49:14.290725934Z,2.73877896,1.06084071,0.441606896408,76763.309999999998,76763.320000000007,76763.315000000002,0.010000000009,0.001302705597,"[{""price"":76763.31,""size"":2.03404917,""num_orders"":5},{""price"":76762.48,""size"":0.026,""num_orders"":1},{""price"":76760.23,""size"":0.10422063,""num_orders"":1},{""price"":76758.77,""size"":0.00651459,""num_orders"":1},{""price"":76758.36,""size"":0.00260584,""num_orders"":1},{""price"":76757.51,""size"":0.00014937,""num_orders"":2},{""price"":76756.32,""size"":0.00390847,""num_orders"":1},{""price"":76755.61,""size"":0.07774323,""num_orders"":1},{""price"":76755.6,""size"":0.13022316,""num_orders"":1},{""price"":76753.69,""size"":0.3533645,""num_orders"":1}]","[{""price"":76763.32,""size"":0.04434089,""num_orders"":4},{""price"":76765.24,""size"":0.00416865,""num_orders"":1},{""price"":76766.18,""size"":0.13022316,""num_orders"":1},{""price"":76766.19,""size"":0.15548645,""num_orders"":1},{""price"":76766.37,""size"":0.10421231,""num_orders"":1},{""price"":76767.83,""size"":0.00521082,""num_orders"":1},{""price"":76768.53,""size"":0.13022316,""num_orders"":1},{""price"":76770.0,""size"":0.01,""num_orders"":1},{""price"":76770.91,""size"":0.34675211,""num_orders"":1},{""price"":76770.92,""size"":0.13022316,""num_orders"":1}]"
btc_usd_d10_20260910T235516Z,55,2026-09-11T00:50:16.029810Z,2026-09-11T00:50:16.029950Z,BTC-USD,10,ok,,135905686809,2026-09-11T00:50:14.900797922Z,0.71490764,1.10904219,-0.216088481995,76741.630000000005,76741.639999999999,76741.635000000009,0.009999999995,0.001303073618,"[{""price"":76741.63,""size"":0.03093902,""num_orders"":3},{""price"":76741.62,""size"":5.56e-06,""num_orders"":1},{""price"":76740.63,""size"":0.13022316,""num_orders"":1},{""price"":76740.62,""size"":0.00365066,""num_orders"":1},{""price"":76740.58,""size"":0.026,""num_orders"":1},{""price"":76740.33,""size"":0.10424765,""num_orders"":1},{""price"":76737.99,""size"":0.00390882,""num_orders"":1},{""price"":76737.64,""size"":0.15548645,""num_orders"":1},{""price"":76737.63,""size"":0.13022316,""num_orders"":1},{""price"":76735.31,""size"":0.13022316,""num_orders"":1}]","[{""price"":76741.64,""size"":0.02882847,""num_orders"":2},{""price"":76742.39,""size"":0.00400789,""num_orders"":1},{""price"":76743.56,""size"":0.00416983,""num_orders"":1},{""price"":76744.84,""size"":0.15557881,""num_orders"":1},{""price"":76744.92,""size"":0.26060102,""num_orders"":1},{""price"":76745.31,""size"":0.10424089,""num_orders"":1},{""price"":76746.15,""size"":0.00521229,""num_orders"":1},{""price"":76746.46,""size"":0.15557881,""num_orders"":1},{""price"":76748.78,""size"":0.13022316,""num_orders"":1},{""price"":76749.1,""size"":0.26060102,""num_orders"":1}]"
btc_usd_d10_20260910T235516Z,56,2026-09-11T00:51:16.029810Z,2026-09-11T00:51:16.029949Z,BTC-USD,10,ok,,135905722051,2026-09-11T00:51:14.791920169Z,0.97609672,0.78241992,0.110136461376,76822.589999999997,76822.600000000006,76822.595000000001,0.010000000009,0.001301700367,"[{""price"":76822.59,""size"":0.0008461,""num_orders"":1},{""price"":76821.15,""size"":0.00024393,""num_orders"":2},{""price"":76819.4,""size"":0.00651049,""num_orders"":1},{""price"":76818.12,""size"":0.21999196,""num_orders"":1},{""price"":76818.11,""size"":0.13022316,""num_orders"":1},{""price"":76818.07,""size"":0.10414215,""num_orders"":1},{""price"":76815.54,""size"":0.00390728,""num_orders"":1},{""price"":76815.37,""size"":0.13022316,""num_orders"":1},{""price"":76815.36,""size"":0.29744976,""num_orders"":1},{""price"":76814.46,""size"":0.08255873,""num_orders"":1}]","[{""price"":76822.6,""size"":0.0375,""num_orders"":1},{""price"":76824.23,""size"":0.11689019,""num_orders"":2},{""price"":76824.25,""size"":0.10509943,""num_orders"":1},{""price"":76824.62,""size"":0.10413329,""num_orders"":1},{""price"":76827.05,""size"":0.15655157,""num_orders"":1},{""price"":76828.59,""size"":0.13022316,""num_orders"":1},{""price"":76828.62,""size"":0.1181,""num_orders"":1},{""price"":76830.0,""size"":0.01,""num_orders"":1},{""price"":76830.8,""size"":1.5e-05,""num_orders"":1},{""price"":76830.89,""size"":0.00390728,""num_orders"":1}]"
btc_usd_d10_20260910T235516Z,57,2026-09-11T00:52:16.029810Z,2026-09-11T00:52:16.029942Z,BTC-USD,10,ok,,135905767892,2026-09-11T00:52:15.623248237Z,1.16686039,0.39902381,0.49035336074,76810.399999999994,76810.410000000003,76810.404999999999,0.010000000009,0.00130190695,"[{""price"":76810.4,""size"":0.0635,""num_orders"":2},{""price"":76808.15,""size"":0.31990744,""num_orders"":2},{""price"":76808.14,""size"":0.46166758,""num_orders"":2},{""price"":76808.12,""size"":0.10415564,""num_orders"":1},{""price"":76807.31,""size"":0.08096659,""num_orders"":1},{""price"":76806.14,""size"":0.00390598,""num_orders"":1},{""price"":76805.39,""size"":0.00177072,""num_orders"":1},{""price"":76803.94,""size"":0.13022316,""num_orders"":1},{""price"":76803.92,""size"":0.00064699,""num_orders"":1},{""price"":76803.19,""size"":0.00011629,""num_orders"":3}]","[{""price"":76810.41,""size"":0.00604219,""num_orders"":2},{""price"":76811.52,""size"":1.5e-05,""num_orders"":1},{""price"":76815.0,""size"":0.01,""num_orders"":1},{""price"":76816.15,""size"":0.10414476,""num_orders"":1},{""price"":76817.99,""size"":1.954e-05,""num_orders"":1},{""price"":76819.23,""size"":0.14678134,""num_orders"":2},{""price"":76819.58,""size"":0.1181,""num_orders"":1},{""price"":76820.0,""size"":0.01,""num_orders"":1},{""price"":76821.16,""size"":1.5e-05,""num_orders"":1},{""price"":76821.49,""size"":0.00390598,""num_orders"":1}]"
btc_usd_d10_20260910T235516Z,58,2026-09-11T00:53:16.029810Z,2026-09-11T00:53:16.029939Z,BTC-USD,10,ok,,135905802556,2026-09-11T00:53:13.643403870Z,0.7976695,0.73407721,0.041516191669,76789.520000000004,76789.529999999999,76789.524999999994,0.009999999995,0.001302260952,"[{""price"":76789.52,""size"":0.06233326,""num_orders"":3},{""price"":76788.94,""size"":0.21392119,""num_orders"":2},{""price"":76788.93,""size"":0.10418168,""num_orders"":1},{""price"":76787.62,""size"":0.0186413,""num_orders"":1},{""price"":76787.0,""size"":0.06,""num_orders"":2},{""price"":76785.53,""size"":0.13022316,""num_orders"":1},{""price"":76784.88,""size"":0.02469953,""num_orders"":1},{""price"":76784.67,""size"":0.04954,""num_orders"":1},{""price"":76784.3,""size"":0.00390622,""num_orders"":1},{""price"":76783.22,""size"":0.13022316,""num_orders"":1}]","[{""price"":76789.53,""size"":0.00320684,""num_orders"":1},{""price"":76793.68,""size"":0.043005,""num_orders"":1},{""price"":76794.84,""size"":0.043005,""num_orders"":1},{""price"":76795.0,""size"":0.01,""num_orders"":1},{""price"":76795.75,""size"":0.13022316,""num_orders"":1},{""price"":76795.76,""size"":0.10417241,""num_orders"":1},{""price"":76796.68,""size"":0.14823542,""num_orders"":1},{""price"":76797.21,""size"":0.1181,""num_orders"":1},{""price"":76798.09,""size"":0.13022316,""num_orders"":1},{""price"":76799.65,""size"":0.00390622,""num_orders"":1}]"
btc_usd_d10_20260910T235516Z,59,2026-09-11T00:54:16.029810Z,2026-09-11T00:54:16.029912Z,BTC-USD,10,ok,,135905838980,2026-09-11T00:54:14.743907049Z,0.70595301,0.29747297,0.407085373652,76840.419999999998,76840.429999999993,76840.424999999988,0.009999999995,0.001301398319,"[{""price"":76840.42,""size"":0.03364563,""num_orders"":2},{""price"":76840.29,""size"":0.026,""num_orders"":1},{""price"":76838.31,""size"":0.13866627,""num_orders"":3},{""price"":76838.3,""size"":0.10411473,""num_orders"":1},{""price"":76838.06,""size"":0.00604622,""num_orders"":1},{""price"":76836.63,""size"":0.00260335,""num_orders"":1},{""price"":76836.47,""size"":0.0039056,""num_orders"":1},{""price"":76834.91,""size"":0.13022316,""num_orders"":1},{""price"":76834.55,""size"":0.16914343,""num_orders"":2},{""price"":76834.54,""size"":0.09160462,""num_orders"":1}]","[{""price"":76840.43,""size"":0.01230523,""num_orders"":3},{""price"":76840.44,""size"":1.5e-05,""num_orders"":1},{""price"":76841.93,""size"":0.01800001,""num_orders"":1},{""price"":76843.09,""size"":0.01800001,""num_orders"":1},{""price"":76843.89,""size"":0.002,""num_orders"":1},{""price"":76844.21,""size"":0.10410674,""num_orders"":1},{""price"":76844.33,""size"":0.00235899,""num_orders"":1},{""price"":76844.8,""size"":0.13022316,""num_orders"":1},{""price"":76845.0,""size"":0.01,""num_orders"":1},{""price"":76848.0,""size"":0.00046383,""num_orders"":1}]"
btc_usd_d10_20260911T041027Z,0,2026-09-11T04:10:27.547581Z,2026-09-11T04:10:27.547613Z,BTC-USD,10,ok,,135912435993,2026-09-11T04:10:26.338265515Z,1.00782833,0.53234119,0.308723899432,76956.100000000006,76956.110000000001,76956.10500000001,0.009999999995,0.001299442064,"[{""price"":76956.1,""size"":0.00130301,""num_orders"":2},{""price"":76951.53,""size"":0.06223898,""num_orders"":1},{""price"":76951.52,""size"":0.10396155,""num_orders"":1},{""price"":76950.99,""size"":0.00029135,""num_orders"":1},{""price"":76949.69,""size"":0.07777453,""num_orders"":1},{""price"":76949.68,""size"":0.13027559,""num_orders"":1},{""price"":76945.03,""size"":0.37360773,""num_orders"":1},{""price"":76945.02,""size"":0.13027559,""num_orders"":1},{""price"":76945.0,""size"":0.01,""num_orders"":1},{""price"":76943.73,""size"":0.1181,""num_orders"":1}]","[{""price"":76956.11,""size"":0.00672636,""num_orders"":1},{""price"":76956.12,""size"":1.5e-05,""num_orders"":1},{""price"":76957.12,""size"":0.103954,""num_orders"":1},{""price"":76957.99,""size"":0.13027559,""num_orders"":1},{""price"":76958.02,""size"":0.0044025,""num_orders"":1},{""price"":76958.74,""size"":0.05904872,""num_orders"":1},{""price"":76960.0,""size"":0.01,""num_orders"":1},{""price"":76961.28,""size"":0.13027559,""num_orders"":1},{""price"":76961.35,""size"":0.0038989,""num_orders"":1},{""price"":76961.99,""size"":0.08374453,""num_orders"":1}]"
btc_usd_d10_20260911T041027Z,1,2026-09-11T04:11:27.547581Z,2026-09-11T04:11:27.547750Z,BTC-USD,10,ok,,135912477821,2026-09-11T04:11:27.281687832Z,0.74277748,0.7349887,0.005270644372,76880,76881.509999999995,76880.755000000005,1.509999999995,0.196408060768,"[{""price"":76880.0,""size"":0.07631457,""num_orders"":6},{""price"":76879.0,""size"":1.5e-05,""num_orders"":1},{""price"":76877.76,""size"":1.626e-05,""num_orders"":1},{""price"":76877.34,""size"":0.10406187,""num_orders"":1},{""price"":76875.01,""size"":0.13027559,""num_orders"":1},{""price"":76872.22,""size"":0.16152801,""num_orders"":1},{""price"":76872.21,""size"":0.13027559,""num_orders"":1},{""price"":76870.0,""size"":0.01,""num_orders"":1},{""price"":76869.53,""size"":0.13027559,""num_orders"":1},{""price"":76869.36,""size"":1.5e-05,""num_orders"":1}]","[{""price"":76881.51,""size"":0.0354,""num_orders"":1},{""price"":76882.51,""size"":0.00416226,""num_orders"":1},{""price"":76882.52,""size"":0.13831624,""num_orders"":1},{""price"":76882.53,""size"":0.13027559,""num_orders"":1},{""price"":76883.57,""size"":0.10405344,""num_orders"":1},{""price"":76884.44,""size"":0.00416226,""num_orders"":1},{""price"":76884.99,""size"":0.00129329,""num_orders"":1},{""price"":76885.56,""size"":0.12202814,""num_orders"":1},{""price"":76885.57,""size"":0.06502189,""num_orders"":1},{""price"":76886.15,""size"":0.13027559,""num_orders"":1}]"
btc_usd_d10_20260911T041027Z,2,2026-09-11T04:12:27.547581Z,2026-09-11T04:12:27.547707Z,BTC-USD,10,ok,,135912514721,2026-09-11T04:12:25.121310092Z,0.76774605,0.68675025,0.055686494355,76902.309999999998,76902.320000000007,76902.315000000002,0.010000000009,0.001300350972,"[{""price"":76902.31,""size"":0.34837769,""num_orders"":10},{""price"":76900.78,""size"":0.0155265,""num_orders"":1},{""price"":76900.77,""size"":0.02600754,""num_orders"":2},{""price"":76899.54,""size"":0.00538364,""num_orders"":2},{""price"":76898.79,""size"":0.01671393,""num_orders"":1},{""price"":76898.78,""size"":0.01399827,""num_orders"":1},{""price"":76897.63,""size"":0.00418096,""num_orders"":1},{""price"":76897.62,""size"":0.01399827,""num_orders"":1},{""price"":76895.04,""size"":0.19328366,""num_orders"":1},{""price"":76895.03,""size"":0.13027559,""num_orders"":1}]","[{""price"":76902.32,""size"":0.06280714,""num_orders"":1},{""price"":76903.86,""size"":0.0260065,""num_orders"":2},{""price"":76909.81,""size"":0.06475766,""num_orders"":1},{""price"":76910.44,""size"":0.13027559,""num_orders"":1},{""price"":76911.81,""size"":0.11282636,""num_orders"":1},{""price"":76912.96,""size"":0.13027559,""num_orders"":1},{""price"":76913.15,""size"":0.10401342,""num_orders"":1},{""price"":76914.03,""size"":0.00023149,""num_orders"":1},{""price"":76914.96,""size"":0.00072924,""num_orders"":1},{""price"":76914.97,""size"":0.05482726,""num_orders"":1}]"
btc_usd_d10_20260911T041027Z,3,2026-09-11T04:13:27.547581Z,2026-09-11T04:13:27.547698Z,BTC-USD,10,ok,,135912545312,2026-09-11T04:13:25.159781421Z,0.62787168,1.30107998,-0.349002162138,76917.460000000006,76917.470000000001,76917.464999999997,0.009999999995,0.001300094848,"[{""price"":76917.46,""size"":0.10527246,""num_orders"":4},{""price"":76915.93,""size"":0.01552344,""num_orders"":1},{""price"":76915.92,""size"":0.02600242,""num_orders"":2},{""price"":76914.71,""size"":0.00260054,""num_orders"":1},{""price"":76914.7,""size"":0.00260054,""num_orders"":1},{""price"":76907.56,""size"":0.00315828,""num_orders"":1},{""price"":76907.55,""size"":0.32159335,""num_orders"":1},{""price"":76907.54,""size"":0.13027559,""num_orders"":1},{""price"":76906.22,""size"":0.02,""num_orders"":1},{""price"":76905.92,""size"":0.00084506,""num_orders"":1}]","[{""price"":76917.47,""size"":0.06939756,""num_orders"":4},{""price"":76919.01,""size"":0.02600138,""num_orders"":2},{""price"":76919.4,""size"":0.0041603,""num_orders"":1},{""price"":76921.13,""size"":0.13027559,""num_orders"":1},{""price"":76921.99,""size"":0.00520037,""num_orders"":1},{""price"":76923.45,""size"":0.13027559,""num_orders"":1},{""price"":76923.51,""size"":0.10399942,""num_orders"":1},{""price"":76923.85,""size"":1.951e-05,""num_orders"":1},{""price"":76924.99,""size"":0.82175026,""num_orders"":2},{""price"":76925.0,""size"":0.01,""num_orders"":1}]"
btc_usd_d10_20260911T041027Z,4,2026-09-11T04:14:27.547581Z,2026-09-11T04:14:27.547744Z,BTC-USD,10,ok,,135912576865,2026-09-11T04:14:25.642776545Z,0.63593966,2.34292373,-0.573032008024,76951.919999999998,76951.929999999993,76951.924999999988,0.009999999995,0.00129951265,"[{""price"":76951.92,""size"":0.01139599,""num_orders"":2},{""price"":76951.89,""size"":0.00104888,""num_orders"":1},{""price"":76950.38,""size"":0.02618335,""num_orders"":3},{""price"":76948.42,""size"":0.10396574,""num_orders"":1},{""price"":76946.04,""size"":0.00259958,""num_orders"":1},{""price"":76946.0,""size"":0.14560573,""num_orders"":2},{""price"":76945.45,""size"":0.13027559,""num_orders"":1},{""price"":76943.08,""size"":0.13027559,""num_orders"":1},{""price"":76940.46,""size"":0.00084468,""num_orders"":1},{""price"":76940.26,""size"":0.08374453,""num_orders"":1}]","[{""price"":76951.93,""size"":0.25164837,""num_orders"":6},{""price"":76952.02,""size"":0.02923182,""num_orders"":3},{""price"":76953.46,""size"":0.13027559,""num_orders"":1},{""price"":76953.47,""size"":0.02598974,""num_orders"":2},{""price"":76953.84,""size"":0.10395843,""num_orders"":1},{""price"":76953.86,""size"":0.00415844,""num_orders"":1},{""price"":76955.99,""size"":0.79244829,""num_orders"":2},{""price"":76956.0,""size"":1.0,""num_orders"":1},{""price"":76956.12,""size"":1.5e-05,""num_orders"":1},{""price"":76956.45,""size"":0.00519805,""num_orders"":1}]"
btc_usd_d10_20260911T041027Z,5,2026-09-11T04:15:27.547581Z,2026-09-11T04:15:27.547740Z,BTC-USD,10,ok,,135912604926,2026-09-11T04:15:24.875464843Z,0.55103157,2.68579789,-0.659523878654,76957.520000000004,76957.529999999999,76957.524999999994,0.009999999995,0.001299418087,"[{""price"":76957.52,""size"":0.00827612,""num_orders"":2},{""price"":76956.4,""size"":0.00084461,""num_orders"":1},{""price"":76955.98,""size"":0.02598888,""num_orders"":2},{""price"":76951.91,""size"":0.00312175,""num_orders"":4},{""price"":76947.75,""size"":0.13027559,""num_orders"":1},{""price"":76947.74,""size"":0.10396665,""num_orders"":1},{""price"":76947.1,""size"":0.0540336,""num_orders"":1},{""price"":76945.25,""size"":0.08424878,""num_orders"":1},{""price"":76945.24,""size"":0.13027559,""num_orders"":1},{""price"":76945.0,""size"":0.01,""num_orders"":1}]","[{""price"":76957.53,""size"":0.35097041,""num_orders"":6},{""price"":76957.61,""size"":0.10395334,""num_orders"":1},{""price"":76958.44,""size"":0.00257832,""num_orders"":2},{""price"":76958.85,""size"":0.69765863,""num_orders"":2},{""price"":76958.97,""size"":0.13027559,""num_orders"":1},{""price"":76958.99,""size"":0.14076805,""num_orders"":1},{""price"":76959.0,""size"":1.0,""num_orders"":1},{""price"":76959.07,""size"":0.02598784,""num_orders"":2},{""price"":76960.22,""size"":0.06227067,""num_orders"":1},{""price"":76961.71,""size"":0.17133504,""num_orders"":2}]"
btc_usd_d10_20260911T041027Z,6,2026-09-11T04:16:27.547581Z,2026-09-11T04:16:27.547717Z,BTC-USD,10,ok,,135912630114,2026-09-11T04:16:26.620048017Z,0.88895311,2.02174448,-0.389182089507,76947.050000000003,76947.059999999998,76947.054999999993,0.009999999995,0.001299594896,"[{""price"":76947.05,""size"":0.0667551,""num_orders"":5},{""price"":76945.51,""size"":0.02599242,""num_orders"":2},{""price"":76944.78,""size"":0.00015651,""num_orders"":1},{""price"":76944.41,""size"":0.13984531,""num_orders"":1},{""price"":76944.4,""size"":0.10397116,""num_orders"":1},{""price"":76944.14,""size"":0.13027559,""num_orders"":1},{""price"":76942.0,""size"":0.00585679,""num_orders"":1},{""price"":76941.73,""size"":0.15554905,""num_orders"":1},{""price"":76941.72,""size"":0.13027559,""num_orders"":1},{""price"":76938.88,""size"":0.13027559,""num_orders"":1}]","[{""price"":76947.06,""size"":0.00416975,""num_orders"":3},{""price"":76947.14,""size"":0.0030835,""num_orders"":1},{""price"":76947.4,""size"":0.00259907,""num_orders"":1},{""price"":76948.69,""size"":0.02599134,""num_orders"":2},{""price"":76950.64,""size"":0.10396276,""num_orders"":1},{""price"":76951.92,""size"":0.06690553,""num_orders"":2},{""price"":76953.31,""size"":0.0038988,""num_orders"":1},{""price"":76954.03,""size"":0.00084473,""num_orders"":1},{""price"":76954.49,""size"":0.810289,""num_orders"":1},{""price"":76954.5,""size"":1.0,""num_orders"":1}]"
btc_usd_d10_20260911T041027Z,7,2026-09-11T04:17:27.547581Z,2026-09-11T04:17:27.547719Z,BTC-USD,10,ok,,135912660919,2026-09-11T04:17:27.245219796Z,0.92598692,0.55607121,0.249595952083,76927.389999999999,76927.399999999994,76927.39499999999,0.009999999995,0.001299927028,"[{""price"":76927.39,""size"":0.00691253,""num_orders"":8},{""price"":76925.85,""size"":0.02599906,""num_orders"":2},{""price"":76923.65,""size"":0.13027559,""num_orders"":1},{""price"":76923.05,""size"":0.00032493,""num_orders"":1},{""price"":76921.13,""size"":0.13027559,""num_orders"":1},{""price"":76919.49,""size"":0.10400484,""num_orders"":1},{""price"":76918.69,""size"":0.21964385,""num_orders"":1},{""price"":76918.68,""size"":0.13027559,""num_orders"":1},{""price"":76918.49,""size"":0.05942476,""num_orders"":1},{""price"":76918.48,""size"":0.11885018,""num_orders"":1}]","[{""price"":76927.4,""size"":0.28551433,""num_orders"":13},{""price"":76927.41,""size"":0.0051998,""num_orders"":2},{""price"":76927.71,""size"":0.10846835,""num_orders"":1},{""price"":76927.93,""size"":0.10399344,""num_orders"":1},{""price"":76928.36,""size"":0.00566631,""num_orders"":1},{""price"":76928.91,""size"":0.0018715,""num_orders"":1},{""price"":76928.94,""size"":0.02599802,""num_orders"":2},{""price"":76929.33,""size"":0.00415976,""num_orders"":1},{""price"":76930.0,""size"":0.01,""num_orders"":1},{""price"":76931.92,""size"":0.0051997,""num_orders"":1}]"
btc_usd_d10_20260911T041027Z,8,2026-09-11T04:18:27.547581Z,2026-09-11T04:18:27.547707Z,BTC-USD,10,ok,,135912683956,2026-09-11T04:18:26.122145352Z,0.84747327,0.53451455,0.226455483522,76946.479999999996,76946.490000000005,76946.485000000001,0.010000000009,0.001299604525,"[{""price"":76946.48,""size"":0.00492624,""num_orders"":4},{""price"":76944.94,""size"":0.02599262,""num_orders"":2},{""price"":76942.62,""size"":0.10397358,""num_orders"":1},{""price"":76941.05,""size"":0.0779891,""num_orders"":1},{""price"":76941.04,""size"":0.17742876,""num_orders"":1},{""price"":76941.03,""size"":0.11885018,""num_orders"":1},{""price"":76940.96,""size"":0.11885018,""num_orders"":1},{""price"":76938.63,""size"":0.05942476,""num_orders"":1},{""price"":76938.12,""size"":0.08204875,""num_orders"":2},{""price"":76937.61,""size"":0.0779891,""num_orders"":1}]","[{""price"":76946.49,""size"":0.16234737,""num_orders"":6},{""price"":76947.31,""size"":0.00389883,""num_orders"":1},{""price"":76947.45,""size"":0.0017299,""num_orders"":2},{""price"":76948.0,""size"":0.06206789,""num_orders"":1},{""price"":76948.01,""size"":0.10396631,""num_orders"":1},{""price"":76948.03,""size"":0.02599156,""num_orders"":2},{""price"":76948.42,""size"":0.00415873,""num_orders"":1},{""price"":76950.49,""size"":0.08716645,""num_orders"":2},{""price"":76950.86,""size"":0.0779891,""num_orders"":1},{""price"":76951.01,""size"":0.00519841,""num_orders"":1}]"
btc_usd_d10_20260911T041027Z,9,2026-09-11T04:19:27.547581Z,2026-09-11T04:19:27.547752Z,BTC-USD,10,ok,,135912708934,2026-09-11T04:19:26.090497096Z,0.63287239,0.69106885,-0.043956981052,76946.479999999996,76946.490000000005,76946.485000000001,0.010000000009,0.001299604525,"[{""price"":76946.48,""size"":0.01782243,""num_orders"":3},{""price"":76944.94,""size"":0.02599262,""num_orders"":2},{""price"":76942.03,""size"":0.0779891,""num_orders"":1},{""price"":76942.02,""size"":0.10397438,""num_orders"":1},{""price"":76938.18,""size"":0.02,""num_orders"":1},{""price"":76938.17,""size"":0.0779891,""num_orders"":1},{""price"":76938.16,""size"":0.1392145,""num_orders"":1},{""price"":76937.29,""size"":0.00084474,""num_orders"":1},{""price"":76937.13,""size"":0.11269722,""num_orders"":1},{""price"":76936.81,""size"":0.0563483,""num_orders"":1}]","[{""price"":76946.49,""size"":0.22380471,""num_orders"":6},{""price"":76947.32,""size"":0.07620422,""num_orders"":2},{""price"":76947.45,""size"":0.0017299,""num_orders"":2},{""price"":76947.9,""size"":0.10396646,""num_orders"":1},{""price"":76948.03,""size"":0.02599156,""num_orders"":2},{""price"":76950.0,""size"":0.01,""num_orders"":1},{""price"":76951.06,""size"":0.08949439,""num_orders"":2},{""price"":76951.31,""size"":0.0779891,""num_orders"":1},{""price"":76951.61,""size"":0.00389941,""num_orders"":1},{""price"":76953.63,""size"":0.0779891,""num_orders"":1}]"
btc_usd_d10_20260911T041027Z,10,2026-09-11T04:20:27.547581Z,2026-09-11T04:20:27.547712Z,BTC-USD,10,ok,,135912735610,2026-09-11T04:20:26.647979143Z,1.05472981,0.19115122,0.693146913072,76966.669999999998,76966.679999999993,76966.674999999988,0.009999999995,0.001299263609,"[{""price"":76966.67,""size"":0.12135858,""num_orders"":6},{""price"":76966.61,""size"":0.10394117,""num_orders"":1},{""price"":76965.64,""size"":0.0779891,""num_orders"":1},{""price"":76965.23,""size"":0.02598576,""num_orders"":2},{""price"":76963.33,""size"":0.0779891,""num_orders"":1},{""price"":76960.46,""size"":0.19789077,""num_orders"":1},{""price"":76960.45,""size"":0.11775741,""num_orders"":1},{""price"":76960.43,""size"":0.0779891,""num_orders"":1},{""price"":76960.4,""size"":0.13572882,""num_orders"":1},{""price"":76958.97,""size"":0.1181,""num_orders"":1}]","[{""price"":76966.68,""size"":0.00814945,""num_orders"":3},{""price"":76966.79,""size"":0.00654981,""num_orders"":4},{""price"":76967.66,""size"":0.01299998,""num_orders"":1},{""price"":76968.22,""size"":0.02598476,""num_orders"":2},{""price"":76968.72,""size"":0.00415763,""num_orders"":1},{""price"":76968.82,""size"":0.01299998,""num_orders"":1},{""price"":76970.0,""size"":4e-05,""num_orders"":1},{""price"":76971.31,""size"":0.00519704,""num_orders"":1},{""price"":76972.47,""size"":0.00048753,""num_orders"":1},{""price"":76974.41,""size"":0.11458504,""num_orders"":1}]"
btc_usd_d10_20260911T041027Z,11,2026-09-11T04:21:27.547581Z,2026-09-11T04:21:27.547720Z,BTC-USD,10,ok,,135912766577,2026-09-11T04:21:24.803134712Z,0.77992324,2.03811267,-0.446477429736,76991.570000000007,76991.580000000002,76991.575000000012,0.009999999995,0.001298843412,"[{""price"":76991.57,""size"":0.06029376,""num_orders"":2},{""price"":76990.03,""size"":0.02597738,""num_orders"":2},{""price"":76989.58,""size"":0.10863186,""num_orders"":1},{""price"":76989.57,""size"":0.0779891,""num_orders"":1},{""price"":76988.48,""size"":0.10397948,""num_orders"":2},{""price"":76987.58,""size"":0.06270041,""num_orders"":2},{""price"":76986.49,""size"":0.03100001,""num_orders"":1},{""price"":76986.14,""size"":0.0779891,""num_orders"":1},{""price"":76984.54,""size"":0.23106407,""num_orders"":1},{""price"":76984.53,""size"":0.00029807,""num_orders"":1}]","[{""price"":76991.58,""size"":0.11570811,""num_orders"":2},{""price"":76993.18,""size"":0.02597632,""num_orders"":2},{""price"":76993.21,""size"":0.00591176,""num_orders"":2},{""price"":76994.82,""size"":0.1039031,""num_orders"":1},{""price"":76994.99,""size"":0.60297,""num_orders"":1},{""price"":76995.0,""size"":1.01,""num_orders"":2},{""price"":76996.57,""size"":0.0779891,""num_orders"":1},{""price"":76998.52,""size"":0.016233,""num_orders"":1},{""price"":76998.78,""size"":0.00143218,""num_orders"":1},{""price"":76999.96,""size"":0.0779891,""num_orders"":1}]"
btc_usd_d10_20260911T041027Z,12,2026-09-11T04:22:27.547581Z,2026-09-11T04:22:27.547715Z,BTC-USD,10,ok,,135912801829,2026-09-11T04:22:26.085829696Z,0.69259678,17.92587172,-0.925601100864,76999.559999999998,76999.570000000007,76999.565000000002,0.010000000009,0.001298708637,"[{""price"":76999.56,""size"":0.0003034,""num_orders"":2},{""price"":76998.75,""size"":0.0966652,""num_orders"":1},{""price"":76998.74,""size"":0.10389779,""num_orders"":1},{""price"":76997.05,""size"":0.00400816,""num_orders"":1},{""price"":76996.29,""size"":0.0540123,""num_orders"":1},{""price"":76995.17,""size"":0.19128636,""num_orders"":1},{""price"":76995.16,""size"":0.10957801,""num_orders"":1},{""price"":76995.13,""size"":0.0540123,""num_orders"":1},{""price"":76994.26,""size"":0.00084416,""num_orders"":1},{""price"":76992.44,""size"":0.0779891,""num_orders"":1}]","[{""price"":76999.57,""size"":0.06975586,""num_orders"":3},{""price"":77000.0,""size"":17.38122127,""num_orders"":1},{""price"":77000.14,""size"":0.00259804,""num_orders"":1},{""price"":77001.5,""size"":0.00415586,""num_orders"":1},{""price"":77004.1,""size"":0.00519483,""num_orders"":1},{""price"":77004.74,""size"":0.0779891,""num_orders"":1},{""price"":77007.65,""size"":0.0779891,""num_orders"":1},{""price"":77007.7,""size"":0.19918495,""num_orders"":1},{""price"":77007.81,""size"":0.10388557,""num_orders"":1},{""price"":77008.93,""size"":0.00389714,""num_orders"":1}]"
btc_usd_d10_20260911T041027Z,13,2026-09-11T04:23:27.547581Z,2026-09-11T04:23:27.547725Z,BTC-USD,10,ok,,135912828876,2026-09-11T04:23:24.895526604Z,0.45959593,19.34034834,-0.95357603802,76996.309999999998,76996.320000000007,76996.315000000002,0.010000000009,0.001298763455,"[{""price"":76996.31,""size"":0.01774868,""num_orders"":3},{""price"":76994.77,""size"":0.0259758,""num_orders"":2},{""price"":76993.85,""size"":0.0051957,""num_orders"":2},{""price"":76993.82,""size"":0.10817739,""num_orders"":1},{""price"":76993.81,""size"":0.10390444,""num_orders"":1},{""price"":76993.54,""size"":0.00129152,""num_orders"":1},{""price"":76993.05,""size"":0.03800285,""num_orders"":1},{""price"":76992.64,""size"":0.03800285,""num_orders"":1},{""price"":76988.71,""size"":0.04534385,""num_orders"":1},{""price"":76988.7,""size"":0.07595285,""num_orders"":1}]","[{""price"":76996.32,""size"":0.10894947,""num_orders"":3},{""price"":76996.94,""size"":0.00259785,""num_orders"":1},{""price"":76998.28,""size"":1.4438036,""num_orders"":1},{""price"":76999.77,""size"":0.10389642,""num_orders"":1},{""price"":76999.97,""size"":0.0779891,""num_orders"":1},{""price"":76999.98,""size"":0.12000528,""num_orders"":1},{""price"":77000.0,""size"":17.39122127,""num_orders"":2},{""price"":77004.12,""size"":0.00389625,""num_orders"":1},{""price"":77004.13,""size"":0.0779891,""num_orders"":1},{""price"":77005.0,""size"":0.01,""num_orders"":1}]"
btc_usd_d10_20260911T041027Z,14,2026-09-11T04:24:27.547581Z,2026-09-11T04:24:27.547720Z,BTC-USD,10,ok,,135912859249,2026-09-11T04:24:25.405051603Z,0.39273591,0.44577087,-0.063249291795,77011.800000000003,77011.809999999998,77011.804999999993,0.009999999995,0.001298502222,"[{""price"":77011.8,""size"":0.00816359,""num_orders"":4},{""price"":77011.04,""size"":0.01023734,""num_orders"":1},{""price"":77011.03,""size"":0.00012985,""num_orders"":1},{""price"":77010.26,""size"":0.09511748,""num_orders"":2},{""price"":77010.25,""size"":0.02597056,""num_orders"":2},{""price"":77008.56,""size"":0.00259723,""num_orders"":1},{""price"":77008.23,""size"":0.10388499,""num_orders"":1},{""price"":77007.79,""size"":0.035,""num_orders"":1},{""price"":77002.88,""size"":0.02,""num_orders"":1},{""price"":77002.87,""size"":0.09163487,""num_orders"":2}]","[{""price"":77011.81,""size"":0.08677224,""num_orders"":4},{""price"":77013.36,""size"":0.02596952,""num_orders"":2},{""price"":77013.94,""size"":0.1038773,""num_orders"":1},{""price"":77013.96,""size"":1.5e-05,""num_orders"":1},{""price"":77014.43,""size"":0.0779891,""num_orders"":1},{""price"":77016.78,""size"":0.0779891,""num_orders"":1},{""price"":77016.88,""size"":0.00035137,""num_orders"":1},{""price"":77017.56,""size"":0.0104645,""num_orders"":1},{""price"":77018.1,""size"":0.00389567,""num_orders"":1},{""price"":77018.82,""size"":0.05844707,""num_orders"":1}]"
btc_usd_d10_20260911T041027Z,15,2026-09-11T04:25:27.547581Z,2026-09-11T04:25:27.547711Z,BTC-USD,10,ok,,135912896643,2026-09-11T04:25:25.655414496Z,0.4539107,0.41938881,0.039530412653,77048.110000000001,77048.119999999995,77048.114999999991,0.009999999995,0.001297890285,"[{""price"":77048.11,""size"":0.03281845,""num_orders"":2},{""price"":77047.65,""size"":2.44e-05,""num_orders"":1},{""price"":77046.56,""size"":0.02595832,""num_orders"":2},{""price"":77045.44,""size"":0.025,""num_orders"":1},{""price"":77043.91,""size"":0.10383688,""num_orders"":1},{""price"":77041.8,""size"":0.08026406,""num_orders"":2},{""price"":77040.03,""size"":0.02,""num_orders"":1},{""price"":77040.02,""size"":0.0779891,""num_orders"":1},{""price"":77039.41,""size"":0.02,""num_orders"":1},{""price"":77039.4,""size"":0.06801949,""num_orders"":1}]","[{""price"":77048.12,""size"":0.04732019,""num_orders"":3},{""price"":77049.67,""size"":0.02595728,""num_orders"":2},{""price"":77049.97,""size"":0.10382873,""num_orders"":1},{""price"":77050.05,""size"":0.00415324,""num_orders"":1},{""price"":77050.86,""size"":0.0779891,""num_orders"":1},{""price"":77052.05,""size"":0.00389362,""num_orders"":1},{""price"":77052.65,""size"":0.00519156,""num_orders"":1},{""price"":77052.72,""size"":0.06306599,""num_orders"":1},{""price"":77053.22,""size"":0.0779891,""num_orders"":1},{""price"":77055.0,""size"":0.01,""num_orders"":1}]"
btc_usd_d10_20260911T041027Z,16,2026-09-11T04:26:27.547581Z,2026-09-11T04:26:27.547713Z,BTC-USD,10,ok,,135912943219,2026-09-11T04:26:25.590428692Z,0.7323272,2.56183488,-0.555378768734,77095.970000000001,77095.979999999996,77095.975000000006,0.009999999995,0.001297084575,"[{""price"":77095.97,""size"":0.26486096,""num_orders"":7},{""price"":77094.82,""size"":0.00755559,""num_orders"":2},{""price"":77093.34,""size"":0.00648559,""num_orders"":1},{""price"":77093.21,""size"":9.689e-05,""num_orders"":1},{""price"":77092.12,""size"":0.10804399,""num_orders"":1},{""price"":77092.11,""size"":0.0779891,""num_orders"":1},{""price"":77092.05,""size"":0.06,""num_orders"":2},{""price"":77089.45,""size"":0.0779891,""num_orders"":1},{""price"":77087.51,""size"":0.00576747,""num_orders"":1},{""price"":77087.11,""size"":0.12353851,""num_orders"":1}]","[{""price"":77095.98,""size"":0.0010229,""num_orders"":1},{""price"":77098.99,""size"":0.06972883,""num_orders"":1},{""price"":77099.7,""size"":0.00260066,""num_orders"":1},{""price"":77099.99,""size"":0.0779891,""num_orders"":1},{""price"":77100.0,""size"":2.0489663,""num_orders"":1},{""price"":77100.72,""size"":1.5e-05,""num_orders"":1},{""price"":77102.09,""size"":0.06166599,""num_orders"":1},{""price"":77103.23,""size"":0.103757,""num_orders"":1},{""price"":77103.46,""size"":0.0779891,""num_orders"":1},{""price"":77103.69,""size"":0.1181,""num_orders"":1}]"
btc_usd_d10_20260911T041027Z,17,2026-09-11T04:27:27.547581Z,2026-09-11T04:27:27.547678Z,BTC-USD,10,ok,,135912994744,2026-09-11T04:27:25.117854951Z,0.63028601,0.68939018,-0.044786873059,77132.009999999995,77134.660000000003,77133.334999999992,2.650000000009,0.343560926026,"[{""price"":77132.01,""size"":0.10371827,""num_orders"":1},{""price"":77131.41,""size"":0.025,""num_orders"":1},{""price"":77130.44,""size"":0.0259301,""num_orders"":2},{""price"":77129.92,""size"":0.07437613,""num_orders"":1},{""price"":77129.17,""size"":0.00648313,""num_orders"":1},{""price"":77127.85,""size"":0.11811695,""num_orders"":2},{""price"":77126.84,""size"":0.13270958,""num_orders"":1},{""price"":77125.89,""size"":0.0779891,""num_orders"":1},{""price"":77125.75,""size"":0.06,""num_orders"":2},{""price"":77124.49,""size"":0.00596275,""num_orders"":1}]","[{""price"":77134.66,""size"":0.0328,""num_orders"":1},{""price"":77134.67,""size"":0.0779891,""num_orders"":1},{""price"":77136.21,""size"":0.02592816,""num_orders"":2},{""price"":77137.02,""size"":0.0779891,""num_orders"":1},{""price"":77138.35,""size"":0.00290939,""num_orders"":2},{""price"":77140.93,""size"":0.1037063,""num_orders"":1},{""price"":77141.19,""size"":0.05778706,""num_orders"":1},{""price"":77141.2,""size"":0.11419197,""num_orders"":1},{""price"":77141.21,""size"":0.0779891,""num_orders"":1},{""price"":77142.39,""size"":0.1181,""num_orders"":1}]"
btc_usd_d10_20260911T041027Z,18,2026-09-11T04:28:27.547581Z,2026-09-11T04:28:27.547728Z,BTC-USD,10,ok,,135913028975,2026-09-11T04:28:27.142678991Z,0.41808776,1.56890513,-0.579175383964,77154.399999999994,77154.410000000003,77154.404999999999,0.010000000009,0.001296102278,"[{""price"":77154.4,""size"":0.00019706,""num_orders"":2},{""price"":77152.13,""size"":0.0259228,""num_orders"":2},{""price"":77152.03,""size"":0.00648045,""num_orders"":1},{""price"":77147.61,""size"":0.06190729,""num_orders"":1},{""price"":77147.6,""size"":0.10369731,""num_orders"":1},{""price"":77145.48,""size"":0.0493053,""num_orders"":1},{""price"":77145.47,""size"":0.0779891,""num_orders"":1},{""price"":77141.68,""size"":0.00459935,""num_orders"":1},{""price"":77141.67,""size"":0.0779891,""num_orders"":1},{""price"":77140.0,""size"":0.01,""num_orders"":1}]","[{""price"":77154.41,""size"":0.22885534,""num_orders"":4},{""price"":77154.69,""size"":0.1036878,""num_orders"":1},{""price"":77155.74,""size"":0.00388801,""num_orders"":1},{""price"":77155.88,""size"":0.05634629,""num_orders"":1},{""price"":77155.9,""size"":0.0779891,""num_orders"":1},{""price"":77155.91,""size"":0.99006545,""num_orders"":4},{""price"":77155.96,""size"":0.02592152,""num_orders"":2},{""price"":77156.34,""size"":0.00414752,""num_orders"":1},{""price"":77158.45,""size"":0.0779891,""num_orders"":1},{""price"":77158.56,""size"":1.5e-05,""num_orders"":1}]"
btc_usd_d10_20260911T041027Z,19,2026-09-11T04:29:27.547581Z,2026-09-11T04:29:27.547719Z,BTC-USD,10,ok,,135913057649,2026-09-11T04:29:26.242426302Z,1.21917142,0.40299264,0.503141944841,77130.419999999998,77132.589999999997,77131.505000000005,2.169999999998,0.281337697222,"[{""price"":77130.42,""size"":0.04684307,""num_orders"":2},{""price"":77129.43,""size"":0.06559646,""num_orders"":1},{""price"":77128.19,""size"":0.10372341,""num_orders"":1},{""price"":77127.28,""size"":0.0061534,""num_orders"":1},{""price"":77127.04,""size"":0.09183528,""num_orders"":2},{""price"":77124.49,""size"":0.07556742,""num_orders"":1},{""price"":77124.3,""size"":0.06,""num_orders"":2},{""price"":77122.62,""size"":0.00459935,""num_orders"":1},{""price"":77122.61,""size"":0.68686393,""num_orders"":2},{""price"":77122.6,""size"":0.0779891,""num_orders"":1}]","[{""price"":77132.59,""size"":0.0656,""num_orders"":2},{""price"":77132.6,""size"":0.00414879,""num_orders"":1},{""price"":77134.53,""size"":0.00414879,""num_orders"":1},{""price"":77135.36,""size"":0.10371379,""num_orders"":1},{""price"":77135.51,""size"":0.0779891,""num_orders"":1},{""price"":77135.52,""size"":0.05685935,""num_orders"":1},{""price"":77135.84,""size"":0.00733773,""num_orders"":2},{""price"":77137.13,""size"":0.00518599,""num_orders"":1},{""price"":77137.97,""size"":0.0779891,""num_orders"":1},{""price"":77140.0,""size"":2e-05,""num_orders"":1}]"
btc_usd_d10_20260911T041027Z,20,2026-09-11T04:30:27.547581Z,2026-09-11T04:30:27.547750Z,BTC-USD,10,ok,,135913100026,2026-09-11T04:30:25.051779849Z,0.69269268,0.43980561,0.223300178228,77152.289999999994,77152.300000000003,77152.294999999998,0.010000000009,0.001296137725,"[{""price"":77152.29,""size"":0.00142825,""num_orders"":2},{""price"":77151.03,""size"":4.708e-05,""num_orders"":2},{""price"":77150.74,""size"":0.02592328,""num_orders"":2},{""price"":77150.17,""size"":0.10369386,""num_orders"":1},{""price"":77148.79,""size"":0.01296044,""num_orders"":2},{""price"":77146.11,""size"":0.23500184,""num_orders"":1},{""price"":77146.1,""size"":0.0779891,""num_orders"":1},{""price"":77143.71,""size"":0.03955973,""num_orders"":1},{""price"":77143.31,""size"":0.1181,""num_orders"":1},{""price"":77142.7,""size"":0.0779891,""num_orders"":1}]","[{""price"":77152.3,""size"":0.0807806,""num_orders"":2},{""price"":77153.85,""size"":0.02592224,""num_orders"":2},{""price"":77154.23,""size"":0.00414764,""num_orders"":1},{""price"":77154.76,""size"":0.05773873,""num_orders"":1},{""price"":77155.35,""size"":0.10368691,""num_orders"":1},{""price"":77155.78,""size"":0.0779891,""num_orders"":1},{""price"":77157.51,""size"":0.00518457,""num_orders"":1},{""price"":77157.64,""size"":0.0038883,""num_orders"":1},{""price"":77157.78,""size"":0.00247842,""num_orders"":1},{""price"":77158.34,""size"":0.0779891,""num_orders"":1}]"
btc_usd_d10_20260911T041027Z,21,2026-09-11T04:31:27.547581Z,2026-09-11T04:31:27.547715Z,BTC-USD,10,ok,,135913128681,2026-09-11T04:31:26.568862457Z,0.58009896,0.51909953,0.055494463061,77147.25,77147.259999999995,77147.255000000005,0.009999999995,0.001296222399,"[{""price"":77147.25,""size"":0.21613173,""num_orders"":5},{""price"":77147.12,""size"":0.1140647,""num_orders"":1},{""price"":77145.71,""size"":0.0779891,""num_orders"":1},{""price"":77145.7,""size"":0.02592498,""num_orders"":2},{""price"":77145.03,""size"":0.00259258,""num_orders"":1},{""price"":77144.63,""size"":0.00104624,""num_orders"":1},{""price"":77144.26,""size"":0.00549691,""num_orders"":1},{""price"":77143.78,""size"":2.424e-05,""num_orders"":1},{""price"":77143.29,""size"":0.0779891,""num_orders"":1},{""price"":77141.99,""size"":0.05883938,""num_orders"":1}]","[{""price"":77147.26,""size"":0.00694799,""num_orders"":2},{""price"":77148.81,""size"":0.02592392,""num_orders"":2},{""price"":77149.87,""size"":0.00518504,""num_orders"":1},{""price"":77152.37,""size"":0.0779891,""num_orders"":1},{""price"":77152.8,""size"":0.05653676,""num_orders"":1},{""price"":77153.66,""size"":0.00187153,""num_orders"":1},{""price"":77154.59,""size"":0.10368793,""num_orders"":1},{""price"":77154.78,""size"":0.0779891,""num_orders"":1},{""price"":77154.79,""size"":0.11293983,""num_orders"":1},{""price"":77156.59,""size"":0.05002833,""num_orders"":1}]"
btc_usd_d10_20260911T041027Z,22,2026-09-11T04:32:27.547581Z,2026-09-11T04:32:27.547750Z,BTC-USD,10,ok,,135913166122,2026-09-11T04:32:25.284827895Z,0.50453478,0.69286263,-0.157280989943,77126.600000000006,77126.610000000001,77126.60500000001,0.009999999995,0.001296569452,"[{""price"":77126.6,""size"":7.23e-05,""num_orders"":2},{""price"":77122.74,""size"":0.00014535,""num_orders"":1},{""price"":77122.09,""size"":0.0259329,""num_orders"":2},{""price"":77121.64,""size"":0.0014822,""num_orders"":1},{""price"":77121.26,""size"":0.10373274,""num_orders"":1},{""price"":77120.0,""size"":1.5e-05,""num_orders"":1},{""price"":77115.13,""size"":0.02,""num_orders"":1},{""price"":77115.12,""size"":0.13706519,""num_orders"":2},{""price"":77115.11,""size"":0.0979891,""num_orders"":2},{""price"":77115.1,""size"":0.1181,""num_orders"":1}]","[{""price"":77126.61,""size"":0.13208694,""num_orders"":4},{""price"":77126.75,""size"":0.0779891,""num_orders"":1},{""price"":77126.76,""size"":0.0648165,""num_orders"":1},{""price"":77127.28,""size"":0.10372465,""num_orders"":1},{""price"":77127.53,""size"":0.00480297,""num_orders"":1},{""price"":77128.16,""size"":0.02593086,""num_orders"":2},{""price"":77129.0,""size"":0.00848697,""num_orders"":1},{""price"":77130.01,""size"":0.00734051,""num_orders"":2},{""price"":77131.15,""size"":0.15128533,""num_orders"":1},{""price"":77131.16,""size"":0.1163988,""num_orders"":1}]"
btc_usd_d10_20260911T041027Z,23,2026-09-11T04:33:27.547581Z,2026-09-11T04:33:27.547748Z,BTC-USD,10,ok,,135913195380,2026-09-11T04:33:26.290754203Z,0.40090014,0.41599179,-0.018474475565,77105.649999999994,77105.660000000003,77105.654999999999,0.010000000009,0.001296921738,"[{""price"":77105.65,""size"":0.10375374,""num_orders"":1},{""price"":77104.12,""size"":0.01548556,""num_orders"":1},{""price"":77104.11,""size"":0.02593896,""num_orders"":2},{""price"":77103.45,""size"":0.07832156,""num_orders"":2},{""price"":77102.59,""size"":0.1181,""num_orders"":1},{""price"":77100.72,""size"":1.5e-05,""num_orders"":1},{""price"":77100.0,""size"":2.581e-05,""num_orders"":1},{""price"":77099.61,""size"":0.00129685,""num_orders"":1},{""price"":77098.85,""size"":0.05263466,""num_orders"":1},{""price"":77098.18,""size"":0.005328,""num_orders"":1}]","[{""price"":77105.66,""size"":0.0468,""num_orders"":1},{""price"":77105.67,""size"":0.00032422,""num_orders"":1},{""price"":77106.02,""size"":0.0053374,""num_orders"":1},{""price"":77107.22,""size"":0.0259379,""num_orders"":2},{""price"":77107.46,""size"":0.025,""num_orders"":1},{""price"":77108.26,""size"":0.0779891,""num_orders"":1},{""price"":77110.01,""size"":0.05630561,""num_orders"":1},{""price"":77110.37,""size"":0.11261188,""num_orders"":1},{""price"":77110.45,""size"":0.00084299,""num_orders"":1},{""price"":77110.95,""size"":0.06484269,""num_orders"":1}]"
btc_usd_d10_20260911T041027Z,24,2026-09-11T04:34:27.547581Z,2026-09-11T04:34:27.547709Z,BTC-USD,10,ok,,135913220853,2026-09-11T04:34:26.243262743Z,0.64836882,0.30290686,0.363156514208,77117.5,77117.509999999995,77117.505000000005,0.009999999995,0.001296722449,"[{""price"":77117.5,""size"":0.07335174,""num_orders"":6},{""price"":77117.45,""size"":0.07741469,""num_orders"":1},{""price"":77117.44,""size"":0.10373787,""num_orders"":1},{""price"":77115.95,""size"":0.02593498,""num_orders"":2},{""price"":77114.66,""size"":0.04655949,""num_orders"":1},{""price"":77114.65,""size"":0.0779891,""num_orders"":1},{""price"":77110.99,""size"":0.15445315,""num_orders"":1},{""price"":77110.88,""size"":0.0779891,""num_orders"":1},{""price"":77110.3,""size"":0.0009387,""num_orders"":2},{""price"":77110.0,""size"":0.01,""num_orders"":1}]","[{""price"":77117.51,""size"":0.00014975,""num_orders"":2},{""price"":77118.56,""size"":0.00319445,""num_orders"":1},{""price"":77119.44,""size"":0.00414951,""num_orders"":1},{""price"":77120.12,""size"":0.025,""num_orders"":1},{""price"":77122.04,""size"":0.00518688,""num_orders"":1},{""price"":77122.66,""size"":0.10373086,""num_orders"":1},{""price"":77123.1,""size"":0.00084286,""num_orders"":1},{""price"":77124.65,""size"":0.00439284,""num_orders"":2},{""price"":77124.68,""size"":0.0779891,""num_orders"":1},{""price"":77124.69,""size"":0.07827061,""num_orders"":1}]"
btc_usd_d10_20260911T041027Z,25,2026-09-11T04:35:27.547581Z,2026-09-11T04:35:27.547720Z,BTC-USD,10,ok,,135913250028,2026-09-11T04:35:25.786985625Z,0.3160002,1.75886882,-0.695402266886,77093.300000000003,77093.309999999998,77093.304999999993,0.009999999995,0.001297129497,"[{""price"":77093.3,""size"":0.00169666,""num_orders"":4},{""price"":77091.75,""size"":0.02594312,""num_orders"":2},{""price"":77091.08,""size"":1.5e-05,""num_orders"":1},{""price"":77090.01,""size"":0.00497466,""num_orders"":1},{""price"":77087.51,""size"":0.00576736,""num_orders"":1},{""price"":77087.01,""size"":0.10377882,""num_orders"":1},{""price"":77085.0,""size"":0.01,""num_orders"":1},{""price"":77081.44,""size"":1.5e-05,""num_orders"":1},{""price"":77080.06,""size"":0.02,""num_orders"":1},{""price"":77080.05,""size"":0.14380958,""num_orders"":2}]","[{""price"":77093.31,""size"":0.46772173,""num_orders"":13},{""price"":77093.42,""size"":0.0779891,""num_orders"":1},{""price"":77094.07,""size"":0.00259426,""num_orders"":1},{""price"":77094.86,""size"":0.02594206,""num_orders"":2},{""price"":77095.24,""size"":0.00415081,""num_orders"":1},{""price"":77095.5,""size"":1.0,""num_orders"":1},{""price"":77096.41,""size"":0.09729339,""num_orders"":1},{""price"":77096.42,""size"":0.0779891,""num_orders"":1},{""price"":77096.59,""size"":0.00129678,""num_orders"":1},{""price"":77096.6,""size"":0.00389159,""num_orders"":1}]"
btc_usd_d10_20260911T041027Z,26,2026-09-11T04:36:27.547581Z,2026-09-11T04:36:27.547711Z,BTC-USD,10,ok,,135913275823,2026-09-11T04:36:26.780951774Z,0.55680655,0.45118672,0.104782276969,77106.149999999994,77106.160000000003,77106.154999999999,0.010000000009,0.001296913328,"[{""price"":77106.15,""size"":0.1126505,""num_orders"":4},{""price"":77105.92,""size"":0.07629103,""num_orders"":2},{""price"":77105.84,""size"":0.00347373,""num_orders"":1},{""price"":77105.1,""size"":0.00165519,""num_orders"":2},{""price"":77104.69,""size"":0.10375502,""num_orders"":1},{""price"":77104.36,""size"":0.02593888,""num_orders"":2},{""price"":77103.4,""size"":0.11307778,""num_orders"":1},{""price"":77102.09,""size"":0.00097223,""num_orders"":3},{""price"":77101.33,""size"":0.0779891,""num_orders"":1},{""price"":77101.32,""size"":0.04100309,""num_orders"":1}]","[{""price"":77106.16,""size"":0.08948083,""num_orders"":3},{""price"":77106.63,""size"":0.00259387,""num_orders"":1},{""price"":77107.4,""size"":0.02593784,""num_orders"":2},{""price"":77107.77,""size"":0.00415015,""num_orders"":1},{""price"":77109.41,""size"":0.025,""num_orders"":1},{""price"":77110.31,""size"":0.03911275,""num_orders"":1},{""price"":77110.37,""size"":0.00518768,""num_orders"":1},{""price"":77110.54,""size"":0.0779891,""num_orders"":1},{""price"":77111.86,""size"":0.1037454,""num_orders"":1},{""price"":77113.19,""size"":0.0779891,""num_orders"":1}]"
btc_usd_d10_20260911T041027Z,27,2026-09-11T04:37:27.547581Z,2026-09-11T04:37:27.547742Z,BTC-USD,10,ok,,135913298031,2026-09-11T04:37:25.283646347Z,0.51312066,0.72981059,-0.174337824397,77110.300000000003,77110.309999999998,77110.304999999993,0.009999999995,0.001296843528,"[{""price"":77110.3,""size"":0.0124596,""num_orders"":1},{""price"":77108.75,""size"":0.0259374,""num_orders"":2},{""price"":77107.89,""size"":0.00453853,""num_orders"":1},{""price"":77106.97,""size"":0.12774111,""num_orders"":3},{""price"":77105.4,""size"":0.0779891,""num_orders"":1},{""price"":77105.39,""size"":0.04800017,""num_orders"":1},{""price"":77102.53,""size"":0.11740705,""num_orders"":2},{""price"":77102.09,""size"":0.0010586,""num_orders"":4},{""price"":77101.63,""size"":0.02,""num_orders"":1},{""price"":77101.62,""size"":0.0779891,""num_orders"":1}]","[{""price"":77110.31,""size"":0.08723662,""num_orders"":4},{""price"":77110.32,""size"":0.06484973,""num_orders"":1},{""price"":77110.34,""size"":0.025,""num_orders"":1},{""price"":77111.86,""size"":0.02593634,""num_orders"":2},{""price"":77112.73,""size"":0.07303624,""num_orders"":1},{""price"":77113.2,""size"":0.06419134,""num_orders"":1},{""price"":77114.09,""size"":0.10374239,""num_orders"":1},{""price"":77114.46,""size"":0.12983973,""num_orders"":1},{""price"":77114.47,""size"":0.0779891,""num_orders"":1},{""price"":77116.87,""size"":0.0779891,""num_orders"":1}]"
btc_usd_d10_20260911T041027Z,28,2026-09-11T04:38:27.547581Z,2026-09-11T04:38:27.547757Z,BTC-USD,10,ok,,135913331855,2026-09-11T04:38:25.772784897Z,0.67966055,0.62295317,0.043533535022,77072.940000000002,77072.949999999997,77072.945000000007,0.009999999995,0.001297472154,"[{""price"":77072.94,""size"":0.07670958,""num_orders"":4},{""price"":77072.55,""size"":0.07236913,""num_orders"":1},{""price"":77072.54,""size"":0.10379831,""num_orders"":1},{""price"":77071.39,""size"":0.02594996,""num_orders"":2},{""price"":77069.81,""size"":0.035,""num_orders"":1},{""price"":77069.21,""size"":0.00632217,""num_orders"":4},{""price"":77067.96,""size"":0.1434223,""num_orders"":2},{""price"":77065.25,""size"":0.02,""num_orders"":1},{""price"":77065.24,""size"":0.0779891,""num_orders"":1},{""price"":77065.23,""size"":0.1181,""num_orders"":1}]","[{""price"":77072.95,""size"":0.06487743,""num_orders"":1},{""price"":77073.26,""size"":0.00084335,""num_orders"":1},{""price"":77073.62,""size"":0.025,""num_orders"":1},{""price"":77073.83,""size"":0.00025762,""num_orders"":1},{""price"":77074.5,""size"":0.02594892,""num_orders"":2},{""price"":77077.44,""size"":0.0779891,""num_orders"":1},{""price"":77077.67,""size"":0.10379142,""num_orders"":1},{""price"":77078.44,""size"":0.19175137,""num_orders"":2},{""price"":77079.79,""size"":0.0779891,""num_orders"":1},{""price"":77080.0,""size"":0.05450486,""num_orders"":2}]"
btc_usd_d10_20260911T041027Z,29,2026-09-11T04:39:27.547581Z,2026-09-11T04:39:27.547713Z,BTC-USD,10,ok,,135913361448,2026-09-11T04:39:27.100710468Z,0.81525537,0.58506399,0.164384915738,77074.210000000006,77074.220000000001,77074.214999999997,0.009999999995,0.001297450775,"[{""price"":77074.21,""size"":0.19137561,""num_orders"":5},{""price"":77073.05,""size"":0.08678363,""num_orders"":1},{""price"":77072.66,""size"":0.02594954,""num_orders"":2},{""price"":77071.36,""size"":0.1037999,""num_orders"":1},{""price"":77069.79,""size"":0.01061683,""num_orders"":1},{""price"":77069.21,""size"":0.00499955,""num_orders"":4},{""price"":77068.39,""size"":0.20375225,""num_orders"":2},{""price"":77068.38,""size"":0.0779891,""num_orders"":1},{""price"":77067.38,""size"":0.03199986,""num_orders"":1},{""price"":77065.96,""size"":0.0779891,""num_orders"":1}]","[{""price"":77074.22,""size"":0.00669718,""num_orders"":2},{""price"":77074.27,""size"":0.0779891,""num_orders"":1},{""price"":77074.28,""size"":0.06486584,""num_orders"":1},{""price"":77074.9,""size"":0.00084334,""num_orders"":1},{""price"":77075.81,""size"":0.02594848,""num_orders"":2},{""price"":77076.15,""size"":0.00415196,""num_orders"":1},{""price"":77076.63,""size"":0.025,""num_orders"":1},{""price"":77076.92,""size"":0.19778658,""num_orders"":1},{""price"":77076.93,""size"":0.10379241,""num_orders"":1},{""price"":77077.21,""size"":0.0779891,""num_orders"":1}]"
btc_usd_d10_20260911T041027Z,30,2026-09-11T04:40:27.547581Z,2026-09-11T04:40:27.547730Z,BTC-USD,10,ok,,135913382973,2026-09-11T04:40:25.155811110Z,1.36212405,0.6823171,0.33251480484,77082.889999999999,77082.899999999994,77082.89499999999,0.009999999995,0.001297304674,"[{""price"":77082.89,""size"":0.74504348,""num_orders"":8},{""price"":77082.88,""size"":0.05864704,""num_orders"":2},{""price"":77081.34,""size"":0.02594662,""num_orders"":2},{""price"":77080.0,""size"":0.01068991,""num_orders"":1},{""price"":77078.1,""size"":0.10614444,""num_orders"":1},{""price"":77078.09,""size"":0.03700274,""num_orders"":1},{""price"":77078.04,""size"":0.1037909,""num_orders"":1},{""price"":77077.79,""size"":0.03700274,""num_orders"":1},{""price"":77076.23,""size"":0.11975618,""num_orders"":1},{""price"":77074.02,""size"":0.1181,""num_orders"":1}]","[{""price"":77082.9,""size"":0.09012887,""num_orders"":6},{""price"":77082.96,""size"":0.06487331,""num_orders"":1},{""price"":77083.71,""size"":0.0779891,""num_orders"":1},{""price"":77083.72,""size"":0.16641775,""num_orders"":1},{""price"":77083.81,""size"":0.10378314,""num_orders"":1},{""price"":77084.45,""size"":0.02594558,""num_orders"":2},{""price"":77084.83,""size"":0.00415137,""num_orders"":1},{""price"":77085.52,""size"":0.0706369,""num_orders"":1},{""price"":77086.0,""size"":0.00040198,""num_orders"":1},{""price"":77087.14,""size"":0.0779891,""num_orders"":1}]"
btc_usd_d10_20260911T041027Z,31,2026-09-11T04:41:27.547581Z,2026-09-11T04:41:27.547756Z,BTC-USD,10,ok,,135913401223,2026-09-11T04:41:26.114670962Z,0.44816874,1.12430552,-0.429982733072,77082.880000000005,77082.889999999999,77082.885000000009,0.009999999995,0.001297304842,"[{""price"":77082.88,""size"":0.07357383,""num_orders"":4},{""price"":77081.34,""size"":0.02594662,""num_orders"":2},{""price"":77078.09,""size"":0.03700274,""num_orders"":1},{""price"":77077.8,""size"":0.0779891,""num_orders"":1},{""price"":77077.79,""size"":0.03700274,""num_orders"":1},{""price"":77077.76,""size"":0.10379127,""num_orders"":1},{""price"":77076.79,""size"":0.07351475,""num_orders"":1},{""price"":77076.2,""size"":0.01484018,""num_orders"":1},{""price"":77074.0,""size"":0.00257431,""num_orders"":1},{""price"":77073.99,""size"":0.0019332,""num_orders"":1}]","[{""price"":77082.89,""size"":0.24398607,""num_orders"":5},{""price"":77082.9,""size"":0.00095898,""num_orders"":2},{""price"":77083.11,""size"":0.18832329,""num_orders"":2},{""price"":77083.12,""size"":0.06486569,""num_orders"":1},{""price"":77083.72,""size"":0.10378326,""num_orders"":1},{""price"":77084.45,""size"":0.02594558,""num_orders"":2},{""price"":77085.52,""size"":0.0706369,""num_orders"":1},{""price"":77086.0,""size"":0.00040198,""num_orders"":1},{""price"":77086.88,""size"":0.0779891,""num_orders"":1},{""price"":77088.65,""size"":0.34741467,""num_orders"":2}]"
btc_usd_d10_20260911T041027Z,32,2026-09-11T04:42:27.547581Z,2026-09-11T04:42:27.547715Z,BTC-USD,10,ok,,135913427021,2026-09-11T04:42:25.067937667Z,0.29341781,0.4437075,-0.203886215764,77101.289999999994,77101.300000000003,77101.294999999998,0.010000000009,0.001296995078,"[{""price"":77101.29,""size"":0.01809012,""num_orders"":2},{""price"":77099.74,""size"":0.02594042,""num_orders"":2},{""price"":77099.0,""size"":0.00986899,""num_orders"":1},{""price"":77098.69,""size"":0.00259404,""num_orders"":1},{""price"":77097.93,""size"":0.10376413,""num_orders"":1},{""price"":77097.39,""size"":0.00029806,""num_orders"":1},{""price"":77097.19,""size"":0.01186292,""num_orders"":1},{""price"":77096.12,""size"":0.06700097,""num_orders"":1},{""price"":77096.1,""size"":0.03399816,""num_orders"":1},{""price"":77094.27,""size"":0.02,""num_orders"":1}]","[{""price"":77101.3,""size"":0.06434295,""num_orders"":4},{""price"":77101.6,""size"":0.0779891,""num_orders"":1},{""price"":77102.04,""size"":0.06485036,""num_orders"":1},{""price"":77102.27,""size"":8.5e-07,""num_orders"":1},{""price"":77102.71,""size"":0.025,""num_orders"":1},{""price"":77102.74,""size"":1.001e-05,""num_orders"":1},{""price"":77102.85,""size"":0.02593938,""num_orders"":2},{""price"":77103.29,""size"":0.10375693,""num_orders"":1},{""price"":77103.74,""size"":0.00398536,""num_orders"":1},{""price"":77104.35,""size"":0.07783256,""num_orders"":1}]"
btc_usd_d10_20260911T041027Z,33,2026-09-11T04:43:27.547581Z,2026-09-11T04:43:27.547734Z,BTC-USD,10,ok,,135913454715,2026-09-11T04:43:26.122691913Z,0.41612358,0.33370448,0.109917332248,77062.169999999998,77062.179999999993,77062.174999999988,0.009999999995,0.001297653485,"[{""price"":77062.17,""size"":2.076e-05,""num_orders"":1},{""price"":77062.16,""size"":1.5e-05,""num_orders"":1},{""price"":77058.77,""size"":0.0468,""num_orders"":1},{""price"":77057.78,""size"":0.06197947,""num_orders"":1},{""price"":77057.77,""size"":0.1038182,""num_orders"":1},{""price"":77057.27,""size"":0.0186465,""num_orders"":1},{""price"":77057.26,""size"":0.01061683,""num_orders"":1},{""price"":77056.25,""size"":0.01061683,""num_orders"":1},{""price"":77055.0,""size"":0.01,""num_orders"":1},{""price"":77053.83,""size"":0.15360999,""num_orders"":1}]","[{""price"":77062.18,""size"":0.0468,""num_orders"":1},{""price"":77062.97,""size"":0.00415246,""num_orders"":1},{""price"":77063.06,""size"":0.00259499,""num_orders"":1},{""price"":77063.8,""size"":0.06317533,""num_orders"":1},{""price"":77064.17,""size"":0.025,""num_orders"":1},{""price"":77064.9,""size"":0.00415246,""num_orders"":1},{""price"":77065.59,""size"":0.00084347,""num_orders"":1},{""price"":77066.76,""size"":0.0779891,""num_orders"":1},{""price"":77066.77,""size"":0.10380609,""num_orders"":1},{""price"":77067.5,""size"":0.00519058,""num_orders"":1}]"
btc_usd_d10_20260911T041027Z,34,2026-09-11T04:44:27.547581Z,2026-09-11T04:44:27.547723Z,BTC-USD,10,ok,,135913484918,2026-09-11T04:44:27.400323113Z,0.40844769,0.65412869,-0.23121255528,77067.860000000001,77067.869999999995,77067.864999999991,0.009999999995,0.001297557678,"[{""price"":77067.86,""size"":0.02926806,""num_orders"":4},{""price"":77066.31,""size"":0.02595168,""num_orders"":2},{""price"":77065.33,""size"":0.0005087,""num_orders"":1},{""price"":77063.19,""size"":0.0180007,""num_orders"":1},{""price"":77062.63,""size"":0.00600034,""num_orders"":1},{""price"":77060.84,""size"":0.02,""num_orders"":1},{""price"":77060.83,""size"":0.11091486,""num_orders"":2},{""price"":77060.81,""size"":0.016,""num_orders"":1},{""price"":77060.7,""size"":0.10381425,""num_orders"":1},{""price"":77060.08,""size"":0.0779891,""num_orders"":1}]","[{""price"":77067.87,""size"":0.0468,""num_orders"":1},{""price"":77068.08,""size"":0.22703521,""num_orders"":1},{""price"":77068.09,""size"":0.10380431,""num_orders"":1},{""price"":77068.1,""size"":0.06488024,""num_orders"":1},{""price"":77069.22,""size"":0.00983656,""num_orders"":4},{""price"":77069.25,""size"":0.03076907,""num_orders"":1},{""price"":77069.42,""size"":0.02595062,""num_orders"":2},{""price"":77070.44,""size"":0.06317097,""num_orders"":1},{""price"":77071.11,""size"":0.0779891,""num_orders"":1},{""price"":77071.67,""size"":0.00389261,""num_orders"":1}]"
btc_usd_d10_20260911T041027Z,35,2026-09-11T04:45:27.547581Z,2026-09-11T04:45:27.547733Z,BTC-USD,10,ok,,135913505137,2026-09-11T04:45:25.566349476Z,0.38959306,0.7215397,-0.29874615523,77071.389999999999,77071.399999999994,77071.39499999999,0.009999999995,0.001297498248,"[{""price"":77071.39,""size"":0.26371107,""num_orders"":6},{""price"":77070.54,""size"":0.025,""num_orders"":1},{""price"":77069.84,""size"":0.02595048,""num_orders"":2},{""price"":77069.82,""size"":0.01220972,""num_orders"":2},{""price"":77069.21,""size"":8.649e-05,""num_orders"":1},{""price"":77067.21,""size"":0.0071259,""num_orders"":1},{""price"":77067.14,""size"":0.017,""num_orders"":1},{""price"":77065.33,""size"":0.0005087,""num_orders"":1},{""price"":77063.2,""size"":0.02,""num_orders"":1},{""price"":77063.19,""size"":0.0180007,""num_orders"":1}]","[{""price"":77071.4,""size"":0.04868537,""num_orders"":14},{""price"":77071.5,""size"":0.0779891,""num_orders"":1},{""price"":77071.51,""size"":0.27323962,""num_orders"":2},{""price"":77071.52,""size"":0.06487727,""num_orders"":1},{""price"":77071.95,""size"":0.10379911,""num_orders"":1},{""price"":77072.95,""size"":0.02594944,""num_orders"":2},{""price"":77073.33,""size"":0.00415199,""num_orders"":1},{""price"":77074.01,""size"":0.04096616,""num_orders"":3},{""price"":77074.26,""size"":0.00389254,""num_orders"":1},{""price"":77075.14,""size"":0.0779891,""num_orders"":1}]"
btc_usd_d10_20260911T041027Z,36,2026-09-11T04:46:27.547581Z,2026-09-11T04:46:27.547710Z,BTC-USD,10,ok,,135913532427,2026-09-11T04:46:25.130663894Z,0.57483529,0.20132108,0.481235772116,77063.179999999993,77063.190000000002,77063.184999999998,0.010000000009,0.00129763648,"[{""price"":77063.18,""size"":0.21998313,""num_orders"":5},{""price"":77063.1,""size"":0.12083849,""num_orders"":2},{""price"":77063.09,""size"":0.10381103,""num_orders"":1},{""price"":77062.18,""size"":3.27e-05,""num_orders"":1},{""price"":77062.16,""size"":1.5e-05,""num_orders"":1},{""price"":77062.0,""size"":0.00021256,""num_orders"":1},{""price"":77061.63,""size"":0.02595326,""num_orders"":2},{""price"":77060.21,""size"":0.01300001,""num_orders"":1},{""price"":77060.04,""size"":0.0779891,""num_orders"":1},{""price"":77059.05,""size"":0.01300001,""num_orders"":1}]","[{""price"":77063.19,""size"":0.00978292,""num_orders"":2},{""price"":77064.43,""size"":0.00388339,""num_orders"":1},{""price"":77064.75,""size"":0.0259522,""num_orders"":2},{""price"":77065.13,""size"":0.00415243,""num_orders"":1},{""price"":77065.8,""size"":0.06488137,""num_orders"":1},{""price"":77066.57,""size"":0.0051901,""num_orders"":2},{""price"":77067.73,""size"":0.00519054,""num_orders"":1},{""price"":77068.06,""size"":0.00084346,""num_orders"":1},{""price"":77070.15,""size"":0.0779891,""num_orders"":1},{""price"":77071.41,""size"":0.00345557,""num_orders"":1}]"
btc_usd_d10_20260911T041027Z,37,2026-09-11T04:47:27.547581Z,2026-09-11T04:47:27.547712Z,BTC-USD,10,ok,,135913555416,2026-09-11T04:47:26.143838522Z,0.70921401,0.59400311,0.088404992715,77076.529999999999,77076.539999999994,77076.535000000003,0.009999999995,0.001297411721,"[{""price"":77076.53,""size"":0.08699085,""num_orders"":4},{""price"":77076.37,""size"":0.09793712,""num_orders"":1},{""price"":77074.98,""size"":0.02594876,""num_orders"":2},{""price"":77074.31,""size"":0.10379593,""num_orders"":1},{""price"":77073.76,""size"":0.02000001,""num_orders"":1},{""price"":77072.97,""size"":0.05801433,""num_orders"":2},{""price"":77070.71,""size"":0.0779891,""num_orders"":1},{""price"":77069.57,""size"":0.02199999,""num_orders"":1},{""price"":77068.4,""size"":0.13854882,""num_orders"":1},{""price"":77068.39,""size"":0.0779891,""num_orders"":1}]","[{""price"":77076.54,""size"":0.0195736,""num_orders"":6},{""price"":77076.86,""size"":0.06487461,""num_orders"":1},{""price"":77078.09,""size"":0.02594772,""num_orders"":2},{""price"":77079.42,""size"":0.00084331,""num_orders"":1},{""price"":77079.96,""size"":0.01612991,""num_orders"":1},{""price"":77080.94,""size"":0.0779891,""num_orders"":1},{""price"":77081.11,""size"":0.10378678,""num_orders"":1},{""price"":77083.27,""size"":0.0779891,""num_orders"":1},{""price"":77083.28,""size"":0.19112903,""num_orders"":2},{""price"":77085.0,""size"":0.01573995,""num_orders"":7}]"
btc_usd_d10_20260911T041027Z,38,2026-09-11T04:48:27.547581Z,2026-09-11T04:48:27.547691Z,BTC-USD,10,ok,,135913578620,2026-09-11T04:48:27.298932669Z,0.43752809,0.63484306,-0.183998767591,77086.940000000002,77086.949999999997,77086.945000000007,0.009999999995,0.001297236516,"[{""price"":77086.94,""size"":0.00287812,""num_orders"":2},{""price"":77085.42,""size"":0.00036336,""num_orders"":1},{""price"":77085.4,""size"":0.0156366,""num_orders"":2},{""price"":77085.39,""size"":0.02594526,""num_orders"":2},{""price"":77085.22,""size"":0.025,""num_orders"":1},{""price"":77084.69,""size"":0.09892734,""num_orders"":2},{""price"":77084.43,""size"":0.10378229,""num_orders"":1},{""price"":77083.91,""size"":0.02100001,""num_orders"":1},{""price"":77083.24,""size"":0.0250027,""num_orders"":1},{""price"":77080.51,""size"":0.11899241,""num_orders"":1}]","[{""price"":77086.95,""size"":0.06612236,""num_orders"":3},{""price"":77087.4,""size"":0.06486374,""num_orders"":1},{""price"":77087.54,""size"":0.00345565,""num_orders"":1},{""price"":77087.55,""size"":0.0779891,""num_orders"":1},{""price"":77088.5,""size"":0.0259442,""num_orders"":2},{""price"":77090.0,""size"":0.0224527,""num_orders"":1},{""price"":77090.11,""size"":0.0779891,""num_orders"":1},{""price"":77090.26,""size"":0.10377446,""num_orders"":1},{""price"":77091.08,""size"":1.5e-05,""num_orders"":1},{""price"":77094.32,""size"":0.19223675,""num_orders"":1}]"
btc_usd_d10_20260911T041027Z,39,2026-09-11T04:49:27.547581Z,2026-09-11T04:49:27.547730Z,BTC-USD,10,ok,,135913599890,2026-09-11T04:49:25.082547147Z,0.78336754,0.38630125,0.339468996176,77071.059999999998,77071.070000000007,77071.065000000002,0.010000000009,0.001297503805,"[{""price"":77071.06,""size"":0.18863212,""num_orders"":6},{""price"":77070.5,""size"":0.1240213,""num_orders"":1},{""price"":77070.49,""size"":0.10380107,""num_orders"":1},{""price"":77069.19,""size"":0.0259507,""num_orders"":2},{""price"":77068.24,""size"":0.0779891,""num_orders"":1},{""price"":77065.46,""size"":0.02,""num_orders"":1},{""price"":77065.45,""size"":0.13498415,""num_orders"":1},{""price"":77065.44,""size"":0.0779891,""num_orders"":1},{""price"":77065.0,""size"":0.01,""num_orders"":1},{""price"":77063.36,""size"":0.02,""num_orders"":1}]","[{""price"":77071.07,""size"":0.00296335,""num_orders"":1},{""price"":77072.49,""size"":0.00084337,""num_orders"":1},{""price"":77072.62,""size"":0.02594956,""num_orders"":2},{""price"":77073.2,""size"":0.00345556,""num_orders"":1},{""price"":77075.11,""size"":0.00345558,""num_orders"":1},{""price"":77075.57,""size"":0.06486337,""num_orders"":1},{""price"":77075.71,""size"":0.025,""num_orders"":1},{""price"":77077.04,""size"":0.10379226,""num_orders"":1},{""price"":77077.09,""size"":0.0779891,""num_orders"":1},{""price"":77079.69,""size"":0.0779891,""num_orders"":1}]"
btc_usd_d10_20260911T041027Z,40,2026-09-11T04:50:27.547581Z,2026-09-11T04:50:27.547732Z,BTC-USD,10,ok,,135913622879,2026-09-11T04:50:25.793277327Z,0.84961157,0.38009472,0.381812188665,77076.520000000004,77080.199999999997,77078.360000000001,3.679999999993,0.477436209073,"[{""price"":77076.52,""size"":0.17934617,""num_orders"":2},{""price"":77076.51,""size"":0.1181,""num_orders"":1},{""price"":77074.84,""size"":0.0779891,""num_orders"":1},{""price"":77074.34,""size"":0.10379588,""num_orders"":1},{""price"":77073.58,""size"":0.00042309,""num_orders"":1},{""price"":77072.52,""size"":0.05262797,""num_orders"":1},{""price"":77072.51,""size"":0.0779891,""num_orders"":1},{""price"":77071.06,""size"":0.00016496,""num_orders"":2},{""price"":77070.0,""size"":0.01,""num_orders"":1},{""price"":77068.82,""size"":0.2291753,""num_orders"":1}]","[{""price"":77080.2,""size"":0.00415162,""num_orders"":1},{""price"":77080.21,""size"":0.01612089,""num_orders"":8},{""price"":77080.7,""size"":0.06487292,""num_orders"":1},{""price"":77081.0,""size"":0.0779891,""num_orders"":1},{""price"":77081.01,""size"":0.10378692,""num_orders"":1},{""price"":77082.14,""size"":0.00415151,""num_orders"":1},{""price"":77082.83,""size"":0.00084327,""num_orders"":1},{""price"":77082.96,""size"":0.025,""num_orders"":1},{""price"":77083.94,""size"":0.0779891,""num_orders"":1},{""price"":77084.74,""size"":0.00518939,""num_orders"":1}]"
btc_usd_d10_20260911T041027Z,41,2026-09-11T04:51:27.547581Z,2026-09-11T04:51:27.547718Z,BTC-USD,10,ok,,135913651821,2026-09-11T04:51:26.149060734Z,0.66288755,0.51034924,0.130014939269,77099.789999999994,77099.800000000003,77099.794999999998,0.010000000009,0.001297020311,"[{""price"":77099.79,""size"":0.04681675,""num_orders"":2},{""price"":77098.98,""size"":0.08164072,""num_orders"":1},{""price"":77098.24,""size"":0.02594092,""num_orders"":2},{""price"":77097.97,""size"":0.10376407,""num_orders"":1},{""price"":77095.56,""size"":0.02,""num_orders"":1},{""price"":77095.55,""size"":0.16604162,""num_orders"":2},{""price"":77095.54,""size"":0.1181,""num_orders"":1},{""price"":77094.49,""size"":0.02,""num_orders"":1},{""price"":77094.48,""size"":0.0779891,""num_orders"":1},{""price"":77094.47,""size"":0.00259437,""num_orders"":1}]","[{""price"":77099.8,""size"":0.07164156,""num_orders"":3},{""price"":77099.81,""size"":0.00650829,""num_orders"":3},{""price"":77100.42,""size"":0.06485925,""num_orders"":1},{""price"":77100.72,""size"":1.5e-05,""num_orders"":1},{""price"":77101.13,""size"":0.01147485,""num_orders"":1},{""price"":77101.36,""size"":0.02593988,""num_orders"":2},{""price"":77103.2,""size"":0.0779891,""num_orders"":1},{""price"":77104.07,""size"":0.10375588,""num_orders"":1},{""price"":77104.91,""size"":0.025,""num_orders"":1},{""price"":77105.21,""size"":0.12316543,""num_orders"":1}]"
btc_usd_d10_20260911T041027Z,42,2026-09-11T04:52:27.547581Z,2026-09-11T04:52:27.547717Z,BTC-USD,10,ok,,135913674835,2026-09-11T04:52:25.790381640Z,0.7656362,0.37800729,0.338942085877,77106.860000000001,77106.869999999995,77106.864999999991,0.009999999995,0.001296901384,"[{""price"":77106.86,""size"":0.07035337,""num_orders"":3},{""price"":77105.32,""size"":0.0173287,""num_orders"":1},{""price"":77105.31,""size"":0.02593856,""num_orders"":2},{""price"":77105.12,""size"":0.00308774,""num_orders"":1},{""price"":77102.17,""size"":0.1027055,""num_orders"":3},{""price"":77102.16,""size"":0.0779891,""num_orders"":1},{""price"":77101.33,""size"":0.10385643,""num_orders"":2},{""price"":77099.81,""size"":0.1682877,""num_orders"":2},{""price"":77099.69,""size"":0.0779891,""num_orders"":1},{""price"":77099.13,""size"":0.1181,""num_orders"":1}]","[{""price"":77106.87,""size"":0.01096613,""num_orders"":3},{""price"":77107.45,""size"":0.06485268,""num_orders"":1},{""price"":77107.82,""size"":1.494e-05,""num_orders"":1},{""price"":77107.99,""size"":0.00084298,""num_orders"":1},{""price"":77108.06,""size"":0.025,""num_orders"":1},{""price"":77108.11,""size"":0.0779891,""num_orders"":1},{""price"":77108.12,""size"":0.06296276,""num_orders"":1},{""price"":77108.13,""size"":0.10375041,""num_orders"":1},{""price"":77108.42,""size"":0.0259375,""num_orders"":2},{""price"":77108.82,""size"":0.00569079,""num_orders"":1}]"
btc_usd_d10_20260911T041027Z,43,2026-09-11T04:53:27.547581Z,2026-09-11T04:53:27.547709Z,BTC-USD,10,ok,,135913696751,2026-09-11T04:53:27.305737979Z,0.44497995,0.46894332,-0.026220330291,77099.899999999994,77099.910000000003,77099.904999999999,0.010000000009,0.001297018461,"[{""price"":77099.9,""size"":0.06561694,""num_orders"":3},{""price"":77099.75,""size"":0.00259399,""num_orders"":1},{""price"":77098.0,""size"":0.00992136,""num_orders"":3},{""price"":77097.22,""size"":2.62e-05,""num_orders"":1},{""price"":77096.99,""size"":0.10850745,""num_orders"":1},{""price"":77096.98,""size"":0.0779891,""num_orders"":1},{""price"":77096.97,""size"":0.10376542,""num_orders"":1},{""price"":77095.0,""size"":0.01,""num_orders"":1},{""price"":77092.86,""size"":0.02,""num_orders"":1},{""price"":77092.85,""size"":0.04655949,""num_orders"":1}]","[{""price"":77099.91,""size"":0.0468,""num_orders"":1},{""price"":77101.44,""size"":0.00415041,""num_orders"":1},{""price"":77103.25,""size"":0.10375698,""num_orders"":1},{""price"":77103.72,""size"":0.00415039,""num_orders"":1},{""price"":77103.91,""size"":0.025,""num_orders"":1},{""price"":77104.18,""size"":0.00084304,""num_orders"":1},{""price"":77105.23,""size"":0.0779891,""num_orders"":1},{""price"":77105.91,""size"":0.00518801,""num_orders"":1},{""price"":77105.97,""size"":0.13621273,""num_orders"":1},{""price"":77105.98,""size"":0.06485266,""num_orders"":1}]"
btc_usd_d10_20260911T041027Z,44,2026-09-11T04:54:27.547581Z,2026-09-11T04:54:27.547705Z,BTC-USD,10,ok,,135913716678,2026-09-11T04:54:24.760909702Z,0.98941985,0.74458582,0.141195634037,77103.029999999999,77103.039999999994,77103.035000000003,0.009999999995,0.001296965806,"[{""price"":77103.03,""size"":0.08383969,""num_orders"":4},{""price"":77101.49,""size"":0.01703476,""num_orders"":1},{""price"":77101.48,""size"":0.02593984,""num_orders"":2},{""price"":77100.98,""size"":0.0025941,""num_orders"":1},{""price"":77099.68,""size"":0.02,""num_orders"":1},{""price"":77099.67,""size"":0.29016046,""num_orders"":1},{""price"":77099.66,""size"":0.1181,""num_orders"":1},{""price"":77099.58,""size"":0.1037619,""num_orders"":1},{""price"":77098.02,""size"":0.0779891,""num_orders"":1},{""price"":77098.01,""size"":0.25,""num_orders"":1}]","[{""price"":77103.04,""size"":0.0328,""num_orders"":1},{""price"":77103.39,""size"":0.0779891,""num_orders"":1},{""price"":77103.8,""size"":0.06485251,""num_orders"":1},{""price"":77104.59,""size"":0.0259388,""num_orders"":2},{""price"":77104.97,""size"":0.00415029,""num_orders"":1},{""price"":77105.48,""size"":0.10375398,""num_orders"":1},{""price"":77105.84,""size"":0.28242968,""num_orders"":1},{""price"":77105.85,""size"":0.0779891,""num_orders"":1},{""price"":77106.86,""size"":0.0094,""num_orders"":1},{""price"":77106.87,""size"":0.06528236,""num_orders"":4}]"
btc_usd_d10_20260911T041027Z,45,2026-09-11T04:55:27.547581Z,2026-09-11T04:55:27.547719Z,BTC-USD,10,ok,,135913737897,2026-09-11T04:55:24.743586513Z,0.85664971,0.50277893,0.26030846312,77111.080000000002,77111.089999999997,77111.084999999992,0.009999999995,0.00129683041,"[{""price"":77111.08,""size"":0.10014253,""num_orders"":4},{""price"":77110.16,""size"":0.00259377,""num_orders"":1},{""price"":77109.54,""size"":0.07544368,""num_orders"":2},{""price"":77109.53,""size"":0.02593714,""num_orders"":2},{""price"":77108.29,""size"":0.10375019,""num_orders"":1},{""price"":77106.98,""size"":0.04655949,""num_orders"":1},{""price"":77106.97,""size"":0.0779891,""num_orders"":1},{""price"":77103.83,""size"":0.02,""num_orders"":1},{""price"":77103.82,""size"":0.084985,""num_orders"":2},{""price"":77103.81,""size"":0.31924881,""num_orders"":1}]","[{""price"":77111.09,""size"":0.00871261,""num_orders"":3},{""price"":77111.77,""size"":0.06484435,""num_orders"":1},{""price"":77112.16,""size"":0.00336681,""num_orders"":1},{""price"":77112.7,""size"":0.02593606,""num_orders"":2},{""price"":77113.29,""size"":0.025,""num_orders"":1},{""price"":77114.46,""size"":0.06527251,""num_orders"":1},{""price"":77114.47,""size"":0.10374188,""num_orders"":1},{""price"":77116.17,""size"":0.0779891,""num_orders"":1},{""price"":77116.4,""size"":0.04992651,""num_orders"":1},{""price"":77118.51,""size"":0.0779891,""num_orders"":1}]"
btc_usd_d10_20260911T041027Z,46,2026-09-11T04:56:27.547581Z,2026-09-11T04:56:27.547727Z,BTC-USD,10,ok,,135913758189,2026-09-11T04:56:26.144406817Z,1.16391743,0.40027363,0.488203659724,77104.809999999998,77104.820000000007,77104.815000000002,0.010000000009,0.001296935867,"[{""price"":77104.81,""size"":0.21939259,""num_orders"":6},{""price"":77104.3,""size"":0.15058954,""num_orders"":1},{""price"":77104.29,""size"":0.10375556,""num_orders"":1},{""price"":77103.27,""size"":0.00019402,""num_orders"":1},{""price"":77103.26,""size"":0.02593924,""num_orders"":2},{""price"":77103.03,""size"":0.0002976,""num_orders"":1},{""price"":77101.14,""size"":0.0779891,""num_orders"":1},{""price"":77099.98,""size"":0.25777068,""num_orders"":1},{""price"":77098.02,""size"":0.0779891,""num_orders"":1},{""price"":77098.01,""size"":0.25,""num_orders"":1}]","[{""price"":77104.82,""size"":0.01106139,""num_orders"":2},{""price"":77106.37,""size"":0.0259382,""num_orders"":2},{""price"":77106.75,""size"":0.00415023,""num_orders"":1},{""price"":77107.88,""size"":0.0779891,""num_orders"":1},{""price"":77109.35,""size"":0.00518779,""num_orders"":1},{""price"":77110.79,""size"":0.0779891,""num_orders"":1},{""price"":77111.01,""size"":0.02409263,""num_orders"":1},{""price"":77111.09,""size"":0.00527785,""num_orders"":3},{""price"":77111.66,""size"":0.10374566,""num_orders"":1},{""price"":77111.67,""size"":0.06484168,""num_orders"":1}]"
btc_usd_d10_20260911T041027Z,47,2026-09-11T04:57:27.547581Z,2026-09-11T04:57:27.547711Z,BTC-USD,10,ok,,135913779803,2026-09-11T04:57:25.784625623Z,0.56143124,0.63867113,-0.064361084463,77121,77121.009999999995,77121.005000000005,0.009999999995,0.0012966636,"[{""price"":77121.0,""size"":0.01739783,""num_orders"":3},{""price"":77120.76,""size"":0.025,""num_orders"":1},{""price"":77119.45,""size"":0.0259338,""num_orders"":2},{""price"":77118.53,""size"":0.0748617,""num_orders"":1},{""price"":77117.68,""size"":0.10373755,""num_orders"":1},{""price"":77116.33,""size"":0.00729648,""num_orders"":3},{""price"":77113.93,""size"":2.13e-06,""num_orders"":1},{""price"":77113.45,""size"":0.11111265,""num_orders"":2},{""price"":77113.44,""size"":0.0779891,""num_orders"":1},{""price"":77113.28,""size"":0.1181,""num_orders"":1}]","[{""price"":77121.01,""size"":0.09621809,""num_orders"":3},{""price"":77121.39,""size"":0.00205564,""num_orders"":2},{""price"":77122.0,""size"":0.06483711,""num_orders"":1},{""price"":77122.42,""size"":6.483e-05,""num_orders"":1},{""price"":77122.56,""size"":0.02593274,""num_orders"":2},{""price"":77123.21,""size"":0.10373012,""num_orders"":1},{""price"":77124.52,""size"":0.0779891,""num_orders"":1},{""price"":77125.34,""size"":0.12820733,""num_orders"":1},{""price"":77126.87,""size"":0.0779891,""num_orders"":1},{""price"":77127.2,""size"":0.06164707,""num_orders"":1}]"
btc_usd_d10_20260911T041027Z,48,2026-09-11T04:58:27.547581Z,2026-09-11T04:58:27.547707Z,BTC-USD,10,ok,,135913802677,2026-09-11T04:58:27.089281470Z,0.64116285,1.45147913,-0.38722164983,77100,77100.009999999995,77100.005000000005,0.009999999995,0.001297016776,"[{""price"":77100.0,""size"":0.02988935,""num_orders"":1},{""price"":77098.01,""size"":0.25,""num_orders"":1},{""price"":77095.23,""size"":0.025,""num_orders"":1},{""price"":77095.0,""size"":0.01,""num_orders"":1},{""price"":77093.14,""size"":0.10377057,""num_orders"":1},{""price"":77091.08,""size"":1.5e-05,""num_orders"":1},{""price"":77090.0,""size"":0.01,""num_orders"":1},{""price"":77087.43,""size"":0.0779891,""num_orders"":1},{""price"":77087.42,""size"":0.12989439,""num_orders"":1},{""price"":77086.0,""size"":0.00460444,""num_orders"":1}]","[{""price"":77100.01,""size"":0.40856883,""num_orders"":5},{""price"":77100.02,""size"":0.0779891,""num_orders"":1},{""price"":77100.57,""size"":0.00389081,""num_orders"":1},{""price"":77101.94,""size"":0.00415045,""num_orders"":1},{""price"":77102.26,""size"":0.29559254,""num_orders"":1},{""price"":77102.27,""size"":0.253553,""num_orders"":2},{""price"":77103.28,""size"":0.24157689,""num_orders"":3},{""price"":77104.11,""size"":0.06484496,""num_orders"":1},{""price"":77104.54,""size"":0.00518806,""num_orders"":1},{""price"":77104.66,""size"":0.09612449,""num_orders"":1}]"
btc_usd_d10_20260911T041027Z,49,2026-09-11T04:59:27.547581Z,2026-09-11T04:59:27.547723Z,BTC-USD,10,ok,,135913830452,2026-09-11T04:59:27.093432803Z,0.5074423,0.59774722,-0.081709895331,77091.080000000002,77091.089999999997,77091.084999999992,0.009999999995,0.001297166851,"[{""price"":77091.08,""size"":0.00280458,""num_orders"":6},{""price"":77090.0,""size"":0.00064813,""num_orders"":1},{""price"":77089.53,""size"":0.02594386,""num_orders"":2},{""price"":77088.37,""size"":0.103777,""num_orders"":1},{""price"":77087.75,""size"":0.025,""num_orders"":1},{""price"":77086.0,""size"":0.00460444,""num_orders"":1},{""price"":77085.0,""size"":0.01,""num_orders"":1},{""price"":77083.71,""size"":0.0779891,""num_orders"":1},{""price"":77081.47,""size"":0.064985,""num_orders"":1},{""price"":77081.46,""size"":0.19169019,""num_orders"":1}]","[{""price"":77091.09,""size"":0.00216087,""num_orders"":2},{""price"":77092.63,""size"":0.0779891,""num_orders"":1},{""price"":77092.64,""size"":0.02594282,""num_orders"":2},{""price"":77094.66,""size"":0.10376854,""num_orders"":1},{""price"":77096.3,""size"":0.14434883,""num_orders"":1},{""price"":77096.32,""size"":0.0779891,""num_orders"":1},{""price"":77096.33,""size"":0.07077032,""num_orders"":1},{""price"":77096.89,""size"":0.00717712,""num_orders"":2},{""price"":77096.9,""size"":0.00572,""num_orders"":1},{""price"":77099.09,""size"":0.08188052,""num_orders"":2}]"
btc_usd_d10_20260911T041027Z,50,2026-09-11T05:00:27.547581Z,2026-09-11T05:00:27.547724Z,BTC-USD,10,ok,,135913858424,2026-09-11T05:00:27.305904149Z,0.46229629,0.91520559,-0.328790331669,77071.800000000003,77071.809999999998,77071.804999999993,0.009999999995,0.001297491345,"[{""price"":77071.8,""size"":1.5e-05,""num_orders"":1},{""price"":77065.08,""size"":0.14065441,""num_orders"":2},{""price"":77065.0,""size"":0.01,""num_orders"":1},{""price"":77064.98,""size"":0.10380849,""num_orders"":1},{""price"":77063.58,""size"":0.00287189,""num_orders"":1},{""price"":77063.36,""size"":0.00580897,""num_orders"":1},{""price"":77063.35,""size"":0.1181,""num_orders"":1},{""price"":77063.05,""size"":0.0779891,""num_orders"":1},{""price"":77062.94,""size"":0.00303343,""num_orders"":1},{""price"":77062.16,""size"":1.5e-05,""num_orders"":1}]","[{""price"":77071.81,""size"":0.10753374,""num_orders"":2},{""price"":77071.82,""size"":0.0779891,""num_orders"":1},{""price"":77071.94,""size"":0.00084336,""num_orders"":1},{""price"":77073.13,""size"":0.27245906,""num_orders"":1},{""price"":77073.14,""size"":0.2,""num_orders"":1},{""price"":77073.36,""size"":0.0259493,""num_orders"":2},{""price"":77073.74,""size"":0.00415197,""num_orders"":1},{""price"":77075.11,""size"":0.025,""num_orders"":1},{""price"":77075.46,""size"":0.1960891,""num_orders"":2},{""price"":77076.34,""size"":0.00518996,""num_orders"":1}]"
btc_usd_d10_20260911T041027Z,51,2026-09-11T05:01:27.547581Z,2026-09-11T05:01:27.547712Z,BTC-USD,10,ok,,135913880552,2026-09-11T05:01:25.585517929Z,0.158709,0.81289623,-0.673305587291,77068.410000000003,77068.419999999998,77068.415000000008,0.009999999995,0.001297548418,"[{""price"":77068.41,""size"":0.00023391,""num_orders"":2},{""price"":77066.61,""size"":0.02595158,""num_orders"":2},{""price"":77066.57,""size"":9.724e-05,""num_orders"":1},{""price"":77064.61,""size"":2.426e-05,""num_orders"":1},{""price"":77063.6,""size"":0.0019331,""num_orders"":1},{""price"":77063.58,""size"":0.00287189,""num_orders"":1},{""price"":77062.94,""size"":0.00303343,""num_orders"":1},{""price"":77062.16,""size"":1.5e-05,""num_orders"":1},{""price"":77062.11,""size"":0.04655949,""num_orders"":1},{""price"":77062.1,""size"":0.0779891,""num_orders"":1}]","[{""price"":77068.42,""size"":0.00106985,""num_orders"":2},{""price"":77068.43,""size"":0.0008434,""num_orders"":1},{""price"":77068.52,""size"":0.10380374,""num_orders"":1},{""price"":77069.98,""size"":0.27467768,""num_orders"":1},{""price"":77069.99,""size"":0.0779891,""num_orders"":1},{""price"":77070.0,""size"":0.19999934,""num_orders"":3},{""price"":77070.01,""size"":0.00028936,""num_orders"":1},{""price"":77070.14,""size"":0.02595038,""num_orders"":2},{""price"":77070.62,""size"":0.06339427,""num_orders"":1},{""price"":77070.63,""size"":0.06487911,""num_orders"":1}]"
btc_usd_d10_20260911T041027Z,52,2026-09-11T05:02:27.547581Z,2026-09-11T05:02:27.547737Z,BTC-USD,10,ok,,135913903521,2026-09-11T05:02:26.637461867Z,0.40839966,0.77070539,-0.307271799065,77062.169999999998,77062.179999999993,77062.174999999988,0.009999999995,0.001297653485,"[{""price"":77062.17,""size"":0.01566104,""num_orders"":5},{""price"":77062.16,""size"":4.853e-05,""num_orders"":1},{""price"":77061.0,""size"":0.00499994,""num_orders"":1},{""price"":77060.63,""size"":0.0304193,""num_orders"":1},{""price"":77060.62,""size"":0.0259536,""num_orders"":2},{""price"":77059.64,""size"":0.025,""num_orders"":1},{""price"":77057.72,""size"":0.10381827,""num_orders"":1},{""price"":77056.64,""size"":0.11450988,""num_orders"":1},{""price"":77056.63,""size"":0.0779891,""num_orders"":1},{""price"":77055.0,""size"":0.01,""num_orders"":1}]","[{""price"":77062.18,""size"":0.0121032,""num_orders"":2},{""price"":77062.57,""size"":0.064883,""num_orders"":1},{""price"":77063.15,""size"":0.10381096,""num_orders"":1},{""price"":77063.34,""size"":0.00259532,""num_orders"":1},{""price"":77063.73,""size"":0.02595254,""num_orders"":2},{""price"":77068.42,""size"":0.00474704,""num_orders"":2},{""price"":77069.84,""size"":0.0805548,""num_orders"":1},{""price"":77069.85,""size"":0.35766917,""num_orders"":1},{""price"":77069.91,""size"":0.1181,""num_orders"":1},{""price"":77070.01,""size"":0.00028936,""num_orders"":1}]"
btc_usd_d10_20260911T041027Z,53,2026-09-11T05:03:27.547581Z,2026-09-11T05:03:27.547740Z,BTC-USD,10,ok,,135913925132,2026-09-11T05:03:26.143666049Z,0.45355668,0.48269671,-0.031124084902,77061.759999999995,77061.770000000004,77061.764999999999,0.010000000009,0.001297660391,"[{""price"":77061.76,""size"":0.0209415,""num_orders"":6},{""price"":77061.0,""size"":0.00506991,""num_orders"":4},{""price"":77060.21,""size"":0.02595374,""num_orders"":2},{""price"":77057.29,""size"":0.025,""num_orders"":1},{""price"":77055.02,""size"":0.05692508,""num_orders"":1},{""price"":77055.01,""size"":0.0779891,""num_orders"":1},{""price"":77055.0,""size"":0.01,""num_orders"":1},{""price"":77054.79,""size"":0.0073628,""num_orders"":1},{""price"":77053.87,""size"":0.12049107,""num_orders"":1},{""price"":77053.86,""size"":0.10382348,""num_orders"":1}]","[{""price"":77061.77,""size"":0.01545648,""num_orders"":3},{""price"":77062.03,""size"":0.06305615,""num_orders"":1},{""price"":77062.17,""size"":0.0779891,""num_orders"":1},{""price"":77062.18,""size"":0.10381228,""num_orders"":1},{""price"":77063.23,""size"":0.06488304,""num_orders"":1},{""price"":77063.32,""size"":0.02595268,""num_orders"":2},{""price"":77064.0,""size"":0.00259532,""num_orders"":1},{""price"":77064.98,""size"":0.0779891,""num_orders"":1},{""price"":77065.45,""size"":0.0038931,""num_orders"":1},{""price"":77067.46,""size"":0.04706946,""num_orders"":1}]"
btc_usd_d10_20260911T041027Z,54,2026-09-11T05:04:27.547581Z,2026-09-11T05:04:27.547745Z,BTC-USD,10,ok,,135913949386,2026-09-11T05:04:26.893125075Z,0.63620857,0.61015197,0.020906149676,77044.419999999998,77044.429999999993,77044.424999999988,0.009999999995,0.001297952447,"[{""price"":77044.42,""size"":0.22343566,""num_orders"":8},{""price"":77044.05,""size"":0.07748838,""num_orders"":1},{""price"":77044.04,""size"":0.1038367,""num_orders"":1},{""price"":77042.87,""size"":0.02595958,""num_orders"":2},{""price"":77042.32,""size"":0.0618638,""num_orders"":1},{""price"":77041.58,""size"":0.004435,""num_orders"":2},{""price"":77041.1,""size"":0.0779891,""num_orders"":1},{""price"":77039.2,""size"":0.00120035,""num_orders"":1},{""price"":77038.84,""size"":0.02,""num_orders"":1},{""price"":77037.74,""size"":0.04,""num_orders"":1}]","[{""price"":77044.43,""size"":0.07901811,""num_orders"":3},{""price"":77045.98,""size"":0.02595852,""num_orders"":2},{""price"":77046.9,""size"":0.00084366,""num_orders"":1},{""price"":77049.27,""size"":0.12481368,""num_orders"":1},{""price"":77049.28,""size"":0.0779891,""num_orders"":1},{""price"":77049.82,""size"":0.01527991,""num_orders"":1},{""price"":77050.62,""size"":0.10382784,""num_orders"":1},{""price"":77051.61,""size"":0.14181429,""num_orders"":2},{""price"":77052.63,""size"":0.03671329,""num_orders"":1},{""price"":77053.1,""size"":0.00389357,""num_orders"":1}]"
btc_usd_d10_20260911T041027Z,55,2026-09-11T05:05:27.547581Z,2026-09-11T05:05:27.547774Z,BTC-USD,10,ok,,135913973261,2026-09-11T05:05:25.081411490Z,0.76663474,0.5388126,0.174516530096,77044.419999999998,77044.429999999993,77044.424999999988,0.009999999995,0.001297952447,"[{""price"":77044.42,""size"":0.27881188,""num_orders"":8},{""price"":77042.88,""size"":0.07550817,""num_orders"":2},{""price"":77042.87,""size"":0.02595958,""num_orders"":2},{""price"":77042.6,""size"":0.10383865,""num_orders"":1},{""price"":77041.79,""size"":0.04658041,""num_orders"":1},{""price"":77039.28,""size"":0.0779891,""num_orders"":1},{""price"":77039.2,""size"":3.504e-05,""num_orders"":1},{""price"":77038.31,""size"":0.057983,""num_orders"":2},{""price"":77036.61,""size"":0.0779891,""num_orders"":1},{""price"":77035.0,""size"":0.02193981,""num_orders"":2}]","[{""price"":77044.43,""size"":0.08042153,""num_orders"":5},{""price"":77044.99,""size"":0.00084366,""num_orders"":1},{""price"":77045.6,""size"":0.00012976,""num_orders"":1},{""price"":77046.08,""size"":0.0779891,""num_orders"":1},{""price"":77046.09,""size"":0.02595848,""num_orders"":2},{""price"":77048.06,""size"":0.00259611,""num_orders"":1},{""price"":77048.58,""size"":0.10383059,""num_orders"":1},{""price"":77048.6,""size"":0.0779891,""num_orders"":1},{""price"":77049.82,""size"":0.01527991,""num_orders"":1},{""price"":77050.91,""size"":0.15377436,""num_orders"":1}]"
btc_usd_d10_20260911T041027Z,56,2026-09-11T05:06:27.547581Z,2026-09-11T05:06:27.547748Z,BTC-USD,10,ok,,135914002289,2026-09-11T05:06:24.860200823Z,0.6295637,0.542115,0.074635392792,77061.759999999995,77061.770000000004,77061.764999999999,0.010000000009,0.001297660391,"[{""price"":77061.76,""size"":0.02277837,""num_orders"":3},{""price"":77060.43,""size"":0.03045633,""num_orders"":1},{""price"":77060.21,""size"":0.02595374,""num_orders"":2},{""price"":77059.65,""size"":0.025,""num_orders"":1},{""price"":77057.31,""size"":0.15509886,""num_orders"":1},{""price"":77057.3,""size"":0.0779891,""num_orders"":1},{""price"":77057.26,""size"":0.10381889,""num_orders"":1},{""price"":77054.56,""size"":0.0779891,""num_orders"":1},{""price"":77053.47,""size"":0.10787843,""num_orders"":1},{""price"":77052.62,""size"":0.00260088,""num_orders"":1}]","[{""price"":77061.77,""size"":0.0761045,""num_orders"":4},{""price"":77061.89,""size"":0.06488605,""num_orders"":1},{""price"":77062.16,""size"":1.5e-05,""num_orders"":1},{""price"":77062.88,""size"":0.06467924,""num_orders"":1},{""price"":77062.89,""size"":0.10381132,""num_orders"":1},{""price"":77063.32,""size"":0.02595268,""num_orders"":2},{""price"":77064.59,""size"":0.0779891,""num_orders"":1},{""price"":77068.93,""size"":0.04810284,""num_orders"":1},{""price"":77068.96,""size"":1.947e-05,""num_orders"":1},{""price"":77069.3,""size"":0.0805548,""num_orders"":1}]"
btc_usd_d10_20260911T041027Z,57,2026-09-11T05:07:27.547581Z,2026-09-11T05:07:27.547721Z,BTC-USD,10,ok,,135914025884,2026-09-11T05:07:25.114165807Z,0.62895938,1.08555227,-0.266310753852,77061.210000000006,77062.690000000002,77061.950000000012,1.479999999996,0.192053276617,"[{""price"":77061.21,""size"":0.0468,""num_orders"":1},{""price"":77060.25,""size"":0.12347041,""num_orders"":2},{""price"":77058.69,""size"":0.10381696,""num_orders"":1},{""price"":77058.19,""size"":0.1181,""num_orders"":1},{""price"":77055.18,""size"":0.00066683,""num_orders"":1},{""price"":77053.45,""size"":0.00084349,""num_orders"":1},{""price"":77053.24,""size"":0.09467171,""num_orders"":1},{""price"":77053.23,""size"":0.0779891,""num_orders"":1},{""price"":77052.62,""size"":0.00260088,""num_orders"":1},{""price"":77052.43,""size"":0.06,""num_orders"":2}]","[{""price"":77062.69,""size"":0.0779891,""num_orders"":1},{""price"":77065.8,""size"":0.0648754,""num_orders"":1},{""price"":77066.08,""size"":0.10380702,""num_orders"":1},{""price"":77067.21,""size"":0.11938922,""num_orders"":1},{""price"":77067.22,""size"":0.0779891,""num_orders"":1},{""price"":77067.73,""size"":0.1181,""num_orders"":1},{""price"":77069.39,""size"":0.29540476,""num_orders"":1},{""price"":77069.44,""size"":0.00389285,""num_orders"":1},{""price"":77070.04,""size"":0.0779891,""num_orders"":1},{""price"":77071.64,""size"":0.14611572,""num_orders"":1}]"
btc_usd_d10_20260911T041027Z,58,2026-09-11T05:08:27.547581Z,2026-09-11T05:08:27.547724Z,BTC-USD,10,ok,,135914056998,2026-09-11T05:08:26.160065132Z,0.83057639,0.9040143,-0.042337313594,77055.179999999993,77055.190000000002,77055.184999999998,0.010000000009,0.001297771202,"[{""price"":77055.18,""size"":0.01685009,""num_orders"":2},{""price"":77052.31,""size"":0.10382556,""num_orders"":1},{""price"":77051.6,""size"":0.025,""num_orders"":1},{""price"":77048.66,""size"":0.11706519,""num_orders"":1},{""price"":77048.65,""size"":0.0779891,""num_orders"":1},{""price"":77047.47,""size"":0.1181,""num_orders"":1},{""price"":77046.05,""size"":0.0779891,""num_orders"":1},{""price"":77046.04,""size"":0.21877235,""num_orders"":1},{""price"":77045.0,""size"":0.01,""num_orders"":1},{""price"":77043.75,""size"":0.064985,""num_orders"":1}]","[{""price"":77055.19,""size"":0.07475455,""num_orders"":6},{""price"":77055.3,""size"":0.06489628,""num_orders"":1},{""price"":77057.59,""size"":0.0779891,""num_orders"":1},{""price"":77057.85,""size"":0.1038181,""num_orders"":1},{""price"":77059.96,""size"":0.02,""num_orders"":1},{""price"":77059.97,""size"":0.13680203,""num_orders"":1},{""price"":77059.98,""size"":0.15566957,""num_orders"":2},{""price"":77059.99,""size"":0.06347956,""num_orders"":1},{""price"":77060.0,""size"":0.01,""num_orders"":1},{""price"":77062.65,""size"":0.19660511,""num_orders"":1}]"
btc_usd_d10_20260911T041027Z,59,2026-09-11T05:09:27.547581Z,2026-09-11T05:09:27.547709Z,BTC-USD,10,ok,,135914087737,2026-09-11T05:09:26.269786463Z,0.64435202,0.73670992,-0.06687455307,77048.289999999994,77048.300000000003,77048.294999999998,0.010000000009,0.001297887255,"[{""price"":77048.29,""size"":0.02156748,""num_orders"":3},{""price"":77048.0,""size"":0.0750055,""num_orders"":2},{""price"":77047.15,""size"":0.025,""num_orders"":1},{""price"":77046.38,""size"":0.10383355,""num_orders"":1},{""price"":77044.23,""size"":0.05182646,""num_orders"":2},{""price"":77044.2,""size"":0.0779891,""num_orders"":1},{""price"":77044.15,""size"":0.00878769,""num_orders"":1},{""price"":77040.79,""size"":0.14235314,""num_orders"":2},{""price"":77040.78,""size"":0.0779891,""num_orders"":1},{""price"":77040.67,""size"":0.06,""num_orders"":2}]","[{""price"":77048.3,""size"":0.03154054,""num_orders"":4},{""price"":77049.23,""size"":0.00012974,""num_orders"":1},{""price"":77050.46,""size"":0.06518454,""num_orders"":1},{""price"":77052.57,""size"":0.10382522,""num_orders"":1},{""price"":77054.98,""size"":0.02,""num_orders"":1},{""price"":77054.99,""size"":0.1455398,""num_orders"":1},{""price"":77055.0,""size"":0.01,""num_orders"":1},{""price"":77055.03,""size"":0.15619999,""num_orders"":1},{""price"":77055.04,""size"":0.16207736,""num_orders"":2},{""price"":77055.19,""size"":0.04221273,""num_orders"":4}]"
