window_id,sample_index,planned_at_utc,collected_at_utc,product_id,depth,status,error,sequence,snapshot_time_utc,bid_volume,ask_volume,imbalance,best_bid,best_ask,mid_price,spread,spread_bps,bids_json,asks_json
btc_usd_d10_20260917T232827Z,32,2026-09-18T00:00:27.467908Z,2026-09-18T00:00:27.468025Z,BTC-USD,10,ok,,136282684588,2026-09-18T00:00:27.037892260Z,0.37935763,2.02864952,-0.684919847518,76342.600000000006,76344.139999999999,76343.369999999995,1.539999999994,0.201720201767,"[{""price"":76342.6,""size"":0.06303045,""num_orders"":3},{""price"":76342.59,""size"":8.409e-05,""num_orders"":1},{""price"":76342.51,""size"":0.009432,""num_orders"":1},{""price"":76342.5,""size"":0.06616216,""num_orders"":5},{""price"":76342.12,""size"":0.00315849,""num_orders"":1},{""price"":76341.18,""size"":0.02619818,""num_orders"":2},{""price"":76341.05,""size"":0.10479289,""num_orders"":1},{""price"":76340.23,""size"":0.01399909,""num_orders"":1},{""price"":76339.25,""size"":0.07850119,""num_orders"":1},{""price"":76339.08,""size"":0.01399909,""num_orders"":1}]","[{""price"":76344.14,""size"":0.0615,""num_orders"":1},{""price"":76344.48,""size"":0.0078592,""num_orders"":1},{""price"":76345.49,""size"":0.64463914,""num_orders"":1},{""price"":76345.5,""size"":1.0,""num_orders"":1},{""price"":76345.56,""size"":0.00129637,""num_orders"":1},{""price"":76345.67,""size"":0.02619664,""num_orders"":2},{""price"":76345.97,""size"":0.07850119,""num_orders"":1},{""price"":76346.39,""size"":0.0078592,""num_orders"":1},{""price"":76346.99,""size"":0.12229659,""num_orders"":1},{""price"":76348.73,""size"":0.07850119,""num_orders"":1}]"
btc_usd_d10_20260917T232827Z,33,2026-09-18T00:01:27.467908Z,2026-09-18T00:01:27.468080Z,BTC-USD,10,ok,,136282716826,2026-09-18T00:01:26.317874475Z,0.40153576,1.08493375,-0.459745716547,76328.070000000007,76328.080000000002,76328.075000000012,0.009999999995,0.001310133918,"[{""price"":76328.07,""size"":0.03223207,""num_orders"":2},{""price"":76327.51,""size"":0.08159246,""num_orders"":1},{""price"":76327.5,""size"":0.1048115,""num_orders"":1},{""price"":76326.54,""size"":0.0262032,""num_orders"":2},{""price"":76326.42,""size"":0.009318,""num_orders"":1},{""price"":76326.16,""size"":0.0078608,""num_orders"":1},{""price"":76324.39,""size"":0.02399848,""num_orders"":1},{""price"":76323.08,""size"":0.00261987,""num_orders"":1},{""price"":76322.63,""size"":0.0098261,""num_orders"":1},{""price"":76321.99,""size"":0.10307328,""num_orders"":1}]","[{""price"":76328.08,""size"":0.01344228,""num_orders"":18},{""price"":76328.23,""size"":6.926e-05,""num_orders"":3},{""price"":76328.26,""size"":0.00085158,""num_orders"":1},{""price"":76328.35,""size"":0.00572,""num_orders"":1},{""price"":76328.63,""size"":0.02620307,""num_orders"":1},{""price"":76329.0,""size"":1.0,""num_orders"":1},{""price"":76329.39,""size"":0.00262049,""num_orders"":1},{""price"":76329.61,""size"":0.02620216,""num_orders"":2},{""price"":76329.99,""size"":0.0078608,""num_orders"":1},{""price"":76331.64,""size"":0.00196411,""num_orders"":1}]"
btc_usd_d10_20260917T232827Z,34,2026-09-18T00:02:27.467908Z,2026-09-18T00:02:27.468058Z,BTC-USD,10,ok,,136282738689,2026-09-18T00:02:26.501524335Z,0.62741047,1.37450966,-0.373191307088,76329.820000000007,76329.830000000002,76329.825000000012,0.009999999995,0.001310103881,"[{""price"":76329.82,""size"":0.16640014,""num_orders"":3},{""price"":76329.07,""size"":0.00252939,""num_orders"":1},{""price"":76328.91,""size"":0.00261998,""num_orders"":1},{""price"":76327.01,""size"":0.14499373,""num_orders"":1},{""price"":76327.0,""size"":0.07850119,""num_orders"":1},{""price"":76326.6,""size"":0.03399833,""num_orders"":1},{""price"":76326.31,""size"":0.07596219,""num_orders"":1},{""price"":76326.19,""size"":0.009906,""num_orders"":1},{""price"":76325.45,""size"":0.03399833,""num_orders"":1},{""price"":76324.68,""size"":0.07850119,""num_orders"":1}]","[{""price"":76329.83,""size"":0.01472376,""num_orders"":5},{""price"":76330.5,""size"":1.0,""num_orders"":1},{""price"":76331.28,""size"":9.71e-06,""num_orders"":1},{""price"":76331.74,""size"":0.00786062,""num_orders"":1},{""price"":76334.32,""size"":0.00982577,""num_orders"":1},{""price"":76335.03,""size"":0.05181944,""num_orders"":1},{""price"":76335.18,""size"":0.05181944,""num_orders"":1},{""price"":76335.21,""size"":0.00322161,""num_orders"":14},{""price"":76336.42,""size"":0.15099887,""num_orders"":2},{""price"":76336.43,""size"":0.08423044,""num_orders"":1}]"
btc_usd_d10_20260917T232827Z,35,2026-09-18T00:03:27.467908Z,2026-09-18T00:03:27.468037Z,BTC-USD,10,ok,,136282770608,2026-09-18T00:03:26.028259863Z,0.53364539,1.33035812,-0.427420187637,76377.580000000002,76377.589999999997,76377.584999999992,0.009999999995,0.001309284654,"[{""price"":76377.58,""size"":0.10630734,""num_orders"":8},{""price"":76377.56,""size"":0.03,""num_orders"":1},{""price"":76376.4,""size"":0.14486443,""num_orders"":1},{""price"":76376.39,""size"":0.1047444,""num_orders"":1},{""price"":76376.05,""size"":0.02618622,""num_orders"":2},{""price"":76375.97,""size"":0.05100928,""num_orders"":1},{""price"":76375.67,""size"":0.0078557,""num_orders"":1},{""price"":76374.82,""size"":0.05100928,""num_orders"":1},{""price"":76374.45,""size"":0.00184911,""num_orders"":1},{""price"":76373.09,""size"":0.00981963,""num_orders"":1}]","[{""price"":76377.59,""size"":0.0773182,""num_orders"":8},{""price"":76377.6,""size"":1.5e-05,""num_orders"":1},{""price"":76378.5,""size"":1.0,""num_orders"":1},{""price"":76379.12,""size"":0.02618516,""num_orders"":2},{""price"":76379.5,""size"":0.0078557,""num_orders"":1},{""price"":76380.1,""size"":0.00196386,""num_orders"":1},{""price"":76382.08,""size"":0.00981963,""num_orders"":1},{""price"":76382.83,""size"":0.07850119,""num_orders"":1},{""price"":76382.99,""size"":0.11869938,""num_orders"":1},{""price"":76385.0,""size"":0.01,""num_orders"":1}]"
btc_usd_d10_20260917T232827Z,36,2026-09-18T00:04:27.467908Z,2026-09-18T00:04:27.468022Z,BTC-USD,10,ok,,136282796343,2026-09-18T00:04:26.298495067Z,0.65698501,0.41197891,0.229199597307,76355.490000000005,76355.5,76355.494999999995,0.009999999995,0.001309663436,"[{""price"":76355.49,""size"":0.13666166,""num_orders"":6},{""price"":76355.36,""size"":0.20264021,""num_orders"":1},{""price"":76355.35,""size"":0.10477327,""num_orders"":1},{""price"":76353.96,""size"":0.0261938,""num_orders"":2},{""price"":76353.6,""size"":0.00785797,""num_orders"":1},{""price"":76353.57,""size"":0.00261945,""num_orders"":1},{""price"":76352.78,""size"":0.01599998,""num_orders"":1},{""price"":76352.45,""size"":0.0657375,""num_orders"":3},{""price"":76351.63,""size"":0.01599998,""num_orders"":1},{""price"":76351.03,""size"":0.07850119,""num_orders"":1}]","[{""price"":76355.5,""size"":0.00953741,""num_orders"":2},{""price"":76355.52,""size"":7.521e-05,""num_orders"":1},{""price"":76357.05,""size"":0.02619274,""num_orders"":2},{""price"":76357.42,""size"":0.00785803,""num_orders"":1},{""price"":76357.9,""size"":0.03,""num_orders"":1},{""price"":76357.92,""size"":0.02999908,""num_orders"":2},{""price"":76358.98,""size"":0.10469278,""num_orders"":1},{""price"":76360.01,""size"":0.00982247,""num_orders"":1},{""price"":76361.09,""size"":0.07850119,""num_orders"":1},{""price"":76363.14,""size"":0.1153,""num_orders"":1}]"
btc_usd_d10_20260917T232827Z,37,2026-09-18T00:05:27.467908Z,2026-09-18T00:05:27.467998Z,BTC-USD,10,ok,,136282828008,2026-09-18T00:05:26.401388333Z,0.2406592,2.38430644,-0.816638209405,76336.839999999997,76336.850000000006,76336.845000000001,0.010000000009,0.001309983404,"[{""price"":76336.84,""size"":0.06552586,""num_orders"":2},{""price"":76336.5,""size"":0.10479913,""num_orders"":1},{""price"":76335.46,""size"":0.00261947,""num_orders"":1},{""price"":76335.31,""size"":0.0262002,""num_orders"":2},{""price"":76335.21,""size"":1.298e-05,""num_orders"":1},{""price"":76331.87,""size"":0.01399979,""num_orders"":1},{""price"":76330.8,""size"":1.5e-05,""num_orders"":1},{""price"":76330.72,""size"":0.01399979,""num_orders"":1},{""price"":76330.0,""size"":0.01,""num_orders"":1},{""price"":76329.65,""size"":0.00348698,""num_orders"":1}]","[{""price"":76336.85,""size"":0.64207986,""num_orders"":8},{""price"":76336.86,""size"":0.03,""num_orders"":1},{""price"":76336.87,""size"":0.03355089,""num_orders"":1},{""price"":76336.88,""size"":0.03,""num_orders"":1},{""price"":76338.31,""size"":0.00085148,""num_orders"":1},{""price"":76338.38,""size"":0.02619914,""num_orders"":2},{""price"":76338.76,""size"":0.0078599,""num_orders"":1},{""price"":76339.04,""size"":0.61025087,""num_orders"":2},{""price"":76339.5,""size"":1.0,""num_orders"":1},{""price"":76339.98,""size"":0.0035143,""num_orders"":1}]"
btc_usd_d10_20260917T232827Z,38,2026-09-18T00:06:27.467908Z,2026-09-18T00:06:27.468017Z,BTC-USD,10,ok,,136282859392,2026-09-18T00:06:26.282379628Z,0.4724957,1.56705277,-0.53666636812,76311.800000000003,76311.809999999998,76311.804999999993,0.009999999995,0.001310413244,"[{""price"":76311.8,""size"":0.00791984,""num_orders"":4},{""price"":76310.47,""size"":0.10483489,""num_orders"":1},{""price"":76308.04,""size"":0.1344805,""num_orders"":1},{""price"":76308.03,""size"":0.07850119,""num_orders"":1},{""price"":76307.99,""size"":0.06559286,""num_orders"":2},{""price"":76307.98,""size"":1.373e-05,""num_orders"":1},{""price"":76307.4,""size"":1.5e-05,""num_orders"":1},{""price"":76305.78,""size"":0.00262012,""num_orders"":1},{""price"":76305.5,""size"":1.638e-05,""num_orders"":1},{""price"":76305.25,""size"":0.07850119,""num_orders"":1}]","[{""price"":76311.81,""size"":0.0869551,""num_orders"":10},{""price"":76312.5,""size"":1.0,""num_orders"":1},{""price"":76313.72,""size"":0.00786247,""num_orders"":1},{""price"":76314.9,""size"":0.00198865,""num_orders"":2},{""price"":76315.48,""size"":0.04972489,""num_orders"":1},{""price"":76315.49,""size"":0.08329127,""num_orders"":1},{""price"":76316.3,""size"":0.00982809,""num_orders"":1},{""price"":76316.48,""size"":0.19765826,""num_orders"":2},{""price"":76316.49,""size"":0.05124285,""num_orders"":1},{""price"":76317.5,""size"":0.07850119,""num_orders"":1}]"
btc_usd_d10_20260917T232827Z,39,2026-09-18T00:07:27.467908Z,2026-09-18T00:07:27.468030Z,BTC-USD,10,ok,,136282891595,2026-09-18T00:07:25.801238814Z,0.35576983,1.22708597,-0.550470952566,76361.339999999997,76361.350000000006,76361.345000000001,0.010000000009,0.001309563105,"[{""price"":76361.34,""size"":0.14254595,""num_orders"":4},{""price"":76361.33,""size"":0.06975256,""num_orders"":1},{""price"":76361.32,""size"":0.03,""num_orders"":1},{""price"":76359.81,""size"":0.02619178,""num_orders"":2},{""price"":76359.43,""size"":0.00785737,""num_orders"":1},{""price"":76359.29,""size"":0.01397539,""num_orders"":3},{""price"":76358.52,""size"":0.04500169,""num_orders"":1},{""price"":76358.05,""size"":0.00138337,""num_orders"":1},{""price"":76356.85,""size"":0.00982172,""num_orders"":1},{""price"":76356.77,""size"":0.00924,""num_orders"":1}]","[{""price"":76361.35,""size"":0.08234262,""num_orders"":12},{""price"":76362.88,""size"":0.02619074,""num_orders"":2},{""price"":76363.26,""size"":0.00785737,""num_orders"":1},{""price"":76364.15,""size"":0.00039285,""num_orders"":1},{""price"":76364.99,""size"":0.02,""num_orders"":1},{""price"":76365.0,""size"":1.0,""num_orders"":1},{""price"":76365.9,""size"":1.5e-05,""num_orders"":1},{""price"":76366.18,""size"":0.07850119,""num_orders"":1},{""price"":76366.46,""size"":0.009822,""num_orders"":1},{""price"":76366.94,""size"":0.0019642,""num_orders"":1}]"
btc_usd_d10_20260917T232827Z,40,2026-09-18T00:08:27.467908Z,2026-09-18T00:08:27.468047Z,BTC-USD,10,ok,,136282923566,2026-09-18T00:08:25.510957154Z,0.24410815,1.57160014,-0.731115233274,76329.339999999997,76329.350000000006,76329.345000000001,0.010000000009,0.001310112121,"[{""price"":76329.34,""size"":0.00787727,""num_orders"":2},{""price"":76329.15,""size"":0.00293424,""num_orders"":1},{""price"":76328.96,""size"":0.07741704,""num_orders"":1},{""price"":76328.91,""size"":0.10480956,""num_orders"":1},{""price"":76328.54,""size"":0.00262056,""num_orders"":1},{""price"":76328.38,""size"":0.00557845,""num_orders"":1},{""price"":76327.88,""size"":0.00261951,""num_orders"":1},{""price"":76327.81,""size"":0.02620276,""num_orders"":2},{""price"":76327.43,""size"":0.00786059,""num_orders"":1},{""price"":76327.2,""size"":0.00618817,""num_orders"":1}]","[{""price"":76329.35,""size"":0.08421066,""num_orders"":6},{""price"":76330.49,""size"":0.07850119,""num_orders"":1},{""price"":76330.5,""size"":1.0,""num_orders"":1},{""price"":76330.87,""size"":0.00014571,""num_orders"":5},{""price"":76330.88,""size"":0.02620172,""num_orders"":2},{""price"":76331.26,""size"":0.00786067,""num_orders"":1},{""price"":76331.67,""size"":0.00015042,""num_orders"":1},{""price"":76333.77,""size"":0.07850119,""num_orders"":1},{""price"":76333.84,""size"":0.00982584,""num_orders"":1},{""price"":76335.3,""size"":0.28620274,""num_orders"":1}]"
btc_usd_d10_20260917T232827Z,41,2026-09-18T00:09:27.467908Z,2026-09-18T00:09:27.468032Z,BTC-USD,10,ok,,136282948779,2026-09-18T00:09:25.361885413Z,0.57182859,1.69659945,-0.495837134865,76352.039999999994,76352.050000000003,76352.044999999998,0.010000000009,0.001309722616,"[{""price"":76352.04,""size"":0.18310534,""num_orders"":10},{""price"":76352.02,""size"":0.03,""num_orders"":1},{""price"":76351.58,""size"":0.00206294,""num_orders"":1},{""price"":76351.33,""size"":0.14062624,""num_orders"":1},{""price"":76351.32,""size"":0.1047788,""num_orders"":1},{""price"":76350.13,""size"":0.00785833,""num_orders"":1},{""price"":76349.5,""size"":0.00972,""num_orders"":1},{""price"":76348.84,""size"":0.06184297,""num_orders"":2},{""price"":76348.07,""size"":0.02201106,""num_orders"":1},{""price"":76347.55,""size"":0.00982291,""num_orders"":1}]","[{""price"":76352.05,""size"":0.08754643,""num_orders"":6},{""price"":76355.73,""size"":0.06466988,""num_orders"":1},{""price"":76357.5,""size"":1.0,""num_orders"":1},{""price"":76358.53,""size"":0.07850119,""num_orders"":1},{""price"":76359.69,""size"":0.1153,""num_orders"":1},{""price"":76360.0,""size"":0.01,""num_orders"":1},{""price"":76361.35,""size"":0.01369108,""num_orders"":1},{""price"":76362.04,""size"":0.10476409,""num_orders"":1},{""price"":76362.14,""size"":0.14362559,""num_orders"":1},{""price"":76362.15,""size"":0.07850119,""num_orders"":1}]"
btc_usd_d10_20260917T232827Z,42,2026-09-18T00:10:27.467908Z,2026-09-18T00:10:27.468032Z,BTC-USD,10,ok,,136282979415,2026-09-18T00:10:27.006939859Z,0.38054568,1.43302121,-0.580334552755,76362.740000000005,76362.75,76362.744999999995,0.009999999995,0.001309539095,"[{""price"":76362.74,""size"":0.01061683,""num_orders"":1},{""price"":76362.7,""size"":8.223e-05,""num_orders"":1},{""price"":76361.87,""size"":0.00261807,""num_orders"":1},{""price"":76361.75,""size"":0.10476448,""num_orders"":1},{""price"":76361.21,""size"":0.0261913,""num_orders"":2},{""price"":76359.31,""size"":0.04777992,""num_orders"":1},{""price"":76359.18,""size"":0.02213047,""num_orders"":1},{""price"":76358.8,""size"":0.07850119,""num_orders"":1},{""price"":76357.64,""size"":0.00936,""num_orders"":1},{""price"":76356.04,""size"":0.07850119,""num_orders"":1}]","[{""price"":76362.75,""size"":0.07651883,""num_orders"":5},{""price"":76364.28,""size"":0.02619026,""num_orders"":2},{""price"":76364.66,""size"":0.00785723,""num_orders"":1},{""price"":76364.99,""size"":0.02,""num_orders"":1},{""price"":76365.0,""size"":1.0,""num_orders"":1},{""price"":76365.26,""size"":0.0008512,""num_orders"":1},{""price"":76367.09,""size"":0.10852608,""num_orders"":2},{""price"":76367.24,""size"":0.00982154,""num_orders"":1},{""price"":76368.76,""size"":0.10475488,""num_orders"":1},{""price"":76369.12,""size"":0.07850119,""num_orders"":1}]"
btc_usd_d10_20260917T232827Z,43,2026-09-18T00:11:27.467908Z,2026-09-18T00:11:27.468028Z,BTC-USD,10,ok,,136283000578,2026-09-18T00:11:27.043106207Z,0.3112215,2.30778832,-0.762336515409,76354.199999999997,76354.210000000006,76354.205000000002,0.010000000009,0.001309685565,"[{""price"":76354.2,""size"":0.06556461,""num_orders"":3},{""price"":76352.67,""size"":0.02619424,""num_orders"":2},{""price"":76352.36,""size"":0.00261909,""num_orders"":1},{""price"":76352.35,""size"":0.00292902,""num_orders"":1},{""price"":76351.59,""size"":0.02999664,""num_orders"":1},{""price"":76350.44,""size"":0.02999664,""num_orders"":1},{""price"":76350.09,""size"":0.10478048,""num_orders"":1},{""price"":76350.0,""size"":0.02992878,""num_orders"":1},{""price"":76347.23,""size"":0.0096,""num_orders"":1},{""price"":76346.33,""size"":0.009612,""num_orders"":1}]","[{""price"":76354.21,""size"":0.22432195,""num_orders"":7},{""price"":76354.47,""size"":0.69647682,""num_orders"":2},{""price"":76354.48,""size"":0.07850119,""num_orders"":1},{""price"":76354.5,""size"":1.0,""num_orders"":1},{""price"":76355.74,""size"":0.02619318,""num_orders"":2},{""price"":76356.12,""size"":0.00785811,""num_orders"":1},{""price"":76357.49,""size"":0.07850119,""num_orders"":1},{""price"":76357.91,""size"":0.10476976,""num_orders"":1},{""price"":76358.74,""size"":0.00196441,""num_orders"":1},{""price"":76359.18,""size"":0.08920171,""num_orders"":1}]"
btc_usd_d10_20260917T232827Z,44,2026-09-18T00:12:27.467908Z,2026-09-18T00:12:27.468017Z,BTC-USD,10,ok,,136283028340,2026-09-18T00:12:27.017764977Z,0.43455155,1.02663344,-0.405206660383,76327.369999999995,76327.380000000005,76327.375,0.010000000009,0.001310145935,"[{""price"":76327.37,""size"":0.12569155,""num_orders"":10},{""price"":76326.44,""size"":0.0026196,""num_orders"":1},{""price"":76326.37,""size"":0.10481304,""num_orders"":1},{""price"":76325.84,""size"":0.02620344,""num_orders"":2},{""price"":76325.48,""size"":0.02989356,""num_orders"":2},{""price"":76325.46,""size"":0.00786087,""num_orders"":1},{""price"":76324.72,""size"":0.0269972,""num_orders"":1},{""price"":76324.39,""size"":0.00065315,""num_orders"":1},{""price"":76323.58,""size"":0.08282194,""num_orders"":2},{""price"":76323.57,""size"":0.0269972,""num_orders"":1}]","[{""price"":76327.38,""size"":0.02913453,""num_orders"":11},{""price"":76328.54,""size"":0.00262003,""num_orders"":1},{""price"":76328.91,""size"":0.0262024,""num_orders"":2},{""price"":76329.03,""size"":0.00141674,""num_orders"":1},{""price"":76329.29,""size"":0.00786087,""num_orders"":1},{""price"":76330.85,""size"":0.00848182,""num_orders"":1},{""price"":76331.84,""size"":0.02,""num_orders"":1},{""price"":76331.85,""size"":0.84258977,""num_orders"":2},{""price"":76331.87,""size"":0.00982609,""num_orders"":1},{""price"":76331.99,""size"":0.07850119,""num_orders"":1}]"
btc_usd_d10_20260917T232827Z,45,2026-09-18T00:13:27.467908Z,2026-09-18T00:13:27.467999Z,BTC-USD,10,ok,,136283066972,2026-09-18T00:13:26.805978889Z,0.24637891,2.41326102,-0.814727619915,76386.089999999997,76386.100000000006,76386.095000000001,0.010000000009,0.001309138791,"[{""price"":76386.09,""size"":0.01283415,""num_orders"":3},{""price"":76386.06,""size"":0.0076847,""num_orders"":1},{""price"":76385.8,""size"":0.04692046,""num_orders"":1},{""price"":76385.0,""size"":0.01061683,""num_orders"":1},{""price"":76384.18,""size"":0.00785483,""num_orders"":1},{""price"":76384.09,""size"":0.00292919,""num_orders"":1},{""price"":76383.42,""size"":0.10473476,""num_orders"":1},{""price"":76383.08,""size"":0.009474,""num_orders"":1},{""price"":76381.6,""size"":0.00981854,""num_orders"":1},{""price"":76378.62,""size"":0.03351145,""num_orders"":1}]","[{""price"":76386.1,""size"":0.21013572,""num_orders"":4},{""price"":76388.51,""size"":0.07850119,""num_orders"":1},{""price"":76389.3,""size"":1.5e-05,""num_orders"":1},{""price"":76389.34,""size"":0.65954372,""num_orders"":2},{""price"":76389.35,""size"":0.12305231,""num_orders"":1},{""price"":76390.5,""size"":1.0,""num_orders"":1},{""price"":76392.7,""size"":0.15682708,""num_orders"":1},{""price"":76392.71,""size"":0.07850119,""num_orders"":1},{""price"":76393.24,""size"":0.1047213,""num_orders"":1},{""price"":76393.49,""size"":0.00196351,""num_orders"":1}]"
btc_usd_d10_20260917T232827Z,46,2026-09-18T00:14:27.467908Z,2026-09-18T00:14:27.468016Z,BTC-USD,10,ok,,136283103890,2026-09-18T00:14:26.299756914Z,0.26494239,1.46818284,-0.694260535345,76386.809999999998,76386.820000000007,76386.815000000002,0.010000000009,0.001309126452,"[{""price"":76386.81,""size"":0.01594483,""num_orders"":2},{""price"":76386.8,""size"":0.03,""num_orders"":1},{""price"":76386.79,""size"":0.01594483,""num_orders"":2},{""price"":76386.78,""size"":0.03,""num_orders"":1},{""price"":76386.66,""size"":0.00870545,""num_orders"":2},{""price"":76384.75,""size"":0.00785465,""num_orders"":1},{""price"":76384.65,""size"":0.00261793,""num_orders"":1},{""price"":76382.9,""size"":0.07853646,""num_orders"":1},{""price"":76382.89,""size"":0.00981792,""num_orders"":1},{""price"":76382.67,""size"":0.06552032,""num_orders"":2}]","[{""price"":76386.82,""size"":0.0615,""num_orders"":1},{""price"":76388.51,""size"":0.00368316,""num_orders"":1},{""price"":76389.52,""size"":0.1153,""num_orders"":1},{""price"":76391.48,""size"":0.05916272,""num_orders"":1},{""price"":76394.0,""size"":0.07853646,""num_orders"":1},{""price"":76395.01,""size"":0.05257604,""num_orders"":1},{""price"":76396.49,""size"":0.07853646,""num_orders"":1},{""price"":76396.5,""size"":1.0,""num_orders"":1},{""price"":76396.64,""size"":0.009264,""num_orders"":1},{""price"":76397.79,""size"":0.009624,""num_orders"":1}]"
btc_usd_d10_20260917T232827Z,47,2026-09-18T00:15:27.467908Z,2026-09-18T00:15:27.468038Z,BTC-USD,10,ok,,136283140102,2026-09-18T00:15:24.910577048Z,0.3997022,0.34264786,0.076856382284,76365.899999999994,76365.910000000003,76365.904999999999,0.010000000009,0.001309484908,"[{""price"":76365.9,""size"":0.0718071,""num_orders"":5},{""price"":76365.89,""size"":2.553e-05,""num_orders"":1},{""price"":76365.3,""size"":0.06932547,""num_orders"":1},{""price"":76365.29,""size"":0.10475963,""num_orders"":1},{""price"":76364.37,""size"":0.02619022,""num_orders"":2},{""price"":76363.99,""size"":0.0078569,""num_orders"":1},{""price"":76361.98,""size"":0.01061683,""num_orders"":1},{""price"":76361.97,""size"":0.00074661,""num_orders"":1},{""price"":76361.41,""size"":0.00982113,""num_orders"":1},{""price"":76361.29,""size"":0.09855278,""num_orders"":2}]","[{""price"":76365.91,""size"":0.10446259,""num_orders"":7},{""price"":76365.92,""size"":0.03,""num_orders"":1},{""price"":76365.94,""size"":0.03,""num_orders"":1},{""price"":76366.92,""size"":0.00523788,""num_orders"":2},{""price"":76367.24,""size"":0.00018887,""num_orders"":1},{""price"":76367.44,""size"":0.02618918,""num_orders"":2},{""price"":76367.82,""size"":0.0078569,""num_orders"":1},{""price"":76368.84,""size"":0.00394371,""num_orders"":1},{""price"":76369.45,""size"":0.1249476,""num_orders"":2},{""price"":76370.4,""size"":0.00982113,""num_orders"":1}]"
btc_usd_d10_20260917T232827Z,48,2026-09-18T00:16:27.467908Z,2026-09-18T00:16:27.468056Z,BTC-USD,10,ok,,136283169666,2026-09-18T00:16:27.310736168Z,0.37708654,1.22423534,-0.529030927873,76345.139999999999,76345.149999999994,76345.14499999999,0.009999999995,0.001309840985,"[{""price"":76345.14,""size"":0.06638962,""num_orders"":4},{""price"":76344.29,""size"":0.10478844,""num_orders"":1},{""price"":76343.78,""size"":0.0222161,""num_orders"":1},{""price"":76343.61,""size"":0.02619734,""num_orders"":2},{""price"":76342.5,""size"":1.5e-05,""num_orders"":1},{""price"":76340.0,""size"":0.01,""num_orders"":1},{""price"":76339.68,""size"":0.0026196,""num_orders"":1},{""price"":76337.53,""size"":0.05663398,""num_orders"":1},{""price"":76337.52,""size"":0.07853646,""num_orders"":1},{""price"":76337.1,""size"":0.00969,""num_orders"":1}]","[{""price"":76345.15,""size"":0.06572399,""num_orders"":6},{""price"":76346.68,""size"":0.0261963,""num_orders"":2},{""price"":76347.06,""size"":0.00785904,""num_orders"":1},{""price"":76348.58,""size"":0.02,""num_orders"":1},{""price"":76348.59,""size"":0.14481061,""num_orders"":1},{""price"":76348.6,""size"":0.07853646,""num_orders"":1},{""price"":76349.04,""size"":0.06710179,""num_orders"":1},{""price"":76349.64,""size"":0.0098238,""num_orders"":1},{""price"":76350.01,""size"":0.06710179,""num_orders"":1},{""price"":76350.98,""size"":0.73708156,""num_orders"":2}]"
btc_usd_d10_20260917T232827Z,49,2026-09-18T00:17:27.467908Z,2026-09-18T00:17:27.468029Z,BTC-USD,10,ok,,136283204183,2026-09-18T00:17:26.980222346Z,0.30082329,3.06500204,-0.821248424677,76311.429999999993,76311.440000000002,76311.434999999998,0.010000000009,0.0013104196,"[{""price"":76311.43,""size"":0.00314957,""num_orders"":3},{""price"":76309.9,""size"":0.02620892,""num_orders"":2},{""price"":76307.57,""size"":1.369e-05,""num_orders"":1},{""price"":76307.4,""size"":1.5e-05,""num_orders"":1},{""price"":76306.13,""size"":0.1275881,""num_orders"":2},{""price"":76305.5,""size"":1.638e-05,""num_orders"":1},{""price"":76305.0,""size"":0.01,""num_orders"":1},{""price"":76303.16,""size"":0.00262039,""num_orders"":1},{""price"":76301.9,""size"":0.05267478,""num_orders"":1},{""price"":76301.89,""size"":0.07853646,""num_orders"":1}]","[{""price"":76311.44,""size"":1.11990237,""num_orders"":13},{""price"":76311.45,""size"":0.6783628,""num_orders"":2},{""price"":76311.46,""size"":0.03,""num_orders"":1},{""price"":76312.5,""size"":1.0,""num_orders"":1},{""price"":76312.97,""size"":0.02620786,""num_orders"":2},{""price"":76313.35,""size"":0.00786251,""num_orders"":1},{""price"":76315.02,""size"":0.07853646,""num_orders"":1},{""price"":76315.56,""size"":0.1048279,""num_orders"":1},{""price"":76315.76,""size"":0.009474,""num_orders"":1},{""price"":76315.93,""size"":0.00982814,""num_orders"":1}]"
btc_usd_d10_20260917T232827Z,50,2026-09-18T00:18:27.467908Z,2026-09-18T00:18:27.468040Z,BTC-USD,10,ok,,136283237334,2026-09-18T00:18:27.037053299Z,0.40416908,1.17546523,-0.488275131223,76304.509999999995,76304.520000000004,76304.514999999999,0.010000000009,0.001310538441,"[{""price"":76304.51,""size"":0.00866303,""num_orders"":3},{""price"":76304.5,""size"":0.03,""num_orders"":1},{""price"":76304.48,""size"":0.03,""num_orders"":1},{""price"":76302.98,""size"":0.0262113,""num_orders"":2},{""price"":76302.6,""size"":0.00786323,""num_orders"":1},{""price"":76301.75,""size"":0.00262091,""num_orders"":1},{""price"":76301.3,""size"":0.10484748,""num_orders"":1},{""price"":76300.02,""size"":0.00982903,""num_orders"":1},{""price"":76296.88,""size"":0.0688341,""num_orders"":1},{""price"":76296.87,""size"":0.1153,""num_orders"":1}]","[{""price"":76304.52,""size"":0.01182264,""num_orders"":6},{""price"":76304.96,""size"":0.00136837,""num_orders"":1},{""price"":76305.98,""size"":0.02,""num_orders"":1},{""price"":76305.99,""size"":0.15822408,""num_orders"":2},{""price"":76306.0,""size"":0.07853646,""num_orders"":1},{""price"":76306.03,""size"":0.05892992,""num_orders"":1},{""price"":76306.05,""size"":0.02621024,""num_orders"":2},{""price"":76308.18,""size"":0.10483804,""num_orders"":1},{""price"":76309.36,""size"":0.02,""num_orders"":1},{""price"":76309.37,""size"":0.69553548,""num_orders"":2}]"
btc_usd_d10_20260917T232827Z,51,2026-09-18T00:19:27.467908Z,2026-09-18T00:19:27.468017Z,BTC-USD,10,ok,,136283259986,2026-09-18T00:19:27.009557785Z,0.3370236,2.0740705,-0.720439281072,76288.940000000002,76288.949999999997,76288.945000000007,0.009999999995,0.00131080591,"[{""price"":76288.94,""size"":0.18111887,""num_orders"":5},{""price"":76288.92,""size"":1.366e-05,""num_orders"":1},{""price"":76287.41,""size"":0.02621664,""num_orders"":2},{""price"":76286.89,""size"":0.0007865,""num_orders"":1},{""price"":76285.18,""size"":0.00262098,""num_orders"":1},{""price"":76284.0,""size"":1.5e-05,""num_orders"":1},{""price"":76283.51,""size"":1.311e-05,""num_orders"":1},{""price"":76283.42,""size"":0.04768861,""num_orders"":1},{""price"":76283.41,""size"":0.07853646,""num_orders"":1},{""price"":76283.36,""size"":1.377e-05,""num_orders"":1}]","[{""price"":76288.95,""size"":0.07282832,""num_orders"":3},{""price"":76289.99,""size"":0.70068954,""num_orders"":1},{""price"":76290.0,""size"":1.0,""num_orders"":1},{""price"":76290.28,""size"":0.00121531,""num_orders"":1},{""price"":76290.48,""size"":0.0262156,""num_orders"":2},{""price"":76290.86,""size"":0.00786483,""num_orders"":1},{""price"":76291.28,""size"":0.05796084,""num_orders"":1},{""price"":76292.28,""size"":0.00189128,""num_orders"":1},{""price"":76292.83,""size"":0.07853646,""num_orders"":1},{""price"":76294.25,""size"":0.12686832,""num_orders"":1}]"
btc_usd_d10_20260917T232827Z,52,2026-09-18T00:20:27.467908Z,2026-09-18T00:20:27.468042Z,BTC-USD,10,ok,,136283289699,2026-09-18T00:20:26.517879359Z,0.31284942,1.28007582,-0.607201377511,76288.860000000001,76288.869999999995,76288.864999999991,0.009999999995,0.001310807284,"[{""price"":76288.86,""size"":0.0024526,""num_orders"":4},{""price"":76287.33,""size"":0.02621668,""num_orders"":2},{""price"":76286.95,""size"":0.00786484,""num_orders"":1},{""price"":76285.3,""size"":0.07853646,""num_orders"":1},{""price"":76285.29,""size"":0.10486949,""num_orders"":1},{""price"":76284.82,""size"":0.00262156,""num_orders"":1},{""price"":76284.38,""size"":0.00983105,""num_orders"":1},{""price"":76283.51,""size"":0.00085202,""num_orders"":1},{""price"":76282.88,""size"":0.07853646,""num_orders"":1},{""price"":76282.48,""size"":0.00106826,""num_orders"":1}]","[{""price"":76288.87,""size"":0.15043941,""num_orders"":8},{""price"":76288.88,""size"":0.03,""num_orders"":1},{""price"":76288.9,""size"":0.03,""num_orders"":1},{""price"":76289.82,""size"":0.00435577,""num_orders"":1},{""price"":76290.4,""size"":0.02621562,""num_orders"":2},{""price"":76290.73,""size"":0.00136839,""num_orders"":1},{""price"":76290.77,""size"":0.00786517,""num_orders"":1},{""price"":76292.99,""size"":0.02,""num_orders"":1},{""price"":76293.0,""size"":1.0,""num_orders"":1},{""price"":76293.34,""size"":0.00983146,""num_orders"":1}]"
btc_usd_d10_20260917T232827Z,53,2026-09-18T00:21:27.467908Z,2026-09-18T00:21:27.468034Z,BTC-USD,10,ok,,136283321807,2026-09-18T00:21:25.900400559Z,0.30281741,2.39189907,-0.775251005256,76241.770000000004,76241.779999999999,76241.774999999994,0.009999999995,0.001311616892,"[{""price"":76241.77,""size"":0.0287926,""num_orders"":6},{""price"":76240.95,""size"":0.10493047,""num_orders"":1},{""price"":76240.24,""size"":0.02623286,""num_orders"":2},{""price"":76239.87,""size"":0.00786963,""num_orders"":1},{""price"":76239.49,""size"":0.00262326,""num_orders"":1},{""price"":76238.2,""size"":0.01999999,""num_orders"":1},{""price"":76237.67,""size"":0.0139951,""num_orders"":1},{""price"":76237.3,""size"":0.00983704,""num_orders"":1},{""price"":76235.44,""size"":0.07853646,""num_orders"":1},{""price"":76235.0,""size"":0.01,""num_orders"":1}]","[{""price"":76241.78,""size"":0.32799061,""num_orders"":4},{""price"":76241.99,""size"":0.68349588,""num_orders"":2},{""price"":76243.31,""size"":0.0262318,""num_orders"":2},{""price"":76243.79,""size"":0.00262326,""num_orders"":1},{""price"":76244.67,""size"":0.00247402,""num_orders"":1},{""price"":76244.99,""size"":0.07853646,""num_orders"":1},{""price"":76245.0,""size"":1.0,""num_orders"":1},{""price"":76246.18,""size"":0.009564,""num_orders"":1},{""price"":76247.09,""size"":0.13617095,""num_orders"":1},{""price"":76247.78,""size"":0.12481209,""num_orders"":2}]"
btc_usd_d10_20260917T232827Z,54,2026-09-18T00:22:27.467908Z,2026-09-18T00:22:27.468055Z,BTC-USD,10,ok,,136283351191,2026-09-18T00:22:25.528427295Z,0.20422542,1.20274209,-0.709694191872,76270.889999999999,76270.899999999994,76270.89499999999,0.009999999995,0.00131111612,"[{""price"":76270.89,""size"":0.01052364,""num_orders"":3},{""price"":76270.12,""size"":0.00392009,""num_orders"":1},{""price"":76269.36,""size"":0.02622286,""num_orders"":2},{""price"":76269.11,""size"":0.00433493,""num_orders"":1},{""price"":76269.1,""size"":0.00262295,""num_orders"":1},{""price"":76268.98,""size"":0.00786669,""num_orders"":1},{""price"":76268.94,""size"":0.10489197,""num_orders"":1},{""price"":76268.34,""size"":0.01700446,""num_orders"":1},{""price"":76267.19,""size"":0.01700446,""num_orders"":1},{""price"":76266.41,""size"":0.00983337,""num_orders"":1}]","[{""price"":76270.9,""size"":0.1490954,""num_orders"":4},{""price"":76271.48,""size"":0.13845845,""num_orders"":1},{""price"":76271.49,""size"":0.07853646,""num_orders"":1},{""price"":76271.51,""size"":0.08004445,""num_orders"":1},{""price"":76271.53,""size"":0.04509607,""num_orders"":6},{""price"":76272.3,""size"":1.5e-05,""num_orders"":1},{""price"":76272.43,""size"":0.0262218,""num_orders"":2},{""price"":76273.96,""size"":0.009738,""num_orders"":1},{""price"":76274.98,""size"":0.07853646,""num_orders"":1},{""price"":76274.99,""size"":0.597,""num_orders"":1}]"
btc_usd_d10_20260917T232827Z,55,2026-09-18T00:23:27.467908Z,2026-09-18T00:23:27.468068Z,BTC-USD,10,ok,,136283378505,2026-09-18T00:23:25.009596069Z,1.15136766,1.96065871,-0.260052761057,76268.179999999993,76268.190000000002,76268.184999999998,0.010000000009,0.001311162709,"[{""price"":76268.18,""size"":0.08412253,""num_orders"":6},{""price"":76268.01,""size"":0.10489324,""num_orders"":1},{""price"":76266.65,""size"":0.02622378,""num_orders"":2},{""price"":76266.27,""size"":0.00786697,""num_orders"":1},{""price"":76266.01,""size"":0.37161812,""num_orders"":1},{""price"":76266.0,""size"":0.5,""num_orders"":1},{""price"":76265.72,""size"":0.0029044,""num_orders"":1},{""price"":76265.71,""size"":0.00262222,""num_orders"":1},{""price"":76265.2,""size"":0.0411164,""num_orders"":1},{""price"":76265.0,""size"":0.01,""num_orders"":1}]","[{""price"":76268.19,""size"":0.04638602,""num_orders"":7},{""price"":76269.65,""size"":0.02035154,""num_orders"":1},{""price"":76269.72,""size"":0.02622272,""num_orders"":2},{""price"":76270.1,""size"":0.00786697,""num_orders"":1},{""price"":76270.34,""size"":0.75687201,""num_orders"":2},{""price"":76270.5,""size"":1.0,""num_orders"":1},{""price"":76270.67,""size"":0.00085225,""num_orders"":1},{""price"":76272.29,""size"":0.07990485,""num_orders"":2},{""price"":76272.3,""size"":0.01236863,""num_orders"":4},{""price"":76272.67,""size"":0.00983372,""num_orders"":1}]"
btc_usd_d10_20260917T232827Z,56,2026-09-18T00:24:27.467908Z,2026-09-18T00:24:27.468047Z,BTC-USD,10,ok,,136283412405,2026-09-18T00:24:26.820130898Z,0.45683677,2.38229297,-0.678185351262,76286.460000000006,76288.839999999997,76287.649999999994,2.37999999999,0.311977102452,"[{""price"":76286.46,""size"":0.03264885,""num_orders"":3},{""price"":76286.44,""size"":0.03,""num_orders"":1},{""price"":76283.23,""size"":0.00786513,""num_orders"":1},{""price"":76281.31,""size"":0.00786542,""num_orders"":1},{""price"":76279.35,""size"":0.00631292,""num_orders"":1},{""price"":76279.15,""size"":0.05275584,""num_orders"":1},{""price"":76279.14,""size"":0.07853646,""num_orders"":1},{""price"":76278.74,""size"":0.00983178,""num_orders"":1},{""price"":76276.6,""size"":0.11572037,""num_orders"":1},{""price"":76276.59,""size"":0.1153,""num_orders"":1}]","[{""price"":76288.84,""size"":0.06688627,""num_orders"":2},{""price"":76288.85,""size"":0.07616208,""num_orders"":1},{""price"":76289.99,""size"":0.644395,""num_orders"":1},{""price"":76290.0,""size"":1.0,""num_orders"":1},{""price"":76291.21,""size"":0.07853646,""num_orders"":1},{""price"":76292.87,""size"":0.00085215,""num_orders"":1},{""price"":76293.53,""size"":0.07853646,""num_orders"":1},{""price"":76293.54,""size"":0.31965848,""num_orders"":2},{""price"":76293.8,""size"":0.1153,""num_orders"":1},{""price"":76294.32,""size"":0.00196607,""num_orders"":1}]"
btc_usd_d10_20260917T232827Z,57,2026-09-18T00:25:27.467908Z,2026-09-18T00:25:27.468040Z,BTC-USD,10,ok,,136283441028,2026-09-18T00:25:26.978787845Z,0.64756981,1.19709682,-0.297900445025,76295.690000000002,76295.699999999997,76295.695000000007,0.009999999995,0.001310689941,"[{""price"":76295.69,""size"":0.07355308,""num_orders"":5},{""price"":76295.49,""size"":0.10485547,""num_orders"":1},{""price"":76294.16,""size"":0.02621432,""num_orders"":2},{""price"":76294.01,""size"":0.00269011,""num_orders"":1},{""price"":76293.78,""size"":0.00786413,""num_orders"":1},{""price"":76291.2,""size"":0.00983017,""num_orders"":1},{""price"":76289.22,""size"":0.04688627,""num_orders"":1},{""price"":76289.15,""size"":0.07853646,""num_orders"":1},{""price"":76286.87,""size"":0.04,""num_orders"":1},{""price"":76286.86,""size"":0.2571398,""num_orders"":2}]","[{""price"":76295.7,""size"":0.01526733,""num_orders"":4},{""price"":76297.2,""size"":0.01564933,""num_orders"":1},{""price"":76297.23,""size"":0.02621328,""num_orders"":2},{""price"":76297.61,""size"":0.00786413,""num_orders"":1},{""price"":76297.8,""size"":0.00085194,""num_orders"":1},{""price"":76299.97,""size"":0.04,""num_orders"":1},{""price"":76299.98,""size"":0.11853646,""num_orders"":2},{""price"":76299.99,""size"":0.72611958,""num_orders"":2},{""price"":76300.0,""size"":0.2367646,""num_orders"":1},{""price"":76300.19,""size"":0.00983017,""num_orders"":1}]"
btc_usd_d10_20260917T232827Z,58,2026-09-18T00:26:27.467908Z,2026-09-18T00:26:27.468052Z,BTC-USD,10,ok,,136283463413,2026-09-18T00:26:27.021973503Z,0.17995702,2.25249963,-0.852036812249,76305.380000000005,76305.389999999999,76305.385000000009,0.009999999995,0.001310523496,"[{""price"":76305.38,""size"":0.00788086,""num_orders"":2},{""price"":76303.47,""size"":0.00786314,""num_orders"":1},{""price"":76302.65,""size"":0.00262127,""num_orders"":1},{""price"":76302.16,""size"":0.016,""num_orders"":1},{""price"":76301.58,""size"":0.10484709,""num_orders"":1},{""price"":76301.01,""size"":0.016,""num_orders"":1},{""price"":76300.89,""size"":0.00982892,""num_orders"":1},{""price"":76300.7,""size"":0.00404641,""num_orders"":1},{""price"":76299.99,""size"":0.00824838,""num_orders"":3},{""price"":76299.28,""size"":0.00262095,""num_orders"":1}]","[{""price"":76305.39,""size"":0.244231,""num_orders"":10},{""price"":76306.48,""size"":0.04,""num_orders"":1},{""price"":76306.49,""size"":0.74087098,""num_orders"":1},{""price"":76306.5,""size"":1.0,""num_orders"":1},{""price"":76306.91,""size"":0.07853646,""num_orders"":1},{""price"":76306.92,""size"":0.02620994,""num_orders"":2},{""price"":76307.3,""size"":0.00786314,""num_orders"":1},{""price"":76307.4,""size"":1.5e-05,""num_orders"":1},{""price"":76308.41,""size"":0.009936,""num_orders"":1},{""price"":76308.86,""size"":0.10483711,""num_orders"":1}]"
btc_usd_d10_20260917T232827Z,59,2026-09-18T00:27:27.467908Z,2026-09-18T00:27:27.468034Z,BTC-USD,10,ok,,136283487441,2026-09-18T00:27:26.800103423Z,0.4039993,2.03472996,-0.668680483212,76295.100000000006,76295.110000000001,76295.10500000001,0.009999999995,0.001310700076,"[{""price"":76295.1,""size"":0.1049096,""num_orders"":2},{""price"":76294.39,""size"":0.00262083,""num_orders"":1},{""price"":76293.57,""size"":0.02621452,""num_orders"":2},{""price"":76292.72,""size"":0.01510108,""num_orders"":1},{""price"":76291.81,""size"":0.04688627,""num_orders"":1},{""price"":76291.8,""size"":0.07853646,""num_orders"":1},{""price"":76290.73,""size"":0.07535275,""num_orders"":2},{""price"":76290.72,""size"":0.04241162,""num_orders"":1},{""price"":76290.3,""size"":0.00196617,""num_orders"":1},{""price"":76290.0,""size"":0.01,""num_orders"":1}]","[{""price"":76295.11,""size"":0.18625986,""num_orders"":4},{""price"":76295.68,""size"":0.62969341,""num_orders"":2},{""price"":76296.0,""size"":1.0,""num_orders"":1},{""price"":76296.64,""size"":0.02621348,""num_orders"":2},{""price"":76297.02,""size"":0.0078642,""num_orders"":1},{""price"":76297.78,""size"":0.03,""num_orders"":1},{""price"":76297.8,""size"":0.03,""num_orders"":1},{""price"":76297.85,""size"":0.00085193,""num_orders"":1},{""price"":76299.5,""size"":0.11401683,""num_orders"":2},{""price"":76299.6,""size"":0.00983025,""num_orders"":1}]"
btc_usd_d10_20260918T041401Z,0,2026-09-18T04:14:01.466805Z,2026-09-18T04:14:01.466831Z,BTC-USD,10,ok,,136291811977,2026-09-18T04:14:00.013058712Z,0.19703177,0.77322169,-0.593855053091,77266.789999999994,77266.800000000003,77266.794999999998,0.010000000009,0.001294217006,"[{""price"":77266.79,""size"":0.0075757,""num_orders"":2},{""price"":77265.53,""size"":0.10353904,""num_orders"":1},{""price"":77265.24,""size"":0.02588486,""num_orders"":2},{""price"":77264.86,""size"":0.0077653,""num_orders"":1},{""price"":77264.16,""size"":0.02,""num_orders"":1},{""price"":77264.12,""size"":0.00258864,""num_orders"":1},{""price"":77263.8,""size"":0.01900094,""num_orders"":1},{""price"":77262.25,""size"":0.00970662,""num_orders"":1},{""price"":77261.62,""size"":0.00012943,""num_orders"":1},{""price"":77261.0,""size"":0.00084124,""num_orders"":1}]","[{""price"":77266.8,""size"":0.08479975,""num_orders"":7},{""price"":77268.35,""size"":0.02588382,""num_orders"":2},{""price"":77268.73,""size"":0.0077653,""num_orders"":1},{""price"":77269.11,""size"":0.10825966,""num_orders"":1},{""price"":77269.12,""size"":0.18133947,""num_orders"":1},{""price"":77270.0,""size"":0.01025886,""num_orders"":2},{""price"":77271.05,""size"":0.00258845,""num_orders"":1},{""price"":77271.17,""size"":0.16128029,""num_orders"":2},{""price"":77271.34,""size"":0.00970662,""num_orders"":1},{""price"":77271.94,""size"":0.18133947,""num_orders"":1}]"
btc_usd_d10_20260918T041401Z,1,2026-09-18T04:15:01.466805Z,2026-09-18T04:15:01.466945Z,BTC-USD,10,ok,,136291850490,2026-09-18T04:14:59.318618962Z,0.41914799,0.63522799,-0.204936383319,77212.380000000005,77212.389999999999,77212.385000000009,0.009999999995,0.001295129013,"[{""price"":77212.38,""size"":0.01510153,""num_orders"":4},{""price"":77211.53,""size"":0.10361145,""num_orders"":1},{""price"":77210.95,""size"":0.00259065,""num_orders"":1},{""price"":77210.45,""size"":0.00777077,""num_orders"":1},{""price"":77210.3,""size"":0.00259065,""num_orders"":1},{""price"":77207.84,""size"":0.00971346,""num_orders"":1},{""price"":77206.85,""size"":0.00258833,""num_orders"":1},{""price"":77206.2,""size"":0.15539341,""num_orders"":1},{""price"":77204.43,""size"":0.00813962,""num_orders"":1},{""price"":77204.42,""size"":0.11164812,""num_orders"":1}]","[{""price"":77212.39,""size"":0.13025223,""num_orders"":3},{""price"":77215.0,""size"":0.01,""num_orders"":1},{""price"":77216.94,""size"":0.009414,""num_orders"":1},{""price"":77217.54,""size"":0.00259065,""num_orders"":1},{""price"":77217.91,""size"":0.15539341,""num_orders"":1},{""price"":77220.0,""size"":0.01,""num_orders"":1},{""price"":77220.23,""size"":0.15539341,""num_orders"":1},{""price"":77222.29,""size"":0.00258833,""num_orders"":1},{""price"":77222.56,""size"":0.15539341,""num_orders"":1},{""price"":77223.06,""size"":0.00420255,""num_orders"":2}]"
btc_usd_d10_20260918T041401Z,2,2026-09-18T04:16:01.466805Z,2026-09-18T04:16:01.466948Z,BTC-USD,10,ok,,136291884777,2026-09-18T04:16:01.044527957Z,0.41971274,0.3472244,0.094516664038,77184.899999999994,77184.910000000003,77184.904999999999,0.010000000009,0.001295590117,"[{""price"":77184.9,""size"":0.11208205,""num_orders"":4},{""price"":77182.97,""size"":0.00777354,""num_orders"":1},{""price"":77182.93,""size"":0.00259066,""num_orders"":1},{""price"":77182.15,""size"":0.064,""num_orders"":1},{""price"":77181.85,""size"":0.00258971,""num_orders"":1},{""price"":77181.0,""size"":0.15539341,""num_orders"":1},{""price"":77180.99,""size"":0.064,""num_orders"":1},{""price"":77180.36,""size"":0.00971692,""num_orders"":1},{""price"":77180.0,""size"":0.00154703,""num_orders"":1},{""price"":77179.53,""size"":1.942e-05,""num_orders"":1}]","[{""price"":77184.91,""size"":0.02239737,""num_orders"":5},{""price"":77186.37,""size"":0.00136844,""num_orders"":1},{""price"":77186.46,""size"":0.02591128,""num_orders"":2},{""price"":77186.84,""size"":0.00777354,""num_orders"":1},{""price"":77188.59,""size"":0.009306,""num_orders"":1},{""price"":77189.45,""size"":0.00971692,""num_orders"":1},{""price"":77189.99,""size"":0.10851553,""num_orders"":1},{""price"":77190.0,""size"":0.15539341,""num_orders"":1},{""price"":77190.62,""size"":0.00136837,""num_orders"":1},{""price"":77192.16,""size"":0.00547354,""num_orders"":1}]"
btc_usd_d10_20260918T041401Z,3,2026-09-18T04:17:01.466805Z,2026-09-18T04:17:01.466956Z,BTC-USD,10,ok,,136291921851,2026-09-18T04:17:00.400259066Z,0.40688022,0.68087053,-0.251887033863,77224.059999999998,77225.080000000002,77224.570000000007,1.020000000004,0.132082315253,"[{""price"":77224.06,""size"":0.02952256,""num_orders"":2},{""price"":77223.14,""size"":0.00258992,""num_orders"":1},{""price"":77223.06,""size"":0.00776969,""num_orders"":1},{""price"":77222.51,""size"":0.02589918,""num_orders"":2},{""price"":77221.91,""size"":0.02,""num_orders"":1},{""price"":77221.52,""size"":0.18713979,""num_orders"":1},{""price"":77221.35,""size"":0.00259104,""num_orders"":1},{""price"":77221.31,""size"":0.02,""num_orders"":1},{""price"":77221.3,""size"":0.10359835,""num_orders"":1},{""price"":77221.13,""size"":0.00776969,""num_orders"":1}]","[{""price"":77225.08,""size"":0.06358172,""num_orders"":3},{""price"":77225.09,""size"":0.15539341,""num_orders"":1},{""price"":77226.63,""size"":0.0258978,""num_orders"":2},{""price"":77228.93,""size"":0.15539341,""num_orders"":1},{""price"":77230.68,""size"":3.761e-05,""num_orders"":1},{""price"":77231.16,""size"":0.009624,""num_orders"":1},{""price"":77231.39,""size"":0.15539341,""num_orders"":1},{""price"":77231.45,""size"":0.1153,""num_orders"":1},{""price"":77231.69,""size"":0.00012948,""num_orders"":1},{""price"":77231.7,""size"":0.00011969,""num_orders"":1}]"
btc_usd_d10_20260918T041401Z,4,2026-09-18T04:18:01.466805Z,2026-09-18T04:18:01.466941Z,BTC-USD,10,ok,,136291959001,2026-09-18T04:17:59.970290763Z,0.59337447,0.5917065,0.001407473449,77257.380000000005,77257.389999999999,77257.385000000009,0.009999999995,0.001294374641,"[{""price"":77257.38,""size"":0.11126323,""num_orders"":3},{""price"":77257.33,""size"":2.6e-07,""num_orders"":1},{""price"":77255.81,""size"":0.02588802,""num_orders"":2},{""price"":77255.61,""size"":0.00258937,""num_orders"":1},{""price"":77255.4,""size"":0.00776625,""num_orders"":1},{""price"":77255.24,""size"":0.01300005,""num_orders"":1},{""price"":77254.08,""size"":0.01300005,""num_orders"":1},{""price"":77253.2,""size"":0.02,""num_orders"":1},{""price"":77253.19,""size"":0.24447383,""num_orders"":2},{""price"":77253.18,""size"":0.15539341,""num_orders"":1}]","[{""price"":77257.39,""size"":3.761e-05,""num_orders"":1},{""price"":77257.4,""size"":0.00075339,""num_orders"":1},{""price"":77258.9,""size"":0.02588698,""num_orders"":2},{""price"":77259.47,""size"":0.06414694,""num_orders"":1},{""price"":77261.21,""size"":0.025,""num_orders"":1},{""price"":77263.54,""size"":0.009498,""num_orders"":1},{""price"":77264.81,""size"":0.09873987,""num_orders"":1},{""price"":77264.82,""size"":0.15539341,""num_orders"":1},{""price"":77265.0,""size"":0.01,""num_orders"":1},{""price"":77266.19,""size"":0.2022503,""num_orders"":2}]"
btc_usd_d10_20260918T041401Z,5,2026-09-18T04:19:01.466805Z,2026-09-18T04:19:01.466938Z,BTC-USD,10,ok,,136291992833,2026-09-18T04:18:59.051105908Z,2.24158651,0.45946748,0.659786526518,77269.229999999996,77269.240000000005,77269.235000000001,0.010000000009,0.001294176137,"[{""price"":77269.23,""size"":0.03656343,""num_orders"":4},{""price"":77267.67,""size"":0.02588404,""num_orders"":2},{""price"":77267.3,""size"":0.00776505,""num_orders"":1},{""price"":77267.11,""size"":0.02000089,""num_orders"":1},{""price"":77266.11,""size"":0.10353827,""num_orders"":1},{""price"":77264.69,""size"":0.00970632,""num_orders"":1},{""price"":77262.61,""size"":0.0189999,""num_orders"":1},{""price"":77261.45,""size"":0.0189999,""num_orders"":1},{""price"":77260.92,""size"":1.99999928,""num_orders"":4},{""price"":77259.06,""size"":0.00012943,""num_orders"":1}]","[{""price"":77269.24,""size"":0.12390626,""num_orders"":3},{""price"":77269.77,""size"":0.00022123,""num_orders"":1},{""price"":77270.59,""size"":0.025,""num_orders"":1},{""price"":77270.79,""size"":0.025883,""num_orders"":2},{""price"":77271.57,""size"":0.0077652,""num_orders"":1},{""price"":77271.65,""size"":0.09276987,""num_orders"":1},{""price"":77271.66,""size"":0.15539341,""num_orders"":1},{""price"":77273.37,""size"":0.009348,""num_orders"":1},{""price"":77274.18,""size"":0.00970651,""num_orders"":1},{""price"":77274.48,""size"":0.009474,""num_orders"":1}]"
btc_usd_d10_20260918T041401Z,6,2026-09-18T04:20:01.466805Z,2026-09-18T04:20:01.466940Z,BTC-USD,10,ok,,136292030947,2026-09-18T04:20:00.455114507Z,0.96062446,0.576259,0.250094083256,77273.710000000006,77273.720000000001,77273.714999999997,0.009999999995,0.001294101105,"[{""price"":77273.71,""size"":0.21160681,""num_orders"":3},{""price"":77272.92,""size"":0.20111085,""num_orders"":2},{""price"":77272.81,""size"":0.10352929,""num_orders"":1},{""price"":77271.78,""size"":0.0077646,""num_orders"":1},{""price"":77271.62,""size"":0.00204032,""num_orders"":1},{""price"":77271.39,""size"":0.18111521,""num_orders"":1},{""price"":77270.52,""size"":0.06,""num_orders"":2},{""price"":77269.22,""size"":0.00258773,""num_orders"":1},{""price"":77269.17,""size"":0.00975444,""num_orders"":2},{""price"":77269.06,""size"":0.18111521,""num_orders"":1}]","[{""price"":77273.72,""size"":0.01787778,""num_orders"":3},{""price"":77276.69,""size"":0.00273676,""num_orders"":1},{""price"":77280.0,""size"":0.01,""num_orders"":1},{""price"":77281.45,""size"":0.1153,""num_orders"":1},{""price"":77282.93,""size"":0.10351574,""num_orders"":1},{""price"":77282.96,""size"":0.025,""num_orders"":1},{""price"":77284.67,""size"":0.00258773,""num_orders"":1},{""price"":77285.0,""size"":0.01,""num_orders"":1},{""price"":77286.5,""size"":0.10812578,""num_orders"":1},{""price"":77286.51,""size"":0.18111521,""num_orders"":1}]"
btc_usd_d10_20260918T041401Z,7,2026-09-18T04:21:01.466805Z,2026-09-18T04:21:01.466938Z,BTC-USD,10,ok,,136292073964,2026-09-18T04:21:00.034403571Z,0.54853499,0.65712561,-0.09006732077,77295.699999999997,77295.710000000006,77295.705000000002,0.010000000009,0.001293732945,"[{""price"":77295.7,""size"":0.06341475,""num_orders"":4},{""price"":77294.08,""size"":0.025,""num_orders"":1},{""price"":77293.71,""size"":0.009354,""num_orders"":1},{""price"":77289.51,""size"":0.1152025,""num_orders"":1},{""price"":77289.5,""size"":0.07766902,""num_orders"":1},{""price"":77289.33,""size"":0.1153,""num_orders"":1},{""price"":77288.46,""size"":0.0025873,""num_orders"":1},{""price"":77287.11,""size"":0.0523384,""num_orders"":1},{""price"":77287.1,""size"":0.07766902,""num_orders"":1},{""price"":77285.0,""size"":0.01,""num_orders"":1}]","[{""price"":77295.71,""size"":0.00084091,""num_orders"":1},{""price"":77300.83,""size"":0.16114052,""num_orders"":1},{""price"":77300.84,""size"":0.07766902,""num_orders"":1},{""price"":77301.9,""size"":0.08907502,""num_orders"":1},{""price"":77303.19,""size"":0.07766902,""num_orders"":1},{""price"":77303.44,""size"":0.1153,""num_orders"":1},{""price"":77303.45,""size"":0.00146934,""num_orders"":2},{""price"":77303.91,""size"":0.0025873,""num_orders"":1},{""price"":77304.91,""size"":0.05370546,""num_orders"":1},{""price"":77307.32,""size"":0.07766902,""num_orders"":1}]"
btc_usd_d10_20260918T041401Z,8,2026-09-18T04:22:01.466805Z,2026-09-18T04:22:01.466943Z,BTC-USD,10,ok,,136292117783,2026-09-18T04:21:58.973532929Z,0.60939858,0.31170668,0.323189881686,77274.619999999995,77274.630000000005,77274.625,0.010000000009,0.001294085867,"[{""price"":77274.62,""size"":0.0315224,""num_orders"":2},{""price"":77273.66,""size"":0.10352815,""num_orders"":1},{""price"":77273.07,""size"":0.02588224,""num_orders"":2},{""price"":77272.18,""size"":0.07766902,""num_orders"":1},{""price"":77269.36,""size"":0.07766902,""num_orders"":1},{""price"":77268.94,""size"":0.009798,""num_orders"":1},{""price"":77267.53,""size"":0.02,""num_orders"":1},{""price"":77267.52,""size"":0.009474,""num_orders"":1},{""price"":77266.91,""size"":0.02,""num_orders"":1},{""price"":77266.9,""size"":0.23385575,""num_orders"":1}]","[{""price"":77274.63,""size"":0.05198738,""num_orders"":2},{""price"":77276.17,""size"":0.01545108,""num_orders"":1},{""price"":77276.18,""size"":0.0258812,""num_orders"":2},{""price"":77276.56,""size"":0.00776451,""num_orders"":1},{""price"":77276.98,""size"":0.00647035,""num_orders"":1},{""price"":77278.76,""size"":0.08806291,""num_orders"":2},{""price"":77279.17,""size"":0.00970564,""num_orders"":1},{""price"":77279.73,""size"":0.00027602,""num_orders"":2},{""price"":77279.94,""size"":0.10351976,""num_orders"":1},{""price"":77280.1,""size"":0.00258783,""num_orders"":1}]"
btc_usd_d10_20260918T041401Z,9,2026-09-18T04:23:01.466805Z,2026-09-18T04:23:01.466926Z,BTC-USD,10,ok,,136292158175,2026-09-18T04:23:01.038592592Z,0.88059823,0.16888795,0.678151169175,77224.669999999998,77224.679999999993,77224.674999999988,0.009999999995,0.001294922898,"[{""price"":77224.67,""size"":0.00013169,""num_orders"":1},{""price"":77223.44,""size"":0.10359548,""num_orders"":1},{""price"":77222.52,""size"":0.02589918,""num_orders"":2},{""price"":77220.0,""size"":1.5e-05,""num_orders"":1},{""price"":77217.49,""size"":0.07766902,""num_orders"":1},{""price"":77216.94,""size"":0.1153,""num_orders"":1},{""price"":77215.57,""size"":0.00945,""num_orders"":1},{""price"":77215.04,""size"":0.07766902,""num_orders"":1},{""price"":77215.03,""size"":0.27884905,""num_orders"":1},{""price"":77215.02,""size"":0.19201979,""num_orders"":1}]","[{""price"":77224.68,""size"":0.06586626,""num_orders"":5},{""price"":77225.11,""size"":0.03851218,""num_orders"":1},{""price"":77225.3,""size"":0.0008417,""num_orders"":1},{""price"":77225.66,""size"":0.00136837,""num_orders"":1},{""price"":77225.95,""size"":0.00513145,""num_orders"":1},{""price"":77225.98,""size"":0.00011288,""num_orders"":1},{""price"":77226.12,""size"":0.02589852,""num_orders"":1},{""price"":77226.23,""size"":0.02589794,""num_orders"":2},{""price"":77226.72,""size"":0.00513144,""num_orders"":1},{""price"":77226.75,""size"":0.00012721,""num_orders"":1}]"
btc_usd_d10_20260918T041401Z,10,2026-09-18T04:24:01.466805Z,2026-09-18T04:24:01.466943Z,BTC-USD,10,ok,,136292185193,2026-09-18T04:24:00.400141989Z,0.34985489,0.07409171,0.650466780486,77237.539999999994,77237.550000000003,77237.544999999998,0.010000000009,0.001294707128,"[{""price"":77237.54,""size"":0.00893222,""num_orders"":2},{""price"":77237.47,""size"":0.00718096,""num_orders"":1},{""price"":77237.1,""size"":0.09201003,""num_orders"":1},{""price"":77237.09,""size"":0.10357716,""num_orders"":1},{""price"":77236.91,""size"":0.00012947,""num_orders"":1},{""price"":77236.45,""size"":0.01675113,""num_orders"":1},{""price"":77235.99,""size"":0.02589466,""num_orders"":2},{""price"":77235.61,""size"":0.00776824,""num_orders"":1},{""price"":77233.16,""size"":0.009942,""num_orders"":1},{""price"":77233.05,""size"":0.07766902,""num_orders"":1}]","[{""price"":77237.55,""size"":1.88e-05,""num_orders"":1},{""price"":77237.6,""size"":0.00013308,""num_orders"":2},{""price"":77239.37,""size"":0.00429091,""num_orders"":1},{""price"":77239.88,""size"":0.02589336,""num_orders"":2},{""price"":77241.47,""size"":0.00547359,""num_orders"":1},{""price"":77242.11,""size"":0.00307894,""num_orders"":1},{""price"":77242.19,""size"":0.00018803,""num_orders"":1},{""price"":77242.67,""size"":0.025,""num_orders"":1},{""price"":77243.4,""size"":1.5e-05,""num_orders"":1},{""price"":77245.0,""size"":0.01,""num_orders"":1}]"
btc_usd_d10_20260918T041401Z,11,2026-09-18T04:25:01.466805Z,2026-09-18T04:25:01.466946Z,BTC-USD,10,ok,,136292218740,2026-09-18T04:25:00.019093588Z,0.24338703,0.37465903,-0.212398409271,77201.720000000001,77201.729999999996,77201.725000000006,0.009999999995,0.001295307844,"[{""price"":77201.72,""size"":0.06913983,""num_orders"":4},{""price"":77200.84,""size"":9.579e-05,""num_orders"":1},{""price"":77200.32,""size"":0.1036265,""num_orders"":1},{""price"":77200.17,""size"":0.02590668,""num_orders"":2},{""price"":77200.0,""size"":0.00323316,""num_orders"":1},{""price"":77199.79,""size"":0.00777184,""num_orders"":1},{""price"":77197.18,""size"":0.0097148,""num_orders"":1},{""price"":77196.6,""size"":1.5e-05,""num_orders"":1},{""price"":77195.1,""size"":0.00388343,""num_orders"":1},{""price"":77194.22,""size"":0.02,""num_orders"":1}]","[{""price"":77201.73,""size"":0.00906849,""num_orders"":4},{""price"":77203.27,""size"":0.01546567,""num_orders"":1},{""price"":77203.28,""size"":0.02590564,""num_orders"":2},{""price"":77203.66,""size"":0.00777184,""num_orders"":1},{""price"":77203.94,""size"":0.10769367,""num_orders"":1},{""price"":77206.27,""size"":0.0097148,""num_orders"":1},{""price"":77206.45,""size"":0.10361828,""num_orders"":1},{""price"":77207.02,""size"":0.07766902,""num_orders"":1},{""price"":77208.31,""size"":0.00818762,""num_orders"":2},{""price"":77209.06,""size"":0.009564,""num_orders"":1}]"
btc_usd_d10_20260918T041401Z,12,2026-09-18T04:26:01.466805Z,2026-09-18T04:26:01.466939Z,BTC-USD,10,ok,,136292261040,2026-09-18T04:25:59.509840617Z,0.22838904,0.41178413,-0.286477313631,77238.729999999996,77238.740000000005,77238.735000000001,0.010000000009,0.001294687181,"[{""price"":77238.73,""size"":0.10367286,""num_orders"":2},{""price"":77238.72,""size"":0.00776775,""num_orders"":1},{""price"":77236.79,""size"":0.00776808,""num_orders"":1},{""price"":77236.61,""size"":0.00148069,""num_orders"":1},{""price"":77235.2,""size"":0.04452412,""num_orders"":1},{""price"":77234.87,""size"":0.00388344,""num_orders"":1},{""price"":77234.56,""size"":0.009582,""num_orders"":1},{""price"":77234.19,""size"":0.02,""num_orders"":1},{""price"":77234.18,""size"":0.0097101,""num_orders"":1},{""price"":77234.0,""size"":0.02,""num_orders"":1}]","[{""price"":77238.74,""size"":0.0295,""num_orders"":1},{""price"":77239.31,""size"":0.01496701,""num_orders"":1},{""price"":77239.99,""size"":7.037e-05,""num_orders"":1},{""price"":77240.22,""size"":0.025,""num_orders"":1},{""price"":77242.64,""size"":0.00308111,""num_orders"":3},{""price"":77243.4,""size"":1.5e-05,""num_orders"":1},{""price"":77243.85,""size"":0.07766902,""num_orders"":1},{""price"":77243.86,""size"":0.14791601,""num_orders"":2},{""price"":77245.0,""size"":0.01,""num_orders"":1},{""price"":77245.72,""size"":0.10356561,""num_orders"":1}]"
btc_usd_d10_20260918T041401Z,13,2026-09-18T04:27:01.466805Z,2026-09-18T04:27:01.466941Z,BTC-USD,10,ok,,136292301958,2026-09-18T04:26:59.000000485Z,0.69349484,0.62463156,0.052243305346,77196.600000000006,77196.610000000001,77196.60500000001,0.009999999995,0.001295393754,"[{""price"":77196.6,""size"":0.00012041,""num_orders"":3},{""price"":77192.37,""size"":0.07766902,""num_orders"":1},{""price"":77192.27,""size"":0.025,""num_orders"":1},{""price"":77190.6,""size"":0.10363956,""num_orders"":1},{""price"":77190.0,""size"":0.01,""num_orders"":1},{""price"":77189.45,""size"":0.07766902,""num_orders"":1},{""price"":77187.67,""size"":0.02,""num_orders"":1},{""price"":77187.66,""size"":0.14557224,""num_orders"":1},{""price"":77187.65,""size"":0.15615557,""num_orders"":1},{""price"":77186.73,""size"":0.07766902,""num_orders"":1}]","[{""price"":77196.61,""size"":0.18691434,""num_orders"":5},{""price"":77198.33,""size"":0.11287502,""num_orders"":1},{""price"":77198.34,""size"":0.10362917,""num_orders"":1},{""price"":77198.54,""size"":0.00777236,""num_orders"":1},{""price"":77199.18,""size"":0.009978,""num_orders"":1},{""price"":77199.28,""size"":0.00388348,""num_orders"":1},{""price"":77199.49,""size"":0.07766902,""num_orders"":1},{""price"":77200.0,""size"":0.11197917,""num_orders"":2},{""price"":77200.01,""size"":0.00021555,""num_orders"":1},{""price"":77201.15,""size"":0.00971545,""num_orders"":1}]"
btc_usd_d10_20260918T041401Z,14,2026-09-18T04:28:01.466805Z,2026-09-18T04:28:01.466947Z,BTC-USD,10,ok,,136292334358,2026-09-18T04:27:59.016229530Z,0.45732843,0.37390626,0.100359346167,77215.199999999997,77215.210000000006,77215.205000000002,0.010000000009,0.001295081715,"[{""price"":77215.2,""size"":0.03287666,""num_orders"":5},{""price"":77214.84,""size"":0.11574431,""num_orders"":1},{""price"":77213.65,""size"":0.02590216,""num_orders"":2},{""price"":77213.38,""size"":0.00318505,""num_orders"":1},{""price"":77213.27,""size"":0.00777049,""num_orders"":1},{""price"":77212.63,""size"":0.10360998,""num_orders"":1},{""price"":77211.6,""size"":0.07766902,""num_orders"":1},{""price"":77211.12,""size"":0.05926138,""num_orders"":1},{""price"":77210.66,""size"":0.00971311,""num_orders"":1},{""price"":77209.82,""size"":0.02159627,""num_orders"":1}]","[{""price"":77215.21,""size"":0.11666837,""num_orders"":2},{""price"":77216.76,""size"":0.02590112,""num_orders"":2},{""price"":77217.27,""size"":0.02590151,""num_orders"":1},{""price"":77217.36,""size"":0.00057872,""num_orders"":1},{""price"":77218.21,""size"":0.00390489,""num_orders"":1},{""price"":77218.57,""size"":0.0002968,""num_orders"":2},{""price"":77220.0,""size"":0.010015,""num_orders"":2},{""price"":77220.94,""size"":0.07766902,""num_orders"":1},{""price"":77220.95,""size"":0.10359883,""num_orders"":1},{""price"":77222.11,""size"":0.009372,""num_orders"":1}]"
btc_usd_d10_20260918T041401Z,15,2026-09-18T04:29:01.466805Z,2026-09-18T04:29:01.466947Z,BTC-USD,10,ok,,136292369465,2026-09-18T04:29:00.766572473Z,0.59777908,0.31560857,0.308927441706,77191.889999999999,77191.899999999994,77191.89499999999,0.009999999995,0.001295472795,"[{""price"":77191.89,""size"":0.02936877,""num_orders"":1},{""price"":77190.84,""size"":0.07766902,""num_orders"":1},{""price"":77190.83,""size"":0.10363924,""num_orders"":1},{""price"":77190.71,""size"":0.02116926,""num_orders"":2},{""price"":77190.47,""size"":0.02590994,""num_orders"":2},{""price"":77189.96,""size"":0.00777283,""num_orders"":1},{""price"":77187.97,""size"":0.19380686,""num_orders"":1},{""price"":77187.96,""size"":0.07766902,""num_orders"":1},{""price"":77187.43,""size"":0.0510581,""num_orders"":1},{""price"":77187.35,""size"":0.00971604,""num_orders"":1}]","[{""price"":77191.9,""size"":0.01242432,""num_orders"":2},{""price"":77191.91,""size"":0.00084205,""num_orders"":1},{""price"":77193.45,""size"":0.01295447,""num_orders"":1},{""price"":77193.83,""size"":0.00777283,""num_orders"":1},{""price"":77193.84,""size"":0.00259071,""num_orders"":1},{""price"":77193.85,""size"":0.00458072,""num_orders"":1},{""price"":77196.44,""size"":0.00971604,""num_orders"":1},{""price"":77196.62,""size"":0.009492,""num_orders"":1},{""price"":77197.87,""size"":0.13993543,""num_orders"":1},{""price"":77197.88,""size"":0.1153,""num_orders"":1}]"
btc_usd_d10_20260918T041401Z,16,2026-09-18T04:30:01.466805Z,2026-09-18T04:30:01.466888Z,BTC-USD,10,ok,,136292406195,2026-09-18T04:30:00.976191532Z,2.11154854,0.47100723,0.635239451189,77208.149999999994,77208.160000000003,77208.154999999999,0.010000000009,0.001295199971,"[{""price"":77208.15,""size"":0.15129036,""num_orders"":5},{""price"":77207.68,""size"":0.10361663,""num_orders"":1},{""price"":77207.67,""size"":0.07766902,""num_orders"":1},{""price"":77206.6,""size"":0.02590452,""num_orders"":2},{""price"":77206.27,""size"":0.67365217,""num_orders"":1},{""price"":77206.26,""size"":0.06,""num_orders"":2},{""price"":77206.22,""size"":0.00777119,""num_orders"":1},{""price"":77206.09,""size"":0.00203865,""num_orders"":1},{""price"":77205.24,""size"":0.009606,""num_orders"":1},{""price"":77205.0,""size"":1.0,""num_orders"":1}]","[{""price"":77208.16,""size"":0.00135496,""num_orders"":1},{""price"":77211.84,""size"":0.00046011,""num_orders"":3},{""price"":77215.0,""size"":0.01,""num_orders"":1},{""price"":77218.39,""size"":0.00453688,""num_orders"":1},{""price"":77218.6,""size"":0.10360198,""num_orders"":1},{""price"":77219.21,""size"":0.00194213,""num_orders"":1},{""price"":77219.87,""size"":0.00972,""num_orders"":1},{""price"":77219.96,""size"":0.19428067,""num_orders"":1},{""price"":77219.97,""size"":0.1350955,""num_orders"":1},{""price"":77220.0,""size"":0.010015,""num_orders"":2}]"
btc_usd_d10_20260918T041401Z,17,2026-09-18T04:31:01.466805Z,2026-09-18T04:31:01.466939Z,BTC-USD,10,ok,,136292440549,2026-09-18T04:30:59.530375814Z,0.47165311,0.33454477,0.170067849844,77236.759999999995,77236.899999999994,77236.829999999987,0.139999999999,0.018126067577,"[{""price"":77236.76,""size"":0.00776827,""num_orders"":1},{""price"":77235.94,""size"":0.00084156,""num_orders"":1},{""price"":77235.88,""size"":0.12830184,""num_orders"":1},{""price"":77235.87,""size"":0.1035788,""num_orders"":1},{""price"":77234.79,""size"":0.00776826,""num_orders"":1},{""price"":77234.76,""size"":0.07766902,""num_orders"":1},{""price"":77232.46,""size"":0.05447592,""num_orders"":1},{""price"":77232.45,""size"":0.06,""num_orders"":2},{""price"":77232.18,""size"":0.00971033,""num_orders"":1},{""price"":77231.83,""size"":0.02153911,""num_orders"":1}]","[{""price"":77236.9,""size"":0.0315,""num_orders"":1},{""price"":77236.91,""size"":0.01638805,""num_orders"":1},{""price"":77238.83,""size"":0.12700012,""num_orders"":1},{""price"":77238.85,""size"":0.0077683,""num_orders"":1},{""price"":77239.99,""size"":0.12700012,""num_orders"":1},{""price"":77241.9,""size"":0.00971032,""num_orders"":1},{""price"":77242.44,""size"":0.009234,""num_orders"":1},{""price"":77242.65,""size"":0.00139334,""num_orders"":3},{""price"":77242.99,""size"":0.00453552,""num_orders"":1},{""price"":77243.4,""size"":1.5e-05,""num_orders"":1}]"
btc_usd_d10_20260918T041401Z,18,2026-09-18T04:32:01.466805Z,2026-09-18T04:32:01.466936Z,BTC-USD,10,ok,,136292470456,2026-09-18T04:31:59.300819687Z,0.56849822,0.31144508,0.292124663032,77212.509999999995,77212.520000000004,77212.514999999999,0.010000000009,0.001295126834,"[{""price"":77212.51,""size"":0.26703665,""num_orders"":6},{""price"":77210.99,""size"":0.02091087,""num_orders"":1},{""price"":77210.97,""size"":0.0001659,""num_orders"":1},{""price"":77210.96,""size"":0.02590306,""num_orders"":2},{""price"":77210.58,""size"":0.00777076,""num_orders"":1},{""price"":77208.94,""size"":0.00025035,""num_orders"":1},{""price"":77208.58,""size"":0.00453663,""num_orders"":1},{""price"":77207.97,""size"":0.00971345,""num_orders"":1},{""price"":77207.41,""size"":0.15454153,""num_orders"":1},{""price"":77207.4,""size"":0.07766902,""num_orders"":1}]","[{""price"":77212.52,""size"":0.00863051,""num_orders"":3},{""price"":77213.51,""size"":0.00505056,""num_orders"":1},{""price"":77213.84,""size"":0.00259029,""num_orders"":1},{""price"":77213.85,""size"":0.02590287,""num_orders"":1},{""price"":77214.07,""size"":0.02590202,""num_orders"":2},{""price"":77214.44,""size"":0.00777083,""num_orders"":1},{""price"":77214.74,""size"":0.0990004,""num_orders"":1},{""price"":77215.45,""size"":0.02788366,""num_orders"":1},{""price"":77215.9,""size"":0.0990004,""num_orders"":1},{""price"":77217.05,""size"":0.00971354,""num_orders"":1}]"
btc_usd_d10_20260918T041401Z,19,2026-09-18T04:33:01.466805Z,2026-09-18T04:33:01.466945Z,BTC-USD,10,ok,,136292503166,2026-09-18T04:33:01.024898250Z,0.78404572,0.19218867,0.606265315034,77176.020000000004,77176.029999999999,77176.024999999994,0.009999999995,0.001295739188,"[{""price"":77176.02,""size"":0.04628404,""num_orders"":4},{""price"":77175.59,""size"":0.15111513,""num_orders"":2},{""price"":77175.58,""size"":0.07766902,""num_orders"":1},{""price"":77175.56,""size"":0.06,""num_orders"":2},{""price"":77175.1,""size"":0.10366036,""num_orders"":1},{""price"":77174.46,""size"":0.0259153,""num_orders"":2},{""price"":77174.09,""size"":0.00777443,""num_orders"":1},{""price"":77173.2,""size"":1.484e-05,""num_orders"":1},{""price"":77172.87,""size"":0.23394358,""num_orders"":1},{""price"":77172.11,""size"":0.07766902,""num_orders"":1}]","[{""price"":77176.03,""size"":0.00998514,""num_orders"":3},{""price"":77177.58,""size"":0.02591426,""num_orders"":2},{""price"":77177.96,""size"":0.00777443,""num_orders"":1},{""price"":77178.0,""size"":0.00136838,""num_orders"":1},{""price"":77178.02,""size"":1.582e-05,""num_orders"":1},{""price"":77178.13,""size"":0.00647834,""num_orders"":1},{""price"":77178.37,""size"":0.02591337,""num_orders"":1},{""price"":77179.27,""size"":0.00136838,""num_orders"":1},{""price"":77180.57,""size"":0.00971804,""num_orders"":1},{""price"":77180.96,""size"":0.10365251,""num_orders"":1}]"
btc_usd_d10_20260918T041401Z,20,2026-09-18T04:34:01.466805Z,2026-09-18T04:34:01.466937Z,BTC-USD,10,ok,,136292540949,2026-09-18T04:34:00.522397010Z,0.55293082,0.43316307,0.121456740798,77154.070000000007,77154.080000000002,77154.075000000012,0.009999999995,0.00129610782,"[{""price"":77154.07,""size"":0.02004665,""num_orders"":3},{""price"":77153.95,""size"":0.09452876,""num_orders"":2},{""price"":77153.94,""size"":0.10368879,""num_orders"":1},{""price"":77153.31,""size"":0.06,""num_orders"":2},{""price"":77152.14,""size"":0.00777664,""num_orders"":1},{""price"":77150.26,""size"":0.00259201,""num_orders"":1},{""price"":77150.0,""size"":0.00128972,""num_orders"":1},{""price"":77149.8,""size"":1.5e-05,""num_orders"":1},{""price"":77149.55,""size"":0.18532423,""num_orders"":1},{""price"":77149.54,""size"":0.07766902,""num_orders"":1}]","[{""price"":77154.08,""size"":0.00273675,""num_orders"":2},{""price"":77155.52,""size"":0.02592129,""num_orders"":1},{""price"":77156.01,""size"":0.1107647,""num_orders"":5},{""price"":77156.29,""size"":0.00259213,""num_orders"":1},{""price"":77158.08,""size"":0.00084247,""num_orders"":1},{""price"":77159.99,""size"":0.10368068,""num_orders"":1},{""price"":77160.02,""size"":0.04151165,""num_orders"":1},{""price"":77161.32,""size"":0.07766902,""num_orders"":1},{""price"":77162.9,""size"":0.00945,""num_orders"":1},{""price"":77162.94,""size"":0.05799438,""num_orders"":1}]"
btc_usd_d10_20260918T041401Z,21,2026-09-18T04:35:01.466805Z,2026-09-18T04:35:01.466940Z,BTC-USD,10,ok,,136292576221,2026-09-18T04:35:00.001349357Z,0.55944086,1.01210838,-0.288039030836,77172.399999999994,77172.410000000003,77172.404999999999,0.010000000009,0.00129579997,"[{""price"":77172.4,""size"":0.17480726,""num_orders"":2},{""price"":77172.37,""size"":0.17476774,""num_orders"":1},{""price"":77171.37,""size"":0.07766902,""num_orders"":1},{""price"":77170.85,""size"":0.02591652,""num_orders"":2},{""price"":77170.82,""size"":0.0040341,""num_orders"":1},{""price"":77170.47,""size"":0.00016607,""num_orders"":1},{""price"":77169.65,""size"":0.08997316,""num_orders"":1},{""price"":77169.15,""size"":0.009474,""num_orders"":1},{""price"":77168.83,""size"":4.146e-05,""num_orders"":1},{""price"":77168.65,""size"":0.00259153,""num_orders"":1}]","[{""price"":77172.41,""size"":0.0925,""num_orders"":3},{""price"":77173.96,""size"":0.02591548,""num_orders"":2},{""price"":77174.34,""size"":0.00777479,""num_orders"":1},{""price"":77175.4,""size"":0.00259163,""num_orders"":1},{""price"":77175.84,""size"":0.15472043,""num_orders"":1},{""price"":77175.85,""size"":0.2591632,""num_orders"":1},{""price"":77176.89,""size"":0.17559514,""num_orders"":1},{""price"":77176.9,""size"":0.25912922,""num_orders"":1},{""price"":77176.95,""size"":0.00971849,""num_orders"":1},{""price"":77177.4,""size"":0.025,""num_orders"":1}]"
btc_usd_d10_20260918T041401Z,22,2026-09-18T04:36:01.466805Z,2026-09-18T04:36:01.466944Z,BTC-USD,10,ok,,136292611767,2026-09-18T04:35:59.024623408Z,0.48437485,0.6481708,-0.144626355679,77266.789999999994,77266.800000000003,77266.794999999998,0.010000000009,0.001294217006,"[{""price"":77266.79,""size"":0.16224509,""num_orders"":7},{""price"":77266.67,""size"":0.025,""num_orders"":1},{""price"":77266.64,""size"":0.10353742,""num_orders"":1},{""price"":77265.83,""size"":0.00297253,""num_orders"":1},{""price"":77265.24,""size"":0.02588486,""num_orders"":2},{""price"":77265.22,""size"":0.009594,""num_orders"":1},{""price"":77264.72,""size"":0.0077653,""num_orders"":1},{""price"":77263.01,""size"":0.06,""num_orders"":2},{""price"":77262.97,""size"":0.07766902,""num_orders"":1},{""price"":77262.11,""size"":0.00970663,""num_orders"":1}]","[{""price"":77266.8,""size"":1.5e-05,""num_orders"":1},{""price"":77273.99,""size"":0.07766902,""num_orders"":1},{""price"":77274.71,""size"":0.10352675,""num_orders"":1},{""price"":77275.0,""size"":0.01,""num_orders"":1},{""price"":77275.12,""size"":0.02588156,""num_orders"":2},{""price"":77277.29,""size"":0.18372349,""num_orders"":1},{""price"":77277.3,""size"":0.09200194,""num_orders"":1},{""price"":77277.31,""size"":0.07766902,""num_orders"":1},{""price"":77278.5,""size"":1.5e-05,""num_orders"":1},{""price"":77279.99,""size"":0.07766902,""num_orders"":1}]"
btc_usd_d10_20260918T041401Z,23,2026-09-18T04:37:01.466805Z,2026-09-18T04:37:01.466949Z,BTC-USD,10,ok,,136292646295,2026-09-18T04:37:00.476786507Z,0.54865189,0.97572338,-0.280161649434,77253.580000000002,77255.089999999997,77254.334999999992,1.509999999995,0.195458287227,"[{""price"":77253.58,""size"":0.0077665,""num_orders"":1},{""price"":77253.57,""size"":0.00258913,""num_orders"":1},{""price"":77253.54,""size"":0.051005,""num_orders"":1},{""price"":77253.53,""size"":0.07766902,""num_orders"":1},{""price"":77251.62,""size"":0.00776649,""num_orders"":1},{""price"":77250.12,""size"":0.00084137,""num_orders"":1},{""price"":77249.93,""size"":0.21007725,""num_orders"":2},{""price"":77249.92,""size"":0.07766902,""num_orders"":1},{""price"":77249.9,""size"":0.10356,""num_orders"":1},{""price"":77249.01,""size"":0.00970811,""num_orders"":1}]","[{""price"":77255.09,""size"":0.063,""num_orders"":2},{""price"":77256.11,""size"":0.00566455,""num_orders"":3},{""price"":77258.03,""size"":0.10354911,""num_orders"":1},{""price"":77258.37,""size"":0.07766902,""num_orders"":1},{""price"":77261.21,""size"":0.025,""num_orders"":1},{""price"":77261.39,""size"":0.07766902,""num_orders"":1},{""price"":77261.42,""size"":0.04713219,""num_orders"":1},{""price"":77261.79,""size"":0.00258915,""num_orders"":1},{""price"":77261.95,""size"":0.25680627,""num_orders"":2},{""price"":77261.96,""size"":0.31664407,""num_orders"":2}]"
btc_usd_d10_20260918T041401Z,24,2026-09-18T04:38:01.466805Z,2026-09-18T04:38:01.466944Z,BTC-USD,10,ok,,136292678846,2026-09-18T04:37:59.832107414Z,0.51573794,0.73970542,-0.178397120201,77242.75,77242.759999999995,77242.755000000005,0.009999999995,0.001294619799,"[{""price"":77242.75,""size"":0.10390885,""num_orders"":3},{""price"":77242.69,""size"":0.07766902,""num_orders"":1},{""price"":77242.68,""size"":0.12470036,""num_orders"":1},{""price"":77241.62,""size"":0.00130864,""num_orders"":1},{""price"":77241.2,""size"":0.02589292,""num_orders"":2},{""price"":77241.06,""size"":0.021,""num_orders"":1},{""price"":77240.51,""size"":0.06,""num_orders"":2},{""price"":77240.2,""size"":0.021,""num_orders"":1},{""price"":77239.42,""size"":0.07766902,""num_orders"":1},{""price"":77237.71,""size"":0.00258913,""num_orders"":1}]","[{""price"":77242.76,""size"":0.01561908,""num_orders"":1},{""price"":77244.31,""size"":0.02589188,""num_orders"":2},{""price"":77244.45,""size"":0.00208618,""num_orders"":1},{""price"":77244.69,""size"":0.00776771,""num_orders"":1},{""price"":77248.14,""size"":0.00970959,""num_orders"":1},{""price"":77248.21,""size"":0.025,""num_orders"":1},{""price"":77248.85,""size"":0.2554511,""num_orders"":1},{""price"":77248.86,""size"":0.21695038,""num_orders"":20},{""price"":77249.54,""size"":0.07766902,""num_orders"":1},{""price"":77249.55,""size"":0.10356048,""num_orders"":1}]"
btc_usd_d10_20260918T041401Z,25,2026-09-18T04:39:01.466805Z,2026-09-18T04:39:01.466938Z,BTC-USD,10,ok,,136292705733,2026-09-18T04:38:58.900652942Z,0.39764194,0.39372205,0.0049533338,77242.75,77242.759999999995,77242.755000000005,0.009999999995,0.001294619799,"[{""price"":77242.75,""size"":0.09351418,""num_orders"":7},{""price"":77242.53,""size"":0.10258461,""num_orders"":1},{""price"":77242.52,""size"":0.10356989,""num_orders"":1},{""price"":77242.16,""size"":0.00659907,""num_orders"":2},{""price"":77241.39,""size"":0.01400196,""num_orders"":1},{""price"":77241.2,""size"":0.02589292,""num_orders"":2},{""price"":77240.82,""size"":0.00776771,""num_orders"":1},{""price"":77240.23,""size"":0.01400196,""num_orders"":1},{""price"":77238.22,""size"":0.02,""num_orders"":1},{""price"":77238.21,""size"":0.00970964,""num_orders"":1}]","[{""price"":77242.76,""size"":0.01088324,""num_orders"":5},{""price"":77244.31,""size"":0.02589188,""num_orders"":2},{""price"":77244.69,""size"":0.00776771,""num_orders"":1},{""price"":77247.3,""size"":0.00970964,""num_orders"":1},{""price"":77248.58,""size"":0.07766902,""num_orders"":1},{""price"":77248.86,""size"":0.01695117,""num_orders"":4},{""price"":77249.46,""size"":0.025,""num_orders"":1},{""price"":77250.0,""size"":0.02200687,""num_orders"":2},{""price"":77250.07,""size"":0.10355978,""num_orders"":1},{""price"":77250.25,""size"":0.09428274,""num_orders"":1}]"
btc_usd_d10_20260918T041401Z,26,2026-09-18T04:40:01.466805Z,2026-09-18T04:40:01.466942Z,BTC-USD,10,ok,,136292731309,2026-09-18T04:40:01.027857976Z,0.5839589,0.35859621,0.239097626875,77241.210000000006,77241.220000000001,77241.214999999997,0.009999999995,0.00129464561,"[{""price"":77241.21,""size"":0.18586885,""num_orders"":7},{""price"":77240.43,""size"":0.02491465,""num_orders"":1},{""price"":77240.42,""size"":0.01499813,""num_orders"":1},{""price"":77239.66,""size"":0.02589344,""num_orders"":2},{""price"":77239.28,""size"":0.00776787,""num_orders"":1},{""price"":77238.49,""size"":0.02,""num_orders"":1},{""price"":77238.48,""size"":0.15384693,""num_orders"":1},{""price"":77238.47,""size"":0.07766902,""num_orders"":1},{""price"":77238.45,""size"":0.06,""num_orders"":2},{""price"":77238.0,""size"":0.01300001,""num_orders"":1}]","[{""price"":77241.22,""size"":0.00762012,""num_orders"":2},{""price"":77242.55,""size"":0.00136846,""num_orders"":1},{""price"":77242.77,""size"":0.0258924,""num_orders"":2},{""price"":77243.15,""size"":0.00776787,""num_orders"":1},{""price"":77245.45,""size"":0.00467934,""num_orders"":1},{""price"":77245.76,""size"":0.00970984,""num_orders"":1},{""price"":77246.45,""size"":0.00467927,""num_orders"":1},{""price"":77251.07,""size"":0.11565155,""num_orders"":2},{""price"":77251.08,""size"":0.07766902,""num_orders"":1},{""price"":77251.14,""size"":0.10355834,""num_orders"":1}]"
btc_usd_d10_20260918T041401Z,27,2026-09-18T04:41:01.466805Z,2026-09-18T04:41:01.466939Z,BTC-USD,10,ok,,136292760763,2026-09-18T04:41:00.400185970Z,0.45341212,0.15648712,0.486842711921,77194.679999999993,77194.690000000002,77194.684999999998,0.010000000009,0.001295425975,"[{""price"":77194.68,""size"":0.19838525,""num_orders"":10},{""price"":77193.16,""size"":0.02010791,""num_orders"":1},{""price"":77193.13,""size"":0.02590904,""num_orders"":2},{""price"":77192.75,""size"":0.00777255,""num_orders"":1},{""price"":77191.87,""size"":0.07280145,""num_orders"":2},{""price"":77191.85,""size"":0.01975593,""num_orders"":1},{""price"":77190.14,""size"":0.00971569,""num_orders"":1},{""price"":77189.96,""size"":0.07766902,""num_orders"":1},{""price"":77188.73,""size"":0.02,""num_orders"":1},{""price"":77188.72,""size"":0.00129528,""num_orders"":1}]","[{""price"":77194.69,""size"":0.00944862,""num_orders"":4},{""price"":77196.24,""size"":0.025908,""num_orders"":2},{""price"":77196.62,""size"":0.00777255,""num_orders"":1},{""price"":77197.21,""size"":0.00906696,""num_orders"":2},{""price"":77197.52,""size"":0.009492,""num_orders"":1},{""price"":77199.23,""size"":0.00971569,""num_orders"":1},{""price"":77199.75,""size"":0.00569114,""num_orders"":1},{""price"":77200.01,""size"":0.00035469,""num_orders"":1},{""price"":77200.94,""size"":0.07766902,""num_orders"":1},{""price"":77201.35,""size"":0.00136845,""num_orders"":1}]"
btc_usd_d10_20260918T041401Z,28,2026-09-18T04:42:01.466805Z,2026-09-18T04:42:01.466934Z,BTC-USD,10,ok,,136292789891,2026-09-18T04:41:59.506647401Z,0.63186412,0.26503962,0.408989820914,77222.990000000005,77223,77222.994999999995,0.009999999995,0.001294951069,"[{""price"":77222.99,""size"":0.20249415,""num_orders"":5},{""price"":77222.33,""size"":0.00020106,""num_orders"":1},{""price"":77222.04,""size"":0.20810062,""num_orders"":2},{""price"":77222.03,""size"":0.10359737,""num_orders"":1},{""price"":77221.94,""size"":0.00095233,""num_orders"":1},{""price"":77221.73,""size"":0.00259044,""num_orders"":1},{""price"":77221.44,""size"":0.02589954,""num_orders"":2},{""price"":77221.06,""size"":0.0077697,""num_orders"":1},{""price"":77219.8,""size"":0.00258989,""num_orders"":1},{""price"":77219.68,""size"":0.07766902,""num_orders"":1}]","[{""price"":77223.0,""size"":0.00913809,""num_orders"":2},{""price"":77224.55,""size"":0.0258985,""num_orders"":2},{""price"":77224.56,""size"":0.00029541,""num_orders"":2},{""price"":77224.93,""size"":0.0077697,""num_orders"":1},{""price"":77225.58,""size"":0.00460098,""num_orders"":1},{""price"":77225.65,""size"":0.00136844,""num_orders"":1},{""price"":77226.57,""size"":0.025,""num_orders"":1},{""price"":77227.54,""size"":0.00971213,""num_orders"":1},{""price"":77229.5,""size"":0.07766902,""num_orders"":1},{""price"":77229.51,""size"":0.10358735,""num_orders"":1}]"
btc_usd_d10_20260918T041401Z,29,2026-09-18T04:43:01.466805Z,2026-09-18T04:43:01.466940Z,BTC-USD,10,ok,,136292814433,2026-09-18T04:42:59.250315177Z,0.85478979,0.26111523,0.532011729815,77227.850000000006,77227.860000000001,77227.85500000001,0.009999999995,0.001294869577,"[{""price"":77227.85,""size"":0.14720369,""num_orders"":7},{""price"":77227.39,""size"":0.23910975,""num_orders"":1},{""price"":77227.31,""size"":0.07766902,""num_orders"":1},{""price"":77227.3,""size"":0.1035903,""num_orders"":1},{""price"":77227.25,""size"":0.06,""num_orders"":2},{""price"":77227.15,""size"":0.00058088,""num_orders"":1},{""price"":77226.3,""size"":0.02589792,""num_orders"":2},{""price"":77225.92,""size"":0.00776921,""num_orders"":1},{""price"":77224.99,""size"":0.07766902,""num_orders"":1},{""price"":77224.93,""size"":0.1153,""num_orders"":1}]","[{""price"":77227.86,""size"":0.00886614,""num_orders"":4},{""price"":77229.41,""size"":0.02589688,""num_orders"":2},{""price"":77229.79,""size"":0.00776921,""num_orders"":1},{""price"":77230.37,""size"":0.00476831,""num_orders"":1},{""price"":77231.7,""size"":1.5e-05,""num_orders"":1},{""price"":77232.4,""size"":0.00971152,""num_orders"":1},{""price"":77233.91,""size"":0.009252,""num_orders"":1},{""price"":77234.95,""size"":0.07766902,""num_orders"":1},{""price"":77234.96,""size"":0.025,""num_orders"":1},{""price"":77234.99,""size"":0.09216715,""num_orders"":1}]"
btc_usd_d10_20260918T041401Z,30,2026-09-18T04:44:01.466805Z,2026-09-18T04:44:01.466945Z,BTC-USD,10,ok,,136292850965,2026-09-18T04:43:59.040271970Z,0.46673475,0.68276288,-0.187932644976,77304.179999999993,77305.119999999995,77304.649999999994,0.940000000002,0.12159682503,"[{""price"":77304.18,""size"":0.00776135,""num_orders"":1},{""price"":77303.53,""size"":0.12467688,""num_orders"":2},{""price"":77302.78,""size"":0.06,""num_orders"":2},{""price"":77302.63,""size"":0.02587234,""num_orders"":2},{""price"":77302.09,""size"":0.10349008,""num_orders"":1},{""price"":77301.9,""size"":0.02262968,""num_orders"":1},{""price"":77301.58,""size"":0.00970168,""num_orders"":1},{""price"":77301.05,""size"":0.00258823,""num_orders"":1},{""price"":77295.93,""size"":0.00635513,""num_orders"":1},{""price"":77295.92,""size"":0.10365938,""num_orders"":1}]","[{""price"":77305.12,""size"":0.063,""num_orders"":2},{""price"":77305.13,""size"":0.07766902,""num_orders"":1},{""price"":77306.13,""size"":0.00417931,""num_orders"":2},{""price"":77309.1,""size"":0.07766902,""num_orders"":1},{""price"":77310.19,""size"":0.02100226,""num_orders"":1},{""price"":77311.87,""size"":0.00054962,""num_orders"":1},{""price"":77312.08,""size"":0.009768,""num_orders"":1},{""price"":77312.15,""size"":0.10347662,""num_orders"":1},{""price"":77312.27,""size"":0.22918515,""num_orders"":1},{""price"":77312.87,""size"":0.09626388,""num_orders"":1}]"
btc_usd_d10_20260918T041401Z,31,2026-09-18T04:45:01.466805Z,2026-09-18T04:45:01.466955Z,BTC-USD,10,ok,,136292887456,2026-09-18T04:44:58.900201991Z,0.38111339,0.43367994,-0.064515194301,77362.880000000005,77362.889999999999,77362.885000000009,0.009999999995,0.001292609498,"[{""price"":77362.88,""size"":0.17747401,""num_orders"":7},{""price"":77362.5,""size"":0.00517068,""num_orders"":2},{""price"":77361.36,""size"":0.02,""num_orders"":1},{""price"":77361.35,""size"":0.00134722,""num_orders"":1},{""price"":77361.34,""size"":0.06332686,""num_orders"":1},{""price"":77361.33,""size"":0.0258527,""num_orders"":2},{""price"":77360.94,""size"":0.00775565,""num_orders"":1},{""price"":77360.39,""size"":0.00018627,""num_orders"":1},{""price"":77359.39,""size"":0.06,""num_orders"":2},{""price"":77358.34,""size"":0.02,""num_orders"":1}]","[{""price"":77362.89,""size"":0.00313018,""num_orders"":2},{""price"":77362.9,""size"":0.01174413,""num_orders"":1},{""price"":77369.7,""size"":0.07766902,""num_orders"":1},{""price"":77369.71,""size"":0.025,""num_orders"":1},{""price"":77369.87,""size"":0.009756,""num_orders"":1},{""price"":77370.0,""size"":0.01,""num_orders"":1},{""price"":77370.63,""size"":0.1153,""num_orders"":1},{""price"":77371.99,""size"":0.10339659,""num_orders"":1},{""price"":77372.1,""size"":1.5e-05,""num_orders"":1},{""price"":77372.99,""size"":0.07766902,""num_orders"":1}]"
btc_usd_d10_20260918T041401Z,32,2026-09-18T04:46:01.466805Z,2026-09-18T04:46:01.466936Z,BTC-USD,10,ok,,136292935487,2026-09-18T04:46:01.049468885Z,1.23923506,0.22081179,0.697527801933,77364.130000000005,77365.089999999997,77364.610000000001,0.959999999992,0.124087745029,"[{""price"":77364.13,""size"":0.00258452,""num_orders"":1},{""price"":77363.91,""size"":0.02,""num_orders"":1},{""price"":77360.89,""size"":0.04824978,""num_orders"":1},{""price"":77360.88,""size"":0.07755496,""num_orders"":1},{""price"":77360.4,""size"":1.462e-05,""num_orders"":1},{""price"":77360.06,""size"":1.939e-05,""num_orders"":1},{""price"":77359.69,""size"":0.00129243,""num_orders"":1},{""price"":77359.18,""size"":0.001939,""num_orders"":1},{""price"":77357.4,""size"":0.07755496,""num_orders"":1},{""price"":77356.79,""size"":1.0100254,""num_orders"":1}]","[{""price"":77365.09,""size"":0.02170809,""num_orders"":1},{""price"":77367.04,""size"":0.0077555,""num_orders"":1},{""price"":77368.3,""size"":0.00258486,""num_orders"":1},{""price"":77368.96,""size"":0.00457416,""num_orders"":1},{""price"":77369.65,""size"":0.00969438,""num_orders"":1},{""price"":77370.2,""size"":0.025,""num_orders"":1},{""price"":77370.24,""size"":0.07755496,""num_orders"":1},{""price"":77371.96,""size"":0.02689298,""num_orders"":1},{""price"":77371.97,""size"":0.045,""num_orders"":1},{""price"":77372.48,""size"":4.686e-05,""num_orders"":1}]"
btc_usd_d10_20260918T041401Z,33,2026-09-18T04:47:01.466805Z,2026-09-18T04:47:01.466935Z,BTC-USD,10,ok,,136292965613,2026-09-18T04:47:00.460087803Z,0.46050092,0.23782363,0.318873638339,77351.539999999994,77351.550000000003,77351.544999999998,0.010000000009,0.001292799001,"[{""price"":77351.54,""size"":0.03320429,""num_orders"":4},{""price"":77350.9,""size"":0.08010438,""num_orders"":2},{""price"":77350.01,""size"":0.10342596,""num_orders"":1},{""price"":77350.0,""size"":0.00010355,""num_orders"":1},{""price"":77349.99,""size"":0.0258565,""num_orders"":2},{""price"":77349.6,""size"":0.00775679,""num_orders"":1},{""price"":77348.7,""size"":1.5e-05,""num_orders"":1},{""price"":77347.32,""size"":0.02,""num_orders"":1},{""price"":77346.99,""size"":0.00969599,""num_orders"":1},{""price"":77344.94,""size"":0.18033846,""num_orders"":2}]","[{""price"":77351.55,""size"":0.00756066,""num_orders"":1},{""price"":77352.67,""size"":0.00258526,""num_orders"":1},{""price"":77353.1,""size"":0.02585546,""num_orders"":2},{""price"":77353.36,""size"":0.00646403,""num_orders"":1},{""price"":77353.41,""size"":0.025,""num_orders"":1},{""price"":77353.49,""size"":0.00775687,""num_orders"":1},{""price"":77354.36,""size"":5.788e-05,""num_orders"":1},{""price"":77354.58,""size"":0.07755496,""num_orders"":1},{""price"":77354.59,""size"":0.04199432,""num_orders"":1},{""price"":77354.61,""size"":0.04299419,""num_orders"":1}]"
btc_usd_d10_20260918T041401Z,34,2026-09-18T04:48:01.466805Z,2026-09-18T04:48:01.466942Z,BTC-USD,10,ok,,136293006381,2026-09-18T04:47:59.800267518Z,0.72545318,0.12655236,0.702930664042,77327,77327.009999999995,77327.005000000005,0.009999999995,0.001293209273,"[{""price"":77327.0,""size"":0.05353264,""num_orders"":4},{""price"":77326.04,""size"":0.1698063,""num_orders"":1},{""price"":77326.03,""size"":0.10345804,""num_orders"":1},{""price"":77325.47,""size"":0.07755496,""num_orders"":1},{""price"":77325.45,""size"":0.0258647,""num_orders"":2},{""price"":77322.74,""size"":0.07755496,""num_orders"":1},{""price"":77322.52,""size"":0.07754079,""num_orders"":2},{""price"":77320.37,""size"":0.07755496,""num_orders"":1},{""price"":77320.08,""size"":0.00258583,""num_orders"":1},{""price"":77320.02,""size"":0.06,""num_orders"":2}]","[{""price"":77327.01,""size"":0.01549957,""num_orders"":1},{""price"":77328.56,""size"":0.02586366,""num_orders"":2},{""price"":77328.95,""size"":0.00775925,""num_orders"":1},{""price"":77329.46,""size"":0.00905039,""num_orders"":2},{""price"":77330.22,""size"":0.016,""num_orders"":1},{""price"":77331.38,""size"":0.016,""num_orders"":1},{""price"":77331.56,""size"":0.00969906,""num_orders"":1},{""price"":77332.03,""size"":0.009384,""num_orders"":1},{""price"":77333.04,""size"":0.009708,""num_orders"":1},{""price"":77333.35,""size"":0.00758843,""num_orders"":1}]"
btc_usd_d10_20260918T041401Z,35,2026-09-18T04:49:01.466805Z,2026-09-18T04:49:01.466936Z,BTC-USD,10,ok,,136293041914,2026-09-18T04:48:58.900211785Z,0.64621627,0.31112062,0.350028974649,77287.520000000004,77287.529999999999,77287.524999999994,0.009999999995,0.00129386987,"[{""price"":77287.52,""size"":0.03158293,""num_orders"":2},{""price"":77286.84,""size"":0.10351049,""num_orders"":1},{""price"":77285.97,""size"":0.02587792,""num_orders"":2},{""price"":77284.44,""size"":0.07755496,""num_orders"":1},{""price"":77282.07,""size"":0.15095441,""num_orders"":1},{""price"":77282.06,""size"":0.07755496,""num_orders"":1},{""price"":77281.91,""size"":0.00129376,""num_orders"":1},{""price"":77281.52,""size"":0.00258684,""num_orders"":1},{""price"":77281.02,""size"":0.06,""num_orders"":2},{""price"":77280.16,""size"":0.1153,""num_orders"":1}]","[{""price"":77287.53,""size"":0.04303529,""num_orders"":3},{""price"":77289.47,""size"":0.00776321,""num_orders"":1},{""price"":77290.35,""size"":0.00530253,""num_orders"":1},{""price"":77291.87,""size"":0.00456396,""num_orders"":1},{""price"":77291.93,""size"":0.009648,""num_orders"":1},{""price"":77292.07,""size"":0.00970402,""num_orders"":1},{""price"":77292.42,""size"":0.13213138,""num_orders"":2},{""price"":77293.06,""size"":0.07755496,""num_orders"":1},{""price"":77293.49,""size"":0.01600847,""num_orders"":4},{""price"":77294.87,""size"":0.0054088,""num_orders"":1}]"
btc_usd_d10_20260918T041401Z,36,2026-09-18T04:50:01.466805Z,2026-09-18T04:50:01.466933Z,BTC-USD,10,ok,,136293077565,2026-09-18T04:50:00.537363189Z,0.37160389,0.72739566,-0.323741506537,77269.610000000001,77269.619999999995,77269.614999999991,0.009999999995,0.001294169771,"[{""price"":77269.61,""size"":0.03418147,""num_orders"":3},{""price"":77268.22,""size"":0.10353545,""num_orders"":1},{""price"":77268.06,""size"":0.02588392,""num_orders"":2},{""price"":77267.77,""size"":0.025,""num_orders"":1},{""price"":77266.8,""size"":9.795e-05,""num_orders"":2},{""price"":77265.32,""size"":0.07755496,""num_orders"":1},{""price"":77264.6,""size"":0.00194138,""num_orders"":1},{""price"":77263.71,""size"":0.00129404,""num_orders"":1},{""price"":77262.57,""size"":0.01949225,""num_orders"":1},{""price"":77261.75,""size"":0.08262247,""num_orders"":1}]","[{""price"":77269.62,""size"":0.0295,""num_orders"":1},{""price"":77271.08,""size"":0.04630031,""num_orders"":1},{""price"":77271.09,""size"":0.07755496,""num_orders"":1},{""price"":77273.4,""size"":0.08106199,""num_orders"":1},{""price"":77273.41,""size"":0.07755496,""num_orders"":1},{""price"":77273.65,""size"":0.05046265,""num_orders"":4},{""price"":77275.58,""size"":0.00776461,""num_orders"":1},{""price"":77277.63,""size"":0.10352284,""num_orders"":1},{""price"":77278.09,""size"":0.13118825,""num_orders"":1},{""price"":77278.1,""size"":0.12248509,""num_orders"":1}]"
btc_usd_d10_20260918T041401Z,37,2026-09-18T04:51:01.466805Z,2026-09-18T04:51:01.466938Z,BTC-USD,10,ok,,136293108332,2026-09-18T04:50:59.844501711Z,0.4638325,0.90119572,-0.320405991313,77285.940000000002,77285.949999999997,77285.945000000007,0.009999999995,0.001293896322,"[{""price"":77285.94,""size"":0.00113203,""num_orders"":1},{""price"":77284.39,""size"":0.02592949,""num_orders"":3},{""price"":77281.55,""size"":0.00258766,""num_orders"":1},{""price"":77280.94,""size"":0.025,""num_orders"":1},{""price"":77280.79,""size"":0.1035186,""num_orders"":1},{""price"":77276.26,""size"":0.03582,""num_orders"":1},{""price"":77276.25,""size"":0.06,""num_orders"":2},{""price"":77275.65,""size"":0.009258,""num_orders"":1},{""price"":77275.0,""size"":0.01,""num_orders"":1},{""price"":77274.7,""size"":0.19058672,""num_orders"":1}]","[{""price"":77285.95,""size"":0.12313637,""num_orders"":3},{""price"":77287.53,""size"":0.0025883,""num_orders"":4},{""price"":77287.89,""size"":0.00776357,""num_orders"":1},{""price"":77288.67,""size"":0.28698896,""num_orders"":1},{""price"":77288.68,""size"":0.10350804,""num_orders"":1},{""price"":77288.9,""size"":0.07755496,""num_orders"":1},{""price"":77289.04,""size"":0.13999553,""num_orders"":1},{""price"":77290.2,""size"":0.13999553,""num_orders"":1},{""price"":77290.49,""size"":0.00970446,""num_orders"":1},{""price"":77291.58,""size"":0.00996,""num_orders"":1}]"
btc_usd_d10_20260918T041401Z,38,2026-09-18T04:52:01.466805Z,2026-09-18T04:52:01.466942Z,BTC-USD,10,ok,,136293137656,2026-09-18T04:51:59.528838530Z,0.50446167,0.79321321,-0.222514548482,77326.990000000005,77327,77326.994999999995,0.009999999995,0.001293209441,"[{""price"":77326.99,""size"":0.07080966,""num_orders"":5},{""price"":77325.44,""size"":0.0258647,""num_orders"":2},{""price"":77325.29,""size"":0.00068347,""num_orders"":1},{""price"":77325.1,""size"":0.00084058,""num_orders"":1},{""price"":77325.05,""size"":0.00775925,""num_orders"":1},{""price"":77325.04,""size"":0.1364785,""num_orders"":1},{""price"":77325.03,""size"":0.10345937,""num_orders"":1},{""price"":77324.9,""size"":0.03600497,""num_orders"":1},{""price"":77324.26,""size"":0.04500621,""num_orders"":1},{""price"":77323.46,""size"":0.07755496,""num_orders"":1}]","[{""price"":77327.0,""size"":0.00438684,""num_orders"":4},{""price"":77327.01,""size"":0.0036246,""num_orders"":1},{""price"":77328.54,""size"":0.0136903,""num_orders"":1},{""price"":77328.55,""size"":0.02586366,""num_orders"":2},{""price"":77331.13,""size"":0.27874248,""num_orders"":1},{""price"":77331.14,""size"":0.10345121,""num_orders"":1},{""price"":77331.7,""size"":0.10036057,""num_orders"":1},{""price"":77331.72,""size"":0.07023859,""num_orders"":1},{""price"":77332.66,""size"":0.07755496,""num_orders"":1},{""price"":77332.67,""size"":0.1153,""num_orders"":1}]"
btc_usd_d10_20260918T041401Z,39,2026-09-18T04:53:01.466805Z,2026-09-18T04:53:01.466935Z,BTC-USD,10,ok,,136293172945,2026-09-18T04:53:00.816580666Z,0.56351541,0.69707479,-0.105949879667,77355.320000000007,77355.330000000002,77355.325000000012,0.009999999995,0.001292735826,"[{""price"":77355.32,""size"":0.11408849,""num_orders"":4},{""price"":77355.0,""size"":0.12422491,""num_orders"":1},{""price"":77354.99,""size"":0.07755496,""num_orders"":1},{""price"":77353.77,""size"":0.02590808,""num_orders"":3},{""price"":77353.38,""size"":0.00775641,""num_orders"":1},{""price"":77351.78,""size"":0.009612,""num_orders"":1},{""price"":77350.89,""size"":0.07755496,""num_orders"":1},{""price"":77350.77,""size"":0.00969551,""num_orders"":1},{""price"":77349.25,""size"":0.09712009,""num_orders"":1},{""price"":77348.7,""size"":0.02,""num_orders"":1}]","[{""price"":77355.33,""size"":0.00024205,""num_orders"":3},{""price"":77356.88,""size"":0.0129271,""num_orders"":1},{""price"":77357.96,""size"":0.1153,""num_orders"":1},{""price"":77358.26,""size"":0.025,""num_orders"":1},{""price"":77360.0,""size"":0.01,""num_orders"":1},{""price"":77360.4,""size"":1.5e-05,""num_orders"":1},{""price"":77362.58,""size"":0.07755496,""num_orders"":1},{""price"":77363.48,""size"":0.2750735,""num_orders"":1},{""price"":77364.04,""size"":0.10340722,""num_orders"":1},{""price"":77364.99,""size"":0.07755496,""num_orders"":1}]"
btc_usd_d10_20260918T041401Z,40,2026-09-18T04:54:01.466805Z,2026-09-18T04:54:01.466935Z,BTC-USD,10,ok,,136293198796,2026-09-18T04:54:00.462683076Z,0.57708345,0.54888662,0.025042255342,77369.990000000005,77370,77369.994999999995,0.009999999995,0.001292490712,"[{""price"":77369.99,""size"":0.11202995,""num_orders"":4},{""price"":77368.65,""size"":0.00258484,""num_orders"":1},{""price"":77368.47,""size"":0.11575004,""num_orders"":1},{""price"":77368.46,""size"":0.07755496,""num_orders"":1},{""price"":77368.44,""size"":0.02585034,""num_orders"":2},{""price"":77368.05,""size"":0.00775494,""num_orders"":1},{""price"":77366.67,""size"":0.00258544,""num_orders"":1},{""price"":77365.92,""size"":0.07755496,""num_orders"":1},{""price"":77364.91,""size"":0.09541798,""num_orders"":1},{""price"":77364.9,""size"":0.06,""num_orders"":2}]","[{""price"":77370.0,""size"":0.00501383,""num_orders"":3},{""price"":77371.55,""size"":0.01292465,""num_orders"":1},{""price"":77372.1,""size"":1.5e-05,""num_orders"":1},{""price"":77372.22,""size"":0.025,""num_orders"":1},{""price"":77373.7,""size"":0.07755496,""num_orders"":1},{""price"":77375.0,""size"":0.01,""num_orders"":1},{""price"":77376.27,""size"":0.07755496,""num_orders"":1},{""price"":77377.1,""size"":0.15311587,""num_orders"":1},{""price"":77378.37,""size"":0.10338806,""num_orders"":1},{""price"":77378.45,""size"":0.08431929,""num_orders"":1}]"
btc_usd_d10_20260918T041401Z,41,2026-09-18T04:55:01.466805Z,2026-09-18T04:55:01.466937Z,BTC-USD,10,ok,,136293231716,2026-09-18T04:54:59.314830587Z,0.66845718,0.31667957,0.357085054435,77369.990000000005,77370,77369.994999999995,0.009999999995,0.001292490712,"[{""price"":77369.99,""size"":0.11429306,""num_orders"":3},{""price"":77368.44,""size"":0.02588999,""num_orders"":3},{""price"":77368.05,""size"":0.00775494,""num_orders"":1},{""price"":77366.38,""size"":0.08212031,""num_orders"":1},{""price"":77366.37,""size"":0.06,""num_orders"":2},{""price"":77366.18,""size"":0.07755496,""num_orders"":1},{""price"":77365.44,""size"":0.00969368,""num_orders"":1},{""price"":77365.0,""size"":0.15359322,""num_orders"":2},{""price"":77364.35,""size"":0.06000206,""num_orders"":1},{""price"":77363.46,""size"":0.07755496,""num_orders"":1}]","[{""price"":77370.0,""size"":0.00480305,""num_orders"":4},{""price"":77371.54,""size"":0.03036599,""num_orders"":1},{""price"":77371.55,""size"":0.0258493,""num_orders"":2},{""price"":77371.57,""size"":0.00258504,""num_orders"":1},{""price"":77371.92,""size"":0.025,""num_orders"":1},{""price"":77372.1,""size"":1.5e-05,""num_orders"":1},{""price"":77374.46,""size"":0.09460083,""num_orders"":1},{""price"":77374.47,""size"":0.07755496,""num_orders"":1},{""price"":77375.0,""size"":0.01,""num_orders"":1},{""price"":77375.77,""size"":0.0459054,""num_orders"":1}]"
btc_usd_d10_20260918T041401Z,42,2026-09-18T04:56:01.466805Z,2026-09-18T04:56:01.466945Z,BTC-USD,10,ok,,136293256379,2026-09-18T04:55:58.801316268Z,0.30582075,0.60225424,-0.326441641125,77389.089999999997,77389.100000000006,77389.095000000001,0.010000000009,0.001292171721,"[{""price"":77389.09,""size"":0.0119405,""num_orders"":2},{""price"":77389.06,""size"":0.10337378,""num_orders"":1},{""price"":77388.39,""size"":0.00258456,""num_orders"":1},{""price"":77387.15,""size"":0.00775303,""num_orders"":1},{""price"":77384.54,""size"":0.00974418,""num_orders"":2},{""price"":77383.28,""size"":0.009672,""num_orders"":1},{""price"":77382.23,""size"":0.02,""num_orders"":1},{""price"":77382.22,""size"":0.06299203,""num_orders"":1},{""price"":77382.21,""size"":0.07755496,""num_orders"":1},{""price"":77381.7,""size"":0.00020571,""num_orders"":2}]","[{""price"":77389.1,""size"":0.08087723,""num_orders"":3},{""price"":77389.48,""size"":0.025,""num_orders"":1},{""price"":77389.99,""size"":0.07831959,""num_orders"":1},{""price"":77390.0,""size"":0.01,""num_orders"":1},{""price"":77390.7,""size"":0.0429872,""num_orders"":1},{""price"":77391.46,""size"":0.07755496,""num_orders"":1},{""price"":77392.0,""size"":0.00064644,""num_orders"":1},{""price"":77392.42,""size"":0.16740381,""num_orders"":2},{""price"":77392.47,""size"":0.04191005,""num_orders"":1},{""price"":77394.59,""size"":0.07755496,""num_orders"":1}]"
btc_usd_d10_20260918T041401Z,43,2026-09-18T04:57:01.466805Z,2026-09-18T04:57:01.466951Z,BTC-USD,10,ok,,136293298373,2026-09-18T04:56:59.541816663Z,0.44796002,0.91964271,-0.344897446936,77449.220000000001,77449.229999999996,77449.225000000006,0.009999999995,0.001291168504,"[{""price"":77449.22,""size"":0.00774689,""num_orders"":1},{""price"":77447.85,""size"":0.00233941,""num_orders"":1},{""price"":77447.28,""size"":0.00774701,""num_orders"":1},{""price"":77444.85,""size"":0.00083925,""num_orders"":1},{""price"":77444.67,""size"":0.00968376,""num_orders"":1},{""price"":77443.78,""size"":0.11378804,""num_orders"":1},{""price"":77443.77,""size"":0.07755496,""num_orders"":1},{""price"":77443.75,""size"":0.10330078,""num_orders"":1},{""price"":77442.91,""size"":0.009744,""num_orders"":1},{""price"":77441.85,""size"":0.11521592,""num_orders"":2}]","[{""price"":77449.23,""size"":0.11817012,""num_orders"":6},{""price"":77450.0,""size"":0.0645232,""num_orders"":1},{""price"":77453.7,""size"":0.10328751,""num_orders"":1},{""price"":77454.0,""size"":1.5e-05,""num_orders"":1},{""price"":77454.22,""size"":0.32404755,""num_orders"":2},{""price"":77454.23,""size"":0.10104937,""num_orders"":1},{""price"":77454.99,""size"":0.005695,""num_orders"":1},{""price"":77455.0,""size"":0.01,""num_orders"":1},{""price"":77456.96,""size"":0.07755496,""num_orders"":1},{""price"":77457.39,""size"":0.1153,""num_orders"":1}]"
btc_usd_d10_20260918T041401Z,44,2026-09-18T04:58:01.466805Z,2026-09-18T04:58:01.466942Z,BTC-USD,10,ok,,136293341847,2026-09-18T04:58:01.029963993Z,1.93257315,0.33142519,0.707221348934,77422.809999999998,77422.820000000007,77422.815000000002,0.010000000009,0.001291608941,"[{""price"":77422.81,""size"":1.51785528,""num_orders"":7},{""price"":77422.36,""size"":0.08983137,""num_orders"":1},{""price"":77422.15,""size"":0.10332959,""num_orders"":1},{""price"":77421.69,""size"":0.00258289,""num_orders"":1},{""price"":77421.26,""size"":0.0258327,""num_orders"":2},{""price"":77420.87,""size"":0.00774965,""num_orders"":1},{""price"":77418.9,""size"":1.484e-05,""num_orders"":1},{""price"":77418.85,""size"":0.09813481,""num_orders"":1},{""price"":77418.84,""size"":0.07755496,""num_orders"":1},{""price"":77418.26,""size"":0.00968706,""num_orders"":1}]","[{""price"":77422.82,""size"":0.01035011,""num_orders"":3},{""price"":77424.37,""size"":0.01291583,""num_orders"":1},{""price"":77428.47,""size"":0.00410161,""num_orders"":1},{""price"":77429.72,""size"":0.05179056,""num_orders"":1},{""price"":77430.0,""size"":0.01,""num_orders"":1},{""price"":77430.16,""size"":0.025,""num_orders"":1},{""price"":77431.69,""size"":0.00951,""num_orders"":1},{""price"":77432.72,""size"":0.00083954,""num_orders"":1},{""price"":77433.97,""size"":0.10331383,""num_orders"":1},{""price"":77434.47,""size"":0.10360371,""num_orders"":1}]"
btc_usd_d10_20260918T041401Z,45,2026-09-18T04:59:01.466805Z,2026-09-18T04:59:01.466940Z,BTC-USD,10,ok,,136293381757,2026-09-18T04:58:59.901265946Z,0.25716642,0.54048277,-0.355189165302,77474.410000000003,77474.419999999998,77474.415000000008,0.009999999995,0.001290748694,"[{""price"":77474.41,""size"":0.00805645,""num_orders"":2},{""price"":77474.16,""size"":0.00258153,""num_orders"":1},{""price"":77472.78,""size"":0.02597852,""num_orders"":2},{""price"":77472.77,""size"":0.02581552,""num_orders"":2},{""price"":77472.47,""size"":0.00774449,""num_orders"":1},{""price"":77469.86,""size"":0.00968061,""num_orders"":1},{""price"":77469.73,""size"":0.00017658,""num_orders"":1},{""price"":77469.03,""size"":0.00927,""num_orders"":1},{""price"":77465.35,""size"":0.00258128,""num_orders"":1},{""price"":77465.25,""size"":0.16528144,""num_orders"":1}]","[{""price"":77474.42,""size"":0.0315,""num_orders"":1},{""price"":77474.97,""size"":0.025,""num_orders"":1},{""price"":77475.98,""size"":3.76e-05,""num_orders"":1},{""price"":77476.19,""size"":0.10320398,""num_orders"":1},{""price"":77477.24,""size"":0.07755496,""num_orders"":1},{""price"":77477.98,""size"":0.11333887,""num_orders"":1},{""price"":77477.99,""size"":0.10325513,""num_orders"":1},{""price"":77479.49,""size"":0.00645599,""num_orders"":1},{""price"":77479.88,""size"":0.07755496,""num_orders"":1},{""price"":77480.84,""size"":0.00258128,""num_orders"":1}]"
btc_usd_d10_20260918T041401Z,46,2026-09-18T05:00:01.466805Z,2026-09-18T05:00:01.466933Z,BTC-USD,10,ok,,136293422631,2026-09-18T05:00:00.027675842Z,0.49003267,0.29426279,0.249612410099,77508.479999999996,77508.490000000005,77508.485000000001,0.010000000009,0.001290181328,"[{""price"":77508.48,""size"":0.01213866,""num_orders"":2},{""price"":77507.59,""size"":0.10321569,""num_orders"":1},{""price"":77507.58,""size"":0.00258128,""num_orders"":1},{""price"":77506.05,""size"":0.07755496,""num_orders"":1},{""price"":77505.32,""size"":0.1153,""num_orders"":1},{""price"":77503.72,""size"":0.07755496,""num_orders"":1},{""price"":77501.38,""size"":0.07755496,""num_orders"":1},{""price"":77500.41,""size"":0.00574265,""num_orders"":1},{""price"":77500.0,""size"":0.00774151,""num_orders"":1},{""price"":77499.52,""size"":0.010648,""num_orders"":1}]","[{""price"":77508.49,""size"":0.00166936,""num_orders"":1},{""price"":77512.5,""size"":1.5e-05,""num_orders"":1},{""price"":77512.83,""size"":1.33e-06,""num_orders"":1},{""price"":77513.0,""size"":0.025,""num_orders"":1},{""price"":77514.15,""size"":0.025,""num_orders"":1},{""price"":77514.63,""size"":0.04182311,""num_orders"":1},{""price"":77515.0,""size"":0.01,""num_orders"":1},{""price"":77519.07,""size"":0.07755496,""num_orders"":1},{""price"":77520.0,""size"":0.01,""num_orders"":1},{""price"":77520.11,""size"":0.10319903,""num_orders"":1}]"
btc_usd_d10_20260918T041401Z,47,2026-09-18T05:01:01.466805Z,2026-09-18T05:01:01.466935Z,BTC-USD,10,ok,,136293481680,2026-09-18T05:01:00.040549201Z,0.60346812,0.66659368,-0.049702746748,77575.380000000005,77575.759999999995,77575.570000000007,0.37999999999,0.048984493442,"[{""price"":77575.38,""size"":0.10703851,""num_orders"":1},{""price"":77575.33,""size"":0.00311766,""num_orders"":1},{""price"":77575.32,""size"":0.00996,""num_orders"":1},{""price"":77575.31,""size"":0.00773431,""num_orders"":1},{""price"":77575.3,""size"":0.11607981,""num_orders"":2},{""price"":77573.66,""size"":0.025,""num_orders"":1},{""price"":77573.37,""size"":0.00773431,""num_orders"":1},{""price"":77570.75,""size"":0.00966789,""num_orders"":1},{""price"":77568.36,""size"":0.16241177,""num_orders"":2},{""price"":77568.35,""size"":0.15472386,""num_orders"":1}]","[{""price"":77575.76,""size"":2.017e-05,""num_orders"":1},{""price"":77579.52,""size"":0.0169,""num_orders"":1},{""price"":77580.52,""size"":0.05745939,""num_orders"":1},{""price"":77580.81,""size"":1.301e-05,""num_orders"":1},{""price"":77582.0,""size"":1.387e-05,""num_orders"":1},{""price"":77582.7,""size"":1.5e-05,""num_orders"":1},{""price"":77583.52,""size"":0.1153,""num_orders"":1},{""price"":77583.9,""size"":0.15472386,""num_orders"":1},{""price"":77585.0,""size"":0.01,""num_orders"":1},{""price"":77586.23,""size"":0.31214838,""num_orders"":1}]"
btc_usd_d10_20260918T041401Z,48,2026-09-18T05:02:01.466805Z,2026-09-18T05:02:01.466935Z,BTC-USD,10,ok,,136293558560,2026-09-18T05:01:59.023253539Z,0.27612819,0.38389737,-0.163280312962,77481.550000000003,77481.559999999998,77481.554999999993,0.009999999995,0.00129062975,"[{""price"":77481.55,""size"":0.04058958,""num_orders"":2},{""price"":77481.29,""size"":0.10325073,""num_orders"":1},{""price"":77479.61,""size"":0.00774377,""num_orders"":1},{""price"":77479.37,""size"":0.009834,""num_orders"":1},{""price"":77478.76,""size"":8.286e-05,""num_orders"":1},{""price"":77477.4,""size"":1.5e-05,""num_orders"":1},{""price"":77476.99,""size"":0.00967972,""num_orders"":1},{""price"":77475.02,""size"":0.00581104,""num_orders"":1},{""price"":77475.01,""size"":0.08912149,""num_orders"":1},{""price"":77475.0,""size"":0.01,""num_orders"":1}]","[{""price"":77481.56,""size"":0.0052956,""num_orders"":1},{""price"":77482.35,""size"":0.01,""num_orders"":1},{""price"":77482.36,""size"":0.00646721,""num_orders"":1},{""price"":77483.53,""size"":0.00774377,""num_orders"":1},{""price"":77485.72,""size"":0.0008389,""num_orders"":1},{""price"":77485.89,""size"":0.02580592,""num_orders"":1},{""price"":77485.99,""size"":0.07734609,""num_orders"":1},{""price"":77486.92,""size"":0.00967962,""num_orders"":1},{""price"":77488.32,""size"":0.07734609,""num_orders"":1},{""price"":77489.1,""size"":0.16337417,""num_orders"":2}]"
btc_usd_d10_20260918T041401Z,49,2026-09-18T05:03:01.466805Z,2026-09-18T05:03:01.466940Z,BTC-USD,10,ok,,136293595075,2026-09-18T05:02:59.016879416Z,0.44031262,0.57423483,-0.132001918688,77452.259999999995,77452.270000000004,77452.264999999999,0.010000000009,0.001291117827,"[{""price"":77452.26,""size"":0.07463874,""num_orders"":10},{""price"":77451.3,""size"":0.07708082,""num_orders"":1},{""price"":77451.29,""size"":0.10329072,""num_orders"":1},{""price"":77450.71,""size"":0.02582288,""num_orders"":2},{""price"":77450.32,""size"":0.0077467,""num_orders"":1},{""price"":77450.04,""size"":0.06995614,""num_orders"":2},{""price"":77450.03,""size"":0.03099531,""num_orders"":1},{""price"":77450.0,""size"":0.01,""num_orders"":1},{""price"":77449.42,""size"":0.009786,""num_orders"":1},{""price"":77448.86,""size"":0.03099531,""num_orders"":1}]","[{""price"":77452.27,""size"":0.01494255,""num_orders"":5},{""price"":77453.82,""size"":0.02582184,""num_orders"":2},{""price"":77454.21,""size"":0.0077467,""num_orders"":1},{""price"":77455.16,""size"":0.00083922,""num_orders"":1},{""price"":77455.66,""size"":0.02581799,""num_orders"":1},{""price"":77456.57,""size"":0.07734609,""num_orders"":1},{""price"":77456.82,""size"":0.00968338,""num_orders"":1},{""price"":77458.43,""size"":0.2327615,""num_orders"":1},{""price"":77458.44,""size"":0.10192947,""num_orders"":1},{""price"":77458.96,""size"":0.07734609,""num_orders"":1}]"
btc_usd_d10_20260918T041401Z,50,2026-09-18T05:04:01.466805Z,2026-09-18T05:04:01.466938Z,BTC-USD,10,ok,,136293639515,2026-09-18T05:03:59.818625041Z,0.43206886,0.29423427,0.189775569327,77448.089999999997,77448.100000000006,77448.095000000001,0.010000000009,0.001291187344,"[{""price"":77448.09,""size"":2.263e-05,""num_orders"":1},{""price"":77446.28,""size"":0.03099702,""num_orders"":1},{""price"":77445.58,""size"":0.10329833,""num_orders"":1},{""price"":77442.57,""size"":0.04240972,""num_orders"":1},{""price"":77440.37,""size"":0.04957305,""num_orders"":1},{""price"":77440.0,""size"":0.01,""num_orders"":1},{""price"":77438.99,""size"":0.001937,""num_orders"":1},{""price"":77438.71,""size"":0.009528,""num_orders"":1},{""price"":77438.65,""size"":0.12430311,""num_orders"":2},{""price"":77438.64,""size"":0.06,""num_orders"":2}]","[{""price"":77448.1,""size"":0.07734609,""num_orders"":1},{""price"":77448.73,""size"":0.02438264,""num_orders"":1},{""price"":77449.73,""size"":0.00774704,""num_orders"":1},{""price"":77449.74,""size"":0.02364195,""num_orders"":3},{""price"":77451.28,""size"":0.06988273,""num_orders"":1},{""price"":77451.52,""size"":0.00097669,""num_orders"":2},{""price"":77451.68,""size"":0.00774696,""num_orders"":1},{""price"":77452.04,""size"":0.00258204,""num_orders"":1},{""price"":77452.52,""size"":0.07734609,""num_orders"":1},{""price"":77452.84,""size"":0.00258204,""num_orders"":1}]"
btc_usd_d10_20260918T041401Z,51,2026-09-18T05:05:01.466805Z,2026-09-18T05:05:01.466917Z,BTC-USD,10,ok,,136293682659,2026-09-18T05:04:58.901839045Z,1.03334031,0.39894906,0.442921146584,77396.630000000005,77396.639999999999,77396.635000000009,0.009999999995,0.001292045836,"[{""price"":77396.63,""size"":0.02022285,""num_orders"":5},{""price"":77394.86,""size"":0.0258415,""num_orders"":2},{""price"":77392.15,""size"":0.10336965,""num_orders"":1},{""price"":77391.45,""size"":0.33513468,""num_orders"":1},{""price"":77391.44,""size"":0.14205859,""num_orders"":2},{""price"":77390.0,""size"":0.01,""num_orders"":1},{""price"":77389.47,""size"":0.04279685,""num_orders"":1},{""price"":77389.01,""size"":0.07734609,""num_orders"":1},{""price"":77389.0,""size"":0.18579112,""num_orders"":1},{""price"":77385.8,""size"":0.09077898,""num_orders"":1}]","[{""price"":77396.64,""size"":0.01966178,""num_orders"":4},{""price"":77398.16,""size"":0.09606636,""num_orders"":1},{""price"":77398.17,""size"":0.07734609,""num_orders"":1},{""price"":77398.19,""size"":0.0258404,""num_orders"":2},{""price"":77398.31,""size"":0.00645974,""num_orders"":1},{""price"":77398.58,""size"":0.00775227,""num_orders"":1},{""price"":77398.66,""size"":0.009474,""num_orders"":1},{""price"":77398.92,""size"":0.0025839,""num_orders"":1},{""price"":77399.42,""size"":0.00645877,""num_orders"":1},{""price"":77400.79,""size"":0.14730575,""num_orders"":2}]"
btc_usd_d10_20260918T041401Z,52,2026-09-18T05:06:01.466805Z,2026-09-18T05:06:01.466935Z,BTC-USD,10,ok,,136293722178,2026-09-18T05:06:00.901514349Z,0.25982791,0.44300174,-0.26062336727,77375.860000000001,77375.869999999995,77375.864999999991,0.009999999995,0.001292392659,"[{""price"":77375.86,""size"":0.02949986,""num_orders"":1},{""price"":77374.78,""size"":8.284e-05,""num_orders"":1},{""price"":77373.18,""size"":0.01602896,""num_orders"":1},{""price"":77373.17,""size"":0.02684918,""num_orders"":1},{""price"":77372.1,""size"":1.5e-05,""num_orders"":1},{""price"":77371.6,""size"":0.05215526,""num_orders"":1},{""price"":77370.06,""size"":0.07734609,""num_orders"":1},{""price"":77370.05,""size"":1.616e-05,""num_orders"":1},{""price"":77370.0,""size"":0.01,""num_orders"":1},{""price"":77368.91,""size"":0.04783456,""num_orders"":1}]","[{""price"":77375.87,""size"":0.02946987,""num_orders"":3},{""price"":77375.95,""size"":0.00454957,""num_orders"":2},{""price"":77377.03,""size"":0.05876685,""num_orders"":1},{""price"":77377.81,""size"":0.00775435,""num_orders"":1},{""price"":77378.03,""size"":0.00128229,""num_orders"":1},{""price"":77378.1,""size"":0.00258459,""num_orders"":1},{""price"":77379.55,""size"":0.07734609,""num_orders"":1},{""price"":77380.42,""size"":0.00969294,""num_orders"":1},{""price"":77381.05,""size"":0.13625519,""num_orders"":2},{""price"":77381.06,""size"":0.1153,""num_orders"":1}]"
btc_usd_d10_20260918T041401Z,53,2026-09-18T05:07:01.466805Z,2026-09-18T05:07:01.466942Z,BTC-USD,10,ok,,136293755426,2026-09-18T05:06:59.887583294Z,0.36583516,0.56135598,-0.210874340322,77381.199999999997,77381.210000000006,77381.205000000002,0.010000000009,0.001292303475,"[{""price"":77381.2,""size"":0.02228685,""num_orders"":3},{""price"":77380.48,""size"":0.08178043,""num_orders"":1},{""price"":77380.47,""size"":0.10338525,""num_orders"":1},{""price"":77379.65,""size"":0.02584658,""num_orders"":2},{""price"":77379.23,""size"":0.00775382,""num_orders"":1},{""price"":77376.62,""size"":0.00969227,""num_orders"":1},{""price"":77374.78,""size"":0.00024306,""num_orders"":2},{""price"":77374.26,""size"":0.009852,""num_orders"":1},{""price"":77373.68,""size"":0.02,""num_orders"":1},{""price"":77373.67,""size"":0.0849949,""num_orders"":1}]","[{""price"":77381.21,""size"":0.01862423,""num_orders"":5},{""price"":77382.76,""size"":0.02584556,""num_orders"":2},{""price"":77383.15,""size"":0.00775382,""num_orders"":1},{""price"":77384.12,""size"":0.07734609,""num_orders"":1},{""price"":77385.76,""size"":0.00969227,""num_orders"":1},{""price"":77386.55,""size"":0.07734609,""num_orders"":1},{""price"":77388.91,""size"":0.17255183,""num_orders"":2},{""price"":77388.92,""size"":0.07734609,""num_orders"":1},{""price"":77389.83,""size"":0.08485,""num_orders"":1},{""price"":77390.0,""size"":0.01,""num_orders"":1}]"
btc_usd_d10_20260918T041401Z,54,2026-09-18T05:08:01.466805Z,2026-09-18T05:08:01.466937Z,BTC-USD,10,ok,,136293790207,2026-09-18T05:07:59.509480858Z,0.56856017,0.60049217,-0.027314431448,77429.080000000002,77429.089999999997,77429.084999999992,0.009999999995,0.001291504348,"[{""price"":77429.08,""size"":0.03724842,""num_orders"":2},{""price"":77428.1,""size"":0.0663092,""num_orders"":1},{""price"":77428.09,""size"":0.10332167,""num_orders"":1},{""price"":77427.21,""size"":0.01500424,""num_orders"":1},{""price"":77427.14,""size"":0.00774902,""num_orders"":1},{""price"":77426.04,""size"":0.01500424,""num_orders"":1},{""price"":77425.01,""size"":0.12140477,""num_orders"":1},{""price"":77425.0,""size"":0.07734609,""num_orders"":1},{""price"":77424.99,""size"":0.11548624,""num_orders"":2},{""price"":77424.53,""size"":0.00968628,""num_orders"":1}]","[{""price"":77429.09,""size"":0.00525037,""num_orders"":1},{""price"":77430.6,""size"":1.5e-05,""num_orders"":1},{""price"":77433.62,""size"":0.07734609,""num_orders"":1},{""price"":77435.0,""size"":0.01,""num_orders"":1},{""price"":77435.95,""size"":0.07734609,""num_orders"":1},{""price"":77438.31,""size"":0.00193702,""num_orders"":1},{""price"":77438.43,""size"":0.10330788,""num_orders"":1},{""price"":77438.94,""size"":0.07458145,""num_orders"":1},{""price"":77438.95,""size"":0.12637909,""num_orders"":1},{""price"":77438.96,""size"":0.12432918,""num_orders"":1}]"
btc_usd_d10_20260918T041401Z,55,2026-09-18T05:09:01.466805Z,2026-09-18T05:09:01.466948Z,BTC-USD,10,ok,,136293849436,2026-09-18T05:08:59.027988407Z,0.33292172,0.54478189,-0.241380082737,77506.210000000006,77506.220000000001,77506.214999999997,0.009999999995,0.001290219113,"[{""price"":77506.21,""size"":0.0295,""num_orders"":1},{""price"":77506.01,""size"":0.0771483,""num_orders"":2},{""price"":77504.99,""size"":0.0003196,""num_orders"":2},{""price"":77504.79,""size"":0.10321941,""num_orders"":1},{""price"":77504.27,""size"":0.01599741,""num_orders"":1},{""price"":77503.1,""size"":0.01599741,""num_orders"":1},{""price"":77502.21,""size"":0.00083858,""num_orders"":1},{""price"":77500.8,""size"":1.5e-05,""num_orders"":1},{""price"":77500.4,""size"":0.07988601,""num_orders"":1},{""price"":77500.0,""size"":0.01,""num_orders"":1}]","[{""price"":77506.22,""size"":0.00011574,""num_orders"":1},{""price"":77509.95,""size"":0.025,""num_orders"":1},{""price"":77510.55,""size"":0.06387669,""num_orders"":1},{""price"":77510.56,""size"":0.07739658,""num_orders"":1},{""price"":77511.25,""size"":0.02959955,""num_orders"":3},{""price"":77512.95,""size"":0.10280936,""num_orders"":1},{""price"":77512.96,""size"":0.07739658,""num_orders"":1},{""price"":77513.19,""size"":0.00774081,""num_orders"":1},{""price"":77514.57,""size"":0.08345,""num_orders"":1},{""price"":77515.29,""size"":0.07739658,""num_orders"":1}]"
btc_usd_d10_20260918T041401Z,56,2026-09-18T05:10:01.466805Z,2026-09-18T05:10:01.466937Z,BTC-USD,10,ok,,136293905035,2026-09-18T05:10:00.743549599Z,0.66133496,0.57460137,0.070176422438,77399.509999999995,77401.270000000004,77400.389999999999,1.760000000009,0.227389035121,"[{""price"":77399.51,""size"":0.02,""num_orders"":1},{""price"":77399.5,""size"":0.18557145,""num_orders"":1},{""price"":77399.49,""size"":0.07739658,""num_orders"":1},{""price"":77399.48,""size"":0.10833413,""num_orders"":1},{""price"":77396.97,""size"":0.07739658,""num_orders"":1},{""price"":77396.53,""size"":0.0476933,""num_orders"":1},{""price"":77396.5,""size"":1.936e-05,""num_orders"":1},{""price"":77395.5,""size"":1.5e-05,""num_orders"":1},{""price"":77395.32,""size"":0.0019381,""num_orders"":1},{""price"":77394.52,""size"":0.14297046,""num_orders"":2}]","[{""price"":77401.27,""size"":0.00775181,""num_orders"":1},{""price"":77403.2,""size"":0.00775187,""num_orders"":1},{""price"":77405.09,""size"":0.00829796,""num_orders"":2},{""price"":77405.81,""size"":0.00968984,""num_orders"":1},{""price"":77406.32,""size"":0.009288,""num_orders"":1},{""price"":77408.2,""size"":0.13657884,""num_orders"":1},{""price"":77409.01,""size"":0.1153,""num_orders"":1},{""price"":77410.01,""size"":0.05719723,""num_orders"":3},{""price"":77410.46,""size"":0.07739658,""num_orders"":1},{""price"":77412.5,""size"":0.14534924,""num_orders"":2}]"
btc_usd_d10_20260918T041401Z,57,2026-09-18T05:11:01.466805Z,2026-09-18T05:11:01.466941Z,BTC-USD,10,ok,,136293952426,2026-09-18T05:11:00.539576440Z,1.23579103,0.70731074,0.271977668982,77477.389999999999,77477.399999999994,77477.39499999999,0.009999999995,0.001290699048,"[{""price"":77477.39,""size"":0.13100008,""num_orders"":4},{""price"":77477.31,""size"":0.0019729,""num_orders"":1},{""price"":77475.45,""size"":0.00774419,""num_orders"":1},{""price"":77472.84,""size"":0.00968024,""num_orders"":1},{""price"":77468.09,""size"":0.04620576,""num_orders"":1},{""price"":77468.08,""size"":0.07739658,""num_orders"":1},{""price"":77465.76,""size"":0.00083895,""num_orders"":1},{""price"":77465.71,""size"":0.07739658,""num_orders"":1},{""price"":77465.7,""size"":0.87408175,""num_orders"":2},{""price"":77463.45,""size"":0.009474,""num_orders"":1}]","[{""price"":77477.4,""size"":0.00557839,""num_orders"":2},{""price"":77479.58,""size"":0.00258218,""num_orders"":1},{""price"":77481.77,""size"":0.07739658,""num_orders"":1},{""price"":77483.7,""size"":0.025,""num_orders"":1},{""price"":77484.1,""size"":0.07739658,""num_orders"":1},{""price"":77485.0,""size"":0.01,""num_orders"":1},{""price"":77485.16,""size"":0.2193437,""num_orders"":1},{""price"":77485.17,""size"":0.16171064,""num_orders"":2},{""price"":77485.95,""size"":0.05090609,""num_orders"":1},{""price"":77486.46,""size"":0.07739658,""num_orders"":1}]"
btc_usd_d10_20260918T041401Z,58,2026-09-18T05:12:01.466805Z,2026-09-18T05:12:01.466937Z,BTC-USD,10,ok,,136294004767,2026-09-18T05:12:00.045359077Z,0.33848085,0.75092494,-0.378595463496,77543.089999999997,77543.100000000006,77543.095000000001,0.010000000009,0.001289605478,"[{""price"":77543.09,""size"":0.10316844,""num_orders"":1},{""price"":77543.08,""size"":0.00967147,""num_orders"":1},{""price"":77540.93,""size"":0.01651466,""num_orders"":1},{""price"":77540.73,""size"":8.266e-05,""num_orders"":1},{""price"":77540.6,""size"":0.025,""num_orders"":1},{""price"":77539.64,""size"":0.00258008,""num_orders"":1},{""price"":77536.88,""size"":0.04620576,""num_orders"":1},{""price"":77536.87,""size"":0.07739658,""num_orders"":1},{""price"":77535.0,""size"":0.01,""num_orders"":1},{""price"":77534.51,""size"":0.0478612,""num_orders"":1}]","[{""price"":77543.1,""size"":0.0295,""num_orders"":1},{""price"":77545.44,""size"":0.00257938,""num_orders"":1},{""price"":77545.84,""size"":0.04620576,""num_orders"":1},{""price"":77545.85,""size"":0.07739658,""num_orders"":1},{""price"":77547.64,""size"":0.12484302,""num_orders"":1},{""price"":77547.65,""size"":0.1153,""num_orders"":1},{""price"":77548.58,""size"":0.1021734,""num_orders"":1},{""price"":77549.59,""size"":0.07744389,""num_orders"":2},{""price"":77551.06,""size"":0.09453291,""num_orders"":1},{""price"":77552.37,""size"":0.08095,""num_orders"":1}]"
btc_usd_d10_20260918T041401Z,59,2026-09-18T05:13:01.466805Z,2026-09-18T05:13:01.466934Z,BTC-USD,10,ok,,136294059541,2026-09-18T05:12:59.042954191Z,0.19746084,0.64304609,-0.530138698559,77549.190000000002,77549.199999999997,77549.195000000007,0.009999999995,0.001289504036,"[{""price"":77549.19,""size"":0.00014232,""num_orders"":1},{""price"":77548.18,""size"":0.00257945,""num_orders"":1},{""price"":77548.15,""size"":0.10316171,""num_orders"":1},{""price"":77547.18,""size"":0.02579076,""num_orders"":2},{""price"":77546.7,""size"":0.01602211,""num_orders"":1},{""price"":77546.69,""size"":0.01299977,""num_orders"":1},{""price"":77545.62,""size"":0.00083817,""num_orders"":1},{""price"":77545.52,""size"":0.01299977,""num_orders"":1},{""price"":77541.89,""size"":0.01327278,""num_orders"":1},{""price"":77541.88,""size"":0.009654,""num_orders"":1}]","[{""price"":77549.2,""size"":0.05406,""num_orders"":3},{""price"":77549.67,""size"":0.00027365,""num_orders"":2},{""price"":77552.72,""size"":0.04620576,""num_orders"":1},{""price"":77552.73,""size"":0.07739658,""num_orders"":1},{""price"":77553.21,""size"":0.00257847,""num_orders"":1},{""price"":77555.06,""size"":0.16087396,""num_orders"":2},{""price"":77555.07,""size"":0.07739658,""num_orders"":1},{""price"":77555.82,""size"":0.10315152,""num_orders"":1},{""price"":77556.4,""size"":0.11145557,""num_orders"":1},{""price"":77556.78,""size"":0.009654,""num_orders"":1}]"
