window_id,sample_index,planned_at_utc,collected_at_utc,product_id,depth,status,error,sequence,snapshot_time_utc,bid_volume,ask_volume,imbalance,best_bid,best_ask,mid_price,spread,spread_bps,bids_json,asks_json
btc_usd_d10_20260812T235115Z,9,2026-08-13T00:00:15.822348Z,2026-08-13T00:00:15.822474Z,BTC-USD,10,ok,,134119316957,2026-08-13T00:00:13.032322879Z,1.69171744,0.9056659,0.302632086645,63403.209999999999,63403.220000000001,63403.214999999997,0.010000000002,0.001577207087,"[{""price"":63403.21,""size"":0.38044365,""num_orders"":7},{""price"":63403.2,""size"":1.8e-05,""num_orders"":1},{""price"":63401.94,""size"":0.03154478,""num_orders"":2},{""price"":63401.51,""size"":0.01261661,""num_orders"":1},{""price"":63400.77,""size"":0.00205798,""num_orders"":1},{""price"":63400.51,""size"":0.15777548,""num_orders"":1},{""price"":63400.5,""size"":1.0,""num_orders"":1},{""price"":63400.0,""size"":0.10555763,""num_orders"":1},{""price"":63399.6,""size"":0.00016831,""num_orders"":2},{""price"":63399.0,""size"":0.001535,""num_orders"":1}]","[{""price"":63403.22,""size"":0.17702022,""num_orders"":2},{""price"":63403.23,""size"":0.00064443,""num_orders"":1},{""price"":63404.49,""size"":0.0315435,""num_orders"":2},{""price"":63404.82,""size"":0.00552022,""num_orders"":1},{""price"":63404.99,""size"":0.18966909,""num_orders"":1},{""price"":63407.45,""size"":0.00690025,""num_orders"":1},{""price"":63409.35,""size"":0.02,""num_orders"":1},{""price"":63409.36,""size"":0.19042843,""num_orders"":2},{""price"":63409.37,""size"":0.15777548,""num_orders"":1},{""price"":63409.39,""size"":0.12616428,""num_orders"":1}]"
btc_usd_d10_20260812T235115Z,10,2026-08-13T00:01:15.822348Z,2026-08-13T00:01:15.822492Z,BTC-USD,10,ok,,134119350996,2026-08-13T00:01:14.668198936Z,0.46650639,1.015086,-0.37026351762,63439.019999999997,63439.029999999999,63439.024999999994,0.010000000002,0.001576316786,"[{""price"":63439.02,""size"":0.04484047,""num_orders"":4},{""price"":63439.0,""size"":0.03,""num_orders"":1},{""price"":63437.75,""size"":0.03152696,""num_orders"":2},{""price"":63437.43,""size"":0.0055171,""num_orders"":1},{""price"":63435.29,""size"":0.00689638,""num_orders"":1},{""price"":63434.75,""size"":0.06,""num_orders"":2},{""price"":63434.18,""size"":0.12611496,""num_orders"":1},{""price"":63434.08,""size"":0.00076504,""num_orders"":1},{""price"":63433.5,""size"":0.001535,""num_orders"":1},{""price"":63432.0,""size"":0.15931048,""num_orders"":2}]","[{""price"":63439.03,""size"":0.41668619,""num_orders"":4},{""price"":63440.25,""size"":0.15777548,""num_orders"":1},{""price"":63440.26,""size"":0.1261029,""num_orders"":1},{""price"":63440.3,""size"":0.0315257,""num_orders"":2},{""price"":63440.62,""size"":0.0055171,""num_orders"":1},{""price"":63440.93,""size"":0.01261153,""num_orders"":1},{""price"":63442.65,""size"":0.10017724,""num_orders"":1},{""price"":63442.66,""size"":0.15777548,""num_orders"":1},{""price"":63442.76,""size"":0.00689638,""num_orders"":1},{""price"":63442.8,""size"":1.8e-05,""num_orders"":1}]"
btc_usd_d10_20260812T235115Z,11,2026-08-13T00:02:15.822348Z,2026-08-13T00:02:15.822482Z,BTC-USD,10,ok,,134119378881,2026-08-13T00:02:13.543540528Z,0.1012068,0.93307025,-0.804294603656,63410.099999999999,63410.110000000001,63410.104999999996,0.010000000002,0.001577035711,"[{""price"":63410.1,""size"":0.02738362,""num_orders"":4},{""price"":63409.58,""size"":0.00313384,""num_orders"":1},{""price"":63409.5,""size"":0.001535,""num_orders"":1},{""price"":63408.83,""size"":0.03154134,""num_orders"":2},{""price"":63408.51,""size"":0.00551962,""num_orders"":1},{""price"":63408.48,""size"":0.00212385,""num_orders"":2},{""price"":63408.0,""size"":0.001535,""num_orders"":1},{""price"":63406.5,""size"":0.001535,""num_orders"":1},{""price"":63406.37,""size"":0.00689953,""num_orders"":1},{""price"":63405.2,""size"":0.02,""num_orders"":1}]","[{""price"":63410.11,""size"":0.18278845,""num_orders"":5},{""price"":63410.37,""size"":0.15777548,""num_orders"":1},{""price"":63410.38,""size"":0.12616232,""num_orders"":1},{""price"":63410.88,""size"":0.0126169,""num_orders"":1},{""price"":63411.0,""size"":0.001535,""num_orders"":1},{""price"":63411.34,""size"":0.00551971,""num_orders"":1},{""price"":63411.38,""size"":0.03154008,""num_orders"":2},{""price"":63412.5,""size"":0.001535,""num_orders"":1},{""price"":63412.68,""size"":0.25582183,""num_orders"":1},{""price"":63412.69,""size"":0.15777548,""num_orders"":1}]"
btc_usd_d10_20260812T235115Z,12,2026-08-13T00:03:15.822348Z,2026-08-13T00:03:15.822470Z,BTC-USD,10,ok,,134119401647,2026-08-13T00:03:15.343287801Z,0.1530545,1.14406945,-0.764009445666,63399.599999999999,63399.610000000001,63399.604999999996,0.010000000002,0.001577296894,"[{""price"":63399.6,""size"":0.03323544,""num_orders"":7},{""price"":63399.0,""size"":0.001535,""num_orders"":1},{""price"":63398.33,""size"":0.03154658,""num_orders"":2},{""price"":63398.01,""size"":0.00552053,""num_orders"":1},{""price"":63397.5,""size"":0.001535,""num_orders"":1},{""price"":63396.8,""size"":0.00422951,""num_orders"":1},{""price"":63396.1,""size"":0.032,""num_orders"":1},{""price"":63396.0,""size"":0.001553,""num_orders"":2},{""price"":63395.87,""size"":0.00690067,""num_orders"":1},{""price"":63395.48,""size"":0.03499877,""num_orders"":1}]","[{""price"":63399.61,""size"":0.17629449,""num_orders"":3},{""price"":63400.12,""size"":0.15777548,""num_orders"":1},{""price"":63400.13,""size"":0.12618272,""num_orders"":1},{""price"":63400.88,""size"":0.0315453,""num_orders"":2},{""price"":63401.2,""size"":0.00552053,""num_orders"":1},{""price"":63402.57,""size"":0.15777548,""num_orders"":1},{""price"":63403.31,""size"":0.07902879,""num_orders"":1},{""price"":63403.32,""size"":0.2133769,""num_orders"":1},{""price"":63403.33,""size"":0.18966909,""num_orders"":1},{""price"":63403.34,""size"":0.00690067,""num_orders"":1}]"
btc_usd_d10_20260812T235115Z,13,2026-08-13T00:04:15.822348Z,2026-08-13T00:04:15.822494Z,BTC-USD,10,ok,,134119421303,2026-08-13T00:04:13.311586484Z,0.33136999,0.81096425,-0.419837069753,63402.489999999998,63402.5,63402.494999999995,0.010000000002,0.001577224998,"[{""price"":63402.49,""size"":0.06785722,""num_orders"":5},{""price"":63401.22,""size"":0.03154514,""num_orders"":2},{""price"":63401.04,""size"":0.00956242,""num_orders"":1},{""price"":63400.9,""size"":0.00552028,""num_orders"":1},{""price"":63400.88,""size"":0.1261812,""num_orders"":1},{""price"":63400.49,""size"":0.06,""num_orders"":2},{""price"":63399.6,""size"":7.507e-05,""num_orders"":1},{""price"":63399.27,""size"":0.029,""num_orders"":1},{""price"":63399.13,""size"":9.366e-05,""num_orders"":2},{""price"":63399.0,""size"":0.001535,""num_orders"":1}]","[{""price"":63402.5,""size"":0.0077585,""num_orders"":3},{""price"":63403.4,""size"":0.18966909,""num_orders"":1},{""price"":63403.77,""size"":0.03154386,""num_orders"":2},{""price"":63404.09,""size"":0.00552028,""num_orders"":1},{""price"":63404.32,""size"":0.01261785,""num_orders"":1},{""price"":63404.72,""size"":0.14927778,""num_orders"":1},{""price"":63405.0,""size"":0.001535,""num_orders"":1},{""price"":63406.23,""size"":0.00690035,""num_orders"":1},{""price"":63406.49,""size"":0.2784365,""num_orders"":1},{""price"":63406.5,""size"":0.12770504,""num_orders"":2}]"
btc_usd_d10_20260812T235115Z,14,2026-08-13T00:05:15.822348Z,2026-08-13T00:05:15.822473Z,BTC-USD,10,ok,,134119447853,2026-08-13T00:05:14.044660210Z,0.58438074,0.71802371,-0.102612494913,63412.589999999997,63413.980000000003,63413.285000000003,1.390000000007,0.219196971109,"[{""price"":63412.59,""size"":0.08177522,""num_orders"":3},{""price"":63411.9,""size"":0.00700506,""num_orders"":1},{""price"":63411.32,""size"":0.0315401,""num_orders"":2},{""price"":63410.31,""size"":0.00551937,""num_orders"":1},{""price"":63410.26,""size"":0.12616253,""num_orders"":1},{""price"":63410.1,""size"":0.06,""num_orders"":2},{""price"":63408.87,""size"":0.0058815,""num_orders"":1},{""price"":63408.17,""size"":0.00689922,""num_orders"":1},{""price"":63407.7,""size"":0.10182226,""num_orders"":1},{""price"":63407.69,""size"":0.15777548,""num_orders"":1}]","[{""price"":63413.98,""size"":0.16023816,""num_orders"":3},{""price"":63414.0,""size"":1.8e-05,""num_orders"":1},{""price"":63415.25,""size"":0.03153816,""num_orders"":2},{""price"":63416.17,""size"":0.02,""num_orders"":1},{""price"":63416.18,""size"":0.01261894,""num_orders"":1},{""price"":63416.95,""size"":0.02,""num_orders"":1},{""price"":63416.96,""size"":0.15777548,""num_orders"":1},{""price"":63416.97,""size"":0.18966909,""num_orders"":1},{""price"":63417.6,""size"":1.8e-05,""num_orders"":1},{""price"":63417.64,""size"":0.12614788,""num_orders"":1}]"
btc_usd_d10_20260812T235115Z,15,2026-08-13T00:06:15.822348Z,2026-08-13T00:06:15.822475Z,BTC-USD,10,ok,,134119481673,2026-08-13T00:06:14.844653818Z,0.19978235,1.37420483,-0.746144882832,63438,63438.010000000002,63438.005000000005,0.010000000002,0.001576342132,"[{""price"":63438.0,""size"":0.05720292,""num_orders"":1},{""price"":63436.46,""size"":0.01013535,""num_orders"":1},{""price"":63435.96,""size"":0.12611141,""num_orders"":1},{""price"":63435.6,""size"":1.8e-05,""num_orders"":1},{""price"":63433.5,""size"":0.001535,""num_orders"":1},{""price"":63432.79,""size"":0.00035919,""num_orders"":2},{""price"":63432.44,""size"":0.00015023,""num_orders"":1},{""price"":63432.27,""size"":0.00118225,""num_orders"":1},{""price"":63432.0,""size"":0.001553,""num_orders"":2},{""price"":63430.5,""size"":0.001535,""num_orders"":1}]","[{""price"":63438.01,""size"":0.21563246,""num_orders"":3},{""price"":63438.26,""size"":0.0126114,""num_orders"":1},{""price"":63439.6,""size"":0.00551719,""num_orders"":1},{""price"":63440.28,""size"":0.20742441,""num_orders"":1},{""price"":63440.29,""size"":0.18966909,""num_orders"":1},{""price"":63440.33,""size"":0.15777548,""num_orders"":1},{""price"":63441.74,""size"":0.00689649,""num_orders"":1},{""price"":63442.01,""size"":0.12609942,""num_orders"":1},{""price"":63442.23,""size"":0.29480341,""num_orders"":2},{""price"":63442.24,""size"":0.15777548,""num_orders"":1}]"
btc_usd_d10_20260812T235115Z,16,2026-08-13T00:07:15.822348Z,2026-08-13T00:07:15.822485Z,BTC-USD,10,ok,,134119511807,2026-08-13T00:07:15.046453750Z,0.71858619,0.89545899,-0.109583549576,63473.690000000002,63473.699999999997,63473.695,0.009999999995,0.001575455784,"[{""price"":63473.69,""size"":0.00551403,""num_orders"":1},{""price"":63473.66,""size"":0.00028132,""num_orders"":1},{""price"":63472.08,""size"":0.00551404,""num_orders"":1},{""price"":63471.78,""size"":0.12604025,""num_orders"":1},{""price"":63470.5,""size"":0.01013431,""num_orders"":1},{""price"":63469.94,""size"":0.00689255,""num_orders"":1},{""price"":63469.59,""size"":0.15777548,""num_orders"":1},{""price"":63467.18,""size"":0.18966909,""num_orders"":1},{""price"":63467.15,""size"":0.15777548,""num_orders"":1},{""price"":63466.85,""size"":0.05898964,""num_orders"":1}]","[{""price"":63473.7,""size"":0.2349,""num_orders"":2},{""price"":63475.17,""size"":0.1715,""num_orders"":1},{""price"":63476.17,""size"":0.18966909,""num_orders"":1},{""price"":63476.39,""size"":0.01248442,""num_orders"":1},{""price"":63477.0,""size"":0.001535,""num_orders"":1},{""price"":63477.27,""size"":1.621e-05,""num_orders"":1},{""price"":63478.5,""size"":0.001535,""num_orders"":1},{""price"":63478.8,""size"":1.8e-05,""num_orders"":1},{""price"":63479.06,""size"":0.15777548,""num_orders"":1},{""price"":63479.07,""size"":0.12602579,""num_orders"":1}]"
btc_usd_d10_20260812T235115Z,17,2026-08-13T00:08:15.822348Z,2026-08-13T00:08:15.822516Z,BTC-USD,10,ok,,134119536808,2026-08-13T00:08:15.046711212Z,22.64350848,0.59984889,0.948385348945,63477.57,63477.580000000002,63477.574999999997,0.010000000002,0.001575359488,"[{""price"":63477.57,""size"":0.34991891,""num_orders"":6},{""price"":63477.53,""size"":0.00118151,""num_orders"":1},{""price"":63477.04,""size"":0.60190151,""num_orders"":1},{""price"":63476.3,""size"":0.03150782,""num_orders"":2},{""price"":63475.76,""size"":0.12603234,""num_orders"":1},{""price"":63475.67,""size"":0.00551378,""num_orders"":1},{""price"":63475.65,""size"":21.35018165,""num_orders"":1},{""price"":63474.53,""size"":0.01260325,""num_orders"":1},{""price"":63473.53,""size"":0.00689223,""num_orders"":1},{""price"":63472.82,""size"":0.15777548,""num_orders"":1}]","[{""price"":63477.58,""size"":0.00084817,""num_orders"":2},{""price"":63478.8,""size"":1.8e-05,""num_orders"":1},{""price"":63478.85,""size"":0.03150656,""num_orders"":2},{""price"":63479.31,""size"":0.0001188,""num_orders"":1},{""price"":63481.38,""size"":0.01331,""num_orders"":1},{""price"":63481.48,""size"":0.126021,""num_orders"":1},{""price"":63481.88,""size"":0.15777548,""num_orders"":1},{""price"":63482.4,""size"":1.8e-05,""num_orders"":1},{""price"":63482.76,""size"":0.26869788,""num_orders"":2},{""price"":63483.0,""size"":0.001535,""num_orders"":1}]"
btc_usd_d10_20260812T235115Z,18,2026-08-13T00:09:15.822348Z,2026-08-13T00:09:15.822518Z,BTC-USD,10,ok,,134119570504,2026-08-13T00:09:14.527172454Z,0.38655346,0.57119586,-0.192787816336,63504.459999999999,63504.470000000001,63504.464999999997,0.010000000002,0.001574692425,"[{""price"":63504.46,""size"":0.16070978,""num_orders"":3},{""price"":63504.01,""size"":0.20018694,""num_orders"":7},{""price"":63504.0,""size"":1.8e-05,""num_orders"":1},{""price"":63503.23,""size"":0.00015007,""num_orders"":1},{""price"":63502.87,""size"":0.00551142,""num_orders"":1},{""price"":63502.5,""size"":0.001535,""num_orders"":1},{""price"":63501.0,""size"":0.001535,""num_orders"":1},{""price"":63500.4,""size"":1.8e-05,""num_orders"":1},{""price"":63500.29,""size"":0.00688925,""num_orders"":1},{""price"":63500.0,""size"":0.01,""num_orders"":1}]","[{""price"":63504.47,""size"":0.00669243,""num_orders"":2},{""price"":63504.63,""size"":0.12597507,""num_orders"":1},{""price"":63506.06,""size"":0.00551142,""num_orders"":1},{""price"":63507.75,""size"":0.01331,""num_orders"":1},{""price"":63508.2,""size"":0.00688927,""num_orders"":1},{""price"":63508.28,""size"":0.0015746,""num_orders"":1},{""price"":63510.97,""size"":0.0863166,""num_orders"":1},{""price"":63511.11,""size"":0.0944681,""num_orders"":1},{""price"":63511.81,""size"":0.05895837,""num_orders"":1},{""price"":63511.83,""size"":0.1715,""num_orders"":1}]"
btc_usd_d10_20260812T235115Z,19,2026-08-13T00:10:15.822348Z,2026-08-13T00:10:15.822477Z,BTC-USD,10,ok,,134119604878,2026-08-13T00:10:15.334501582Z,4.32849301,1.82716932,0.406345175532,63531.019999999997,63531.029999999999,63531.024999999994,0.010000000002,0.001574034104,"[{""price"":63531.02,""size"":4.27762806,""num_orders"":3},{""price"":63531.0,""size"":0.001535,""num_orders"":1},{""price"":63529.74,""size"":0.03148132,""num_orders"":2},{""price"":63529.5,""size"":0.001535,""num_orders"":1},{""price"":63528.35,""size"":0.00169051,""num_orders"":1},{""price"":63528.0,""size"":0.001535,""num_orders"":1},{""price"":63526.5,""size"":0.001535,""num_orders"":1},{""price"":63525.6,""size"":1.8e-05,""num_orders"":1},{""price"":63525.0,""size"":0.011535,""num_orders"":2},{""price"":63524.9,""size"":1.2e-07,""num_orders"":1}]","[{""price"":63531.03,""size"":0.37916112,""num_orders"":6},{""price"":63531.08,""size"":0.02,""num_orders"":1},{""price"":63531.09,""size"":0.1144681,""num_orders"":2},{""price"":63531.1,""size"":0.14208285,""num_orders"":1},{""price"":63532.3,""size"":0.02,""num_orders"":1},{""price"":63532.31,""size"":0.03148004,""num_orders"":2},{""price"":63532.49,""size"":0.02,""num_orders"":1},{""price"":63532.5,""size"":1.0,""num_orders"":1},{""price"":63532.65,""size"":0.00550911,""num_orders"":1},{""price"":63533.62,""size"":0.0944681,""num_orders"":1}]"
btc_usd_d10_20260812T235115Z,20,2026-08-13T00:11:15.822348Z,2026-08-13T00:11:15.822490Z,BTC-USD,10,ok,,134119628299,2026-08-13T00:11:14.603964239Z,0.69204057,0.21962592,0.518188016322,63529.190000000002,63529.199999999997,63529.195,0.009999999995,0.001574079444,"[{""price"":63529.19,""size"":0.13902293,""num_orders"":2},{""price"":63529.16,""size"":0.18966901,""num_orders"":1},{""price"":63527.89,""size"":0.03148224,""num_orders"":2},{""price"":63527.58,""size"":0.00550927,""num_orders"":1},{""price"":63525.43,""size"":0.00710066,""num_orders"":2},{""price"":63524.29,""size"":0.0944681,""num_orders"":1},{""price"":63522.85,""size"":0.12593891,""num_orders"":1},{""price"":63522.65,""size"":0.00284635,""num_orders"":1},{""price"":63522.2,""size"":0.0944681,""num_orders"":1},{""price"":63522.0,""size"":0.001535,""num_orders"":1}]","[{""price"":63529.2,""size"":0.0126953,""num_orders"":2},{""price"":63529.23,""size"":0.1259263,""num_orders"":1},{""price"":63530.49,""size"":0.03148094,""num_orders"":2},{""price"":63530.79,""size"":0.00550927,""num_orders"":1},{""price"":63531.87,""size"":0.01600039,""num_orders"":1},{""price"":63532.5,""size"":0.001535,""num_orders"":1},{""price"":63532.8,""size"":1.8e-05,""num_orders"":1},{""price"":63532.94,""size"":0.00688659,""num_orders"":1},{""price"":63533.01,""size"":0.00157398,""num_orders"":1},{""price"":63533.16,""size"":0.01800015,""num_orders"":1}]"
btc_usd_d10_20260812T235115Z,21,2026-08-13T00:12:15.822348Z,2026-08-13T00:12:15.822476Z,BTC-USD,10,ok,,134119651375,2026-08-13T00:12:15.115741663Z,0.8323313,0.52488906,0.22652345121,63522.190000000002,63522.199999999997,63522.195,0.009999999995,0.001574252904,"[{""price"":63522.19,""size"":0.30240708,""num_orders"":3},{""price"":63522.0,""size"":1.8e-05,""num_orders"":1},{""price"":63519.51,""size"":0.01538577,""num_orders"":4},{""price"":63518.41,""size"":0.00786315,""num_orders"":1},{""price"":63518.4,""size"":9.293e-05,""num_orders"":2},{""price"":63518.34,""size"":0.12594787,""num_orders"":1},{""price"":63518.11,""size"":0.18966909,""num_orders"":1},{""price"":63518.1,""size"":0.0944681,""num_orders"":1},{""price"":63517.99,""size"":0.00201121,""num_orders"":1},{""price"":63516.06,""size"":0.0944681,""num_orders"":1}]","[{""price"":63522.2,""size"":0.03526936,""num_orders"":3},{""price"":63522.22,""size"":0.03,""num_orders"":1},{""price"":63523.79,""size"":0.00550988,""num_orders"":1},{""price"":63523.9,""size"":0.01999805,""num_orders"":1},{""price"":63524.45,""size"":0.12593577,""num_orders"":1},{""price"":63524.86,""size"":0.01999805,""num_orders"":1},{""price"":63525.23,""size"":0.01259272,""num_orders"":1},{""price"":63525.93,""size"":0.00688735,""num_orders"":1},{""price"":63527.6,""size"":0.18966909,""num_orders"":1},{""price"":63527.61,""size"":0.07902879,""num_orders"":1}]"
btc_usd_d10_20260812T235115Z,22,2026-08-13T00:13:15.822348Z,2026-08-13T00:13:15.822481Z,BTC-USD,10,ok,,134119673659,2026-08-13T00:13:13.584815552Z,0.55554476,0.7254048,-0.13260478422,63519.419999999998,63519.43,63519.425000000003,0.010000000002,0.001574321556,"[{""price"":63519.42,""size"":0.17427512,""num_orders"":4},{""price"":63518.14,""size"":0.03148706,""num_orders"":2},{""price"":63517.83,""size"":0.00551012,""num_orders"":1},{""price"":63516.9,""size"":0.00071225,""num_orders"":1},{""price"":63516.26,""size"":0.0944681,""num_orders"":1},{""price"":63515.69,""size"":0.00688765,""num_orders"":1},{""price"":63514.86,""size"":0.001781,""num_orders"":1},{""price"":63514.57,""size"":0.02,""num_orders"":1},{""price"":63514.56,""size"":0.12595536,""num_orders"":1},{""price"":63514.23,""size"":0.0944681,""num_orders"":1}]","[{""price"":63519.43,""size"":0.01565194,""num_orders"":3},{""price"":63520.25,""size"":0.12594408,""num_orders"":1},{""price"":63520.26,""size"":0.24870883,""num_orders"":1},{""price"":63520.71,""size"":0.0314858,""num_orders"":2},{""price"":63521.02,""size"":0.00551012,""num_orders"":1},{""price"":63521.33,""size"":0.00420194,""num_orders"":1},{""price"":63521.62,""size"":0.042,""num_orders"":1},{""price"":63522.02,""size"":0.18966909,""num_orders"":1},{""price"":63522.49,""size"":0.020233,""num_orders"":1},{""price"":63522.58,""size"":0.042,""num_orders"":1}]"
btc_usd_d10_20260812T235115Z,23,2026-08-13T00:14:15.822348Z,2026-08-13T00:14:15.822482Z,BTC-USD,10,ok,,134119701737,2026-08-13T00:14:15.036237525Z,0.42528012,0.32113574,0.139525947372,63536,63536.010000000002,63536.005000000005,0.010000000002,0.00157391073,"[{""price"":63536.0,""size"":0.13632519,""num_orders"":4},{""price"":63534.72,""size"":0.03156466,""num_orders"":3},{""price"":63534.41,""size"":0.00550868,""num_orders"":1},{""price"":63534.0,""size"":0.001535,""num_orders"":1},{""price"":63532.5,""size"":0.001535,""num_orders"":1},{""price"":63532.39,""size"":0.0944681,""num_orders"":1},{""price"":63532.26,""size"":0.00688585,""num_orders"":1},{""price"":63531.06,""size"":0.12592264,""num_orders"":1},{""price"":63531.0,""size"":0.001535,""num_orders"":1},{""price"":63530.14,""size"":0.02,""num_orders"":1}]","[{""price"":63536.01,""size"":0.02009877,""num_orders"":3},{""price"":63536.26,""size"":0.12591235,""num_orders"":1},{""price"":63536.4,""size"":1.8e-05,""num_orders"":1},{""price"":63537.29,""size"":0.03147758,""num_orders"":2},{""price"":63537.6,""size"":0.00550868,""num_orders"":1},{""price"":63538.09,""size"":0.07902879,""num_orders"":1},{""price"":63538.5,""size"":0.001535,""num_orders"":1},{""price"":63539.75,""size"":0.00688585,""num_orders"":1},{""price"":63540.0,""size"":0.001553,""num_orders"":2},{""price"":63540.39,""size"":0.04911772,""num_orders"":1}]"
btc_usd_d10_20260812T235115Z,24,2026-08-13T00:15:15.822348Z,2026-08-13T00:15:15.822499Z,BTC-USD,10,ok,,134119727720,2026-08-13T00:15:15.335177041Z,0.43958947,0.35183115,0.110887077974,63543.589999999997,63543.599999999999,63543.595000000001,0.010000000002,0.001573722734,"[{""price"":63543.59,""size"":0.09264784,""num_orders"":3},{""price"":63543.58,""size"":0.03,""num_orders"":1},{""price"":63543.56,""size"":0.02999986,""num_orders"":1},{""price"":63542.14,""size"":0.03147518,""num_orders"":2},{""price"":63541.82,""size"":0.00550803,""num_orders"":1},{""price"":63541.75,""size"":0.0944681,""num_orders"":1},{""price"":63540.03,""size"":0.00234724,""num_orders"":1},{""price"":63539.84,""size"":0.12590525,""num_orders"":1},{""price"":63539.67,""size"":0.00688504,""num_orders"":1},{""price"":63539.1,""size"":0.02035293,""num_orders"":2}]","[{""price"":63543.6,""size"":0.00030928,""num_orders"":2},{""price"":63543.99,""size"":0.00499993,""num_orders"":1},{""price"":63544.88,""size"":0.03147382,""num_orders"":2},{""price"":63547.2,""size"":1.8e-05,""num_orders"":1},{""price"":63547.5,""size"":0.001535,""num_orders"":1},{""price"":63549.0,""size"":0.001535,""num_orders"":1},{""price"":63549.39,""size"":0.01600057,""num_orders"":1},{""price"":63550.1,""size"":0.1374454,""num_orders"":1},{""price"":63550.11,""size"":0.14251358,""num_orders"":1},{""price"":63550.35,""size"":0.01600057,""num_orders"":1}]"
btc_usd_d10_20260812T235115Z,25,2026-08-13T00:16:15.822348Z,2026-08-13T00:16:15.822476Z,BTC-USD,10,ok,,134119759714,2026-08-13T00:16:15.173348685Z,0.26907354,1.01678142,-0.581486950908,63553.980000000003,63553.989999999998,63553.985000000001,0.009999999995,0.001573465455,"[{""price"":63553.98,""size"":0.11095648,""num_orders"":3},{""price"":63552.7,""size"":0.03146994,""num_orders"":2},{""price"":63551.4,""size"":0.0026694,""num_orders"":1},{""price"":63551.23,""size"":0.002,""num_orders"":1},{""price"":63550.8,""size"":1.8e-05,""num_orders"":1},{""price"":63550.0,""size"":0.01,""num_orders"":1},{""price"":63549.43,""size"":0.01647362,""num_orders"":1},{""price"":63547.31,""size"":0.0944681,""num_orders"":1},{""price"":63547.2,""size"":1.8e-05,""num_orders"":1},{""price"":63547.19,""size"":0.001,""num_orders"":1}]","[{""price"":63553.99,""size"":0.18407359,""num_orders"":4},{""price"":63554.46,""size"":0.32964067,""num_orders"":1},{""price"":63554.47,""size"":0.18966909,""num_orders"":1},{""price"":63554.49,""size"":0.07902879,""num_orders"":1},{""price"":63555.24,""size"":0.0944681,""num_orders"":1},{""price"":63555.27,""size"":0.03146868,""num_orders"":2},{""price"":63555.58,""size"":0.00550712,""num_orders"":1},{""price"":63557.38,""size"":0.0944681,""num_orders"":1},{""price"":63557.73,""size"":0.00688391,""num_orders"":1},{""price"":63557.8,""size"":0.00157337,""num_orders"":1}]"
btc_usd_d10_20260812T235115Z,26,2026-08-13T00:17:15.822348Z,2026-08-13T00:17:15.822473Z,BTC-USD,10,ok,,134119817972,2026-08-13T00:17:14.602547961Z,0.76845544,1.52729432,-0.330540764164,63622.800000000003,63622.809999999998,63622.805,0.009999999995,0.001571763457,"[{""price"":63622.8,""size"":0.31692518,""num_orders"":4},{""price"":63622.74,""size"":7.3e-07,""num_orders"":1},{""price"":63620.0,""size"":0.01,""num_orders"":1},{""price"":63619.43,""size"":0.09432716,""num_orders"":1},{""price"":63619.2,""size"":1.8e-05,""num_orders"":1},{""price"":63618.55,""size"":0.06,""num_orders"":2},{""price"":63617.48,""size"":0.09432716,""num_orders"":1},{""price"":63617.47,""size"":0.18865432,""num_orders"":1},{""price"":63617.0,""size"":0.00266789,""num_orders"":1},{""price"":63616.5,""size"":0.001535,""num_orders"":1}]","[{""price"":63622.81,""size"":0.04020318,""num_orders"":3},{""price"":63623.92,""size"":0.12573889,""num_orders"":1},{""price"":63624.4,""size"":0.00550117,""num_orders"":1},{""price"":63625.49,""size"":0.4548841,""num_orders"":1},{""price"":63625.88,""size"":0.31432411,""num_orders"":1},{""price"":63626.55,""size"":0.00687646,""num_orders"":1},{""price"":63626.62,""size"":0.12642523,""num_orders"":1},{""price"":63626.63,""size"":0.00157167,""num_orders"":1},{""price"":63626.84,""size"":0.31432411,""num_orders"":1},{""price"":63629.96,""size"":0.1374454,""num_orders"":1}]"
btc_usd_d10_20260812T235115Z,27,2026-08-13T00:18:15.822348Z,2026-08-13T00:18:15.822476Z,BTC-USD,10,ok,,134119848779,2026-08-13T00:18:14.058834906Z,0.80043885,0.81641619,-0.009881739305,63609.669999999998,63609.68,63609.675000000003,0.010000000002,0.001572087894,"[{""price"":63609.67,""size"":0.14126169,""num_orders"":2},{""price"":63608.47,""size"":0.18874247,""num_orders"":2},{""price"":63608.46,""size"":0.19999953,""num_orders"":2},{""price"":63608.39,""size"":0.0314424,""num_orders"":2},{""price"":63608.17,""size"":0.00321679,""num_orders"":1},{""price"":63608.08,""size"":0.0055023,""num_orders"":1},{""price"":63606.07,""size"":0.00328909,""num_orders"":1},{""price"":63605.93,""size"":0.00687788,""num_orders"":1},{""price"":63603.34,""size"":0.12577954,""num_orders"":1},{""price"":63602.25,""size"":0.09432716,""num_orders"":1}]","[{""price"":63609.68,""size"":0.12576482,""num_orders"":1},{""price"":63609.69,""size"":0.07849872,""num_orders"":2},{""price"":63610.51,""size"":0.31443708,""num_orders"":1},{""price"":63610.96,""size"":0.03144112,""num_orders"":2},{""price"":63611.58,""size"":0.04905532,""num_orders"":1},{""price"":63611.79,""size"":0.09432716,""num_orders"":1},{""price"":63611.8,""size"":0.09981597,""num_orders"":1},{""price"":63612.0,""size"":0.001553,""num_orders"":2},{""price"":63612.12,""size"":0.019988,""num_orders"":1},{""price"":63613.5,""size"":0.001535,""num_orders"":1}]"
btc_usd_d10_20260812T235115Z,28,2026-08-13T00:19:15.822348Z,2026-08-13T00:19:15.822501Z,BTC-USD,10,ok,,134119880372,2026-08-13T00:19:13.340696645Z,0.31814872,1.65963528,-0.678277587441,63568.800000000003,63568.809999999998,63568.805,0.009999999995,0.001573098628,"[{""price"":63568.8,""size"":1.791e-05,""num_orders"":1},{""price"":63566.38,""size"":5.333e-05,""num_orders"":1},{""price"":63565.2,""size"":1.8e-05,""num_orders"":1},{""price"":63565.0,""size"":0.01,""num_orders"":1},{""price"":63564.26,""size"":0.09432716,""num_orders"":1},{""price"":63564.19,""size"":0.03146426,""num_orders"":2},{""price"":63564.0,""size"":0.001535,""num_orders"":1},{""price"":63562.79,""size"":0.0848709,""num_orders"":1},{""price"":63562.5,""size"":0.001535,""num_orders"":1},{""price"":63562.31,""size"":0.09432716,""num_orders"":1}]","[{""price"":63568.81,""size"":0.22724732,""num_orders"":3},{""price"":63569.23,""size"":0.12584704,""num_orders"":1},{""price"":63570.09,""size"":0.03146134,""num_orders"":2},{""price"":63570.4,""size"":0.00550584,""num_orders"":1},{""price"":63570.79,""size"":0.18865432,""num_orders"":1},{""price"":63570.81,""size"":0.1715,""num_orders"":1},{""price"":63572.4,""size"":0.67076456,""num_orders"":2},{""price"":63572.55,""size"":0.0068823,""num_orders"":1},{""price"":63572.72,""size"":0.09432716,""num_orders"":1},{""price"":63574.49,""size"":0.1374454,""num_orders"":1}]"
btc_usd_d10_20260812T235115Z,29,2026-08-13T00:20:15.822348Z,2026-08-13T00:20:15.822480Z,BTC-USD,10,ok,,134119912115,2026-08-13T00:20:13.534598144Z,0.70090413,1.14491222,-0.240548356829,63583.559999999998,63583.57,63583.565000000002,0.010000000002,0.001572733457,"[{""price"":63583.56,""size"":0.11894525,""num_orders"":3},{""price"":63582.28,""size"":0.0314553,""num_orders"":2},{""price"":63581.97,""size"":0.00550456,""num_orders"":1},{""price"":63581.55,""size"":0.07860597,""num_orders"":1},{""price"":63579.82,""size"":0.0068807,""num_orders"":1},{""price"":63579.74,""size"":0.09432716,""num_orders"":1},{""price"":63578.64,""size"":0.06,""num_orders"":2},{""price"":63578.0,""size"":0.1715,""num_orders"":1},{""price"":63576.87,""size"":0.00785326,""num_orders"":1},{""price"":63576.86,""size"":0.12583193,""num_orders"":1}]","[{""price"":63583.57,""size"":0.06365248,""num_orders"":2},{""price"":63583.69,""size"":0.00276716,""num_orders"":1},{""price"":63583.7,""size"":0.12581841,""num_orders"":1},{""price"":63583.82,""size"":0.01258373,""num_orders"":1},{""price"":63584.85,""size"":0.03145404,""num_orders"":2},{""price"":63585.16,""size"":0.00550456,""num_orders"":1},{""price"":63587.69,""size"":0.09432716,""num_orders"":1},{""price"":63587.7,""size"":0.50134031,""num_orders"":2},{""price"":63587.71,""size"":0.30592937,""num_orders"":1},{""price"":63588.0,""size"":0.001535,""num_orders"":1}]"
btc_usd_d10_20260812T235115Z,30,2026-08-13T00:21:15.822348Z,2026-08-13T00:21:15.822472Z,BTC-USD,10,ok,,134119948766,2026-08-13T00:21:13.151617539Z,1.9658626,0.65340472,0.501078248096,63577.639999999999,63577.650000000001,63577.645000000004,0.010000000002,0.001572879902,"[{""price"":63577.64,""size"":0.18421823,""num_orders"":3},{""price"":63576.36,""size"":0.03145824,""num_orders"":2},{""price"":63572.43,""size"":0.00785537,""num_orders"":1},{""price"":63572.42,""size"":0.09432716,""num_orders"":1},{""price"":63572.4,""size"":1.8e-05,""num_orders"":1},{""price"":63572.36,""size"":0.26726029,""num_orders"":2},{""price"":63572.35,""size"":0.12584086,""num_orders"":1},{""price"":63571.21,""size"":0.5,""num_orders"":1},{""price"":63570.49,""size"":0.09432716,""num_orders"":1},{""price"":63570.48,""size"":0.66055729,""num_orders"":1}]","[{""price"":63577.65,""size"":0.01641356,""num_orders"":1},{""price"":63578.93,""size"":0.03145696,""num_orders"":2},{""price"":63579.78,""size"":0.12582616,""num_orders"":1},{""price"":63580.64,""size"":0.09432716,""num_orders"":1},{""price"":63581.46,""size"":0.00157279,""num_orders"":1},{""price"":63583.19,""size"":0.04,""num_orders"":1},{""price"":63583.2,""size"":0.00033489,""num_orders"":2},{""price"":63583.22,""size"":0.04,""num_orders"":1},{""price"":63583.23,""size"":0.20914604,""num_orders"":1},{""price"":63583.24,""size"":0.09432716,""num_orders"":1}]"
btc_usd_d10_20260812T235115Z,31,2026-08-13T00:22:15.822348Z,2026-08-13T00:22:15.822509Z,BTC-USD,10,ok,,134119990588,2026-08-13T00:22:13.534653033Z,1.16341803,0.55014823,0.357890916923,63579.589999999997,63579.599999999999,63579.595000000001,0.010000000002,0.001572831661,"[{""price"":63579.59,""size"":0.14150446,""num_orders"":4},{""price"":63578.31,""size"":0.03145726,""num_orders"":2},{""price"":63578.0,""size"":0.00550491,""num_orders"":1},{""price"":63577.25,""size"":0.0001123,""num_orders"":1},{""price"":63576.66,""size"":0.12583232,""num_orders"":1},{""price"":63575.85,""size"":0.00688113,""num_orders"":1},{""price"":63572.51,""size"":0.08465708,""num_orders"":1},{""price"":63572.5,""size"":0.09432716,""num_orders"":1},{""price"":63572.38,""size"":0.01258698,""num_orders"":1},{""price"":63572.25,""size"":0.66055443,""num_orders"":1}]","[{""price"":63579.6,""size"":0.00886642,""num_orders"":2},{""price"":63580.88,""size"":0.031456,""num_orders"":2},{""price"":63581.9,""size"":0.01258698,""num_orders"":1},{""price"":63581.93,""size"":0.09432716,""num_orders"":1},{""price"":63581.94,""size"":0.18865432,""num_orders"":1},{""price"":63582.66,""size"":0.12582048,""num_orders"":1},{""price"":63583.2,""size"":1.659e-05,""num_orders"":1},{""price"":63583.41,""size"":0.00157274,""num_orders"":1},{""price"":63583.43,""size"":0.08531254,""num_orders"":1},{""price"":63583.5,""size"":0.001535,""num_orders"":1}]"
btc_usd_d10_20260812T235115Z,32,2026-08-13T00:23:15.822348Z,2026-08-13T00:23:15.822476Z,BTC-USD,10,ok,,134120016196,2026-08-13T00:23:13.670831358Z,0.51599035,0.57532225,-0.054367465381,63577.910000000003,63580.029999999999,63578.970000000001,2.119999999995,0.333443589916,"[{""price"":63577.91,""size"":0.00550496,""num_orders"":1},{""price"":63577.9,""size"":0.12663342,""num_orders"":1},{""price"":63577.58,""size"":0.1258305,""num_orders"":1},{""price"":63577.0,""size"":0.06,""num_orders"":2},{""price"":63576.3,""size"":0.00550477,""num_orders"":1},{""price"":63576.21,""size"":0.01258273,""num_orders"":1},{""price"":63576.0,""size"":1.8e-05,""num_orders"":1},{""price"":63575.45,""size"":0.1715,""num_orders"":1},{""price"":63574.15,""size"":0.00688097,""num_orders"":1},{""price"":63573.0,""size"":0.001535,""num_orders"":1}]","[{""price"":63580.03,""size"":0.02334664,""num_orders"":1},{""price"":63580.04,""size"":0.09432716,""num_orders"":1},{""price"":63581.62,""size"":0.00550496,""num_orders"":1},{""price"":63581.63,""size"":0.0709947,""num_orders"":1},{""price"":63582.01,""size"":0.09432716,""num_orders"":1},{""price"":63583.77,""size"":0.0068812,""num_orders"":1},{""price"":63583.82,""size"":0.12581818,""num_orders"":1},{""price"":63584.59,""size"":0.05967934,""num_orders"":1},{""price"":63584.6,""size"":0.09432716,""num_orders"":1},{""price"":63584.62,""size"":0.00011575,""num_orders"":1}]"
btc_usd_d10_20260812T235115Z,33,2026-08-13T00:24:15.822348Z,2026-08-13T00:24:15.822485Z,BTC-USD,10,ok,,134120046032,2026-08-13T00:24:13.665116399Z,0.90322555,0.48544297,0.300851192335,63561.860000000001,63561.870000000003,63561.865000000005,0.010000000002,0.001573270388,"[{""price"":63561.86,""size"":0.13982839,""num_orders"":5},{""price"":63560.58,""size"":0.03146604,""num_orders"":2},{""price"":63560.03,""size"":0.12586526,""num_orders"":1},{""price"":63558.36,""size"":0.00751161,""num_orders"":1},{""price"":63558.34,""size"":0.07860597,""num_orders"":1},{""price"":63558.29,""size"":0.10067045,""num_orders"":1},{""price"":63558.22,""size"":0.017603,""num_orders"":1},{""price"":63558.08,""size"":0.38907422,""num_orders"":1},{""price"":63558.0,""size"":1.8e-05,""num_orders"":1},{""price"":63557.73,""size"":0.01258261,""num_orders"":1}]","[{""price"":63561.87,""size"":0.0432293,""num_orders"":1},{""price"":63563.12,""size"":0.04798477,""num_orders"":1},{""price"":63563.15,""size"":0.03146478,""num_orders"":2},{""price"":63563.46,""size"":0.00550644,""num_orders"":1},{""price"":63564.57,""size"":0.00400686,""num_orders"":1},{""price"":63565.21,""size"":0.00060765,""num_orders"":1},{""price"":63565.61,""size"":0.00688305,""num_orders"":1},{""price"":63566.14,""size"":0.09432716,""num_orders"":1},{""price"":63567.17,""size"":0.04,""num_orders"":1},{""price"":63567.18,""size"":0.21143296,""num_orders"":1}]"
btc_usd_d10_20260812T235115Z,34,2026-08-13T00:25:15.822348Z,2026-08-13T00:25:15.822495Z,BTC-USD,10,ok,,134120076313,2026-08-13T00:25:13.604735131Z,0.91117077,0.34486157,0.450871511796,63552.120000000003,63552.129999999997,63552.125,0.009999999995,0.001573511506,"[{""price"":63552.12,""size"":0.0961687,""num_orders"":7},{""price"":63550.84,""size"":0.03147086,""num_orders"":2},{""price"":63550.61,""size"":0.00938818,""num_orders"":1},{""price"":63550.53,""size"":0.00550729,""num_orders"":1},{""price"":63548.38,""size"":0.00688411,""num_orders"":1},{""price"":63547.81,""size"":0.04,""num_orders"":1},{""price"":63547.8,""size"":0.12588947,""num_orders"":1},{""price"":63547.72,""size"":0.09432716,""num_orders"":1},{""price"":63547.71,""size"":0.5,""num_orders"":1},{""price"":63547.5,""size"":0.001535,""num_orders"":1}]","[{""price"":63552.13,""size"":0.00587136,""num_orders"":3},{""price"":63553.41,""size"":0.0314696,""num_orders"":2},{""price"":63553.72,""size"":0.00550729,""num_orders"":1},{""price"":63554.23,""size"":0.12587675,""num_orders"":1},{""price"":63555.0,""size"":0.001535,""num_orders"":1},{""price"":63555.86,""size"":0.01258638,""num_orders"":1},{""price"":63555.87,""size"":0.00688411,""num_orders"":1},{""price"":63556.46,""size"":0.05926892,""num_orders"":1},{""price"":63556.47,""size"":0.09432716,""num_orders"":1},{""price"":63556.5,""size"":0.001535,""num_orders"":1}]"
btc_usd_d10_20260812T235115Z,35,2026-08-13T00:26:15.822348Z,2026-08-13T00:26:15.822495Z,BTC-USD,10,ok,,134120103438,2026-08-13T00:26:13.623492571Z,0.53086494,0.61575236,-0.074032914033,63532.580000000002,63532.589999999997,63532.584999999999,0.009999999995,0.001573995454,"[{""price"":63532.58,""size"":0.03172151,""num_orders"":2},{""price"":63532.1,""size"":0.00873657,""num_orders"":2},{""price"":63531.3,""size"":0.03148054,""num_orders"":2},{""price"":63530.51,""size"":0.00564055,""num_orders"":1},{""price"":63530.48,""size"":0.1859238,""num_orders"":3},{""price"":63529.2,""size"":0.00011432,""num_orders"":2},{""price"":63527.93,""size"":0.09432716,""num_orders"":1},{""price"":63525.77,""size"":0.09432716,""num_orders"":1},{""price"":63525.6,""size"":1.8e-05,""num_orders"":1},{""price"":63525.02,""size"":0.07857533,""num_orders"":1}]","[{""price"":63532.59,""size"":0.00118049,""num_orders"":1},{""price"":63533.5,""size"":0.07860597,""num_orders"":1},{""price"":63533.51,""size"":0.18865432,""num_orders"":1},{""price"":63533.87,""size"":0.03147928,""num_orders"":2},{""price"":63533.9,""size"":0.01259334,""num_orders"":1},{""price"":63534.0,""size"":0.03,""num_orders"":1},{""price"":63534.02,""size"":0.03,""num_orders"":1},{""price"":63535.57,""size"":0.09432716,""num_orders"":1},{""price"":63535.77,""size"":0.02299965,""num_orders"":1},{""price"":63536.36,""size"":0.12591215,""num_orders"":1}]"
btc_usd_d10_20260812T235115Z,36,2026-08-13T00:27:15.822348Z,2026-08-13T00:27:15.822504Z,BTC-USD,10,ok,,134120136494,2026-08-13T00:27:13.333548607Z,0.46339974,0.81390707,-0.274411227793,63520.980000000003,63520.989999999998,63520.985000000001,0.009999999995,0.001574282892,"[{""price"":63520.98,""size"":0.00025282,""num_orders"":1},{""price"":63520.07,""size"":0.0228254,""num_orders"":2},{""price"":63519.39,""size"":0.00550999,""num_orders"":1},{""price"":63518.76,""size"":0.12068251,""num_orders"":1},{""price"":63517.78,""size"":0.06,""num_orders"":2},{""price"":63517.25,""size"":0.00688748,""num_orders"":1},{""price"":63513.16,""size"":0.04,""num_orders"":1},{""price"":63513.15,""size"":0.01259569,""num_orders"":1},{""price"":63512.68,""size"":0.04,""num_orders"":1},{""price"":63512.67,""size"":0.15464585,""num_orders"":1}]","[{""price"":63520.99,""size"":0.05027683,""num_orders"":2},{""price"":63521.96,""size"":0.09432716,""num_orders"":1},{""price"":63521.97,""size"":0.07860597,""num_orders"":1},{""price"":63522.0,""size"":1.8e-05,""num_orders"":1},{""price"":63522.67,""size"":0.01259569,""num_orders"":1},{""price"":63524.54,""size"":0.09432716,""num_orders"":1},{""price"":63525.04,""size"":0.12593459,""num_orders"":1},{""price"":63525.27,""size"":0.16914935,""num_orders"":1},{""price"":63525.28,""size"":0.18865432,""num_orders"":1},{""price"":63525.6,""size"":1.8e-05,""num_orders"":1}]"
btc_usd_d10_20260812T235115Z,37,2026-08-13T00:28:15.822348Z,2026-08-13T00:28:15.822486Z,BTC-USD,10,ok,,134120163209,2026-08-13T00:28:14.131170200Z,0.30005273,0.94906048,-0.519574802992,63519.550000000003,63519.559999999998,63519.555,0.009999999995,0.001574318333,"[{""price"":63519.55,""size"":0.04345406,""num_orders"":3},{""price"":63518.27,""size"":0.031487,""num_orders"":2},{""price"":63517.96,""size"":0.02527322,""num_orders"":2},{""price"":63517.43,""size"":0.00522203,""num_orders"":1},{""price"":63516.88,""size"":0.12595076,""num_orders"":1},{""price"":63515.82,""size"":0.00688764,""num_orders"":1},{""price"":63515.04,""size"":0.06,""num_orders"":2},{""price"":63514.93,""size"":3.2e-07,""num_orders"":1},{""price"":63514.8,""size"":0.0002427,""num_orders"":2},{""price"":63514.5,""size"":0.001535,""num_orders"":1}]","[{""price"":63519.56,""size"":0.06110817,""num_orders"":1},{""price"":63519.59,""size"":0.15075655,""num_orders"":2},{""price"":63520.84,""size"":0.03148572,""num_orders"":2},{""price"":63521.02,""size"":0.01259489,""num_orders"":1},{""price"":63521.74,""size"":0.09432716,""num_orders"":1},{""price"":63522.94,""size"":0.12593876,""num_orders"":1},{""price"":63523.34,""size"":0.00027123,""num_orders"":1},{""price"":63524.47,""size"":0.29964487,""num_orders"":1},{""price"":63524.48,""size"":0.07860597,""num_orders"":1},{""price"":63524.49,""size"":0.09432716,""num_orders"":1}]"
btc_usd_d10_20260812T235115Z,38,2026-08-13T00:29:15.822348Z,2026-08-13T00:29:15.822472Z,BTC-USD,10,ok,,134120202127,2026-08-13T00:29:13.836642357Z,0.94272218,1.00767365,-0.033301686253,63563,63563.010000000002,63563.005000000005,0.010000000002,0.001573242172,"[{""price"":63563.0,""size"":0.0028884,""num_orders"":1},{""price"":63561.89,""size"":0.00550639,""num_orders"":1},{""price"":63561.64,""size"":0.00016865,""num_orders"":1},{""price"":63561.6,""size"":0.00033731,""num_orders"":1},{""price"":63560.23,""size"":0.01258548,""num_orders"":1},{""price"":63560.02,""size"":0.12586527,""num_orders"":1},{""price"":63560.01,""size"":0.00550631,""num_orders"":1},{""price"":63557.86,""size"":0.00688289,""num_orders"":1},{""price"":63557.73,""size"":0.28298148,""num_orders"":2},{""price"":63557.72,""size"":0.5,""num_orders"":1}]","[{""price"":63563.01,""size"":0.09419584,""num_orders"":1},{""price"":63565.2,""size"":1.8e-05,""num_orders"":1},{""price"":63565.66,""size"":0.17418113,""num_orders"":2},{""price"":63565.67,""size"":0.09432716,""num_orders"":1},{""price"":63566.01,""size"":0.12585343,""num_orders"":1},{""price"":63566.74,""size"":0.00157315,""num_orders"":1},{""price"":63567.6,""size"":0.09432716,""num_orders"":1},{""price"":63568.8,""size"":1.8e-05,""num_orders"":1},{""price"":63568.84,""size"":0.23452546,""num_orders"":1},{""price"":63568.85,""size"":0.18865432,""num_orders"":1}]"
btc_usd_d10_20260812T235115Z,39,2026-08-13T00:30:15.822348Z,2026-08-13T00:30:15.822471Z,BTC-USD,10,ok,,134120234387,2026-08-13T00:30:15.174314878Z,0.41574035,1.16915855,-0.475373034835,63552.589999999997,63552.599999999999,63552.595000000001,0.010000000002,0.001573499871,"[{""price"":63552.59,""size"":0.00558221,""num_orders"":2},{""price"":63551.0,""size"":0.00550724,""num_orders"":1},{""price"":63548.85,""size"":0.00688406,""num_orders"":1},{""price"":63548.44,""size"":0.09432716,""num_orders"":1},{""price"":63547.89,""size"":0.01258792,""num_orders"":1},{""price"":63547.65,""size"":0.12588977,""num_orders"":1},{""price"":63547.2,""size"":1.8e-05,""num_orders"":1},{""price"":63546.31,""size"":0.06,""num_orders"":2},{""price"":63546.26,""size"":0.01061683,""num_orders"":1},{""price"":63546.25,""size"":0.09432716,""num_orders"":1}]","[{""price"":63552.6,""size"":0.21226918,""num_orders"":3},{""price"":63552.62,""size"":0.15359921,""num_orders"":1},{""price"":63553.92,""size"":0.03146934,""num_orders"":2},{""price"":63554.23,""size"":0.00550724,""num_orders"":1},{""price"":63554.29,""size"":0.12587663,""num_orders"":1},{""price"":63554.49,""size"":0.09432716,""num_orders"":1},{""price"":63554.64,""size"":0.00010474,""num_orders"":1},{""price"":63555.99,""size"":0.27874476,""num_orders"":2},{""price"":63556.0,""size"":0.18865432,""num_orders"":1},{""price"":63556.01,""size"":0.07860597,""num_orders"":1}]"
btc_usd_d10_20260812T235115Z,40,2026-08-13T00:31:15.822348Z,2026-08-13T00:31:15.822481Z,BTC-USD,10,ok,,134120261836,2026-08-13T00:31:13.681961249Z,0.33180566,0.86760756,-0.446720021979,63529.199999999997,63529.209999999999,63529.205000000002,0.010000000002,0.001574079197,"[{""price"":63529.2,""size"":1.8e-05,""num_orders"":1},{""price"":63525.6,""size"":1.8e-05,""num_orders"":1},{""price"":63525.58,""size"":5e-08,""num_orders"":1},{""price"":63525.0,""size"":0.01,""num_orders"":1},{""price"":63524.0,""size"":0.03148416,""num_orders"":2},{""price"":63522.33,""size"":0.06,""num_orders"":2},{""price"":63522.16,""size"":0.12594029,""num_orders"":1},{""price"":63522.0,""size"":1.8e-05,""num_orders"":1},{""price"":63521.83,""size"":0.09432716,""num_orders"":1},{""price"":63520.0,""size"":0.01,""num_orders"":1}]","[{""price"":63529.21,""size"":0.21026,""num_orders"":1},{""price"":63529.22,""size"":0.03,""num_orders"":1},{""price"":63529.23,""size"":0.09432716,""num_orders"":1},{""price"":63529.24,""size"":0.03,""num_orders"":1},{""price"":63529.38,""size"":0.1715,""num_orders"":1},{""price"":63529.45,""size"":0.07860597,""num_orders"":1},{""price"":63529.46,""size"":0.12592583,""num_orders"":1},{""price"":63530.08,""size"":0.0011805,""num_orders"":1},{""price"":63530.49,""size"":0.03148094,""num_orders"":2},{""price"":63532.77,""size"":0.09432716,""num_orders"":1}]"
btc_usd_d10_20260812T235115Z,41,2026-08-13T00:32:15.822348Z,2026-08-13T00:32:15.822456Z,BTC-USD,10,ok,,134120297016,2026-08-13T00:32:15.689027577Z,0.38853456,1.32601965,-0.546780664345,63511.07,63511.080000000002,63511.074999999997,0.010000000002,0.001574528537,"[{""price"":63511.07,""size"":0.01037101,""num_orders"":2},{""price"":63509.79,""size"":0.0314912,""num_orders"":2},{""price"":63509.48,""size"":0.00551071,""num_orders"":1},{""price"":63507.82,""size"":0.1715,""num_orders"":1},{""price"":63507.34,""size"":0.00688839,""num_orders"":1},{""price"":63506.96,""size"":0.00238469,""num_orders"":1},{""price"":63506.49,""size"":0.09437126,""num_orders"":2},{""price"":63505.43,""size"":0.06,""num_orders"":2},{""price"":63504.39,""size"":0.0059993,""num_orders"":1},{""price"":63504.0,""size"":1.8e-05,""num_orders"":1}]","[{""price"":63511.08,""size"":0.03221508,""num_orders"":2},{""price"":63511.93,""size"":0.07324849,""num_orders"":1},{""price"":63511.94,""size"":0.07860597,""num_orders"":1},{""price"":63512.36,""size"":0.03148994,""num_orders"":2},{""price"":63512.81,""size"":0.01259837,""num_orders"":1},{""price"":63514.22,""size"":0.05393331,""num_orders"":1},{""price"":63514.8,""size"":1.8e-05,""num_orders"":1},{""price"":63515.23,""size"":5.788e-05,""num_orders"":1},{""price"":63515.38,""size"":0.09432716,""num_orders"":1},{""price"":63517.32,""size"":0.94952545,""num_orders"":2}]"
btc_usd_d10_20260812T235115Z,42,2026-08-13T00:33:15.822348Z,2026-08-13T00:33:15.822482Z,BTC-USD,10,ok,,134120325256,2026-08-13T00:33:14.338714267Z,0.46374813,2.83133549,-0.71852117671,63496.800000000003,63496.809999999998,63496.805,0.009999999995,0.001574882389,"[{""price"":63496.8,""size"":0.01038351,""num_orders"":8},{""price"":63495.53,""size"":0.03149828,""num_orders"":2},{""price"":63495.0,""size"":0.01,""num_orders"":1},{""price"":63493.2,""size"":1.8e-05,""num_orders"":1},{""price"":63492.7,""size"":0.01,""num_orders"":1},{""price"":63490.46,""size"":0.12600318,""num_orders"":1},{""price"":63490.45,""size"":0.1715,""num_orders"":1},{""price"":63490.01,""size"":0.09432716,""num_orders"":1},{""price"":63490.0,""size"":0.01,""num_orders"":1},{""price"":63489.6,""size"":1.8e-05,""num_orders"":1}]","[{""price"":63496.81,""size"":0.19268116,""num_orders"":3},{""price"":63497.12,""size"":1.123653,""num_orders"":3},{""price"":63497.13,""size"":0.09330153,""num_orders"":1},{""price"":63498.08,""size"":0.03149702,""num_orders"":2},{""price"":63498.18,""size"":0.01259881,""num_orders"":1},{""price"":63498.4,""size"":0.00551208,""num_orders"":1},{""price"":63498.61,""size"":0.01050444,""num_orders"":1},{""price"":63499.47,""size"":0.28298148,""num_orders"":2},{""price"":63499.48,""size"":0.07860597,""num_orders"":1},{""price"":63499.5,""size"":1.0,""num_orders"":1}]"
btc_usd_d10_20260812T235115Z,43,2026-08-13T00:34:15.822348Z,2026-08-13T00:34:15.822507Z,BTC-USD,10,ok,,134120355280,2026-08-13T00:34:13.603814724Z,0.48731778,2.63746977,-0.688095416279,63520.07,63520.080000000002,63520.074999999997,0.010000000002,0.001574305446,"[{""price"":63520.07,""size"":0.01438211,""num_orders"":1},{""price"":63520.06,""size"":0.00723501,""num_orders"":1},{""price"":63519.99,""size"":0.00026252,""num_orders"":1},{""price"":63518.56,""size"":0.03148686,""num_orders"":2},{""price"":63518.41,""size"":0.00550999,""num_orders"":1},{""price"":63516.27,""size"":0.00688748,""num_orders"":1},{""price"":63511.9,""size"":0.12596063,""num_orders"":1},{""price"":63511.74,""size"":0.0125937,""num_orders"":1},{""price"":63511.21,""size"":0.09432716,""num_orders"":1},{""price"":63511.2,""size"":0.18867232,""num_orders"":2}]","[{""price"":63520.08,""size"":0.32956,""num_orders"":2},{""price"":63521.25,""size"":0.0125937,""num_orders"":1},{""price"":63521.61,""size"":0.81790903,""num_orders"":2},{""price"":63521.62,""size"":0.18865432,""num_orders"":1},{""price"":63521.83,""size"":0.12594097,""num_orders"":1},{""price"":63521.88,""size"":0.07860597,""num_orders"":1},{""price"":63522.0,""size"":1.8e-05,""num_orders"":1},{""price"":63523.5,""size"":1.0,""num_orders"":1},{""price"":63525.6,""size"":1.8e-05,""num_orders"":1},{""price"":63527.99,""size"":0.08416978,""num_orders"":1}]"
btc_usd_d10_20260812T235115Z,44,2026-08-13T00:35:15.822348Z,2026-08-13T00:35:15.822505Z,BTC-USD,10,ok,,134120388534,2026-08-13T00:35:14.603292652Z,0.46017385,3.01117172,-0.734872924219,63530.68,63530.690000000002,63530.684999999998,0.010000000002,0.001574042528,"[{""price"":63530.68,""size"":0.0644317,""num_orders"":2},{""price"":63530.66,""size"":0.03,""num_orders"":1},{""price"":63529.4,""size"":0.03148148,""num_orders"":2},{""price"":63529.09,""size"":0.00550914,""num_orders"":1},{""price"":63527.96,""size"":0.00712578,""num_orders"":1},{""price"":63526.94,""size"":0.00688643,""num_orders"":1},{""price"":63526.6,""size"":0.00012775,""num_orders"":2},{""price"":63525.0,""size"":0.18865432,""num_orders"":1},{""price"":63522.68,""size"":0.12593925,""num_orders"":1},{""price"":63522.0,""size"":1.8e-05,""num_orders"":1}]","[{""price"":63530.69,""size"":0.96469634,""num_orders"":5},{""price"":63531.25,""size"":0.12592229,""num_orders"":1},{""price"":63531.73,""size"":0.07860597,""num_orders"":1},{""price"":63531.74,""size"":0.64612314,""num_orders"":2},{""price"":63531.97,""size"":0.03148022,""num_orders"":2},{""price"":63532.35,""size"":0.09432716,""num_orders"":1},{""price"":63532.5,""size"":1.0,""num_orders"":1},{""price"":63532.8,""size"":1.8e-05,""num_orders"":1},{""price"":63533.57,""size"":0.06842465,""num_orders"":1},{""price"":63534.5,""size"":0.00157395,""num_orders"":1}]"
btc_usd_d10_20260812T235115Z,45,2026-08-13T00:36:15.822348Z,2026-08-13T00:36:15.822482Z,BTC-USD,10,ok,,134120407496,2026-08-13T00:36:14.167193555Z,0.16192049,0.58835308,-0.568369468219,63527.830000000002,63527.839999999997,63527.834999999999,0.009999999995,0.001574113142,"[{""price"":63527.83,""size"":0.02930184,""num_orders"":2},{""price"":63527.25,""size"":0.00712997,""num_orders"":1},{""price"":63526.6,""size"":7.492e-05,""num_orders"":1},{""price"":63526.55,""size"":0.0314829,""num_orders"":2},{""price"":63526.04,""size"":0.00550941,""num_orders"":1},{""price"":63525.22,""size"":0.02999942,""num_orders"":2},{""price"":63525.2,""size"":0.03,""num_orders"":1},{""price"":63524.38,""size"":0.02000029,""num_orders"":1},{""price"":63524.09,""size"":0.00688674,""num_orders"":1},{""price"":63523.5,""size"":0.001535,""num_orders"":1}]","[{""price"":63527.84,""size"":0.04190984,""num_orders"":4},{""price"":63528.12,""size"":0.02,""num_orders"":1},{""price"":63528.13,""size"":0.16109486,""num_orders"":1},{""price"":63528.14,""size"":0.09432716,""num_orders"":1},{""price"":63528.16,""size"":0.12592841,""num_orders"":1},{""price"":63528.32,""size"":0.01259401,""num_orders"":1},{""price"":63528.44,""size"":0.00118058,""num_orders"":1},{""price"":63529.12,""size"":0.03148162,""num_orders"":2},{""price"":63529.41,""size"":0.00550944,""num_orders"":1},{""price"":63530.66,""size"":0.09432716,""num_orders"":1}]"
btc_usd_d10_20260812T235115Z,46,2026-08-13T00:37:15.822348Z,2026-08-13T00:37:15.822488Z,BTC-USD,10,ok,,134120428480,2026-08-13T00:37:14.099998909Z,0.32815103,1.2053227,-0.572016104899,63527.82,63527.830000000002,63527.824999999997,0.010000000002,0.001574113391,"[{""price"":63527.82,""size"":0.01322285,""num_orders"":4},{""price"":63526.54,""size"":0.0314829,""num_orders"":2},{""price"":63526.23,""size"":0.00550939,""num_orders"":1},{""price"":63524.41,""size"":0.06302433,""num_orders"":1},{""price"":63523.94,""size"":0.12593675,""num_orders"":1},{""price"":63523.52,""size"":0.0068868,""num_orders"":1},{""price"":63523.5,""size"":0.001535,""num_orders"":1},{""price"":63522.43,""size"":0.06,""num_orders"":2},{""price"":63522.17,""size"":0.01900001,""num_orders"":1},{""price"":63522.0,""size"":0.001553,""num_orders"":2}]","[{""price"":63527.83,""size"":0.6874235,""num_orders"":18},{""price"":63528.37,""size"":0.15010909,""num_orders"":2},{""price"":63528.38,""size"":0.09432716,""num_orders"":1},{""price"":63528.92,""size"":0.01259374,""num_orders"":1},{""price"":63529.11,""size"":0.03148164,""num_orders"":2},{""price"":63529.41,""size"":0.00550942,""num_orders"":1},{""price"":63529.42,""size"":0.12592592,""num_orders"":1},{""price"":63530.5,""size"":0.09432716,""num_orders"":1},{""price"":63530.69,""size"":0.00209007,""num_orders"":3},{""price"":63531.0,""size"":0.001535,""num_orders"":1}]"
btc_usd_d10_20260812T235115Z,47,2026-08-13T00:38:15.822348Z,2026-08-13T00:38:15.822477Z,BTC-USD,10,ok,,134120452197,2026-08-13T00:38:14.035866145Z,0.51629807,2.92554129,-0.699987119678,63517.699999999997,63517.709999999999,63517.705000000002,0.010000000002,0.001574364187,"[{""price"":63517.7,""size"":0.00261932,""num_orders"":1},{""price"":63513.87,""size"":6.84e-05,""num_orders"":1},{""price"":63512.83,""size"":0.06,""num_orders"":2},{""price"":63512.55,""size"":0.12595933,""num_orders"":1},{""price"":63512.0,""size"":0.03422714,""num_orders"":2},{""price"":63511.34,""size"":0.1715,""num_orders"":1},{""price"":63511.2,""size"":0.00016789,""num_orders"":2},{""price"":63510.41,""size"":0.01742883,""num_orders"":1},{""price"":63510.0,""size"":0.01,""num_orders"":1},{""price"":63509.96,""size"":0.09432716,""num_orders"":1}]","[{""price"":63517.71,""size"":0.47608716,""num_orders"":3},{""price"":63518.3,""size"":0.64611377,""num_orders"":2},{""price"":63519.0,""size"":1.0,""num_orders"":1},{""price"":63519.91,""size"":0.09432716,""num_orders"":1},{""price"":63521.49,""size"":4.341e-05,""num_orders"":1},{""price"":63521.89,""size"":0.07982264,""num_orders"":1},{""price"":63522.0,""size"":0.09441397,""num_orders"":2},{""price"":63523.26,""size"":0.03929229,""num_orders"":1},{""price"":63523.86,""size"":0.30678657,""num_orders"":1},{""price"":63523.87,""size"":0.18865432,""num_orders"":1}]"
btc_usd_d10_20260812T235115Z,48,2026-08-13T00:39:15.822348Z,2026-08-13T00:39:15.822475Z,BTC-USD,10,ok,,134120478149,2026-08-13T00:39:14.104443684Z,0.75957165,0.38590938,0.326205550519,63505.650000000001,63505.660000000003,63505.654999999999,0.010000000002,0.001574662918,"[{""price"":63505.65,""size"":0.27473359,""num_orders"":8},{""price"":63505.6,""size"":0.1201499,""num_orders"":4},{""price"":63505.53,""size"":0.09432716,""num_orders"":1},{""price"":63505.52,""size"":0.12597328,""num_orders"":1},{""price"":63505.14,""size"":0.00046137,""num_orders"":1},{""price"":63504.32,""size"":0.03149392,""num_orders"":2},{""price"":63504.06,""size"":0.00551132,""num_orders"":1},{""price"":63503.73,""size"":0.0125938,""num_orders"":1},{""price"":63503.56,""size"":0.09432716,""num_orders"":1},{""price"":63502.62,""size"":1.5e-07,""num_orders"":1}]","[{""price"":63505.66,""size"":0.03767722,""num_orders"":3},{""price"":63505.68,""size"":0.0299996,""num_orders"":3},{""price"":63506.89,""size"":0.03149264,""num_orders"":2},{""price"":63507.2,""size"":0.00551134,""num_orders"":1},{""price"":63507.33,""size"":0.00352387,""num_orders"":2},{""price"":63508.91,""size"":0.00135182,""num_orders"":1},{""price"":63509.34,""size"":0.00688918,""num_orders"":1},{""price"":63511.97,""size"":0.00440017,""num_orders"":1},{""price"":63512.2,""size"":0.13910351,""num_orders"":1},{""price"":63512.21,""size"":0.12596003,""num_orders"":1}]"
btc_usd_d10_20260812T235115Z,49,2026-08-13T00:40:15.822348Z,2026-08-13T00:40:15.822482Z,BTC-USD,10,ok,,134120496212,2026-08-13T00:40:14.512875178Z,0.43042377,0.7678732,-0.28160751337,63508.18,63508.190000000002,63508.184999999998,0.010000000002,0.001574600188,"[{""price"":63508.18,""size"":0.21486989,""num_orders"":7},{""price"":63506.9,""size"":0.03149264,""num_orders"":2},{""price"":63506.81,""size"":0.02118837,""num_orders"":2},{""price"":63506.71,""size"":0.12597093,""num_orders"":1},{""price"":63506.59,""size"":0.0055111,""num_orders"":1},{""price"":63506.43,""size"":0.02,""num_orders"":1},{""price"":63506.41,""size"":0.00242768,""num_orders"":1},{""price"":63505.65,""size"":0.00029996,""num_orders"":4},{""price"":63505.6,""size"":0.0001499,""num_orders"":2},{""price"":63505.23,""size"":0.0085133,""num_orders"":1}]","[{""price"":63508.19,""size"":0.00263162,""num_orders"":1},{""price"":63508.36,""size"":0.00118095,""num_orders"":1},{""price"":63509.46,""size"":0.00551115,""num_orders"":1},{""price"":63509.47,""size"":0.03149136,""num_orders"":2},{""price"":63510.15,""size"":0.09432716,""num_orders"":1},{""price"":63510.16,""size"":0.20186489,""num_orders"":1},{""price"":63510.2,""size"":0.10686409,""num_orders"":3},{""price"":63510.46,""size"":0.18865432,""num_orders"":1},{""price"":63511.05,""size"":0.12845873,""num_orders"":2},{""price"":63511.6,""size"":0.00688893,""num_orders"":1}]"
btc_usd_d10_20260812T235115Z,50,2026-08-13T00:41:15.822348Z,2026-08-13T00:41:15.822488Z,BTC-USD,10,ok,,134120520514,2026-08-13T00:41:14.153563012Z,0.24926011,0.92524705,-0.575549441521,63504.139999999999,63504.150000000001,63504.145000000004,0.010000000002,0.00157470036,"[{""price"":63504.14,""size"":0.04192105,""num_orders"":3},{""price"":63503.86,""size"":0.02069436,""num_orders"":2},{""price"":63502.86,""size"":0.03149464,""num_orders"":2},{""price"":63502.62,""size"":1.5e-07,""num_orders"":1},{""price"":63502.56,""size"":0.0055114,""num_orders"":1},{""price"":63502.5,""size"":0.00566976,""num_orders"":1},{""price"":63502.27,""size"":0.01107819,""num_orders"":1},{""price"":63500.42,""size"":0.00688926,""num_orders"":1},{""price"":63500.41,""size"":0.12598343,""num_orders"":1},{""price"":63500.4,""size"":1.787e-05,""num_orders"":1}]","[{""price"":63504.15,""size"":0.00279836,""num_orders"":2},{""price"":63505.43,""size"":0.03149336,""num_orders"":2},{""price"":63505.72,""size"":0.09432716,""num_orders"":1},{""price"":63505.74,""size"":0.00551145,""num_orders"":1},{""price"":63506.9,""size"":0.12597058,""num_orders"":1},{""price"":63507.33,""size"":0.01259812,""num_orders"":1},{""price"":63507.88,""size"":0.00688931,""num_orders"":1},{""price"":63507.93,""size"":0.36267723,""num_orders"":1},{""price"":63507.94,""size"":0.18865432,""num_orders"":1},{""price"":63507.95,""size"":0.09432716,""num_orders"":1}]"
btc_usd_d10_20260812T235115Z,51,2026-08-13T00:42:15.822348Z,2026-08-13T00:42:15.822488Z,BTC-USD,10,ok,,134120552669,2026-08-13T00:42:14.590748490Z,0.65994246,0.80878552,-0.101341475091,63460.800000000003,63460.809999999998,63460.805,0.009999999995,0.001575775787,"[{""price"":63460.8,""size"":0.02640043,""num_orders"":6},{""price"":63459.53,""size"":0.03151614,""num_orders"":2},{""price"":63457.2,""size"":0.09434516,""num_orders"":2},{""price"":63455.23,""size"":0.09432716,""num_orders"":1},{""price"":63455.2,""size"":0.01,""num_orders"":1},{""price"":63455.0,""size"":0.01,""num_orders"":1},{""price"":63454.14,""size"":0.12607528,""num_orders"":1},{""price"":63453.6,""size"":1.8e-05,""num_orders"":1},{""price"":63453.45,""size"":0.18865432,""num_orders"":1},{""price"":63453.44,""size"":0.07860597,""num_orders"":1}]","[{""price"":63460.81,""size"":0.00516676,""num_orders"":3},{""price"":63460.82,""size"":0.03,""num_orders"":1},{""price"":63460.84,""size"":0.03,""num_orders"":1},{""price"":63460.96,""size"":0.2728027,""num_orders"":1},{""price"":63460.97,""size"":0.12606174,""num_orders"":1},{""price"":63461.33,""size"":0.10667233,""num_orders"":1},{""price"":63462.08,""size"":0.03151488,""num_orders"":2},{""price"":63462.4,""size"":0.00551521,""num_orders"":1},{""price"":63463.13,""size"":0.18865432,""num_orders"":1},{""price"":63463.14,""size"":0.01239758,""num_orders"":1}]"
btc_usd_d10_20260812T235115Z,52,2026-08-13T00:43:15.822348Z,2026-08-13T00:43:15.822483Z,BTC-USD,10,ok,,134120592406,2026-08-13T00:43:13.323378819Z,0.73170982,0.55363711,0.138540580635,63446.400000000001,63446.410000000003,63446.404999999999,0.010000000002,0.001576133431,"[{""price"":63446.4,""size"":0.0452278,""num_orders"":2},{""price"":63442.8,""size"":1.8e-05,""num_orders"":1},{""price"":63441.32,""size"":0.09432716,""num_orders"":1},{""price"":63441.29,""size"":0.1715,""num_orders"":1},{""price"":63440.51,""size"":0.12610238,""num_orders"":1},{""price"":63440.0,""size"":0.01,""num_orders"":1},{""price"":63439.4,""size"":0.09432716,""num_orders"":1},{""price"":63439.39,""size"":0.18865432,""num_orders"":1},{""price"":63439.2,""size"":1.8e-05,""num_orders"":1},{""price"":63438.0,""size"":0.001535,""num_orders"":1}]","[{""price"":63446.41,""size"":0.04804237,""num_orders"":3},{""price"":63446.42,""size"":0.03,""num_orders"":1},{""price"":63446.44,""size"":0.03,""num_orders"":1},{""price"":63446.49,""size"":0.1608135,""num_orders"":1},{""price"":63446.5,""size"":0.12609048,""num_orders"":1},{""price"":63446.67,""size"":0.0126096,""num_orders"":1},{""price"":63448.0,""size"":0.00551646,""num_orders"":1},{""price"":63450.01,""size"":0.09432716,""num_orders"":1},{""price"":63450.14,""size"":0.00689558,""num_orders"":1},{""price"":63451.91,""size"":0.03934196,""num_orders"":1}]"
btc_usd_d10_20260812T235115Z,53,2026-08-13T00:44:15.822348Z,2026-08-13T00:44:15.822490Z,BTC-USD,10,ok,,134120629264,2026-08-13T00:44:13.021632741Z,0.44909381,0.76105988,-0.257790454698,63469.629999999997,63469.639999999999,63469.634999999995,0.010000000002,0.001575556564,"[{""price"":63469.63,""size"":0.03169957,""num_orders"":1},{""price"":63469.16,""size"":0.11904443,""num_orders"":1},{""price"":63468.12,""size"":0.0069206,""num_orders"":2},{""price"":63468.0,""size"":1.8e-05,""num_orders"":1},{""price"":63466.61,""size"":0.09432716,""num_orders"":1},{""price"":63466.54,""size"":0.00339889,""num_orders"":1},{""price"":63465.0,""size"":0.01,""num_orders"":1},{""price"":63464.68,""size"":0.09432716,""num_orders"":1},{""price"":63464.4,""size"":1.8e-05,""num_orders"":1},{""price"":63464.12,""size"":0.08934,""num_orders"":1}]","[{""price"":63469.64,""size"":0.02781483,""num_orders"":1},{""price"":63469.66,""size"":0.03,""num_orders"":1},{""price"":63471.23,""size"":0.00551444,""num_orders"":1},{""price"":63472.18,""size"":0.01260208,""num_orders"":1},{""price"":63472.34,""size"":0.00266336,""num_orders"":1},{""price"":63472.6,""size"":0.09432716,""num_orders"":1},{""price"":63473.37,""size"":0.00689305,""num_orders"":1},{""price"":63475.51,""size"":0.17223186,""num_orders"":1},{""price"":63475.52,""size"":0.28298148,""num_orders"":2},{""price"":63476.14,""size"":0.12603162,""num_orders"":1}]"
btc_usd_d10_20260812T235115Z,54,2026-08-13T00:45:15.822348Z,2026-08-13T00:45:15.822483Z,BTC-USD,10,ok,,134120663051,2026-08-13T00:45:15.096587606Z,0.70421741,1.66527418,-0.405596193739,63449.989999999998,63450,63449.994999999995,0.010000000002,0.001576044254,"[{""price"":63449.99,""size"":0.18785847,""num_orders"":7},{""price"":63448.79,""size"":0.00951581,""num_orders"":1},{""price"":63448.72,""size"":0.03152152,""num_orders"":2},{""price"":63448.4,""size"":0.00551615,""num_orders"":1},{""price"":63446.4,""size"":0.00022522,""num_orders"":1},{""price"":63446.26,""size"":0.00689519,""num_orders"":1},{""price"":63445.8,""size"":0.09432716,""num_orders"":1},{""price"":63445.79,""size"":0.07860597,""num_orders"":1},{""price"":63444.21,""size"":0.01260888,""num_orders"":1},{""price"":63443.25,""size"":0.27714304,""num_orders"":1}]","[{""price"":63450.0,""size"":1.60243704,""num_orders"":2},{""price"":63451.27,""size"":0.03152026,""num_orders"":2},{""price"":63451.59,""size"":0.00551615,""num_orders"":1},{""price"":63453.0,""size"":0.001535,""num_orders"":1},{""price"":63453.71,""size"":0.01260888,""num_orders"":1},{""price"":63453.73,""size"":0.00689519,""num_orders"":1},{""price"":63454.21,""size"":0.00011575,""num_orders"":1},{""price"":63454.5,""size"":0.001535,""num_orders"":1},{""price"":63455.2,""size"":0.00157591,""num_orders"":1},{""price"":63456.0,""size"":0.001535,""num_orders"":1}]"
btc_usd_d10_20260812T235115Z,55,2026-08-13T00:46:15.822348Z,2026-08-13T00:46:15.822479Z,BTC-USD,10,ok,,134120689722,2026-08-13T00:46:15.034215576Z,0.48793583,0.6916533,-0.172702057707,63436.589999999997,63436.599999999999,63436.595000000001,0.010000000002,0.001576377169,"[{""price"":63436.59,""size"":0.02814005,""num_orders"":5},{""price"":63435.6,""size"":1.8e-05,""num_orders"":1},{""price"":63435.32,""size"":0.03152818,""num_orders"":2},{""price"":63435.0,""size"":0.00551732,""num_orders"":1},{""price"":63434.68,""size"":0.09432716,""num_orders"":1},{""price"":63434.18,""size"":0.00039174,""num_orders"":1},{""price"":63434.17,""size"":2.6e-07,""num_orders"":1},{""price"":63433.42,""size"":0.12611647,""num_orders"":1},{""price"":63433.35,""size"":0.195,""num_orders"":1},{""price"":63432.86,""size"":0.00689665,""num_orders"":1}]","[{""price"":63436.6,""size"":0.00591929,""num_orders"":2},{""price"":63437.87,""size"":0.0315269,""num_orders"":2},{""price"":63438.14,""size"":0.23268009,""num_orders"":1},{""price"":63438.19,""size"":0.00551732,""num_orders"":1},{""price"":63438.46,""size"":0.01261236,""num_orders"":1},{""price"":63439.05,""size"":0.18865432,""num_orders"":1},{""price"":63439.06,""size"":0.12610528,""num_orders"":1},{""price"":63439.21,""size"":0.0011285,""num_orders"":1},{""price"":63440.01,""size"":0.08061259,""num_orders"":1},{""price"":63440.33,""size"":0.00689665,""num_orders"":1}]"
btc_usd_d10_20260812T235115Z,56,2026-08-13T00:47:15.822348Z,2026-08-13T00:47:15.822478Z,BTC-USD,10,ok,,134120722325,2026-08-13T00:47:13.631528085Z,0.51491418,2.8161857,-0.690844346583,63473.230000000003,63473.239999999998,63473.235000000001,0.009999999995,0.001575467202,"[{""price"":63473.23,""size"":0.00551383,""num_orders"":1},{""price"":63471.09,""size"":0.00689229,""num_orders"":1},{""price"":63468.0,""size"":1.8e-05,""num_orders"":1},{""price"":63466.14,""size"":0.09156,""num_orders"":1},{""price"":63465.87,""size"":0.12605199,""num_orders"":1},{""price"":63465.03,""size"":0.00786942,""num_orders"":1},{""price"":63465.02,""size"":0.09432716,""num_orders"":1},{""price"":63465.0,""size"":0.01,""num_orders"":1},{""price"":63464.88,""size"":0.1715,""num_orders"":1},{""price"":63464.64,""size"":0.00118149,""num_orders"":1}]","[{""price"":63473.24,""size"":0.406817,""num_orders"":3},{""price"":63474.02,""size"":0.28473462,""num_orders"":2},{""price"":63474.03,""size"":0.26582716,""num_orders"":2},{""price"":63477.27,""size"":0.22602801,""num_orders"":1},{""price"":63478.64,""size"":0.35858838,""num_orders"":3},{""price"":63478.8,""size"":1.8e-05,""num_orders"":1},{""price"":63481.27,""size"":0.14051753,""num_orders"":1},{""price"":63481.28,""size"":0.09432716,""num_orders"":1},{""price"":63481.5,""size"":1.0,""num_orders"":1},{""price"":63481.83,""size"":0.03932784,""num_orders"":1}]"
btc_usd_d10_20260812T235115Z,57,2026-08-13T00:48:15.822348Z,2026-08-13T00:48:15.822486Z,BTC-USD,10,ok,,134120755295,2026-08-13T00:48:14.038274978Z,0.54716603,0.54722901,-0.000057547775,63506.059999999998,63506.07,63506.065000000002,0.010000000002,0.001574652752,"[{""price"":63506.06,""size"":0.09075884,""num_orders"":5},{""price"":63504.78,""size"":0.03163937,""num_orders"":3},{""price"":63504.47,""size"":0.00551128,""num_orders"":1},{""price"":63504.08,""size"":0.12597615,""num_orders"":1},{""price"":63503.69,""size"":0.01260047,""num_orders"":1},{""price"":63502.62,""size"":0.00110157,""num_orders"":1},{""price"":63502.33,""size"":0.0068891,""num_orders"":1},{""price"":63500.9,""size"":0.09432716,""num_orders"":1},{""price"":63499.01,""size"":0.02,""num_orders"":1},{""price"":63499.0,""size"":0.15836209,""num_orders"":1}]","[{""price"":63506.07,""size"":0.00877138,""num_orders"":2},{""price"":63507.35,""size"":0.03149242,""num_orders"":2},{""price"":63507.6,""size"":1.8e-05,""num_orders"":1},{""price"":63507.66,""size"":0.00551128,""num_orders"":1},{""price"":63509.19,""size"":0.19550815,""num_orders"":1},{""price"":63509.2,""size"":0.12596601,""num_orders"":1},{""price"":63509.8,""size"":0.0068891,""num_orders"":1},{""price"":63510.18,""size"":0.09432716,""num_orders"":1},{""price"":63510.2,""size"":0.07872751,""num_orders"":1},{""price"":63511.2,""size"":1.8e-05,""num_orders"":1}]"
btc_usd_d10_20260812T235115Z,58,2026-08-13T00:49:15.822348Z,2026-08-13T00:49:15.822489Z,BTC-USD,10,ok,,134120787673,2026-08-13T00:49:13.330805408Z,0.6537503,0.83966094,-0.124487237688,63508.540000000001,63508.550000000003,63508.544999999998,0.010000000002,0.001574591262,"[{""price"":63508.54,""size"":0.05002838,""num_orders"":2},{""price"":63507.58,""size"":0.07860597,""num_orders"":1},{""price"":63507.14,""size"":0.12597008,""num_orders"":1},{""price"":63505.14,""size"":0.0977311,""num_orders"":1},{""price"":63505.07,""size"":0.10154184,""num_orders"":2},{""price"":63504.14,""size"":0.0125962,""num_orders"":1},{""price"":63504.0,""size"":1.8e-05,""num_orders"":1},{""price"":63503.49,""size"":0.09432716,""num_orders"":1},{""price"":63503.12,""size"":0.09183,""num_orders"":1},{""price"":63502.62,""size"":0.00110157,""num_orders"":1}]","[{""price"":63508.55,""size"":0.00781651,""num_orders"":1},{""price"":63509.01,""size"":0.00118094,""num_orders"":1},{""price"":63510.14,""size"":0.00551106,""num_orders"":1},{""price"":63511.44,""size"":0.21139615,""num_orders"":1},{""price"":63511.45,""size"":0.09432716,""num_orders"":1},{""price"":63512.28,""size"":0.00688883,""num_orders"":1},{""price"":63513.21,""size"":0.12595806,""num_orders"":1},{""price"":63513.5,""size"":0.09432716,""num_orders"":1},{""price"":63513.66,""size"":0.0125962,""num_orders"":1},{""price"":63514.22,""size"":0.27965887,""num_orders"":1}]"
btc_usd_d10_20260812T235115Z,59,2026-08-13T00:50:15.822348Z,2026-08-13T00:50:15.822481Z,BTC-USD,10,ok,,134120816677,2026-08-13T00:50:14.045694513Z,0.72333345,0.63767814,0.062935033492,63508.410000000003,63508.419999999998,63508.415000000001,0.009999999995,0.001574594484,"[{""price"":63508.41,""size"":0.50246169,""num_orders"":5},{""price"":63507.13,""size"":0.03149252,""num_orders"":2},{""price"":63506.82,""size"":0.00551108,""num_orders"":1},{""price"":63505.4,""size"":0.12597353,""num_orders"":1},{""price"":63504.68,""size"":0.01948525,""num_orders"":2},{""price"":63504.0,""size"":0.001553,""num_orders"":2},{""price"":63503.99,""size"":0.0102659,""num_orders"":2},{""price"":63503.13,""size"":0.017624,""num_orders"":1},{""price"":63502.62,""size"":0.00110157,""num_orders"":1},{""price"":63502.51,""size"":0.00786491,""num_orders"":1}]","[{""price"":63508.42,""size"":0.21906865,""num_orders"":3},{""price"":63509.51,""size"":0.00017284,""num_orders"":1},{""price"":63510.01,""size"":0.00551108,""num_orders"":1},{""price"":63511.24,""size"":0.12596195,""num_orders"":1},{""price"":63511.38,""size"":0.00118094,""num_orders"":1},{""price"":63511.45,""size"":0.14209491,""num_orders"":1},{""price"":63511.65,""size"":0.02,""num_orders"":1},{""price"":63511.66,""size"":0.11432716,""num_orders"":2},{""price"":63512.15,""size"":0.00688885,""num_orders"":1},{""price"":63512.86,""size"":0.00247176,""num_orders"":2}]"
btc_usd_d10_20260813T022746Z,0,2026-08-13T02:27:46.102028Z,2026-08-13T02:27:46.102059Z,BTC-USD,10,ok,,134123643616,2026-08-13T02:27:45.111597107Z,0.458334,2.58441934,-0.698737328475,63394.989999999998,63395,63394.994999999995,0.010000000002,0.001577411593,"[{""price"":63394.99,""size"":0.09136623,""num_orders"":3},{""price"":63393.72,""size"":0.03154886,""num_orders"":2},{""price"":63393.65,""size"":0.0032862,""num_orders"":1},{""price"":63393.4,""size"":0.00552094,""num_orders"":1},{""price"":63391.5,""size"":0.001535,""num_orders"":1},{""price"":63391.26,""size"":0.00690117,""num_orders"":1},{""price"":63390.0,""size"":0.00271805,""num_orders"":2},{""price"":63389.59,""size"":0.18925354,""num_orders"":1},{""price"":63389.58,""size"":0.1262037,""num_orders"":1},{""price"":63389.37,""size"":3.1e-07,""num_orders"":1}]","[{""price"":63395.0,""size"":2.07193515,""num_orders"":4},{""price"":63395.71,""size"":0.09417024,""num_orders"":1},{""price"":63395.72,""size"":0.12619149,""num_orders"":1},{""price"":63396.27,""size"":0.0315476,""num_orders"":2},{""price"":63396.59,""size"":0.00552094,""num_orders"":1},{""price"":63397.47,""size"":0.13245813,""num_orders"":1},{""price"":63397.89,""size"":0.0946253,""num_orders"":1},{""price"":63398.45,""size"":0.019492,""num_orders"":1},{""price"":63398.73,""size"":0.00690117,""num_orders"":1},{""price"":63398.8,""size"":0.00157732,""num_orders"":1}]"
btc_usd_d10_20260813T022746Z,1,2026-08-13T02:28:46.102028Z,2026-08-13T02:28:46.102159Z,BTC-USD,10,ok,,134123670124,2026-08-13T02:28:43.602447365Z,1.20922793,0.47588716,0.435187349726,63415.650000000001,63415.660000000003,63415.654999999999,0.010000000002,0.001576897692,"[{""price"":63415.65,""size"":0.5341754,""num_orders"":6},{""price"":63415.64,""size"":0.03,""num_orders"":1},{""price"":63415.63,""size"":0.19069211,""num_orders"":1},{""price"":63415.62,""size"":0.03,""num_orders"":1},{""price"":63415.56,""size"":0.15,""num_orders"":1},{""price"":63415.34,""size"":0.12615243,""num_orders"":1},{""price"":63414.38,""size"":0.03153858,""num_orders"":2},{""price"":63414.06,""size"":0.00551914,""num_orders"":1},{""price"":63412.52,""size"":0.10961527,""num_orders"":1},{""price"":63412.5,""size"":0.001535,""num_orders"":1}]","[{""price"":63415.66,""size"":0.02850785,""num_orders"":3},{""price"":63416.93,""size"":0.03153732,""num_orders"":2},{""price"":63417.25,""size"":0.00551914,""num_orders"":1},{""price"":63417.6,""size"":1.8e-05,""num_orders"":1},{""price"":63418.45,""size"":0.0946253,""num_orders"":1},{""price"":63419.39,""size"":0.00689892,""num_orders"":1},{""price"":63419.46,""size"":0.0015768,""num_orders"":1},{""price"":63420.0,""size"":0.01940223,""num_orders"":3},{""price"":63420.74,""size"":0.04,""num_orders"":1},{""price"":63420.75,""size"":0.2478016,""num_orders"":2}]"
btc_usd_d10_20260813T022746Z,2,2026-08-13T02:29:46.102028Z,2026-08-13T02:29:46.102153Z,BTC-USD,10,ok,,134123696410,2026-08-13T02:29:44.083918327Z,3.67958009,0.93127572,0.596050816432,63401.029999999999,63401.040000000001,63401.035000000003,0.010000000002,0.001577261318,"[{""price"":63401.03,""size"":0.07751851,""num_orders"":3},{""price"":63399.76,""size"":0.03154586,""num_orders"":2},{""price"":63396.67,""size"":0.01061683,""num_orders"":1},{""price"":63396.1,""size"":0.0148757,""num_orders"":1},{""price"":63395.97,""size"":0.07860597,""num_orders"":1},{""price"":63395.01,""size"":1.2457178,""num_orders"":1},{""price"":63395.0,""size"":2.08509448,""num_orders"":1},{""price"":63394.7,""size"":0.12619351,""num_orders"":1},{""price"":63394.51,""size"":0.00787643,""num_orders"":1},{""price"":63394.5,""size"":0.001535,""num_orders"":1}]","[{""price"":63401.04,""size"":0.3557861,""num_orders"":4},{""price"":63401.54,""size"":0.15394822,""num_orders"":1},{""price"":63401.55,""size"":0.0946253,""num_orders"":1},{""price"":63401.79,""size"":0.12617941,""num_orders"":1},{""price"":63402.31,""size"":0.0315446,""num_orders"":2},{""price"":63402.63,""size"":0.00552041,""num_orders"":1},{""price"":63404.28,""size"":0.06061087,""num_orders"":1},{""price"":63404.29,""size"":0.0946253,""num_orders"":1},{""price"":63404.77,""size"":0.00690051,""num_orders"":1},{""price"":63406.5,""size"":0.001535,""num_orders"":1}]"
btc_usd_d10_20260813T022746Z,3,2026-08-13T02:30:46.102028Z,2026-08-13T02:30:46.102162Z,BTC-USD,10,ok,,134123726108,2026-08-13T02:30:44.335756425Z,0.41198069,3.80446214,-0.804583765695,63356.400000000001,63356.410000000003,63356.404999999999,0.010000000002,0.001578372384,"[{""price"":63356.4,""size"":0.38041549,""num_orders"":7},{""price"":63356.39,""size"":8.762e-05,""num_orders"":1},{""price"":63356.13,""size"":8.789e-05,""num_orders"":1},{""price"":63355.13,""size"":0.01578404,""num_orders"":1},{""price"":63354.81,""size"":0.0055243,""num_orders"":1},{""price"":63354.75,""size"":8.798e-05,""num_orders"":1},{""price"":63352.8,""size"":1.8e-05,""num_orders"":1},{""price"":63352.67,""size"":0.00690537,""num_orders"":1},{""price"":63352.5,""size"":0.001535,""num_orders"":1},{""price"":63351.0,""size"":0.001535,""num_orders"":1}]","[{""price"":63356.41,""size"":1.30401934,""num_orders"":11},{""price"":63356.42,""size"":0.03,""num_orders"":1},{""price"":63356.43,""size"":0.66476561,""num_orders"":2},{""price"":63356.44,""size"":0.03,""num_orders"":1},{""price"":63356.47,""size"":0.12626967,""num_orders"":1},{""price"":63357.68,""size"":0.01578341,""num_orders"":1},{""price"":63358.0,""size"":0.0055243,""num_orders"":1},{""price"":63358.5,""size"":1.0,""num_orders"":1},{""price"":63359.78,""size"":0.0946253,""num_orders"":1},{""price"":63360.0,""size"":0.53347451,""num_orders"":3}]"
btc_usd_d10_20260813T022746Z,4,2026-08-13T02:31:46.102028Z,2026-08-13T02:31:46.102172Z,BTC-USD,10,ok,,134123761647,2026-08-13T02:31:44.134346898Z,0.75925226,1.29190516,-0.25968406657,63331.220000000001,63331.230000000003,63331.225000000006,0.010000000002,0.001578999933,"[{""price"":63331.22,""size"":0.1505487,""num_orders"":6},{""price"":63331.21,""size"":0.00030095,""num_orders"":1},{""price"":63327.6,""size"":1.77e-05,""num_orders"":1},{""price"":63326.89,""size"":0.12235671,""num_orders"":1},{""price"":63326.88,""size"":0.12632865,""num_orders"":1},{""price"":63325.79,""size"":0.07860597,""num_orders"":1},{""price"":63324.0,""size"":1.8e-05,""num_orders"":1},{""price"":63323.79,""size"":0.17856684,""num_orders"":1},{""price"":63323.78,""size"":0.0946253,""num_orders"":1},{""price"":63321.82,""size"":0.00788344,""num_orders"":1}]","[{""price"":63331.23,""size"":0.00990389,""num_orders"":1},{""price"":63331.92,""size"":0.04,""num_orders"":1},{""price"":63331.93,""size"":0.1892506,""num_orders"":1},{""price"":63331.94,""size"":0.26053938,""num_orders"":2},{""price"":63332.37,""size"":0.31575723,""num_orders"":1},{""price"":63332.82,""size"":0.00552649,""num_orders"":1},{""price"":63332.89,""size"":0.12631668,""num_orders"":1},{""price"":63333.86,""size"":0.00566823,""num_orders"":1},{""price"":63334.11,""size"":0.33203454,""num_orders"":1},{""price"":63334.95,""size"":0.00690812,""num_orders"":1}]"
btc_usd_d10_20260813T022746Z,5,2026-08-13T02:32:46.102028Z,2026-08-13T02:32:46.102158Z,BTC-USD,10,ok,,134123795646,2026-08-13T02:32:44.603905660Z,0.73335283,2.74578021,-0.57842783155,63322.389999999999,63322.400000000001,63322.395000000004,0.010000000002,0.001579220117,"[{""price"":63322.39,""size"":0.14438093,""num_orders"":6},{""price"":63321.21,""size"":7.217e-05,""num_orders"":1},{""price"":63321.12,""size"":0.03158504,""num_orders"":2},{""price"":63317.83,""size"":0.01263094,""num_orders"":1},{""price"":63316.8,""size"":1.8e-05,""num_orders"":1},{""price"":63316.41,""size"":0.12235845,""num_orders"":1},{""price"":63316.4,""size"":0.12634956,""num_orders"":1},{""price"":63316.06,""size"":0.07860597,""num_orders"":1},{""price"":63313.81,""size"":0.12272647,""num_orders"":1},{""price"":63313.8,""size"":0.0946253,""num_orders"":1}]","[{""price"":63322.4,""size"":1.92943928,""num_orders"":9},{""price"":63322.42,""size"":0.30832602,""num_orders"":1},{""price"":63322.43,""size"":0.1892506,""num_orders"":1},{""price"":63322.45,""size"":0.1715,""num_orders"":1},{""price"":63323.67,""size"":0.03158376,""num_orders"":2},{""price"":63323.99,""size"":0.00552727,""num_orders"":1},{""price"":63324.01,""size"":0.00026765,""num_orders"":1},{""price"":63324.58,""size"":0.00789533,""num_orders"":1},{""price"":63325.5,""size"":0.0961603,""num_orders"":2},{""price"":63325.65,""size"":0.00583,""num_orders"":1}]"
btc_usd_d10_20260813T022746Z,6,2026-08-13T02:33:46.102028Z,2026-08-13T02:33:46.102202Z,BTC-USD,10,ok,,134123831832,2026-08-13T02:33:43.836743569Z,0.95617074,1.76425931,-0.297044421341,63329.230000000003,63329.239999999998,63329.235000000001,0.009999999995,0.001579049549,"[{""price"":63329.23,""size"":0.49116477,""num_orders"":5},{""price"":63329.22,""size"":0.03,""num_orders"":1},{""price"":63329.21,""size"":0.11051584,""num_orders"":1},{""price"":63329.2,""size"":0.03,""num_orders"":1},{""price"":63328.96,""size"":0.12632449,""num_orders"":1},{""price"":63327.96,""size"":0.03168564,""num_orders"":3},{""price"":63327.64,""size"":0.00552667,""num_orders"":1},{""price"":63325.91,""size"":0.01263575,""num_orders"":1},{""price"":63325.51,""size"":0.00690834,""num_orders"":1},{""price"":63321.37,""size"":0.11140924,""num_orders"":1}]","[{""price"":63329.24,""size"":0.07948162,""num_orders"":1},{""price"":63329.29,""size"":0.1892506,""num_orders"":1},{""price"":63329.33,""size"":0.01998412,""num_orders"":2},{""price"":63330.51,""size"":0.03158036,""num_orders"":2},{""price"":63331.2,""size"":1.8e-05,""num_orders"":1},{""price"":63332.36,""size"":0.0946253,""num_orders"":1},{""price"":63332.7,""size"":0.00789566,""num_orders"":1},{""price"":63333.74,""size"":0.31582624,""num_orders"":1},{""price"":63334.36,""size"":0.93097211,""num_orders"":1},{""price"":63334.37,""size"":0.0946253,""num_orders"":1}]"
btc_usd_d10_20260813T022746Z,7,2026-08-13T02:34:46.102028Z,2026-08-13T02:34:46.102195Z,BTC-USD,10,ok,,134123866692,2026-08-13T02:34:45.628946953Z,0.30507991,1.12027487,-0.57192424752,63351.230000000003,63351.599999999999,63351.415000000001,0.369999999995,0.058404378181,"[{""price"":63351.23,""size"":0.21134879,""num_orders"":3},{""price"":63351.22,""size"":0.01469993,""num_orders"":1},{""price"":63351.2,""size"":0.02214599,""num_orders"":1},{""price"":63349.83,""size"":0.03157072,""num_orders"":2},{""price"":63349.35,""size"":0.00552474,""num_orders"":1},{""price"":63349.21,""size"":9e-08,""num_orders"":1},{""price"":63349.19,""size"":0.00023266,""num_orders"":1},{""price"":63346.75,""size"":0.00690602,""num_orders"":1},{""price"":63346.73,""size"":0.01263297,""num_orders"":1},{""price"":63345.6,""size"":1.8e-05,""num_orders"":1}]","[{""price"":63351.6,""size"":0.00552473,""num_orders"":1},{""price"":63351.74,""size"":0.00014468,""num_orders"":1},{""price"":63352.87,""size"":0.0315692,""num_orders"":2},{""price"":63353.33,""size"":0.00552476,""num_orders"":1},{""price"":63353.64,""size"":0.00789231,""num_orders"":1},{""price"":63354.6,""size"":0.19000567,""num_orders"":1},{""price"":63354.72,""size"":0.33729036,""num_orders"":1},{""price"":63354.73,""size"":0.44758211,""num_orders"":2},{""price"":63354.82,""size"":0.0946253,""num_orders"":1},{""price"":63354.89,""size"":0.00011575,""num_orders"":1}]"
btc_usd_d10_20260813T022746Z,8,2026-08-13T02:35:46.102028Z,2026-08-13T02:35:46.102175Z,BTC-USD,10,ok,,134123885564,2026-08-13T02:35:44.534330373Z,0.38876866,0.63601771,-0.241268870506,63351.980000000003,63351.989999999998,63351.985000000001,0.009999999995,0.001578482504,"[{""price"":63351.98,""size"":0.096466,""num_orders"":3},{""price"":63351.89,""size"":0.02567746,""num_orders"":1},{""price"":63351.86,""size"":0.00446167,""num_orders"":3},{""price"":63351.0,""size"":0.00101987,""num_orders"":1},{""price"":63350.97,""size"":0.09753526,""num_orders"":1},{""price"":63350.96,""size"":0.12628062,""num_orders"":1},{""price"":63350.59,""size"":0.03157034,""num_orders"":2},{""price"":63350.27,""size"":0.00552469,""num_orders"":1},{""price"":63349.21,""size"":9e-08,""num_orders"":1},{""price"":63349.19,""size"":0.00023266,""num_orders"":1}]","[{""price"":63351.99,""size"":0.00552469,""num_orders"":1},{""price"":63352.77,""size"":0.00118386,""num_orders"":1},{""price"":63353.28,""size"":0.031569,""num_orders"":2},{""price"":63353.59,""size"":0.00552469,""num_orders"":1},{""price"":63353.64,""size"":0.00789231,""num_orders"":1},{""price"":63354.71,""size"":0.0946253,""num_orders"":1},{""price"":63354.72,""size"":0.1892506,""num_orders"":1},{""price"":63354.73,""size"":0.25833151,""num_orders"":1},{""price"":63354.84,""size"":0.042,""num_orders"":1},{""price"":63354.89,""size"":0.00011575,""num_orders"":1}]"
btc_usd_d10_20260813T022746Z,9,2026-08-13T02:36:46.102028Z,2026-08-13T02:36:46.102202Z,BTC-USD,10,ok,,134123921838,2026-08-13T02:36:45.609656328Z,1.05588352,0.54415834,0.319819870213,63359.809999999998,63359.82,63359.815000000002,0.010000000002,0.001578287437,"[{""price"":63359.81,""size"":0.59226197,""num_orders"":7},{""price"":63359.76,""size"":0.10184184,""num_orders"":1},{""price"":63359.75,""size"":0.12626312,""num_orders"":1},{""price"":63358.54,""size"":0.03156638,""num_orders"":2},{""price"":63358.22,""size"":0.005524,""num_orders"":1},{""price"":63356.4,""size"":0.00028442,""num_orders"":1},{""price"":63356.08,""size"":0.006905,""num_orders"":1},{""price"":63355.26,""size"":0.0126269,""num_orders"":1},{""price"":63354.36,""size"":0.08398459,""num_orders"":2},{""price"":63354.35,""size"":0.0946253,""num_orders"":1}]","[{""price"":63359.82,""size"":7.28e-05,""num_orders"":2},{""price"":63360.88,""size"":0.00118371,""num_orders"":1},{""price"":63362.45,""size"":0.0946253,""num_orders"":1},{""price"":63363.62,""size"":0.00157819,""num_orders"":1},{""price"":63363.88,""size"":0.00399108,""num_orders"":1},{""price"":63364.47,""size"":0.0946253,""num_orders"":1},{""price"":63364.48,""size"":0.1892506,""num_orders"":1},{""price"":63364.76,""size"":0.0126269,""num_orders"":1},{""price"":63365.61,""size"":0.12625146,""num_orders"":1},{""price"":63365.68,""size"":0.019953,""num_orders"":1}]"
btc_usd_d10_20260813T022746Z,10,2026-08-13T02:37:46.102028Z,2026-08-13T02:37:46.102191Z,BTC-USD,10,ok,,134123952956,2026-08-13T02:37:43.534744478Z,0.89310008,0.92192885,-0.015883366663,63352.489999999998,63352.5,63352.494999999995,0.010000000002,0.001578469799,"[{""price"":63352.49,""size"":0.30004145,""num_orders"":6},{""price"":63351.73,""size"":0.08622439,""num_orders"":1},{""price"":63351.72,""size"":0.12627912,""num_orders"":1},{""price"":63350.9,""size"":0.00552464,""num_orders"":1},{""price"":63348.77,""size"":0.0069058,""num_orders"":1},{""price"":63348.55,""size"":0.01272092,""num_orders"":2},{""price"":63348.31,""size"":0.0183805,""num_orders"":2},{""price"":63348.06,""size"":0.0946253,""num_orders"":1},{""price"":63347.35,""size"":0.14566088,""num_orders"":1},{""price"":63347.34,""size"":0.09673708,""num_orders"":1}]","[{""price"":63352.5,""size"":0.00018149,""num_orders"":2},{""price"":63352.8,""size"":1.8e-05,""num_orders"":1},{""price"":63355.0,""size"":0.01,""num_orders"":1},{""price"":63356.08,""size"":0.31571402,""num_orders"":1},{""price"":63356.4,""size"":1.8e-05,""num_orders"":1},{""price"":63356.64,""size"":0.0946253,""num_orders"":1},{""price"":63358.04,""size"":0.0126257,""num_orders"":1},{""price"":63358.73,""size"":0.0946253,""num_orders"":1},{""price"":63359.07,""size"":0.26785657,""num_orders"":2},{""price"":63359.08,""size"":0.12626447,""num_orders"":1}]"
btc_usd_d10_20260813T022746Z,11,2026-08-13T02:38:46.102028Z,2026-08-13T02:38:46.102157Z,BTC-USD,10,ok,,134123982386,2026-08-13T02:38:44.573167169Z,0.38220929,1.51284769,-0.596625015465,63347.629999999997,63347.639999999999,63347.634999999995,0.010000000002,0.001578590898,"[{""price"":63347.63,""size"":0.16509965,""num_orders"":5},{""price"":63347.6,""size"":9.8e-07,""num_orders"":1},{""price"":63346.67,""size"":0.03244851,""num_orders"":2},{""price"":63346.36,""size"":0.03157246,""num_orders"":2},{""price"":63346.04,""size"":0.00552506,""num_orders"":1},{""price"":63345.6,""size"":1.8e-05,""num_orders"":1},{""price"":63345.09,""size"":0.01434539,""num_orders"":1},{""price"":63344.84,""size"":0.12629283,""num_orders"":1},{""price"":63343.92,""size"":8e-08,""num_orders"":1},{""price"":63343.91,""size"":0.00690633,""num_orders"":1}]","[{""price"":63347.64,""size"":0.00613114,""num_orders"":3},{""price"":63348.91,""size"":0.03157118,""num_orders"":2},{""price"":63349.15,""size"":0.24827621,""num_orders"":1},{""price"":63349.16,""size"":0.0946253,""num_orders"":1},{""price"":63349.17,""size"":0.31572269,""num_orders"":1},{""price"":63349.23,""size"":0.00552506,""num_orders"":1},{""price"":63349.46,""size"":0.12628365,""num_orders"":1},{""price"":63350.12,""size"":0.36208344,""num_orders"":1},{""price"":63350.13,""size"":0.31572269,""num_orders"":1},{""price"":63351.36,""size"":0.00690633,""num_orders"":1}]"
btc_usd_d10_20260813T022746Z,12,2026-08-13T02:39:46.102028Z,2026-08-13T02:39:46.102154Z,BTC-USD,10,ok,,134124009484,2026-08-13T02:39:43.631280355Z,1.03931569,0.4413378,0.403860791224,63366.379999999997,63366.389999999999,63366.384999999995,0.010000000002,0.001578123796,"[{""price"":63366.38,""size"":0.54629526,""num_orders"":6},{""price"":63365.92,""size"":0.08279109,""num_orders"":1},{""price"":63365.91,""size"":0.12625083,""num_orders"":1},{""price"":63364.79,""size"":0.00552343,""num_orders"":1},{""price"":63362.86,""size"":0.01262936,""num_orders"":1},{""price"":63362.65,""size"":0.00690429,""num_orders"":1},{""price"":63361.17,""size"":0.10416451,""num_orders"":2},{""price"":63360.19,""size"":0.0946253,""num_orders"":1},{""price"":63359.99,""size"":0.00013162,""num_orders"":1},{""price"":63359.08,""size"":0.06,""num_orders"":2}]","[{""price"":63366.39,""size"":0.00012125,""num_orders"":1},{""price"":63366.71,""size"":0.0946253,""num_orders"":1},{""price"":63367.2,""size"":1.8e-05,""num_orders"":1},{""price"":63368.83,""size"":0.0946253,""num_orders"":1},{""price"":63370.0,""size"":0.01,""num_orders"":1},{""price"":63370.19,""size"":0.00157803,""num_orders"":1},{""price"":63370.8,""size"":1.8e-05,""num_orders"":1},{""price"":63370.87,""size"":0.0946253,""num_orders"":1},{""price"":63371.65,""size"":0.019488,""num_orders"":1},{""price"":63372.05,""size"":0.12623862,""num_orders"":1}]"
btc_usd_d10_20260813T022746Z,13,2026-08-13T02:40:46.102028Z,2026-08-13T02:40:46.102197Z,BTC-USD,10,ok,,134124036789,2026-08-13T02:40:45.085560095Z,0.26416352,2.09795558,-0.776333445676,63350.459999999999,63350.470000000001,63350.464999999997,0.010000000002,0.001578520379,"[{""price"":63350.46,""size"":0.00552482,""num_orders"":1},{""price"":63349.19,""size"":0.03165074,""num_orders"":3},{""price"":63348.87,""size"":0.00552482,""num_orders"":1},{""price"":63346.74,""size"":0.00690602,""num_orders"":1},{""price"":63346.03,""size"":0.00266315,""num_orders"":1},{""price"":63345.9,""size"":0.07921146,""num_orders"":1},{""price"":63345.89,""size"":0.12629074,""num_orders"":1},{""price"":63345.58,""size"":0.00481704,""num_orders"":3},{""price"":63343.99,""size"":0.00157465,""num_orders"":1},{""price"":63343.92,""size"":8e-08,""num_orders"":1}]","[{""price"":63350.47,""size"":0.25859497,""num_orders"":3},{""price"":63351.74,""size"":0.03156978,""num_orders"":2},{""price"":63352.16,""size"":0.46378947,""num_orders"":3},{""price"":63352.17,""size"":0.020077,""num_orders"":1},{""price"":63352.2,""size"":0.01263049,""num_orders"":1},{""price"":63352.38,""size"":0.0946253,""num_orders"":1},{""price"":63352.42,""size"":0.31573351,""num_orders"":1},{""price"":63352.49,""size"":0.89769805,""num_orders"":1},{""price"":63352.8,""size"":1.8e-05,""num_orders"":1},{""price"":63352.81,""size"":0.00321901,""num_orders"":1}]"
btc_usd_d10_20260813T022746Z,14,2026-08-13T02:41:46.102028Z,2026-08-13T02:41:46.102193Z,BTC-USD,10,ok,,134124062977,2026-08-13T02:41:44.797536435Z,0.25975502,0.45598088,-0.274159588753,63368.139999999999,63368.150000000001,63368.145000000004,0.010000000002,0.001578079965,"[{""price"":63368.14,""size"":0.04040648,""num_orders"":5},{""price"":63368.13,""size"":0.04292343,""num_orders"":1},{""price"":63368.12,""size"":0.03,""num_orders"":1},{""price"":63367.19,""size"":9.074e-05,""num_orders"":1},{""price"":63366.96,""size"":7.527e-05,""num_orders"":1},{""price"":63366.87,""size"":0.03156224,""num_orders"":2},{""price"":63366.55,""size"":0.00552327,""num_orders"":1},{""price"":63365.05,""size"":0.02839187,""num_orders"":1},{""price"":63364.44,""size"":0.06815264,""num_orders"":1},{""price"":63364.42,""size"":0.01262908,""num_orders"":1}]","[{""price"":63368.15,""size"":0.05023152,""num_orders"":2},{""price"":63368.67,""size"":0.01874006,""num_orders"":1},{""price"":63369.56,""size"":0.0315609,""num_orders"":2},{""price"":63369.94,""size"":0.0946253,""num_orders"":1},{""price"":63369.95,""size"":0.1262428,""num_orders"":1},{""price"":63370.0,""size"":0.01,""num_orders"":1},{""price"":63370.8,""size"":1.8e-05,""num_orders"":1},{""price"":63371.95,""size"":0.00157799,""num_orders"":1},{""price"":63372.0,""size"":0.001535,""num_orders"":1},{""price"":63372.15,""size"":0.12144931,""num_orders"":1}]"
btc_usd_d10_20260813T022746Z,15,2026-08-13T02:42:46.102028Z,2026-08-13T02:42:46.102167Z,BTC-USD,10,ok,,134124094768,2026-08-13T02:42:45.546440254Z,0.54016772,5.29794948,-0.814951395631,63392.43,63392.440000000002,63392.434999999998,0.010000000002,0.001577475294,"[{""price"":63392.43,""size"":0.00552082,""num_orders"":1},{""price"":63390.97,""size"":0.00304293,""num_orders"":1},{""price"":63390.84,""size"":0.00552116,""num_orders"":1},{""price"":63389.36,""size"":0.08024657,""num_orders"":2},{""price"":63389.35,""size"":0.12620414,""num_orders"":1},{""price"":63388.7,""size"":0.00690145,""num_orders"":1},{""price"":63387.15,""size"":0.01262101,""num_orders"":1},{""price"":63387.05,""size"":0.20537183,""num_orders"":1},{""price"":63387.04,""size"":0.0946253,""num_orders"":1},{""price"":63386.17,""size"":0.00011251,""num_orders"":1}]","[{""price"":63392.44,""size"":0.21122136,""num_orders"":3},{""price"":63394.41,""size"":0.1261941,""num_orders"":1},{""price"":63394.99,""size"":1.356423,""num_orders"":2},{""price"":63395.0,""size"":2.09509448,""num_orders"":2},{""price"":63395.93,""size"":0.00583,""num_orders"":1},{""price"":63396.0,""size"":1.8e-05,""num_orders"":1},{""price"":63396.65,""size"":0.01262101,""num_orders"":1},{""price"":63397.06,""size"":0.1892506,""num_orders"":1},{""price"":63397.07,""size"":1.07528342,""num_orders"":1},{""price"":63397.08,""size"":0.22601351,""num_orders"":1}]"
btc_usd_d10_20260813T022746Z,16,2026-08-13T02:43:46.102028Z,2026-08-13T02:43:46.102176Z,BTC-USD,10,ok,,134124122059,2026-08-13T02:43:44.035538240Z,0.52005338,0.73203375,-0.169301612421,63411.5,63411.510000000002,63411.505000000005,0.010000000002,0.001577000893,"[{""price"":63411.5,""size"":0.00902147,""num_orders"":3},{""price"":63410.24,""size"":0.02212492,""num_orders"":1},{""price"":63410.23,""size"":0.03154066,""num_orders"":2},{""price"":63409.91,""size"":0.0055195,""num_orders"":1},{""price"":63409.35,""size"":0.01261534,""num_orders"":1},{""price"":63409.1,""size"":0.08035574,""num_orders"":1},{""price"":63409.09,""size"":0.12616486,""num_orders"":1},{""price"":63407.77,""size"":0.00689937,""num_orders"":1},{""price"":63406.5,""size"":0.001535,""num_orders"":1},{""price"":63405.63,""size"":0.22427652,""num_orders"":2}]","[{""price"":63411.51,""size"":0.24505221,""num_orders"":4},{""price"":63411.89,""size"":0.020353,""num_orders"":1},{""price"":63412.78,""size"":0.03153938,""num_orders"":2},{""price"":63413.1,""size"":0.0055195,""num_orders"":1},{""price"":63413.52,""size"":0.19712098,""num_orders"":1},{""price"":63413.53,""size"":0.0946253,""num_orders"":1},{""price"":63413.69,""size"":0.00011574,""num_orders"":1},{""price"":63414.0,""size"":0.001553,""num_orders"":2},{""price"":63414.24,""size"":0.12615464,""num_orders"":1},{""price"":63415.0,""size"":0.01,""num_orders"":1}]"
btc_usd_d10_20260813T022746Z,17,2026-08-13T02:44:46.102028Z,2026-08-13T02:44:46.102178Z,BTC-USD,10,ok,,134124148946,2026-08-13T02:44:44.680443387Z,0.85470113,0.08305408,0.822866182743,63424.43,63424.440000000002,63424.434999999998,0.010000000002,0.001576679398,"[{""price"":63424.43,""size"":0.47070079,""num_orders"":7},{""price"":63424.39,""size"":0.00118253,""num_orders"":1},{""price"":63424.38,""size"":0.09459471,""num_orders"":2},{""price"":63424.29,""size"":0.12613462,""num_orders"":1},{""price"":63423.16,""size"":0.03153422,""num_orders"":2},{""price"":63422.84,""size"":0.00551837,""num_orders"":1},{""price"":63421.5,""size"":0.001535,""num_orders"":1},{""price"":63421.41,""size"":0.11506792,""num_orders"":1},{""price"":63420.7,""size"":0.00689797,""num_orders"":1},{""price"":63420.0,""size"":0.001535,""num_orders"":1}]","[{""price"":63424.44,""size"":0.0244222,""num_orders"":3},{""price"":63424.8,""size"":1.8e-05,""num_orders"":1},{""price"":63425.6,""size"":0.01,""num_orders"":1},{""price"":63425.71,""size"":0.03153296,""num_orders"":2},{""price"":63426.03,""size"":0.00551837,""num_orders"":1},{""price"":63427.5,""size"":0.001535,""num_orders"":1},{""price"":63428.17,""size"":0.00689797,""num_orders"":1},{""price"":63428.25,""size"":0.00157658,""num_orders"":1},{""price"":63428.4,""size"":1.8e-05,""num_orders"":1},{""price"":63429.0,""size"":0.001535,""num_orders"":1}]"
btc_usd_d10_20260813T022746Z,18,2026-08-13T02:45:46.102028Z,2026-08-13T02:45:46.102189Z,BTC-USD,10,ok,,134124185370,2026-08-13T02:45:44.046942175Z,0.82872375,1.06410281,-0.124353210682,63426.400000000001,63426.410000000003,63426.404999999999,0.010000000002,0.001576630427,"[{""price"":63426.4,""size"":0.0396,""num_orders"":1},{""price"":63425.42,""size"":0.00015009,""num_orders"":1},{""price"":63425.2,""size"":0.0946253,""num_orders"":1},{""price"":63425.19,""size"":0.1229991,""num_orders"":1},{""price"":63425.18,""size"":0.07987362,""num_orders"":1},{""price"":63424.8,""size"":1.8e-05,""num_orders"":1},{""price"":63423.08,""size"":0.12613702,""num_orders"":1},{""price"":63422.28,""size"":0.08144472,""num_orders"":1},{""price"":63421.94,""size"":0.0946253,""num_orders"":1},{""price"":63421.93,""size"":0.1892506,""num_orders"":1}]","[{""price"":63426.41,""size"":0.02315662,""num_orders"":2},{""price"":63427.03,""size"":0.31529017,""num_orders"":1},{""price"":63427.99,""size"":0.31529017,""num_orders"":1},{""price"":63428.0,""size"":0.0055182,""num_orders"":1},{""price"":63428.99,""size"":0.0682765,""num_orders"":1},{""price"":63429.01,""size"":0.00023149,""num_orders"":1},{""price"":63430.02,""size"":0.12612325,""num_orders"":1},{""price"":63430.14,""size"":0.00689775,""num_orders"":1},{""price"":63431.77,""size"":0.2017436,""num_orders"":2},{""price"":63432.74,""size"":0.00157506,""num_orders"":1}]"
btc_usd_d10_20260813T022746Z,19,2026-08-13T02:46:46.102028Z,2026-08-13T02:46:46.102126Z,BTC-USD,10,ok,,134124212674,2026-08-13T02:46:44.149195791Z,0.48804384,1.20032978,-0.421876965834,63403.199999999997,63403.209999999999,63403.205000000002,0.010000000002,0.001577207336,"[{""price"":63403.2,""size"":0.01989083,""num_orders"":7},{""price"":63401.93,""size"":0.03154478,""num_orders"":2},{""price"":63401.61,""size"":0.00552022,""num_orders"":1},{""price"":63400.0,""size"":0.00015,""num_orders"":1},{""price"":63399.6,""size"":1.8e-05,""num_orders"":1},{""price"":63399.47,""size"":0.00690028,""num_orders"":1},{""price"":63399.41,""size"":0.1246022,""num_orders"":2},{""price"":63398.47,""size"":0.0946253,""num_orders"":1},{""price"":63398.34,""size"":0.12618626,""num_orders"":1},{""price"":63396.52,""size"":0.07860597,""num_orders"":1}]","[{""price"":63403.21,""size"":0.07994291,""num_orders"":3},{""price"":63403.79,""size"":0.01261469,""num_orders"":1},{""price"":63404.2,""size"":0.12617462,""num_orders"":1},{""price"":63404.27,""size"":0.00398061,""num_orders"":1},{""price"":63404.48,""size"":0.03154352,""num_orders"":2},{""price"":63404.8,""size"":0.00552022,""num_orders"":1},{""price"":63404.97,""size"":0.43533618,""num_orders"":2},{""price"":63404.98,""size"":0.00052086,""num_orders"":1},{""price"":63405.13,""size"":0.1892506,""num_orders"":1},{""price"":63405.14,""size"":0.31544557,""num_orders"":1}]"
btc_usd_d10_20260813T022746Z,20,2026-08-13T02:47:46.102028Z,2026-08-13T02:47:46.102153Z,BTC-USD,10,ok,,134124249048,2026-08-13T02:47:45.686823051Z,0.3757331,1.01286287,-0.458830202424,63453.589999999997,63453.599999999999,63453.595000000001,0.010000000002,0.001575954838,"[{""price"":63453.59,""size"":0.00551584,""num_orders"":1},{""price"":63453.58,""size"":0.02999909,""num_orders"":1},{""price"":63453.56,""size"":0.03,""num_orders"":1},{""price"":63452.32,""size"":0.03151974,""num_orders"":2},{""price"":63452.0,""size"":0.00551584,""num_orders"":1},{""price"":63449.87,""size"":0.03849886,""num_orders"":2},{""price"":63449.86,""size"":0.0068948,""num_orders"":1},{""price"":63449.51,""size"":0.00118196,""num_orders"":1},{""price"":63448.02,""size"":0.06,""num_orders"":2},{""price"":63447.27,""size"":0.16660697,""num_orders"":1}]","[{""price"":63453.6,""size"":0.171518,""num_orders"":2},{""price"":63454.56,""size"":0.01261059,""num_orders"":1},{""price"":63455.0,""size"":0.01,""num_orders"":1},{""price"":63456.14,""size"":0.04,""num_orders"":1},{""price"":63456.15,""size"":0.17041471,""num_orders"":1},{""price"":63456.16,""size"":0.1892506,""num_orders"":1},{""price"":63456.18,""size"":0.0946253,""num_orders"":1},{""price"":63456.81,""size"":0.00157588,""num_orders"":1},{""price"":63457.13,""size"":0.19679844,""num_orders"":1},{""price"":63457.14,""size"":0.12606935,""num_orders"":1}]"
btc_usd_d10_20260813T022746Z,21,2026-08-13T02:48:46.102028Z,2026-08-13T02:48:46.102166Z,BTC-USD,10,ok,,134124282916,2026-08-13T02:48:45.622774057Z,1.52608677,1.0000931,0.208217030088,63454.879999999997,63454.889999999999,63454.884999999995,0.010000000002,0.0015759228,"[{""price"":63454.88,""size"":0.96290368,""num_orders"":6},{""price"":63454.56,""size"":0.13382208,""num_orders"":1},{""price"":63453.61,""size"":0.03151908,""num_orders"":2},{""price"":63453.29,""size"":0.00722801,""num_orders"":2},{""price"":63452.59,""size"":0.0946253,""num_orders"":1},{""price"":63452.58,""size"":0.1260784,""num_orders"":1},{""price"":63451.7,""size"":0.00551586,""num_orders"":1},{""price"":63450.52,""size"":0.01260886,""num_orders"":1},{""price"":63450.51,""size"":0.0571602,""num_orders"":1},{""price"":63450.49,""size"":0.0946253,""num_orders"":1}]","[{""price"":63454.89,""size"":0.00551586,""num_orders"":1},{""price"":63456.16,""size"":0.03151782,""num_orders"":2},{""price"":63457.11,""size"":0.00157587,""num_orders"":1},{""price"":63457.46,""size"":0.00689478,""num_orders"":1},{""price"":63458.6,""size"":0.00118197,""num_orders"":1},{""price"":63459.06,""size"":0.12606553,""num_orders"":1},{""price"":63459.09,""size"":0.00031829,""num_orders"":1},{""price"":63460.03,""size"":0.01260886,""num_orders"":1},{""price"":63460.4,""size"":0.0946253,""num_orders"":1},{""price"":63460.41,""size"":0.71978882,""num_orders"":3}]"
btc_usd_d10_20260813T022746Z,22,2026-08-13T02:49:46.102028Z,2026-08-13T02:49:46.102161Z,BTC-USD,10,ok,,134124311937,2026-08-13T02:49:44.544927950Z,1.06598078,2.63392726,-0.423779851566,63456.989999999998,63457,63456.994999999995,0.010000000002,0.001575870399,"[{""price"":63456.99,""size"":0.30747789,""num_orders"":4},{""price"":63456.43,""size"":0.0946253,""num_orders"":1},{""price"":63456.42,""size"":0.1869233,""num_orders"":1},{""price"":63456.41,""size"":0.12607078,""num_orders"":1},{""price"":63456.2,""size"":0.15,""num_orders"":1},{""price"":63455.72,""size"":0.03151804,""num_orders"":2},{""price"":63455.4,""size"":0.00551554,""num_orders"":1},{""price"":63453.92,""size"":0.06,""num_orders"":2},{""price"":63453.56,""size"":0.09124267,""num_orders"":1},{""price"":63453.55,""size"":0.01260726,""num_orders"":1}]","[{""price"":63457.0,""size"":2.17264776,""num_orders"":2},{""price"":63458.27,""size"":0.03151678,""num_orders"":2},{""price"":63459.82,""size"":0.3151675,""num_orders"":1},{""price"":63460.5,""size"":0.001535,""num_orders"":1},{""price"":63461.29,""size"":0.00157576,""num_orders"":1},{""price"":63462.0,""size"":0.001535,""num_orders"":1},{""price"":63463.06,""size"":0.01260726,""num_orders"":1},{""price"":63463.32,""size"":0.0011819,""num_orders"":1},{""price"":63463.5,""size"":0.001535,""num_orders"":1},{""price"":63463.55,""size"":0.0946253,""num_orders"":1}]"
btc_usd_d10_20260813T022746Z,23,2026-08-13T02:50:46.102028Z,2026-08-13T02:50:46.102157Z,BTC-USD,10,ok,,134124340589,2026-08-13T02:50:45.648526190Z,0.66602651,0.86219623,-0.128364612609,63480.949999999997,63481.769999999997,63481.360000000001,0.82,0.129171775778,"[{""price"":63480.95,""size"":0.0475,""num_orders"":1},{""price"":63478.8,""size"":0.0055136,""num_orders"":1},{""price"":63478.68,""size"":0.10230544,""num_orders"":2},{""price"":63478.67,""size"":0.00235642,""num_orders"":1},{""price"":63477.76,""size"":0.12602838,""num_orders"":1},{""price"":63477.2,""size"":0.00551365,""num_orders"":1},{""price"":63475.36,""size"":0.0946253,""num_orders"":1},{""price"":63475.35,""size"":0.14357775,""num_orders"":1},{""price"":63475.34,""size"":0.07860597,""num_orders"":1},{""price"":63475.32,""size"":0.06,""num_orders"":2}]","[{""price"":63481.77,""size"":0.0946253,""num_orders"":1},{""price"":63482.4,""size"":1.8e-05,""num_orders"":1},{""price"":63483.22,""size"":0.020482,""num_orders"":1},{""price"":63483.69,""size"":0.31455523,""num_orders"":2},{""price"":63483.7,""size"":0.0946253,""num_orders"":1},{""price"":63483.72,""size"":0.1892506,""num_orders"":1},{""price"":63484.21,""size"":0.1260156,""num_orders"":1},{""price"":63484.76,""size"":0.0126062,""num_orders"":1},{""price"":63485.0,""size"":0.01,""num_orders"":1},{""price"":63486.0,""size"":1.8e-05,""num_orders"":1}]"
btc_usd_d10_20260813T022746Z,24,2026-08-13T02:51:46.102028Z,2026-08-13T02:51:46.102167Z,BTC-USD,10,ok,,134124368863,2026-08-13T02:51:43.534405357Z,1.48611035,0.03182903,0.958062844381,63479.389999999999,63479.400000000001,63479.395000000004,0.010000000002,0.001575314321,"[{""price"":63479.39,""size"":0.69117388,""num_orders"":3},{""price"":63479.38,""size"":0.00837228,""num_orders"":2},{""price"":63478.79,""size"":0.12602633,""num_orders"":1},{""price"":63478.35,""size"":0.01260329,""num_orders"":1},{""price"":63478.13,""size"":0.07860597,""num_orders"":1},{""price"":63478.12,""size"":0.24843218,""num_orders"":1},{""price"":63478.11,""size"":0.03150692,""num_orders"":2},{""price"":63477.79,""size"":0.0055136,""num_orders"":1},{""price"":63477.26,""size"":0.1892506,""num_orders"":1},{""price"":63476.25,""size"":0.0946253,""num_orders"":1}]","[{""price"":63479.4,""size"":1.21e-06,""num_orders"":6},{""price"":63479.76,""size"":2.6e-07,""num_orders"":2},{""price"":63480.49,""size"":0.00025661,""num_orders"":2},{""price"":63480.9,""size"":5.6e-07,""num_orders"":1},{""price"":63480.97,""size"":2.318e-05,""num_orders"":1},{""price"":63481.83,""size"":2.6e-07,""num_orders"":2},{""price"":63482.0,""size"":0.031505,""num_orders"":2},{""price"":63482.4,""size"":1.854e-05,""num_orders"":2},{""price"":63482.53,""size"":2.315e-05,""num_orders"":1},{""price"":63483.13,""size"":2.6e-07,""num_orders"":2}]"
btc_usd_d10_20260813T022746Z,25,2026-08-13T02:52:46.102028Z,2026-08-13T02:52:46.102190Z,BTC-USD,10,ok,,134124393677,2026-08-13T02:52:43.534551114Z,0.71786604,1.57599546,-0.374098183347,63465.760000000002,63465.769999999997,63465.764999999999,0.009999999995,0.001575652636,"[{""price"":63465.76,""size"":0.00022826,""num_orders"":2},{""price"":63464.4,""size"":0.01533264,""num_orders"":2},{""price"":63464.02,""size"":0.03151392,""num_orders"":2},{""price"":63461.5,""size"":0.01061683,""num_orders"":1},{""price"":63461.49,""size"":0.13809855,""num_orders"":1},{""price"":63461.48,""size"":0.0946253,""num_orders"":1},{""price"":63461.47,""size"":0.12606073,""num_orders"":1},{""price"":63460.8,""size"":1.8e-05,""num_orders"":1},{""price"":63460.03,""size"":0.24137181,""num_orders"":2},{""price"":63460.02,""size"":0.06,""num_orders"":2}]","[{""price"":63465.77,""size"":0.5598319,""num_orders"":6},{""price"":63466.62,""size"":0.12605052,""num_orders"":1},{""price"":63466.98,""size"":0.32803583,""num_orders"":1},{""price"":63467.04,""size"":0.03151242,""num_orders"":2},{""price"":63467.36,""size"":0.00551478,""num_orders"":1},{""price"":63467.74,""size"":0.31512077,""num_orders"":1},{""price"":63468.01,""size"":0.1892506,""num_orders"":1},{""price"":63468.24,""size"":0.01260345,""num_orders"":1},{""price"":63469.31,""size"":0.00118171,""num_orders"":1},{""price"":63469.5,""size"":0.00689348,""num_orders"":1}]"
btc_usd_d10_20260813T022746Z,26,2026-08-13T02:53:46.102028Z,2026-08-13T02:53:46.102171Z,BTC-USD,10,ok,,134124417782,2026-08-13T02:53:43.140341422Z,2.2699549,1.00180106,0.387606488841,63482.519999999997,63482.529999999999,63482.524999999994,0.010000000002,0.00157523665,"[{""price"":63482.52,""size"":1.40494267,""num_orders"":9},{""price"":63482.48,""size"":0.36393152,""num_orders"":1},{""price"":63482.47,""size"":0.12601902,""num_orders"":1},{""price"":63481.53,""size"":0.06,""num_orders"":2},{""price"":63481.25,""size"":0.03150536,""num_orders"":2},{""price"":63481.15,""size"":0.1892506,""num_orders"":1},{""price"":63481.13,""size"":0.07860597,""num_orders"":1},{""price"":63481.12,""size"":0.00018644,""num_orders"":1},{""price"":63481.11,""size"":0.01,""num_orders"":1},{""price"":63480.93,""size"":0.00551332,""num_orders"":1}]","[{""price"":63482.53,""size"":0.9632007,""num_orders"":5},{""price"":63482.54,""size"":1.06e-06,""num_orders"":5},{""price"":63483.8,""size"":0.0315041,""num_orders"":2},{""price"":63483.91,""size"":5.4e-07,""num_orders"":1},{""price"":63483.97,""size"":2.335e-05,""num_orders"":1},{""price"":63484.04,""size"":5.6e-07,""num_orders"":1},{""price"":63484.07,""size"":2.23e-05,""num_orders"":1},{""price"":63484.12,""size"":0.00551332,""num_orders"":1},{""price"":63484.39,""size"":1.3e-07,""num_orders"":1},{""price"":63484.5,""size"":0.001535,""num_orders"":1}]"
btc_usd_d10_20260813T022746Z,27,2026-08-13T02:54:46.102028Z,2026-08-13T02:54:46.102191Z,BTC-USD,10,ok,,134124448857,2026-08-13T02:54:45.535631945Z,0.48117892,0.45694172,0.025835909548,63485.260000000002,63485.699999999997,63485.479999999996,0.439999999995,0.069307186461,"[{""price"":63485.26,""size"":0.06540687,""num_orders"":3},{""price"":63483.99,""size"":0.031504,""num_orders"":2},{""price"":63483.87,""size"":0.00053619,""num_orders"":1},{""price"":63482.16,""size"":0.23574495,""num_orders"":2},{""price"":63482.15,""size"":0.02196261,""num_orders"":2},{""price"":63482.14,""size"":6.9e-07,""num_orders"":1},{""price"":63482.13,""size"":6.9e-07,""num_orders"":1},{""price"":63482.12,""size"":6.9e-07,""num_orders"":1},{""price"":63482.11,""size"":6.9e-07,""num_orders"":1},{""price"":63481.2,""size"":0.12602154,""num_orders"":1}]","[{""price"":63485.7,""size"":0.00551307,""num_orders"":1},{""price"":63485.72,""size"":0.00118137,""num_orders"":1},{""price"":63486.54,""size"":0.1715,""num_orders"":1},{""price"":63486.56,""size"":0.0946253,""num_orders"":1},{""price"":63486.58,""size"":1.3e-07,""num_orders"":1},{""price"":63487.3,""size"":0.00551307,""num_orders"":1},{""price"":63487.98,""size"":0.12600811,""num_orders"":1},{""price"":63488.05,""size"":1.3e-07,""num_orders"":1},{""price"":63488.12,""size"":0.01260054,""num_orders"":1},{""price"":63488.97,""size"":0.04,""num_orders"":1}]"
btc_usd_d10_20260813T022746Z,28,2026-08-13T02:55:46.102028Z,2026-08-13T02:55:46.102157Z,BTC-USD,10,ok,,134124482579,2026-08-13T02:55:44.042000787Z,0.50402177,0.94396668,-0.303831781255,63495.449999999997,63495.459999999999,63495.455000000002,0.010000000002,0.001574915874,"[{""price"":63495.45,""size"":0.00033396,""num_orders"":3},{""price"":63494.43,""size"":0.12599529,""num_orders"":1},{""price"":63493.2,""size"":1.8e-05,""num_orders"":1},{""price"":63492.34,""size"":0.01259909,""num_orders"":1},{""price"":63490.04,""size"":0.13353234,""num_orders"":2},{""price"":63490.03,""size"":0.06,""num_orders"":2},{""price"":63489.6,""size"":1.8e-05,""num_orders"":1},{""price"":63489.1,""size"":0.1715,""num_orders"":1},{""price"":63488.99,""size"":2.44e-05,""num_orders"":2},{""price"":63488.98,""size"":6.9e-07,""num_orders"":1}]","[{""price"":63495.46,""size"":0.01175238,""num_orders"":3},{""price"":63497.05,""size"":0.0055122,""num_orders"":1},{""price"":63499.19,""size"":0.00689025,""num_orders"":1},{""price"":63499.28,""size"":0.0946253,""num_orders"":1},{""price"":63499.29,""size"":0.1892506,""num_orders"":1},{""price"":63499.3,""size"":0.24243921,""num_orders"":1},{""price"":63500.42,""size"":1.3e-07,""num_orders"":1},{""price"":63500.53,""size"":0.31489051,""num_orders"":1},{""price"":63501.41,""size"":0.07860597,""num_orders"":1},{""price"":63501.43,""size"":1.3e-07,""num_orders"":1}]"
btc_usd_d10_20260813T022746Z,29,2026-08-13T02:56:46.102028Z,2026-08-13T02:56:46.102195Z,BTC-USD,10,ok,,134124509848,2026-08-13T02:56:44.579254740Z,0.22344811,1.73116918,-0.771363825396,63506.349999999999,63506.360000000001,63506.354999999996,0.010000000002,0.001574645561,"[{""price"":63506.35,""size"":0.00453657,""num_orders"":3},{""price"":63505.98,""size"":0.00141214,""num_orders"":1},{""price"":63505.28,""size"":7.511e-05,""num_orders"":1},{""price"":63505.07,""size"":0.03149354,""num_orders"":2},{""price"":63504.39,""size"":0.00551123,""num_orders"":1},{""price"":63503.38,""size"":0.12597753,""num_orders"":1},{""price"":63502.5,""size"":0.001535,""num_orders"":1},{""price"":63502.48,""size"":0.00688903,""num_orders"":1},{""price"":63501.0,""size"":0.001535,""num_orders"":1},{""price"":63500.94,""size"":0.04448296,""num_orders"":2}]","[{""price"":63506.36,""size"":0.17057733,""num_orders"":4},{""price"":63507.3,""size"":0.6890966,""num_orders"":2},{""price"":63507.31,""size"":0.31495051,""num_orders"":1},{""price"":63507.6,""size"":1.8e-05,""num_orders"":1},{""price"":63507.7,""size"":0.03149224,""num_orders"":2},{""price"":63507.95,""size"":0.00551125,""num_orders"":1},{""price"":63508.25,""size"":0.07860597,""num_orders"":1},{""price"":63508.27,""size"":0.31495051,""num_orders"":1},{""price"":63508.55,""size"":1.3e-07,""num_orders"":1},{""price"":63508.88,""size"":0.12596664,""num_orders"":1}]"
btc_usd_d10_20260813T022746Z,30,2026-08-13T02:57:46.102028Z,2026-08-13T02:57:46.102175Z,BTC-USD,10,ok,,134124541479,2026-08-13T02:57:44.519767579Z,0.68230374,1.22569278,-0.284795613778,63489.010000000002,63489.019999999997,63489.014999999999,0.009999999995,0.001575075624,"[{""price"":63489.01,""size"":0.00551276,""num_orders"":1},{""price"":63487.75,""size"":0.02219722,""num_orders"":2},{""price"":63487.74,""size"":0.03150214,""num_orders"":2},{""price"":63487.42,""size"":0.00551276,""num_orders"":1},{""price"":63485.28,""size"":0.00689095,""num_orders"":1},{""price"":63484.93,""size"":0.29903775,""num_orders"":1},{""price"":63484.92,""size"":0.12601416,""num_orders"":1},{""price"":63483.0,""size"":0.001535,""num_orders"":1},{""price"":63482.88,""size"":0.012601,""num_orders"":1},{""price"":63482.66,""size"":0.1715,""num_orders"":1}]","[{""price"":63489.02,""size"":0.25557209,""num_orders"":3},{""price"":63490.27,""size"":0.07860597,""num_orders"":1},{""price"":63490.28,""size"":0.31505162,""num_orders"":1},{""price"":63490.29,""size"":0.03150088,""num_orders"":2},{""price"":63490.92,""size"":0.00551279,""num_orders"":1},{""price"":63491.03,""size"":0.31505162,""num_orders"":1},{""price"":63491.14,""size"":0.0946253,""num_orders"":1},{""price"":63491.78,""size"":0.12600056,""num_orders"":1},{""price"":63492.0,""size"":0.001535,""num_orders"":1},{""price"":63492.02,""size"":0.00223695,""num_orders"":1}]"
btc_usd_d10_20260813T022746Z,31,2026-08-13T02:58:46.102028Z,2026-08-13T02:58:46.102161Z,BTC-USD,10,ok,,134124567941,2026-08-13T02:58:44.640553719Z,0.25028829,0.35241313,-0.169445162416,63480.959999999999,63480.970000000001,63480.964999999997,0.010000000002,0.00157527536,"[{""price"":63480.96,""size"":0.01511567,""num_orders"":4},{""price"":63479.69,""size"":0.03150614,""num_orders"":2},{""price"":63479.37,""size"":0.00551346,""num_orders"":1},{""price"":63479.03,""size"":0.00037507,""num_orders"":2},{""price"":63478.98,""size"":0.04043372,""num_orders"":2},{""price"":63478.29,""size"":0.12602732,""num_orders"":1},{""price"":63477.91,""size"":6.9e-07,""num_orders"":1},{""price"":63477.39,""size"":0.0228894,""num_orders"":1},{""price"":63477.23,""size"":0.00689182,""num_orders"":1},{""price"":63477.0,""size"":0.001535,""num_orders"":1}]","[{""price"":63480.97,""size"":0.09780389,""num_orders"":2},{""price"":63482.21,""size"":0.00551356,""num_orders"":1},{""price"":63482.24,""size"":0.03150488,""num_orders"":2},{""price"":63482.53,""size"":0.00157468,""num_orders"":1},{""price"":63482.54,""size"":1.3e-07,""num_orders"":1},{""price"":63482.55,""size"":1.3e-07,""num_orders"":1},{""price"":63483.56,""size"":0.04,""num_orders"":1},{""price"":63483.57,""size"":0.01,""num_orders"":1},{""price"":63484.06,""size"":0.04,""num_orders"":1},{""price"":63484.07,""size"":0.12601586,""num_orders"":1}]"
btc_usd_d10_20260813T022746Z,32,2026-08-13T02:59:46.102028Z,2026-08-13T02:59:46.102158Z,BTC-USD,10,ok,,134124588437,2026-08-13T02:59:45.535482655Z,0.29312636,0.37507483,-0.122640413137,63480.32,63480.330000000002,63480.324999999997,0.010000000002,0.001575291242,"[{""price"":63480.32,""size"":0.04887806,""num_orders"":4},{""price"":63480.0,""size"":0.12602393,""num_orders"":1},{""price"":63479.06,""size"":0.04148672,""num_orders"":1},{""price"":63479.05,""size"":0.03150646,""num_orders"":2},{""price"":63478.74,""size"":0.01452556,""num_orders"":2},{""price"":63478.73,""size"":0.00551351,""num_orders"":1},{""price"":63477.91,""size"":3.828e-05,""num_orders"":1},{""price"":63477.15,""size"":0.0110163,""num_orders"":1},{""price"":63477.0,""size"":0.001535,""num_orders"":1},{""price"":63476.74,""size"":0.01260254,""num_orders"":1}]","[{""price"":63480.33,""size"":0.00894174,""num_orders"":1},{""price"":63480.34,""size"":0.31505912,""num_orders"":1},{""price"":63481.6,""size"":0.0315052,""num_orders"":2},{""price"":63481.63,""size"":1.3e-07,""num_orders"":1},{""price"":63481.92,""size"":0.00551351,""num_orders"":1},{""price"":63482.54,""size"":1.3e-07,""num_orders"":1},{""price"":63482.55,""size"":1.3e-07,""num_orders"":1},{""price"":63482.61,""size"":0.00251987,""num_orders"":1},{""price"":63483.0,""size"":0.001535,""num_orders"":1},{""price"":63483.57,""size"":0.01,""num_orders"":1}]"
btc_usd_d10_20260813T022746Z,33,2026-08-13T03:00:46.102028Z,2026-08-13T03:00:46.102161Z,BTC-USD,10,ok,,134124610296,2026-08-13T03:00:44.181266533Z,2.0821133,0.76867753,0.460726811725,63479.209999999999,63479.220000000001,63479.214999999997,0.010000000002,0.001575318788,"[{""price"":63479.21,""size"":0.05716146,""num_orders"":6},{""price"":63478.85,""size"":0.1260262,""num_orders"":1},{""price"":63478.51,""size"":0.69434059,""num_orders"":1},{""price"":63478.5,""size"":1.0,""num_orders"":1},{""price"":63477.94,""size"":0.031507,""num_orders"":2},{""price"":63477.62,""size"":0.00551361,""num_orders"":1},{""price"":63475.84,""size"":0.15906838,""num_orders"":1},{""price"":63475.83,""size"":6.9e-05,""num_orders"":1},{""price"":63475.5,""size"":0.001535,""num_orders"":1},{""price"":63475.02,""size"":0.00689206,""num_orders"":1}]","[{""price"":63479.22,""size"":0.00688177,""num_orders"":3},{""price"":63480.49,""size"":0.03150574,""num_orders"":2},{""price"":63480.81,""size"":0.00551361,""num_orders"":1},{""price"":63481.63,""size"":1.3e-07,""num_orders"":1},{""price"":63482.28,""size"":0.0946253,""num_orders"":1},{""price"":63482.29,""size"":0.31507038,""num_orders"":1},{""price"":63482.4,""size"":1.8e-05,""num_orders"":1},{""price"":63482.49,""size"":0.31506234,""num_orders"":1},{""price"":63482.54,""size"":1.3e-07,""num_orders"":1},{""price"":63482.55,""size"":1.3e-07,""num_orders"":1}]"
btc_usd_d10_20260813T022746Z,34,2026-08-13T03:01:46.102028Z,2026-08-13T03:01:46.102154Z,BTC-USD,10,ok,,134124641691,2026-08-13T03:01:45.536071516Z,0.50646633,1.38523457,-0.464538680507,63486,63486.010000000002,63486.005000000005,0.010000000002,0.001575150303,"[{""price"":63486.0,""size"":0.00179205,""num_orders"":5},{""price"":63484.9,""size"":0.03150356,""num_orders"":2},{""price"":63484.52,""size"":6.9e-07,""num_orders"":1},{""price"":63484.51,""size"":6.9e-07,""num_orders"":1},{""price"":63483.7,""size"":0.08788542,""num_orders"":2},{""price"":63483.31,""size"":0.02361908,""num_orders"":1},{""price"":63482.4,""size"":1.8e-05,""num_orders"":1},{""price"":63482.11,""size"":0.05709113,""num_orders"":1},{""price"":63482.03,""size"":0.17853579,""num_orders"":1},{""price"":63482.02,""size"":0.12601992,""num_orders"":1}]","[{""price"":63486.01,""size"":0.22073413,""num_orders"":3},{""price"":63486.47,""size"":0.00201863,""num_orders"":1},{""price"":63487.14,""size"":0.01260139,""num_orders"":1},{""price"":63487.22,""size"":0.10559953,""num_orders"":1},{""price"":63487.23,""size"":0.12600959,""num_orders"":1},{""price"":63487.28,""size"":0.03150238,""num_orders"":2},{""price"":63487.6,""size"":0.00551302,""num_orders"":1},{""price"":63488.85,""size"":0.0946253,""num_orders"":1},{""price"":63488.99,""size"":0.70802463,""num_orders"":1},{""price"":63489.1,""size"":0.07860597,""num_orders"":1}]"
btc_usd_d10_20260813T022746Z,35,2026-08-13T03:02:46.102028Z,2026-08-13T03:02:46.102171Z,BTC-USD,10,ok,,134124664785,2026-08-13T03:02:44.035789910Z,0.31737259,0.86855818,-0.464770460421,63484.900000000001,63484.910000000003,63484.904999999999,0.010000000002,0.001575177596,"[{""price"":63484.9,""size"":0.0177516,""num_orders"":3},{""price"":63484.53,""size"":0.00866697,""num_orders"":1},{""price"":63484.21,""size"":0.00015751,""num_orders"":1},{""price"":63483.64,""size"":0.02209933,""num_orders"":1},{""price"":63483.63,""size"":0.03150418,""num_orders"":2},{""price"":63483.31,""size"":0.00551312,""num_orders"":1},{""price"":63482.4,""size"":0.0986564,""num_orders"":1},{""price"":63482.39,""size"":0.00011247,""num_orders"":1},{""price"":63482.18,""size"":0.12601961,""num_orders"":1},{""price"":63481.17,""size"":0.0068914,""num_orders"":1}]","[{""price"":63484.91,""size"":0.02111301,""num_orders"":2},{""price"":63485.01,""size"":1.3e-07,""num_orders"":1},{""price"":63485.02,""size"":1.3e-07,""num_orders"":1},{""price"":63485.21,""size"":0.01260213,""num_orders"":1},{""price"":63485.8,""size"":1.3e-07,""num_orders"":1},{""price"":63486.17,""size"":0.0946253,""num_orders"":1},{""price"":63486.18,""size"":0.03150292,""num_orders"":2},{""price"":63486.3,""size"":0.07860597,""num_orders"":1},{""price"":63486.31,""size"":0.31506954,""num_orders"":1},{""price"":63486.51,""size"":0.31503892,""num_orders"":1}]"
btc_usd_d10_20260813T022746Z,36,2026-08-13T03:03:46.102028Z,2026-08-13T03:03:46.102158Z,BTC-USD,10,ok,,134124685286,2026-08-13T03:03:44.121692992Z,0.50491332,0.86635408,-0.263581530488,63475.199999999997,63475.209999999999,63475.205000000002,0.010000000002,0.001575418307,"[{""price"":63475.2,""size"":0.02123765,""num_orders"":6},{""price"":63473.93,""size"":0.031509,""num_orders"":2},{""price"":63473.61,""size"":0.00551396,""num_orders"":1},{""price"":63472.1,""size"":0.12603962,""num_orders"":1},{""price"":63471.6,""size"":1.8e-05,""num_orders"":1},{""price"":63471.47,""size"":0.00689245,""num_orders"":1},{""price"":63471.0,""size"":0.001535,""num_orders"":1},{""price"":63469.5,""size"":0.001535,""num_orders"":1},{""price"":63468.88,""size"":0.13913264,""num_orders"":1},{""price"":63468.85,""size"":0.1715,""num_orders"":1}]","[{""price"":63475.21,""size"":0.05114459,""num_orders"":2},{""price"":63475.9,""size"":0.00118156,""num_orders"":1},{""price"":63476.41,""size"":0.0946253,""num_orders"":1},{""price"":63476.42,""size"":0.22181861,""num_orders"":1},{""price"":63476.43,""size"":0.31503961,""num_orders"":1},{""price"":63476.48,""size"":0.03150774,""num_orders"":2},{""price"":63476.8,""size"":0.00551396,""num_orders"":1},{""price"":63477.62,""size"":0.0126017,""num_orders"":1},{""price"":63477.68,""size"":0.12602856,""num_orders"":1},{""price"":63478.94,""size"":0.00689245,""num_orders"":1}]"
btc_usd_d10_20260813T022746Z,37,2026-08-13T03:04:46.102028Z,2026-08-13T03:04:46.102184Z,BTC-USD,10,ok,,134124711867,2026-08-13T03:04:43.629752989Z,0.90468696,0.67234738,0.147326899679,63469.029999999999,63469.040000000001,63469.035000000003,0.010000000002,0.001575571458,"[{""price"":63469.03,""size"":0.35418198,""num_orders"":7},{""price"":63469.02,""size"":0.0299999,""num_orders"":1},{""price"":63469.01,""size"":0.1399467,""num_orders"":2},{""price"":63469.0,""size"":0.03,""num_orders"":1},{""price"":63468.59,""size"":0.12604659,""num_orders"":1},{""price"":63467.75,""size"":0.03151206,""num_orders"":2},{""price"":63467.43,""size"":0.0055145,""num_orders"":1},{""price"":63467.3,""size"":0.06,""num_orders"":2},{""price"":63466.22,""size"":0.12059211,""num_orders"":1},{""price"":63465.29,""size"":0.00689312,""num_orders"":1}]","[{""price"":63469.04,""size"":0.02101554,""num_orders"":2},{""price"":63470.3,""size"":0.0315108,""num_orders"":2},{""price"":63472.22,""size"":0.00015751,""num_orders"":1},{""price"":63472.4,""size"":0.0946253,""num_orders"":1},{""price"":63472.85,""size"":0.00157548,""num_orders"":1},{""price"":63474.14,""size"":0.01260707,""num_orders"":1},{""price"":63474.32,""size"":0.04,""num_orders"":1},{""price"":63474.33,""size"":0.29762441,""num_orders"":1},{""price"":63474.34,""size"":0.0946253,""num_orders"":1},{""price"":63474.51,""size"":0.07860597,""num_orders"":1}]"
btc_usd_d10_20260813T022746Z,38,2026-08-13T03:05:46.102028Z,2026-08-13T03:05:46.102158Z,BTC-USD,10,ok,,134124742393,2026-08-13T03:05:45.687477196Z,0.49826912,0.87145678,-0.272454262565,63458.470000000001,63458.480000000003,63458.475000000006,0.010000000002,0.001575833646,"[{""price"":63458.47,""size"":0.11661092,""num_orders"":4},{""price"":63457.48,""size"":0.12606865,""num_orders"":1},{""price"":63457.39,""size"":0.00011941,""num_orders"":1},{""price"":63457.2,""size"":0.0315353,""num_orders"":3},{""price"":63456.88,""size"":0.00551541,""num_orders"":1},{""price"":63454.74,""size"":0.00689427,""num_orders"":1},{""price"":63454.23,""size"":0.01260505,""num_orders"":1},{""price"":63453.83,""size"":0.04,""num_orders"":1},{""price"":63453.82,""size"":0.15890211,""num_orders"":1},{""price"":63453.6,""size"":1.8e-05,""num_orders"":1}]","[{""price"":63458.48,""size"":0.05,""num_orders"":1},{""price"":63459.74,""size"":0.04447257,""num_orders"":1},{""price"":63459.75,""size"":0.03151604,""num_orders"":2},{""price"":63459.81,""size"":0.00147061,""num_orders"":1},{""price"":63460.0,""size"":0.04150676,""num_orders"":1},{""price"":63460.89,""size"":0.10961575,""num_orders"":2},{""price"":63461.48,""size"":0.0946253,""num_orders"":1},{""price"":63461.93,""size"":0.07860597,""num_orders"":1},{""price"":63463.4,""size"":0.32501848,""num_orders"":2},{""price"":63463.41,""size"":0.0946253,""num_orders"":1}]"
btc_usd_d10_20260813T022746Z,39,2026-08-13T03:06:46.102028Z,2026-08-13T03:06:46.102164Z,BTC-USD,10,ok,,134124762474,2026-08-13T03:06:45.120688692Z,0.22637905,1.14097417,-0.668879925554,63463.050000000003,63463.059999999998,63463.055,0.009999999995,0.00157571992,"[{""price"":63463.05,""size"":0.02507083,""num_orders"":3},{""price"":63461.78,""size"":0.03151504,""num_orders"":2},{""price"":63461.48,""size"":0.00151594,""num_orders"":1},{""price"":63461.46,""size"":0.00551501,""num_orders"":1},{""price"":63461.34,""size"":0.01268329,""num_orders"":2},{""price"":63460.5,""size"":0.001535,""num_orders"":1},{""price"":63460.27,""size"":0.12606311,""num_orders"":1},{""price"":63459.75,""size"":0.01405206,""num_orders"":1},{""price"":63459.32,""size"":0.00689377,""num_orders"":1},{""price"":63459.0,""size"":0.001535,""num_orders"":1}]","[{""price"":63463.06,""size"":0.61597047,""num_orders"":6},{""price"":63463.07,""size"":0.00015754,""num_orders"":1},{""price"":63464.33,""size"":0.03151376,""num_orders"":2},{""price"":63464.65,""size"":0.00551501,""num_orders"":1},{""price"":63464.73,""size"":0.17285661,""num_orders"":2},{""price"":63464.74,""size"":0.17323127,""num_orders"":2},{""price"":63464.75,""size"":0.01260671,""num_orders"":1},{""price"":63465.0,""size"":0.001535,""num_orders"":1},{""price"":63465.47,""size"":0.1260528,""num_orders"":1},{""price"":63466.5,""size"":0.001535,""num_orders"":1}]"
btc_usd_d10_20260813T022746Z,40,2026-08-13T03:07:46.102028Z,2026-08-13T03:07:46.102158Z,BTC-USD,10,ok,,134124791183,2026-08-13T03:07:45.093822041Z,0.69460321,1.05718055,-0.206976082482,63464.839999999997,63464.849999999999,63464.845000000001,0.010000000002,0.001575675479,"[{""price"":63464.84,""size"":0.06698647,""num_orders"":3},{""price"":63463.4,""size"":0.00972798,""num_orders"":5},{""price"":63462.91,""size"":0.07925448,""num_orders"":1},{""price"":63462.9,""size"":0.12605788,""num_orders"":1},{""price"":63462.69,""size"":0.00118178,""num_orders"":1},{""price"":63461.8,""size"":0.00551492,""num_orders"":1},{""price"":63460.21,""size"":0.14973545,""num_orders"":1},{""price"":63460.02,""size"":0.06,""num_orders"":2},{""price"":63459.66,""size"":0.00689365,""num_orders"":1},{""price"":63457.73,""size"":0.1892506,""num_orders"":1}]","[{""price"":63464.85,""size"":0.02030011,""num_orders"":3},{""price"":63465.87,""size"":0.0946253,""num_orders"":1},{""price"":63465.88,""size"":0.07860597,""num_orders"":1},{""price"":63465.89,""size"":0.31517649,""num_orders"":1},{""price"":63466.85,""size"":0.31517649,""num_orders"":1},{""price"":63466.87,""size"":0.01260758,""num_orders"":1},{""price"":63468.0,""size"":1.8e-05,""num_orders"":1},{""price"":63468.51,""size"":0.0946253,""num_orders"":1},{""price"":63469.22,""size"":1.3e-07,""num_orders"":1},{""price"":63469.31,""size"":0.12604518,""num_orders"":1}]"
btc_usd_d10_20260813T022746Z,41,2026-08-13T03:08:46.102028Z,2026-08-13T03:08:46.102169Z,BTC-USD,10,ok,,134124815288,2026-08-13T03:08:44.540907608Z,1.28875367,1.58389672,-0.102742418997,63477.93,63477.940000000002,63477.934999999998,0.010000000002,0.001575350553,"[{""price"":63477.93,""size"":0.9081636,""num_orders"":4},{""price"":63477.92,""size"":0.15602807,""num_orders"":2},{""price"":63477.9,""size"":0.03,""num_orders"":1},{""price"":63477.51,""size"":0.07540713,""num_orders"":1},{""price"":63477.42,""size"":0.06,""num_orders"":2},{""price"":63477.2,""size"":0.00140571,""num_orders"":1},{""price"":63477.05,""size"":0.0002812,""num_orders"":1},{""price"":63476.64,""size"":0.03150766,""num_orders"":2},{""price"":63476.32,""size"":0.00551372,""num_orders"":1},{""price"":63476.06,""size"":0.02044658,""num_orders"":1}]","[{""price"":63477.94,""size"":0.54054774,""num_orders"":4},{""price"":63478.8,""size"":1.8e-05,""num_orders"":1},{""price"":63479.19,""size"":0.03150638,""num_orders"":2},{""price"":63479.57,""size"":0.0946253,""num_orders"":1},{""price"":63479.58,""size"":0.1892506,""num_orders"":1},{""price"":63479.59,""size"":0.31510657,""num_orders"":1},{""price"":63480.55,""size"":0.31510657,""num_orders"":1},{""price"":63481.48,""size"":0.0946253,""num_orders"":1},{""price"":63481.5,""size"":0.001535,""num_orders"":1},{""price"":63481.75,""size"":0.00157526,""num_orders"":1}]"
btc_usd_d10_20260813T022746Z,42,2026-08-13T03:09:46.102028Z,2026-08-13T03:09:46.102158Z,BTC-USD,10,ok,,134124846333,2026-08-13T03:09:45.535870977Z,0.40558239,1.36793025,-0.542622498591,63445.480000000003,63445.489999999998,63445.485000000001,0.009999999995,0.001576156285,"[{""price"":63445.48,""size"":0.06442664,""num_orders"":7},{""price"":63444.21,""size"":0.03152376,""num_orders"":2},{""price"":63443.99,""size"":7.9e-07,""num_orders"":1},{""price"":63443.89,""size"":0.00551654,""num_orders"":1},{""price"":63442.8,""size"":1.8e-05,""num_orders"":1},{""price"":63442.72,""size"":7.5e-07,""num_orders"":1},{""price"":63442.18,""size"":0.11110115,""num_orders"":1},{""price"":63442.17,""size"":0.12609908,""num_orders"":1},{""price"":63441.75,""size"":0.00689568,""num_orders"":1},{""price"":63441.42,""size"":0.06,""num_orders"":2}]","[{""price"":63445.49,""size"":0.10827444,""num_orders"":2},{""price"":63446.35,""size"":0.3242523,""num_orders"":1},{""price"":63446.36,""size"":0.1892506,""num_orders"":1},{""price"":63446.76,""size"":0.0315225,""num_orders"":2},{""price"":63446.92,""size"":0.31519601,""num_orders"":1},{""price"":63447.08,""size"":0.00551654,""num_orders"":1},{""price"":63447.32,""size"":0.00165053,""num_orders"":1},{""price"":63448.22,""size"":0.1715551,""num_orders"":1},{""price"":63448.23,""size"":0.0946253,""num_orders"":1},{""price"":63448.29,""size"":0.12608693,""num_orders"":1}]"
btc_usd_d10_20260813T022746Z,43,2026-08-13T03:10:46.102028Z,2026-08-13T03:10:46.102157Z,BTC-USD,10,ok,,134124875306,2026-08-13T03:10:43.034507056Z,4.13949159,0.50677442,0.781857337092,63467.989999999998,63468,63467.994999999995,0.010000000002,0.001575597276,"[{""price"":63467.99,""size"":0.5119656,""num_orders"":8},{""price"":63467.98,""size"":0.03,""num_orders"":1},{""price"":63467.96,""size"":0.03,""num_orders"":1},{""price"":63466.74,""size"":1.32695413,""num_orders"":2},{""price"":63466.72,""size"":0.03151258,""num_orders"":2},{""price"":63466.4,""size"":0.00551459,""num_orders"":1},{""price"":63465.1,""size"":0.108003,""num_orders"":1},{""price"":63464.96,""size"":0.00022516,""num_orders"":1},{""price"":63464.95,""size"":2.08271222,""num_orders"":1},{""price"":63464.56,""size"":0.01260431,""num_orders"":1}]","[{""price"":63468.0,""size"":0.10686737,""num_orders"":2},{""price"":63469.27,""size"":0.03151132,""num_orders"":2},{""price"":63469.59,""size"":0.00551459,""num_orders"":1},{""price"":63469.78,""size"":0.0946253,""num_orders"":1},{""price"":63469.79,""size"":0.26785657,""num_orders"":2},{""price"":63470.74,""size"":1.3e-07,""num_orders"":1},{""price"":63470.75,""size"":1.3e-07,""num_orders"":1},{""price"":63470.77,""size"":1.3e-07,""num_orders"":1},{""price"":63471.6,""size"":1.8e-05,""num_orders"":1},{""price"":63471.62,""size"":0.00038088,""num_orders"":1}]"
btc_usd_d10_20260813T022746Z,44,2026-08-13T03:11:46.102028Z,2026-08-13T03:11:46.102160Z,BTC-USD,10,ok,,134124895882,2026-08-13T03:11:45.682899765Z,1.56406843,0.91234667,0.26317145296,63469.480000000003,63469.489999999998,63469.485000000001,0.009999999995,0.001575560286,"[{""price"":63469.48,""size"":1.30651062,""num_orders"":8},{""price"":63469.47,""size"":0.0001583,""num_orders"":2},{""price"":63469.46,""size"":0.03,""num_orders"":1},{""price"":63468.21,""size"":0.03151184,""num_orders"":2},{""price"":63467.99,""size"":0.00113956,""num_orders"":2},{""price"":63467.97,""size"":7.5e-07,""num_orders"":1},{""price"":63467.89,""size"":0.00551446,""num_orders"":1},{""price"":63467.8,""size"":0.00118167,""num_orders"":1},{""price"":63466.71,""size"":0.06200005,""num_orders"":1},{""price"":63466.27,""size"":0.12605118,""num_orders"":1}]","[{""price"":63469.49,""size"":0.25266499,""num_orders"":8},{""price"":63470.71,""size"":0.24717978,""num_orders"":1},{""price"":63470.72,""size"":0.0946253,""num_orders"":1},{""price"":63470.73,""size"":0.07860597,""num_orders"":1},{""price"":63470.74,""size"":0.1892506,""num_orders"":1},{""price"":63470.76,""size"":0.03151058,""num_orders"":2},{""price"":63471.08,""size"":0.00551446,""num_orders"":1},{""price"":63471.57,""size"":0.01260507,""num_orders"":1},{""price"":63471.6,""size"":9.04e-06,""num_orders"":1},{""price"":63471.62,""size"":0.00038088,""num_orders"":1}]"
btc_usd_d10_20260813T022746Z,45,2026-08-13T03:12:46.102028Z,2026-08-13T03:12:46.102158Z,BTC-USD,10,ok,,134124922116,2026-08-13T03:12:43.688946304Z,0.67478408,0.44966692,0.20020184072,63469.470000000001,63469.480000000003,63469.475000000006,0.010000000002,0.001575560536,"[{""price"":63469.47,""size"":0.34510666,""num_orders"":4},{""price"":63468.22,""size"":0.00551451,""num_orders"":1},{""price"":63468.21,""size"":0.01881257,""num_orders"":1},{""price"":63468.2,""size"":0.03151184,""num_orders"":2},{""price"":63466.63,""size"":0.00551451,""num_orders"":1},{""price"":63466.45,""size"":0.04118168,""num_orders"":2},{""price"":63466.44,""size"":0.11301951,""num_orders"":1},{""price"":63466.43,""size"":0.0946253,""num_orders"":1},{""price"":63465.44,""size"":0.01260436,""num_orders"":1},{""price"":63464.49,""size"":0.00689314,""num_orders"":1}]","[{""price"":63469.48,""size"":0.01700022,""num_orders"":1},{""price"":63469.49,""size"":0.12586812,""num_orders"":4},{""price"":63469.5,""size"":5.5e-07,""num_orders"":1},{""price"":63470.71,""size"":0.07860597,""num_orders"":1},{""price"":63470.75,""size"":0.03151058,""num_orders"":2},{""price"":63471.08,""size"":0.00551446,""num_orders"":1},{""price"":63471.62,""size"":0.00038088,""num_orders"":1},{""price"":63471.91,""size"":5.4e-07,""num_orders"":1},{""price"":63472.5,""size"":0.001535,""num_orders"":1},{""price"":63472.72,""size"":0.1892506,""num_orders"":1}]"
btc_usd_d10_20260813T022746Z,46,2026-08-13T03:13:46.102028Z,2026-08-13T03:13:46.102146Z,BTC-USD,10,ok,,134124953176,2026-08-13T03:13:45.334572269Z,5.3318543,0.1138209,0.958197690527,63513.370000000003,63513.379999999997,63513.375,0.009999999995,0.001574471518,"[{""price"":63513.37,""size"":5.21023942,""num_orders"":7},{""price"":63513.36,""size"":0.03,""num_orders"":1},{""price"":63513.34,""size"":0.03,""num_orders"":1},{""price"":63512.32,""size"":0.02226266,""num_orders"":1},{""price"":63512.18,""size"":0.00029018,""num_orders"":1},{""price"":63512.09,""size"":0.03149006,""num_orders"":2},{""price"":63511.78,""size"":0.00551065,""num_orders"":1},{""price"":63510.0,""size"":0.00205995,""num_orders"":2},{""price"":63509.86,""size"":6.9e-07,""num_orders"":1},{""price"":63509.66,""size"":6.9e-07,""num_orders"":1}]","[{""price"":63513.38,""size"":0.08220465,""num_orders"":6},{""price"":63513.39,""size"":5.6e-07,""num_orders"":1},{""price"":63513.4,""size"":3.626e-05,""num_orders"":1},{""price"":63513.41,""size"":2.187e-05,""num_orders"":1},{""price"":63513.42,""size"":2.338e-05,""num_orders"":1},{""price"":63513.43,""size"":2.21e-05,""num_orders"":1},{""price"":63514.48,""size"":5.6e-07,""num_orders"":1},{""price"":63514.66,""size"":0.0314888,""num_orders"":2},{""price"":63514.75,""size"":5.6e-07,""num_orders"":1},{""price"":63514.79,""size"":2.216e-05,""num_orders"":1}]"
btc_usd_d10_20260813T022746Z,47,2026-08-13T03:14:46.102028Z,2026-08-13T03:14:46.102200Z,BTC-USD,10,ok,,134124975370,2026-08-13T03:14:44.094726594Z,1.98409759,0.52196436,0.583438581796,63500.209999999999,63500.220000000001,63500.214999999997,0.010000000002,0.001574797818,"[{""price"":63500.21,""size"":1.18411949,""num_orders"":7},{""price"":63500.2,""size"":0.12598385,""num_orders"":1},{""price"":63500.19,""size"":0.18953243,""num_orders"":1},{""price"":63500.0,""size"":0.0785433,""num_orders"":1},{""price"":63499.69,""size"":7.496e-05,""num_orders"":1},{""price"":63498.75,""size"":0.1892506,""num_orders"":1},{""price"":63498.73,""size"":0.0314967,""num_orders"":2},{""price"":63498.62,""size"":0.00551179,""num_orders"":1},{""price"":63498.41,""size"":0.16195947,""num_orders"":2},{""price"":63498.15,""size"":0.017625,""num_orders"":1}]","[{""price"":63500.22,""size"":0.13003621,""num_orders"":6},{""price"":63500.24,""size"":0.03,""num_orders"":1},{""price"":63501.3,""size"":0.03149542,""num_orders"":2},{""price"":63501.81,""size"":0.00551179,""num_orders"":1},{""price"":63501.91,""size"":0.31493697,""num_orders"":1},{""price"":63503.95,""size"":0.00688974,""num_orders"":1},{""price"":63504.0,""size"":0.001535,""num_orders"":1},{""price"":63505.25,""size"":2.6e-07,""num_orders"":2},{""price"":63505.29,""size"":2.397e-05,""num_orders"":1},{""price"":63505.5,""size"":0.001535,""num_orders"":1}]"
btc_usd_d10_20260813T022746Z,48,2026-08-13T03:15:46.102028Z,2026-08-13T03:15:46.102170Z,BTC-USD,10,ok,,134124999208,2026-08-13T03:15:45.163691292Z,0.42354252,1.56493375,-0.574002942464,63504,63504.010000000002,63504.005000000005,0.010000000002,0.001574703832,"[{""price"":63504.0,""size"":0.07583179,""num_orders"":3},{""price"":63503.43,""size"":0.12597743,""num_orders"":1},{""price"":63503.18,""size"":0.00118102,""num_orders"":1},{""price"":63502.72,""size"":0.03149472,""num_orders"":2},{""price"":63500.76,""size"":0.01259561,""num_orders"":1},{""price"":63500.71,""size"":0.0946253,""num_orders"":1},{""price"":63500.4,""size"":1.8e-05,""num_orders"":1},{""price"":63500.08,""size"":6.9e-07,""num_orders"":1},{""price"":63500.0,""size"":0.081743,""num_orders"":3},{""price"":63499.69,""size"":7.496e-05,""num_orders"":1}]","[{""price"":63504.01,""size"":0.25962093,""num_orders"":4},{""price"":63504.02,""size"":2.6e-07,""num_orders"":2},{""price"":63505.21,""size"":0.04,""num_orders"":1},{""price"":63505.22,""size"":0.1346253,""num_orders"":2},{""price"":63505.23,""size"":0.53827737,""num_orders"":2},{""price"":63505.24,""size"":0.5552474,""num_orders"":2},{""price"":63505.25,""size"":1.3e-07,""num_orders"":1},{""price"":63505.3,""size"":0.03149344,""num_orders"":2},{""price"":63505.6,""size"":0.00551146,""num_orders"":1},{""price"":63506.54,""size"":0.00015746,""num_orders"":1}]"
btc_usd_d10_20260813T022746Z,49,2026-08-13T03:16:46.102028Z,2026-08-13T03:16:46.102196Z,BTC-USD,10,ok,,134125018918,2026-08-13T03:16:44.035723717Z,0.48337615,1.33737487,-0.469036518788,63507.07,63507.080000000002,63507.074999999997,0.010000000002,0.001574627709,"[{""price"":63507.07,""size"":0.01767918,""num_orders"":6},{""price"":63505.79,""size"":0.0314932,""num_orders"":2},{""price"":63505.48,""size"":0.00551119,""num_orders"":1},{""price"":63505.03,""size"":0.12597426,""num_orders"":1},{""price"":63504.0,""size"":0.00155285,""num_orders"":2},{""price"":63503.23,""size"":0.01259692,""num_orders"":1},{""price"":63503.12,""size"":0.10844823,""num_orders"":1},{""price"":63503.11,""size"":0.07860597,""num_orders"":1},{""price"":63503.09,""size"":0.0946253,""num_orders"":1},{""price"":63502.8,""size"":0.00688905,""num_orders"":1}]","[{""price"":63507.08,""size"":0.26412574,""num_orders"":4},{""price"":63507.83,""size"":0.40437233,""num_orders"":1},{""price"":63507.84,""size"":0.31494273,""num_orders"":1},{""price"":63507.97,""size"":1.3e-07,""num_orders"":1},{""price"":63508.36,""size"":0.03149192,""num_orders"":2},{""price"":63508.38,""size"":1.3e-07,""num_orders"":1},{""price"":63508.59,""size"":1.3e-07,""num_orders"":1},{""price"":63508.67,""size"":0.00551119,""num_orders"":1},{""price"":63508.8,""size"":0.31494273,""num_orders"":1},{""price"":63509.14,""size"":0.00198784,""num_orders"":1}]"
btc_usd_d10_20260813T022746Z,50,2026-08-13T03:17:46.102028Z,2026-08-13T03:17:46.102163Z,BTC-USD,10,ok,,134125039219,2026-08-13T03:17:43.834874235Z,0.39253657,1.41622507,-0.565960974272,63500.400000000001,63500.410000000003,63500.404999999999,0.010000000002,0.001574793106,"[{""price"":63500.4,""size"":0.0963169,""num_orders"":6},{""price"":63500.08,""size"":6.9e-07,""num_orders"":1},{""price"":63500.0,""size"":0.081743,""num_orders"":3},{""price"":63499.69,""size"":7.496e-05,""num_orders"":1},{""price"":63499.51,""size"":0.03294496,""num_orders"":2},{""price"":63499.21,""size"":0.12598581,""num_orders"":1},{""price"":63499.12,""size"":0.0314965,""num_orders"":2},{""price"":63498.81,""size"":0.00551177,""num_orders"":1},{""price"":63497.92,""size"":0.01728089,""num_orders"":1},{""price"":63496.85,""size"":0.00118109,""num_orders"":1}]","[{""price"":63500.41,""size"":0.22515756,""num_orders"":3},{""price"":63500.44,""size"":0.00303756,""num_orders"":1},{""price"":63500.72,""size"":0.00015746,""num_orders"":1},{""price"":63501.66,""size"":0.42481622,""num_orders"":2},{""price"":63501.67,""size"":0.0946253,""num_orders"":1},{""price"":63501.69,""size"":0.03149522,""num_orders"":2},{""price"":63501.83,""size"":0.3149279,""num_orders"":1},{""price"":63502.0,""size"":0.00551177,""num_orders"":1},{""price"":63502.28,""size"":0.31496108,""num_orders"":1},{""price"":63504.0,""size"":0.001535,""num_orders"":1}]"
btc_usd_d10_20260813T022746Z,51,2026-08-13T03:18:46.102028Z,2026-08-13T03:18:46.102159Z,BTC-USD,10,ok,,134125059277,2026-08-13T03:18:45.034867628Z,0.4440702,0.80920172,-0.291342616214,63504.339999999997,63504.349999999999,63504.345000000001,0.010000000002,0.001574695401,"[{""price"":63504.34,""size"":0.09909673,""num_orders"":3},{""price"":63504.26,""size"":0.00118102,""num_orders"":1},{""price"":63503.06,""size"":0.03149454,""num_orders"":2},{""price"":63502.75,""size"":0.00551143,""num_orders"":1},{""price"":63501.44,""size"":0.12598139,""num_orders"":1},{""price"":63501.0,""size"":0.001535,""num_orders"":1},{""price"":63500.61,""size"":0.00688929,""num_orders"":1},{""price"":63500.4,""size"":0.00038491,""num_orders"":3},{""price"":63500.08,""size"":6.9e-07,""num_orders"":1},{""price"":63500.02,""size"":0.1719952,""num_orders"":1}]","[{""price"":63504.35,""size"":0.23775244,""num_orders"":4},{""price"":63505.63,""size"":0.03149328,""num_orders"":2},{""price"":63505.94,""size"":0.00551143,""num_orders"":1},{""price"":63506.18,""size"":0.16044092,""num_orders"":1},{""price"":63506.22,""size"":0.002768,""num_orders"":1},{""price"":63506.39,""size"":0.0946253,""num_orders"":1},{""price"":63506.4,""size"":0.07860597,""num_orders"":1},{""price"":63506.42,""size"":0.1892506,""num_orders"":1},{""price"":63507.08,""size"":0.00088869,""num_orders"":1},{""price"":63507.94,""size"":0.00786509,""num_orders"":1}]"
btc_usd_d10_20260813T022746Z,52,2026-08-13T03:19:46.102028Z,2026-08-13T03:19:46.102157Z,BTC-USD,10,ok,,134125098626,2026-08-13T03:19:45.036705302Z,0.98254839,1.49015236,-0.205283219168,63511.769999999997,63511.779999999999,63511.774999999994,0.010000000002,0.001574511183,"[{""price"":63511.77,""size"":0.52689261,""num_orders"":7},{""price"":63510.0,""size"":0.00466994,""num_orders"":1},{""price"":63508.9,""size"":0.06,""num_orders"":2},{""price"":63508.78,""size"":0.01259486,""num_orders"":1},{""price"":63507.61,""size"":0.0946253,""num_orders"":1},{""price"":63507.6,""size"":0.171518,""num_orders"":2},{""price"":63504.77,""size"":0.0946253,""num_orders"":1},{""price"":63504.3,""size"":0.017621,""num_orders"":1},{""price"":63504.29,""size"":6.9e-07,""num_orders"":1},{""price"":63504.26,""size"":6.9e-07,""num_orders"":1}]","[{""price"":63511.78,""size"":0.08493594,""num_orders"":2},{""price"":63513.37,""size"":0.00551078,""num_orders"":1},{""price"":63514.74,""size"":0.00860474,""num_orders"":1},{""price"":63515.48,""size"":0.44929827,""num_orders"":2},{""price"":63515.49,""size"":0.1892506,""num_orders"":1},{""price"":63515.51,""size"":0.00688848,""num_orders"":1},{""price"":63515.92,""size"":0.0946253,""num_orders"":1},{""price"":63516.84,""size"":0.31482736,""num_orders"":1},{""price"":63517.86,""size"":0.24158559,""num_orders"":1},{""price"":63517.87,""size"":0.0946253,""num_orders"":1}]"
btc_usd_d10_20260813T022746Z,53,2026-08-13T03:20:46.102028Z,2026-08-13T03:20:46.102153Z,BTC-USD,10,ok,,134125129521,2026-08-13T03:20:44.042897206Z,0.82332115,0.34957592,0.403910319258,63547.370000000003,63547.379999999997,63547.375,0.009999999995,0.001573629122,"[{""price"":63547.37,""size"":0.08546378,""num_orders"":2},{""price"":63546.7,""size"":0.12589166,""num_orders"":1},{""price"":63546.09,""size"":0.03147322,""num_orders"":2},{""price"":63544.15,""size"":0.13199358,""num_orders"":1},{""price"":63543.61,""size"":0.09029213,""num_orders"":2},{""price"":63542.7,""size"":0.12048375,""num_orders"":1},{""price"":63542.25,""size"":0.14199307,""num_orders"":1},{""price"":63542.17,""size"":0.00786765,""num_orders"":1},{""price"":63542.02,""size"":0.0485893,""num_orders"":1},{""price"":63541.82,""size"":0.03927301,""num_orders"":1}]","[{""price"":63547.38,""size"":0.08996274,""num_orders"":3},{""price"":63548.66,""size"":0.03147194,""num_orders"":2},{""price"":63548.97,""size"":0.0055077,""num_orders"":1},{""price"":63550.44,""size"":0.00688478,""num_orders"":1},{""price"":63550.49,""size"":0.00015735,""num_orders"":1},{""price"":63550.69,""size"":0.00118022,""num_orders"":1},{""price"":63552.16,""size"":0.04,""num_orders"":1},{""price"":63552.17,""size"":0.09441119,""num_orders"":1},{""price"":63552.93,""size"":0.04,""num_orders"":1},{""price"":63552.94,""size"":0.04,""num_orders"":1}]"
btc_usd_d10_20260813T022746Z,54,2026-08-13T03:21:46.102028Z,2026-08-13T03:21:46.102163Z,BTC-USD,10,ok,,134125163440,2026-08-13T03:21:43.579458884Z,0.33097432,1.19023417,-0.564853440964,63496.800000000003,63496.809999999998,63496.805,0.009999999995,0.001574882389,"[{""price"":63496.8,""size"":0.13321816,""num_orders"":6},{""price"":63495.53,""size"":0.03149828,""num_orders"":2},{""price"":63493.8,""size"":7.6e-07,""num_orders"":1},{""price"":63493.58,""size"":0.12599697,""num_orders"":1},{""price"":63493.2,""size"":1.8e-05,""num_orders"":1},{""price"":63492.3,""size"":7.7e-07,""num_orders"":1},{""price"":63490.94,""size"":0.01259938,""num_orders"":1},{""price"":63490.0,""size"":0.01,""num_orders"":1},{""price"":63489.91,""size"":0.017624,""num_orders"":1},{""price"":63489.6,""size"":1.8e-05,""num_orders"":1}]","[{""price"":63496.81,""size"":0.15684702,""num_orders"":5},{""price"":63496.82,""size"":0.03,""num_orders"":2},{""price"":63496.84,""size"":0.03,""num_orders"":1},{""price"":63498.08,""size"":0.03149702,""num_orders"":2},{""price"":63498.37,""size"":0.40828268,""num_orders"":1},{""price"":63498.38,""size"":0.23698776,""num_orders"":1},{""price"":63498.4,""size"":0.00551208,""num_orders"":1},{""price"":63499.01,""size"":0.00787405,""num_orders"":1},{""price"":63500.01,""size"":0.09441119,""num_orders"":1},{""price"":63500.09,""size"":0.18882237,""num_orders"":1}]"
btc_usd_d10_20260813T022746Z,55,2026-08-13T03:22:46.102028Z,2026-08-13T03:22:46.102190Z,BTC-USD,10,ok,,134125197751,2026-08-13T03:22:45.334489797Z,0.55124689,0.2279477,0.414914572238,63544.190000000002,63545.330000000002,63544.760000000002,1.139999999999,0.179401102467,"[{""price"":63544.19,""size"":0.176029,""num_orders"":3},{""price"":63544.18,""size"":0.00676324,""num_orders"":1},{""price"":63542.91,""size"":0.0314748,""num_orders"":2},{""price"":63542.66,""size"":0.08554617,""num_orders"":4},{""price"":63542.57,""size"":0.00550797,""num_orders"":1},{""price"":63542.38,""size"":0.00786891,""num_orders"":1},{""price"":63540.42,""size"":0.00688497,""num_orders"":1},{""price"":63540.0,""size"":0.001535,""num_orders"":1},{""price"":63539.7,""size"":0.03927772,""num_orders"":1},{""price"":63539.23,""size"":0.19035911,""num_orders"":1}]","[{""price"":63545.33,""size"":0.18510664,""num_orders"":1},{""price"":63546.0,""size"":0.001535,""num_orders"":1},{""price"":63546.41,""size"":1.768e-05,""num_orders"":1},{""price"":63546.43,""size"":5.5e-07,""num_orders"":1},{""price"":63546.48,""size"":0.00157365,""num_orders"":1},{""price"":63546.61,""size"":0.03147296,""num_orders"":2},{""price"":63546.91,""size"":0.00550792,""num_orders"":1},{""price"":63547.02,""size"":0.0011803,""num_orders"":1},{""price"":63547.2,""size"":1.8e-05,""num_orders"":1},{""price"":63547.5,""size"":0.001535,""num_orders"":1}]"
btc_usd_d10_20260813T022746Z,56,2026-08-13T03:23:46.102028Z,2026-08-13T03:23:46.102171Z,BTC-USD,10,ok,,134125219853,2026-08-13T03:23:43.544228735Z,0.34111921,0.25527267,0.14394317374,63547.190000000002,63547.199999999997,63547.195,0.009999999995,0.00157363358,"[{""price"":63547.19,""size"":0.21856754,""num_orders"":5},{""price"":63547.18,""size"":0.00015736,""num_orders"":1},{""price"":63546.42,""size"":0.01258837,""num_orders"":1},{""price"":63546.0,""size"":0.001535,""num_orders"":1},{""price"":63545.95,""size"":0.04355938,""num_orders"":1},{""price"":63545.94,""size"":0.00786855,""num_orders"":1},{""price"":63545.91,""size"":0.04434185,""num_orders"":4},{""price"":63545.71,""size"":0.00545845,""num_orders"":1},{""price"":63545.6,""size"":0.00550771,""num_orders"":1},{""price"":63544.5,""size"":0.001535,""num_orders"":1}]","[{""price"":63547.2,""size"":0.03819881,""num_orders"":4},{""price"":63547.5,""size"":0.001535,""num_orders"":1},{""price"":63547.91,""size"":5.4e-07,""num_orders"":1},{""price"":63548.48,""size"":0.03147204,""num_orders"":2},{""price"":63548.51,""size"":0.00118022,""num_orders"":1},{""price"":63548.78,""size"":0.00550778,""num_orders"":1},{""price"":63549.0,""size"":0.001535,""num_orders"":1},{""price"":63549.41,""size"":5.6e-07,""num_orders"":1},{""price"":63550.0,""size"":0.17430772,""num_orders"":1},{""price"":63550.5,""size"":0.001535,""num_orders"":1}]"
btc_usd_d10_20260813T022746Z,57,2026-08-13T03:24:46.102028Z,2026-08-13T03:24:46.102178Z,BTC-USD,10,ok,,134125238528,2026-08-13T03:24:45.630229625Z,0.41482687,0.54925401,-0.139435541964,63545.43,63545.949999999997,63545.690000000002,0.519999999997,0.081830884203,"[{""price"":63545.43,""size"":0.12589418,""num_orders"":1},{""price"":63544.42,""size"":0.00550776,""num_orders"":1},{""price"":63544.26,""size"":6.9e-07,""num_orders"":1},{""price"":63542.66,""size"":0.00516759,""num_orders"":2},{""price"":63542.27,""size"":0.00688471,""num_orders"":1},{""price"":63541.52,""size"":0.10201969,""num_orders"":1},{""price"":63541.51,""size"":0.06,""num_orders"":2},{""price"":63541.5,""size"":0.001535,""num_orders"":1},{""price"":63541.15,""size"":0.06854025,""num_orders"":2},{""price"":63540.93,""size"":0.039277,""num_orders"":1}]","[{""price"":63545.95,""size"":0.05771014,""num_orders"":2},{""price"":63546.01,""size"":0.18883838,""num_orders"":1},{""price"":63546.33,""size"":0.09441919,""num_orders"":1},{""price"":63547.2,""size"":0.16705504,""num_orders"":4},{""price"":63547.23,""size"":0.03147266,""num_orders"":2},{""price"":63547.5,""size"":0.001535,""num_orders"":1},{""price"":63547.54,""size"":0.00550782,""num_orders"":1},{""price"":63547.91,""size"":5.4e-07,""num_orders"":1},{""price"":63549.0,""size"":0.001535,""num_orders"":1},{""price"":63549.09,""size"":0.00118024,""num_orders"":1}]"
btc_usd_d10_20260813T022746Z,58,2026-08-13T03:25:46.102028Z,2026-08-13T03:25:46.102159Z,BTC-USD,10,ok,,134125270291,2026-08-13T03:25:44.479663440Z,0.50949526,0.49770583,0.011705140232,63540.559999999998,63540.57,63540.565000000002,0.010000000002,0.001573797778,"[{""price"":63540.56,""size"":0.01258845,""num_orders"":1},{""price"":63540.31,""size"":0.12590432,""num_orders"":1},{""price"":63539.03,""size"":0.03147672,""num_orders"":2},{""price"":63538.91,""size"":0.06,""num_orders"":2},{""price"":63537.01,""size"":0.01331,""num_orders"":1},{""price"":63536.4,""size"":1.8e-05,""num_orders"":1},{""price"":63535.26,""size"":7.5e-07,""num_orders"":1},{""price"":63535.02,""size"":0.01061683,""num_orders"":1},{""price"":63535.01,""size"":0.21631047,""num_orders"":1},{""price"":63534.95,""size"":0.03926972,""num_orders"":1}]","[{""price"":63540.57,""size"":0.09105883,""num_orders"":2},{""price"":63541.11,""size"":0.00157051,""num_orders"":1},{""price"":63541.85,""size"":0.03147532,""num_orders"":2},{""price"":63542.16,""size"":0.00550845,""num_orders"":1},{""price"":63544.31,""size"":0.00688556,""num_orders"":1},{""price"":63544.67,""size"":0.09441919,""num_orders"":1},{""price"":63547.22,""size"":2.6e-07,""num_orders"":2},{""price"":63547.4,""size"":0.09441919,""num_orders"":1},{""price"":63547.41,""size"":0.17236826,""num_orders"":1},{""price"":63547.42,""size"":2.6e-07,""num_orders"":2}]"
btc_usd_d10_20260813T022746Z,59,2026-08-13T03:26:46.102028Z,2026-08-13T03:26:46.102177Z,BTC-USD,10,ok,,134125295137,2026-08-13T03:26:45.034367554Z,0.3591271,0.28364943,0.117424433652,63541.120000000003,63541.129999999997,63541.125,0.009999999995,0.001573783907,"[{""price"":63541.12,""size"":0.08166641,""num_orders"":4},{""price"":63539.84,""size"":0.03147632,""num_orders"":2},{""price"":63539.77,""size"":0.03029738,""num_orders"":2},{""price"":63539.53,""size"":0.00550824,""num_orders"":1},{""price"":63538.96,""size"":0.00280249,""num_orders"":1},{""price"":63538.5,""size"":0.001535,""num_orders"":1},{""price"":63538.44,""size"":0.12590801,""num_orders"":1},{""price"":63538.18,""size"":0.01304795,""num_orders"":1},{""price"":63537.87,""size"":0.06,""num_orders"":2},{""price"":63537.38,""size"":0.0068853,""num_orders"":1}]","[{""price"":63541.13,""size"":0.20342011,""num_orders"":5},{""price"":63541.14,""size"":0.00015735,""num_orders"":1},{""price"":63541.38,""size"":1.3e-07,""num_orders"":1},{""price"":63542.08,""size"":5.6e-07,""num_orders"":1},{""price"":63542.41,""size"":0.03147504,""num_orders"":2},{""price"":63542.72,""size"":0.00550824,""num_orders"":1},{""price"":63543.0,""size"":0.001535,""num_orders"":1},{""price"":63543.6,""size"":1.8e-05,""num_orders"":1},{""price"":63544.5,""size"":0.001535,""num_orders"":1},{""price"":63544.53,""size"":0.04,""num_orders"":1}]"
