window_id,sample_index,planned_at_utc,collected_at_utc,product_id,depth,status,error,sequence,snapshot_time_utc,bid_volume,ask_volume,imbalance,best_bid,best_ask,mid_price,spread,spread_bps,bids_json,asks_json
btc_usd_d10_20260630T001156Z,0,2026-06-30T00:11:56.175998Z,2026-06-30T00:11:56.176031Z,BTC-USD,10,ok,,131687349001,2026-06-30T00:11:55.047210269Z,0.67631166,0.51543393,0.134993350384,60138.980000000003,60138.989999999998,60138.985000000001,0.009999999995,0.001662814894,"[{""price"":60138.98,""size"":0.06989768,""num_orders"":3},{""price"":60138.95,""size"":0.0038356,""num_orders"":1},{""price"":60136.37,""size"":0.01573587,""num_orders"":1},{""price"":60136.36,""size"":0.04995361,""num_orders"":1},{""price"":60136.16,""size"":0.2381578,""num_orders"":1},{""price"":60136.01,""size"":0.03330241,""num_orders"":1},{""price"":60136.0,""size"":0.0302,""num_orders"":1},{""price"":60135.18,""size"":0.13303359,""num_orders"":1},{""price"":60134.88,""size"":0.09970088,""num_orders"":1},{""price"":60134.47,""size"":0.00249422,""num_orders"":1}]","[{""price"":60138.99,""size"":0.15418543,""num_orders"":7},{""price"":60140.0,""size"":0.0302,""num_orders"":1},{""price"":60140.28,""size"":1.9e-05,""num_orders"":1},{""price"":60140.29,""size"":0.00039584,""num_orders"":1},{""price"":60140.72,""size"":0.02,""num_orders"":1},{""price"":60140.73,""size"":0.09744186,""num_orders"":1},{""price"":60141.7,""size"":0.13301919,""num_orders"":1},{""price"":60142.0,""size"":0.0302,""num_orders"":1},{""price"":60143.02,""size"":0.04995361,""num_orders"":1},{""price"":60143.3,""size"":1.9e-05,""num_orders"":1}]"
btc_usd_d10_20260630T001156Z,1,2026-06-30T00:12:56.175998Z,2026-06-30T00:12:56.176125Z,BTC-USD,10,ok,,131687386598,2026-06-30T00:12:55.190350236Z,0.9347601,0.56627987,0.245483289829,60124.769999999997,60124.779999999999,60124.774999999994,0.010000000002,0.001663207888,"[{""price"":60124.77,""size"":0.09094573,""num_orders"":5},{""price"":60124.76,""size"":0.00054569,""num_orders"":2},{""price"":60124.25,""size"":0.13305777,""num_orders"":1},{""price"":60122.0,""size"":0.0273,""num_orders"":1},{""price"":60121.27,""size"":0.0157379,""num_orders"":1},{""price"":60121.26,""size"":0.02,""num_orders"":1},{""price"":60121.24,""size"":0.09970088,""num_orders"":1},{""price"":60121.22,""size"":0.04995361,""num_orders"":1},{""price"":60121.2,""size"":0.33118782,""num_orders"":1},{""price"":60121.19,""size"":0.1663307,""num_orders"":1}]","[{""price"":60124.78,""size"":0.02542324,""num_orders"":4},{""price"":60125.98,""size"":0.09970088,""num_orders"":1},{""price"":60127.02,""size"":0.04995361,""num_orders"":1},{""price"":60127.87,""size"":0.09970088,""num_orders"":1},{""price"":60127.88,""size"":0.258077,""num_orders"":1},{""price"":60127.92,""size"":0.0001894,""num_orders"":1},{""price"":60127.93,""size"":0.00049045,""num_orders"":1},{""price"":60127.94,""size"":0.00542541,""num_orders"":1},{""price"":60128.0,""size"":0.0273,""num_orders"":1},{""price"":60128.2,""size"":1.9e-05,""num_orders"":1}]"
btc_usd_d10_20260630T001156Z,2,2026-06-30T00:13:56.175998Z,2026-06-30T00:13:56.176137Z,BTC-USD,10,ok,,131687425609,2026-06-30T00:13:55.546874164Z,1.08953336,0.5235202,0.350895453217,60101.010000000002,60101.019999999997,60101.014999999999,0.009999999995,0.00166386541,"[{""price"":60101.01,""size"":0.19997173,""num_orders"":5},{""price"":60100.57,""size"":0.20003929,""num_orders"":2},{""price"":60098.06,""size"":0.02,""num_orders"":1},{""price"":60098.05,""size"":0.13311579,""num_orders"":1},{""price"":60098.0,""size"":0.03,""num_orders"":1},{""price"":60097.99,""size"":0.04995361,""num_orders"":1},{""price"":60097.78,""size"":0.05190882,""num_orders"":1},{""price"":60096.88,""size"":0.09970088,""num_orders"":1},{""price"":60096.87,""size"":0.1908318,""num_orders"":1},{""price"":60096.86,""size"":0.11401144,""num_orders"":1}]","[{""price"":60101.02,""size"":0.03886666,""num_orders"":2},{""price"":60101.03,""size"":0.07749127,""num_orders"":2},{""price"":60101.4,""size"":0.0097,""num_orders"":1},{""price"":60104.0,""size"":0.03,""num_orders"":1},{""price"":60104.04,""size"":1.9e-05,""num_orders"":1},{""price"":60104.46,""size"":0.0157379,""num_orders"":1},{""price"":60104.47,""size"":0.19205088,""num_orders"":1},{""price"":60104.48,""size"":0.09970088,""num_orders"":1},{""price"":60105.0,""size"":0.01,""num_orders"":1},{""price"":60105.48,""size"":0.04995361,""num_orders"":1}]"
btc_usd_d10_20260630T001156Z,3,2026-06-30T00:14:56.175998Z,2026-06-30T00:14:56.176121Z,BTC-USD,10,ok,,131687460505,2026-06-30T00:14:55.046306449Z,0.99346574,0.73070179,0.15240047468,60092.019999999997,60092.029999999999,60092.024999999994,0.010000000002,0.001664114332,"[{""price"":60092.02,""size"":0.37772686,""num_orders"":10},{""price"":60092.0,""size"":0.0285,""num_orders"":1},{""price"":60091.67,""size"":0.02,""num_orders"":1},{""price"":60091.66,""size"":0.19890564,""num_orders"":1},{""price"":60091.59,""size"":0.13313009,""num_orders"":1},{""price"":60091.42,""size"":0.00028506,""num_orders"":1},{""price"":60090.01,""size"":0.02,""num_orders"":1},{""price"":60090.0,""size"":0.0285,""num_orders"":1},{""price"":60089.63,""size"":0.02,""num_orders"":1},{""price"":60089.62,""size"":0.16641809,""num_orders"":1}]","[{""price"":60092.03,""size"":0.11857366,""num_orders"":4},{""price"":60093.97,""size"":0.04995361,""num_orders"":1},{""price"":60095.52,""size"":0.0157379,""num_orders"":1},{""price"":60095.53,""size"":0.00083205,""num_orders"":1},{""price"":60095.67,""size"":0.00714327,""num_orders"":1},{""price"":60096.54,""size"":0.00249617,""num_orders"":1},{""price"":60096.81,""size"":0.13899306,""num_orders"":1},{""price"":60096.82,""size"":0.09970088,""num_orders"":1},{""price"":60096.92,""size"":0.13311831,""num_orders"":1},{""price"":60097.91,""size"":0.16415288,""num_orders"":1}]"
btc_usd_d10_20260630T001156Z,4,2026-06-30T00:15:56.175998Z,2026-06-30T00:15:56.176127Z,BTC-USD,10,ok,,131687523061,2026-06-30T00:15:54.631557787Z,0.56242798,0.70471619,-0.112290466522,60134.239999999998,60134.25,60134.244999999995,0.010000000002,0.001662945964,"[{""price"":60134.24,""size"":0.03447611,""num_orders"":1},{""price"":60134.1,""size"":0.00083145,""num_orders"":1},{""price"":60133.88,""size"":0.03,""num_orders"":1},{""price"":60133.86,""size"":0.03,""num_orders"":1},{""price"":60133.37,""size"":0.01573999,""num_orders"":1},{""price"":60133.36,""size"":0.00022383,""num_orders"":1},{""price"":60132.08,""size"":0.13304046,""num_orders"":1},{""price"":60132.0,""size"":0.0244,""num_orders"":1},{""price"":60131.22,""size"":1.9e-05,""num_orders"":1},{""price"":60130.56,""size"":0.29369714,""num_orders"":1}]","[{""price"":60134.25,""size"":0.19725202,""num_orders"":3},{""price"":60135.03,""size"":0.08027211,""num_orders"":1},{""price"":60135.96,""size"":0.09970088,""num_orders"":1},{""price"":60136.0,""size"":0.0244,""num_orders"":1},{""price"":60137.1,""size"":0.18630623,""num_orders"":1},{""price"":60137.11,""size"":0.04918572,""num_orders"":2},{""price"":60138.0,""size"":0.0244,""num_orders"":1},{""price"":60138.76,""size"":0.00249441,""num_orders"":1},{""price"":60139.53,""size"":0.01573999,""num_orders"":1},{""price"":60139.54,""size"":0.02496483,""num_orders"":1}]"
btc_usd_d10_20260630T001156Z,5,2026-06-30T00:16:56.175998Z,2026-06-30T00:16:56.176128Z,BTC-USD,10,ok,,131687567151,2026-06-30T00:16:54.684375944Z,1.41280671,0.44317876,0.522432942323,60139.970000000001,60139.980000000003,60139.975000000006,0.010000000002,0.001662787522,"[{""price"":60139.97,""size"":0.44707748,""num_orders"":6},{""price"":60139.96,""size"":0.03,""num_orders"":1},{""price"":60139.94,""size"":0.03,""num_orders"":1},{""price"":60139.16,""size"":0.13302479,""num_orders"":1},{""price"":60138.09,""size"":0.32402919,""num_orders"":1},{""price"":60138.08,""size"":0.09970088,""num_orders"":1},{""price"":60137.83,""size"":0.15501719,""num_orders"":1},{""price"":60136.95,""size"":0.01573999,""num_orders"":1},{""price"":60136.94,""size"":0.15501719,""num_orders"":1},{""price"":60136.56,""size"":0.0232,""num_orders"":1}]","[{""price"":60139.98,""size"":9e-08,""num_orders"":1},{""price"":60140.28,""size"":1.9e-05,""num_orders"":1},{""price"":60142.0,""size"":0.0232,""num_orders"":1},{""price"":60143.3,""size"":1.9e-05,""num_orders"":1},{""price"":60143.45,""size"":0.04995361,""num_orders"":1},{""price"":60143.99,""size"":0.18803359,""num_orders"":1},{""price"":60144.0,""size"":0.0232,""num_orders"":1},{""price"":60144.28,""size"":0.13301348,""num_orders"":1},{""price"":60144.99,""size"":0.01573999,""num_orders"":1},{""price"":60145.0,""size"":0.01,""num_orders"":1}]"
btc_usd_d10_20260630T001156Z,6,2026-06-30T00:17:56.175998Z,2026-06-30T00:17:56.176138Z,BTC-USD,10,ok,,131687605126,2026-06-30T00:17:54.610186051Z,0.35806968,1.13769313,-0.521221309146,60128.199999999997,60128.209999999999,60128.205000000002,0.010000000002,0.00166311301,"[{""price"":60128.2,""size"":1.9e-05,""num_orders"":1},{""price"":60125.18,""size"":1.9e-05,""num_orders"":1},{""price"":60124.0,""size"":0.0244,""num_orders"":1},{""price"":60122.16,""size"":1.9e-05,""num_orders"":1},{""price"":60122.0,""size"":0.0244,""num_orders"":1},{""price"":60120.0,""size"":0.0244,""num_orders"":1},{""price"":60119.56,""size"":0.00083147,""num_orders"":1},{""price"":60119.32,""size"":0.13306868,""num_orders"":1},{""price"":60119.14,""size"":1.9e-05,""num_orders"":1},{""price"":60118.62,""size"":0.15089353,""num_orders"":2}]","[{""price"":60128.21,""size"":0.10900305,""num_orders"":3},{""price"":60128.59,""size"":0.05302406,""num_orders"":2},{""price"":60128.6,""size"":0.40965793,""num_orders"":10},{""price"":60130.0,""size"":0.022,""num_orders"":1},{""price"":60131.95,""size"":0.01574084,""num_orders"":1},{""price"":60131.96,""size"":0.04995361,""num_orders"":1},{""price"":60131.97,""size"":0.18781724,""num_orders"":1},{""price"":60131.98,""size"":0.16630087,""num_orders"":1},{""price"":60132.0,""size"":0.12170088,""num_orders"":2},{""price"":60133.11,""size"":0.00249465,""num_orders"":1}]"
btc_usd_d10_20260630T001156Z,7,2026-06-30T00:18:56.175998Z,2026-06-30T00:18:56.176149Z,BTC-USD,10,ok,,131687642422,2026-06-30T00:18:56.104846211Z,0.33612703,1.05782165,-0.517733995774,60102.910000000003,60102.919999999998,60102.915000000001,0.009999999995,0.001663812811,"[{""price"":60102.91,""size"":0.04960492,""num_orders"":7},{""price"":60098.41,""size"":0.01574084,""num_orders"":1},{""price"":60098.4,""size"":0.00249571,""num_orders"":1},{""price"":60098.0,""size"":0.023119,""num_orders"":2},{""price"":60097.01,""size"":0.00284125,""num_orders"":1},{""price"":60096.41,""size"":0.00528146,""num_orders"":1},{""price"":60096.16,""size"":0.16397124,""num_orders"":1},{""price"":60096.0,""size"":0.0231,""num_orders"":1},{""price"":60095.35,""size"":0.04995361,""num_orders"":1},{""price"":60094.98,""size"":1.9e-05,""num_orders"":1}]","[{""price"":60102.92,""size"":0.27664121,""num_orders"":6},{""price"":60103.17,""size"":0.02,""num_orders"":1},{""price"":60103.18,""size"":0.26358834,""num_orders"":2},{""price"":60103.5,""size"":0.13310373,""num_orders"":1},{""price"":60103.99,""size"":0.09970088,""num_orders"":1},{""price"":60104.0,""size"":0.0231,""num_orders"":1},{""price"":60105.86,""size"":0.09970088,""num_orders"":1},{""price"":60106.0,""size"":0.0231,""num_orders"":1},{""price"":60106.68,""size"":0.01574084,""num_orders"":1},{""price"":60106.69,""size"":0.10314577,""num_orders"":1}]"
btc_usd_d10_20260630T001156Z,8,2026-06-30T00:19:56.175998Z,2026-06-30T00:19:56.176150Z,BTC-USD,10,ok,,131687684373,2026-06-30T00:19:53.546176062Z,0.49789981,1.17018818,-0.403029321013,60070.82,60070.830000000002,60070.824999999997,0.010000000002,0.001664701625,"[{""price"":60070.82,""size"":0.00091655,""num_orders"":2},{""price"":60067.81,""size"":0.01574084,""num_orders"":1},{""price"":60067.8,""size"":1.9e-05,""num_orders"":1},{""price"":60066.79,""size"":0.13801792,""num_orders"":1},{""price"":60066.13,""size"":0.13318653,""num_orders"":1},{""price"":60065.88,""size"":0.13801792,""num_orders"":1},{""price"":60065.29,""size"":0.00012844,""num_orders"":1},{""price"":60065.19,""size"":0.04995361,""num_orders"":1},{""price"":60064.78,""size"":1.9e-05,""num_orders"":1},{""price"":60064.0,""size"":0.0219,""num_orders"":1}]","[{""price"":60070.83,""size"":0.33762645,""num_orders"":8},{""price"":60070.84,""size"":0.2788409,""num_orders"":3},{""price"":60072.0,""size"":0.0219,""num_orders"":1},{""price"":60072.44,""size"":0.13317255,""num_orders"":1},{""price"":60073.2,""size"":0.09970088,""num_orders"":1},{""price"":60074.52,""size"":0.02497488,""num_orders"":1},{""price"":60075.23,""size"":0.10241803,""num_orders"":1},{""price"":60075.24,""size"":0.09970088,""num_orders"":1},{""price"":60075.52,""size"":0.04995361,""num_orders"":1},{""price"":60076.0,""size"":0.0219,""num_orders"":1}]"
btc_usd_d10_20260630T001156Z,9,2026-06-30T00:20:56.175998Z,2026-06-30T00:20:56.176140Z,BTC-USD,10,ok,,131687735870,2026-06-30T00:20:53.546116631Z,0.40579009,0.81780491,-0.336724831337,60046.290000000001,60046.300000000003,60046.294999999998,0.010000000002,0.001665381686,"[{""price"":60046.29,""size"":0.00612104,""num_orders"":3},{""price"":60044.0,""size"":0.0229,""num_orders"":1},{""price"":60042.02,""size"":0.12461376,""num_orders"":1},{""price"":60042.01,""size"":0.04997681,""num_orders"":1},{""price"":60042.0,""size"":0.0229,""num_orders"":1},{""price"":60041.83,""size"":0.13324043,""num_orders"":1},{""price"":60040.97,""size"":0.0024981,""num_orders"":1},{""price"":60040.61,""size"":0.00011792,""num_orders"":1},{""price"":60040.34,""size"":0.02342203,""num_orders"":1},{""price"":60040.05,""size"":0.02,""num_orders"":1}]","[{""price"":60046.3,""size"":0.06693785,""num_orders"":5},{""price"":60046.46,""size"":9.7e-05,""num_orders"":1},{""price"":60046.66,""size"":1.9e-05,""num_orders"":1},{""price"":60047.98,""size"":0.01575413,""num_orders"":1},{""price"":60047.99,""size"":0.14336997,""num_orders"":2},{""price"":60048.0,""size"":0.0229,""num_orders"":1},{""price"":60049.19,""size"":0.04997681,""num_orders"":1},{""price"":60049.2,""size"":0.1332241,""num_orders"":1},{""price"":60049.49,""size"":0.09970088,""num_orders"":1},{""price"":60049.5,""size"":0.28582517,""num_orders"":1}]"
btc_usd_d10_20260630T001156Z,10,2026-06-30T00:21:56.175998Z,2026-06-30T00:21:56.176129Z,BTC-USD,10,ok,,131687777687,2026-06-30T00:21:53.545835752Z,0.34374845,0.86727896,-0.432302775046,60018.120000000003,60018.129999999997,60018.125,0.009999999995,0.001666163346,"[{""price"":60018.12,""size"":0.03685143,""num_orders"":1},{""price"":60017.99,""size"":0.00013645,""num_orders"":1},{""price"":60017.98,""size"":0.00018445,""num_orders"":2},{""price"":60016.83,""size"":0.1267338,""num_orders"":1},{""price"":60016.46,""size"":1.9e-05,""num_orders"":1},{""price"":60015.89,""size"":0.00666274,""num_orders"":1},{""price"":60015.0,""size"":0.00318491,""num_orders"":1},{""price"":60014.89,""size"":0.1666253,""num_orders"":1},{""price"":60014.81,""size"":0.00333137,""num_orders"":1},{""price"":60013.44,""size"":1.9e-05,""num_orders"":1}]","[{""price"":60018.13,""size"":0.0614666,""num_orders"":4},{""price"":60018.16,""size"":0.18443439,""num_orders"":1},{""price"":60018.17,""size"":0.09970088,""num_orders"":1},{""price"":60020.0,""size"":0.0211,""num_orders"":1},{""price"":60021.44,""size"":0.00542535,""num_orders"":1},{""price"":60021.77,""size"":0.09970088,""num_orders"":1},{""price"":60021.78,""size"":0.04998502,""num_orders"":1},{""price"":60021.88,""size"":0.13328473,""num_orders"":1},{""price"":60022.0,""size"":0.0211,""num_orders"":1},{""price"":60022.46,""size"":0.19108111,""num_orders"":1}]"
btc_usd_d10_20260630T001156Z,11,2026-06-30T00:22:56.175998Z,2026-06-30T00:22:56.176135Z,BTC-USD,10,ok,,131687828252,2026-06-30T00:22:55.184707521Z,0.61842442,0.78402353,-0.118078613898,60017.959999999999,60017.970000000001,60017.964999999997,0.010000000002,0.001666167789,"[{""price"":60017.96,""size"":0.04710824,""num_orders"":7},{""price"":60016.02,""size"":0.04999154,""num_orders"":1},{""price"":60016.01,""size"":0.1051451,""num_orders"":2},{""price"":60016.0,""size"":0.0233,""num_orders"":1},{""price"":60014.8,""size"":0.13330043,""num_orders"":1},{""price"":60014.0,""size"":0.0233,""num_orders"":1},{""price"":60013.47,""size"":0.01577081,""num_orders"":1},{""price"":60013.46,""size"":0.00249925,""num_orders"":1},{""price"":60012.77,""size"":0.18630009,""num_orders"":1},{""price"":60012.09,""size"":0.03170896,""num_orders"":1}]","[{""price"":60017.97,""size"":0.00486219,""num_orders"":2},{""price"":60019.16,""size"":0.09970088,""num_orders"":1},{""price"":60019.48,""size"":1.9e-05,""num_orders"":1},{""price"":60019.49,""size"":0.00787678,""num_orders"":3},{""price"":60019.61,""size"":0.30592468,""num_orders"":1},{""price"":60019.62,""size"":0.04999154,""num_orders"":1},{""price"":60019.63,""size"":0.13328974,""num_orders"":1},{""price"":60020.0,""size"":0.0333,""num_orders"":2},{""price"":60020.45,""size"":0.13328791,""num_orders"":1},{""price"":60020.97,""size"":0.01577081,""num_orders"":1}]"
btc_usd_d10_20260630T001156Z,12,2026-06-30T00:23:56.175998Z,2026-06-30T00:23:56.176144Z,BTC-USD,10,ok,,131687866360,2026-06-30T00:23:53.546785537Z,0.70656454,0.29759494,0.407275545514,59999.989999999998,60000,59999.994999999995,0.010000000002,0.001666666806,"[{""price"":59999.99,""size"":0.07701861,""num_orders"":7},{""price"":59999.15,""size"":0.1333352,""num_orders"":1},{""price"":59998.0,""size"":0.0257,""num_orders"":1},{""price"":59997.98,""size"":0.13333782,""num_orders"":1},{""price"":59997.65,""size"":0.094,""num_orders"":1},{""price"":59996.85,""size"":0.01577538,""num_orders"":1},{""price"":59996.84,""size"":0.05000481,""num_orders"":1},{""price"":59996.83,""size"":0.09970088,""num_orders"":1},{""price"":59996.81,""size"":0.05199184,""num_orders"":1},{""price"":59996.0,""size"":0.0257,""num_orders"":1}]","[{""price"":60000.0,""size"":0.01085096,""num_orders"":2},{""price"":60000.01,""size"":0.0064881,""num_orders"":3},{""price"":60001.36,""size"":1.9e-05,""num_orders"":1},{""price"":60002.0,""size"":0.0257,""num_orders"":1},{""price"":60002.87,""size"":0.10356362,""num_orders"":1},{""price"":60002.89,""size"":9.7e-05,""num_orders"":1},{""price"":60003.5,""size"":0.09970088,""num_orders"":1},{""price"":60004.0,""size"":0.0257,""num_orders"":1},{""price"":60004.18,""size"":0.0097,""num_orders"":1},{""price"":60004.37,""size"":0.01577538,""num_orders"":1}]"
btc_usd_d10_20260630T001156Z,13,2026-06-30T00:24:56.175998Z,2026-06-30T00:24:56.176144Z,BTC-USD,10,ok,,131687905554,2026-06-30T00:24:55.046145283Z,0.6752686,1.28513424,-0.311091999846,60007.529999999999,60007.540000000001,60007.535000000003,0.010000000002,0.001666457388,"[{""price"":60007.53,""size"":0.08292441,""num_orders"":4},{""price"":60007.52,""size"":0.03,""num_orders"":1},{""price"":60007.5,""size"":0.03,""num_orders"":1},{""price"":60004.68,""size"":0.09970088,""num_orders"":1},{""price"":60004.66,""size"":0.13332296,""num_orders"":1},{""price"":60004.0,""size"":0.0257,""num_orders"":1},{""price"":60002.9,""size"":0.00249969,""num_orders"":1},{""price"":60002.16,""size"":0.02,""num_orders"":1},{""price"":60002.15,""size"":0.22542066,""num_orders"":2},{""price"":60002.0,""size"":0.0257,""num_orders"":1}]","[{""price"":60007.54,""size"":0.0348,""num_orders"":1},{""price"":60008.0,""size"":0.0257,""num_orders"":1},{""price"":60008.07,""size"":0.16462582,""num_orders"":2},{""price"":60008.08,""size"":0.03779369,""num_orders"":3},{""price"":60009.54,""size"":0.13331214,""num_orders"":1},{""price"":60009.99,""size"":0.09970088,""num_orders"":1},{""price"":60010.0,""size"":0.0257,""num_orders"":1},{""price"":60010.17,""size"":0.00012903,""num_orders"":1},{""price"":60010.39,""size"":0.76335368,""num_orders"":1},{""price"":60010.42,""size"":1.9e-05,""num_orders"":1}]"
btc_usd_d10_20260630T001156Z,14,2026-06-30T00:25:56.175998Z,2026-06-30T00:25:56.176119Z,BTC-USD,10,ok,,131687956916,2026-06-30T00:25:55.546802438Z,0.36817321,1.74585499,-0.651685620845,60005.989999999998,60006,60005.994999999995,0.010000000002,0.001666500156,"[{""price"":60005.99,""size"":0.00396009,""num_orders"":1},{""price"":60001.49,""size"":0.00249975,""num_orders"":1},{""price"":59999.07,""size"":0.01577538,""num_orders"":1},{""price"":59999.06,""size"":0.00094178,""num_orders"":1},{""price"":59999.03,""size"":3.618e-05,""num_orders"":1},{""price"":59998.91,""size"":0.09970088,""num_orders"":1},{""price"":59998.9,""size"":0.13333576,""num_orders"":1},{""price"":59998.42,""size"":0.0419069,""num_orders"":1},{""price"":59998.41,""size"":0.02,""num_orders"":1},{""price"":59998.4,""size"":0.05001649,""num_orders"":1}]","[{""price"":60006.0,""size"":1.2372226,""num_orders"":8},{""price"":60006.8,""size"":0.02,""num_orders"":1},{""price"":60006.81,""size"":0.18228324,""num_orders"":1},{""price"":60007.4,""size"":1.9e-05,""num_orders"":1},{""price"":60008.0,""size"":0.0232,""num_orders"":1},{""price"":60008.34,""size"":0.09970088,""num_orders"":1},{""price"":60008.35,""size"":0.13331479,""num_orders"":1},{""price"":60008.82,""size"":9.7e-05,""num_orders"":1},{""price"":60009.04,""size"":0.04999247,""num_orders"":1},{""price"":60009.99,""size"":2.501e-05,""num_orders"":1}]"
btc_usd_d10_20260630T001156Z,15,2026-06-30T00:26:56.175998Z,2026-06-30T00:26:56.176120Z,BTC-USD,10,ok,,131687992818,2026-06-30T00:26:54.103098619Z,0.51429077,0.61040709,-0.0854596807,60002,60002.010000000002,60002.005000000005,0.010000000002,0.001666610974,"[{""price"":60002.0,""size"":0.0624656,""num_orders"":6},{""price"":60001.57,""size"":0.13332984,""num_orders"":1},{""price"":60000.95,""size"":0.05001649,""num_orders"":1},{""price"":60000.94,""size"":0.03,""num_orders"":1},{""price"":60000.92,""size"":0.03,""num_orders"":1},{""price"":60000.0,""size"":0.023,""num_orders"":1},{""price"":59998.53,""size"":0.02,""num_orders"":1},{""price"":59998.52,""size"":0.05000124,""num_orders"":1},{""price"":59998.28,""size"":0.01577672,""num_orders"":1},{""price"":59998.27,""size"":0.09970088,""num_orders"":1}]","[{""price"":60002.01,""size"":0.08274253,""num_orders"":7},{""price"":60002.5,""size"":0.01085167,""num_orders"":1},{""price"":60004.31,""size"":0.02985984,""num_orders"":1},{""price"":60004.34,""size"":0.05001649,""num_orders"":1},{""price"":60004.35,""size"":0.1572198,""num_orders"":2},{""price"":60004.38,""size"":1.9e-05,""num_orders"":1},{""price"":60005.0,""size"":0.02577672,""num_orders"":2},{""price"":60005.23,""size"":0.09970088,""num_orders"":1},{""price"":60005.93,""size"":0.13332016,""num_orders"":1},{""price"":60006.0,""size"":0.0209,""num_orders"":1}]"
btc_usd_d10_20260630T001156Z,16,2026-06-30T00:27:56.175998Z,2026-06-30T00:27:56.176143Z,BTC-USD,10,ok,,131688037551,2026-06-30T00:27:56.039015886Z,0.64352042,2.38660934,-0.575252236063,59956.550000000003,59956.559999999998,59956.555,0.009999999995,0.001667874346,"[{""price"":59956.55,""size"":0.13342994,""num_orders"":1},{""price"":59956.0,""size"":0.01577803,""num_orders"":1},{""price"":59955.99,""size"":0.05202551,""num_orders"":1},{""price"":59955.29,""size"":0.05003528,""num_orders"":1},{""price"":59955.28,""size"":0.09970088,""num_orders"":1},{""price"":59954.0,""size"":0.0257,""num_orders"":1},{""price"":59953.15,""size"":0.09970088,""num_orders"":1},{""price"":59953.04,""size"":1.9e-05,""num_orders"":1},{""price"":59952.85,""size"":0.00033312,""num_orders"":1},{""price"":59952.83,""size"":0.16679778,""num_orders"":1}]","[{""price"":59956.56,""size"":0.14508771,""num_orders"":2},{""price"":59956.7,""size"":0.07704577,""num_orders"":1},{""price"":59957.71,""size"":0.08807521,""num_orders"":1},{""price"":59958.0,""size"":0.0257,""num_orders"":1},{""price"":59959.09,""size"":0.01121094,""num_orders"":2},{""price"":59959.49,""size"":0.86405471,""num_orders"":1},{""price"":59959.5,""size"":1.0,""num_orders"":1},{""price"":59959.97,""size"":0.09970088,""num_orders"":1},{""price"":59959.98,""size"":0.05003412,""num_orders"":1},{""price"":59960.0,""size"":0.0257,""num_orders"":1}]"
btc_usd_d10_20260630T001156Z,17,2026-06-30T00:28:56.175998Z,2026-06-30T00:28:56.176144Z,BTC-USD,10,ok,,131688111766,2026-06-30T00:28:53.603215582Z,0.44319527,2.38806852,-0.68692760345,59874.510000000002,59874.519999999997,59874.514999999999,0.009999999995,0.001670159666,"[{""price"":59874.51,""size"":0.11670298,""num_orders"":3},{""price"":59874.5,""size"":0.03,""num_orders"":1},{""price"":59874.48,""size"":0.03,""num_orders"":1},{""price"":59872.53,""size"":0.05011237,""num_orders"":1},{""price"":59870.35,""size"":9.938e-05,""num_orders"":1},{""price"":59870.0,""size"":0.0209,""num_orders"":1},{""price"":59869.49,""size"":0.13362397,""num_orders"":1},{""price"":59868.04,""size"":0.01580038,""num_orders"":1},{""price"":59868.03,""size"":0.02505619,""num_orders"":1},{""price"":59868.0,""size"":0.0209,""num_orders"":1}]","[{""price"":59874.52,""size"":0.15609926,""num_orders"":4},{""price"":59875.46,""size"":0.01580038,""num_orders"":1},{""price"":59875.47,""size"":0.13361064,""num_orders"":1},{""price"":59875.49,""size"":0.7623065,""num_orders"":1},{""price"":59875.5,""size"":1.0,""num_orders"":1},{""price"":59875.98,""size"":0.09970088,""num_orders"":1},{""price"":59876.0,""size"":0.0219,""num_orders"":1},{""price"":59876.01,""size"":0.00578789,""num_orders"":2},{""price"":59876.62,""size"":9.7e-05,""num_orders"":1},{""price"":59877.1,""size"":0.19276597,""num_orders"":2}]"
btc_usd_d10_20260630T001156Z,18,2026-06-30T00:29:56.175998Z,2026-06-30T00:29:56.176117Z,BTC-USD,10,ok,,131688163379,2026-06-30T00:29:55.836071636Z,0.41165135,1.64195817,-0.599094817208,59846.889999999999,59846.900000000001,59846.895000000004,0.010000000002,0.001670930464,"[{""price"":59846.89,""size"":0.0352049,""num_orders"":3},{""price"":59844.32,""size"":1.9e-05,""num_orders"":1},{""price"":59844.0,""size"":0.0257,""num_orders"":1},{""price"":59842.02,""size"":0.01580038,""num_orders"":1},{""price"":59842.01,""size"":0.09970088,""num_orders"":1},{""price"":59842.0,""size"":0.0257,""num_orders"":1},{""price"":59841.3,""size"":1.9e-05,""num_orders"":1},{""price"":59841.16,""size"":0.13368724,""num_orders"":1},{""price"":59840.01,""size"":0.05011995,""num_orders"":1},{""price"":59840.0,""size"":0.0257,""num_orders"":1}]","[{""price"":59846.9,""size"":0.05294766,""num_orders"":2},{""price"":59847.35,""size"":0.13367344,""num_orders"":1},{""price"":59848.0,""size"":0.0257,""num_orders"":1},{""price"":59848.49,""size"":0.09970088,""num_orders"":1},{""price"":59848.5,""size"":1.0,""num_orders"":1},{""price"":59850.0,""size"":0.0257,""num_orders"":1},{""price"":59850.36,""size"":0.01580038,""num_orders"":1},{""price"":59850.37,""size"":0.00250643,""num_orders"":1},{""price"":59850.79,""size"":0.1862285,""num_orders"":1},{""price"":59851.0,""size"":0.09970088,""num_orders"":1}]"
btc_usd_d10_20260630T001156Z,19,2026-06-30T00:30:56.175998Z,2026-06-30T00:30:56.176126Z,BTC-USD,10,ok,,131688273483,2026-06-30T00:30:55.546327235Z,1.00296309,0.48267356,0.350213176284,59759.75,59759.760000000002,59759.755000000005,0.010000000002,0.001673366968,"[{""price"":59759.75,""size"":0.46217591,""num_orders"":6},{""price"":59757.73,""size"":9.856e-05,""num_orders"":1},{""price"":59756.8,""size"":0.01580038,""num_orders"":1},{""price"":59756.79,""size"":0.20212342,""num_orders"":1},{""price"":59756.78,""size"":0.10039827,""num_orders"":1},{""price"":59756.76,""size"":0.16734508,""num_orders"":1},{""price"":59756.0,""size"":0.0257,""num_orders"":1},{""price"":59755.27,""size"":0.00251005,""num_orders"":1},{""price"":59754.73,""size"":0.00111142,""num_orders"":1},{""price"":59754.0,""size"":0.0257,""num_orders"":1}]","[{""price"":59759.76,""size"":0.26272614,""num_orders"":3},{""price"":59762.0,""size"":0.0257,""num_orders"":1},{""price"":59762.78,""size"":1.9e-05,""num_orders"":1},{""price"":59764.0,""size"":0.0257,""num_orders"":1},{""price"":59765.0,""size"":0.01,""num_orders"":1},{""price"":59765.8,""size"":1.9e-05,""num_orders"":1},{""price"":59768.82,""size"":1.9e-05,""num_orders"":1},{""price"":59769.11,""size"":0.14839342,""num_orders"":1},{""price"":59770.0,""size"":0.01,""num_orders"":1},{""price"":59770.16,""size"":9.7e-05,""num_orders"":1}]"
btc_usd_d10_20260630T001156Z,20,2026-06-30T00:31:56.175998Z,2026-06-30T00:31:56.176128Z,BTC-USD,10,ok,,131688353647,2026-06-30T00:31:56.104822654Z,0.82043666,0.47514506,0.266514720507,59711.120000000003,59711.129999999997,59711.125,0.009999999995,0.001674729792,"[{""price"":59711.12,""size"":0.07046345,""num_orders"":3},{""price"":59711.11,""size"":0.13397841,""num_orders"":1},{""price"":59710.71,""size"":0.00019125,""num_orders"":1},{""price"":59709.06,""size"":0.16747875,""num_orders"":1},{""price"":59708.35,""size"":0.14733753,""num_orders"":1},{""price"":59708.0,""size"":0.023,""num_orders"":1},{""price"":59706.31,""size"":0.10039827,""num_orders"":1},{""price"":59706.0,""size"":0.023,""num_orders"":1},{""price"":59705.45,""size"":0.15457,""num_orders"":2},{""price"":59705.4,""size"":1.9e-05,""num_orders"":1}]","[{""price"":59711.13,""size"":0.0348,""num_orders"":1},{""price"":59712.0,""size"":0.023,""num_orders"":1},{""price"":59714.0,""size"":0.023,""num_orders"":1},{""price"":59714.46,""size"":1.9e-05,""num_orders"":1},{""price"":59715.62,""size"":0.05024925,""num_orders"":1},{""price"":59716.0,""size"":0.0219,""num_orders"":1},{""price"":59716.49,""size"":0.22092219,""num_orders"":2},{""price"":59716.54,""size"":0.00083735,""num_orders"":1},{""price"":59717.11,""size"":0.10039827,""num_orders"":1},{""price"":59717.48,""size"":1.9e-05,""num_orders"":1}]"
btc_usd_d10_20260630T001156Z,21,2026-06-30T00:32:56.175998Z,2026-06-30T00:32:56.176137Z,BTC-USD,10,ok,,131688504235,2026-06-30T00:32:55.687743383Z,0.65880084,0.28949015,0.389448696544,59744.660000000003,59744.669999999998,59744.665000000001,0.009999999995,0.001673789617,"[{""price"":59744.66,""size"":0.03484175,""num_orders"":3},{""price"":59744.0,""size"":0.0112,""num_orders"":1},{""price"":59743.08,""size"":0.08662872,""num_orders"":1},{""price"":59743.07,""size"":0.13390673,""num_orders"":1},{""price"":59742.0,""size"":0.0112,""num_orders"":1},{""price"":59741.68,""size"":0.13550024,""num_orders"":2},{""price"":59741.64,""size"":1.9e-05,""num_orders"":1},{""price"":59740.34,""size"":0.10039152,""num_orders"":1},{""price"":59740.33,""size"":0.13391288,""num_orders"":1},{""price"":59740.0,""size"":0.0112,""num_orders"":1}]","[{""price"":59744.67,""size"":0.00553595,""num_orders"":2},{""price"":59744.88,""size"":0.01673784,""num_orders"":1},{""price"":59745.22,""size"":0.05033827,""num_orders"":1},{""price"":59745.62,""size"":0.01673763,""num_orders"":1},{""price"":59745.65,""size"":0.01673762,""num_orders"":1},{""price"":59747.99,""size"":0.01580038,""num_orders"":1},{""price"":59748.0,""size"":0.0112,""num_orders"":1},{""price"":59749.15,""size"":0.00251068,""num_orders"":1},{""price"":59749.73,""size"":0.02,""num_orders"":1},{""price"":59749.75,""size"":0.13389178,""num_orders"":1}]"
btc_usd_d10_20260630T001156Z,22,2026-06-30T00:33:56.175998Z,2026-06-30T00:33:56.176129Z,BTC-USD,10,ok,,131688605010,2026-06-30T00:33:54.591359642Z,0.43726258,0.36501264,0.090056302624,59777.419999999998,59777.43,59777.425000000003,0.010000000002,0.001672872326,"[{""price"":59777.42,""size"":0.06979163,""num_orders"":3},{""price"":59775.14,""size"":0.07989944,""num_orders"":1},{""price"":59775.13,""size"":0.1338349,""num_orders"":1},{""price"":59774.32,""size"":0.05747073,""num_orders"":1},{""price"":59774.02,""size"":0.05033827,""num_orders"":1},{""price"":59774.0,""size"":0.014,""num_orders"":1},{""price"":59773.83,""size"":0.00132276,""num_orders"":1},{""price"":59772.54,""size"":0.014,""num_orders"":1},{""price"":59772.3,""size"":0.00250933,""num_orders"":1},{""price"":59772.0,""size"":0.01409552,""num_orders"":2}]","[{""price"":59777.43,""size"":0.07428358,""num_orders"":3},{""price"":59777.87,""size"":0.01583375,""num_orders"":1},{""price"":59777.88,""size"":0.00101618,""num_orders"":4},{""price"":59778.0,""size"":0.014,""num_orders"":1},{""price"":59778.73,""size"":0.00418209,""num_orders"":1},{""price"":59778.9,""size"":0.00418208,""num_orders"":1},{""price"":59779.2,""size"":0.02,""num_orders"":1},{""price"":59779.21,""size"":0.11712344,""num_orders"":1},{""price"":59779.99,""size"":0.10039152,""num_orders"":1},{""price"":59780.0,""size"":0.014,""num_orders"":1}]"
btc_usd_d10_20260630T001156Z,23,2026-06-30T00:34:56.175998Z,2026-06-30T00:34:56.176125Z,BTC-USD,10,ok,,131688689937,2026-06-30T00:34:54.130026102Z,0.71194007,3.57839641,-0.668119238051,59777.870000000003,59777.879999999997,59777.875,0.009999999995,0.001672859732,"[{""price"":59777.87,""size"":0.00011799,""num_orders"":2},{""price"":59774.86,""size"":1.9e-05,""num_orders"":1},{""price"":59772.0,""size"":0.017,""num_orders"":1},{""price"":59771.84,""size"":1.9e-05,""num_orders"":1},{""price"":59771.02,""size"":0.26100677,""num_orders"":1},{""price"":59770.0,""size"":0.027,""num_orders"":2},{""price"":59769.34,""size"":0.05033827,""num_orders"":1},{""price"":59769.33,""size"":0.25602852,""num_orders"":1},{""price"":59768.82,""size"":1.9e-05,""num_orders"":1},{""price"":59768.03,""size"":0.10039152,""num_orders"":1}]","[{""price"":59777.88,""size"":1.06832056,""num_orders"":17},{""price"":59777.89,""size"":0.05033827,""num_orders"":1},{""price"":59777.91,""size"":0.8053502,""num_orders"":2},{""price"":59778.0,""size"":0.017,""num_orders"":1},{""price"":59778.1,""size"":0.13382829,""num_orders"":1},{""price"":59779.94,""size"":0.00499221,""num_orders"":1},{""price"":59780.91,""size"":0.2342135,""num_orders"":2},{""price"":59781.0,""size"":1.0,""num_orders"":1},{""price"":59781.49,""size"":0.18020638,""num_orders"":1},{""price"":59781.87,""size"":0.084147,""num_orders"":1}]"
btc_usd_d10_20260630T001156Z,24,2026-06-30T00:35:56.175998Z,2026-06-30T00:35:56.176128Z,BTC-USD,10,ok,,131688760359,2026-06-30T00:35:54.682792257Z,1.11387537,0.88830767,0.112660878398,59781.980000000003,59781.989999999998,59781.985000000001,0.009999999995,0.001672744723,"[{""price"":59781.98,""size"":0.05397879,""num_orders"":6},{""price"":59780.91,""size"":0.13382198,""num_orders"":1},{""price"":59780.9,""size"":1.883e-05,""num_orders"":1},{""price"":59780.0,""size"":0.0161,""num_orders"":1},{""price"":59778.77,""size"":0.23933319,""num_orders"":1},{""price"":59778.76,""size"":0.25096608,""num_orders"":1},{""price"":59778.64,""size"":0.13382704,""num_orders"":1},{""price"":59778.0,""size"":0.0161,""num_orders"":1},{""price"":59777.88,""size"":1.9e-05,""num_orders"":1},{""price"":59777.87,""size"":0.26971046,""num_orders"":2}]","[{""price"":59781.99,""size"":0.1247251,""num_orders"":2},{""price"":59783.96,""size"":0.01906222,""num_orders"":1},{""price"":59783.97,""size"":0.01583001,""num_orders"":1},{""price"":59784.0,""size"":0.0161,""num_orders"":1},{""price"":59784.33,""size"":0.16952008,""num_orders"":1},{""price"":59785.32,""size"":0.10039152,""num_orders"":1},{""price"":59785.37,""size"":0.05033827,""num_orders"":1},{""price"":59785.5,""size"":0.11712344,""num_orders"":1},{""price"":59786.0,""size"":0.0161,""num_orders"":1},{""price"":59787.81,""size"":0.25911703,""num_orders"":2}]"
btc_usd_d10_20260630T001156Z,25,2026-06-30T00:36:56.175998Z,2026-06-30T00:36:56.176115Z,BTC-USD,10,ok,,131688836683,2026-06-30T00:36:55.103422470Z,0.62644364,0.48520865,0.12704961009,59728.589999999997,59728.599999999999,59728.595000000001,0.010000000002,0.001674239952,"[{""price"":59728.59,""size"":0.16396229,""num_orders"":7},{""price"":59728.0,""size"":0.0159,""num_orders"":1},{""price"":59727.53,""size"":0.07996314,""num_orders"":1},{""price"":59727.52,""size"":0.1339416,""num_orders"":1},{""price"":59726.68,""size"":0.08455696,""num_orders"":2},{""price"":59726.54,""size"":9.56e-05,""num_orders"":1},{""price"":59726.0,""size"":0.0159,""num_orders"":1},{""price"":59724.03,""size"":0.01583253,""num_orders"":1},{""price"":59724.02,""size"":0.10039152,""num_orders"":1},{""price"":59724.0,""size"":0.0159,""num_orders"":1}]","[{""price"":59728.6,""size"":0.06278375,""num_orders"":2},{""price"":59730.11,""size"":0.0011973,""num_orders"":1},{""price"":59731.99,""size"":0.01583253,""num_orders"":1},{""price"":59732.0,""size"":0.11629152,""num_orders"":2},{""price"":59732.77,""size"":0.00296543,""num_orders"":2},{""price"":59734.0,""size"":0.0159,""num_orders"":1},{""price"":59734.14,""size"":0.02,""num_orders"":1},{""price"":59734.15,""size"":0.09948933,""num_orders"":1},{""price"":59734.29,""size"":0.15072979,""num_orders"":2},{""price"":59735.6,""size"":1.9e-05,""num_orders"":1}]"
btc_usd_d10_20260630T001156Z,26,2026-06-30T00:37:56.175998Z,2026-06-30T00:37:56.176125Z,BTC-USD,10,ok,,131688899073,2026-06-30T00:37:54.546150278Z,0.98350826,0.45117009,0.371050535474,59711.440000000002,59711.449999999997,59711.445,0.009999999995,0.001674720817,"[{""price"":59711.44,""size"":0.38667865,""num_orders"":6},{""price"":59710.0,""size"":0.0166,""num_orders"":1},{""price"":59709.11,""size"":0.10039152,""num_orders"":1},{""price"":59708.43,""size"":0.01583253,""num_orders"":1},{""price"":59708.42,""size"":1.9e-05,""num_orders"":1},{""price"":59708.15,""size"":0.16748129,""num_orders"":1},{""price"":59708.01,""size"":0.05033827,""num_orders"":1},{""price"":59708.0,""size"":0.0166,""num_orders"":1},{""price"":59707.92,""size"":0.12917548,""num_orders"":1},{""price"":59706.47,""size"":0.10039152,""num_orders"":1}]","[{""price"":59711.45,""size"":0.00564163,""num_orders"":1},{""price"":59712.02,""size"":0.00079172,""num_orders"":1},{""price"":59713.99,""size"":0.05033827,""num_orders"":1},{""price"":59715.93,""size"":0.00251208,""num_orders"":1},{""price"":59716.0,""size"":0.0166,""num_orders"":1},{""price"":59717.48,""size"":0.01583253,""num_orders"":1},{""price"":59717.49,""size"":0.10509997,""num_orders"":3},{""price"":59718.26,""size"":0.02,""num_orders"":1},{""price"":59718.27,""size"":0.13396237,""num_orders"":1},{""price"":59719.31,""size"":0.10039152,""num_orders"":1}]"
btc_usd_d10_20260630T001156Z,27,2026-06-30T00:38:56.175998Z,2026-06-30T00:38:56.176127Z,BTC-USD,10,ok,,131688952869,2026-06-30T00:38:55.101899975Z,1.30720231,0.52823818,0.424401735847,59710.470000000001,59710.480000000003,59710.475000000006,0.010000000002,0.001674748024,"[{""price"":59710.47,""size"":0.47815799,""num_orders"":8},{""price"":59710.0,""size"":0.0129,""num_orders"":1},{""price"":59708.0,""size"":0.0129,""num_orders"":1},{""price"":59707.39,""size"":0.0799901,""num_orders"":1},{""price"":59707.38,""size"":0.13398677,""num_orders"":1},{""price"":59706.17,""size"":0.10039152,""num_orders"":1},{""price"":59706.16,""size"":0.24446465,""num_orders"":1},{""price"":59706.15,""size"":0.22899916,""num_orders"":1},{""price"":59706.0,""size"":0.0129,""num_orders"":1},{""price"":59705.99,""size"":0.00251212,""num_orders"":1}]","[{""price"":59710.48,""size"":0.00251212,""num_orders"":1},{""price"":59714.46,""size"":1.9e-05,""num_orders"":1},{""price"":59714.96,""size"":0.00251212,""num_orders"":1},{""price"":59715.0,""size"":0.01,""num_orders"":1},{""price"":59715.96,""size"":0.13259959,""num_orders"":1},{""price"":59715.97,""size"":0.10039152,""num_orders"":1},{""price"":59715.99,""size"":0.10881835,""num_orders"":1},{""price"":59716.0,""size"":0.0129,""num_orders"":1},{""price"":59716.28,""size"":0.15846648,""num_orders"":2},{""price"":59717.48,""size"":1.9e-05,""num_orders"":1}]"
btc_usd_d10_20260630T001156Z,28,2026-06-30T00:39:56.175998Z,2026-06-30T00:39:56.176120Z,BTC-USD,10,ok,,131689032865,2026-06-30T00:39:55.631012663Z,0.88207845,0.64857813,0.152549123723,59638.949999999997,59638.959999999999,59638.955000000002,0.010000000002,0.001676756409,"[{""price"":59638.95,""size"":0.27695166,""num_orders"":6},{""price"":59638.72,""size"":0.00330418,""num_orders"":1},{""price"":59638.71,""size"":0.13414106,""num_orders"":1},{""price"":59638.0,""size"":0.0155,""num_orders"":1},{""price"":59637.32,""size"":0.10039152,""num_orders"":1},{""price"":59637.31,""size"":0.1341442,""num_orders"":1},{""price"":59636.0,""size"":0.0155,""num_orders"":1},{""price"":59635.23,""size"":0.09923918,""num_orders"":1},{""price"":59635.22,""size"":0.10039152,""num_orders"":1},{""price"":59634.24,""size"":0.00251513,""num_orders"":1}]","[{""price"":59638.96,""size"":0.01290444,""num_orders"":2},{""price"":59641.96,""size"":0.0097,""num_orders"":1},{""price"":59641.98,""size"":1.9e-05,""num_orders"":1},{""price"":59642.0,""size"":0.0155,""num_orders"":1},{""price"":59642.52,""size"":0.000194,""num_orders"":1},{""price"":59642.53,""size"":9.7e-05,""num_orders"":1},{""price"":59644.0,""size"":0.0155,""num_orders"":1},{""price"":59644.66,""size"":0.3684898,""num_orders"":2},{""price"":59644.67,""size"":0.15072979,""num_orders"":2},{""price"":59644.68,""size"":0.0754441,""num_orders"":1}]"
btc_usd_d10_20260630T001156Z,29,2026-06-30T00:40:56.175998Z,2026-06-30T00:40:56.176119Z,BTC-USD,10,ok,,131689110606,2026-06-30T00:40:55.547367442Z,0.33950341,2.85292022,-0.78730679299,59620.839999999997,59620.849999999999,59620.845000000001,0.010000000002,0.001677265728,"[{""price"":59620.84,""size"":0.00735767,""num_orders"":3},{""price"":59617.82,""size"":1.9e-05,""num_orders"":1},{""price"":59616.46,""size"":0.01584806,""num_orders"":1},{""price"":59616.45,""size"":0.13419113,""num_orders"":1},{""price"":59616.2,""size"":0.01677396,""num_orders"":1},{""price"":59616.04,""size"":0.01677401,""num_orders"":1},{""price"":59616.0,""size"":0.0146,""num_orders"":1},{""price"":59615.99,""size"":0.01677402,""num_orders"":1},{""price"":59615.95,""size"":0.01677404,""num_orders"":1},{""price"":59615.62,""size"":0.10039152,""num_orders"":1}]","[{""price"":59620.85,""size"":0.54442898,""num_orders"":8},{""price"":59620.95,""size"":0.66075377,""num_orders"":3},{""price"":59621.52,""size"":0.01584806,""num_orders"":1},{""price"":59621.53,""size"":0.13417973,""num_orders"":1},{""price"":59621.98,""size"":0.10039152,""num_orders"":1},{""price"":59622.0,""size"":1.0146,""num_orders"":2},{""price"":59622.62,""size"":0.0097,""num_orders"":1},{""price"":59623.65,""size"":0.0418871,""num_orders"":1},{""price"":59623.66,""size"":0.081822,""num_orders"":1},{""price"":59623.7,""size"":0.24930906,""num_orders"":1}]"
btc_usd_d10_20260630T001156Z,30,2026-06-30T00:41:56.175998Z,2026-06-30T00:41:56.176112Z,BTC-USD,10,ok,,131689184903,2026-06-30T00:41:53.045589895Z,1.14479491,2.13539967,-0.301995730997,59635.050000000003,59635.059999999998,59635.055,0.009999999995,0.001676866064,"[{""price"":59635.05,""size"":0.04450938,""num_orders"":4},{""price"":59634.98,""size"":0.13414943,""num_orders"":1},{""price"":59634.0,""size"":0.0144,""num_orders"":1},{""price"":59633.1,""size"":0.11820331,""num_orders"":1},{""price"":59632.92,""size"":1.9e-05,""num_orders"":1},{""price"":59632.62,""size"":0.1979765,""num_orders"":1},{""price"":59632.19,""size"":0.10039152,""num_orders"":1},{""price"":59632.18,""size"":0.31506225,""num_orders"":1},{""price"":59631.94,""size"":0.16769534,""num_orders"":1},{""price"":59631.78,""size"":0.05238818,""num_orders"":1}]","[{""price"":59635.06,""size"":0.00251532,""num_orders"":1},{""price"":59639.59,""size"":0.11163426,""num_orders"":1},{""price"":59639.69,""size"":0.05033827,""num_orders"":1},{""price"":59639.85,""size"":0.13413851,""num_orders"":1},{""price"":59640.56,""size"":0.00251528,""num_orders"":1},{""price"":59641.95,""size"":0.01584806,""num_orders"":1},{""price"":59641.96,""size"":0.77650387,""num_orders"":2},{""price"":59641.98,""size"":1.9e-05,""num_orders"":1},{""price"":59642.83,""size"":0.0418871,""num_orders"":1},{""price"":59643.0,""size"":1.0,""num_orders"":1}]"
btc_usd_d10_20260630T001156Z,31,2026-06-30T00:42:56.175998Z,2026-06-30T00:42:56.176128Z,BTC-USD,10,ok,,131689246475,2026-06-30T00:42:55.547286051Z,0.40996015,0.66572481,-0.237769114109,59617.82,59617.830000000002,59617.824999999997,0.010000000002,0.001677350692,"[{""price"":59617.82,""size"":0.00769464,""num_orders"":3},{""price"":59616.92,""size"":0.00167736,""num_orders"":1},{""price"":59614.04,""size"":0.13419655,""num_orders"":1},{""price"":59614.0,""size"":0.0174,""num_orders"":1},{""price"":59613.35,""size"":0.00251602,""num_orders"":1},{""price"":59612.0,""size"":0.0174,""num_orders"":1},{""price"":59611.78,""size"":1.9e-05,""num_orders"":1},{""price"":59611.57,""size"":0.16131831,""num_orders"":1},{""price"":59611.56,""size"":0.05033827,""num_orders"":1},{""price"":59610.0,""size"":0.0174,""num_orders"":1}]","[{""price"":59617.83,""size"":0.06892051,""num_orders"":4},{""price"":59617.99,""size"":0.0207756,""num_orders"":1},{""price"":59618.0,""size"":0.0174,""num_orders"":1},{""price"":59620.0,""size"":0.0174,""num_orders"":1},{""price"":59620.84,""size"":1.9e-05,""num_orders"":1},{""price"":59621.07,""size"":0.24735035,""num_orders"":1},{""price"":59621.08,""size"":0.13418073,""num_orders"":1},{""price"":59621.61,""size"":0.0418871,""num_orders"":1},{""price"":59621.62,""size"":0.10039152,""num_orders"":1},{""price"":59622.0,""size"":0.0174,""num_orders"":1}]"
btc_usd_d10_20260630T001156Z,32,2026-06-30T00:43:56.175998Z,2026-06-30T00:43:56.176123Z,BTC-USD,10,ok,,131689312329,2026-06-30T00:43:54.667311022Z,0.74499893,1.22294493,-0.242865667926,59643.970000000001,59643.980000000003,59643.975000000006,0.010000000002,0.001676615283,"[{""price"":59643.97,""size"":3.102e-05,""num_orders"":1},{""price"":59642.01,""size"":0.10039152,""num_orders"":1},{""price"":59642.0,""size"":0.019,""num_orders"":1},{""price"":59641.55,""size"":0.13413465,""num_orders"":1},{""price"":59641.42,""size"":1.97e-05,""num_orders"":2},{""price"":59640.04,""size"":0.01587081,""num_orders"":1},{""price"":59640.03,""size"":0.18848544,""num_orders"":2},{""price"":59640.02,""size"":0.10039152,""num_orders"":1},{""price"":59640.0,""size"":0.019,""num_orders"":1},{""price"":59639.44,""size"":0.16767427,""num_orders"":1}]","[{""price"":59643.98,""size"":0.00254272,""num_orders"":2},{""price"":59644.5,""size"":0.01587081,""num_orders"":1},{""price"":59644.51,""size"":0.12146702,""num_orders"":1},{""price"":59644.52,""size"":0.05033827,""num_orders"":1},{""price"":59646.0,""size"":0.019,""num_orders"":1},{""price"":59646.27,""size"":0.13412407,""num_orders"":1},{""price"":59647.8,""size"":0.85095233,""num_orders"":2},{""price"":59648.0,""size"":0.019,""num_orders"":1},{""price"":59648.02,""size"":1.9e-05,""num_orders"":1},{""price"":59648.03,""size"":0.00963071,""num_orders"":1}]"
btc_usd_d10_20260630T001156Z,33,2026-06-30T00:44:56.175998Z,2026-06-30T00:44:56.176091Z,BTC-USD,10,ok,,131689370042,2026-06-30T00:44:54.180885852Z,1.05356217,0.72855847,0.182369079121,59690.279999999999,59690.290000000001,59690.285000000003,0.010000000002,0.001675314501,"[{""price"":59690.28,""size"":0.01342861,""num_orders"":2},{""price"":59688.0,""size"":0.0154,""num_orders"":1},{""price"":59686.65,""size"":0.01585665,""num_orders"":1},{""price"":59686.64,""size"":0.09222537,""num_orders"":2},{""price"":59686.16,""size"":0.10039152,""num_orders"":1},{""price"":59686.0,""size"":0.0154,""num_orders"":1},{""price"":59685.97,""size"":0.34266811,""num_orders"":1},{""price"":59685.96,""size"":0.32402774,""num_orders"":1},{""price"":59685.15,""size"":0.13403667,""num_orders"":1},{""price"":59685.02,""size"":0.0001275,""num_orders"":1}]","[{""price"":59690.29,""size"":0.02655196,""num_orders"":2},{""price"":59690.3,""size"":1.9e-05,""num_orders"":1},{""price"":59690.72,""size"":0.08001243,""num_orders"":1},{""price"":59690.73,""size"":0.13402417,""num_orders"":1},{""price"":59691.99,""size"":0.01585665,""num_orders"":1},{""price"":59692.0,""size"":0.0154,""num_orders"":1},{""price"":59692.79,""size"":0.22226423,""num_orders"":1},{""price"":59692.8,""size"":0.10039152,""num_orders"":1},{""price"":59692.81,""size"":0.13401951,""num_orders"":1},{""price"":59693.32,""size"":1.9e-05,""num_orders"":1}]"
btc_usd_d10_20260630T001156Z,34,2026-06-30T00:45:56.175998Z,2026-06-30T00:45:56.176138Z,BTC-USD,10,ok,,131689439166,2026-06-30T00:45:53.843428203Z,0.54849678,0.49681041,0.049446105886,59706.989999999998,59709.980000000003,59708.485000000001,2.990000000005,0.500766348368,"[{""price"":59706.99,""size"":0.01271739,""num_orders"":1},{""price"":59706.0,""size"":0.0132,""num_orders"":1},{""price"":59705.98,""size"":0.01585119,""num_orders"":1},{""price"":59704.2,""size"":0.10039152,""num_orders"":1},{""price"":59704.19,""size"":0.19418223,""num_orders"":1},{""price"":59704.18,""size"":0.13399395,""num_orders"":1},{""price"":59704.01,""size"":0.0503415,""num_orders"":2},{""price"":59704.0,""size"":0.0139,""num_orders"":1},{""price"":59702.38,""size"":1.9e-05,""num_orders"":1},{""price"":59702.0,""size"":0.0139,""num_orders"":1}]","[{""price"":59709.98,""size"":0.0072826,""num_orders"":1},{""price"":59709.99,""size"":0.00017448,""num_orders"":1},{""price"":59710.0,""size"":0.0132,""num_orders"":1},{""price"":59711.15,""size"":0.16975811,""num_orders"":2},{""price"":59711.55,""size"":0.13397743,""num_orders"":1},{""price"":59711.58,""size"":0.00430132,""num_orders"":1},{""price"":59711.66,""size"":0.05033827,""num_orders"":1},{""price"":59712.0,""size"":0.0132,""num_orders"":1},{""price"":59713.01,""size"":0.10039152,""num_orders"":1},{""price"":59713.17,""size"":0.00418668,""num_orders"":1}]"
btc_usd_d10_20260630T001156Z,35,2026-06-30T00:46:56.175998Z,2026-06-30T00:46:56.176116Z,BTC-USD,10,ok,,131689513640,2026-06-30T00:46:54.545330270Z,0.84921067,0.41753164,0.340778883434,59790.910000000003,59790.919999999998,59790.915000000001,0.009999999995,0.001672494892,"[{""price"":59790.91,""size"":0.05666989,""num_orders"":2},{""price"":59790.88,""size"":0.00148525,""num_orders"":1},{""price"":59790.79,""size"":9.549e-05,""num_orders"":1},{""price"":59788.38,""size"":0.01584555,""num_orders"":1},{""price"":59788.37,""size"":0.05993374,""num_orders"":1},{""price"":59788.36,""size"":0.10039152,""num_orders"":1},{""price"":59788.0,""size"":0.0118,""num_orders"":1},{""price"":59787.91,""size"":0.31559536,""num_orders"":2},{""price"":59787.03,""size"":0.18700235,""num_orders"":1},{""price"":59786.55,""size"":0.10039152,""num_orders"":1}]","[{""price"":59790.92,""size"":0.03856849,""num_orders"":3},{""price"":59791.46,""size"":0.0167248,""num_orders"":1},{""price"":59791.54,""size"":0.01672478,""num_orders"":1},{""price"":59792.0,""size"":0.0118,""num_orders"":1},{""price"":59792.29,""size"":0.00077466,""num_orders"":2},{""price"":59792.44,""size"":0.08693224,""num_orders"":1},{""price"":59792.45,""size"":0.13379615,""num_orders"":1},{""price"":59792.98,""size"":1.9e-05,""num_orders"":1},{""price"":59794.0,""size"":0.0118,""num_orders"":1},{""price"":59794.4,""size"":0.10039152,""num_orders"":1}]"
btc_usd_d10_20260630T001156Z,36,2026-06-30T00:47:56.175998Z,2026-06-30T00:47:56.176135Z,BTC-USD,10,ok,,131689582274,2026-06-30T00:47:55.845702150Z,0.55615293,0.56949355,-0.011851518427,59743.809999999998,59743.82,59743.815000000002,0.010000000002,0.001673813432,"[{""price"":59743.81,""size"":0.02603128,""num_orders"":4},{""price"":59743.72,""size"":0.04851925,""num_orders"":1},{""price"":59742.76,""size"":0.13390741,""num_orders"":1},{""price"":59742.74,""size"":9.557e-05,""num_orders"":1},{""price"":59742.01,""size"":0.01583794,""num_orders"":1},{""price"":59742.0,""size"":0.015,""num_orders"":1},{""price"":59741.57,""size"":0.05033827,""num_orders"":1},{""price"":59741.46,""size"":0.00412847,""num_orders"":1},{""price"":59740.21,""size"":0.10039152,""num_orders"":1},{""price"":59740.2,""size"":0.16190322,""num_orders"":2}]","[{""price"":59743.82,""size"":0.0007154,""num_orders"":1},{""price"":59744.01,""size"":0.00037879,""num_orders"":1},{""price"":59746.0,""size"":0.015,""num_orders"":1},{""price"":59747.68,""size"":0.00544451,""num_orders"":2},{""price"":59747.99,""size"":0.0097,""num_orders"":1},{""price"":59748.0,""size"":0.0158,""num_orders"":1},{""price"":59749.6,""size"":0.26237124,""num_orders"":1},{""price"":59749.61,""size"":0.13389209,""num_orders"":1},{""price"":59750.0,""size"":0.0258,""num_orders"":2},{""price"":59750.64,""size"":0.10039152,""num_orders"":1}]"
btc_usd_d10_20260630T001156Z,37,2026-06-30T00:48:56.175998Z,2026-06-30T00:48:56.176139Z,BTC-USD,10,ok,,131689622457,2026-06-30T00:48:55.175781439Z,0.88873113,2.5168303,-0.478070709768,59752.870000000003,59752.879999999997,59752.875,0.009999999995,0.00167355964,"[{""price"":59752.87,""size"":0.06635477,""num_orders"":5},{""price"":59752.01,""size"":0.14629435,""num_orders"":1},{""price"":59750.0,""size"":0.01568201,""num_orders"":1},{""price"":59749.32,""size"":0.10039152,""num_orders"":1},{""price"":59749.31,""size"":0.13389274,""num_orders"":1},{""price"":59748.39,""size"":0.00251033,""num_orders"":1},{""price"":59748.0,""size"":0.0149,""num_orders"":1},{""price"":59747.72,""size"":0.05033827,""num_orders"":1},{""price"":59747.68,""size"":1.9e-05,""num_orders"":1},{""price"":59747.66,""size"":0.35834814,""num_orders"":1}]","[{""price"":59752.88,""size"":0.03841797,""num_orders"":4},{""price"":59753.23,""size"":0.08316778,""num_orders"":1},{""price"":59753.24,""size"":0.13388396,""num_orders"":1},{""price"":59753.73,""size"":0.00542555,""num_orders"":1},{""price"":59755.52,""size"":0.81819171,""num_orders"":2},{""price"":59755.92,""size"":0.16734744,""num_orders"":1},{""price"":59756.99,""size"":0.17587189,""num_orders"":3},{""price"":59757.0,""size"":1.0,""num_orders"":1},{""price"":59758.0,""size"":0.0149,""num_orders"":1},{""price"":59758.01,""size"":0.079624,""num_orders"":1}]"
btc_usd_d10_20260630T001156Z,38,2026-06-30T00:49:56.175998Z,2026-06-30T00:49:56.176143Z,BTC-USD,10,ok,,131689678506,2026-06-30T00:49:55.126772024Z,1.1120369,0.83677163,0.141247980888,59750.690000000002,59750.699999999997,59750.695,0.009999999995,0.001673620699,"[{""price"":59750.69,""size"":0.26600897,""num_orders"":3},{""price"":59750.0,""size"":0.07473374,""num_orders"":2},{""price"":59749.99,""size"":0.10039152,""num_orders"":1},{""price"":59749.03,""size"":0.29316396,""num_orders"":1},{""price"":59749.02,""size"":0.1338934,""num_orders"":1},{""price"":59748.0,""size"":0.0148,""num_orders"":1},{""price"":59747.68,""size"":0.01978124,""num_orders"":1},{""price"":59747.67,""size"":0.05022368,""num_orders"":2},{""price"":59746.84,""size"":0.13389829,""num_orders"":1},{""price"":59746.4,""size"":0.0251421,""num_orders"":1}]","[{""price"":59750.7,""size"":0.00320363,""num_orders"":4},{""price"":59752.66,""size"":0.05033827,""num_orders"":1},{""price"":59752.67,""size"":0.33,""num_orders"":1},{""price"":59753.72,""size"":1.9e-05,""num_orders"":1},{""price"":59754.29,""size"":0.13388161,""num_orders"":1},{""price"":59755.0,""size"":0.01,""num_orders"":1},{""price"":59755.53,""size"":0.12509304,""num_orders"":1},{""price"":59755.54,""size"":0.13387881,""num_orders"":1},{""price"":59756.74,""size"":1.9e-05,""num_orders"":1},{""price"":59757.76,""size"":0.05033827,""num_orders"":1}]"
btc_usd_d10_20260630T001156Z,39,2026-06-30T00:50:56.175998Z,2026-06-30T00:50:56.176134Z,BTC-USD,10,ok,,131689759416,2026-06-30T00:50:55.623738444Z,0.84113197,0.91151916,-0.04016041116,59702.370000000003,59702.379999999997,59702.375,0.009999999995,0.001674975241,"[{""price"":59702.37,""size"":0.01243363,""num_orders"":1},{""price"":59702.01,""size"":0.09968208,""num_orders"":2},{""price"":59702.0,""size"":0.0189,""num_orders"":1},{""price"":59700.0,""size"":0.0189,""num_orders"":1},{""price"":59699.56,""size"":0.13400432,""num_orders"":1},{""price"":59698.02,""size"":0.30139995,""num_orders"":1},{""price"":59698.0,""size"":0.0189,""num_orders"":1},{""price"":59697.92,""size"":0.13400801,""num_orders"":1},{""price"":59697.88,""size"":0.00251246,""num_orders"":1},{""price"":59696.5,""size"":0.10039152,""num_orders"":1}]","[{""price"":59702.38,""size"":0.01313215,""num_orders"":2},{""price"":59704.5,""size"":0.05033827,""num_orders"":1},{""price"":59704.51,""size"":0.39211876,""num_orders"":1},{""price"":59704.52,""size"":0.13399322,""num_orders"":1},{""price"":59705.0,""size"":0.01,""num_orders"":1},{""price"":59705.28,""size"":0.10039152,""num_orders"":1},{""price"":59705.4,""size"":1.9e-05,""num_orders"":1},{""price"":59706.0,""size"":0.0189,""num_orders"":1},{""price"":59707.14,""size"":0.0251421,""num_orders"":1},{""price"":59707.15,""size"":0.16748414,""num_orders"":1}]"
btc_usd_d10_20260630T001156Z,40,2026-06-30T00:51:56.175998Z,2026-06-30T00:51:56.176128Z,BTC-USD,10,ok,,131689815678,2026-06-30T00:51:55.536904464Z,1.25860322,0.5243327,0.411832254745,59756.730000000003,59756.739999999998,59756.735000000001,0.009999999995,0.001673451536,"[{""price"":59756.73,""size"":0.03769237,""num_orders"":3},{""price"":59755.91,""size"":0.02925437,""num_orders"":1},{""price"":59755.9,""size"":0.0490023,""num_orders"":1},{""price"":59753.45,""size"":0.22578685,""num_orders"":2},{""price"":59753.44,""size"":0.20201481,""num_orders"":1},{""price"":59753.32,""size"":0.20201481,""num_orders"":1},{""price"":59752.07,""size"":0.27604941,""num_orders"":1},{""price"":59752.06,""size"":0.13388657,""num_orders"":1},{""price"":59751.71,""size"":0.10039152,""num_orders"":1},{""price"":59751.42,""size"":0.00251021,""num_orders"":1}]","[{""price"":59756.74,""size"":8e-07,""num_orders"":1},{""price"":59757.27,""size"":0.13387494,""num_orders"":1},{""price"":59759.04,""size"":0.10039152,""num_orders"":1},{""price"":59759.05,""size"":0.0154,""num_orders"":1},{""price"":59759.07,""size"":0.13387091,""num_orders"":1},{""price"":59759.5,""size"":0.05033827,""num_orders"":1},{""price"":59759.76,""size"":1.9e-05,""num_orders"":1},{""price"":59760.0,""size"":0.0254,""num_orders"":2},{""price"":59761.0,""size"":9.7e-05,""num_orders"":1},{""price"":59762.05,""size"":0.06494026,""num_orders"":1}]"
btc_usd_d10_20260630T001156Z,41,2026-06-30T00:52:56.175998Z,2026-06-30T00:52:56.176122Z,BTC-USD,10,ok,,131689876707,2026-06-30T00:52:53.679202414Z,0.65701582,0.95327037,-0.183976334045,59781.730000000003,59781.739999999998,59781.735000000001,0.009999999995,0.001672751718,"[{""price"":59781.73,""size"":0.01740435,""num_orders"":5},{""price"":59781.68,""size"":0.01398316,""num_orders"":1},{""price"":59779.24,""size"":0.1859991,""num_orders"":1},{""price"":59778.45,""size"":0.1859991,""num_orders"":1},{""price"":59777.88,""size"":1.9e-05,""num_orders"":1},{""price"":59777.0,""size"":0.00046821,""num_orders"":1},{""price"":59776.16,""size"":0.01686051,""num_orders"":1},{""price"":59776.15,""size"":0.00250904,""num_orders"":1},{""price"":59776.05,""size"":0.18343508,""num_orders"":1},{""price"":59776.02,""size"":0.05033827,""num_orders"":1}]","[{""price"":59781.74,""size"":0.16096297,""num_orders"":3},{""price"":59781.9,""size"":0.10039152,""num_orders"":1},{""price"":59781.91,""size"":0.18228125,""num_orders"":2},{""price"":59782.0,""size"":0.0125,""num_orders"":1},{""price"":59782.01,""size"":0.13381953,""num_orders"":1},{""price"":59783.51,""size"":0.05033827,""num_orders"":1},{""price"":59784.0,""size"":0.0125,""num_orders"":1},{""price"":59784.48,""size"":0.13381401,""num_orders"":1},{""price"":59785.11,""size"":0.01686051,""num_orders"":1},{""price"":59785.12,""size"":0.14980231,""num_orders"":1}]"
btc_usd_d10_20260630T001156Z,42,2026-06-30T00:53:56.175998Z,2026-06-30T00:53:56.176141Z,BTC-USD,10,ok,,131689940938,2026-06-30T00:53:53.681640565Z,0.24852987,0.56725485,-0.390697413406,59800.68,59800.690000000002,59800.684999999998,0.010000000002,0.001672221648,"[{""price"":59800.68,""size"":0.05033827,""num_orders"":1},{""price"":59800.0,""size"":0.0138,""num_orders"":1},{""price"":59798.66,""size"":0.01583524,""num_orders"":1},{""price"":59798.65,""size"":0.13378226,""num_orders"":1},{""price"":59798.0,""size"":0.0138699,""num_orders"":2},{""price"":59797.44,""size"":0.00603258,""num_orders"":1},{""price"":59797.1,""size"":0.00082663,""num_orders"":1},{""price"":59797.09,""size"":0.00016623,""num_orders"":1},{""price"":59796.03,""size"":5.976e-05,""num_orders"":1},{""price"":59796.0,""size"":0.013819,""num_orders"":2}]","[{""price"":59800.69,""size"":0.02692184,""num_orders"":2},{""price"":59800.97,""size"":0.00406852,""num_orders"":1},{""price"":59800.98,""size"":0.03344594,""num_orders"":1},{""price"":59801.82,""size"":0.1003378,""num_orders"":1},{""price"":59804.2,""size"":0.01583524,""num_orders"":1},{""price"":59804.21,""size"":0.15001294,""num_orders"":2},{""price"":59804.22,""size"":0.1003378,""num_orders"":1},{""price"":59805.06,""size"":1.9e-05,""num_orders"":1},{""price"":59805.28,""size"":0.13376745,""num_orders"":1},{""price"":59805.46,""size"":0.00250832,""num_orders"":1}]"
btc_usd_d10_20260630T001156Z,43,2026-06-30T00:54:56.175998Z,2026-06-30T00:54:56.176123Z,BTC-USD,10,ok,,131689990073,2026-06-30T00:54:54.546870252Z,0.71488931,0.51083084,0.166480472725,59759.75,59759.760000000002,59759.755000000005,0.010000000002,0.001673366968,"[{""price"":59759.75,""size"":0.08564586,""num_orders"":2},{""price"":59758.0,""size"":0.0257,""num_orders"":1},{""price"":59756.99,""size"":0.30353925,""num_orders"":2},{""price"":59756.75,""size"":0.02152967,""num_orders"":2},{""price"":59756.74,""size"":5.114e-05,""num_orders"":1},{""price"":59756.41,""size"":0.1003378,""num_orders"":1},{""price"":59756.4,""size"":0.05033827,""num_orders"":1},{""price"":59756.0,""size"":0.0257,""num_orders"":1},{""price"":59755.71,""size"":0.00170952,""num_orders"":1},{""price"":59754.06,""size"":0.1003378,""num_orders"":1}]","[{""price"":59759.76,""size"":0.0127299,""num_orders"":3},{""price"":59762.78,""size"":1.9e-05,""num_orders"":1},{""price"":59763.97,""size"":0.1003378,""num_orders"":1},{""price"":59763.98,""size"":0.05033827,""num_orders"":1},{""price"":59764.0,""size"":0.0257,""num_orders"":1},{""price"":59765.0,""size"":0.01,""num_orders"":1},{""price"":59765.69,""size"":0.13385607,""num_orders"":1},{""price"":59765.79,""size"":0.1003378,""num_orders"":1},{""price"":59765.8,""size"":1.9e-05,""num_orders"":1},{""price"":59765.92,""size"":0.077493,""num_orders"":1}]"
btc_usd_d10_20260630T001156Z,44,2026-06-30T00:55:56.175998Z,2026-06-30T00:55:56.176138Z,BTC-USD,10,ok,,131690045085,2026-06-30T00:55:54.682242382Z,0.77237038,1.85186507,-0.41135588272,59762.43,59762.440000000002,59762.434999999998,0.010000000002,0.001673291927,"[{""price"":59762.43,""size"":0.0348,""num_orders"":1},{""price"":59762.01,""size"":0.1052254,""num_orders"":2},{""price"":59762.0,""size"":0.0243,""num_orders"":1},{""price"":59760.0,""size"":0.0243,""num_orders"":1},{""price"":59759.29,""size"":0.13387037,""num_orders"":1},{""price"":59758.03,""size"":0.03344594,""num_orders"":1},{""price"":59758.02,""size"":0.29144446,""num_orders"":1},{""price"":59758.01,""size"":0.00034641,""num_orders"":1},{""price"":59758.0,""size"":0.0243,""num_orders"":1},{""price"":59757.01,""size"":0.1003378,""num_orders"":1}]","[{""price"":59762.44,""size"":0.01583398,""num_orders"":1},{""price"":59762.45,""size"":0.00167298,""num_orders"":1},{""price"":59762.79,""size"":0.0019793,""num_orders"":1},{""price"":59763.74,""size"":0.00097325,""num_orders"":1},{""price"":59763.93,""size"":0.13386001,""num_orders"":1},{""price"":59765.68,""size"":0.63142651,""num_orders"":2},{""price"":59765.69,""size"":0.06359,""num_orders"":1},{""price"":59765.8,""size"":1.9e-05,""num_orders"":1},{""price"":59766.0,""size"":1.0,""num_orders"":1},{""price"":59766.04,""size"":0.00251004,""num_orders"":1}]"
btc_usd_d10_20260630T001156Z,45,2026-06-30T00:56:56.175998Z,2026-06-30T00:56:56.176128Z,BTC-USD,10,ok,,131690092881,2026-06-30T00:56:54.014338356Z,0.18521172,1.39803371,-0.76603536446,59744.669999999998,59744.68,59744.675000000003,0.010000000002,0.001673789338,"[{""price"":59744.67,""size"":0.02354869,""num_orders"":3},{""price"":59744.66,""size"":0.00035443,""num_orders"":3},{""price"":59744.0,""size"":0.0188,""num_orders"":1},{""price"":59742.05,""size"":0.05233485,""num_orders"":1},{""price"":59742.04,""size"":0.05033827,""num_orders"":1},{""price"":59742.0,""size"":0.0198,""num_orders"":1},{""price"":59741.65,""size"":0.01583398,""num_orders"":1},{""price"":59741.64,""size"":1.9e-05,""num_orders"":1},{""price"":59740.25,""size"":0.00167182,""num_orders"":1},{""price"":59740.18,""size"":0.00251068,""num_orders"":1}]","[{""price"":59744.68,""size"":0.13350247,""num_orders"":2},{""price"":59747.35,""size"":0.01,""num_orders"":1},{""price"":59747.36,""size"":0.1003378,""num_orders"":1},{""price"":59747.37,""size"":0.13147153,""num_orders"":1},{""price"":59747.38,""size"":0.16737137,""num_orders"":1},{""price"":59747.99,""size"":0.05033827,""num_orders"":1},{""price"":59749.16,""size"":0.00251068,""num_orders"":1},{""price"":59749.63,""size"":0.7013269,""num_orders"":2},{""price"":59749.64,""size"":0.1003378,""num_orders"":1},{""price"":59749.69,""size"":0.00083689,""num_orders"":1}]"
btc_usd_d10_20260630T001156Z,46,2026-06-30T00:57:56.175998Z,2026-06-30T00:57:56.176117Z,BTC-USD,10,ok,,131690152047,2026-06-30T00:57:55.047406666Z,0.56085247,1.64497867,-0.491481954507,59762,59762.010000000002,59762.005000000005,0.010000000002,0.001673303967,"[{""price"":59762.0,""size"":0.00019071,""num_orders"":1},{""price"":59760.54,""size"":0.00134198,""num_orders"":1},{""price"":59760.0,""size"":0.01864397,""num_orders"":2},{""price"":59758.0,""size"":0.0186,""num_orders"":1},{""price"":59757.27,""size"":0.1854768,""num_orders"":2},{""price"":59757.26,""size"":0.1003378,""num_orders"":1},{""price"":59757.24,""size"":0.05033827,""num_orders"":1},{""price"":59756.34,""size"":0.133877,""num_orders"":1},{""price"":59756.04,""size"":0.03344594,""num_orders"":1},{""price"":59756.0,""size"":0.0186,""num_orders"":1}]","[{""price"":59762.01,""size"":0.19167005,""num_orders"":5},{""price"":59763.85,""size"":0.15092037,""num_orders"":1},{""price"":59763.86,""size"":0.1003378,""num_orders"":1},{""price"":59763.87,""size"":0.13386014,""num_orders"":1},{""price"":59764.0,""size"":0.0186,""num_orders"":1},{""price"":59764.74,""size"":0.10105781,""num_orders"":1},{""price"":59764.75,""size"":0.05033827,""num_orders"":1},{""price"":59765.71,""size"":0.1003378,""num_orders"":1},{""price"":59766.0,""size"":0.0186,""num_orders"":1},{""price"":59767.49,""size"":0.77925643,""num_orders"":2}]"
btc_usd_d10_20260630T001156Z,47,2026-06-30T00:58:56.175998Z,2026-06-30T00:58:56.176122Z,BTC-USD,10,ok,,131690194424,2026-06-30T00:58:54.600678734Z,0.75661712,0.56530463,0.144723006487,59757.150000000001,59757.160000000003,59757.154999999999,0.010000000002,0.001673439775,"[{""price"":59757.15,""size"":0.02327334,""num_orders"":2},{""price"":59756.0,""size"":0.0168,""num_orders"":1},{""price"":59755.27,""size"":0.07992601,""num_orders"":1},{""price"":59755.26,""size"":0.13387942,""num_orders"":1},{""price"":59754.92,""size"":0.05033827,""num_orders"":1},{""price"":59754.91,""size"":0.18957226,""num_orders"":1},{""price"":59754.9,""size"":0.245,""num_orders"":1},{""price"":59754.64,""size"":0.00019111,""num_orders"":1},{""price"":59754.0,""size"":0.0168,""num_orders"":1},{""price"":59753.23,""size"":0.00083671,""num_orders"":1}]","[{""price"":59757.16,""size"":0.02020529,""num_orders"":4},{""price"":59759.61,""size"":0.01584037,""num_orders"":1},{""price"":59759.62,""size"":0.1003378,""num_orders"":1},{""price"":59759.74,""size"":0.0087453,""num_orders"":1},{""price"":59759.76,""size"":1.9e-05,""num_orders"":1},{""price"":59759.8,""size"":0.13386927,""num_orders"":1},{""price"":59761.45,""size"":0.1003378,""num_orders"":1},{""price"":59761.86,""size"":0.1673308,""num_orders"":1},{""price"":59762.0,""size"":0.0186,""num_orders"":1},{""price"":59762.78,""size"":1.9e-05,""num_orders"":1}]"
btc_usd_d10_20260630T001156Z,48,2026-06-30T00:59:56.175998Z,2026-06-30T00:59:56.176138Z,BTC-USD,10,ok,,131690235696,2026-06-30T00:59:56.045319771Z,0.92007323,0.69235246,0.141228691289,59744.660000000003,59744.669999999998,59744.665000000001,0.009999999995,0.001673789617,"[{""price"":59744.66,""size"":4.138e-05,""num_orders"":2},{""price"":59743.0,""size"":0.0348,""num_orders"":1},{""price"":59742.0,""size"":0.0194,""num_orders"":1},{""price"":59741.64,""size"":0.00011256,""num_orders"":2},{""price"":59741.47,""size"":0.01584036,""num_orders"":1},{""price"":59741.46,""size"":0.05033827,""num_orders"":1},{""price"":59740.96,""size"":0.05220506,""num_orders"":1},{""price"":59740.56,""size"":0.27937342,""num_orders"":1},{""price"":59740.55,""size"":0.23398109,""num_orders"":1},{""price"":59740.4,""size"":0.23398109,""num_orders"":1}]","[{""price"":59744.67,""size"":0.02862073,""num_orders"":4},{""price"":59744.99,""size"":0.13390245,""num_orders"":1},{""price"":59745.59,""size"":0.1003378,""num_orders"":1},{""price"":59745.96,""size"":0.00102886,""num_orders"":1},{""price"":59746.0,""size"":0.0194,""num_orders"":1},{""price"":59747.88,""size"":0.15291821,""num_orders"":1},{""price"":59747.89,""size"":0.1003378,""num_orders"":1},{""price"":59747.9,""size"":0.13389593,""num_orders"":1},{""price"":59748.0,""size"":0.0194,""num_orders"":1},{""price"":59749.15,""size"":0.00251068,""num_orders"":1}]"
btc_usd_d10_20260630T001156Z,49,2026-06-30T01:00:56.175998Z,2026-06-30T01:00:56.176143Z,BTC-USD,10,ok,,131690303746,2026-06-30T01:00:55.345007382Z,0.16012911,0.88941891,-0.69486082209,59741.260000000002,59741.269999999997,59741.264999999999,0.009999999995,0.001673884876,"[{""price"":59741.26,""size"":0.01584136,""num_orders"":1},{""price"":59741.25,""size"":3.863e-05,""num_orders"":1},{""price"":59739.59,""size"":5.377e-05,""num_orders"":1},{""price"":59738.62,""size"":1.9e-05,""num_orders"":1},{""price"":59738.51,""size"":0.00526407,""num_orders"":1},{""price"":59738.0,""size"":0.02229992,""num_orders"":1},{""price"":59736.15,""size"":0.01052815,""num_orders"":1},{""price"":59736.02,""size"":0.05033827,""num_orders"":1},{""price"":59736.0,""size"":0.0223,""num_orders"":1},{""price"":59735.81,""size"":0.03344594,""num_orders"":1}]","[{""price"":59741.27,""size"":0.15578077,""num_orders"":2},{""price"":59742.91,""size"":0.05990167,""num_orders"":1},{""price"":59742.92,""size"":0.1003378,""num_orders"":1},{""price"":59743.89,""size"":0.22275737,""num_orders"":1},{""price"":59743.9,""size"":0.16738112,""num_orders"":1},{""price"":59743.91,""size"":0.01,""num_orders"":1},{""price"":59744.0,""size"":0.0223,""num_orders"":1},{""price"":59745.85,""size"":0.05033827,""num_orders"":1},{""price"":59745.86,""size"":0.00028411,""num_orders"":1},{""price"":59745.87,""size"":0.1003378,""num_orders"":1}]"
btc_usd_d10_20260630T001156Z,50,2026-06-30T01:01:56.175998Z,2026-06-30T01:01:56.176123Z,BTC-USD,10,ok,,131690359630,2026-06-30T01:01:55.043831321Z,1.17858497,2.42753078,-0.346341020806,59732.580000000002,59732.589999999997,59732.584999999999,0.009999999995,0.001674128115,"[{""price"":59732.58,""size"":0.0354119,""num_orders"":4},{""price"":59732.01,""size"":0.0033081,""num_orders"":1},{""price"":59732.0,""size"":0.0211,""num_orders"":1},{""price"":59730.02,""size"":0.01584506,""num_orders"":1},{""price"":59730.01,""size"":0.03344594,""num_orders"":1},{""price"":59730.0,""size"":0.0211,""num_orders"":1},{""price"":59729.64,""size"":0.57964418,""num_orders"":1},{""price"":59729.63,""size"":0.13393687,""num_orders"":1},{""price"":59729.56,""size"":1.9e-05,""num_orders"":1},{""price"":59729.25,""size"":0.33477392,""num_orders"":1}]","[{""price"":59732.59,""size"":0.02147816,""num_orders"":5},{""price"":59734.49,""size"":0.21071579,""num_orders"":1},{""price"":59734.5,""size"":0.1003378,""num_orders"":1},{""price"":59734.52,""size"":0.13392593,""num_orders"":1},{""price"":59736.58,""size"":0.01584506,""num_orders"":1},{""price"":59736.59,""size"":0.1003378,""num_orders"":1},{""price"":59736.9,""size"":0.00175531,""num_orders"":1},{""price"":59737.07,""size"":0.00251119,""num_orders"":1},{""price"":59737.49,""size"":0.84062374,""num_orders"":1},{""price"":59737.5,""size"":1.0,""num_orders"":1}]"
btc_usd_d10_20260630T001156Z,51,2026-06-30T01:02:56.175998Z,2026-06-30T01:02:56.176124Z,BTC-USD,10,ok,,131690443679,2026-06-30T01:02:54.090738161Z,1.64052551,0.61916019,0.451994416746,59715.589999999997,59715.989999999998,59715.789999999994,0.400000000001,0.066983958514,"[{""price"":59715.59,""size"":0.00646196,""num_orders"":2},{""price"":59715.25,""size"":0.30996483,""num_orders"":1},{""price"":59714.46,""size"":1.9e-05,""num_orders"":1},{""price"":59713.89,""size"":0.13397216,""num_orders"":1},{""price"":59713.49,""size"":0.08378421,""num_orders"":2},{""price"":59713.29,""size"":0.33487768,""num_orders"":1},{""price"":59712.92,""size"":0.30254221,""num_orders"":1},{""price"":59712.86,""size"":0.13397448,""num_orders"":1},{""price"":59712.4,""size"":0.33490998,""num_orders"":1},{""price"":59711.44,""size"":1.9e-05,""num_orders"":1}]","[{""price"":59715.99,""size"":0.01353802,""num_orders"":3},{""price"":59716.0,""size"":0.0139,""num_orders"":1},{""price"":59718.0,""size"":0.01390055,""num_orders"":2},{""price"":59719.39,""size"":0.00108984,""num_orders"":1},{""price"":59719.55,""size"":0.21559729,""num_orders"":1},{""price"":59719.56,""size"":0.13395946,""num_orders"":1},{""price"":59719.99,""size"":0.1003378,""num_orders"":1},{""price"":59720.0,""size"":0.01189943,""num_orders"":1},{""price"":59721.82,""size"":0.1003378,""num_orders"":1},{""price"":59722.0,""size"":0.0146,""num_orders"":1}]"
btc_usd_d10_20260630T001156Z,52,2026-06-30T01:03:56.175998Z,2026-06-30T01:03:56.176121Z,BTC-USD,10,ok,,131690529141,2026-06-30T01:03:53.599450004Z,0.35648812,0.75812912,-0.360339841864,59742,59742.239999999998,59742.119999999995,0.239999999998,0.040172662101,"[{""price"":59742.0,""size"":0.02053619,""num_orders"":2},{""price"":59741.64,""size"":0.00251074,""num_orders"":1},{""price"":59740.56,""size"":0.00132419,""num_orders"":1},{""price"":59740.01,""size"":0.0327425,""num_orders"":1},{""price"":59740.0,""size"":0.0195,""num_orders"":1},{""price"":59738.01,""size"":0.01584506,""num_orders"":1},{""price"":59738.0,""size"":0.0195,""num_orders"":1},{""price"":59737.14,""size"":0.00251081,""num_orders"":1},{""price"":59736.04,""size"":0.1003378,""num_orders"":1},{""price"":59736.03,""size"":0.14168083,""num_orders"":1}]","[{""price"":59742.24,""size"":0.01482565,""num_orders"":2},{""price"":59742.25,""size"":0.1003378,""num_orders"":1},{""price"":59744.05,""size"":0.1003378,""num_orders"":1},{""price"":59744.63,""size"":0.16149754,""num_orders"":1},{""price"":59744.66,""size"":1.9e-05,""num_orders"":1},{""price"":59745.13,""size"":0.13390213,""num_orders"":1},{""price"":59745.99,""size"":0.1003378,""num_orders"":1},{""price"":59746.0,""size"":0.0205,""num_orders"":1},{""price"":59746.15,""size"":0.00418437,""num_orders"":1},{""price"":59747.3,""size"":0.12218703,""num_orders"":1}]"
btc_usd_d10_20260630T001156Z,53,2026-06-30T01:04:56.175998Z,2026-06-30T01:04:56.176124Z,BTC-USD,10,ok,,131690609934,2026-06-30T01:04:55.184286551Z,0.54212097,0.57248938,-0.027245763508,59759.720000000001,59759.760000000002,59759.740000000005,0.040000000001,0.00669346955,"[{""price"":59759.72,""size"":0.17946,""num_orders"":1},{""price"":59758.0,""size"":0.0174,""num_orders"":1},{""price"":59756.74,""size"":0.0348,""num_orders"":1},{""price"":59756.73,""size"":0.06486471,""num_orders"":5},{""price"":59756.72,""size"":0.01004376,""num_orders"":2},{""price"":59756.22,""size"":0.03344594,""num_orders"":1},{""price"":59756.21,""size"":0.05033827,""num_orders"":1},{""price"":59756.0,""size"":0.0174,""num_orders"":1},{""price"":59754.07,""size"":0.01584233,""num_orders"":1},{""price"":59754.06,""size"":0.11852596,""num_orders"":2}]","[{""price"":59759.76,""size"":1.9e-05,""num_orders"":1},{""price"":59761.16,""size"":0.17947281,""num_orders"":2},{""price"":59761.27,""size"":0.00039585,""num_orders"":1},{""price"":59762.49,""size"":0.13386324,""num_orders"":1},{""price"":59762.78,""size"":1.9e-05,""num_orders"":1},{""price"":59763.38,""size"":0.16732657,""num_orders"":1},{""price"":59764.73,""size"":0.07167391,""num_orders"":1},{""price"":59764.86,""size"":0.0097,""num_orders"":1},{""price"":59765.0,""size"":0.01,""num_orders"":1},{""price"":59765.8,""size"":1.9e-05,""num_orders"":1}]"
btc_usd_d10_20260630T001156Z,54,2026-06-30T01:05:56.175998Z,2026-06-30T01:05:56.176118Z,BTC-USD,10,ok,,131690673307,2026-06-30T01:05:54.334427029Z,0.74295462,1.25475577,-0.25619386702,59746.629999999997,59746.639999999999,59746.634999999995,0.010000000002,0.001673734429,"[{""price"":59746.63,""size"":0.03496699,""num_orders"":2},{""price"":59746.0,""size"":0.0165,""num_orders"":1},{""price"":59744.71,""size"":0.01584219,""num_orders"":1},{""price"":59744.7,""size"":0.12930039,""num_orders"":1},{""price"":59744.69,""size"":0.1339031,""num_orders"":1},{""price"":59744.02,""size"":0.05033827,""num_orders"":1},{""price"":59744.0,""size"":0.0165,""num_orders"":1},{""price"":59743.16,""size"":5.929e-05,""num_orders"":1},{""price"":59742.78,""size"":0.24520659,""num_orders"":2},{""price"":59742.77,""size"":0.1003378,""num_orders"":1}]","[{""price"":59746.64,""size"":0.18399659,""num_orders"":3},{""price"":59749.22,""size"":0.06889372,""num_orders"":1},{""price"":59750.38,""size"":0.01215368,""num_orders"":1},{""price"":59750.7,""size"":1.9e-05,""num_orders"":1},{""price"":59751.22,""size"":0.00251059,""num_orders"":1},{""price"":59751.62,""size"":0.13388759,""num_orders"":1},{""price"":59752.01,""size"":0.00037879,""num_orders"":1},{""price"":59752.44,""size"":0.74986533,""num_orders"":2},{""price"":59752.45,""size"":0.1003378,""num_orders"":1},{""price"":59752.65,""size"":0.00271268,""num_orders"":1}]"
btc_usd_d10_20260630T001156Z,55,2026-06-30T01:06:56.175998Z,2026-06-30T01:06:56.176129Z,BTC-USD,10,ok,,131690733840,2026-06-30T01:06:55.046548328Z,0.63626728,2.62471375,-0.609769407337,59738.620000000003,59738.629999999997,59738.625,0.009999999995,0.001673958849,"[{""price"":59738.62,""size"":0.03480075,""num_orders"":2},{""price"":59738.5,""size"":0.06260409,""num_orders"":1},{""price"":59738.0,""size"":0.018,""num_orders"":1},{""price"":59736.49,""size"":0.01584337,""num_orders"":1},{""price"":59736.48,""size"":0.03344594,""num_orders"":1},{""price"":59736.47,""size"":0.22395719,""num_orders"":1},{""price"":59736.0,""size"":0.018,""num_orders"":1},{""price"":59735.6,""size"":1.9e-05,""num_orders"":1},{""price"":59735.57,""size"":0.22395719,""num_orders"":1},{""price"":59735.18,""size"":0.00563975,""num_orders"":1}]","[{""price"":59738.63,""size"":0.22546423,""num_orders"":6},{""price"":59738.7,""size"":0.05990167,""num_orders"":1},{""price"":59739.39,""size"":0.1003378,""num_orders"":1},{""price"":59740.48,""size"":0.05033827,""num_orders"":1},{""price"":59740.49,""size"":0.76983667,""num_orders"":1},{""price"":59740.5,""size"":1.0,""num_orders"":1},{""price"":59741.19,""size"":0.1003378,""num_orders"":1},{""price"":59741.28,""size"":0.13391076,""num_orders"":1},{""price"":59741.96,""size"":0.16738655,""num_orders"":1},{""price"":59742.0,""size"":0.0172,""num_orders"":1}]"
btc_usd_d10_20260630T001156Z,56,2026-06-30T01:07:56.175998Z,2026-06-30T01:07:56.176123Z,BTC-USD,10,ok,,131690814693,2026-06-30T01:07:54.043500976Z,0.59387073,0.94297064,-0.227154159704,59732.57,59732.580000000002,59732.574999999997,0.010000000002,0.001674128397,"[{""price"":59732.57,""size"":0.00251079,""num_orders"":1},{""price"":59730.0,""size"":0.01542578,""num_orders"":2},{""price"":59728.1,""size"":0.01584337,""num_orders"":1},{""price"":59728.09,""size"":0.00251119,""num_orders"":1},{""price"":59728.0,""size"":0.0154,""num_orders"":1},{""price"":59727.12,""size"":0.13394248,""num_orders"":1},{""price"":59727.1,""size"":0.00083706,""num_orders"":1},{""price"":59726.21,""size"":0.19600003,""num_orders"":1},{""price"":59726.0,""size"":0.0154,""num_orders"":1},{""price"":59725.31,""size"":0.19600003,""num_orders"":1}]","[{""price"":59732.58,""size"":0.06952648,""num_orders"":4},{""price"":59732.63,""size"":0.1003378,""num_orders"":1},{""price"":59732.64,""size"":0.11920198,""num_orders"":1},{""price"":59732.66,""size"":0.05033827,""num_orders"":1},{""price"":59732.68,""size"":0.13393004,""num_orders"":1},{""price"":59734.89,""size"":0.1003378,""num_orders"":1},{""price"":59735.0,""size"":0.01,""num_orders"":1},{""price"":59735.15,""size"":0.19187469,""num_orders"":1},{""price"":59735.52,""size"":0.16740458,""num_orders"":1},{""price"":59735.6,""size"":1.9e-05,""num_orders"":1}]"
btc_usd_d10_20260630T001156Z,57,2026-06-30T01:08:56.175998Z,2026-06-30T01:08:56.176124Z,BTC-USD,10,ok,,131690899752,2026-06-30T01:08:55.047092824Z,1.20380047,0.56636387,0.360100237925,59760.989999999998,59761,59760.994999999995,0.010000000002,0.001673332247,"[{""price"":59760.99,""size"":0.02112411,""num_orders"":3},{""price"":59760.02,""size"":0.0503717,""num_orders"":2},{""price"":59760.01,""size"":0.0251348,""num_orders"":1},{""price"":59760.0,""size"":0.01357342,""num_orders"":2},{""price"":59759.76,""size"":1.9e-05,""num_orders"":1},{""price"":59759.1,""size"":0.00167342,""num_orders"":1},{""price"":59758.79,""size"":0.33468339,""num_orders"":1},{""price"":59757.91,""size"":0.1003378,""num_orders"":1},{""price"":59757.9,""size"":0.32219944,""num_orders"":1},{""price"":59757.89,""size"":0.33468339,""num_orders"":1}]","[{""price"":59761.0,""size"":0.03845748,""num_orders"":2},{""price"":59761.84,""size"":0.1338647,""num_orders"":1},{""price"":59763.97,""size"":0.05033827,""num_orders"":1},{""price"":59764.19,""size"":0.11934004,""num_orders"":1},{""price"":59764.2,""size"":0.16732427,""num_orders"":1},{""price"":59764.91,""size"":0.00418306,""num_orders"":1},{""price"":59767.55,""size"":0.01584337,""num_orders"":1},{""price"":59767.89,""size"":0.01673139,""num_orders"":1},{""price"":59768.01,""size"":0.00354997,""num_orders"":2},{""price"":59768.16,""size"":0.01673132,""num_orders"":1}]"
btc_usd_d10_20260630T001156Z,58,2026-06-30T01:09:56.175998Z,2026-06-30T01:09:56.176096Z,BTC-USD,10,ok,,131690967275,2026-06-30T01:09:53.843838539Z,0.95221206,2.33295517,-0.42029614121,59702.379999999997,59702.389999999999,59702.384999999995,0.010000000002,0.001674974962,"[{""price"":59702.38,""size"":1.854e-05,""num_orders"":1},{""price"":59700.0,""size"":0.0159,""num_orders"":1},{""price"":59699.36,""size"":1.9e-05,""num_orders"":1},{""price"":59699.35,""size"":9.581e-05,""num_orders"":1},{""price"":59698.0,""size"":0.0144,""num_orders"":1},{""price"":59696.34,""size"":1.9e-05,""num_orders"":1},{""price"":59696.0,""size"":0.0144,""num_orders"":1},{""price"":59695.15,""size"":0.50705251,""num_orders"":1},{""price"":59694.93,""size"":0.1003378,""num_orders"":1},{""price"":59694.92,""size"":0.2999694,""num_orders"":1}]","[{""price"":59702.39,""size"":0.80226422,""num_orders"":9},{""price"":59702.91,""size"":0.0029102,""num_orders"":1},{""price"":59703.44,""size"":0.09896831,""num_orders"":1},{""price"":59703.45,""size"":0.1003378,""num_orders"":1},{""price"":59703.89,""size"":0.05033827,""num_orders"":1},{""price"":59704.0,""size"":0.0151,""num_orders"":1},{""price"":59705.37,""size"":0.49520948,""num_orders"":2},{""price"":59705.38,""size"":0.16748909,""num_orders"":1},{""price"":59705.41,""size"":0.1003378,""num_orders"":1},{""price"":59705.98,""size"":0.5,""num_orders"":2}]"
btc_usd_d10_20260630T001156Z,59,2026-06-30T01:10:56.175998Z,2026-06-30T01:10:56.176090Z,BTC-USD,10,ok,,131691024080,2026-06-30T01:10:55.546711579Z,1.14658422,1.38999055,-0.095958665551,59721.040000000001,59721.050000000003,59721.044999999998,0.010000000002,0.001674451611,"[{""price"":59721.04,""size"":0.00516801,""num_orders"":2},{""price"":59720.39,""size"":0.05033827,""num_orders"":1},{""price"":59718.67,""size"":0.01585309,""num_orders"":1},{""price"":59718.66,""size"":0.33502156,""num_orders"":1},{""price"":59717.88,""size"":0.00083722,""num_orders"":1},{""price"":59717.8,""size"":0.33492826,""num_orders"":1},{""price"":59717.16,""size"":0.051602,""num_orders"":1},{""price"":59716.56,""size"":0.00251167,""num_orders"":1},{""price"":59716.02,""size"":0.24998634,""num_orders"":2},{""price"":59716.01,""size"":0.1003378,""num_orders"":1}]","[{""price"":59721.05,""size"":0.09217681,""num_orders"":4},{""price"":59721.59,""size"":0.3154709,""num_orders"":1},{""price"":59721.6,""size"":0.5,""num_orders"":1},{""price"":59722.16,""size"":0.00255488,""num_orders"":1},{""price"":59723.52,""size"":1.9e-05,""num_orders"":1},{""price"":59724.99,""size"":0.01585309,""num_orders"":1},{""price"":59725.0,""size"":0.01,""num_orders"":1},{""price"":59725.51,""size"":0.21963236,""num_orders"":1},{""price"":59725.52,""size"":0.1003378,""num_orders"":1},{""price"":59725.69,""size"":0.13394571,""num_orders"":1}]"
btc_usd_d10_20260630T051021Z,0,2026-06-30T05:10:21.423066Z,2026-06-30T05:10:21.423123Z,BTC-USD,10,ok,,131700413326,2026-06-30T05:10:19.046957169Z,0.77880464,1.45864201,-0.303845175482,59353.099999999999,59353.110000000001,59353.104999999996,0.010000000002,0.001684831822,"[{""price"":59353.1,""size"":0.20072857,""num_orders"":10},{""price"":59353.09,""size"":1.8e-07,""num_orders"":1},{""price"":59353.08,""size"":0.0300002,""num_orders"":2},{""price"":59352.06,""size"":1.9e-05,""num_orders"":1},{""price"":59351.42,""size"":0.13479036,""num_orders"":1},{""price"":59351.1,""size"":0.05057999,""num_orders"":1},{""price"":59350.38,""size"":0.13480171,""num_orders"":1},{""price"":59350.36,""size"":0.06739125,""num_orders"":1},{""price"":59350.09,""size"":0.13479338,""num_orders"":1},{""price"":59350.0,""size"":0.0257,""num_orders"":1}]","[{""price"":59353.11,""size"":0.21660415,""num_orders"":8},{""price"":59353.12,""size"":1.9e-07,""num_orders"":1},{""price"":59353.14,""size"":2e-07,""num_orders"":1},{""price"":59354.0,""size"":0.0257,""num_orders"":1},{""price"":59354.29,""size"":0.00134414,""num_orders"":1},{""price"":59355.93,""size"":0.05054255,""num_orders"":1},{""price"":59355.94,""size"":0.90140823,""num_orders"":2},{""price"":59355.96,""size"":0.13480171,""num_orders"":1},{""price"":59356.0,""size"":0.0257,""num_orders"":1},{""price"":59356.29,""size"":0.10254084,""num_orders"":2}]"
btc_usd_d10_20260630T051021Z,1,2026-06-30T05:11:21.423066Z,2026-06-30T05:11:21.423191Z,BTC-USD,10,ok,,131700446959,2026-06-30T05:11:19.605233320Z,0.30883345,2.34188594,-0.766981408017,59330.919999999998,59330.93,59330.925000000003,0.010000000002,0.001685461671,"[{""price"":59330.92,""size"":0.18388207,""num_orders"":5},{""price"":59330.91,""size"":0.0005346,""num_orders"":4},{""price"":59330.9,""size"":2.2e-07,""num_orders"":2},{""price"":59330.89,""size"":1.2e-07,""num_orders"":1},{""price"":59330.01,""size"":0.01594471,""num_orders"":1},{""price"":59330.0,""size"":0.015,""num_orders"":2},{""price"":59328.82,""size"":0.00033663,""num_orders"":1},{""price"":59328.0,""size"":0.0257,""num_orders"":1},{""price"":59327.9,""size"":1.9e-05,""num_orders"":1},{""price"":59327.59,""size"":0.0674161,""num_orders"":1}]","[{""price"":59330.93,""size"":0.00981593,""num_orders"":2},{""price"":59330.97,""size"":0.00096806,""num_orders"":1},{""price"":59332.0,""size"":0.0257,""num_orders"":1},{""price"":59333.54,""size"":0.07056163,""num_orders"":2},{""price"":59333.55,""size"":0.70549777,""num_orders"":2},{""price"":59333.56,""size"":0.13483095,""num_orders"":1},{""price"":59333.95,""size"":0.01594471,""num_orders"":1},{""price"":59333.96,""size"":0.03190352,""num_orders"":1},{""price"":59334.0,""size"":1.0257,""num_orders"":2},{""price"":59335.18,""size"":0.32096337,""num_orders"":2}]"
btc_usd_d10_20260630T051021Z,2,2026-06-30T05:12:21.423066Z,2026-06-30T05:12:21.423237Z,BTC-USD,10,ok,,131700502883,2026-06-30T05:12:20.047802468Z,0.32043067,2.10351595,-0.735612436878,59298.480000000003,59298.489999999998,59298.485000000001,0.009999999995,0.001686383724,"[{""price"":59298.48,""size"":2.681e-05,""num_orders"":1},{""price"":59297.7,""size"":1.9e-05,""num_orders"":1},{""price"":59296.0,""size"":0.0257,""num_orders"":1},{""price"":59294.68,""size"":1.913e-05,""num_orders"":2},{""price"":59294.31,""size"":0.05061019,""num_orders"":1},{""price"":59294.0,""size"":0.0257,""num_orders"":1},{""price"":59293.97,""size"":0.06745377,""num_orders"":1},{""price"":59292.27,""size"":0.01595792,""num_orders"":1},{""price"":59292.26,""size"":0.13492485,""num_orders"":1},{""price"":59291.66,""size"":1.9e-05,""num_orders"":1}]","[{""price"":59298.49,""size"":0.54589787,""num_orders"":5},{""price"":59299.42,""size"":0.13480171,""num_orders"":1},{""price"":59299.43,""size"":0.13490854,""num_orders"":1},{""price"":59300.0,""size"":0.0257,""num_orders"":1},{""price"":59300.56,""size"":0.00084314,""num_orders"":1},{""price"":59300.72,""size"":0.05061019,""num_orders"":1},{""price"":59300.73,""size"":0.44104972,""num_orders"":1},{""price"":59301.01,""size"":0.5,""num_orders"":1},{""price"":59301.83,""size"":0.13480171,""num_orders"":1},{""price"":59301.84,""size"":0.13490307,""num_orders"":1}]"
btc_usd_d10_20260630T051021Z,3,2026-06-30T05:13:21.423066Z,2026-06-30T05:13:21.423160Z,BTC-USD,10,ok,,131700552278,2026-06-30T05:13:20.102470780Z,0.92505961,0.87034387,0.030475456135,59282.589999999997,59282.599999999999,59282.595000000001,0.010000000002,0.00168683574,"[{""price"":59282.59,""size"":0.42676341,""num_orders"":8},{""price"":59282.57,""size"":1.3e-07,""num_orders"":1},{""price"":59282.31,""size"":0.0001255,""num_orders"":1},{""price"":59282.05,""size"":0.00132755,""num_orders"":1},{""price"":59281.32,""size"":0.13480171,""num_orders"":1},{""price"":59280.51,""size"":0.05062313,""num_orders"":1},{""price"":59280.41,""size"":0.13495182,""num_orders"":1},{""price"":59280.01,""size"":0.01596465,""num_orders"":1},{""price"":59280.0,""size"":0.0257,""num_orders"":1},{""price"":59279.4,""size"":0.13480171,""num_orders"":1}]","[{""price"":59282.6,""size"":0.51196576,""num_orders"":6},{""price"":59282.61,""size"":2e-07,""num_orders"":1},{""price"":59282.62,""size"":2.2e-07,""num_orders"":1},{""price"":59283.24,""size"":1.9e-07,""num_orders"":1},{""price"":59284.87,""size"":0.01596465,""num_orders"":1},{""price"":59284.88,""size"":0.17175423,""num_orders"":1},{""price"":59285.0,""size"":0.01,""num_orders"":1},{""price"":59285.62,""size"":1.9e-05,""num_orders"":1},{""price"":59285.78,""size"":0.13493962,""num_orders"":1},{""price"":59286.0,""size"":0.0257,""num_orders"":1}]"
btc_usd_d10_20260630T051021Z,4,2026-06-30T05:14:21.423066Z,2026-06-30T05:14:21.423205Z,BTC-USD,10,ok,,131700588674,2026-06-30T05:14:19.042963014Z,0.70287346,0.76946355,-0.045227478184,59305.970000000001,59305.980000000003,59305.975000000006,0.010000000002,0.001686170745,"[{""price"":59305.97,""size"":0.19598043,""num_orders"":5},{""price"":59305.96,""size"":1.4e-07,""num_orders"":1},{""price"":59305.95,""size"":1.5e-07,""num_orders"":1},{""price"":59304.43,""size"":0.05062313,""num_orders"":1},{""price"":59304.0,""size"":0.0257,""num_orders"":1},{""price"":59303.76,""size"":0.2359046,""num_orders"":1},{""price"":59303.72,""size"":0.00168633,""num_orders"":1},{""price"":59303.0,""size"":0.03237746,""num_orders"":1},{""price"":59302.64,""size"":0.13490122,""num_orders"":1},{""price"":59302.0,""size"":0.0257,""num_orders"":1}]","[{""price"":59305.98,""size"":0.20236056,""num_orders"":9},{""price"":59305.99,""size"":3.7e-07,""num_orders"":2},{""price"":59306.0,""size"":4e-07,""num_orders"":2},{""price"":59306.76,""size"":1.9e-05,""num_orders"":1},{""price"":59307.99,""size"":0.01596465,""num_orders"":1},{""price"":59308.0,""size"":0.0257,""num_orders"":1},{""price"":59308.08,""size"":0.13488889,""num_orders"":1},{""price"":59308.75,""size"":0.20510484,""num_orders"":1},{""price"":59308.76,""size"":0.13480171,""num_orders"":1},{""price"":59308.78,""size"":0.05062313,""num_orders"":1}]"
btc_usd_d10_20260630T051021Z,5,2026-06-30T05:15:21.423066Z,2026-06-30T05:15:21.423212Z,BTC-USD,10,ok,,131700634178,2026-06-30T05:15:18.545353241Z,1.01155918,0.37164637,0.462630308272,59318.839999999997,59318.849999999999,59318.845000000001,0.010000000002,0.001685804908,"[{""price"":59318.84,""size"":0.47187487,""num_orders"":9},{""price"":59318.82,""size"":1.2e-07,""num_orders"":1},{""price"":59318.79,""size"":0.00022789,""num_orders"":1},{""price"":59318.74,""size"":0.17582214,""num_orders"":1},{""price"":59318.73,""size"":0.13480171,""num_orders"":1},{""price"":59318.7,""size"":0.05062313,""num_orders"":1},{""price"":59318.4,""size"":0.01595698,""num_orders"":1},{""price"":59318.39,""size"":0.00168547,""num_orders"":1},{""price"":59318.0,""size"":0.0257,""num_orders"":1},{""price"":59317.75,""size"":0.13486687,""num_orders"":1}]","[{""price"":59318.85,""size"":0.00613749,""num_orders"":2},{""price"":59318.86,""size"":2.1e-07,""num_orders"":1},{""price"":59318.87,""size"":2.2e-07,""num_orders"":1},{""price"":59321.97,""size"":0.00104255,""num_orders"":1},{""price"":59322.81,""size"":0.13485538,""num_orders"":1},{""price"":59323.23,""size"":0.05062313,""num_orders"":1},{""price"":59323.3,""size"":0.0025287,""num_orders"":1},{""price"":59323.99,""size"":0.01595698,""num_orders"":1},{""price"":59324.0,""size"":0.0257,""num_orders"":1},{""price"":59325.6,""size"":0.13480171,""num_orders"":1}]"
btc_usd_d10_20260630T051021Z,6,2026-06-30T05:16:21.423066Z,2026-06-30T05:16:21.423206Z,BTC-USD,10,ok,,131700667751,2026-06-30T05:16:20.179090067Z,1.46312539,0.51971509,0.475787290766,59295.160000000003,59295.169999999998,59295.165000000001,0.009999999995,0.001686478146,"[{""price"":59295.16,""size"":0.33883223,""num_orders"":12},{""price"":59294.21,""size"":0.17822812,""num_orders"":1},{""price"":59294.2,""size"":0.13480171,""num_orders"":1},{""price"":59294.19,""size"":0.13492045,""num_orders"":1},{""price"":59294.0,""size"":0.0257,""num_orders"":1},{""price"":59293.83,""size"":0.00311706,""num_orders"":2},{""price"":59293.82,""size"":1.6e-07,""num_orders"":1},{""price"":59292.94,""size"":0.13492331,""num_orders"":1},{""price"":59292.38,""size"":0.37780064,""num_orders"":1},{""price"":59292.37,""size"":0.13480171,""num_orders"":1}]","[{""price"":59295.17,""size"":0.00243859,""num_orders"":1},{""price"":59295.18,""size"":1.9e-07,""num_orders"":1},{""price"":59296.52,""size"":0.00084323,""num_orders"":1},{""price"":59297.99,""size"":0.0159532,""num_orders"":1},{""price"":59298.0,""size"":0.0257,""num_orders"":1},{""price"":59299.58,""size"":0.13490822,""num_orders"":1},{""price"":59299.62,""size"":0.00252974,""num_orders"":1},{""price"":59299.77,""size"":0.26101879,""num_orders"":1},{""price"":59299.79,""size"":0.05062313,""num_orders"":1},{""price"":59300.0,""size"":0.0257,""num_orders"":1}]"
btc_usd_d10_20260630T051021Z,7,2026-06-30T05:17:21.423066Z,2026-06-30T05:17:21.423196Z,BTC-USD,10,ok,,131700698428,2026-06-30T05:17:20.546154316Z,1.21341895,0.75843461,0.230739416572,59285.620000000003,59285.629999999997,59285.625,0.009999999995,0.001686749527,"[{""price"":59285.62,""size"":0.32871563,""num_orders"":9},{""price"":59285.61,""size"":2.5e-07,""num_orders"":2},{""price"":59285.6,""size"":1.4e-07,""num_orders"":1},{""price"":59284.39,""size"":0.06746523,""num_orders"":1},{""price"":59283.72,""size"":0.00033653,""num_orders"":1},{""price"":59283.58,""size"":0.13494461,""num_orders"":1},{""price"":59283.18,""size"":0.05062313,""num_orders"":1},{""price"":59283.17,""size"":0.49636768,""num_orders"":1},{""price"":59282.64,""size"":0.13494675,""num_orders"":1},{""price"":59282.6,""size"":1.9e-05,""num_orders"":1}]","[{""price"":59285.63,""size"":0.1908595,""num_orders"":5},{""price"":59285.64,""size"":4.7e-07,""num_orders"":2},{""price"":59286.0,""size"":0.0257,""num_orders"":1},{""price"":59286.78,""size"":0.08047662,""num_orders"":1},{""price"":59286.79,""size"":0.13480171,""num_orders"":1},{""price"":59287.46,""size"":0.23347661,""num_orders"":1},{""price"":59287.98,""size"":0.05062313,""num_orders"":1},{""price"":59288.0,""size"":0.0257,""num_orders"":1},{""price"":59288.41,""size"":0.00084337,""num_orders"":1},{""price"":59289.3,""size"":0.0159532,""num_orders"":1}]"
btc_usd_d10_20260630T051021Z,8,2026-06-30T05:18:21.423066Z,2026-06-30T05:18:21.423200Z,BTC-USD,10,ok,,131700727349,2026-06-30T05:18:19.180146401Z,0.63013208,0.97475935,-0.214735566256,59285.610000000001,59285.620000000003,59285.615000000005,0.010000000002,0.001686749813,"[{""price"":59285.61,""size"":0.06204326,""num_orders"":7},{""price"":59285.6,""size"":1.9e-07,""num_orders"":1},{""price"":59285.59,""size"":2e-07,""num_orders"":1},{""price"":59284.17,""size"":0.00115344,""num_orders"":1},{""price"":59282.96,""size"":0.06746798,""num_orders"":1},{""price"":59282.0,""size"":0.0257,""num_orders"":1},{""price"":59281.87,""size"":0.05062313,""num_orders"":1},{""price"":59281.69,""size"":0.13480171,""num_orders"":1},{""price"":59281.16,""size"":0.00253012,""num_orders"":1},{""price"":59280.37,""size"":0.28581205,""num_orders"":1}]","[{""price"":59285.62,""size"":0.33917952,""num_orders"":7},{""price"":59285.63,""size"":0.01451672,""num_orders"":2},{""price"":59285.64,""size"":3.9e-07,""num_orders"":2},{""price"":59286.0,""size"":0.0257,""num_orders"":1},{""price"":59286.84,""size"":0.0805575,""num_orders"":1},{""price"":59286.85,""size"":0.13493719,""num_orders"":1},{""price"":59287.78,""size"":0.21934732,""num_orders"":1},{""price"":59287.79,""size"":0.13480171,""num_orders"":1},{""price"":59288.0,""size"":0.0257,""num_orders"":1},{""price"":59288.64,""size"":1.9e-05,""num_orders"":1}]"
btc_usd_d10_20260630T051021Z,9,2026-06-30T05:19:21.423066Z,2026-06-30T05:19:21.423229Z,BTC-USD,10,ok,,131700764098,2026-06-30T05:19:21.047460490Z,1.65853951,0.23113733,0.755368404684,59292.019999999997,59292.029999999999,59292.024999999994,0.010000000002,0.00168656746,"[{""price"":59292.02,""size"":0.69698127,""num_orders"":13},{""price"":59292.0,""size"":0.0257002,""num_orders"":2},{""price"":59291.76,""size"":0.03236962,""num_orders"":1},{""price"":59291.66,""size"":1.9e-05,""num_orders"":1},{""price"":59291.53,""size"":0.1349265,""num_orders"":1},{""price"":59290.87,""size"":0.19125102,""num_orders"":1},{""price"":59290.86,""size"":0.18542484,""num_orders"":2},{""price"":59290.6,""size"":0.13492863,""num_orders"":1},{""price"":59290.0,""size"":0.0257,""num_orders"":1},{""price"":59289.88,""size"":0.23123843,""num_orders"":1}]","[{""price"":59292.03,""size"":0.00989799,""num_orders"":4},{""price"":59292.04,""size"":1.8e-07,""num_orders"":1},{""price"":59292.05,""size"":1.9e-07,""num_orders"":1},{""price"":59292.8,""size"":0.00460618,""num_orders"":1},{""price"":59293.68,""size"":0.00084328,""num_orders"":1},{""price"":59297.26,""size"":0.00252981,""num_orders"":1},{""price"":59297.71,""size"":0.0054254,""num_orders"":1},{""price"":59298.0,""size"":0.0257,""num_orders"":1},{""price"":59299.93,""size"":0.01595891,""num_orders"":1},{""price"":59299.94,""size"":0.16617539,""num_orders"":1}]"
btc_usd_d10_20260630T051021Z,10,2026-06-30T05:20:21.423066Z,2026-06-30T05:20:21.423216Z,BTC-USD,10,ok,,131700788899,2026-06-30T05:20:20.132117583Z,0.59440659,1.42053245,-0.410000423636,59297.699999999997,59297.709999999999,59297.705000000002,0.010000000002,0.001686405908,"[{""price"":59297.7,""size"":0.04787187,""num_orders"":7},{""price"":59297.68,""size"":1.7e-07,""num_orders"":1},{""price"":59294.01,""size"":0.05062313,""num_orders"":1},{""price"":59293.25,""size"":0.0025296,""num_orders"":1},{""price"":59293.16,""size"":0.21085444,""num_orders"":1},{""price"":59293.15,""size"":0.13480171,""num_orders"":1},{""price"":59292.02,""size"":0.0545503,""num_orders"":4},{""price"":59292.0,""size"":0.0257,""num_orders"":1},{""price"":59291.86,""size"":0.06745637,""num_orders"":1},{""price"":59291.66,""size"":1.9e-05,""num_orders"":1}]","[{""price"":59297.71,""size"":0.7525011,""num_orders"":19},{""price"":59297.72,""size"":0.13491265,""num_orders"":2},{""price"":59297.73,""size"":2.1e-07,""num_orders"":1},{""price"":59298.0,""size"":0.0257,""num_orders"":1},{""price"":59298.57,""size"":0.0016864,""num_orders"":1},{""price"":59299.44,""size"":0.34352498,""num_orders"":1},{""price"":59299.45,""size"":0.13480171,""num_orders"":1},{""price"":59299.46,""size"":0.0016864,""num_orders"":1},{""price"":59300.0,""size"":0.0257,""num_orders"":1},{""price"":59300.72,""size"":1.9e-05,""num_orders"":1}]"
btc_usd_d10_20260630T051021Z,11,2026-06-30T05:21:21.423066Z,2026-06-30T05:21:21.423201Z,BTC-USD,10,ok,,131700831940,2026-06-30T05:21:18.689247363Z,1.0760976,1.50268109,-0.16542074419,59339.989999999998,59340,59339.994999999995,0.010000000002,0.001685204052,"[{""price"":59339.99,""size"":0.67983518,""num_orders"":15},{""price"":59339.98,""size"":0.0300002,""num_orders"":2},{""price"":59339.96,""size"":0.03,""num_orders"":1},{""price"":59339.77,""size"":0.12247939,""num_orders"":2},{""price"":59339.52,""size"":0.0003937,""num_orders"":1},{""price"":59338.45,""size"":0.05062313,""num_orders"":1},{""price"":59338.04,""size"":0.13482076,""num_orders"":1},{""price"":59338.0,""size"":0.0257,""num_orders"":1},{""price"":59337.99,""size"":0.00055967,""num_orders"":1},{""price"":59337.75,""size"":0.00168557,""num_orders"":1}]","[{""price"":59340.0,""size"":0.20295029,""num_orders"":5},{""price"":59343.0,""size"":1.9e-05,""num_orders"":1},{""price"":59344.0,""size"":0.0257,""num_orders"":1},{""price"":59344.18,""size"":0.0159509,""num_orders"":1},{""price"":59344.19,""size"":0.13480679,""num_orders"":1},{""price"":59345.0,""size"":0.01,""num_orders"":1},{""price"":59346.02,""size"":1.9e-05,""num_orders"":1},{""price"":59347.82,""size"":0.80993739,""num_orders"":3},{""price"":59348.59,""size"":0.16849601,""num_orders"":1},{""price"":59348.99,""size"":0.13480171,""num_orders"":1}]"
btc_usd_d10_20260630T051021Z,12,2026-06-30T05:22:21.423066Z,2026-06-30T05:22:21.423238Z,BTC-USD,10,ok,,131700867713,2026-06-30T05:22:19.046766991Z,1.06835865,0.69359617,0.21269698618,59320.209999999999,59320.220000000001,59320.214999999997,0.010000000002,0.001685765974,"[{""price"":59320.21,""size"":0.26155168,""num_orders"":8},{""price"":59320.2,""size"":1.3e-07,""num_orders"":1},{""price"":59320.19,""size"":1.4e-07,""num_orders"":1},{""price"":59320.0,""size"":0.0257,""num_orders"":1},{""price"":59318.84,""size"":1.9e-05,""num_orders"":1},{""price"":59318.48,""size"":0.35199053,""num_orders"":1},{""price"":59318.47,""size"":0.21085444,""num_orders"":1},{""price"":59318.45,""size"":0.13486528,""num_orders"":1},{""price"":59318.16,""size"":0.01595138,""num_orders"":1},{""price"":59318.15,""size"":0.06742607,""num_orders"":1}]","[{""price"":59320.22,""size"":0.02258404,""num_orders"":5},{""price"":59320.23,""size"":0.00039606,""num_orders"":2},{""price"":59320.24,""size"":2.1e-07,""num_orders"":1},{""price"":59320.56,""size"":0.00813831,""num_orders"":1},{""price"":59321.87,""size"":0.00351163,""num_orders"":2},{""price"":59323.3,""size"":0.21579708,""num_orders"":1},{""price"":59323.31,""size"":0.266666,""num_orders"":1},{""price"":59324.0,""size"":0.0257,""num_orders"":1},{""price"":59324.53,""size"":0.13485146,""num_orders"":1},{""price"":59325.0,""size"":0.01595138,""num_orders"":1}]"
btc_usd_d10_20260630T051021Z,13,2026-06-30T05:23:21.423066Z,2026-06-30T05:23:21.423200Z,BTC-USD,10,ok,,131700904648,2026-06-30T05:23:20.604666254Z,0.09141269,1.19350893,-0.857714760843,59343,59343.010000000002,59343.005000000005,0.010000000002,0.001685118575,"[{""price"":59343.0,""size"":1.9e-05,""num_orders"":1},{""price"":59342.99,""size"":1.7e-07,""num_orders"":1},{""price"":59342.98,""size"":1.8e-07,""num_orders"":1},{""price"":59342.97,""size"":1.9e-07,""num_orders"":1},{""price"":59342.96,""size"":2.8e-07,""num_orders"":1},{""price"":59341.75,""size"":0.00153055,""num_orders"":1},{""price"":59339.52,""size"":3.8e-07,""num_orders"":2},{""price"":59338.76,""size"":0.06411139,""num_orders"":1},{""price"":59338.36,""size"":5.055e-05,""num_orders"":1},{""price"":59338.0,""size"":0.0257,""num_orders"":1}]","[{""price"":59343.01,""size"":0.18266677,""num_orders"":2},{""price"":59344.0,""size"":0.0257,""num_orders"":1},{""price"":59344.71,""size"":0.06739607,""num_orders"":1},{""price"":59346.0,""size"":0.0257,""num_orders"":1},{""price"":59346.68,""size"":0.41229281,""num_orders"":1},{""price"":59346.69,""size"":0.13480171,""num_orders"":1},{""price"":59346.71,""size"":0.16850135,""num_orders"":1},{""price"":59347.73,""size"":0.01594851,""num_orders"":1},{""price"":59348.0,""size"":0.0257,""num_orders"":1},{""price"":59349.23,""size"":0.13480171,""num_orders"":1}]"
btc_usd_d10_20260630T051021Z,14,2026-06-30T05:24:21.423066Z,2026-06-30T05:24:21.423222Z,BTC-USD,10,ok,,131700938365,2026-06-30T05:24:20.600685483Z,0.5496337,0.61191629,-0.053620240658,59358.089999999997,59358.099999999999,59358.095000000001,0.010000000002,0.001684690185,"[{""price"":59358.09,""size"":0.10849395,""num_orders"":4},{""price"":59358.08,""size"":0.03252703,""num_orders"":2},{""price"":59358.07,""size"":1.9e-07,""num_orders"":1},{""price"":59358.06,""size"":0.03000021,""num_orders"":2},{""price"":59357.08,""size"":1.7e-07,""num_orders"":1},{""price"":59356.92,""size"":0.06738232,""num_orders"":1},{""price"":59356.15,""size"":0.13477961,""num_orders"":1},{""price"":59356.0,""size"":0.0257,""num_orders"":1},{""price"":59355.78,""size"":0.13480171,""num_orders"":1},{""price"":59354.02,""size"":0.01594851,""num_orders"":1}]","[{""price"":59358.1,""size"":0.03032017,""num_orders"":6},{""price"":59358.11,""size"":1.6e-07,""num_orders"":1},{""price"":59359.99,""size"":0.02132424,""num_orders"":1},{""price"":59360.0,""size"":0.0357,""num_orders"":2},{""price"":59361.12,""size"":1.9e-05,""num_orders"":1},{""price"":59361.71,""size"":0.01594851,""num_orders"":1},{""price"":59361.72,""size"":0.02,""num_orders"":1},{""price"":59361.74,""size"":0.13480171,""num_orders"":1},{""price"":59361.76,""size"":0.21903574,""num_orders"":1},{""price"":59361.82,""size"":0.13476676,""num_orders"":1}]"
btc_usd_d10_20260630T051021Z,15,2026-06-30T05:25:21.423066Z,2026-06-30T05:25:21.423203Z,BTC-USD,10,ok,,131700980686,2026-06-30T05:25:20.079829030Z,0.66802739,1.66980373,-0.428506717799,59387.760000000002,59387.769999999997,59387.764999999999,0.009999999995,0.001683848516,"[{""price"":59387.76,""size"":0.270763,""num_orders"":4},{""price"":59387.75,""size"":1.7e-07,""num_orders"":1},{""price"":59387.74,""size"":1.9e-07,""num_orders"":1},{""price"":59386.35,""size"":0.0673477,""num_orders"":1},{""price"":59384.82,""size"":0.01594851,""num_orders"":1},{""price"":59384.81,""size"":0.13471457,""num_orders"":1},{""price"":59384.17,""size"":0.062995,""num_orders"":1},{""price"":59384.0,""size"":0.0257,""num_orders"":1},{""price"":59383.5,""size"":0.05823,""num_orders"":1},{""price"":59383.31,""size"":0.03232825,""num_orders"":1}]","[{""price"":59387.77,""size"":0.41374273,""num_orders"":13},{""price"":59387.78,""size"":0.02221578,""num_orders"":3},{""price"":59387.97,""size"":0.19536935,""num_orders"":1},{""price"":59387.98,""size"":0.13480171,""num_orders"":1},{""price"":59388.0,""size"":0.0257,""num_orders"":1},{""price"":59390.0,""size"":0.0257,""num_orders"":1},{""price"":59390.62,""size"":0.13470141,""num_orders"":1},{""price"":59390.64,""size"":0.00634872,""num_orders"":3},{""price"":59391.18,""size"":0.01594851,""num_orders"":1},{""price"":59391.19,""size"":0.69527552,""num_orders"":2}]"
btc_usd_d10_20260630T051021Z,16,2026-06-30T05:26:21.423066Z,2026-06-30T05:26:21.423211Z,BTC-USD,10,ok,,131701019654,2026-06-30T05:26:20.517335943Z,0.30908229,1.4377535,-0.646123245506,59334.010000000002,59334.019999999997,59334.014999999999,0.009999999995,0.001685373895,"[{""price"":59334.01,""size"":0.00026481,""num_orders"":3},{""price"":59334.0,""size"":1.2e-07,""num_orders"":1},{""price"":59333.99,""size"":1.4e-07,""num_orders"":1},{""price"":59333.94,""size"":1.9e-05,""num_orders"":1},{""price"":59330.92,""size"":1.875e-05,""num_orders"":1},{""price"":59330.0,""size"":0.0257,""num_orders"":1},{""price"":59328.41,""size"":0.05062313,""num_orders"":1},{""price"":59327.9,""size"":1.9e-05,""num_orders"":1},{""price"":59327.2,""size"":0.0067408,""num_orders"":1},{""price"":59326.53,""size"":0.22569654,""num_orders"":1}]","[{""price"":59334.02,""size"":0.85416078,""num_orders"":18},{""price"":59335.86,""size"":0.11244576,""num_orders"":1},{""price"":59336.94,""size"":0.01594775,""num_orders"":1},{""price"":59336.95,""size"":0.18542484,""num_orders"":2},{""price"":59336.97,""size"":2.5e-07,""num_orders"":1},{""price"":59337.02,""size"":0.00292627,""num_orders"":2},{""price"":59338.0,""size"":0.19422608,""num_orders"":2},{""price"":59338.47,""size"":0.00252806,""num_orders"":1},{""price"":59338.54,""size"":0.06741464,""num_orders"":1},{""price"":59338.6,""size"":0.00267907,""num_orders"":1}]"
btc_usd_d10_20260630T051021Z,17,2026-06-30T05:27:21.423066Z,2026-06-30T05:27:21.423205Z,BTC-USD,10,ok,,131701059466,2026-06-30T05:27:19.186502680Z,0.6943666,0.51118878,0.15194475761,59283.75,59283.760000000002,59283.755000000005,0.010000000002,0.001686802734,"[{""price"":59283.75,""size"":0.09904267,""num_orders"":3},{""price"":59283.66,""size"":0.13494441,""num_orders"":1},{""price"":59282.67,""size"":1.3e-07,""num_orders"":1},{""price"":59282.6,""size"":9.605e-05,""num_orders"":1},{""price"":59282.0,""size"":0.0257,""num_orders"":1},{""price"":59280.31,""size"":0.01595603,""num_orders"":1},{""price"":59280.3,""size"":0.20735201,""num_orders"":2},{""price"":59280.26,""size"":0.05062313,""num_orders"":1},{""price"":59280.25,""size"":0.13495217,""num_orders"":1},{""price"":59280.0,""size"":0.0257,""num_orders"":1}]","[{""price"":59283.76,""size"":0.03574371,""num_orders"":2},{""price"":59283.78,""size"":0.03,""num_orders"":1},{""price"":59284.98,""size"":0.00301622,""num_orders"":1},{""price"":59284.99,""size"":0.00168606,""num_orders"":1},{""price"":59286.0,""size"":0.0257,""num_orders"":1},{""price"":59286.36,""size"":0.00168606,""num_orders"":1},{""price"":59287.92,""size"":0.23689899,""num_orders"":1},{""price"":59287.93,""size"":0.13480171,""num_orders"":1},{""price"":59287.99,""size"":0.01595603,""num_orders"":1},{""price"":59288.0,""size"":0.0257,""num_orders"":1}]"
btc_usd_d10_20260630T051021Z,18,2026-06-30T05:28:21.423066Z,2026-06-30T05:28:21.423209Z,BTC-USD,10,ok,,131701092850,2026-06-30T05:28:20.345042391Z,0.90227777,0.74572279,0.094996921603,59274.540000000001,59274.550000000003,59274.544999999998,0.010000000002,0.001687064827,"[{""price"":59274.54,""size"":0.20227852,""num_orders"":2},{""price"":59274.0,""size"":0.0257,""num_orders"":1},{""price"":59273.73,""size"":1.912e-05,""num_orders"":1},{""price"":59273.72,""size"":9.44e-06,""num_orders"":1},{""price"":59273.65,""size"":0.13496722,""num_orders"":1},{""price"":59273.43,""size"":0.05062313,""num_orders"":1},{""price"":59272.04,""size"":0.01596435,""num_orders"":1},{""price"":59272.03,""size"":0.31221428,""num_orders"":1},{""price"":59272.02,""size"":0.13480171,""num_orders"":1},{""price"":59272.0,""size"":0.0257,""num_orders"":1}]","[{""price"":59274.55,""size"":0.06072644,""num_orders"":2},{""price"":59278.0,""size"":0.0257,""num_orders"":1},{""price"":59278.66,""size"":0.01154228,""num_orders"":1},{""price"":59278.67,""size"":0.315306,""num_orders"":2},{""price"":59278.68,""size"":0.00174875,""num_orders"":1},{""price"":59278.7,""size"":0.00893884,""num_orders"":2},{""price"":59279.44,""size"":0.01596435,""num_orders"":1},{""price"":59279.45,""size"":0.13480171,""num_orders"":1},{""price"":59279.47,""size"":0.13495397,""num_orders"":1},{""price"":59279.59,""size"":0.03604045,""num_orders"":1}]"
btc_usd_d10_20260630T051021Z,19,2026-06-30T05:29:21.423066Z,2026-06-30T05:29:21.423194Z,BTC-USD,10,ok,,131701127884,2026-06-30T05:29:19.595623137Z,0.71831819,0.66373834,0.03949176377,59279.57,59279.580000000002,59279.574999999997,0.010000000002,0.001686921676,"[{""price"":59279.57,""size"":0.10498208,""num_orders"":4},{""price"":59279.56,""size"":1.5e-07,""num_orders"":1},{""price"":59279.55,""size"":1.6e-07,""num_orders"":1},{""price"":59278.21,""size"":0.21085444,""num_orders"":1},{""price"":59278.19,""size"":0.13495686,""num_orders"":1},{""price"":59278.18,""size"":0.03,""num_orders"":1},{""price"":59278.16,""size"":0.03,""num_orders"":1},{""price"":59278.15,""size"":0.05062279,""num_orders"":1},{""price"":59278.0,""size"":0.0221,""num_orders"":1},{""price"":59276.63,""size"":0.13480171,""num_orders"":1}]","[{""price"":59279.58,""size"":1.9e-05,""num_orders"":1},{""price"":59279.59,""size"":0.03604045,""num_orders"":1},{""price"":59280.97,""size"":1.59e-06,""num_orders"":1},{""price"":59282.6,""size"":1.9e-05,""num_orders"":1},{""price"":59284.0,""size"":0.0257,""num_orders"":1},{""price"":59284.94,""size"":0.01596435,""num_orders"":1},{""price"":59284.95,""size"":0.02,""num_orders"":1},{""price"":59284.97,""size"":0.38056894,""num_orders"":1},{""price"":59284.98,""size"":0.13480171,""num_orders"":1},{""price"":59284.99,""size"":0.0506233,""num_orders"":2}]"
btc_usd_d10_20260630T051021Z,20,2026-06-30T05:30:21.423066Z,2026-06-30T05:30:21.423206Z,BTC-USD,10,ok,,131701169521,2026-06-30T05:30:19.842677187Z,0.21958405,1.49480966,-0.743834746104,59291.660000000003,59291.669999999998,59291.665000000001,0.009999999995,0.001686577699,"[{""price"":59291.66,""size"":4.1e-07,""num_orders"":1},{""price"":59291.65,""size"":2.447e-05,""num_orders"":4},{""price"":59291.64,""size"":1.7e-07,""num_orders"":1},{""price"":59291.44,""size"":0.00084328,""num_orders"":1},{""price"":59290.94,""size"":0.00033327,""num_orders"":1},{""price"":59288.64,""size"":1.9e-05,""num_orders"":1},{""price"":59288.63,""size"":1.8e-07,""num_orders"":1},{""price"":59288.56,""size"":0.06746198,""num_orders"":1},{""price"":59286.95,""size"":0.01596435,""num_orders"":1},{""price"":59286.94,""size"":0.13493694,""num_orders"":1}]","[{""price"":59291.67,""size"":0.62901589,""num_orders"":10},{""price"":59291.68,""size"":2e-07,""num_orders"":1},{""price"":59291.88,""size"":0.13492574,""num_orders"":1},{""price"":59292.0,""size"":0.023,""num_orders"":1},{""price"":59292.62,""size"":0.32324711,""num_orders"":2},{""price"":59293.01,""size"":0.13480171,""num_orders"":1},{""price"":59293.99,""size"":0.01596435,""num_orders"":1},{""price"":59294.0,""size"":0.023,""num_orders"":1},{""price"":59294.01,""size"":2.2e-07,""num_orders"":1},{""price"":59295.67,""size"":0.21085444,""num_orders"":1}]"
btc_usd_d10_20260630T051021Z,21,2026-06-30T05:31:21.423066Z,2026-06-30T05:31:21.423202Z,BTC-USD,10,ok,,131701220625,2026-06-30T05:31:18.546579079Z,1.80452908,0.14041523,0.855610025153,59285.620000000003,59285.629999999997,59285.625,0.009999999995,0.001686749527,"[{""price"":59285.62,""size"":0.60418979,""num_orders"":11},{""price"":59285.61,""size"":4e-07,""num_orders"":2},{""price"":59285.6,""size"":2.1e-07,""num_orders"":1},{""price"":59285.27,""size"":0.38947378,""num_orders"":1},{""price"":59285.26,""size"":0.13494078,""num_orders"":1},{""price"":59284.0,""size"":0.0257,""num_orders"":1},{""price"":59283.84,""size"":0.13480171,""num_orders"":1},{""price"":59282.64,""size"":0.16868344,""num_orders"":1},{""price"":59282.0,""size"":0.0257,""num_orders"":1},{""price"":59281.18,""size"":0.32103897,""num_orders"":1}]","[{""price"":59285.63,""size"":0.00048255,""num_orders"":2},{""price"":59285.64,""size"":3.1e-07,""num_orders"":2},{""price"":59287.99,""size"":0.05062313,""num_orders"":1},{""price"":59288.0,""size"":0.0257,""num_orders"":1},{""price"":59288.64,""size"":1.9e-05,""num_orders"":1},{""price"":59288.65,""size"":0.00997043,""num_orders"":4},{""price"":59289.68,""size"":0.00220081,""num_orders"":1},{""price"":59290.0,""size"":0.0257,""num_orders"":1},{""price"":59291.66,""size"":1.9e-05,""num_orders"":1},{""price"":59292.0,""size"":0.0257,""num_orders"":1}]"
btc_usd_d10_20260630T051021Z,22,2026-06-30T05:32:21.423066Z,2026-06-30T05:32:21.423200Z,BTC-USD,10,ok,,131701268412,2026-06-30T05:32:21.046417283Z,1.5080999,0.55464034,0.462229582529,59291.650000000001,59291.660000000003,59291.654999999999,0.010000000002,0.001686577985,"[{""price"":59291.65,""size"":0.53372763,""num_orders"":13},{""price"":59291.64,""size"":2e-07,""num_orders"":1},{""price"":59291.52,""size"":0.00084328,""num_orders"":1},{""price"":59291.26,""size"":0.0820619,""num_orders"":1},{""price"":59291.25,""size"":0.13492714,""num_orders"":1},{""price"":59291.23,""size"":0.0016867,""num_orders"":1},{""price"":59289.69,""size"":0.13480171,""num_orders"":1},{""price"":59289.68,""size"":0.22978366,""num_orders"":1},{""price"":59288.2,""size"":0.16866761,""num_orders"":1},{""price"":59287.25,""size"":0.22160007,""num_orders"":3}]","[{""price"":59291.66,""size"":0.02247567,""num_orders"":4},{""price"":59294.0,""size"":0.0257,""num_orders"":1},{""price"":59294.68,""size"":1.9e-05,""num_orders"":1},{""price"":59295.0,""size"":0.01,""num_orders"":1},{""price"":59296.0,""size"":0.0257,""num_orders"":1},{""price"":59297.44,""size"":0.02,""num_orders"":1},{""price"":59297.45,""size"":0.13480171,""num_orders"":1},{""price"":59297.46,""size"":0.02,""num_orders"":1},{""price"":59297.47,""size"":0.161031,""num_orders"":1},{""price"":59297.49,""size"":0.13491296,""num_orders"":1}]"
btc_usd_d10_20260630T051021Z,23,2026-06-30T05:33:21.423066Z,2026-06-30T05:33:21.423201Z,BTC-USD,10,ok,,131701307724,2026-06-30T05:33:19.547738281Z,1.91950337,0.08623391,0.914012756446,59290.389999999999,59290.400000000001,59290.395000000004,0.010000000002,0.001686613827,"[{""price"":59290.39,""size"":0.74490766,""num_orders"":7},{""price"":59290.32,""size"":0.13492925,""num_orders"":1},{""price"":59289.99,""size"":0.44631858,""num_orders"":3},{""price"":59288.26,""size"":0.01596634,""num_orders"":1},{""price"":59288.25,""size"":0.00348186,""num_orders"":1},{""price"":59288.05,""size"":0.13480171,""num_orders"":1},{""price"":59288.04,""size"":0.13493446,""num_orders"":1},{""price"":59288.0,""size"":0.0257,""num_orders"":1},{""price"":59287.85,""size"":0.05062313,""num_orders"":1},{""price"":59287.27,""size"":0.22784038,""num_orders"":2}]","[{""price"":59290.4,""size"":0.00037881,""num_orders"":1},{""price"":59291.66,""size"":1.9e-05,""num_orders"":1},{""price"":59294.0,""size"":0.0257,""num_orders"":1},{""price"":59294.68,""size"":1.9e-05,""num_orders"":1},{""price"":59295.0,""size"":0.01,""num_orders"":1},{""price"":59296.0,""size"":0.0257,""num_orders"":1},{""price"":59297.7,""size"":1.9e-05,""num_orders"":1},{""price"":59299.48,""size"":0.01596634,""num_orders"":1},{""price"":59299.49,""size"":0.00421589,""num_orders"":1},{""price"":59299.68,""size"":0.00421587,""num_orders"":1}]"
btc_usd_d10_20260630T051021Z,24,2026-06-30T05:34:21.423066Z,2026-06-30T05:34:21.423203Z,BTC-USD,10,ok,,131701349961,2026-06-30T05:34:21.168138371Z,1.22140953,0.5406858,0.386314927695,59291.150000000001,59291.160000000003,59291.154999999999,0.010000000002,0.001686592208,"[{""price"":59291.15,""size"":0.13492759,""num_orders"":3},{""price"":59291.14,""size"":2e-07,""num_orders"":1},{""price"":59289.67,""size"":0.34556382,""num_orders"":2},{""price"":59289.66,""size"":0.22774407,""num_orders"":1},{""price"":59288.78,""size"":0.0674618,""num_orders"":1},{""price"":59287.29,""size"":0.16867019,""num_orders"":1},{""price"":59287.26,""size"":3.281e-05,""num_orders"":1},{""price"":59287.11,""size"":0.25852076,""num_orders"":2},{""price"":59286.72,""size"":0.01595841,""num_orders"":1},{""price"":59286.71,""size"":0.00252988,""num_orders"":1}]","[{""price"":59291.16,""size"":0.07406237,""num_orders"":5},{""price"":59291.79,""size"":0.02652806,""num_orders"":1},{""price"":59291.99,""size"":0.01595841,""num_orders"":1},{""price"":59292.0,""size"":0.0276,""num_orders"":1},{""price"":59292.55,""size"":0.0008772,""num_orders"":1},{""price"":59293.26,""size"":0.23290905,""num_orders"":1},{""price"":59293.27,""size"":0.13480171,""num_orders"":1},{""price"":59294.0,""size"":0.0221,""num_orders"":1},{""price"":59294.25,""size"":0.00583,""num_orders"":1},{""price"":59294.68,""size"":1.9e-05,""num_orders"":1}]"
btc_usd_d10_20260630T051021Z,25,2026-06-30T05:35:21.423066Z,2026-06-30T05:35:21.423204Z,BTC-USD,10,ok,,131701391911,2026-06-30T05:35:19.345694997Z,0.76644645,0.51645837,0.194860971837,59281.059999999998,59281.07,59281.065000000002,0.010000000002,0.001686879276,"[{""price"":59281.06,""size"":7.891e-05,""num_orders"":2},{""price"":59281.05,""size"":1.5e-07,""num_orders"":1},{""price"":59281.04,""size"":1.6e-07,""num_orders"":1},{""price"":59280.08,""size"":0.06746571,""num_orders"":1},{""price"":59279.68,""size"":0.13495349,""num_orders"":1},{""price"":59279.62,""size"":0.13480171,""num_orders"":1},{""price"":59279.61,""size"":0.2783672,""num_orders"":2},{""price"":59279.58,""size"":1.9e-05,""num_orders"":1},{""price"":59276.85,""size"":0.01595841,""num_orders"":1},{""price"":59276.84,""size"":0.13480171,""num_orders"":1}]","[{""price"":59281.07,""size"":0.17238206,""num_orders"":8},{""price"":59281.08,""size"":1.8e-07,""num_orders"":1},{""price"":59281.1,""size"":1.9e-07,""num_orders"":1},{""price"":59282.0,""size"":0.0275,""num_orders"":1},{""price"":59284.0,""size"":0.0275,""num_orders"":1},{""price"":59284.05,""size"":0.00084343,""num_orders"":1},{""price"":59284.16,""size"":0.13480171,""num_orders"":1},{""price"":59284.69,""size"":0.01595841,""num_orders"":1},{""price"":59284.7,""size"":0.13494208,""num_orders"":1},{""price"":59285.52,""size"":0.00253031,""num_orders"":1}]"
btc_usd_d10_20260630T051021Z,26,2026-06-30T05:36:21.423066Z,2026-06-30T05:36:21.423202Z,BTC-USD,10,ok,,131701440710,2026-06-30T05:36:19.546715006Z,0.35455733,0.63112702,-0.280586467666,59270.510000000002,59270.519999999997,59270.514999999999,0.009999999995,0.001687179535,"[{""price"":59270.51,""size"":0.02227376,""num_orders"":2},{""price"":59270.5,""size"":0.03000019,""num_orders"":2},{""price"":59270.49,""size"":2.2e-07,""num_orders"":1},{""price"":59270.48,""size"":0.03,""num_orders"":1},{""price"":59267.53,""size"":0.11200794,""num_orders"":1},{""price"":59267.51,""size"":0.00674752,""num_orders"":1},{""price"":59267.46,""size"":0.1349813,""num_orders"":1},{""price"":59266.58,""size"":0.01595841,""num_orders"":1},{""price"":59266.57,""size"":5.723e-05,""num_orders"":1},{""price"":59266.06,""size"":0.00253076,""num_orders"":1}]","[{""price"":59270.52,""size"":0.03919246,""num_orders"":5},{""price"":59270.53,""size"":0.00168753,""num_orders"":3},{""price"":59271.98,""size"":0.13480171,""num_orders"":1},{""price"":59271.99,""size"":0.03373414,""num_orders"":1},{""price"":59272.0,""size"":0.0274,""num_orders"":1},{""price"":59273.54,""size"":1.9e-05,""num_orders"":1},{""price"":59274.0,""size"":0.0274,""num_orders"":1},{""price"":59274.95,""size"":0.20613206,""num_orders"":2},{""price"":59274.96,""size"":0.15076012,""num_orders"":2},{""price"":59275.0,""size"":0.01,""num_orders"":1}]"
btc_usd_d10_20260630T051021Z,27,2026-06-30T05:37:21.423066Z,2026-06-30T05:37:21.423193Z,BTC-USD,10,ok,,131701483601,2026-06-30T05:37:19.163474662Z,0.53891491,1.07794326,-0.333380107174,59270.150000000001,59270.160000000003,59270.154999999999,0.010000000002,0.001687189784,"[{""price"":59270.15,""size"":0.07085529,""num_orders"":3},{""price"":59270.1,""size"":0.02666107,""num_orders"":1},{""price"":59270.01,""size"":0.01595841,""num_orders"":1},{""price"":59270.0,""size"":0.0287,""num_orders"":1},{""price"":59268.02,""size"":0.15370877,""num_orders"":2},{""price"":59268.01,""size"":0.0506313,""num_orders"":1},{""price"":59268.0,""size"":0.0287,""num_orders"":1},{""price"":59267.56,""size"":0.13498107,""num_orders"":1},{""price"":59267.5,""size"":1.9e-05,""num_orders"":1},{""price"":59266.0,""size"":0.0287,""num_orders"":1}]","[{""price"":59270.16,""size"":0.0067489,""num_orders"":1},{""price"":59270.7,""size"":0.12983769,""num_orders"":1},{""price"":59270.71,""size"":0.18564806,""num_orders"":1},{""price"":59273.58,""size"":0.00313538,""num_orders"":2},{""price"":59273.6,""size"":1.3e-07,""num_orders"":1},{""price"":59274.0,""size"":0.0287,""num_orders"":1},{""price"":59274.17,""size"":0.18543301,""num_orders"":2},{""price"":59274.18,""size"":0.39034865,""num_orders"":1},{""price"":59274.19,""size"":0.13496601,""num_orders"":1},{""price"":59274.57,""size"":0.01312543,""num_orders"":3}]"
btc_usd_d10_20260630T051021Z,28,2026-06-30T05:38:21.423066Z,2026-06-30T05:38:21.423218Z,BTC-USD,10,ok,,131701522423,2026-06-30T05:38:19.762897321Z,0.9103822,0.59639522,0.20838312005,59291.639999999999,59291.650000000001,59291.645000000004,0.010000000002,0.00168657827,"[{""price"":59291.64,""size"":0.21961242,""num_orders"":7},{""price"":59291.63,""size"":2.7e-07,""num_orders"":1},{""price"":59291.62,""size"":2.8e-07,""num_orders"":1},{""price"":59291.27,""size"":0.01596571,""num_orders"":1},{""price"":59291.26,""size"":0.25838484,""num_orders"":1},{""price"":59291.25,""size"":0.13492715,""num_orders"":1},{""price"":59291.13,""size"":0.06745852,""num_orders"":1},{""price"":59290.0,""size"":0.0286,""num_orders"":1},{""price"":59289.02,""size"":0.0506313,""num_orders"":1},{""price"":59289.01,""size"":0.13480171,""num_orders"":1}]","[{""price"":59291.65,""size"":0.00891309,""num_orders"":8},{""price"":59291.66,""size"":1.914e-05,""num_orders"":2},{""price"":59291.67,""size"":1.6e-07,""num_orders"":1},{""price"":59293.96,""size"":0.20839406,""num_orders"":1},{""price"":59293.97,""size"":0.18564806,""num_orders"":1},{""price"":59293.98,""size"":0.13480171,""num_orders"":1},{""price"":59294.0,""size"":0.0286,""num_orders"":1},{""price"":59294.68,""size"":1.9e-05,""num_orders"":1},{""price"":59295.0,""size"":0.01,""num_orders"":1},{""price"":59295.96,""size"":0.02,""num_orders"":1}]"
btc_usd_d10_20260630T051021Z,29,2026-06-30T05:39:21.423066Z,2026-06-30T05:39:21.423200Z,BTC-USD,10,ok,,131701568137,2026-06-30T05:39:20.044966348Z,0.39853044,0.7512141,-0.306749584564,59327.650000000001,59327.660000000003,59327.654999999999,0.010000000002,0.00168555457,"[{""price"":59327.65,""size"":0.00252826,""num_orders"":1},{""price"":59325.06,""size"":0.01595263,""num_orders"":1},{""price"":59325.05,""size"":0.08000168,""num_orders"":1},{""price"":59325.04,""size"":0.06742159,""num_orders"":1},{""price"":59324.88,""size"":0.0506313,""num_orders"":1},{""price"":59324.86,""size"":4.3e-07,""num_orders"":2},{""price"":59324.85,""size"":2.2e-07,""num_orders"":1},{""price"":59324.25,""size"":0.14942175,""num_orders"":1},{""price"":59324.0,""size"":0.03004425,""num_orders"":2},{""price"":59323.2,""size"":0.00252833,""num_orders"":1}]","[{""price"":59327.66,""size"":0.06088916,""num_orders"":3},{""price"":59327.67,""size"":0.13484433,""num_orders"":1},{""price"":59327.81,""size"":0.00800229,""num_orders"":2},{""price"":59327.9,""size"":1.9e-05,""num_orders"":1},{""price"":59327.98,""size"":0.02,""num_orders"":1},{""price"":59327.99,""size"":0.18781569,""num_orders"":1},{""price"":59328.0,""size"":0.03,""num_orders"":1},{""price"":59328.72,""size"":0.13480171,""num_orders"":1},{""price"":59328.73,""size"":0.13484192,""num_orders"":1},{""price"":59330.0,""size"":0.04,""num_orders"":2}]"
btc_usd_d10_20260630T051021Z,30,2026-06-30T05:40:21.423066Z,2026-06-30T05:40:21.423196Z,BTC-USD,10,ok,,131701617241,2026-06-30T05:40:20.680066600Z,0.37460906,1.34954325,-0.565457114401,59333.989999999998,59334,59333.994999999995,0.010000000002,0.001685374464,"[{""price"":59333.99,""size"":4e-08,""num_orders"":1},{""price"":59333.93,""size"":9.623e-05,""num_orders"":1},{""price"":59330.02,""size"":0.18117057,""num_orders"":2},{""price"":59330.01,""size"":0.0506313,""num_orders"":1},{""price"":59330.0,""size"":0.0284,""num_orders"":1},{""price"":59329.49,""size"":0.00252806,""num_orders"":1},{""price"":59329.13,""size"":0.06741364,""num_orders"":1},{""price"":59328.01,""size"":0.01595022,""num_orders"":1},{""price"":59328.0,""size"":0.0284,""num_orders"":1},{""price"":59327.9,""size"":1.9e-05,""num_orders"":1}]","[{""price"":59334.0,""size"":0.22741463,""num_orders"":5},{""price"":59334.86,""size"":0.17792367,""num_orders"":1},{""price"":59334.87,""size"":0.13480171,""num_orders"":1},{""price"":59334.91,""size"":0.13482789,""num_orders"":1},{""price"":59336.0,""size"":0.0284,""num_orders"":1},{""price"":59336.78,""size"":0.32149342,""num_orders"":1},{""price"":59336.79,""size"":0.18564806,""num_orders"":1},{""price"":59336.8,""size"":0.13480171,""num_orders"":1},{""price"":59336.96,""size"":1.9e-05,""num_orders"":1},{""price"":59337.92,""size"":0.00421316,""num_orders"":1}]"
btc_usd_d10_20260630T051021Z,31,2026-06-30T05:41:21.423066Z,2026-06-30T05:41:21.423223Z,BTC-USD,10,ok,,131701674067,2026-06-30T05:41:18.844788057Z,1.83865768,0.61391843,0.499368498701,59419.370000000003,59419.379999999997,59419.375,0.009999999995,0.00168295274,"[{""price"":59419.37,""size"":0.96131891,""num_orders"":11},{""price"":59419.36,""size"":0.03000037,""num_orders"":3},{""price"":59419.35,""size"":0.00169113,""num_orders"":2},{""price"":59419.34,""size"":0.03,""num_orders"":1},{""price"":59419.01,""size"":0.25658148,""num_orders"":1},{""price"":59419.0,""size"":0.13480171,""num_orders"":1},{""price"":59418.96,""size"":0.13463714,""num_orders"":1},{""price"":59418.0,""size"":0.02554417,""num_orders"":2},{""price"":59417.19,""size"":0.13480171,""num_orders"":1},{""price"":59417.14,""size"":0.12928106,""num_orders"":1}]","[{""price"":59419.38,""size"":0.00079605,""num_orders"":3},{""price"":59419.39,""size"":2.9e-07,""num_orders"":2},{""price"":59424.54,""size"":1.9e-05,""num_orders"":1},{""price"":59425.0,""size"":0.01,""num_orders"":1},{""price"":59425.19,""size"":0.0506313,""num_orders"":1},{""price"":59426.81,""size"":0.13461937,""num_orders"":1},{""price"":59427.23,""size"":0.13480171,""num_orders"":1},{""price"":59427.56,""size"":1.9e-05,""num_orders"":1},{""price"":59429.08,""size"":0.13480171,""num_orders"":1},{""price"":59429.37,""size"":0.14823,""num_orders"":2}]"
btc_usd_d10_20260630T051021Z,32,2026-06-30T05:42:21.423066Z,2026-06-30T05:42:21.423207Z,BTC-USD,10,ok,,131701717988,2026-06-30T05:42:20.044971231Z,0.70555666,0.39055657,0.287379151513,59439.190000000002,59439.199999999997,59439.195,0.009999999995,0.001682391559,"[{""price"":59439.19,""size"":0.0698133,""num_orders"":2},{""price"":59439.18,""size"":1.6e-07,""num_orders"":1},{""price"":59439.17,""size"":1.8e-07,""num_orders"":1},{""price"":59439.03,""size"":0.13459168,""num_orders"":1},{""price"":59438.63,""size"":0.00209664,""num_orders"":1},{""price"":59438.32,""size"":0.13480171,""num_orders"":1},{""price"":59438.0,""size"":0.0242,""num_orders"":1},{""price"":59437.56,""size"":0.03230332,""num_orders"":1},{""price"":59436.06,""size"":0.01594885,""num_orders"":1},{""price"":59436.05,""size"":0.29180082,""num_orders"":1}]","[{""price"":59439.2,""size"":0.15261539,""num_orders"":2},{""price"":59439.21,""size"":3.1e-07,""num_orders"":2},{""price"":59439.63,""size"":0.0241741,""num_orders"":1},{""price"":59439.64,""size"":0.00877109,""num_orders"":1},{""price"":59442.0,""size"":0.0242,""num_orders"":1},{""price"":59442.66,""size"":0.00752154,""num_orders"":5},{""price"":59443.65,""size"":0.01594885,""num_orders"":1},{""price"":59443.66,""size"":0.00252358,""num_orders"":1},{""price"":59443.68,""size"":0.02,""num_orders"":1},{""price"":59443.7,""size"":0.13480171,""num_orders"":1}]"
btc_usd_d10_20260630T051021Z,33,2026-06-30T05:43:21.423066Z,2026-06-30T05:43:21.423197Z,BTC-USD,10,ok,,131701759661,2026-06-30T05:43:19.539034328Z,1.25590882,0.42127614,0.497639020088,59457.769999999997,59457.779999999999,59457.774999999994,0.010000000002,0.001681865829,"[{""price"":59457.77,""size"":0.17843365,""num_orders"":8},{""price"":59457.75,""size"":0.00672603,""num_orders"":2},{""price"":59457.45,""size"":0.00014413,""num_orders"":1},{""price"":59457.31,""size"":0.20930697,""num_orders"":1},{""price"":59457.3,""size"":0.15155557,""num_orders"":1},{""price"":59457.24,""size"":0.13455045,""num_orders"":1},{""price"":59456.21,""size"":0.03229192,""num_orders"":1},{""price"":59456.0,""size"":0.0322,""num_orders"":1},{""price"":59454.03,""size"":0.13480171,""num_orders"":1},{""price"":59454.02,""size"":0.37589839,""num_orders"":1}]","[{""price"":59457.78,""size"":0.00880838,""num_orders"":3},{""price"":59460.78,""size"":0.00046984,""num_orders"":2},{""price"":59462.0,""size"":0.0322,""num_orders"":1},{""price"":59463.8,""size"":1.9e-05,""num_orders"":1},{""price"":59464.0,""size"":0.0322,""num_orders"":1},{""price"":59465.52,""size"":0.12992691,""num_orders"":1},{""price"":59465.53,""size"":0.13480171,""num_orders"":1},{""price"":59465.99,""size"":0.0506313,""num_orders"":1},{""price"":59466.0,""size"":0.0322,""num_orders"":1},{""price"":59466.82,""size"":1.9e-05,""num_orders"":1}]"
btc_usd_d10_20260630T051021Z,34,2026-06-30T05:44:21.423066Z,2026-06-30T05:44:21.423196Z,BTC-USD,10,ok,,131701804564,2026-06-30T05:44:20.603552258Z,0.31584164,0.92187535,-0.489638354241,59460.779999999999,59460.790000000001,59460.785000000003,0.010000000002,0.00168178069,"[{""price"":59460.78,""size"":0.06263694,""num_orders"":5},{""price"":59460.77,""size"":1.6e-07,""num_orders"":1},{""price"":59460.76,""size"":1.7e-07,""num_orders"":1},{""price"":59460.67,""size"":0.1345427,""num_orders"":1},{""price"":59460.11,""size"":0.06726311,""num_orders"":1},{""price"":59459.88,""size"":0.00168145,""num_orders"":1},{""price"":59458.28,""size"":0.00168145,""num_orders"":1},{""price"":59458.0,""size"":0.0321,""num_orders"":1},{""price"":59457.76,""size"":1.9e-05,""num_orders"":1},{""price"":59456.28,""size"":0.01591666,""num_orders"":1}]","[{""price"":59460.79,""size"":0.28417986,""num_orders"":8},{""price"":59460.8,""size"":2e-07,""num_orders"":1},{""price"":59460.81,""size"":2.1e-07,""num_orders"":1},{""price"":59463.76,""size"":0.01591666,""num_orders"":1},{""price"":59463.77,""size"":0.23482103,""num_orders"":1},{""price"":59463.78,""size"":0.13480171,""num_orders"":1},{""price"":59464.0,""size"":0.0321,""num_orders"":1},{""price"":59465.25,""size"":0.00252267,""num_orders"":1},{""price"":59465.72,""size"":0.18543301,""num_orders"":2},{""price"":59466.0,""size"":0.0321,""num_orders"":1}]"
btc_usd_d10_20260630T051021Z,35,2026-06-30T05:45:21.423066Z,2026-06-30T05:45:21.423195Z,BTC-USD,10,ok,,131701838392,2026-06-30T05:45:20.669677214Z,0.67177055,0.6069941,0.050655490047,59476.300000000003,59476.309999999998,59476.305,0.009999999995,0.001681341838,"[{""price"":59476.3,""size"":0.08321955,""num_orders"":3},{""price"":59476.29,""size"":5.2e-07,""num_orders"":3},{""price"":59476.28,""size"":4.4e-07,""num_orders"":2},{""price"":59475.13,""size"":0.08030247,""num_orders"":1},{""price"":59475.12,""size"":0.13451,""num_orders"":1},{""price"":59474.0,""size"":0.03229308,""num_orders"":2},{""price"":59472.85,""size"":0.00084067,""num_orders"":1},{""price"":59472.51,""size"":0.12182677,""num_orders"":1},{""price"":59472.23,""size"":0.0506313,""num_orders"":1},{""price"":59472.21,""size"":0.16814575,""num_orders"":1}]","[{""price"":59476.31,""size"":0.00894516,""num_orders"":3},{""price"":59476.32,""size"":3e-07,""num_orders"":2},{""price"":59476.62,""size"":0.01591629,""num_orders"":1},{""price"":59476.63,""size"":0.22965336,""num_orders"":1},{""price"":59476.64,""size"":0.13480171,""num_orders"":1},{""price"":59477.98,""size"":0.0506313,""num_orders"":1},{""price"":59478.0,""size"":0.0322,""num_orders"":1},{""price"":59478.85,""size"":2.527e-05,""num_orders"":1},{""price"":59478.9,""size"":1.9e-05,""num_orders"":1},{""price"":59479.54,""size"":0.13480171,""num_orders"":1}]"
btc_usd_d10_20260630T051021Z,36,2026-06-30T05:46:21.423066Z,2026-06-30T05:46:21.423186Z,BTC-USD,10,ok,,131701873145,2026-06-30T05:46:20.547290408Z,0.68386073,0.48551726,0.169614505914,59463.790000000001,59463.800000000003,59463.794999999998,0.010000000002,0.00168169556,"[{""price"":59463.79,""size"":0.08357231,""num_orders"":6},{""price"":59463.78,""size"":2e-07,""num_orders"":1},{""price"":59463.77,""size"":2.1e-07,""num_orders"":1},{""price"":59462.47,""size"":0.22346023,""num_orders"":1},{""price"":59462.46,""size"":0.13453864,""num_orders"":1},{""price"":59461.26,""size"":0.00084084,""num_orders"":1},{""price"":59460.73,""size"":0.19999985,""num_orders"":5},{""price"":59460.0,""size"":0.0322,""num_orders"":1},{""price"":59459.86,""size"":0.00672591,""num_orders"":1},{""price"":59459.33,""size"":0.00252254,""num_orders"":1}]","[{""price"":59463.8,""size"":0.0093495,""num_orders"":6},{""price"":59463.81,""size"":1.8e-07,""num_orders"":1},{""price"":59463.82,""size"":1.9e-07,""num_orders"":1},{""price"":59465.47,""size"":0.01591189,""num_orders"":1},{""price"":59465.48,""size"":0.21040349,""num_orders"":2},{""price"":59465.49,""size"":0.0506313,""num_orders"":1},{""price"":59466.0,""size"":0.0322,""num_orders"":1},{""price"":59466.82,""size"":1.9e-05,""num_orders"":1},{""price"":59466.88,""size"":0.13480171,""num_orders"":1},{""price"":59468.0,""size"":0.0322,""num_orders"":1}]"
btc_usd_d10_20260630T051021Z,37,2026-06-30T05:47:21.423066Z,2026-06-30T05:47:21.423198Z,BTC-USD,10,ok,,131701908584,2026-06-30T05:47:21.114959800Z,0.33833732,2.09735647,-0.722184027082,59472.849999999999,59472.860000000001,59472.854999999996,0.010000000002,0.001681439373,"[{""price"":59472.85,""size"":1.6e-07,""num_orders"":1},{""price"":59472.84,""size"":1.7e-07,""num_orders"":1},{""price"":59470.03,""size"":0.06314524,""num_orders"":1},{""price"":59469.84,""size"":0.00011501,""num_orders"":2},{""price"":59468.78,""size"":0.06726122,""num_orders"":1},{""price"":59467.11,""size"":0.13452813,""num_orders"":1},{""price"":59467.1,""size"":0.0067252,""num_orders"":1},{""price"":59466.82,""size"":1.9e-05,""num_orders"":1},{""price"":59465.89,""size"":0.01591189,""num_orders"":1},{""price"":59465.88,""size"":0.0506313,""num_orders"":1}]","[{""price"":59472.86,""size"":1.00159914,""num_orders"":8},{""price"":59472.87,""size"":0.12547237,""num_orders"":3},{""price"":59472.89,""size"":0.1387087,""num_orders"":4},{""price"":59473.02,""size"":0.31243035,""num_orders"":1},{""price"":59473.03,""size"":0.13480171,""num_orders"":1},{""price"":59474.0,""size"":0.0322,""num_orders"":1},{""price"":59474.61,""size"":0.13451119,""num_orders"":1},{""price"":59474.72,""size"":0.0506313,""num_orders"":1},{""price"":59474.98,""size"":0.13480171,""num_orders"":1},{""price"":59476.0,""size"":0.0322,""num_orders"":1}]"
btc_usd_d10_20260630T051021Z,38,2026-06-30T05:48:21.423066Z,2026-06-30T05:48:21.423226Z,BTC-USD,10,ok,,131701943263,2026-06-30T05:48:19.546304782Z,1.46383454,0.22898722,0.729460920918,59493.93,59493.940000000002,59493.934999999998,0.010000000002,0.001680843602,"[{""price"":59493.93,""size"":0.46431732,""num_orders"":6},{""price"":59493.92,""size"":0.03,""num_orders"":1},{""price"":59493.9,""size"":0.03,""num_orders"":1},{""price"":59493.53,""size"":0.18989688,""num_orders"":1},{""price"":59493.52,""size"":0.1344684,""num_orders"":1},{""price"":59492.64,""size"":0.15133171,""num_orders"":1},{""price"":59492.52,""size"":0.03228511,""num_orders"":1},{""price"":59492.01,""size"":0.13480171,""num_orders"":1},{""price"":59492.0,""size"":0.16226153,""num_orders"":1},{""price"":59491.99,""size"":0.13447188,""num_orders"":1}]","[{""price"":59493.94,""size"":0.00543425,""num_orders"":4},{""price"":59494.0,""size"":1.9e-05,""num_orders"":1},{""price"":59496.0,""size"":0.0322,""num_orders"":1},{""price"":59497.02,""size"":1.9e-05,""num_orders"":1},{""price"":59497.99,""size"":0.01590893,""num_orders"":1},{""price"":59498.0,""size"":0.0322,""num_orders"":1},{""price"":59498.25,""size"":0.13480171,""num_orders"":1},{""price"":59498.48,""size"":0.00420179,""num_orders"":1},{""price"":59498.76,""size"":0.00420177,""num_orders"":1},{""price"":59499.41,""size"":7.7e-07,""num_orders"":1}]"
btc_usd_d10_20260630T051021Z,39,2026-06-30T05:49:21.423066Z,2026-06-30T05:49:21.423226Z,BTC-USD,10,ok,,131701981206,2026-06-30T05:49:20.844712361Z,0.3595748,1.779322,-0.663775456581,59487.959999999999,59487.970000000001,59487.964999999997,0.010000000002,0.001681012286,"[{""price"":59487.96,""size"":1.87e-05,""num_orders"":2},{""price"":59487.95,""size"":1.2e-07,""num_orders"":1},{""price"":59487.94,""size"":1.3e-07,""num_orders"":1},{""price"":59484.94,""size"":1.9e-05,""num_orders"":1},{""price"":59484.01,""size"":0.0506313,""num_orders"":1},{""price"":59483.59,""size"":0.06723897,""num_orders"":1},{""price"":59483.23,""size"":0.06212884,""num_orders"":1},{""price"":59482.0,""size"":0.029,""num_orders"":1},{""price"":59481.92,""size"":1.9e-05,""num_orders"":1},{""price"":59481.06,""size"":0.15051874,""num_orders"":2}]","[{""price"":59487.97,""size"":1.28647394,""num_orders"":13},{""price"":59487.98,""size"":3.2e-07,""num_orders"":1},{""price"":59487.99,""size"":3.4e-07,""num_orders"":1},{""price"":59488.0,""size"":0.029,""num_orders"":1},{""price"":59488.01,""size"":0.00095084,""num_orders"":1},{""price"":59488.66,""size"":0.01854343,""num_orders"":3},{""price"":59489.98,""size"":0.22722157,""num_orders"":1},{""price"":59490.0,""size"":0.029,""num_orders"":1},{""price"":59490.98,""size"":0.0506313,""num_orders"":1},{""price"":59490.99,""size"":0.13750026,""num_orders"":2}]"
btc_usd_d10_20260630T051021Z,40,2026-06-30T05:50:21.423066Z,2026-06-30T05:50:21.423195Z,BTC-USD,10,ok,,131702013803,2026-06-30T05:50:19.597960270Z,0.51844251,1.27366702,-0.421416491212,59500.040000000001,59500.050000000003,59500.044999999998,0.010000000002,0.001680670998,"[{""price"":59500.04,""size"":0.07826622,""num_orders"":4},{""price"":59498.38,""size"":0.13445742,""num_orders"":1},{""price"":59498.0,""size"":0.0322,""num_orders"":1},{""price"":59497.03,""size"":0.01590354,""num_orders"":1},{""price"":59497.02,""size"":1.9e-05,""num_orders"":1},{""price"":59496.44,""size"":0.13446181,""num_orders"":1},{""price"":59496.0,""size"":0.0322,""num_orders"":1},{""price"":59495.02,""size"":0.04867254,""num_orders"":2},{""price"":59495.0,""size"":0.01,""num_orders"":1},{""price"":59494.43,""size"":0.03226198,""num_orders"":1}]","[{""price"":59500.05,""size"":0.47824448,""num_orders"":7},{""price"":59500.75,""size"":0.12992691,""num_orders"":1},{""price"":59500.76,""size"":0.0506313,""num_orders"":1},{""price"":59502.0,""size"":0.0322,""num_orders"":1},{""price"":59503.23,""size"":0.13480171,""num_orders"":1},{""price"":59503.99,""size"":0.01590354,""num_orders"":1},{""price"":59504.0,""size"":0.0322,""num_orders"":1},{""price"":59504.07,""size"":0.00542574,""num_orders"":1},{""price"":59504.52,""size"":0.002521,""num_orders"":1},{""price"":59504.59,""size"":0.39181234,""num_orders"":1}]"
btc_usd_d10_20260630T051021Z,41,2026-06-30T05:51:21.423066Z,2026-06-30T05:51:21.423206Z,BTC-USD,10,ok,,131702048191,2026-06-30T05:51:19.525972381Z,0.52068252,0.80655742,-0.215390519366,59463.699999999997,59463.709999999999,59463.705000000002,0.010000000002,0.001681698105,"[{""price"":59463.7,""size"":0.07107763,""num_orders"":3},{""price"":59463.67,""size"":1.2e-07,""num_orders"":1},{""price"":59463.66,""size"":1.2e-07,""num_orders"":1},{""price"":59463.65,""size"":1.2e-07,""num_orders"":1},{""price"":59462.64,""size"":0.01590354,""num_orders"":1},{""price"":59462.63,""size"":0.13453827,""num_orders"":1},{""price"":59462.18,""size"":0.21599555,""num_orders"":2},{""price"":59462.0,""size"":0.0322,""num_orders"":1},{""price"":59461.95,""size"":0.00033587,""num_orders"":1},{""price"":59461.64,""size"":0.0506313,""num_orders"":1}]","[{""price"":59463.71,""size"":0.06650256,""num_orders"":3},{""price"":59466.0,""size"":0.0322,""num_orders"":1},{""price"":59466.12,""size"":0.25209505,""num_orders"":2},{""price"":59466.13,""size"":0.13480171,""num_orders"":1},{""price"":59466.89,""size"":0.00268615,""num_orders"":1},{""price"":59467.1,""size"":0.00084084,""num_orders"":1},{""price"":59467.99,""size"":0.01590354,""num_orders"":1},{""price"":59468.0,""size"":0.0322,""num_orders"":1},{""price"":59468.12,""size"":0.13452586,""num_orders"":1},{""price"":59468.16,""size"":0.13480171,""num_orders"":1}]"
btc_usd_d10_20260630T051021Z,42,2026-06-30T05:52:21.423066Z,2026-06-30T05:52:21.423212Z,BTC-USD,10,ok,,131702073819,2026-06-30T05:52:19.540471311Z,1.3976805,0.90056316,0.21630314864,59458.989999999998,59459,59458.994999999995,0.010000000002,0.00168183132,"[{""price"":59458.99,""size"":0.51897956,""num_orders"":10},{""price"":59458.98,""size"":1.9e-07,""num_orders"":1},{""price"":59458.97,""size"":2e-07,""num_orders"":1},{""price"":59458.63,""size"":0.0001924,""num_orders"":1},{""price"":59458.01,""size"":0.09709135,""num_orders"":2},{""price"":59458.0,""size"":0.0322,""num_orders"":1},{""price"":59457.98,""size"":0.13454879,""num_orders"":1},{""price"":59456.33,""size"":0.13480171,""num_orders"":1},{""price"":59456.32,""size"":0.2798663,""num_orders"":1},{""price"":59456.31,""size"":0.2,""num_orders"":1}]","[{""price"":59459.0,""size"":0.00416871,""num_orders"":3},{""price"":59460.79,""size"":0.01686165,""num_orders"":3},{""price"":59462.87,""size"":0.01590354,""num_orders"":1},{""price"":59462.88,""size"":0.13480171,""num_orders"":1},{""price"":59462.9,""size"":0.37413715,""num_orders"":2},{""price"":59462.96,""size"":0.0506313,""num_orders"":1},{""price"":59464.0,""size"":0.0322,""num_orders"":1},{""price"":59464.11,""size"":0.00252277,""num_orders"":1},{""price"":59464.25,""size"":0.13453462,""num_orders"":1},{""price"":59465.19,""size"":0.13480171,""num_orders"":1}]"
btc_usd_d10_20260630T051021Z,43,2026-06-30T05:53:21.423066Z,2026-06-30T05:53:21.423199Z,BTC-USD,10,ok,,131702101118,2026-06-30T05:53:21.335633601Z,0.36332283,1.22588006,-0.542760924629,59480.120000000003,59480.129999999997,59480.125,0.009999999995,0.001681233857,"[{""price"":59480.12,""size"":0.10119367,""num_orders"":4},{""price"":59480.11,""size"":3.2e-07,""num_orders"":2},{""price"":59480.1,""size"":0.03000017,""num_orders"":2},{""price"":59478.65,""size"":0.00442734,""num_orders"":1},{""price"":59478.0,""size"":0.029,""num_orders"":1},{""price"":59476.87,""size"":0.00038401,""num_orders"":1},{""price"":59476.03,""size"":0.13450795,""num_orders"":1},{""price"":59476.0,""size"":0.029,""num_orders"":1},{""price"":59475.88,""size"":0.00252184,""num_orders"":1},{""price"":59475.87,""size"":0.03228753,""num_orders"":1}]","[{""price"":59480.13,""size"":0.35029518,""num_orders"":8},{""price"":59480.14,""size"":0.13480192,""num_orders"":2},{""price"":59480.15,""size"":0.1870954,""num_orders"":1},{""price"":59480.29,""size"":0.15397266,""num_orders"":2},{""price"":59480.35,""size"":0.06386613,""num_orders"":3},{""price"":59481.63,""size"":0.01590354,""num_orders"":1},{""price"":59481.64,""size"":0.0506313,""num_orders"":1},{""price"":59481.92,""size"":1.9e-05,""num_orders"":1},{""price"":59482.56,""size"":0.13449322,""num_orders"":1},{""price"":59483.18,""size"":0.13480171,""num_orders"":1}]"
btc_usd_d10_20260630T051021Z,44,2026-06-30T05:54:21.423066Z,2026-06-30T05:54:21.423196Z,BTC-USD,10,ok,,131702131128,2026-06-30T05:54:19.101632151Z,0.58277047,0.97606169,-0.252298631047,59450.190000000002,59450.199999999997,59450.195,0.009999999995,0.001682080268,"[{""price"":59450.19,""size"":0.20196142,""num_orders"":4},{""price"":59450.18,""size"":1.3e-07,""num_orders"":1},{""price"":59450.17,""size"":1.4e-07,""num_orders"":1},{""price"":59450.02,""size"":0.00085405,""num_orders"":2},{""price"":59448.7,""size"":1.9e-05,""num_orders"":1},{""price"":59448.01,""size"":0.0159164,""num_orders"":1},{""price"":59448.0,""size"":0.0305,""num_orders"":1},{""price"":59446.8,""size"":0.16821762,""num_orders"":1},{""price"":59446.51,""size"":0.13480171,""num_orders"":1},{""price"":59446.0,""size"":0.0305,""num_orders"":1}]","[{""price"":59450.2,""size"":0.21429427,""num_orders"":4},{""price"":59450.21,""size"":0.05306946,""num_orders"":3},{""price"":59451.09,""size"":0.0506313,""num_orders"":1},{""price"":59451.28,""size"":0.00168195,""num_orders"":1},{""price"":59451.79,""size"":0.00168195,""num_orders"":1},{""price"":59452.0,""size"":0.0305,""num_orders"":1},{""price"":59453.34,""size"":0.00084104,""num_orders"":1},{""price"":59453.69,""size"":0.3067283,""num_orders"":2},{""price"":59453.7,""size"":0.28613342,""num_orders"":2},{""price"":59454.0,""size"":0.0305,""num_orders"":1}]"
btc_usd_d10_20260630T051021Z,45,2026-06-30T05:55:21.423066Z,2026-06-30T05:55:21.423195Z,BTC-USD,10,ok,,131702170865,2026-06-30T05:55:19.546176104Z,0.93355199,0.26748526,0.55457624649,59519.410000000003,59519.419999999998,59519.415000000001,0.009999999995,0.001680124039,"[{""price"":59519.41,""size"":0.49010999,""num_orders"":7},{""price"":59519.4,""size"":0.03,""num_orders"":1},{""price"":59519.38,""size"":0.03,""num_orders"":1},{""price"":59518.96,""size"":0.00168039,""num_orders"":1},{""price"":59518.18,""size"":0.08278874,""num_orders"":1},{""price"":59518.15,""size"":0.13608967,""num_orders"":2},{""price"":59518.08,""size"":0.00084006,""num_orders"":1},{""price"":59518.06,""size"":0.00168039,""num_orders"":1},{""price"":59514.94,""size"":0.00252018,""num_orders"":1},{""price"":59514.83,""size"":0.15784257,""num_orders"":1}]","[{""price"":59519.42,""size"":0.00026292,""num_orders"":1},{""price"":59519.76,""size"":0.00420029,""num_orders"":1},{""price"":59521.18,""size"":1.9e-05,""num_orders"":1},{""price"":59521.99,""size"":0.13480171,""num_orders"":1},{""price"":59522.0,""size"":0.0305,""num_orders"":1},{""price"":59522.21,""size"":0.01680045,""num_orders"":1},{""price"":59522.39,""size"":0.0168004,""num_orders"":1},{""price"":59522.73,""size"":0.0168003,""num_orders"":1},{""price"":59523.12,""size"":0.01680019,""num_orders"":1},{""price"":59524.0,""size"":0.0305,""num_orders"":1}]"
btc_usd_d10_20260630T051021Z,46,2026-06-30T05:56:21.423066Z,2026-06-30T05:56:21.423198Z,BTC-USD,10,ok,,131702212977,2026-06-30T05:56:20.173399324Z,0.31059489,1.07741216,-0.552459204008,59532.099999999999,59532.110000000001,59532.104999999996,0.010000000002,0.001679765901,"[{""price"":59532.1,""size"":0.08371943,""num_orders"":5},{""price"":59532.09,""size"":2e-07,""num_orders"":1},{""price"":59532.08,""size"":2.1e-07,""num_orders"":1},{""price"":59532.06,""size"":1.9e-07,""num_orders"":1},{""price"":59531.86,""size"":0.0299995,""num_orders"":2},{""price"":59531.84,""size"":0.03,""num_orders"":1},{""price"":59531.07,""size"":1.4e-07,""num_orders"":1},{""price"":59530.38,""size"":0.00028775,""num_orders"":1},{""price"":59530.0,""size"":0.0322,""num_orders"":1},{""price"":59529.35,""size"":0.13438747,""num_orders"":1}]","[{""price"":59532.11,""size"":0.05805258,""num_orders"":7},{""price"":59532.12,""size"":0.16801161,""num_orders"":2},{""price"":59532.14,""size"":1.7e-07,""num_orders"":1},{""price"":59533.13,""size"":0.13054106,""num_orders"":1},{""price"":59533.14,""size"":0.0506313,""num_orders"":1},{""price"":59533.26,""size"":1.9e-05,""num_orders"":1},{""price"":59533.97,""size"":0.16801145,""num_orders"":1},{""price"":59535.13,""size"":0.19975911,""num_orders"":1},{""price"":59535.14,""size"":0.13437443,""num_orders"":1},{""price"":59535.78,""size"":0.16801145,""num_orders"":1}]"
btc_usd_d10_20260630T051021Z,47,2026-06-30T05:57:21.423066Z,2026-06-30T05:57:21.423198Z,BTC-USD,10,ok,,131702243854,2026-06-30T05:57:19.343372822Z,0.83666057,0.88419446,-0.027622251248,59519.709999999999,59519.720000000001,59519.714999999997,0.010000000002,0.001680115572,"[{""price"":59519.71,""size"":0.01803208,""num_orders"":3},{""price"":59518.73,""size"":0.24848096,""num_orders"":2},{""price"":59518.72,""size"":0.13441147,""num_orders"":1},{""price"":59518.16,""size"":0.06240623,""num_orders"":3},{""price"":59518.15,""size"":3.1e-07,""num_orders"":2},{""price"":59518.14,""size"":1.6e-07,""num_orders"":1},{""price"":59517.73,""size"":0.06719864,""num_orders"":1},{""price"":59516.91,""size"":0.13441557,""num_orders"":1},{""price"":59516.38,""size"":0.14121515,""num_orders"":1},{""price"":59516.0,""size"":0.0305,""num_orders"":1}]","[{""price"":59519.72,""size"":0.08765524,""num_orders"":3},{""price"":59520.7,""size"":0.02800118,""num_orders"":1},{""price"":59521.47,""size"":0.01589595,""num_orders"":1},{""price"":59521.48,""size"":0.06967804,""num_orders"":1},{""price"":59521.5,""size"":0.10081768,""num_orders"":1},{""price"":59522.0,""size"":0.0305,""num_orders"":1},{""price"":59522.63,""size"":0.21873587,""num_orders"":1},{""price"":59522.64,""size"":0.16801145,""num_orders"":1},{""price"":59524.0,""size"":0.0305,""num_orders"":1},{""price"":59524.23,""size"":0.13439905,""num_orders"":1}]"
btc_usd_d10_20260630T051021Z,48,2026-06-30T05:58:21.423066Z,2026-06-30T05:58:21.423220Z,BTC-USD,10,ok,,131702276864,2026-06-30T05:58:21.046341061Z,1.51952553,0.54336965,0.473197033695,59531.559999999998,59531.57,59531.565000000002,0.010000000002,0.001679781138,"[{""price"":59531.56,""size"":0.79366689,""num_orders"":11},{""price"":59531.55,""size"":0.25802576,""num_orders"":1},{""price"":59531.33,""size"":0.13438302,""num_orders"":1},{""price"":59530.63,""size"":0.0008399,""num_orders"":1},{""price"":59530.39,""size"":1.8e-07,""num_orders"":1},{""price"":59530.38,""size"":1.9e-07,""num_orders"":1},{""price"":59530.37,""size"":0.0026116,""num_orders"":2},{""price"":59530.0,""size"":0.0276,""num_orders"":1},{""price"":59529.77,""size"":0.16801145,""num_orders"":1},{""price"":59529.76,""size"":0.13438654,""num_orders"":1}]","[{""price"":59531.57,""size"":0.01240871,""num_orders"":3},{""price"":59535.97,""size"":0.01589595,""num_orders"":1},{""price"":59535.98,""size"":0.0506313,""num_orders"":1},{""price"":59536.0,""size"":0.029,""num_orders"":1},{""price"":59536.28,""size"":1.9e-05,""num_orders"":1},{""price"":59537.61,""size"":0.16801145,""num_orders"":1},{""price"":59537.62,""size"":0.10081768,""num_orders"":1},{""price"":59538.0,""size"":0.0322,""num_orders"":1},{""price"":59538.63,""size"":0.13436656,""num_orders"":1},{""price"":59539.3,""size"":1.9e-05,""num_orders"":1}]"
btc_usd_d10_20260630T051021Z,49,2026-06-30T05:59:21.423066Z,2026-06-30T05:59:21.423177Z,BTC-USD,10,ok,,131702300450,2026-06-30T05:59:19.046352941Z,0.73342585,0.81667235,-0.053704016946,59542.309999999998,59542.32,59542.315000000002,0.010000000002,0.001679477864,"[{""price"":59542.31,""size"":0.32399244,""num_orders"":6},{""price"":59542.3,""size"":0.03,""num_orders"":1},{""price"":59542.29,""size"":0.11020346,""num_orders"":2},{""price"":59542.28,""size"":0.03,""num_orders"":1},{""price"":59542.0,""size"":0.0276,""num_orders"":1},{""price"":59541.76,""size"":0.13435945,""num_orders"":1},{""price"":59539.77,""size"":0.07629425,""num_orders"":1},{""price"":59539.75,""size"":0.0009757,""num_orders"":3},{""price"":59539.74,""size"":2.7e-07,""num_orders"":1},{""price"":59539.73,""size"":2.8e-07,""num_orders"":1}]","[{""price"":59542.32,""size"":0.01927389,""num_orders"":4},{""price"":59545.34,""size"":1.9e-05,""num_orders"":1},{""price"":59546.0,""size"":0.0276,""num_orders"":1},{""price"":59546.45,""size"":0.16801145,""num_orders"":1},{""price"":59546.46,""size"":0.36387257,""num_orders"":2},{""price"":59546.47,""size"":0.0506313,""num_orders"":1},{""price"":59546.79,""size"":0.00251921,""num_orders"":1},{""price"":59547.11,""size"":0.13434741,""num_orders"":1},{""price"":59548.36,""size"":1.9e-05,""num_orders"":1},{""price"":59549.2,""size"":0.05037852,""num_orders"":1}]"
btc_usd_d10_20260630T051021Z,50,2026-06-30T06:00:21.423066Z,2026-06-30T06:00:21.423197Z,BTC-USD,10,ok,,131702358185,2026-06-30T06:00:20.188688646Z,0.57322801,1.28005723,-0.381392569662,59545.779999999999,59545.790000000001,59545.785000000003,0.010000000002,0.001679379993,"[{""price"":59545.78,""size"":0.00016204,""num_orders"":2},{""price"":59545.77,""size"":1.6e-07,""num_orders"":1},{""price"":59545.76,""size"":1.7e-07,""num_orders"":1},{""price"":59545.34,""size"":4.226e-05,""num_orders"":2},{""price"":59542.97,""size"":0.06716689,""num_orders"":1},{""price"":59542.32,""size"":1.9e-05,""num_orders"":1},{""price"":59542.31,""size"":0.02157121,""num_orders"":1},{""price"":59540.3,""size"":0.27885483,""num_orders"":2},{""price"":59540.0,""size"":0.0374,""num_orders"":2},{""price"":59539.74,""size"":0.16801145,""num_orders"":1}]","[{""price"":59545.79,""size"":0.54297249,""num_orders"":9},{""price"":59545.8,""size"":0.03,""num_orders"":1},{""price"":59545.82,""size"":0.03,""num_orders"":1},{""price"":59546.0,""size"":0.02630101,""num_orders"":4},{""price"":59546.01,""size"":2e-07,""num_orders"":1},{""price"":59546.03,""size"":2.1e-07,""num_orders"":1},{""price"":59546.24,""size"":0.3811759,""num_orders"":1},{""price"":59546.25,""size"":0.13434935,""num_orders"":1},{""price"":59547.98,""size"":0.10915807,""num_orders"":1},{""price"":59548.0,""size"":0.0261,""num_orders"":1}]"
btc_usd_d10_20260630T051021Z,51,2026-06-30T06:01:21.423066Z,2026-06-30T06:01:21.423202Z,BTC-USD,10,ok,,131702397236,2026-06-30T06:01:19.627498864Z,1.01216042,1.02412507,-0.005875723251,59509.379999999997,59509.389999999999,59509.384999999995,0.010000000002,0.001680407217,"[{""price"":59509.38,""size"":0.36525999,""num_orders"":9},{""price"":59509.37,""size"":0.1344878,""num_orders"":2},{""price"":59509.36,""size"":2.7e-07,""num_orders"":2},{""price"":59509.35,""size"":1.5e-07,""num_orders"":1},{""price"":59509.1,""size"":1.9e-05,""num_orders"":1},{""price"":59508.01,""size"":0.0179697,""num_orders"":1},{""price"":59508.0,""size"":0.0301,""num_orders"":1},{""price"":59507.48,""size"":0.01589855,""num_orders"":1},{""price"":59507.47,""size"":0.28041351,""num_orders"":2},{""price"":59506.73,""size"":0.16801145,""num_orders"":1}]","[{""price"":59509.39,""size"":9.8e-07,""num_orders"":1},{""price"":59513.16,""size"":0.0008402,""num_orders"":1},{""price"":59513.99,""size"":0.01589855,""num_orders"":1},{""price"":59514.0,""size"":0.0301,""num_orders"":1},{""price"":59514.46,""size"":0.00252058,""num_orders"":1},{""price"":59515.38,""size"":0.0179697,""num_orders"":1},{""price"":59516.0,""size"":0.0301,""num_orders"":1},{""price"":59516.75,""size"":0.52976424,""num_orders"":1},{""price"":59516.76,""size"":0.32780082,""num_orders"":3},{""price"":59517.07,""size"":0.06913,""num_orders"":1}]"
btc_usd_d10_20260630T051021Z,52,2026-06-30T06:02:21.423066Z,2026-06-30T06:02:21.423193Z,BTC-USD,10,ok,,131702435968,2026-06-30T06:02:19.343703504Z,1.65843854,0.65928899,0.431090167877,59475.989999999998,59476,59475.994999999995,0.010000000002,0.001681350602,"[{""price"":59475.99,""size"":0.56795696,""num_orders"":14},{""price"":59475.98,""size"":9.634e-05,""num_orders"":2},{""price"":59475.88,""size"":8.72e-06,""num_orders"":1},{""price"":59475.61,""size"":0.39053755,""num_orders"":1},{""price"":59475.6,""size"":0.16801145,""num_orders"":1},{""price"":59475.55,""size"":0.13450903,""num_orders"":1},{""price"":59473.38,""size"":0.01589855,""num_orders"":1},{""price"":59473.37,""size"":0.16801145,""num_orders"":1},{""price"":59473.35,""size"":0.16814252,""num_orders"":1},{""price"":59473.06,""size"":0.04526597,""num_orders"":1}]","[{""price"":59476.0,""size"":5.1e-07,""num_orders"":2},{""price"":59476.01,""size"":2e-07,""num_orders"":1},{""price"":59476.03,""size"":4.8e-07,""num_orders"":2},{""price"":59478.0,""size"":0.02706513,""num_orders"":1},{""price"":59480.0,""size"":0.0285,""num_orders"":1},{""price"":59480.46,""size"":0.00252202,""num_orders"":1},{""price"":59481.79,""size"":0.16801145,""num_orders"":1},{""price"":59481.8,""size"":0.27339983,""num_orders"":1},{""price"":59481.86,""size"":0.10915807,""num_orders"":1},{""price"":59481.91,""size"":0.0506313,""num_orders"":1}]"
btc_usd_d10_20260630T051021Z,53,2026-06-30T06:03:21.423066Z,2026-06-30T06:03:21.423195Z,BTC-USD,10,ok,,131702467295,2026-06-30T06:03:21.030001586Z,1.12531203,0.17742501,0.727611936174,59483.019999999997,59483.029999999999,59483.024999999994,0.010000000002,0.001681151892,"[{""price"":59483.02,""size"":0.44311427,""num_orders"":10},{""price"":59483.0,""size"":2.5e-07,""num_orders"":1},{""price"":59482.0,""size"":0.0257,""num_orders"":1},{""price"":59481.99,""size"":1.9e-07,""num_orders"":1},{""price"":59480.75,""size"":0.0322784,""num_orders"":1},{""price"":59480.67,""size"":0.27588538,""num_orders"":1},{""price"":59480.66,""size"":0.30250893,""num_orders"":2},{""price"":59480.2,""size"":0.00422606,""num_orders"":1},{""price"":59480.01,""size"":0.01589855,""num_orders"":1},{""price"":59480.0,""size"":0.0257,""num_orders"":1}]","[{""price"":59483.03,""size"":0.00252172,""num_orders"":1},{""price"":59483.04,""size"":0.03000015,""num_orders"":2},{""price"":59483.05,""size"":1.6e-07,""num_orders"":1},{""price"":59483.06,""size"":0.03,""num_orders"":1},{""price"":59487.49,""size"":0.00252172,""num_orders"":1},{""price"":59487.96,""size"":1.917e-05,""num_orders"":2},{""price"":59488.0,""size"":0.03740569,""num_orders"":2},{""price"":59488.47,""size"":0.01714002,""num_orders"":3},{""price"":59489.76,""size"":0.02931638,""num_orders"":1},{""price"":59490.0,""size"":0.0285,""num_orders"":1}]"
btc_usd_d10_20260630T051021Z,54,2026-06-30T06:04:21.423066Z,2026-06-30T06:04:21.423198Z,BTC-USD,10,ok,,131702505600,2026-06-30T06:04:20.045341559Z,0.4008221,1.43858649,-0.564183724944,59475.879999999997,59475.889999999999,59475.884999999995,0.010000000002,0.001681353712,"[{""price"":59475.88,""size"":0.12994937,""num_orders"":4},{""price"":59475.87,""size"":1.4e-07,""num_orders"":1},{""price"":59475.86,""size"":0.03000014,""num_orders"":2},{""price"":59472.86,""size"":1.9e-05,""num_orders"":1},{""price"":59472.82,""size"":0.06725481,""num_orders"":1},{""price"":59472.24,""size"":0.00309843,""num_orders"":1},{""price"":59472.0,""size"":0.0298,""num_orders"":1},{""price"":59470.0,""size"":0.0398,""num_orders"":2},{""price"":59469.84,""size"":1.9e-05,""num_orders"":1},{""price"":59469.67,""size"":0.10088121,""num_orders"":1}]","[{""price"":59475.89,""size"":0.85488165,""num_orders"":6},{""price"":59475.9,""size"":2.3e-07,""num_orders"":1},{""price"":59475.91,""size"":2.4e-07,""num_orders"":1},{""price"":59475.99,""size"":0.08750812,""num_orders"":1},{""price"":59476.0,""size"":0.0298,""num_orders"":1},{""price"":59477.71,""size"":0.01589855,""num_orders"":1},{""price"":59477.72,""size"":0.10088121,""num_orders"":1},{""price"":59478.83,""size"":0.2046894,""num_orders"":1},{""price"":59478.84,""size"":0.13450161,""num_orders"":1},{""price"":59479.2,""size"":0.01042548,""num_orders"":1}]"
btc_usd_d10_20260630T051021Z,55,2026-06-30T06:05:21.423066Z,2026-06-30T06:05:21.423184Z,BTC-USD,10,ok,,131702538261,2026-06-30T06:05:19.599772570Z,0.87646424,0.3892431,0.384939807649,59475.870000000003,59475.879999999997,59475.875,0.009999999995,0.001681353993,"[{""price"":59475.87,""size"":0.32127505,""num_orders"":12},{""price"":59475.86,""size"":3.9e-07,""num_orders"":2},{""price"":59475.85,""size"":2.1e-07,""num_orders"":1},{""price"":59475.25,""size"":0.11768822,""num_orders"":1},{""price"":59475.24,""size"":0.0506313,""num_orders"":1},{""price"":59475.23,""size"":0.13450976,""num_orders"":1},{""price"":59474.53,""size"":0.10088121,""num_orders"":1},{""price"":59474.52,""size"":0.13451137,""num_orders"":1},{""price"":59474.51,""size"":0.00105486,""num_orders"":1},{""price"":59474.02,""size"":0.01591187,""num_orders"":1}]","[{""price"":59475.88,""size"":0.02092611,""num_orders"":7},{""price"":59475.89,""size"":0.00542604,""num_orders"":3},{""price"":59478.89,""size"":0.01591187,""num_orders"":1},{""price"":59478.9,""size"":1.9e-05,""num_orders"":1},{""price"":59479.2,""size"":0.01042548,""num_orders"":1},{""price"":59479.99,""size"":0.0506313,""num_orders"":1},{""price"":59480.0,""size"":0.03249825,""num_orders"":2},{""price"":59480.34,""size"":0.00252203,""num_orders"":1},{""price"":59481.0,""size"":0.15000181,""num_orders"":2},{""price"":59481.13,""size"":0.10088121,""num_orders"":1}]"
btc_usd_d10_20260630T051021Z,56,2026-06-30T06:06:21.423066Z,2026-06-30T06:06:21.423169Z,BTC-USD,10,ok,,131702572944,2026-06-30T06:06:21.045348481Z,0.5888198,0.52351675,0.058707996244,59451.68,59451.690000000002,59451.684999999998,0.010000000002,0.001682038112,"[{""price"":59451.68,""size"":0.08321594,""num_orders"":2},{""price"":59450.39,""size"":0.06728353,""num_orders"":1},{""price"":59450.0,""size"":0.0322,""num_orders"":1},{""price"":59449.75,""size"":0.2,""num_orders"":1},{""price"":59449.22,""size"":0.10088121,""num_orders"":1},{""price"":59448.57,""size"":0.04470784,""num_orders"":2},{""price"":59448.56,""size"":0.02833101,""num_orders"":4},{""price"":59448.55,""size"":1.3e-07,""num_orders"":1},{""price"":59448.54,""size"":1.4e-07,""num_orders"":1},{""price"":59448.0,""size"":0.0322,""num_orders"":1}]","[{""price"":59451.69,""size"":0.01844117,""num_orders"":2},{""price"":59451.71,""size"":0.10972788,""num_orders"":2},{""price"":59451.73,""size"":0.02406717,""num_orders"":4},{""price"":59453.14,""size"":0.13455976,""num_orders"":1},{""price"":59453.88,""size"":0.08849236,""num_orders"":1},{""price"":59453.96,""size"":0.0506313,""num_orders"":1},{""price"":59454.0,""size"":0.0322,""num_orders"":1},{""price"":59454.74,""size"":1.9e-05,""num_orders"":1},{""price"":59454.75,""size"":0.03317811,""num_orders"":6},{""price"":59456.0,""size"":0.0322,""num_orders"":1}]"
btc_usd_d10_20260630T051021Z,57,2026-06-30T06:07:21.423066Z,2026-06-30T06:07:21.423192Z,BTC-USD,10,ok,,131702597154,2026-06-30T06:07:19.158143521Z,0.60750408,0.41712843,0.185798955374,59457.559999999998,59457.57,59457.565000000002,0.010000000002,0.001681871769,"[{""price"":59457.56,""size"":0.15315854,""num_orders"":6},{""price"":59457.55,""size"":2e-07,""num_orders"":1},{""price"":59457.54,""size"":2.1e-07,""num_orders"":1},{""price"":59457.08,""size"":0.06726888,""num_orders"":1},{""price"":59456.76,""size"":0.00168187,""num_orders"":1},{""price"":59456.3,""size"":0.00168187,""num_orders"":1},{""price"":59456.01,""size"":0.0506313,""num_orders"":1},{""price"":59456.0,""size"":0.0322,""num_orders"":1},{""price"":59455.7,""size"":0.10088121,""num_orders"":1},{""price"":59455.42,""size"":0.2,""num_orders"":1}]","[{""price"":59457.57,""size"":0.04689242,""num_orders"":3},{""price"":59457.58,""size"":1.6e-07,""num_orders"":1},{""price"":59457.6,""size"":1.8e-07,""num_orders"":1},{""price"":59457.76,""size"":1.9e-05,""num_orders"":1},{""price"":59459.94,""size"":0.15165235,""num_orders"":2},{""price"":59459.96,""size"":0.0506313,""num_orders"":1},{""price"":59460.0,""size"":0.0322,""num_orders"":1},{""price"":59460.34,""size"":0.13454348,""num_orders"":1},{""price"":59460.78,""size"":1.9e-05,""num_orders"":1},{""price"":59460.79,""size"":0.00117054,""num_orders"":2}]"
btc_usd_d10_20260630T051021Z,58,2026-06-30T06:08:21.423066Z,2026-06-30T06:08:21.423213Z,BTC-USD,10,ok,,131702625712,2026-06-30T06:08:18.161391710Z,0.69626452,1.20964566,-0.269362714669,59451.360000000001,59451.370000000003,59451.365000000005,0.010000000002,0.001682047166,"[{""price"":59451.36,""size"":0.1376663,""num_orders"":6},{""price"":59451.35,""size"":1.6e-07,""num_orders"":1},{""price"":59451.34,""size"":1.6e-07,""num_orders"":1},{""price"":59448.0,""size"":0.0322,""num_orders"":1},{""price"":59446.9,""size"":0.00252307,""num_orders"":1},{""price"":59446.13,""size"":0.27287872,""num_orders"":1},{""price"":59446.05,""size"":0.10088121,""num_orders"":1},{""price"":59446.0,""size"":0.0322,""num_orders"":1},{""price"":59445.09,""size"":0.0506313,""num_orders"":1},{""price"":59444.86,""size"":0.0672836,""num_orders"":1}]","[{""price"":59451.37,""size"":0.47463926,""num_orders"":12},{""price"":59451.38,""size"":0.1534722,""num_orders"":3},{""price"":59451.39,""size"":3.9e-07,""num_orders"":2},{""price"":59451.4,""size"":0.03,""num_orders"":2},{""price"":59451.68,""size"":0.13456306,""num_orders"":1},{""price"":59451.72,""size"":1.9e-05,""num_orders"":1},{""price"":59452.0,""size"":0.0322,""num_orders"":1},{""price"":59453.77,""size"":0.0672836,""num_orders"":1},{""price"":59453.98,""size"":0.10088121,""num_orders"":1},{""price"":59453.99,""size"":0.21658694,""num_orders"":1}]"
btc_usd_d10_20260630T051021Z,59,2026-06-30T06:09:21.423066Z,2026-06-30T06:09:21.423209Z,BTC-USD,10,ok,,131702654596,2026-06-30T06:09:21.047531162Z,0.72580694,1.2107961,-0.250432923001,59446.129999999997,59446.139999999999,59446.134999999995,0.010000000002,0.001682195151,"[{""price"":59446.13,""size"":0.40857159,""num_orders"":8},{""price"":59446.12,""size"":1.5e-07,""num_orders"":1},{""price"":59446.11,""size"":1.6e-07,""num_orders"":1},{""price"":59445.68,""size"":1.9e-05,""num_orders"":1},{""price"":59443.23,""size"":0.01591805,""num_orders"":1},{""price"":59443.22,""size"":0.06727442,""num_orders"":1},{""price"":59442.66,""size"":1.9e-05,""num_orders"":1},{""price"":59442.0,""size"":0.0322,""num_orders"":1},{""price"":59441.65,""size"":0.10092336,""num_orders"":1},{""price"":59441.52,""size"":0.10088121,""num_orders"":1}]","[{""price"":59446.14,""size"":0.58022999,""num_orders"":9},{""price"":59446.16,""size"":0.03,""num_orders"":1},{""price"":59446.75,""size"":0.0506313,""num_orders"":1},{""price"":59446.76,""size"":0.19962931,""num_orders"":1},{""price"":59446.77,""size"":0.13457417,""num_orders"":1},{""price"":59447.65,""size"":0.13457219,""num_orders"":1},{""price"":59448.0,""size"":0.0322,""num_orders"":1},{""price"":59449.27,""size"":0.00084109,""num_orders"":1},{""price"":59450.0,""size"":0.0322,""num_orders"":1},{""price"":59450.59,""size"":0.01591805,""num_orders"":1}]"
btc_usd_d10_20260630T095231Z,0,2026-06-30T09:52:31.355828Z,2026-06-30T09:52:31.355866Z,BTC-USD,10,ok,,131711545335,2026-06-30T09:52:29.094345698Z,0.62125358,1.23476211,-0.330551370501,59295.660000000003,59295.669999999998,59295.665000000001,0.009999999995,0.001686463925,"[{""price"":59295.66,""size"":0.08321744,""num_orders"":6},{""price"":59295.65,""size"":4.1e-07,""num_orders"":2},{""price"":59295.64,""size"":2.2e-07,""num_orders"":1},{""price"":59292.01,""size"":0.05071714,""num_orders"":1},{""price"":59292.0,""size"":0.00085648,""num_orders"":2},{""price"":59291.54,""size"":0.33729941,""num_orders"":1},{""price"":59291.21,""size"":0.00252969,""num_orders"":1},{""price"":59290.01,""size"":0.01595512,""num_orders"":1},{""price"":59290.0,""size"":0.0293,""num_orders"":2},{""price"":59288.84,""size"":0.10137767,""num_orders"":1}]","[{""price"":59295.67,""size"":0.56725077,""num_orders"":13},{""price"":59295.68,""size"":0.03000016,""num_orders"":2},{""price"":59295.7,""size"":0.03,""num_orders"":1},{""price"":59295.97,""size"":0.1217473,""num_orders"":1},{""price"":59296.0,""size"":0.0183,""num_orders"":1},{""price"":59296.74,""size"":0.13491468,""num_orders"":1},{""price"":59297.5,""size"":0.05071714,""num_orders"":1},{""price"":59297.98,""size"":0.16215439,""num_orders"":1},{""price"":59297.99,""size"":0.10137767,""num_orders"":1},{""price"":59298.0,""size"":0.0183,""num_orders"":1}]"
btc_usd_d10_20260630T095231Z,1,2026-06-30T09:53:31.355828Z,2026-06-30T09:53:31.355958Z,BTC-USD,10,ok,,131711577962,2026-06-30T09:53:29.570156546Z,0.95584926,4.56507754,-0.653735941581,59296.610000000001,59296.620000000003,59296.615000000005,0.010000000002,0.001686436907,"[{""price"":59296.61,""size"":0.21114506,""num_orders"":9},{""price"":59296.6,""size"":1.7e-07,""num_orders"":1},{""price"":59296.59,""size"":1.8e-07,""num_orders"":1},{""price"":59296.48,""size"":0.00414936,""num_orders"":1},{""price"":59296.0,""size"":0.0214,""num_orders"":1},{""price"":59295.66,""size"":0.03237202,""num_orders"":1},{""price"":59294.46,""size"":0.3997678,""num_orders"":1},{""price"":59294.45,""size"":0.13491986,""num_orders"":1},{""price"":59294.35,""size"":0.10137767,""num_orders"":1},{""price"":59294.34,""size"":0.05071714,""num_orders"":1}]","[{""price"":59296.62,""size"":4.0338548,""num_orders"":7},{""price"":59296.64,""size"":4.5e-07,""num_orders"":2},{""price"":59299.23,""size"":0.13490901,""num_orders"":1},{""price"":59300.06,""size"":0.00691719,""num_orders"":3},{""price"":59301.07,""size"":0.00252965,""num_orders"":1},{""price"":59301.22,""size"":0.00232313,""num_orders"":1},{""price"":59301.23,""size"":0.14379562,""num_orders"":1},{""price"":59301.24,""size"":0.16863055,""num_orders"":1},{""price"":59302.0,""size"":0.0214,""num_orders"":1},{""price"":59302.86,""size"":0.05071714,""num_orders"":1}]"
btc_usd_d10_20260630T095231Z,2,2026-06-30T09:54:31.355828Z,2026-06-30T09:54:31.355958Z,BTC-USD,10,ok,,131711607295,2026-06-30T09:54:30.536079729Z,0.81815807,0.93507977,-0.06668901237,59298.089999999997,59298.099999999999,59298.095000000001,0.010000000002,0.001686394816,"[{""price"":59298.09,""size"":0.02071851,""num_orders"":4},{""price"":59298.07,""size"":1.4e-07,""num_orders"":1},{""price"":59298.06,""size"":0.01078114,""num_orders"":1},{""price"":59296.03,""size"":0.33732507,""num_orders"":1},{""price"":59294.0,""size"":0.0214,""num_orders"":1},{""price"":59293.63,""size"":0.00252957,""num_orders"":1},{""price"":59292.84,""size"":0.05071714,""num_orders"":1},{""price"":59292.2,""size"":0.01596143,""num_orders"":1},{""price"":59292.19,""size"":0.33732507,""num_orders"":1},{""price"":59292.0,""size"":0.0214,""num_orders"":1}]","[{""price"":59298.1,""size"":0.27655028,""num_orders"":8},{""price"":59299.25,""size"":0.04658873,""num_orders"":1},{""price"":59299.26,""size"":0.05071714,""num_orders"":1},{""price"":59299.32,""size"":1.9e-05,""num_orders"":1},{""price"":59300.0,""size"":0.0214,""num_orders"":1},{""price"":59300.06,""size"":0.00590194,""num_orders"":2},{""price"":59300.75,""size"":0.01596143,""num_orders"":1},{""price"":59300.76,""size"":0.10137767,""num_orders"":1},{""price"":59300.77,""size"":0.24793378,""num_orders"":2},{""price"":59301.5,""size"":0.1686298,""num_orders"":1}]"
btc_usd_d10_20260630T095231Z,3,2026-06-30T09:55:31.355828Z,2026-06-30T09:55:31.355948Z,BTC-USD,10,ok,,131711639713,2026-06-30T09:55:30.136415912Z,1.24111352,4.53980305,-0.570617044902,59277.360000000001,59277.370000000003,59277.365000000005,0.010000000002,0.001686984569,"[{""price"":59277.36,""size"":0.18381313,""num_orders"":8},{""price"":59276.01,""size"":0.01596143,""num_orders"":1},{""price"":59276.0,""size"":0.0214,""num_orders"":1},{""price"":59275.68,""size"":0.38127252,""num_orders"":1},{""price"":59275.67,""size"":0.13496261,""num_orders"":1},{""price"":59275.0,""size"":0.01,""num_orders"":1},{""price"":59274.84,""size"":0.13493205,""num_orders"":1},{""price"":59274.33,""size"":0.33735278,""num_orders"":1},{""price"":59274.0,""size"":0.0214,""num_orders"":1},{""price"":59273.7,""size"":1.9e-05,""num_orders"":1}]","[{""price"":59277.37,""size"":4.05586843,""num_orders"":5},{""price"":59280.32,""size"":0.13495204,""num_orders"":1},{""price"":59280.34,""size"":0.00084349,""num_orders"":1},{""price"":59281.03,""size"":2.3e-07,""num_orders"":1},{""price"":59281.04,""size"":2.5e-07,""num_orders"":1},{""price"":59281.05,""size"":2.6e-07,""num_orders"":1},{""price"":59281.59,""size"":0.12357259,""num_orders"":2},{""price"":59281.6,""size"":0.13494912,""num_orders"":1},{""price"":59281.82,""size"":0.00253047,""num_orders"":1},{""price"":59281.99,""size"":0.08708617,""num_orders"":1}]"
btc_usd_d10_20260630T095231Z,4,2026-06-30T09:56:31.355828Z,2026-06-30T09:56:31.355953Z,BTC-USD,10,ok,,131711670146,2026-06-30T09:56:30.594200086Z,0.60131145,0.71075494,-0.083413073328,59283.900000000001,59283.910000000003,59283.904999999999,0.010000000002,0.001686798466,"[{""price"":59283.9,""size"":0.01969638,""num_orders"":4},{""price"":59283.89,""size"":1.7e-07,""num_orders"":1},{""price"":59283.88,""size"":1.8e-07,""num_orders"":1},{""price"":59282.33,""size"":0.01596143,""num_orders"":1},{""price"":59282.32,""size"":0.00197533,""num_orders"":1},{""price"":59282.01,""size"":0.33735471,""num_orders"":1},{""price"":59281.13,""size"":0.06746098,""num_orders"":1},{""price"":59280.0,""size"":0.0214,""num_orders"":1},{""price"":59279.72,""size"":0.13493205,""num_orders"":1},{""price"":59278.88,""size"":0.00253022,""num_orders"":1}]","[{""price"":59283.91,""size"":0.22304855,""num_orders"":11},{""price"":59283.92,""size"":2e-07,""num_orders"":1},{""price"":59283.93,""size"":2.1e-07,""num_orders"":1},{""price"":59285.3,""size"":0.03027813,""num_orders"":1},{""price"":59285.31,""size"":0.05071714,""num_orders"":1},{""price"":59286.45,""size"":0.01596143,""num_orders"":1},{""price"":59286.46,""size"":0.02554147,""num_orders"":1},{""price"":59286.56,""size"":0.03044714,""num_orders"":1},{""price"":59287.25,""size"":0.19982862,""num_orders"":1},{""price"":59287.26,""size"":0.13493205,""num_orders"":1}]"
btc_usd_d10_20260630T095231Z,5,2026-06-30T09:57:31.355828Z,2026-06-30T09:57:31.355962Z,BTC-USD,10,ok,,131711699729,2026-06-30T09:57:28.595520029Z,1.40371388,4.29754316,-0.50757740963,59272.190000000002,59272.199999999997,59272.195,0.009999999995,0.001687131714,"[{""price"":59272.19,""size"":0.4736354,""num_orders"":16},{""price"":59272.18,""size"":1.1e-07,""num_orders"":1},{""price"":59272.17,""size"":1.2e-07,""num_orders"":1},{""price"":59272.01,""size"":0.13493205,""num_orders"":1},{""price"":59272.0,""size"":0.0214,""num_orders"":1},{""price"":59271.88,""size"":0.00030655,""num_orders"":1},{""price"":59271.12,""size"":0.13497298,""num_orders"":1},{""price"":59270.25,""size"":0.42745891,""num_orders"":1},{""price"":59270.24,""size"":0.02535857,""num_orders"":1},{""price"":59270.22,""size"":0.18564919,""num_orders"":2}]","[{""price"":59272.2,""size"":4.04550894,""num_orders"":5},{""price"":59272.21,""size"":5.1e-07,""num_orders"":2},{""price"":59272.22,""size"":0.03,""num_orders"":1},{""price"":59273.71,""size"":0.0061689,""num_orders"":1},{""price"":59274.28,""size"":0.00084356,""num_orders"":1},{""price"":59276.3,""size"":0.13496121,""num_orders"":1},{""price"":59276.65,""size"":0.00253069,""num_orders"":1},{""price"":59276.84,""size"":0.05071714,""num_orders"":1},{""price"":59277.36,""size"":0.01596143,""num_orders"":1},{""price"":59277.37,""size"":0.01085078,""num_orders"":1}]"
btc_usd_d10_20260630T095231Z,6,2026-06-30T09:58:31.355828Z,2026-06-30T09:58:31.355956Z,BTC-USD,10,ok,,131711725671,2026-06-30T09:58:29.095471279Z,0.94573779,0.67123485,0.169763503234,59284,59284.010000000002,59284.005000000005,0.010000000002,0.001686795621,"[{""price"":59284.0,""size"":0.09868644,""num_orders"":7},{""price"":59283.99,""size"":1.8e-07,""num_orders"":1},{""price"":59283.98,""size"":1.9e-07,""num_orders"":1},{""price"":59283.78,""size"":0.33738083,""num_orders"":1},{""price"":59283.54,""size"":0.33735295,""num_orders"":1},{""price"":59282.0,""size"":0.0214,""num_orders"":1},{""price"":59281.57,""size"":5e-08,""num_orders"":1},{""price"":59281.42,""size"":0.13493205,""num_orders"":1},{""price"":59281.03,""size"":0.0159661,""num_orders"":1},{""price"":59281.02,""size"":1.9e-05,""num_orders"":1}]","[{""price"":59284.01,""size"":0.0240618,""num_orders"":2},{""price"":59284.26,""size"":0.13494307,""num_orders"":1},{""price"":59284.68,""size"":0.01085071,""num_orders"":1},{""price"":59286.47,""size"":0.0159661,""num_orders"":1},{""price"":59286.48,""size"":0.09333379,""num_orders"":1},{""price"":59286.49,""size"":0.13493801,""num_orders"":1},{""price"":59288.0,""size"":0.0214,""num_orders"":1},{""price"":59289.13,""size"":0.00253016,""num_orders"":1},{""price"":59289.23,""size"":0.00891159,""num_orders"":3},{""price"":59289.98,""size"":0.22429962,""num_orders"":1}]"
btc_usd_d10_20260630T095231Z,7,2026-06-30T09:59:31.355828Z,2026-06-30T09:59:31.355972Z,BTC-USD,10,ok,,131711759263,2026-06-30T09:59:29.547004159Z,2.15153953,0.47598629,0.637692397634,59271.879999999997,59271.889999999999,59271.884999999995,0.010000000002,0.001687140539,"[{""price"":59271.88,""size"":0.50076732,""num_orders"":12},{""price"":59271.87,""size"":1.9e-07,""num_orders"":1},{""price"":59271.86,""size"":2e-07,""num_orders"":1},{""price"":59270.1,""size"":0.13493205,""num_orders"":1},{""price"":59270.09,""size"":0.61712562,""num_orders"":1},{""price"":59270.08,""size"":0.13497535,""num_orders"":1},{""price"":59270.0,""size"":0.0214,""num_orders"":1},{""price"":59268.89,""size"":0.06747359,""num_orders"":1},{""price"":59268.88,""size"":0.3374155,""num_orders"":1},{""price"":59268.46,""size"":0.33744971,""num_orders"":1}]","[{""price"":59271.89,""size"":0.02353087,""num_orders"":5},{""price"":59273.63,""size"":0.00084357,""num_orders"":1},{""price"":59273.68,""size"":0.01085072,""num_orders"":1},{""price"":59276.02,""size"":0.01085073,""num_orders"":1},{""price"":59277.3,""size"":0.13493205,""num_orders"":1},{""price"":59277.31,""size"":0.06747359,""num_orders"":1},{""price"":59277.35,""size"":0.13495881,""num_orders"":1},{""price"":59277.36,""size"":1.9e-05,""num_orders"":1},{""price"":59278.9,""size"":0.07656,""num_orders"":1},{""price"":59279.91,""size"":0.01596695,""num_orders"":1}]"
btc_usd_d10_20260630T095231Z,8,2026-06-30T10:00:31.355828Z,2026-06-30T10:00:31.355956Z,BTC-USD,10,ok,,131711793237,2026-06-30T10:00:29.689729708Z,0.73126192,0.89791704,-0.102293930926,59282.769999999997,59282.779999999999,59282.774999999994,0.010000000002,0.001686830619,"[{""price"":59282.77,""size"":0.10880756,""num_orders"":7},{""price"":59282.45,""size"":0.00073838,""num_orders"":3},{""price"":59282.0,""size"":0.0214,""num_orders"":1},{""price"":59281.02,""size"":1.917e-05,""num_orders"":2},{""price"":59281.01,""size"":0.00042172,""num_orders"":1},{""price"":59280.26,""size"":0.22424886,""num_orders"":1},{""price"":59280.25,""size"":0.13495219,""num_orders"":1},{""price"":59280.24,""size"":0.08434199,""num_orders"":1},{""price"":59280.0,""size"":0.0214,""num_orders"":1},{""price"":59279.96,""size"":0.13493205,""num_orders"":1}]","[{""price"":59282.78,""size"":0.05687625,""num_orders"":4},{""price"":59282.8,""size"":0.03,""num_orders"":1},{""price"":59284.68,""size"":0.08434199,""num_orders"":1},{""price"":59285.57,""size"":0.1349401,""num_orders"":1},{""price"":59285.99,""size"":0.15206286,""num_orders"":1},{""price"":59286.0,""size"":0.08350958,""num_orders"":1},{""price"":59286.72,""size"":0.16867184,""num_orders"":1},{""price"":59287.23,""size"":0.00253024,""num_orders"":1},{""price"":59289.06,""size"":0.17052058,""num_orders"":2},{""price"":59289.16,""size"":0.0144636,""num_orders"":5}]"
btc_usd_d10_20260630T095231Z,9,2026-06-30T10:01:31.355828Z,2026-06-30T10:01:31.355969Z,BTC-USD,10,ok,,131711834126,2026-06-30T10:01:30.689400185Z,0.80261736,0.82229785,-0.012111702739,59306.629999999997,59306.639999999999,59306.634999999995,0.010000000002,0.00168615198,"[{""price"":59306.63,""size"":0.00384859,""num_orders"":2},{""price"":59306.62,""size"":0.03000019,""num_orders"":2},{""price"":59306.61,""size"":2e-07,""num_orders"":1},{""price"":59306.6,""size"":0.03,""num_orders"":1},{""price"":59306.25,""size"":0.33404681,""num_orders"":1},{""price"":59306.01,""size"":0.01596695,""num_orders"":1},{""price"":59306.0,""size"":0.02139984,""num_orders"":1},{""price"":59305.36,""size"":0.33404681,""num_orders"":1},{""price"":59304.96,""size"":0.00084307,""num_orders"":1},{""price"":59304.37,""size"":0.0324649,""num_orders"":2}]","[{""price"":59306.64,""size"":0.08556475,""num_orders"":6},{""price"":59306.65,""size"":1.8e-07,""num_orders"":1},{""price"":59306.66,""size"":1.9e-07,""num_orders"":1},{""price"":59307.26,""size"":0.13489075,""num_orders"":1},{""price"":59308.76,""size"":9.7e-05,""num_orders"":1},{""price"":59309.08,""size"":0.08434199,""num_orders"":1},{""price"":59309.09,""size"":0.16860823,""num_orders"":1},{""price"":59309.97,""size"":0.19246271,""num_orders"":1},{""price"":59309.98,""size"":0.13493205,""num_orders"":1},{""price"":59310.0,""size"":0.0214,""num_orders"":1}]"
btc_usd_d10_20260630T095231Z,10,2026-06-30T10:02:31.355828Z,2026-06-30T10:02:31.355954Z,BTC-USD,10,ok,,131711867278,2026-06-30T10:02:30.604256977Z,0.12087448,0.98941978,-0.782265865267,59304.989999999998,59305,59304.994999999995,0.010000000002,0.001686198608,"[{""price"":59304.99,""size"":0.00496462,""num_orders"":1},{""price"":59304.98,""size"":1.3e-07,""num_orders"":1},{""price"":59302.98,""size"":1.6e-07,""num_orders"":1},{""price"":59302.92,""size"":0.03237029,""num_orders"":1},{""price"":59302.0,""size"":0.0214,""num_orders"":1},{""price"":59300.54,""size"":0.00252926,""num_orders"":1},{""price"":59300.0,""size"":0.0214,""num_orders"":1},{""price"":59299.93,""size"":0.01596695,""num_orders"":1},{""price"":59299.92,""size"":0.00084307,""num_orders"":1},{""price"":59298.0,""size"":0.0214,""num_orders"":1}]","[{""price"":59305.0,""size"":0.14184451,""num_orders"":4},{""price"":59305.62,""size"":0.04972763,""num_orders"":2},{""price"":59305.63,""size"":0.03113815,""num_orders"":1},{""price"":59306.62,""size"":0.12866084,""num_orders"":1},{""price"":59306.64,""size"":0.01724709,""num_orders"":5},{""price"":59306.95,""size"":0.03000014,""num_orders"":1},{""price"":59308.07,""size"":0.1348889,""num_orders"":1},{""price"":59309.56,""size"":0.27130728,""num_orders"":1},{""price"":59309.57,""size"":0.16863829,""num_orders"":1},{""price"":59309.58,""size"":0.01596695,""num_orders"":1}]"
btc_usd_d10_20260630T095231Z,11,2026-06-30T10:03:31.355828Z,2026-06-30T10:03:31.355969Z,BTC-USD,10,ok,,131711898281,2026-06-30T10:03:29.344556931Z,1.0219496,0.46334728,0.376087991244,59284.68,59284.690000000002,59284.684999999998,0.010000000002,0.001686776273,"[{""price"":59284.68,""size"":0.1147057,""num_orders"":7},{""price"":59284.0,""size"":0.0184,""num_orders"":1},{""price"":59282.74,""size"":0.37383804,""num_orders"":1},{""price"":59282.73,""size"":0.13494653,""num_orders"":1},{""price"":59282.45,""size"":0.00031447,""num_orders"":2},{""price"":59282.33,""size"":0.03237882,""num_orders"":1},{""price"":59282.0,""size"":0.0184,""num_orders"":1},{""price"":59281.22,""size"":0.02535857,""num_orders"":1},{""price"":59281.2,""size"":0.3035883,""num_orders"":2},{""price"":59281.02,""size"":1.917e-05,""num_orders"":2}]","[{""price"":59284.69,""size"":0.01368619,""num_orders"":2},{""price"":59284.7,""size"":0.03,""num_orders"":1},{""price"":59284.72,""size"":0.03,""num_orders"":1},{""price"":59288.35,""size"":0.0070244,""num_orders"":2},{""price"":59289.14,""size"":0.00253016,""num_orders"":1},{""price"":59289.54,""size"":0.2358077,""num_orders"":1},{""price"":59289.55,""size"":0.13493104,""num_orders"":1},{""price"":59289.73,""size"":0.00936713,""num_orders"":2},{""price"":59289.74,""size"":3.2e-07,""num_orders"":1},{""price"":59289.75,""size"":3.4e-07,""num_orders"":1}]"
btc_usd_d10_20260630T095231Z,12,2026-06-30T10:04:31.355828Z,2026-06-30T10:04:31.355953Z,BTC-USD,10,ok,,131711927029,2026-06-30T10:04:29.114857497Z,0.53339204,0.88189488,-0.246241829183,59281.309999999998,59281.32,59281.315000000002,0.010000000002,0.001686872162,"[{""price"":59281.31,""size"":0.07540428,""num_orders"":7},{""price"":59281.3,""size"":1.5e-07,""num_orders"":1},{""price"":59281.29,""size"":1.6e-07,""num_orders"":1},{""price"":59281.03,""size"":0.00084338,""num_orders"":1},{""price"":59280.01,""size"":0.01596531,""num_orders"":1},{""price"":59280.0,""size"":0.00401684,""num_orders"":2},{""price"":59279.87,""size"":0.13495304,""num_orders"":1},{""price"":59279.22,""size"":0.10118852,""num_orders"":1},{""price"":59278.93,""size"":0.03238207,""num_orders"":1},{""price"":59278.64,""size"":0.16863829,""num_orders"":1}]","[{""price"":59281.32,""size"":0.08563392,""num_orders"":19},{""price"":59284.55,""size"":0.00881685,""num_orders"":1},{""price"":59284.56,""size"":0.18289171,""num_orders"":2},{""price"":59284.68,""size"":1.9e-05,""num_orders"":1},{""price"":59284.69,""size"":0.02170214,""num_orders"":2},{""price"":59285.06,""size"":0.16863829,""num_orders"":1},{""price"":59285.07,""size"":0.13494123,""num_orders"":1},{""price"":59285.77,""size"":0.0025303,""num_orders"":1},{""price"":59285.85,""size"":0.22822944,""num_orders"":2},{""price"":59285.87,""size"":0.048492,""num_orders"":1}]"
btc_usd_d10_20260630T095231Z,13,2026-06-30T10:05:31.355828Z,2026-06-30T10:05:31.355963Z,BTC-USD,10,ok,,131711959666,2026-06-30T10:05:30.331594804Z,0.67598506,4.5943004,-0.743473075555,59253.580000000002,59253.589999999997,59253.584999999999,0.009999999995,0.001687661598,"[{""price"":59253.58,""size"":0.15826603,""num_orders"":8},{""price"":59253.57,""size"":1.2e-07,""num_orders"":1},{""price"":59253.56,""size"":1.4e-07,""num_orders"":1},{""price"":59252.65,""size"":0.01597184,""num_orders"":1},{""price"":59252.64,""size"":0.13501505,""num_orders"":1},{""price"":59252.0,""size"":9.788e-05,""num_orders"":1},{""price"":59251.74,""size"":1.9e-05,""num_orders"":1},{""price"":59250.49,""size"":0.16863829,""num_orders"":1},{""price"":59250.0,""size"":0.0292,""num_orders"":2},{""price"":59249.88,""size"":0.16877671,""num_orders"":1}]","[{""price"":59253.59,""size"":4.0375919,""num_orders"":3},{""price"":59253.6,""size"":5.1e-07,""num_orders"":2},{""price"":59253.64,""size"":0.00091417,""num_orders"":1},{""price"":59254.01,""size"":0.03965403,""num_orders"":3},{""price"":59256.0,""size"":0.0202,""num_orders"":1},{""price"":59256.91,""size"":0.01597184,""num_orders"":1},{""price"":59256.92,""size"":0.10114402,""num_orders"":1},{""price"":59257.46,""size"":0.18998564,""num_orders"":2},{""price"":59257.47,""size"":0.16863829,""num_orders"":1},{""price"":59258.0,""size"":0.0202,""num_orders"":1}]"
btc_usd_d10_20260630T095231Z,14,2026-06-30T10:06:31.355828Z,2026-06-30T10:06:31.355963Z,BTC-USD,10,ok,,131711994894,2026-06-30T10:06:30.494291108Z,0.4379795,0.78341229,-0.282818988001,59258,59258.010000000002,59258.005000000005,0.010000000002,0.001687535718,"[{""price"":59258.0,""size"":0.0578624,""num_orders"":5},{""price"":59257.99,""size"":1.5e-07,""num_orders"":1},{""price"":59257.98,""size"":1.6e-07,""num_orders"":1},{""price"":59254.28,""size"":0.16863829,""num_orders"":1},{""price"":59254.27,""size"":0.03239664,""num_orders"":1},{""price"":59254.0,""size"":0.0214,""num_orders"":1},{""price"":59253.56,""size"":0.01597184,""num_orders"":1},{""price"":59253.55,""size"":0.0025313,""num_orders"":1},{""price"":59252.88,""size"":0.13501452,""num_orders"":1},{""price"":59252.08,""size"":0.0041642,""num_orders"":1}]","[{""price"":59258.01,""size"":0.13970774,""num_orders"":7},{""price"":59258.02,""size"":0.03,""num_orders"":1},{""price"":59258.03,""size"":4.3e-07,""num_orders"":2},{""price"":59258.04,""size"":0.03,""num_orders"":1},{""price"":59258.68,""size"":0.01563829,""num_orders"":3},{""price"":59258.9,""size"":0.01034778,""num_orders"":1},{""price"":59258.91,""size"":0.1350008,""num_orders"":1},{""price"":59259.15,""size"":0.23267896,""num_orders"":1},{""price"":59259.16,""size"":0.16863829,""num_orders"":1},{""price"":59260.0,""size"":0.0214,""num_orders"":1}]"
btc_usd_d10_20260630T095231Z,15,2026-06-30T10:07:31.355828Z,2026-06-30T10:07:31.355964Z,BTC-USD,10,ok,,131712031661,2026-06-30T10:07:30.657497199Z,0.23585646,0.56895215,-0.413881866895,59293.889999999999,59293.900000000001,59293.895000000004,0.010000000002,0.00168651427,"[{""price"":59293.89,""size"":0.08328404,""num_orders"":5},{""price"":59293.88,""size"":0.03000019,""num_orders"":2},{""price"":59293.87,""size"":2e-07,""num_orders"":1},{""price"":59293.86,""size"":0.03,""num_orders"":1},{""price"":59292.0,""size"":0.0204,""num_orders"":1},{""price"":59291.99,""size"":9.63e-05,""num_orders"":1},{""price"":59290.88,""size"":0.0159626,""num_orders"":1},{""price"":59290.87,""size"":0.03237666,""num_orders"":1},{""price"":59290.0,""size"":0.0204,""num_orders"":1},{""price"":59289.91,""size"":0.00333647,""num_orders"":1}]","[{""price"":59293.9,""size"":0.18198631,""num_orders"":7},{""price"":59293.91,""size"":1.6e-07,""num_orders"":1},{""price"":59293.92,""size"":1.7e-07,""num_orders"":1},{""price"":59295.66,""size"":1.9e-05,""num_orders"":1},{""price"":59296.0,""size"":0.0204,""num_orders"":1},{""price"":59296.14,""size"":0.16863829,""num_orders"":1},{""price"":59296.15,""size"":0.13491602,""num_orders"":1},{""price"":59296.4,""size"":2.531e-05,""num_orders"":1},{""price"":59296.8,""size"":0.04700429,""num_orders"":1},{""price"":59297.52,""size"":0.0159626,""num_orders"":1}]"
btc_usd_d10_20260630T095231Z,16,2026-06-30T10:08:31.355828Z,2026-06-30T10:08:31.355956Z,BTC-USD,10,ok,,131712066936,2026-06-30T10:08:30.541595668Z,0.58736124,0.77079727,-0.135062313161,59310.290000000001,59310.300000000003,59310.294999999998,0.010000000002,0.001686047928,"[{""price"":59310.29,""size"":0.2078304,""num_orders"":8},{""price"":59310.28,""size"":0.0300002,""num_orders"":2},{""price"":59310.27,""size"":2.1e-07,""num_orders"":1},{""price"":59310.26,""size"":0.03,""num_orders"":1},{""price"":59308.9,""size"":0.13488699,""num_orders"":1},{""price"":59308.13,""size"":0.13192543,""num_orders"":1},{""price"":59306.0,""size"":0.0193,""num_orders"":1},{""price"":59305.89,""size"":2e-07,""num_orders"":1},{""price"":59305.86,""size"":0.03088874,""num_orders"":1},{""price"":59305.84,""size"":0.00252907,""num_orders"":1}]","[{""price"":59310.3,""size"":0.1588991,""num_orders"":9},{""price"":59310.31,""size"":1.6e-07,""num_orders"":1},{""price"":59310.32,""size"":1.7e-07,""num_orders"":1},{""price"":59312.0,""size"":0.0193,""num_orders"":1},{""price"":59313.25,""size"":0.10117039,""num_orders"":1},{""price"":59313.26,""size"":0.16861731,""num_orders"":1},{""price"":59313.96,""size"":1.9e-05,""num_orders"":1},{""price"":59314.0,""size"":0.0193,""num_orders"":1},{""price"":59314.7,""size"":0.13487383,""num_orders"":1},{""price"":59315.99,""size"":0.16861731,""num_orders"":1}]"
btc_usd_d10_20260630T095231Z,17,2026-06-30T10:09:31.355828Z,2026-06-30T10:09:31.355957Z,BTC-USD,10,ok,,131712100675,2026-06-30T10:09:30.112992951Z,1.36284492,0.4435854,0.508881803977,59288.339999999997,59288.349999999999,59288.345000000001,0.010000000002,0.001686672145,"[{""price"":59288.34,""size"":0.31341535,""num_orders"":12},{""price"":59288.32,""size"":1.6e-07,""num_orders"":1},{""price"":59288.13,""size"":0.38856566,""num_orders"":1},{""price"":59288.12,""size"":0.16861731,""num_orders"":1},{""price"":59288.1,""size"":0.13493432,""num_orders"":1},{""price"":59288.0,""size"":0.0184,""num_orders"":1},{""price"":59287.27,""size"":0.02535857,""num_orders"":1},{""price"":59287.25,""size"":0.13493624,""num_orders"":1},{""price"":59285.85,""size"":0.16861731,""num_orders"":1},{""price"":59285.0,""size"":0.01,""num_orders"":1}]","[{""price"":59288.35,""size"":0.0416799,""num_orders"":3},{""price"":59288.36,""size"":1.8e-07,""num_orders"":1},{""price"":59288.37,""size"":1.9e-07,""num_orders"":1},{""price"":59292.0,""size"":0.0184,""num_orders"":1},{""price"":59292.8,""size"":0.00253,""num_orders"":1},{""price"":59293.16,""size"":0.11801608,""num_orders"":1},{""price"":59294.0,""size"":0.01924333,""num_orders"":2},{""price"":59294.84,""size"":0.16861731,""num_orders"":1},{""price"":59295.53,""size"":0.07261,""num_orders"":1},{""price"":59295.67,""size"":0.00248841,""num_orders"":2}]"
btc_usd_d10_20260630T095231Z,18,2026-06-30T10:10:31.355828Z,2026-06-30T10:10:31.355956Z,BTC-USD,10,ok,,131712142164,2026-06-30T10:10:31.101049139Z,0.9782926,1.05672588,-0.038541802333,59241,59241.010000000002,59241.005000000005,0.010000000002,0.001688019979,"[{""price"":59241.0,""size"":0.18007238,""num_orders"":7},{""price"":59240.99,""size"":1.4e-07,""num_orders"":1},{""price"":59240.98,""size"":0.03000015,""num_orders"":2},{""price"":59240.0,""size"":0.0203,""num_orders"":1},{""price"":59239.44,""size"":0.03241123,""num_orders"":1},{""price"":59238.68,""size"":0.13504688,""num_orders"":1},{""price"":59238.3,""size"":0.37557537,""num_orders"":1},{""price"":59238.29,""size"":0.16861731,""num_orders"":1},{""price"":59238.0,""size"":0.0203,""num_orders"":1},{""price"":59236.53,""size"":0.01596914,""num_orders"":1}]","[{""price"":59241.01,""size"":0.154983,""num_orders"":5},{""price"":59242.68,""size"":0.02611695,""num_orders"":1},{""price"":59244.42,""size"":1.9e-05,""num_orders"":1},{""price"":59244.63,""size"":0.16861731,""num_orders"":1},{""price"":59244.85,""size"":0.13503284,""num_orders"":1},{""price"":59244.89,""size"":0.00117049,""num_orders"":2},{""price"":59245.68,""size"":0.33326598,""num_orders"":1},{""price"":59246.0,""size"":0.0184,""num_orders"":1},{""price"":59246.19,""size"":0.050503,""num_orders"":1},{""price"":59246.77,""size"":0.16861731,""num_orders"":1}]"
btc_usd_d10_20260630T095231Z,19,2026-06-30T10:11:31.355828Z,2026-06-30T10:11:31.355953Z,BTC-USD,10,ok,,131712183703,2026-06-30T10:11:30.047724856Z,0.90142625,0.80476611,0.05665254532,59251.730000000003,59251.739999999998,59251.735000000001,0.009999999995,0.001687714291,"[{""price"":59251.73,""size"":0.068644,""num_orders"":5},{""price"":59251.72,""size"":2.7e-07,""num_orders"":2},{""price"":59251.71,""size"":1.5e-07,""num_orders"":1},{""price"":59250.03,""size"":0.01596914,""num_orders"":1},{""price"":59250.02,""size"":0.37521971,""num_orders"":1},{""price"":59250.01,""size"":0.11801608,""num_orders"":1},{""price"":59250.0,""size"":0.0183,""num_orders"":1},{""price"":59249.88,""size"":0.16861731,""num_orders"":1},{""price"":59249.01,""size"":0.13502333,""num_orders"":1},{""price"":59248.87,""size"":0.00163626,""num_orders"":1}]","[{""price"":59251.74,""size"":0.23259267,""num_orders"":8},{""price"":59251.75,""size"":1.9e-07,""num_orders"":1},{""price"":59254.12,""size"":0.13501172,""num_orders"":1},{""price"":59254.69,""size"":0.11801608,""num_orders"":1},{""price"":59255.31,""size"":0.0183,""num_orders"":1},{""price"":59255.4,""size"":1.9e-05,""num_orders"":1},{""price"":59256.18,""size"":0.01596914,""num_orders"":1},{""price"":59256.19,""size"":0.00253157,""num_orders"":1},{""price"":59256.25,""size"":0.05552981,""num_orders"":1},{""price"":59257.71,""size"":0.22679593,""num_orders"":2}]"
btc_usd_d10_20260630T095231Z,20,2026-06-30T10:12:31.355828Z,2026-06-30T10:12:31.355956Z,BTC-USD,10,ok,,131712217645,2026-06-30T10:12:30.093036867Z,0.15011005,0.69902408,-0.646439720895,59255.389999999999,59255.400000000001,59255.395000000004,0.010000000002,0.001687610048,"[{""price"":59255.39,""size"":0.04067545,""num_orders"":4},{""price"":59255.38,""size"":0.03000015,""num_orders"":2},{""price"":59255.37,""size"":1.6e-07,""num_orders"":1},{""price"":59255.36,""size"":0.03,""num_orders"":1},{""price"":59254.0,""size"":0.0149,""num_orders"":1},{""price"":59252.0,""size"":0.0149,""num_orders"":1},{""price"":59251.73,""size"":0.00028994,""num_orders"":1},{""price"":59250.95,""size"":0.01596914,""num_orders"":1},{""price"":59250.94,""size"":0.00253141,""num_orders"":1},{""price"":59250.81,""size"":0.0008438,""num_orders"":1}]","[{""price"":59255.4,""size"":0.14569861,""num_orders"":9},{""price"":59255.41,""size"":2.3e-07,""num_orders"":1},{""price"":59255.42,""size"":2.4e-07,""num_orders"":1},{""price"":59255.59,""size"":0.13500836,""num_orders"":1},{""price"":59259.05,""size"":0.01596914,""num_orders"":1},{""price"":59259.06,""size"":1.9e-05,""num_orders"":1},{""price"":59259.24,""size"":0.10129413,""num_orders"":1},{""price"":59259.25,""size"":0.16350293,""num_orders"":2},{""price"":59259.28,""size"":0.13499995,""num_orders"":1},{""price"":59259.84,""size"":0.00253149,""num_orders"":1}]"
btc_usd_d10_20260630T095231Z,21,2026-06-30T10:13:31.355828Z,2026-06-30T10:13:31.355954Z,BTC-USD,10,ok,,131712243294,2026-06-30T10:13:29.826611511Z,0.70310951,0.60988476,0.07100164268,59250.489999999998,59250.5,59250.494999999995,0.010000000002,0.001687749613,"[{""price"":59250.49,""size"":0.23694424,""num_orders"":9},{""price"":59250.48,""size"":1.7e-07,""num_orders"":1},{""price"":59250.47,""size"":1.8e-07,""num_orders"":1},{""price"":59250.0,""size"":0.0141,""num_orders"":1},{""price"":59249.61,""size"":0.10129413,""num_orders"":1},{""price"":59249.42,""size"":0.01597423,""num_orders"":1},{""price"":59249.41,""size"":0.13502243,""num_orders"":1},{""price"":59248.0,""size"":0.0141,""num_orders"":1},{""price"":59247.37,""size"":0.13502706,""num_orders"":1},{""price"":59247.0,""size"":0.05064707,""num_orders"":1}]","[{""price"":59250.5,""size"":0.03681748,""num_orders"":2},{""price"":59250.51,""size"":2e-07,""num_orders"":1},{""price"":59250.53,""size"":2.1e-07,""num_orders"":1},{""price"":59252.04,""size"":0.0393491,""num_orders"":1},{""price"":59254.85,""size"":0.13501006,""num_orders"":1},{""price"":59255.4,""size"":0.01237774,""num_orders"":4},{""price"":59257.7,""size"":0.02535857,""num_orders"":1},{""price"":59257.71,""size"":0.05064707,""num_orders"":1},{""price"":59258.26,""size"":0.2090302,""num_orders"":1},{""price"":59258.27,""size"":0.10129413,""num_orders"":1}]"
btc_usd_d10_20260630T095231Z,22,2026-06-30T10:14:31.355828Z,2026-06-30T10:14:31.355953Z,BTC-USD,10,ok,,131712275017,2026-06-30T10:14:30.105038933Z,0.42760953,0.57355585,-0.145776435058,59250,59250.010000000002,59250.005000000005,0.010000000002,0.001687763571,"[{""price"":59250.0,""size"":0.0964439,""num_orders"":6},{""price"":59249.99,""size"":1.6e-07,""num_orders"":1},{""price"":59249.98,""size"":1.7e-07,""num_orders"":1},{""price"":59248.09,""size"":0.01597423,""num_orders"":1},{""price"":59248.08,""size"":1.9e-05,""num_orders"":1},{""price"":59248.0,""size"":0.0141,""num_orders"":1},{""price"":59246.04,""size"":0.05064707,""num_orders"":1},{""price"":59246.0,""size"":0.0141,""num_orders"":1},{""price"":59245.71,""size"":0.10129413,""num_orders"":1},{""price"":59245.7,""size"":0.13503087,""num_orders"":1}]","[{""price"":59250.01,""size"":0.11549964,""num_orders"":6},{""price"":59250.02,""size"":0.03,""num_orders"":1},{""price"":59250.03,""size"":4.1e-07,""num_orders"":2},{""price"":59250.04,""size"":0.03,""num_orders"":1},{""price"":59251.23,""size"":0.13501831,""num_orders"":1},{""price"":59251.75,""size"":0.05064707,""num_orders"":1},{""price"":59252.27,""size"":0.13501593,""num_orders"":1},{""price"":59252.94,""size"":0.07399898,""num_orders"":1},{""price"":59253.68,""size"":0.00084388,""num_orders"":1},{""price"":59254.72,""size"":0.00253163,""num_orders"":1}]"
btc_usd_d10_20260630T095231Z,23,2026-06-30T10:15:31.355828Z,2026-06-30T10:15:31.355944Z,BTC-USD,10,ok,,131712320410,2026-06-30T10:15:30.682014502Z,0.41619848,0.90330581,-0.36915933786,59290.809999999998,59290.82,59290.815000000002,0.010000000002,0.00168660188,"[{""price"":59290.81,""size"":0.14613689,""num_orders"":4},{""price"":59290.45,""size"":0.0008433,""num_orders"":1},{""price"":59289.12,""size"":0.0003214,""num_orders"":2},{""price"":59289.1,""size"":1.7e-07,""num_orders"":1},{""price"":59288.34,""size"":1.9e-05,""num_orders"":1},{""price"":59288.0,""size"":0.019,""num_orders"":1},{""price"":59286.87,""size"":0.09341077,""num_orders"":1},{""price"":59286.86,""size"":0.13493714,""num_orders"":1},{""price"":59286.35,""size"":0.00252981,""num_orders"":1},{""price"":59286.0,""size"":0.019,""num_orders"":1}]","[{""price"":59290.82,""size"":0.18845307,""num_orders"":7},{""price"":59290.84,""size"":0.03,""num_orders"":1},{""price"":59291.97,""size"":0.05064707,""num_orders"":1},{""price"":59292.0,""size"":0.018,""num_orders"":1},{""price"":59292.71,""size"":0.13492384,""num_orders"":1},{""price"":59294.0,""size"":0.018,""num_orders"":1},{""price"":59294.05,""size"":0.168651,""num_orders"":1},{""price"":59294.38,""size"":0.05188512,""num_orders"":1},{""price"":59294.97,""size"":0.14145158,""num_orders"":1},{""price"":59294.98,""size"":0.10129413,""num_orders"":1}]"
btc_usd_d10_20260630T095231Z,24,2026-06-30T10:16:31.355828Z,2026-06-30T10:16:31.355958Z,BTC-USD,10,ok,,131712351638,2026-06-30T10:16:30.340340713Z,1.21782968,0.27902057,0.62718973391,59295.650000000001,59295.660000000003,59295.654999999999,0.010000000002,0.001686464211,"[{""price"":59295.65,""size"":0.65556128,""num_orders"":16},{""price"":59295.64,""size"":0.03000023,""num_orders"":2},{""price"":59295.63,""size"":2.4e-07,""num_orders"":1},{""price"":59295.62,""size"":0.03,""num_orders"":1},{""price"":59295.61,""size"":0.18607427,""num_orders"":2},{""price"":59294.71,""size"":0.00084323,""num_orders"":1},{""price"":59294.54,""size"":0.13491966,""num_orders"":1},{""price"":59294.0,""size"":0.0214,""num_orders"":1},{""price"":59293.44,""size"":0.1266527,""num_orders"":2},{""price"":59292.85,""size"":0.03237807,""num_orders"":1}]","[{""price"":59295.66,""size"":0.04853043,""num_orders"":6},{""price"":59295.67,""size"":1.6e-07,""num_orders"":1},{""price"":59295.68,""size"":1.7e-07,""num_orders"":1},{""price"":59297.27,""size"":0.05064707,""num_orders"":1},{""price"":59298.02,""size"":0.00071693,""num_orders"":1},{""price"":59298.16,""size"":0.00375399,""num_orders"":1},{""price"":59299.32,""size"":1.9e-05,""num_orders"":1},{""price"":59300.0,""size"":0.02145,""num_orders"":2},{""price"":59301.95,""size"":0.13490282,""num_orders"":1},{""price"":59302.0,""size"":0.019,""num_orders"":1}]"
btc_usd_d10_20260630T095231Z,25,2026-06-30T10:17:31.355828Z,2026-06-30T10:17:31.355964Z,BTC-USD,10,ok,,131712390831,2026-06-30T10:17:29.299479450Z,0.64572883,0.62836246,0.013630396924,59306.639999999999,59306.650000000001,59306.645000000004,0.010000000002,0.001686151695,"[{""price"":59306.64,""size"":0.05655972,""num_orders"":4},{""price"":59306.63,""size"":0.0001433,""num_orders"":2},{""price"":59306.62,""size"":1.7e-07,""num_orders"":1},{""price"":59305.01,""size"":0.01597007,""num_orders"":1},{""price"":59305.0,""size"":0.01,""num_orders"":1},{""price"":59304.01,""size"":0.10209025,""num_orders"":2},{""price"":59304.0,""size"":0.0214,""num_orders"":1},{""price"":59303.97,""size"":0.02,""num_orders"":1},{""price"":59303.91,""size"":0.13489835,""num_orders"":1},{""price"":59303.41,""size"":0.28466697,""num_orders"":2}]","[{""price"":59306.65,""size"":0.10800306,""num_orders"":6},{""price"":59306.66,""size"":2.2e-07,""num_orders"":1},{""price"":59306.67,""size"":2.4e-07,""num_orders"":1},{""price"":59308.35,""size"":0.13488826,""num_orders"":1},{""price"":59310.42,""size"":0.16860443,""num_orders"":1},{""price"":59311.41,""size"":0.00192325,""num_orders"":1},{""price"":59312.01,""size"":0.0025292,""num_orders"":1},{""price"":59312.06,""size"":0.0604726,""num_orders"":1},{""price"":59312.07,""size"":0.10129413,""num_orders"":1},{""price"":59312.56,""size"":0.05064707,""num_orders"":1}]"
btc_usd_d10_20260630T095231Z,26,2026-06-30T10:18:31.355828Z,2026-06-30T10:18:31.355954Z,BTC-USD,10,ok,,131712423432,2026-06-30T10:18:30.092983302Z,0.96930276,0.41374883,0.401687062158,59273.699999999997,59273.709999999999,59273.705000000002,0.010000000002,0.001687088736,"[{""price"":59273.7,""size"":0.29955723,""num_orders"":8},{""price"":59273.68,""size"":1.7e-07,""num_orders"":1},{""price"":59272.41,""size"":0.15203452,""num_orders"":1},{""price"":59272.4,""size"":0.13497006,""num_orders"":1},{""price"":59272.0,""size"":0.0184,""num_orders"":1},{""price"":59271.79,""size"":0.10129413,""num_orders"":1},{""price"":59270.94,""size"":0.20071767,""num_orders"":2},{""price"":59270.69,""size"":0.01061683,""num_orders"":1},{""price"":59270.68,""size"":0.05064707,""num_orders"":1},{""price"":59270.66,""size"":0.00106508,""num_orders"":1}]","[{""price"":59273.71,""size"":0.02419292,""num_orders"":5},{""price"":59273.72,""size"":0.03,""num_orders"":1},{""price"":59273.74,""size"":0.03,""num_orders"":1},{""price"":59273.76,""size"":0.00916421,""num_orders"":1},{""price"":59276.0,""size"":0.0184,""num_orders"":1},{""price"":59277.87,""size"":0.13495761,""num_orders"":1},{""price"":59278.17,""size"":0.00253063,""num_orders"":1},{""price"":59278.36,""size"":0.00273673,""num_orders"":1},{""price"":59279.26,""size"":0.0604726,""num_orders"":1},{""price"":59279.27,""size"":0.10129413,""num_orders"":1}]"
btc_usd_d10_20260630T095231Z,27,2026-06-30T10:19:31.355828Z,2026-06-30T10:19:31.355956Z,BTC-USD,10,ok,,131712458890,2026-06-30T10:19:28.837376360Z,1.03006686,0.51810767,0.330685707638,59291.860000000001,59291.870000000003,59291.865000000005,0.010000000002,0.001686572012,"[{""price"":59291.86,""size"":0.15577764,""num_orders"":5},{""price"":59291.12,""size"":0.17128681,""num_orders"":1},{""price"":59291.11,""size"":0.10129413,""num_orders"":1},{""price"":59291.09,""size"":0.03238926,""num_orders"":1},{""price"":59290.35,""size"":0.13492919,""num_orders"":1},{""price"":59290.0,""size"":0.0183,""num_orders"":1},{""price"":59288.7,""size"":0.29853829,""num_orders"":1},{""price"":59288.69,""size"":0.10129413,""num_orders"":1},{""price"":59288.33,""size"":0.00028892,""num_orders"":1},{""price"":59288.01,""size"":0.01596849,""num_orders"":1}]","[{""price"":59291.87,""size"":0.0471032,""num_orders"":1},{""price"":59291.88,""size"":0.04793815,""num_orders"":1},{""price"":59291.89,""size"":0.0049142,""num_orders"":4},{""price"":59292.0,""size"":1.9e-05,""num_orders"":1},{""price"":59294.42,""size"":0.13491994,""num_orders"":1},{""price"":59295.49,""size"":0.01596849,""num_orders"":1},{""price"":59295.5,""size"":0.04793815,""num_orders"":1},{""price"":59295.66,""size"":1.9e-05,""num_orders"":1},{""price"":59297.74,""size"":0.05064707,""num_orders"":1},{""price"":59297.75,""size"":0.16864047,""num_orders"":1}]"
btc_usd_d10_20260630T095231Z,28,2026-06-30T10:20:31.355828Z,2026-06-30T10:20:31.355965Z,BTC-USD,10,ok,,131712499983,2026-06-30T10:20:29.175245017Z,1.47206406,0.3059116,0.655887752704,59288.75,59288.760000000002,59288.755000000005,0.010000000002,0.001686660481,"[{""price"":59288.75,""size"":0.39637849,""num_orders"":11},{""price"":59288.74,""size"":0.0300002,""num_orders"":2},{""price"":59288.73,""size"":2.2e-07,""num_orders"":1},{""price"":59288.72,""size"":0.03,""num_orders"":1},{""price"":59288.58,""size"":0.13493323,""num_orders"":1},{""price"":59288.0,""size"":0.0183,""num_orders"":1},{""price"":59287.45,""size"":0.48375386,""num_orders"":1},{""price"":59287.44,""size"":0.33737435,""num_orders"":1},{""price"":59286.6,""size"":0.01596514,""num_orders"":1},{""price"":59286.59,""size"":0.02535857,""num_orders"":1}]","[{""price"":59288.76,""size"":0.01280712,""num_orders"":5},{""price"":59288.78,""size"":3.4e-07,""num_orders"":2},{""price"":59292.0,""size"":1.9e-05,""num_orders"":1},{""price"":59293.62,""size"":0.01596514,""num_orders"":1},{""price"":59293.63,""size"":0.13492175,""num_orders"":1},{""price"":59294.0,""size"":0.0183,""num_orders"":1},{""price"":59294.15,""size"":9.7e-05,""num_orders"":1},{""price"":59294.62,""size"":0.01280712,""num_orders"":1},{""price"":59295.06,""size"":0.10129413,""num_orders"":1},{""price"":59295.07,""size"":0.0097,""num_orders"":1}]"
btc_usd_d10_20260630T095231Z,29,2026-06-30T10:21:31.355828Z,2026-06-30T10:21:31.355955Z,BTC-USD,10,ok,,131712543746,2026-06-30T10:21:29.024283742Z,0.88343234,0.72851929,0.096102790628,59266.379999999997,59266.389999999999,59266.384999999995,0.010000000002,0.001687297108,"[{""price"":59266.38,""size"":0.05176936,""num_orders"":5},{""price"":59266.37,""size"":1.4e-07,""num_orders"":1},{""price"":59266.36,""size"":1.5e-07,""num_orders"":1},{""price"":59265.0,""size"":0.01,""num_orders"":1},{""price"":59264.01,""size"":0.05064707,""num_orders"":1},{""price"":59264.0,""size"":0.0173,""num_orders"":1},{""price"":59263.92,""size"":0.33740946,""num_orders"":1},{""price"":59263.54,""size"":0.06293156,""num_orders"":1},{""price"":59263.04,""size"":0.01596514,""num_orders"":1},{""price"":59263.03,""size"":0.33740946,""num_orders"":1}]","[{""price"":59266.39,""size"":0.17325865,""num_orders"":5},{""price"":59266.4,""size"":0.06486103,""num_orders"":3},{""price"":59266.41,""size"":0.04483843,""num_orders"":2},{""price"":59266.42,""size"":0.07483815,""num_orders"":2},{""price"":59266.43,""size"":0.14613228,""num_orders"":2},{""price"":59266.44,""size"":0.04483815,""num_orders"":1},{""price"":59266.45,""size"":0.04493815,""num_orders"":1},{""price"":59266.46,""size"":0.04493815,""num_orders"":1},{""price"":59266.47,""size"":0.04493815,""num_orders"":1},{""price"":59266.48,""size"":0.04493815,""num_orders"":1}]"
btc_usd_d10_20260630T095231Z,30,2026-06-30T10:22:31.355828Z,2026-06-30T10:22:31.355969Z,BTC-USD,10,ok,,131712578810,2026-06-30T10:22:29.036223047Z,0.93690654,0.21814507,0.622276497238,59242.150000000001,59242.160000000003,59242.154999999999,0.010000000002,0.001687987211,"[{""price"":59242.15,""size"":0.24857942,""num_orders"":7},{""price"":59242.14,""size"":1.4e-07,""num_orders"":1},{""price"":59242.13,""size"":1.5e-07,""num_orders"":1},{""price"":59242.0,""size"":0.0173,""num_orders"":1},{""price"":59241.51,""size"":0.14810662,""num_orders"":2},{""price"":59240.2,""size"":0.01596514,""num_orders"":1},{""price"":59240.19,""size"":0.13504344,""num_orders"":1},{""price"":59240.0,""size"":0.0173,""num_orders"":1},{""price"":59238.99,""size"":0.10129413,""num_orders"":1},{""price"":59238.42,""size"":0.2533175,""num_orders"":1}]","[{""price"":59242.16,""size"":0.01489512,""num_orders"":2},{""price"":59242.17,""size"":2.2e-07,""num_orders"":1},{""price"":59242.18,""size"":0.00610279,""num_orders"":3},{""price"":59242.88,""size"":0.00542557,""num_orders"":1},{""price"":59244.92,""size"":0.01596514,""num_orders"":1},{""price"":59244.93,""size"":0.05064707,""num_orders"":1},{""price"":59245.05,""size"":0.00398295,""num_orders"":1},{""price"":59245.98,""size"":0.10129413,""num_orders"":1},{""price"":59246.0,""size"":0.0173,""num_orders"":1},{""price"":59246.35,""size"":0.00253208,""num_orders"":1}]"
btc_usd_d10_20260630T095231Z,31,2026-06-30T10:23:31.355828Z,2026-06-30T10:23:31.355958Z,BTC-USD,10,ok,,131712614840,2026-06-30T10:23:31.131145828Z,0.33719552,0.73868451,-0.37317263896,59240.760000000002,59240.769999999997,59240.764999999999,0.009999999995,0.001688026816,"[{""price"":59240.76,""size"":0.03650692,""num_orders"":7},{""price"":59240.75,""size"":1.4e-07,""num_orders"":1},{""price"":59238.0,""size"":0.0164,""num_orders"":1},{""price"":59237.1,""size"":3.97e-06,""num_orders"":1},{""price"":59236.95,""size"":0.02,""num_orders"":1},{""price"":59236.03,""size"":0.02,""num_orders"":1},{""price"":59236.02,""size"":0.05064707,""num_orders"":1},{""price"":59236.0,""size"":0.0164,""num_orders"":1},{""price"":59235.87,""size"":0.13505329,""num_orders"":1},{""price"":59235.36,""size"":0.04218413,""num_orders"":1}]","[{""price"":59240.77,""size"":0.31360342,""num_orders"":5},{""price"":59240.81,""size"":0.00253203,""num_orders"":1},{""price"":59240.85,""size"":0.12009316,""num_orders"":1},{""price"":59240.91,""size"":3.1e-07,""num_orders"":1},{""price"":59240.93,""size"":1.9e-07,""num_orders"":1},{""price"":59240.96,""size"":3.8e-07,""num_orders"":1},{""price"":59242.0,""size"":0.0164,""num_orders"":1},{""price"":59242.55,""size"":0.10129413,""num_orders"":1},{""price"":59243.19,""size"":0.01596514,""num_orders"":1},{""price"":59243.2,""size"":0.16879575,""num_orders"":1}]"
btc_usd_d10_20260630T095231Z,32,2026-06-30T10:24:31.355828Z,2026-06-30T10:24:31.355957Z,BTC-USD,10,ok,,131712651235,2026-06-30T10:24:29.624194017Z,0.14690626,0.76259992,-0.67695379486,59263.059999999998,59263.07,59263.065000000002,0.010000000002,0.001687391633,"[{""price"":59263.06,""size"":0.00268684,""num_orders"":1},{""price"":59262.6,""size"":0.00084369,""num_orders"":1},{""price"":59261.96,""size"":0.06764857,""num_orders"":2},{""price"":59260.01,""size"":0.01597692,""num_orders"":1},{""price"":59260.0,""size"":0.0172,""num_orders"":1},{""price"":59259.06,""size"":1.9e-05,""num_orders"":1},{""price"":59259.03,""size"":2.3e-07,""num_orders"":1},{""price"":59258.61,""size"":0.00253101,""num_orders"":1},{""price"":59258.42,""size"":0.02,""num_orders"":1},{""price"":59258.03,""size"":0.02,""num_orders"":1}]","[{""price"":59263.07,""size"":0.27514489,""num_orders"":5},{""price"":59264.0,""size"":0.0172,""num_orders"":1},{""price"":59266.39,""size"":0.01597692,""num_orders"":1},{""price"":59266.4,""size"":0.13498373,""num_orders"":1},{""price"":59267.51,""size"":0.0023505,""num_orders"":3},{""price"":59267.52,""size"":0.00663757,""num_orders"":1},{""price"":59267.53,""size"":1.2e-07,""num_orders"":1},{""price"":59267.57,""size"":0.1494146,""num_orders"":1},{""price"":59267.58,""size"":0.13503675,""num_orders"":1},{""price"":59267.62,""size"":0.02585484,""num_orders"":1}]"
btc_usd_d10_20260630T095231Z,33,2026-06-30T10:25:31.355828Z,2026-06-30T10:25:31.355956Z,BTC-USD,10,ok,,131712688869,2026-06-30T10:25:30.602646888Z,0.64570629,0.90160921,-0.165385094378,59274.190000000002,59274.199999999997,59274.195,0.009999999995,0.001687074788,"[{""price"":59274.19,""size"":0.17698279,""num_orders"":5},{""price"":59274.18,""size"":1.5e-07,""num_orders"":1},{""price"":59274.17,""size"":1.6e-07,""num_orders"":1},{""price"":59273.7,""size"":1.9e-05,""num_orders"":1},{""price"":59273.39,""size"":4.808e-05,""num_orders"":1},{""price"":59273.17,""size"":0.00168678,""num_orders"":1},{""price"":59272.28,""size"":0.00168678,""num_orders"":1},{""price"":59272.0,""size"":0.0209,""num_orders"":1},{""price"":59270.81,""size"":0.3093458,""num_orders"":2},{""price"":59270.8,""size"":0.13503675,""num_orders"":1}]","[{""price"":59274.2,""size"":0.15937025,""num_orders"":7},{""price"":59274.21,""size"":3.8e-07,""num_orders"":2},{""price"":59274.22,""size"":0.03,""num_orders"":1},{""price"":59274.29,""size"":0.00104189,""num_orders"":1},{""price"":59274.91,""size"":0.01597299,""num_orders"":1},{""price"":59274.92,""size"":0.13496434,""num_orders"":1},{""price"":59276.0,""size"":0.0209,""num_orders"":1},{""price"":59277.86,""size"":0.2356256,""num_orders"":1},{""price"":59277.87,""size"":0.13503675,""num_orders"":1},{""price"":59277.88,""size"":0.16869701,""num_orders"":1}]"
btc_usd_d10_20260630T095231Z,34,2026-06-30T10:26:31.355828Z,2026-06-30T10:26:31.355953Z,BTC-USD,10,ok,,131712728216,2026-06-30T10:26:29.689670206Z,1.15990884,0.6083642,0.311911468152,59261.029999999999,59261.040000000001,59261.035000000003,0.010000000002,0.001687449435,"[{""price"":59261.03,""size"":0.1791131,""num_orders"":7},{""price"":59261.02,""size"":1.2e-07,""num_orders"":1},{""price"":59261.01,""size"":1.6e-07,""num_orders"":1},{""price"":59260.48,""size"":0.33748621,""num_orders"":1},{""price"":59260.0,""size"":0.0198,""num_orders"":1},{""price"":59259.6,""size"":0.13503675,""num_orders"":1},{""price"":59259.59,""size"":0.33748621,""num_orders"":1},{""price"":59259.2,""size"":0.13500013,""num_orders"":1},{""price"":59259.06,""size"":1.9e-05,""num_orders"":1},{""price"":59258.24,""size"":0.01596716,""num_orders"":1}]","[{""price"":59261.04,""size"":0.01338226,""num_orders"":4},{""price"":59261.05,""size"":2.2e-07,""num_orders"":1},{""price"":59261.06,""size"":2.3e-07,""num_orders"":1},{""price"":59261.61,""size"":0.00103361,""num_orders"":1},{""price"":59261.96,""size"":0.00542577,""num_orders"":2},{""price"":59263.49,""size"":0.01596716,""num_orders"":1},{""price"":59263.5,""size"":0.13499035,""num_orders"":1},{""price"":59265.49,""size"":0.00253117,""num_orders"":1},{""price"":59265.97,""size"":0.2324783,""num_orders"":2},{""price"":59265.98,""size"":0.20255513,""num_orders"":2}]"
btc_usd_d10_20260630T095231Z,35,2026-06-30T10:27:31.355828Z,2026-06-30T10:27:31.355955Z,BTC-USD,10,ok,,131712757693,2026-06-30T10:27:30.538249722Z,0.21736041,0.73596128,-0.543993570523,59266.449999999997,59266.459999999999,59266.455000000002,0.010000000002,0.001687295115,"[{""price"":59266.45,""size"":0.16812724,""num_orders"":6},{""price"":59266.43,""size"":1.1e-07,""num_orders"":1},{""price"":59266.39,""size"":1.4e-07,""num_orders"":1},{""price"":59266.38,""size"":1.875e-05,""num_orders"":1},{""price"":59266.08,""size"":0.00168716,""num_orders"":1},{""price"":59265.0,""size"":0.01,""num_orders"":1},{""price"":59264.0,""size"":0.0198,""num_orders"":1},{""price"":59262.72,""size"":1.9e-05,""num_orders"":1},{""price"":59262.39,""size"":0.00174085,""num_orders"":1},{""price"":59262.01,""size"":0.01596716,""num_orders"":1}]","[{""price"":59266.46,""size"":0.06181296,""num_orders"":5},{""price"":59266.47,""size"":2.5e-07,""num_orders"":1},{""price"":59266.48,""size"":2.6e-07,""num_orders"":1},{""price"":59266.9,""size"":0.13498259,""num_orders"":1},{""price"":59267.9,""size"":0.07304393,""num_orders"":1},{""price"":59267.91,""size"":0.10002076,""num_orders"":2},{""price"":59268.0,""size"":0.0198,""num_orders"":1},{""price"":59268.56,""size"":0.19535457,""num_orders"":1},{""price"":59268.57,""size"":0.1349788,""num_orders"":1},{""price"":59268.85,""size"":0.01596716,""num_orders"":1}]"
btc_usd_d10_20260630T095231Z,36,2026-06-30T10:28:31.355828Z,2026-06-30T10:28:31.355955Z,BTC-USD,10,ok,,131712783482,2026-06-30T10:28:29.630323296Z,1.15928524,0.45514736,0.436151921115,59267.900000000001,59267.910000000003,59267.904999999999,0.010000000002,0.001687253835,"[{""price"":59267.9,""size"":0.4360825,""num_orders"":12},{""price"":59267.89,""size"":1.7e-07,""num_orders"":1},{""price"":59267.88,""size"":1.8e-07,""num_orders"":1},{""price"":59267.3,""size"":0.03211124,""num_orders"":1},{""price"":59267.29,""size"":0.03238768,""num_orders"":1},{""price"":59266.0,""size"":0.0214,""num_orders"":1},{""price"":59264.91,""size"":0.322914,""num_orders"":1},{""price"":59264.9,""size"":0.13503675,""num_orders"":1},{""price"":59264.82,""size"":0.01061683,""num_orders"":1},{""price"":59264.21,""size"":0.16873589,""num_orders"":1}]","[{""price"":59267.91,""size"":0.10701422,""num_orders"":7},{""price"":59267.92,""size"":2.1e-07,""num_orders"":1},{""price"":59267.93,""size"":2.3e-07,""num_orders"":1},{""price"":59270.0,""size"":0.0214,""num_orders"":1},{""price"":59270.72,""size"":0.03183065,""num_orders"":7},{""price"":59271.24,""size"":0.00096466,""num_orders"":1},{""price"":59271.99,""size"":0.13503675,""num_orders"":1},{""price"":59272.0,""size"":0.0214,""num_orders"":1},{""price"":59272.36,""size"":0.00253088,""num_orders"":1},{""price"":59272.54,""size"":0.13496976,""num_orders"":1}]"
btc_usd_d10_20260630T095231Z,37,2026-06-30T10:29:31.355828Z,2026-06-30T10:29:31.355962Z,BTC-USD,10,ok,,131712812440,2026-06-30T10:29:29.540377711Z,0.89388199,0.26668573,0.540421941082,59275.150000000001,59275.160000000003,59275.154999999999,0.010000000002,0.001687047466,"[{""price"":59275.15,""size"":0.33727106,""num_orders"":8},{""price"":59275.14,""size"":2.3e-07,""num_orders"":1},{""price"":59275.13,""size"":2.5e-07,""num_orders"":1},{""price"":59274.61,""size"":0.13503675,""num_orders"":1},{""price"":59274.01,""size"":0.01596716,""num_orders"":1},{""price"":59274.0,""size"":0.0214,""num_orders"":1},{""price"":59273.96,""size"":0.28406054,""num_orders"":1},{""price"":59273.69,""size"":0.00024257,""num_orders"":1},{""price"":59273.33,""size"":0.06751838,""num_orders"":1},{""price"":59273.32,""size"":0.03238505,""num_orders"":1}]","[{""price"":59275.16,""size"":0.01652822,""num_orders"":4},{""price"":59275.17,""size"":1.5e-07,""num_orders"":1},{""price"":59275.18,""size"":1.5e-07,""num_orders"":1},{""price"":59276.0,""size"":0.00116026,""num_orders"":2},{""price"":59277.36,""size"":1.9e-05,""num_orders"":1},{""price"":59279.76,""size"":0.01692282,""num_orders"":1},{""price"":59279.98,""size"":0.13503675,""num_orders"":1},{""price"":59279.99,""size"":0.06751838,""num_orders"":1},{""price"":59280.0,""size"":0.0198,""num_orders"":1},{""price"":59280.18,""size"":0.0097,""num_orders"":1}]"
btc_usd_d10_20260630T095231Z,38,2026-06-30T10:30:31.355828Z,2026-06-30T10:30:31.355956Z,BTC-USD,10,ok,,131712840899,2026-06-30T10:30:28.603877556Z,0.85406442,0.40744379,0.354037037936,59266.379999999997,59266.389999999999,59266.384999999995,0.010000000002,0.001687297108,"[{""price"":59266.38,""size"":0.36145395,""num_orders"":10},{""price"":59266.37,""size"":1e-07,""num_orders"":1},{""price"":59266.36,""size"":2.1e-07,""num_orders"":1},{""price"":59266.0,""size"":0.0204,""num_orders"":1},{""price"":59265.23,""size"":0.13498638,""num_orders"":1},{""price"":59264.0,""size"":0.0204,""num_orders"":1},{""price"":59263.97,""size"":0.002501,""num_orders"":1},{""price"":59263.22,""size"":0.01596635,""num_orders"":1},{""price"":59263.21,""size"":0.12961765,""num_orders"":1},{""price"":59263.19,""size"":0.16873878,""num_orders"":1}]","[{""price"":59266.39,""size"":0.01125432,""num_orders"":3},{""price"":59266.4,""size"":2.7e-07,""num_orders"":1},{""price"":59266.41,""size"":0.00842231,""num_orders"":2},{""price"":59267.63,""size"":0.01596635,""num_orders"":1},{""price"":59267.64,""size"":0.01133784,""num_orders"":1},{""price"":59269.45,""size"":0.13503675,""num_orders"":1},{""price"":59269.52,""size"":0.13497663,""num_orders"":1},{""price"":59269.93,""size"":0.06751838,""num_orders"":1},{""price"":59270.0,""size"":0.0204,""num_orders"":1},{""price"":59270.84,""size"":0.00253094,""num_orders"":1}]"
btc_usd_d10_20260630T095231Z,39,2026-06-30T10:31:31.355828Z,2026-06-30T10:31:31.355954Z,BTC-USD,10,ok,,131712874640,2026-06-30T10:31:28.661417993Z,0.69100222,0.61583858,0.057515529053,59244.419999999998,59244.43,59244.425000000003,0.010000000002,0.001687922535,"[{""price"":59244.42,""size"":0.3342936,""num_orders"":9},{""price"":59244.41,""size"":9e-08,""num_orders"":1},{""price"":59244.4,""size"":1e-07,""num_orders"":1},{""price"":59244.0,""size"":0.0214,""num_orders"":1},{""price"":59242.88,""size"":0.1350373,""num_orders"":1},{""price"":59242.0,""size"":0.0214,""num_orders"":1},{""price"":59241.24,""size"":0.07993375,""num_orders"":1},{""price"":59241.22,""size"":0.06751838,""num_orders"":1},{""price"":59240.76,""size"":1.9e-05,""num_orders"":1},{""price"":59240.0,""size"":0.0314,""num_orders"":2}]","[{""price"":59244.43,""size"":0.07548603,""num_orders"":12},{""price"":59244.44,""size"":3.9e-07,""num_orders"":1},{""price"":59244.46,""size"":4e-07,""num_orders"":1},{""price"":59247.99,""size"":0.01597487,""num_orders"":1},{""price"":59248.0,""size"":0.0214,""num_orders"":1},{""price"":59248.09,""size"":0.01456179,""num_orders"":1},{""price"":59248.61,""size"":0.21582222,""num_orders"":1},{""price"":59248.62,""size"":0.13502425,""num_orders"":1},{""price"":59248.88,""size"":0.00253188,""num_orders"":1},{""price"":59249.06,""size"":0.13503675,""num_orders"":1}]"
btc_usd_d10_20260630T095231Z,40,2026-06-30T10:32:31.355828Z,2026-06-30T10:32:31.355942Z,BTC-USD,10,ok,,131712903539,2026-06-30T10:32:30.603490337Z,0.42776375,0.53321407,-0.109732314113,59251.870000000003,59251.879999999997,59251.875,0.009999999995,0.001687710304,"[{""price"":59251.87,""size"":0.20093633,""num_orders"":7},{""price"":59251.86,""size"":3.9e-07,""num_orders"":3},{""price"":59251.85,""size"":3e-07,""num_orders"":2},{""price"":59251.74,""size"":1.9e-05,""num_orders"":1},{""price"":59251.35,""size"":0.00218145,""num_orders"":1},{""price"":59250.8,""size"":0.06749585,""num_orders"":1},{""price"":59250.69,""size"":0.00168751,""num_orders"":1},{""price"":59248.75,""size"":0.13502392,""num_orders"":1},{""price"":59248.08,""size"":1.9e-05,""num_orders"":1},{""price"":59248.0,""size"":0.0204,""num_orders"":1}]","[{""price"":59251.88,""size"":0.06297019,""num_orders"":4},{""price"":59251.89,""size"":0.05223868,""num_orders"":3},{""price"":59251.9,""size"":0.05223815,""num_orders"":1},{""price"":59251.91,""size"":0.05223815,""num_orders"":1},{""price"":59251.92,""size"":0.05223815,""num_orders"":1},{""price"":59251.93,""size"":0.05223815,""num_orders"":1},{""price"":59251.94,""size"":0.05223815,""num_orders"":1},{""price"":59251.95,""size"":0.05223815,""num_orders"":1},{""price"":59251.96,""size"":0.05223815,""num_orders"":1},{""price"":59251.97,""size"":0.05233815,""num_orders"":1}]"
btc_usd_d10_20260630T095231Z,41,2026-06-30T10:33:31.355828Z,2026-06-30T10:33:31.355957Z,BTC-USD,10,ok,,131712937477,2026-06-30T10:33:29.095453464Z,0.50838175,1.07389596,-0.357405154876,59275.190000000002,59275.199999999997,59275.195,0.009999999995,0.001687046326,"[{""price"":59275.19,""size"":0.067574,""num_orders"":2},{""price"":59275.16,""size"":0.03,""num_orders"":1},{""price"":59272.79,""size"":0.01597142,""num_orders"":1},{""price"":59272.78,""size"":0.00140668,""num_orders"":1},{""price"":59272.0,""size"":0.0214,""num_orders"":1},{""price"":59270.0,""size"":0.0214,""num_orders"":1},{""price"":59269.87,""size"":0.13497581,""num_orders"":1},{""price"":59269.74,""size"":1.5e-07,""num_orders"":1},{""price"":59268.73,""size"":0.08061694,""num_orders"":1},{""price"":59268.72,""size"":0.13503675,""num_orders"":1}]","[{""price"":59275.2,""size"":0.15565937,""num_orders"":5},{""price"":59275.98,""size"":0.14927011,""num_orders"":1},{""price"":59276.0,""size"":0.0214,""num_orders"":1},{""price"":59276.41,""size"":0.09106642,""num_orders"":2},{""price"":59276.78,""size"":0.13503675,""num_orders"":1},{""price"":59277.36,""size"":0.00446857,""num_orders"":3},{""price"":59278.0,""size"":0.0214,""num_orders"":1},{""price"":59278.04,""size"":0.01686965,""num_orders"":1},{""price"":59278.45,""size"":0.28002955,""num_orders"":1},{""price"":59278.46,""size"":0.19869554,""num_orders"":2}]"
btc_usd_d10_20260630T095231Z,42,2026-06-30T10:34:31.355828Z,2026-06-30T10:34:31.355954Z,BTC-USD,10,ok,,131712980131,2026-06-30T10:34:29.547654922Z,0.52898274,1.09356227,-0.347959240896,59260.699999999997,59260.709999999999,59260.705000000002,0.010000000002,0.001687458832,"[{""price"":59260.7,""size"":0.12758926,""num_orders"":6},{""price"":59260.68,""size"":1.6e-07,""num_orders"":1},{""price"":59258.06,""size"":0.05064273,""num_orders"":1},{""price"":59258.0,""size"":0.0204,""num_orders"":1},{""price"":59256.27,""size"":0.01597142,""num_orders"":1},{""price"":59256.26,""size"":0.00253111,""num_orders"":1},{""price"":59256.0,""size"":0.0204,""num_orders"":1},{""price"":59254.89,""size"":0.13503675,""num_orders"":1},{""price"":59254.29,""size"":0.13501131,""num_orders"":1},{""price"":59254.0,""size"":0.0214,""num_orders"":1}]","[{""price"":59260.71,""size"":0.33990831,""num_orders"":9},{""price"":59260.72,""size"":2.3e-07,""num_orders"":1},{""price"":59260.73,""size"":2.4e-07,""num_orders"":1},{""price"":59262.0,""size"":0.0204,""num_orders"":1},{""price"":59262.34,""size"":0.01597142,""num_orders"":1},{""price"":59262.35,""size"":0.13503675,""num_orders"":1},{""price"":59262.37,""size"":0.10112561,""num_orders"":1},{""price"":59263.14,""size"":0.29198078,""num_orders"":1},{""price"":59263.15,""size"":0.16873893,""num_orders"":1},{""price"":59264.0,""size"":0.0204,""num_orders"":1}]"
btc_usd_d10_20260630T095231Z,43,2026-06-30T10:35:31.355828Z,2026-06-30T10:35:31.355945Z,BTC-USD,10,ok,,131713011849,2026-06-30T10:35:30.165549293Z,0.78494996,0.86406857,-0.047979212217,59245.029999999999,59245.040000000001,59245.035000000003,0.010000000002,0.001687905156,"[{""price"":59245.03,""size"":0.14793863,""num_orders"":6},{""price"":59245.02,""size"":1.2e-07,""num_orders"":1},{""price"":59245.01,""size"":1.2e-07,""num_orders"":1},{""price"":59242.05,""size"":0.01597629,""num_orders"":1},{""price"":59242.04,""size"":0.16874589,""num_orders"":1},{""price"":59242.0,""size"":0.0204,""num_orders"":1},{""price"":59241.14,""size"":0.18210029,""num_orders"":1},{""price"":59240.08,""size"":0.05064273,""num_orders"":1},{""price"":59240.0,""size"":0.0304,""num_orders"":2},{""price"":59239.26,""size"":0.16874589,""num_orders"":1}]","[{""price"":59245.04,""size"":0.20612338,""num_orders"":9},{""price"":59245.05,""size"":3e-07,""num_orders"":1},{""price"":59245.06,""size"":0.03000031,""num_orders"":2},{""price"":59247.62,""size"":0.05064273,""num_orders"":1},{""price"":59247.63,""size"":0.16874589,""num_orders"":1},{""price"":59247.64,""size"":0.14114467,""num_orders"":4},{""price"":59248.0,""size"":0.0204,""num_orders"":1},{""price"":59248.31,""size"":0.07573355,""num_orders"":1},{""price"":59249.49,""size"":0.00253185,""num_orders"":1},{""price"":59249.72,""size"":0.16874589,""num_orders"":1}]"
btc_usd_d10_20260630T095231Z,44,2026-06-30T10:36:31.355828Z,2026-06-30T10:36:31.355958Z,BTC-USD,10,ok,,131713048929,2026-06-30T10:36:31.004007566Z,1.31327588,0.81358676,0.234941886045,59202.019999999997,59202.029999999999,59202.024999999994,0.010000000002,0.001689131411,"[{""price"":59202.02,""size"":0.40506211,""num_orders"":13},{""price"":59202.0,""size"":2e-07,""num_orders"":1},{""price"":59200.69,""size"":0.16874589,""num_orders"":1},{""price"":59200.68,""size"":0.13513356,""num_orders"":1},{""price"":59200.01,""size"":0.01598221,""num_orders"":1},{""price"":59200.0,""size"":0.0193,""num_orders"":1},{""price"":59198.99,""size"":0.23983159,""num_orders"":1},{""price"":59198.98,""size"":0.13513745,""num_orders"":1},{""price"":59198.89,""size"":0.02533698,""num_orders"":1},{""price"":59198.54,""size"":0.16874589,""num_orders"":1}]","[{""price"":59202.03,""size"":0.03856967,""num_orders"":7},{""price"":59202.04,""size"":1.8e-07,""num_orders"":1},{""price"":59202.05,""size"":2e-07,""num_orders"":1},{""price"":59203.7,""size"":0.03856967,""num_orders"":1},{""price"":59205.99,""size"":0.01598221,""num_orders"":1},{""price"":59206.0,""size"":0.0193,""num_orders"":1},{""price"":59206.05,""size"":0.00253371,""num_orders"":1},{""price"":59206.25,""size"":0.34409097,""num_orders"":1},{""price"":59206.26,""size"":0.21941984,""num_orders"":2},{""price"":59206.5,""size"":0.13512031,""num_orders"":1}]"
btc_usd_d10_20260630T095231Z,45,2026-06-30T10:37:31.355828Z,2026-06-30T10:37:31.355954Z,BTC-USD,10,ok,,131713090659,2026-06-30T10:37:29.546557143Z,0.43204891,1.18357423,-0.465161275172,59209.980000000003,59209.989999999998,59209.985000000001,0.009999999995,0.001688904328,"[{""price"":59209.98,""size"":0.18940653,""num_orders"":6},{""price"":59209.97,""size"":2.7e-07,""num_orders"":2},{""price"":59209.96,""size"":0.03000015,""num_orders"":2},{""price"":59209.46,""size"":0.00250075,""num_orders"":1},{""price"":59208.57,""size"":0.00250075,""num_orders"":1},{""price"":59208.34,""size"":1.4e-07,""num_orders"":1},{""price"":59206.01,""size"":0.05068256,""num_orders"":1},{""price"":59206.0,""size"":0.0193,""num_orders"":1},{""price"":59205.54,""size"":0.00253335,""num_orders"":1},{""price"":59204.69,""size"":0.13512441,""num_orders"":1}]","[{""price"":59209.99,""size"":0.2410072,""num_orders"":8},{""price"":59210.0,""size"":0.02472563,""num_orders"":3},{""price"":59210.42,""size"":0.13512915,""num_orders"":1},{""price"":59210.43,""size"":0.13511134,""num_orders"":1},{""price"":59211.0,""size"":0.00344453,""num_orders"":1},{""price"":59212.0,""size"":0.0193,""num_orders"":1},{""price"":59212.37,""size"":0.32074702,""num_orders"":3},{""price"":59212.38,""size"":0.13512915,""num_orders"":1},{""price"":59212.52,""size"":0.16888321,""num_orders"":1},{""price"":59213.15,""size"":9.7e-05,""num_orders"":1}]"
btc_usd_d10_20260630T095231Z,46,2026-06-30T10:38:31.355828Z,2026-06-30T10:38:31.355957Z,BTC-USD,10,ok,,131713125360,2026-06-30T10:38:29.341510916Z,0.69801384,0.70426224,-0.004455898585,59211.980000000003,59211.989999999998,59211.985000000001,0.009999999995,0.001688847282,"[{""price"":59211.98,""size"":0.20898909,""num_orders"":4},{""price"":59211.97,""size"":1.7e-07,""num_orders"":1},{""price"":59210.99,""size"":1.3e-07,""num_orders"":1},{""price"":59210.98,""size"":1.4e-07,""num_orders"":1},{""price"":59208.45,""size"":0.02,""num_orders"":1},{""price"":59208.44,""size"":0.23650034,""num_orders"":1},{""price"":59208.42,""size"":0.05068256,""num_orders"":1},{""price"":59208.23,""size"":0.02532407,""num_orders"":1},{""price"":59208.0,""size"":0.0214,""num_orders"":1},{""price"":59207.79,""size"":0.13511734,""num_orders"":1}]","[{""price"":59211.99,""size"":0.07552437,""num_orders"":3},{""price"":59212.0,""size"":0.0214,""num_orders"":1},{""price"":59212.88,""size"":0.13510576,""num_orders"":1},{""price"":59213.03,""size"":0.07464852,""num_orders"":1},{""price"":59213.18,""size"":9.7e-05,""num_orders"":1},{""price"":59213.99,""size"":0.05068256,""num_orders"":1},{""price"":59214.0,""size"":0.0214,""num_orders"":1},{""price"":59214.74,""size"":0.13512915,""num_orders"":1},{""price"":59215.44,""size"":0.16887488,""num_orders"":1},{""price"":59216.0,""size"":0.0214,""num_orders"":1}]"
btc_usd_d10_20260630T095231Z,47,2026-06-30T10:39:31.355828Z,2026-06-30T10:39:31.355949Z,BTC-USD,10,ok,,131713169504,2026-06-30T10:39:30.123639789Z,0.48512174,1.29959298,-0.456359344646,59227.959999999999,59227.970000000001,59227.964999999997,0.010000000002,0.001688391624,"[{""price"":59227.96,""size"":0.2413579,""num_orders"":7},{""price"":59227.95,""size"":1.9e-07,""num_orders"":1},{""price"":59227.94,""size"":0.0300002,""num_orders"":2},{""price"":59226.39,""size"":0.02411423,""num_orders"":1},{""price"":59224.13,""size"":0.00148728,""num_orders"":1},{""price"":59223.52,""size"":0.10133752,""num_orders"":1},{""price"":59223.51,""size"":0.00253258,""num_orders"":1},{""price"":59223.14,""size"":0.01598675,""num_orders"":1},{""price"":59223.13,""size"":0.00075544,""num_orders"":1},{""price"":59222.02,""size"":0.06754965,""num_orders"":1}]","[{""price"":59227.97,""size"":0.55603585,""num_orders"":14},{""price"":59227.98,""size"":0.02555187,""num_orders"":2},{""price"":59227.99,""size"":0.02140016,""num_orders"":2},{""price"":59228.0,""size"":0.0214,""num_orders"":1},{""price"":59229.84,""size"":0.29470568,""num_orders"":2},{""price"":59229.85,""size"":0.10133752,""num_orders"":1},{""price"":59230.0,""size"":0.0214,""num_orders"":1},{""price"":59230.63,""size"":0.16883157,""num_orders"":1},{""price"":59232.0,""size"":0.0214,""num_orders"":1},{""price"":59232.38,""size"":0.06753033,""num_orders"":1}]"
btc_usd_d10_20260630T095231Z,48,2026-06-30T10:40:31.355828Z,2026-06-30T10:40:31.355956Z,BTC-USD,10,ok,,131713206349,2026-06-30T10:40:29.129531017Z,0.61611103,0.50920609,0.094999834358,59227.959999999999,59227.970000000001,59227.964999999997,0.010000000002,0.001688391624,"[{""price"":59227.96,""size"":0.27836892,""num_orders"":7},{""price"":59227.95,""size"":4.4e-07,""num_orders"":2},{""price"":59227.94,""size"":0.03000023,""num_orders"":2},{""price"":59226.63,""size"":0.01598675,""num_orders"":1},{""price"":59226.62,""size"":9.862e-05,""num_orders"":1},{""price"":59225.08,""size"":0.00133572,""num_orders"":1},{""price"":59223.51,""size"":0.00253258,""num_orders"":1},{""price"":59223.45,""size"":0.12028953,""num_orders"":2},{""price"":59223.33,""size"":0.03241497,""num_orders"":1},{""price"":59222.72,""size"":0.13508327,""num_orders"":1}]","[{""price"":59227.97,""size"":0.02506855,""num_orders"":6},{""price"":59227.98,""size"":1.4e-07,""num_orders"":1},{""price"":59227.99,""size"":1.4e-07,""num_orders"":1},{""price"":59228.03,""size"":0.13507118,""num_orders"":1},{""price"":59228.75,""size"":0.06754965,""num_orders"":1},{""price"":59228.78,""size"":0.0751067,""num_orders"":1},{""price"":59230.0,""size"":0.0214,""num_orders"":1},{""price"":59230.4,""size"":0.000194,""num_orders"":1},{""price"":59231.54,""size"":0.16882898,""num_orders"":1},{""price"":59231.99,""size"":0.01598675,""num_orders"":1}]"
btc_usd_d10_20260630T095231Z,49,2026-06-30T10:41:31.355828Z,2026-06-30T10:41:31.355962Z,BTC-USD,10,ok,,131713239477,2026-06-30T10:41:29.000000703Z,0.34354686,0.98869499,-0.484257516756,59221.029999999999,59221.040000000001,59221.035000000003,0.010000000002,0.001688589198,"[{""price"":59221.03,""size"":0.09389591,""num_orders"":7},{""price"":59221.02,""size"":1.8e-07,""num_orders"":1},{""price"":59221.01,""size"":1.9e-07,""num_orders"":1},{""price"":59219.73,""size"":0.00168833,""num_orders"":1},{""price"":59218.84,""size"":0.00168833,""num_orders"":1},{""price"":59218.0,""size"":0.0214,""num_orders"":1},{""price"":59216.67,""size"":0.01598675,""num_orders"":1},{""price"":59216.66,""size"":0.04,""num_orders"":1},{""price"":59216.64,""size"":0.10133752,""num_orders"":1},{""price"":59216.62,""size"":0.06754965,""num_orders"":1}]","[{""price"":59221.04,""size"":0.27444856,""num_orders"":6},{""price"":59221.05,""size"":0.10133773,""num_orders"":2},{""price"":59221.06,""size"":0.03000022,""num_orders"":2},{""price"":59221.56,""size"":0.00084429,""num_orders"":1},{""price"":59222.0,""size"":0.0214,""num_orders"":1},{""price"":59222.39,""size"":0.06754965,""num_orders"":1},{""price"":59223.09,""size"":0.21616178,""num_orders"":1},{""price"":59223.1,""size"":0.03378642,""num_orders"":1},{""price"":59223.11,""size"":0.23641992,""num_orders"":2},{""price"":59223.25,""size"":0.00674642,""num_orders"":1}]"
btc_usd_d10_20260630T095231Z,50,2026-06-30T10:42:31.355828Z,2026-06-30T10:42:31.355958Z,BTC-USD,10,ok,,131713264485,2026-06-30T10:42:29.180977254Z,1.42789345,1.58826648,-0.053171262042,59224.669999999998,59224.68,59224.675000000003,0.010000000002,0.001688485416,"[{""price"":59224.67,""size"":0.26070941,""num_orders"":6},{""price"":59224.66,""size"":1.2e-07,""num_orders"":1},{""price"":59224.65,""size"":1.3e-07,""num_orders"":1},{""price"":59224.0,""size"":0.0204,""num_orders"":1},{""price"":59223.1,""size"":0.47099535,""num_orders"":2},{""price"":59223.09,""size"":0.33766952,""num_orders"":1},{""price"":59223.06,""size"":0.33766952,""num_orders"":1},{""price"":59222.0,""size"":0.00033365,""num_orders"":1},{""price"":59221.26,""size"":1.9e-05,""num_orders"":1},{""price"":59221.03,""size"":9.675e-05,""num_orders"":1}]","[{""price"":59224.68,""size"":1.1024921,""num_orders"":1},{""price"":59225.3,""size"":0.0031831,""num_orders"":1},{""price"":59227.71,""size"":0.10133752,""num_orders"":1},{""price"":59227.72,""size"":0.16883987,""num_orders"":1},{""price"":59228.0,""size"":0.0204,""num_orders"":1},{""price"":59228.82,""size"":0.06754965,""num_orders"":1},{""price"":59229.12,""size"":0.00253272,""num_orders"":1},{""price"":59229.93,""size"":0.10133752,""num_orders"":1},{""price"":59230.0,""size"":0.0204,""num_orders"":1},{""price"":59230.82,""size"":0.000194,""num_orders"":1}]"
btc_usd_d10_20260630T095231Z,51,2026-06-30T10:43:31.355828Z,2026-06-30T10:43:31.355956Z,BTC-USD,10,ok,,131713303627,2026-06-30T10:43:30.092793259Z,0.66798946,0.44837772,0.196719989565,59226.379999999997,59226.389999999999,59226.384999999995,0.010000000002,0.001688436666,"[{""price"":59226.38,""size"":0.45228212,""num_orders"":11},{""price"":59226.37,""size"":1.4e-07,""num_orders"":1},{""price"":59226.36,""size"":1.5e-07,""num_orders"":1},{""price"":59226.0,""size"":0.0204,""num_orders"":1},{""price"":59225.06,""size"":0.07301084,""num_orders"":1},{""price"":59225.05,""size"":0.06754965,""num_orders"":1},{""price"":59225.04,""size"":0.03434631,""num_orders"":4},{""price"":59224.66,""size"":1.2e-07,""num_orders"":1},{""price"":59224.65,""size"":1.3e-07,""num_orders"":1},{""price"":59224.0,""size"":0.0204,""num_orders"":1}]","[{""price"":59226.39,""size"":0.00551638,""num_orders"":2},{""price"":59226.4,""size"":1.9e-07,""num_orders"":1},{""price"":59226.41,""size"":2e-07,""num_orders"":1},{""price"":59226.7,""size"":0.00084421,""num_orders"":1},{""price"":59227.08,""size"":0.00039584,""num_orders"":1},{""price"":59228.6,""size"":0.10133752,""num_orders"":1},{""price"":59228.61,""size"":0.13506987,""num_orders"":1},{""price"":59230.0,""size"":0.0204,""num_orders"":1},{""price"":59230.4,""size"":0.01598131,""num_orders"":1},{""price"":59230.41,""size"":0.1688322,""num_orders"":1}]"
btc_usd_d10_20260630T095231Z,52,2026-06-30T10:44:31.355828Z,2026-06-30T10:44:31.355961Z,BTC-USD,10,ok,,131713342314,2026-06-30T10:44:30.684137458Z,0.72212924,0.57081746,0.117028629254,59236.379999999997,59236.389999999999,59236.384999999995,0.010000000002,0.001688151632,"[{""price"":59236.38,""size"":0.49854782,""num_orders"":15},{""price"":59236.37,""size"":1.7e-07,""num_orders"":1},{""price"":59236.36,""size"":1.7e-07,""num_orders"":1},{""price"":59236.0,""size"":0.0214,""num_orders"":1},{""price"":59234.98,""size"":1.6e-07,""num_orders"":1},{""price"":59234.78,""size"":0.00235577,""num_orders"":1},{""price"":59234.01,""size"":0.07473186,""num_orders"":1},{""price"":59234.0,""size"":0.0214,""num_orders"":1},{""price"":59233.67,""size"":0.10133752,""num_orders"":1},{""price"":59233.39,""size"":0.00235577,""num_orders"":1}]","[{""price"":59236.39,""size"":0.00886184,""num_orders"":4},{""price"":59236.4,""size"":0.13505231,""num_orders"":2},{""price"":59236.41,""size"":2.1e-07,""num_orders"":1},{""price"":59236.46,""size"":0.06751726,""num_orders"":1},{""price"":59237.27,""size"":0.13505012,""num_orders"":1},{""price"":59238.69,""size"":0.0012093,""num_orders"":1},{""price"":59239.95,""size"":0.10133752,""num_orders"":1},{""price"":59240.0,""size"":0.0214,""num_orders"":1},{""price"":59240.71,""size"":0.01598131,""num_orders"":1},{""price"":59240.72,""size"":0.08440759,""num_orders"":1}]"
btc_usd_d10_20260630T095231Z,53,2026-06-30T10:45:31.355828Z,2026-06-30T10:45:31.355969Z,BTC-USD,10,ok,,131713368981,2026-06-30T10:45:29.186835224Z,0.12374863,0.70251462,-0.700461977463,59220.209999999999,59220.220000000001,59220.214999999997,0.010000000002,0.00168861258,"[{""price"":59220.21,""size"":0.08128555,""num_orders"":3},{""price"":59220.2,""size"":1.4e-07,""num_orders"":1},{""price"":59220.19,""size"":1.5e-07,""num_orders"":1},{""price"":59219.67,""size"":0.00168858,""num_orders"":1},{""price"":59218.01,""size"":0.01597742,""num_orders"":1},{""price"":59218.0,""size"":0.0214,""num_orders"":1},{""price"":59217.48,""size"":1.9e-05,""num_orders"":1},{""price"":59216.61,""size"":0.00168858,""num_orders"":1},{""price"":59216.6,""size"":1.07e-06,""num_orders"":1},{""price"":59216.33,""size"":0.00168814,""num_orders"":1}]","[{""price"":59220.22,""size"":0.15121143,""num_orders"":8},{""price"":59220.23,""size"":2.9e-07,""num_orders"":1},{""price"":59220.24,""size"":3.1e-07,""num_orders"":1},{""price"":59221.25,""size"":0.20493629,""num_orders"":1},{""price"":59221.29,""size"":0.0387815,""num_orders"":15},{""price"":59222.54,""size"":0.01597742,""num_orders"":1},{""price"":59222.55,""size"":0.13508368,""num_orders"":1},{""price"":59222.66,""size"":0.06753877,""num_orders"":1},{""price"":59222.72,""size"":0.00148635,""num_orders"":1},{""price"":59223.71,""size"":0.08749858,""num_orders"":2}]"
btc_usd_d10_20260630T095231Z,54,2026-06-30T10:46:31.355828Z,2026-06-30T10:46:31.355957Z,BTC-USD,10,ok,,131713398693,2026-06-30T10:46:30.684004667Z,0.72100382,0.42560475,0.257628520952,59224.010000000002,59224.019999999997,59224.014999999999,0.009999999995,0.001688504232,"[{""price"":59224.01,""size"":0.48832416,""num_orders"":15},{""price"":59224.0,""size"":2e-07,""num_orders"":1},{""price"":59223.99,""size"":2.2e-07,""num_orders"":1},{""price"":59223.2,""size"":0.00168858,""num_orders"":1},{""price"":59222.0,""size"":0.0214,""num_orders"":1},{""price"":59221.25,""size"":2.3e-07,""num_orders"":1},{""price"":59220.98,""size"":0.00084425,""num_orders"":1},{""price"":59220.47,""size"":0.10836117,""num_orders"":1},{""price"":59220.46,""size"":0.08440759,""num_orders"":1},{""price"":59220.01,""size"":0.01597742,""num_orders"":1}]","[{""price"":59224.02,""size"":0.03139603,""num_orders"":8},{""price"":59224.03,""size"":3.3e-07,""num_orders"":2},{""price"":59225.03,""size"":0.01597742,""num_orders"":1},{""price"":59225.04,""size"":1.9e-05,""num_orders"":1},{""price"":59225.1,""size"":0.13507788,""num_orders"":1},{""price"":59226.0,""size"":0.0214,""num_orders"":1},{""price"":59226.19,""size"":0.03139603,""num_orders"":1},{""price"":59226.84,""size"":9.7e-05,""num_orders"":1},{""price"":59227.3,""size"":0.16884106,""num_orders"":1},{""price"":59228.0,""size"":0.0214,""num_orders"":1}]"
btc_usd_d10_20260630T095231Z,55,2026-06-30T10:47:31.355828Z,2026-06-30T10:47:31.355969Z,BTC-USD,10,ok,,131713435692,2026-06-30T10:47:31.046870877Z,0.76243995,0.60194091,0.117635071486,59266.610000000001,59266.620000000003,59266.615000000005,0.010000000002,0.00168729056,"[{""price"":59266.61,""size"":0.29543253,""num_orders"":9},{""price"":59266.6,""size"":0.03000023,""num_orders"":2},{""price"":59266.59,""size"":0.05002777,""num_orders"":2},{""price"":59266.58,""size"":0.03,""num_orders"":1},{""price"":59266.23,""size"":0.00253032,""num_orders"":1},{""price"":59266.0,""size"":0.0214,""num_orders"":1},{""price"":59265.7,""size"":0.03239821,""num_orders"":1},{""price"":59264.74,""size"":0.00104562,""num_orders"":1},{""price"":59264.64,""size"":0.19826775,""num_orders"":2},{""price"":59264.63,""size"":0.10133752,""num_orders"":1}]","[{""price"":59266.62,""size"":0.00110364,""num_orders"":3},{""price"":59266.64,""size"":3.3e-07,""num_orders"":2},{""price"":59269.46,""size"":0.13497677,""num_orders"":1},{""price"":59270.0,""size"":0.0314,""num_orders"":2},{""price"":59270.4,""size"":1.9e-05,""num_orders"":1},{""price"":59270.54,""size"":0.00674057,""num_orders"":1},{""price"":59271.03,""size"":0.10133752,""num_orders"":1},{""price"":59271.04,""size"":0.16871646,""num_orders"":1},{""price"":59271.71,""size"":0.07323903,""num_orders"":1},{""price"":59271.72,""size"":0.08440759,""num_orders"":1}]"
btc_usd_d10_20260630T095231Z,56,2026-06-30T10:48:31.355828Z,2026-06-30T10:48:31.355962Z,BTC-USD,10,ok,,131713476822,2026-06-30T10:48:29.683827393Z,0.40826135,0.36487763,0.056113740378,59265.699999999997,59265.709999999999,59265.705000000002,0.010000000002,0.001687316468,"[{""price"":59265.7,""size"":0.16591864,""num_orders"":5},{""price"":59265.68,""size"":1.9e-07,""num_orders"":1},{""price"":59263.82,""size"":1.5e-07,""num_orders"":1},{""price"":59263.81,""size"":1.6e-07,""num_orders"":1},{""price"":59263.47,""size"":0.00168761,""num_orders"":1},{""price"":59263.04,""size"":0.00168761,""num_orders"":1},{""price"":59261.26,""size"":5.991e-05,""num_orders"":1},{""price"":59261.25,""size"":0.00253097,""num_orders"":1},{""price"":59261.0,""size"":0.10133752,""num_orders"":1},{""price"":59260.99,""size"":0.13503859,""num_orders"":2}]","[{""price"":59265.71,""size"":0.01111764,""num_orders"":4},{""price"":59265.72,""size"":1.7e-07,""num_orders"":1},{""price"":59265.73,""size"":1.9e-07,""num_orders"":1},{""price"":59266.0,""size"":0.0214,""num_orders"":1},{""price"":59266.01,""size"":0.13498464,""num_orders"":1},{""price"":59266.14,""size"":0.00674085,""num_orders"":1},{""price"":59266.62,""size"":1.9e-05,""num_orders"":1},{""price"":59266.84,""size"":0.00049482,""num_orders"":1},{""price"":59268.0,""size"":0.0214,""num_orders"":1},{""price"":59269.69,""size"":0.16872032,""num_orders"":1}]"
btc_usd_d10_20260630T095231Z,57,2026-06-30T10:49:31.355828Z,2026-06-30T10:49:31.355952Z,BTC-USD,10,ok,,131713504566,2026-06-30T10:49:29.030951124Z,0.68093785,0.3790208,0.28483851705,59251.5,59251.510000000002,59251.505000000005,0.010000000002,0.001687720844,"[{""price"":59251.5,""size"":0.18815889,""num_orders"":8},{""price"":59251.49,""size"":1.4e-07,""num_orders"":1},{""price"":59251.48,""size"":2e-07,""num_orders"":1},{""price"":59251.06,""size"":0.03239567,""num_orders"":1},{""price"":59250.03,""size"":0.10133752,""num_orders"":1},{""price"":59250.02,""size"":0.06750023,""num_orders"":1},{""price"":59250.0,""size"":0.0214,""num_orders"":1},{""price"":59249.92,""size"":0.13502126,""num_orders"":1},{""price"":59248.18,""size"":0.10133752,""num_orders"":1},{""price"":59248.02,""size"":0.03378642,""num_orders"":1}]","[{""price"":59251.51,""size"":0.00556615,""num_orders"":3},{""price"":59251.53,""size"":5.3e-07,""num_orders"":2},{""price"":59252.25,""size"":0.00390736,""num_orders"":2},{""price"":59254.28,""size"":0.00692795,""num_orders"":1},{""price"":59254.44,""size"":0.13501098,""num_orders"":1},{""price"":59255.99,""size"":0.01597008,""num_orders"":1},{""price"":59256.0,""size"":0.0214,""num_orders"":1},{""price"":59257.5,""size"":0.10133752,""num_orders"":1},{""price"":59257.51,""size"":0.06750023,""num_orders"":1},{""price"":59258.0,""size"":0.0214,""num_orders"":1}]"
btc_usd_d10_20260630T095231Z,58,2026-06-30T10:50:31.355828Z,2026-06-30T10:50:31.355959Z,BTC-USD,10,ok,,131713543591,2026-06-30T10:50:29.047628198Z,1.19910487,0.28978475,0.610737094131,59200.75,59200.760000000002,59200.755000000005,0.010000000002,0.001689167647,"[{""price"":59200.75,""size"":0.87305995,""num_orders"":17},{""price"":59200.74,""size"":0.0300001,""num_orders"":2},{""price"":59200.73,""size"":1.1e-07,""num_orders"":1},{""price"":59200.72,""size"":0.03,""num_orders"":1},{""price"":59200.03,""size"":0.03378642,""num_orders"":1},{""price"":59200.02,""size"":0.05068401,""num_orders"":1},{""price"":59200.01,""size"":0.15724965,""num_orders"":2},{""price"":59200.0,""size"":0.0214,""num_orders"":1},{""price"":59199.67,""size"":0.00208005,""num_orders"":1},{""price"":59199.15,""size"":0.00084458,""num_orders"":1}]","[{""price"":59200.76,""size"":0.05586504,""num_orders"":7},{""price"":59200.78,""size"":4.8e-07,""num_orders"":2},{""price"":59202.36,""size"":1.9e-05,""num_orders"":1},{""price"":59202.37,""size"":0.00698184,""num_orders"":1},{""price"":59205.0,""size"":0.01,""num_orders"":1},{""price"":59206.0,""size"":0.0214,""num_orders"":1},{""price"":59206.14,""size"":1.9e-05,""num_orders"":1},{""price"":59207.11,""size"":0.0097,""num_orders"":1},{""price"":59208.65,""size"":0.05068401,""num_orders"":1},{""price"":59208.66,""size"":0.13511538,""num_orders"":1}]"
btc_usd_d10_20260630T095231Z,59,2026-06-30T10:51:31.355828Z,2026-06-30T10:51:31.355942Z,BTC-USD,10,ok,,131713583552,2026-06-30T10:51:28.531077129Z,0.80862842,0.39296403,0.345927930889,59220,59220.029999999999,59220.014999999999,0.029999999999,0.005065854846,"[{""price"":59220.0,""size"":0.21069936,""num_orders"":5},{""price"":59219.99,""size"":1.7e-07,""num_orders"":1},{""price"":59219.98,""size"":1.1e-07,""num_orders"":1},{""price"":59219.27,""size"":0.05068401,""num_orders"":1},{""price"":59218.59,""size"":0.10133752,""num_orders"":1},{""price"":59218.57,""size"":0.06509696,""num_orders"":2},{""price"":59218.0,""size"":0.0193,""num_orders"":1},{""price"":59216.67,""size"":0.19262678,""num_orders"":1},{""price"":59216.66,""size"":0.13509709,""num_orders"":1},{""price"":59216.34,""size"":0.03378642,""num_orders"":1}]","[{""price"":59220.03,""size"":1.6e-07,""num_orders"":1},{""price"":59221.26,""size"":1.9e-05,""num_orders"":1},{""price"":59222.57,""size"":0.01598155,""num_orders"":1},{""price"":59222.58,""size"":0.01785954,""num_orders"":7},{""price"":59222.91,""size"":0.0406,""num_orders"":1},{""price"":59223.17,""size"":0.10133752,""num_orders"":1},{""price"":59223.18,""size"":0.13508225,""num_orders"":1},{""price"":59223.96,""size"":0.05068401,""num_orders"":1},{""price"":59224.0,""size"":0.0214,""num_orders"":1},{""price"":59225.0,""size"":0.01,""num_orders"":1}]"
btc_usd_d10_20260630T121541Z,0,2026-06-30T12:15:41.466268Z,2026-06-30T12:15:41.466308Z,BTC-USD,10,ok,,131717593812,2026-06-30T12:15:40.544351656Z,0.30327946,2.02953714,-0.73998859576,58916.040000000001,58916.050000000003,58916.044999999998,0.010000000002,0.001697330498,"[{""price"":58916.04,""size"":0.00451262,""num_orders"":2},{""price"":58915.46,""size"":0.00336518,""num_orders"":2},{""price"":58915.08,""size"":1.9e-05,""num_orders"":1},{""price"":58914.01,""size"":0.03002315,""num_orders"":1},{""price"":58914.0,""size"":0.0171,""num_orders"":1},{""price"":58912.01,""size"":0.01604469,""num_orders"":1},{""price"":58912.0,""size"":0.0171,""num_orders"":1},{""price"":58911.91,""size"":4.534e-05,""num_orders"":1},{""price"":58911.3,""size"":1.9e-05,""num_orders"":1},{""price"":58910.29,""size"":0.21505048,""num_orders"":2}]","[{""price"":58916.05,""size"":0.31202815,""num_orders"":4},{""price"":58916.28,""size"":0.27137142,""num_orders"":1},{""price"":58916.29,""size"":0.99999006,""num_orders"":2},{""price"":58916.76,""size"":0.02601,""num_orders"":1},{""price"":58918.0,""size"":0.0171,""num_orders"":1},{""price"":58918.11,""size"":0.00084863,""num_orders"":1},{""price"":58918.25,""size"":0.00829625,""num_orders"":1},{""price"":58918.87,""size"":0.32231472,""num_orders"":2},{""price"":58918.97,""size"":0.07157768,""num_orders"":2},{""price"":58918.98,""size"":2.3e-07,""num_orders"":1}]"
btc_usd_d10_20260630T121541Z,1,2026-06-30T12:16:41.466268Z,2026-06-30T12:16:41.466441Z,BTC-USD,10,ok,,131717661604,2026-06-30T12:16:40.689188895Z,0.61762028,1.81351023,-0.491906931808,58918.860000000001,58918.870000000003,58918.865000000005,0.010000000002,0.00169724926,"[{""price"":58918.86,""size"":0.13588317,""num_orders"":3},{""price"":58917.59,""size"":0.13578287,""num_orders"":1},{""price"":58915.08,""size"":1.9e-05,""num_orders"":1},{""price"":58914.16,""size"":0.00421039,""num_orders"":1},{""price"":58914.1,""size"":0.05301649,""num_orders"":1},{""price"":58914.0,""size"":0.0171,""num_orders"":1},{""price"":58911.55,""size"":4.359e-05,""num_orders"":1},{""price"":58911.3,""size"":1.9e-05,""num_orders"":1},{""price"":58911.11,""size"":0.27137142,""num_orders"":1},{""price"":58910.49,""size"":0.00017435,""num_orders"":1}]","[{""price"":58918.87,""size"":1.20408976,""num_orders"":5},{""price"":58920.0,""size"":0.0171,""num_orders"":1},{""price"":58920.09,""size"":0.27137142,""num_orders"":1},{""price"":58921.99,""size"":0.01604469,""num_orders"":1},{""price"":58922.0,""size"":0.0171,""num_orders"":1},{""price"":58922.64,""size"":0.04282184,""num_orders"":2},{""price"":58922.65,""size"":2.1e-07,""num_orders"":1},{""price"":58922.66,""size"":2.1e-07,""num_orders"":1},{""price"":58922.67,""size"":2.3e-07,""num_orders"":1},{""price"":58923.06,""size"":0.24498187,""num_orders"":1}]"
btc_usd_d10_20260630T121541Z,2,2026-06-30T12:17:41.466268Z,2026-06-30T12:17:41.466418Z,BTC-USD,10,ok,,131717722305,2026-06-30T12:17:39.046220227Z,0.51497696,1.27269419,-0.423857167466,58956.650000000001,58956.660000000003,58956.654999999999,0.010000000002,0.001696161358,"[{""price"":58956.65,""size"":0.2416235,""num_orders"":5},{""price"":58956.64,""size"":0.03,""num_orders"":1},{""price"":58956.62,""size"":0.03,""num_orders"":1},{""price"":58956.37,""size"":0.02543628,""num_orders"":1},{""price"":58955.34,""size"":0.00129532,""num_orders"":1},{""price"":58954.0,""size"":0.0171,""num_orders"":1},{""price"":58953.93,""size"":0.13569917,""num_orders"":1},{""price"":58952.01,""size"":0.01604469,""num_orders"":1},{""price"":58952.0,""size"":0.0171,""num_orders"":1},{""price"":58949.03,""size"":0.000678,""num_orders"":1}]","[{""price"":58956.66,""size"":0.19385544,""num_orders"":5},{""price"":58957.84,""size"":0.01978738,""num_orders"":1},{""price"":58957.99,""size"":0.01604469,""num_orders"":1},{""price"":58958.0,""size"":0.0171,""num_orders"":1},{""price"":58959.12,""size"":0.27137142,""num_orders"":1},{""price"":58960.0,""size"":0.0271,""num_orders"":2},{""price"":58960.18,""size"":0.04,""num_orders"":1},{""price"":58960.19,""size"":0.39151009,""num_orders"":1},{""price"":58960.2,""size"":0.24498187,""num_orders"":1},{""price"":58960.23,""size"":0.0509433,""num_orders"":1}]"
btc_usd_d10_20260630T121541Z,3,2026-06-30T12:18:41.466268Z,2026-06-30T12:18:41.466403Z,BTC-USD,10,ok,,131717775934,2026-06-30T12:18:38.684919306Z,1.17609983,0.72830771,0.235134607795,58960.43,58960.440000000002,58960.434999999998,0.010000000002,0.001696052616,"[{""price"":58960.43,""size"":0.14570643,""num_orders"":3},{""price"":58960.0,""size"":0.0171,""num_orders"":1},{""price"":58959.91,""size"":0.13737827,""num_orders"":2},{""price"":58958.56,""size"":0.03,""num_orders"":1},{""price"":58958.54,""size"":0.03,""num_orders"":1},{""price"":58958.0,""size"":0.0171,""num_orders"":1},{""price"":58956.7,""size"":0.01604952,""num_orders"":1},{""price"":58956.69,""size"":0.27137142,""num_orders"":1},{""price"":58956.68,""size"":0.16961605,""num_orders"":1},{""price"":58956.66,""size"":0.34177814,""num_orders"":2}]","[{""price"":58960.44,""size"":0.07265715,""num_orders"":2},{""price"":58963.23,""size"":0.27137142,""num_orders"":1},{""price"":58964.0,""size"":0.0171,""num_orders"":1},{""price"":58964.22,""size"":1.9e-05,""num_orders"":1},{""price"":58965.0,""size"":0.01,""num_orders"":1},{""price"":58965.02,""size"":0.27137142,""num_orders"":1},{""price"":58965.74,""size"":0.01604952,""num_orders"":1},{""price"":58965.75,""size"":0.0016959,""num_orders"":1},{""price"":58965.78,""size"":0.0509433,""num_orders"":1},{""price"":58966.0,""size"":0.0171,""num_orders"":1}]"
btc_usd_d10_20260630T121541Z,4,2026-06-30T12:19:41.466268Z,2026-06-30T12:19:41.466411Z,BTC-USD,10,ok,,131717829623,2026-06-30T12:19:39.683197431Z,1.85112705,0.85783058,0.366671098507,58930.190000000002,58930.199999999997,58930.195,0.009999999995,0.001696922943,"[{""price"":58930.19,""size"":0.60109581,""num_orders"":11},{""price"":58930.18,""size"":2.6e-07,""num_orders"":1},{""price"":58930.02,""size"":0.36763339,""num_orders"":1},{""price"":58930.01,""size"":0.13575426,""num_orders"":1},{""price"":58930.0,""size"":0.0171,""num_orders"":1},{""price"":58928.42,""size"":0.27137142,""num_orders"":1},{""price"":58928.0,""size"":0.0171,""num_orders"":1},{""price"":58927.44,""size"":0.16970021,""num_orders"":1},{""price"":58926.42,""size"":0.27137142,""num_orders"":1},{""price"":58926.4,""size"":2.8e-07,""num_orders"":1}]","[{""price"":58930.2,""size"":1.581e-05,""num_orders"":1},{""price"":58933.88,""size"":0.06523815,""num_orders"":1},{""price"":58933.89,""size"":0.06523815,""num_orders"":1},{""price"":58933.9,""size"":0.06513815,""num_orders"":1},{""price"":58933.91,""size"":0.06513815,""num_orders"":1},{""price"":58933.92,""size"":0.06513815,""num_orders"":1},{""price"":58933.93,""size"":0.33650957,""num_orders"":2},{""price"":58933.94,""size"":0.06513815,""num_orders"":1},{""price"":58933.95,""size"":0.06513815,""num_orders"":1},{""price"":58933.96,""size"":0.06513815,""num_orders"":1}]"
btc_usd_d10_20260630T121541Z,5,2026-06-30T12:20:41.466268Z,2026-06-30T12:20:41.466389Z,BTC-USD,10,ok,,131717882686,2026-06-30T12:20:38.525910998Z,1.11025835,2.18822614,-0.326806990686,58882.870000000003,58882.879999999997,58882.875,0.009999999995,0.00169828664,"[{""price"":58882.87,""size"":0.21307856,""num_orders"":6},{""price"":58882.86,""size"":3.1e-07,""num_orders"":2},{""price"":58882.85,""size"":1.7e-07,""num_orders"":1},{""price"":58881.21,""size"":0.04269231,""num_orders"":2},{""price"":58881.06,""size"":1.9e-05,""num_orders"":1},{""price"":58880.75,""size"":0.31942229,""num_orders"":1},{""price"":58880.74,""size"":0.33963513,""num_orders"":1},{""price"":58880.72,""size"":0.0084752,""num_orders"":1},{""price"":58880.54,""size"":0.16983538,""num_orders"":1},{""price"":58880.0,""size"":0.0171,""num_orders"":1}]","[{""price"":58882.88,""size"":0.95155138,""num_orders"":7},{""price"":58882.89,""size"":4.5e-07,""num_orders"":2},{""price"":58883.99,""size"":0.39058433,""num_orders"":2},{""price"":58885.99,""size"":0.02366167,""num_orders"":1},{""price"":58886.0,""size"":0.0171,""num_orders"":1},{""price"":58886.26,""size"":0.20276217,""num_orders"":1},{""price"":58886.27,""size"":0.33963513,""num_orders"":1},{""price"":58887.96,""size"":0.00084914,""num_orders"":1},{""price"":58888.0,""size"":0.0171,""num_orders"":1},{""price"":58888.03,""size"":0.24498187,""num_orders"":1}]"
btc_usd_d10_20260630T121541Z,6,2026-06-30T12:21:41.466268Z,2026-06-30T12:21:41.466407Z,BTC-USD,10,ok,,131717953209,2026-06-30T12:21:39.183945863Z,1.45663185,0.20648219,0.751692084807,58848.639999999999,58848.650000000001,58848.645000000004,0.010000000002,0.00169927447,"[{""price"":58848.64,""size"":0.35549255,""num_orders"":10},{""price"":58848.59,""size"":0.13594208,""num_orders"":1},{""price"":58848.05,""size"":0.04248229,""num_orders"":1},{""price"":58848.04,""size"":0.05098918,""num_orders"":1},{""price"":58848.02,""size"":0.34429391,""num_orders"":1},{""price"":58848.0,""size"":0.0171,""num_orders"":1},{""price"":58847.97,""size"":0.00848,""num_orders"":1},{""price"":58847.72,""size"":0.03,""num_orders"":1},{""price"":58847.7,""size"":0.03,""num_orders"":1},{""price"":58846.87,""size"":0.44185184,""num_orders"":1}]","[{""price"":58848.65,""size"":0.04991435,""num_orders"":4},{""price"":58849.88,""size"":0.01606727,""num_orders"":1},{""price"":58849.89,""size"":0.000194,""num_orders"":1},{""price"":58850.82,""size"":1.9e-05,""num_orders"":1},{""price"":58853.58,""size"":0.05247939,""num_orders"":1},{""price"":58853.63,""size"":0.05098918,""num_orders"":1},{""price"":58854.0,""size"":0.0171,""num_orders"":1},{""price"":58854.6,""size"":1.9e-05,""num_orders"":1},{""price"":58855.0,""size"":0.01,""num_orders"":1},{""price"":58855.25,""size"":0.0097,""num_orders"":1}]"
btc_usd_d10_20260630T121541Z,7,2026-06-30T12:22:41.466268Z,2026-06-30T12:22:41.466412Z,BTC-USD,10,ok,,131718019003,2026-06-30T12:22:40.130308531Z,2.47180875,0.65078941,0.58317441012,58820.690000000002,58820.699999999997,58820.695,0.009999999995,0.001700081918,"[{""price"":58820.69,""size"":0.68998535,""num_orders"":7},{""price"":58820.68,""size"":1.5e-07,""num_orders"":1},{""price"":58820.67,""size"":1.9e-07,""num_orders"":1},{""price"":58820.58,""size"":1.9e-05,""num_orders"":1},{""price"":58820.49,""size"":0.89069187,""num_orders"":1},{""price"":58820.48,""size"":0.44185184,""num_orders"":1},{""price"":58820.46,""size"":0.24498187,""num_orders"":1},{""price"":58820.43,""size"":0.05100255,""num_orders"":1},{""price"":58820.41,""size"":0.1360072,""num_orders"":1},{""price"":58820.0,""size"":0.01726873,""num_orders"":2}]","[{""price"":58820.7,""size"":0.00451232,""num_orders"":1},{""price"":58820.71,""size"":3.4e-07,""num_orders"":2},{""price"":58824.75,""size"":0.00085004,""num_orders"":1},{""price"":58825.12,""size"":0.00255012,""num_orders"":1},{""price"":58826.0,""size"":0.0171,""num_orders"":1},{""price"":58827.47,""size"":0.07685493,""num_orders"":1},{""price"":58827.48,""size"":0.01606727,""num_orders"":1},{""price"":58827.49,""size"":0.44185184,""num_orders"":1},{""price"":58827.64,""size"":0.05100255,""num_orders"":1},{""price"":58829.02,""size"":0.04,""num_orders"":1}]"
btc_usd_d10_20260630T121541Z,8,2026-06-30T12:23:41.466268Z,2026-06-30T12:23:41.466432Z,BTC-USD,10,ok,,131718090063,2026-06-30T12:23:40.343557087Z,1.68302982,2.18443949,-0.129648002301,58810.080000000002,58810.089999999997,58810.084999999999,0.009999999995,0.001700388631,"[{""price"":58810.08,""size"":1.18577818,""num_orders"":4},{""price"":58810.07,""size"":1.6e-07,""num_orders"":1},{""price"":58810.06,""size"":1.8e-07,""num_orders"":1},{""price"":58809.44,""size"":0.00825751,""num_orders"":1},{""price"":58809.36,""size"":0.0002184,""num_orders"":1},{""price"":58809.24,""size"":1.9e-05,""num_orders"":1},{""price"":58808.15,""size"":0.2999,""num_orders"":1},{""price"":58808.0,""size"":0.05280342,""num_orders"":2},{""price"":58807.97,""size"":0.13603597,""num_orders"":1},{""price"":58807.75,""size"":1.7e-05,""num_orders"":1}]","[{""price"":58810.09,""size"":0.32774232,""num_orders"":7},{""price"":58810.1,""size"":3.5e-07,""num_orders"":2},{""price"":58813.19,""size"":0.22329263,""num_orders"":1},{""price"":58813.2,""size"":0.37402451,""num_orders"":1},{""price"":58814.5,""size"":0.00255058,""num_orders"":1},{""price"":58815.0,""size"":0.41898915,""num_orders"":1},{""price"":58815.01,""size"":0.37402451,""num_orders"":1},{""price"":58815.03,""size"":0.24498187,""num_orders"":1},{""price"":58816.19,""size"":0.082818,""num_orders"":1},{""price"":58816.8,""size"":0.13601557,""num_orders"":1}]"
btc_usd_d10_20260630T121541Z,9,2026-06-30T12:24:41.466268Z,2026-06-30T12:24:41.466391Z,BTC-USD,10,ok,,131718168208,2026-06-30T12:24:39.656205010Z,0.3644739,1.85938199,-0.672214461702,58750.019999999997,58750.029999999999,58750.024999999994,0.010000000002,0.001702126936,"[{""price"":58750.02,""size"":0.13882079,""num_orders"":3},{""price"":58749.0,""size"":8.3e-07,""num_orders"":1},{""price"":58747.33,""size"":0.00236969,""num_orders"":1},{""price"":58746.36,""size"":0.01606727,""num_orders"":1},{""price"":58746.35,""size"":0.17022332,""num_orders"":1},{""price"":58746.0,""size"":0.0171,""num_orders"":1},{""price"":58745.28,""size"":0.00021985,""num_orders"":2},{""price"":58744.98,""size"":1.9e-05,""num_orders"":1},{""price"":58744.62,""size"":0.00255315,""num_orders"":1},{""price"":58744.0,""size"":0.0171,""num_orders"":1}]","[{""price"":58750.03,""size"":0.15330393,""num_orders"":6},{""price"":58750.75,""size"":0.01606727,""num_orders"":1},{""price"":58750.76,""size"":0.21278908,""num_orders"":1},{""price"":58750.77,""size"":0.30624232,""num_orders"":1},{""price"":58750.83,""size"":0.01702103,""num_orders"":1},{""price"":58752.0,""size"":0.0171,""num_orders"":1},{""price"":58752.53,""size"":0.50727372,""num_orders"":1},{""price"":58752.54,""size"":0.30624232,""num_orders"":1},{""price"":58754.0,""size"":0.0171,""num_orders"":1},{""price"":58754.33,""size"":0.30624232,""num_orders"":1}]"
btc_usd_d10_20260630T121541Z,10,2026-06-30T12:25:41.466268Z,2026-06-30T12:25:41.466419Z,BTC-USD,10,ok,,131718226478,2026-06-30T12:25:39.103679760Z,0.68088125,1.33854739,-0.325669413107,58738.900000000001,58738.910000000003,58738.904999999999,0.010000000002,0.001702449169,"[{""price"":58738.9,""size"":0.15656805,""num_orders"":8},{""price"":58738.89,""size"":1.8e-07,""num_orders"":1},{""price"":58738.88,""size"":1.9e-07,""num_orders"":1},{""price"":58738.36,""size"":0.01606727,""num_orders"":1},{""price"":58738.35,""size"":0.1361972,""num_orders"":1},{""price"":58738.0,""size"":0.0147,""num_orders"":1},{""price"":58737.75,""size"":2.985e-05,""num_orders"":1},{""price"":58737.74,""size"":0.05107601,""num_orders"":1},{""price"":58737.44,""size"":0.30624232,""num_orders"":1},{""price"":58737.0,""size"":1.8e-07,""num_orders"":1}]","[{""price"":58738.91,""size"":0.00085138,""num_orders"":2},{""price"":58738.92,""size"":1.6e-07,""num_orders"":1},{""price"":58738.93,""size"":1.7e-07,""num_orders"":1},{""price"":58742.0,""size"":0.0155,""num_orders"":1},{""price"":58743.6,""size"":0.04,""num_orders"":1},{""price"":58743.61,""size"":0.30624232,""num_orders"":1},{""price"":58743.62,""size"":0.95982341,""num_orders"":2},{""price"":58743.68,""size"":0.0006298,""num_orders"":1},{""price"":58743.69,""size"":1.5e-07,""num_orders"":1},{""price"":58744.0,""size"":0.0155,""num_orders"":1}]"
btc_usd_d10_20260630T121541Z,11,2026-06-30T12:26:41.466268Z,2026-06-30T12:26:41.466385Z,BTC-USD,10,ok,,131718355728,2026-06-30T12:26:40.685632495Z,0.87269489,0.91261594,-0.022360840101,58676.940000000002,58676.949999999997,58676.945,0.009999999995,0.001704246872,"[{""price"":58676.94,""size"":0.04641895,""num_orders"":2},{""price"":58676.58,""size"":0.13634058,""num_orders"":1},{""price"":58676.0,""size"":0.0102,""num_orders"":1},{""price"":58674.93,""size"":0.00150206,""num_orders"":1},{""price"":58674.58,""size"":0.17043154,""num_orders"":1},{""price"":58674.0,""size"":0.06134546,""num_orders"":2},{""price"":58673.16,""size"":1.9e-05,""num_orders"":1},{""price"":58672.48,""size"":0.0161243,""num_orders"":1},{""price"":58672.47,""size"":0.37484092,""num_orders"":1},{""price"":58672.45,""size"":0.05547208,""num_orders"":1}]","[{""price"":58676.95,""size"":0.07741203,""num_orders"":2},{""price"":58677.99,""size"":0.02339408,""num_orders"":1},{""price"":58678.01,""size"":0.03918606,""num_orders"":1},{""price"":58679.99,""size"":0.0161243,""num_orders"":1},{""price"":58680.0,""size"":0.0102,""num_orders"":1},{""price"":58680.01,""size"":0.2242099,""num_orders"":1},{""price"":58680.02,""size"":0.00072005,""num_orders"":2},{""price"":58680.34,""size"":0.37484092,""num_orders"":1},{""price"":58681.75,""size"":0.1363286,""num_orders"":1},{""price"":58682.0,""size"":0.0102,""num_orders"":1}]"
btc_usd_d10_20260630T121541Z,12,2026-06-30T12:27:41.466268Z,2026-06-30T12:27:41.466394Z,BTC-USD,10,ok,,131718444904,2026-06-30T12:27:40.678277844Z,0.91494685,1.76725346,-0.317763966704,58785.230000000003,58785.239999999998,58785.235000000001,0.009999999995,0.001701107429,"[{""price"":58785.23,""size"":0.05458304,""num_orders"":3},{""price"":58785.22,""size"":3.2e-07,""num_orders"":2},{""price"":58785.21,""size"":1.7e-07,""num_orders"":1},{""price"":58782.14,""size"":0.01612108,""num_orders"":1},{""price"":58782.13,""size"":0.00156299,""num_orders"":1},{""price"":58782.0,""size"":0.0129,""num_orders"":1},{""price"":58781.5,""size"":0.13609723,""num_orders"":1},{""price"":58780.0,""size"":0.0129,""num_orders"":1},{""price"":58779.87,""size"":0.51065573,""num_orders"":1},{""price"":58779.86,""size"":0.17012629,""num_orders"":1}]","[{""price"":58785.24,""size"":0.13829441,""num_orders"":5},{""price"":58785.25,""size"":0.02553833,""num_orders"":2},{""price"":58786.0,""size"":0.0129,""num_orders"":1},{""price"":58787.86,""size"":0.08894256,""num_orders"":1},{""price"":58787.87,""size"":0.13608251,""num_orders"":1},{""price"":58788.0,""size"":0.0129,""num_orders"":1},{""price"":58788.25,""size"":0.68974105,""num_orders"":1},{""price"":58788.26,""size"":0.51065573,""num_orders"":1},{""price"":58789.91,""size"":0.13607779,""num_orders"":1},{""price"":58789.94,""size"":0.01612108,""num_orders"":1}]"
btc_usd_d10_20260630T121541Z,13,2026-06-30T12:28:41.466268Z,2026-06-30T12:28:41.466408Z,BTC-USD,10,ok,,131718534052,2026-06-30T12:28:41.183800145Z,0.32633974,1.17687569,-0.565811082714,58734.730000000003,58734.739999999998,58734.735000000001,0.009999999995,0.001702570037,"[{""price"":58734.73,""size"":0.18722301,""num_orders"":1},{""price"":58733.99,""size"":0.05114546,""num_orders"":1},{""price"":58733.64,""size"":1.9e-05,""num_orders"":1},{""price"":58733.16,""size"":0.0044147,""num_orders"":1},{""price"":58732.13,""size"":9.05e-05,""num_orders"":1},{""price"":58732.07,""size"":0.0088294,""num_orders"":1},{""price"":58732.01,""size"":0.02429659,""num_orders"":1},{""price"":58732.0,""size"":0.0171,""num_orders"":1},{""price"":58730.01,""size"":0.01612108,""num_orders"":1},{""price"":58730.0,""size"":0.0171,""num_orders"":1}]","[{""price"":58734.74,""size"":0.08755856,""num_orders"":3},{""price"":58736.0,""size"":0.0171,""num_orders"":1},{""price"":58737.25,""size"":0.08512485,""num_orders"":1},{""price"":58737.26,""size"":0.35818078,""num_orders"":2},{""price"":58737.27,""size"":0.57859011,""num_orders"":1},{""price"":58737.43,""size"":1.5e-07,""num_orders"":1},{""price"":58737.44,""size"":1.6e-07,""num_orders"":1},{""price"":58738.0,""size"":0.0171,""num_orders"":1},{""price"":58739.99,""size"":0.01612108,""num_orders"":1},{""price"":58740.0,""size"":0.0171,""num_orders"":1}]"
btc_usd_d10_20260630T121541Z,14,2026-06-30T12:29:41.466268Z,2026-06-30T12:29:41.466400Z,BTC-USD,10,ok,,131718613736,2026-06-30T12:29:41.190214601Z,1.69949377,0.57753604,0.49272860859,58751.639999999999,58751.650000000001,58751.645000000004,0.010000000002,0.001702080002,"[{""price"":58751.64,""size"":0.18843638,""num_orders"":8},{""price"":58751.63,""size"":2.3e-07,""num_orders"":1},{""price"":58751.62,""size"":2.5e-07,""num_orders"":1},{""price"":58750.01,""size"":0.0161047,""num_orders"":1},{""price"":58750.0,""size"":0.0162,""num_orders"":1},{""price"":58749.53,""size"":0.59372852,""num_orders"":1},{""price"":58749.52,""size"":0.57859011,""num_orders"":1},{""price"":58749.5,""size"":0.13619937,""num_orders"":1},{""price"":58749.15,""size"":0.17021521,""num_orders"":1},{""price"":58748.76,""size"":1.9e-05,""num_orders"":1}]","[{""price"":58751.65,""size"":0.03379142,""num_orders"":3},{""price"":58751.66,""size"":1.5e-07,""num_orders"":1},{""price"":58751.67,""size"":1.6e-07,""num_orders"":1},{""price"":58754.0,""size"":0.0162,""num_orders"":1},{""price"":58755.97,""size"":0.0161047,""num_orders"":1},{""price"":58755.98,""size"":0.08509772,""num_orders"":1},{""price"":58756.0,""size"":0.0162,""num_orders"":1},{""price"":58756.79,""size"":0.00135363,""num_orders"":1},{""price"":58756.95,""size"":0.0025531,""num_orders"":1},{""price"":58757.38,""size"":0.40623516,""num_orders"":2}]"
btc_usd_d10_20260630T121541Z,15,2026-06-30T12:30:41.466268Z,2026-06-30T12:30:41.466403Z,BTC-USD,10,ok,,131718700677,2026-06-30T12:30:39.546560637Z,0.38908055,1.13502428,-0.489430723738,58720.400000000001,58720.410000000003,58720.404999999999,0.010000000002,0.00170298553,"[{""price"":58720.4,""size"":0.07362189,""num_orders"":5},{""price"":58720.39,""size"":1.6e-07,""num_orders"":1},{""price"":58720.38,""size"":1.7e-07,""num_orders"":1},{""price"":58720.13,""size"":0.12013955,""num_orders"":1},{""price"":58720.09,""size"":0.13623955,""num_orders"":1},{""price"":58720.0,""size"":0.0125,""num_orders"":1},{""price"":58719.82,""size"":0.01703002,""num_orders"":1},{""price"":58719.19,""size"":0.01703021,""num_orders"":1},{""price"":58718.52,""size"":1.9e-05,""num_orders"":1},{""price"":58718.0,""size"":0.0125,""num_orders"":1}]","[{""price"":58720.41,""size"":0.03582772,""num_orders"":5},{""price"":58723.99,""size"":0.02606452,""num_orders"":1},{""price"":58724.0,""size"":0.0125,""num_orders"":1},{""price"":58724.82,""size"":0.00255447,""num_orders"":1},{""price"":58725.99,""size"":0.0161047,""num_orders"":1},{""price"":58726.0,""size"":0.0125,""num_orders"":1},{""price"":58726.91,""size"":0.33143644,""num_orders"":2},{""price"":58726.92,""size"":0.05114546,""num_orders"":1},{""price"":58727.07,""size"":0.51067216,""num_orders"":1},{""price"":58729.05,""size"":0.13621881,""num_orders"":1}]"
btc_usd_d10_20260630T121541Z,16,2026-06-30T12:31:41.466268Z,2026-06-30T12:31:41.466408Z,BTC-USD,10,ok,,131718779577,2026-06-30T12:31:39.098861246Z,0.41839341,0.30449414,0.157561532219,58744.5,58744.82,58744.660000000003,0.32,0.054473036358,"[{""price"":58744.5,""size"":0.13618295,""num_orders"":1},{""price"":58742.85,""size"":1.6e-07,""num_orders"":1},{""price"":58742.84,""size"":1.6e-07,""num_orders"":1},{""price"":58742.55,""size"":0.17023433,""num_orders"":1},{""price"":58742.0,""size"":0.0138,""num_orders"":1},{""price"":58741.93,""size"":1.5e-07,""num_orders"":1},{""price"":58741.92,""size"":1.6e-07,""num_orders"":1},{""price"":58741.2,""size"":1.9e-05,""num_orders"":1},{""price"":58740.73,""size"":0.04701104,""num_orders"":1},{""price"":58740.72,""size"":0.05114546,""num_orders"":1}]","[{""price"":58744.82,""size"":0.0553743,""num_orders"":1},{""price"":58744.83,""size"":0.03253815,""num_orders"":1},{""price"":58744.84,""size"":0.03253815,""num_orders"":1},{""price"":58744.85,""size"":0.03253815,""num_orders"":1},{""price"":58744.86,""size"":0.0161047,""num_orders"":1},{""price"":58744.88,""size"":0.03263815,""num_orders"":1},{""price"":58744.89,""size"":0.03263815,""num_orders"":1},{""price"":58744.9,""size"":0.03263815,""num_orders"":1},{""price"":58744.91,""size"":0.03263815,""num_orders"":1},{""price"":58744.98,""size"":0.00484809,""num_orders"":1}]"
btc_usd_d10_20260630T121541Z,17,2026-06-30T12:32:41.466268Z,2026-06-30T12:32:41.466408Z,BTC-USD,10,ok,,131718870956,2026-06-30T12:32:40.546492132Z,0.53524185,0.47762684,0.056883000303,58727.419999999998,58727.620000000003,58727.520000000004,0.200000000004,0.034055584163,"[{""price"":58727.42,""size"":0.1450413,""num_orders"":2},{""price"":58726.4,""size"":3.2e-07,""num_orders"":2},{""price"":58726.38,""size"":1.6e-07,""num_orders"":1},{""price"":58726.08,""size"":1.9e-05,""num_orders"":1},{""price"":58725.06,""size"":0.01061683,""num_orders"":1},{""price"":58725.05,""size"":0.14443355,""num_orders"":1},{""price"":58725.04,""size"":0.17028509,""num_orders"":1},{""price"":58724.02,""size"":0.05114546,""num_orders"":1},{""price"":58724.01,""size"":1.4e-07,""num_orders"":1},{""price"":58724.0,""size"":0.0137,""num_orders"":1}]","[{""price"":58727.62,""size"":0.03671674,""num_orders"":4},{""price"":58727.63,""size"":0.03113815,""num_orders"":1},{""price"":58727.64,""size"":0.1918049,""num_orders"":2},{""price"":58727.65,""size"":0.03113815,""num_orders"":1},{""price"":58727.66,""size"":0.03113815,""num_orders"":1},{""price"":58727.67,""size"":0.03113815,""num_orders"":1},{""price"":58727.68,""size"":0.03113815,""num_orders"":1},{""price"":58727.69,""size"":0.03113815,""num_orders"":1},{""price"":58727.7,""size"":0.03113815,""num_orders"":1},{""price"":58727.71,""size"":0.03113815,""num_orders"":1}]"
btc_usd_d10_20260630T121541Z,18,2026-06-30T12:33:41.466268Z,2026-06-30T12:33:41.466433Z,BTC-USD,10,ok,,131718950574,2026-06-30T12:33:39.127226460Z,0.93091871,0.80781624,0.07080002044,58707.650000000001,58707.660000000003,58707.654999999999,0.010000000002,0.00170335538,"[{""price"":58707.65,""size"":0.13626844,""num_orders"":1},{""price"":58706.72,""size"":0.01703383,""num_orders"":1},{""price"":58706.62,""size"":0.01703386,""num_orders"":1},{""price"":58706.0,""size"":0.0142,""num_orders"":1},{""price"":58704.09,""size"":0.17034585,""num_orders"":1},{""price"":58704.0,""size"":0.0142,""num_orders"":1},{""price"":58703.4,""size"":1.9e-05,""num_orders"":1},{""price"":58701.98,""size"":1.1e-07,""num_orders"":1},{""price"":58701.61,""size"":0.51067216,""num_orders"":1},{""price"":58700.16,""size"":0.05114546,""num_orders"":1}]","[{""price"":58707.66,""size"":0.03393815,""num_orders"":1},{""price"":58707.67,""size"":0.03393815,""num_orders"":1},{""price"":58707.68,""size"":0.03393815,""num_orders"":1},{""price"":58707.69,""size"":0.03393815,""num_orders"":1},{""price"":58707.7,""size"":0.03393815,""num_orders"":1},{""price"":58707.71,""size"":0.03393815,""num_orders"":1},{""price"":58707.72,""size"":0.03393815,""num_orders"":1},{""price"":58707.73,""size"":0.05702206,""num_orders"":2},{""price"":58710.02,""size"":0.00255497,""num_orders"":1},{""price"":58710.91,""size"":0.51067216,""num_orders"":1}]"
btc_usd_d10_20260630T121541Z,19,2026-06-30T12:34:41.466268Z,2026-06-30T12:34:41.466404Z,BTC-USD,10,ok,,131719040877,2026-06-30T12:34:39.316814421Z,0.40334009,1.05847168,-0.448164123073,58673.970000000001,58676.230000000003,58675.100000000006,2.260000000002,0.385171904266,"[{""price"":58673.97,""size"":4.341e-05,""num_orders"":1},{""price"":58672.9,""size"":8.683e-05,""num_orders"":1},{""price"":58672.44,""size"":0.0085044,""num_orders"":1},{""price"":58671.38,""size"":0.2999,""num_orders"":1},{""price"":58670.75,""size"":0.00017365,""num_orders"":1},{""price"":58668.42,""size"":0.03455363,""num_orders"":1},{""price"":58665.17,""size"":0.0003473,""num_orders"":1},{""price"":58663.22,""size"":0.04319204,""num_orders"":1},{""price"":58663.05,""size"":0.00043413,""num_orders"":1},{""price"":58658.74,""size"":0.0161047,""num_orders"":1}]","[{""price"":58676.23,""size"":0.00637192,""num_orders"":1},{""price"":58677.01,""size"":0.51067216,""num_orders"":1},{""price"":58677.05,""size"":0.09053895,""num_orders"":3},{""price"":58677.06,""size"":0.09016895,""num_orders"":3},{""price"":58677.08,""size"":0.03,""num_orders"":1},{""price"":58678.45,""size"":0.09073895,""num_orders"":3},{""price"":58678.46,""size"":0.09073895,""num_orders"":3},{""price"":58681.4,""size"":0.05114546,""num_orders"":1},{""price"":58681.42,""size"":0.02999939,""num_orders"":1},{""price"":58683.16,""size"":0.06809695,""num_orders"":1}]"
btc_usd_d10_20260630T121541Z,20,2026-06-30T12:35:41.466268Z,2026-06-30T12:35:41.466399Z,BTC-USD,10,ok,,131719112869,2026-06-30T12:35:39.678069032Z,1.32090348,0.7671212,0.265218263608,58734.459999999999,58734.470000000001,58734.464999999997,0.010000000002,0.001702577865,"[{""price"":58734.46,""size"":0.07836626,""num_orders"":6},{""price"":58734.45,""size"":1.8e-07,""num_orders"":1},{""price"":58734.44,""size"":0.16620646,""num_orders"":3},{""price"":58734.0,""size"":0.0121,""num_orders"":1},{""price"":58733.41,""size"":0.00169937,""num_orders"":1},{""price"":58732.86,""size"":0.13620995,""num_orders"":1},{""price"":58732.0,""size"":0.0121,""num_orders"":1},{""price"":58731.19,""size"":0.35240364,""num_orders"":1},{""price"":58731.18,""size"":0.51067216,""num_orders"":1},{""price"":58731.17,""size"":0.05114546,""num_orders"":1}]","[{""price"":58734.47,""size"":0.67018132,""num_orders"":5},{""price"":58734.48,""size"":2.3e-07,""num_orders"":1},{""price"":58734.49,""size"":2.4e-07,""num_orders"":1},{""price"":58734.63,""size"":0.00425643,""num_orders"":1},{""price"":58735.26,""size"":0.00425639,""num_orders"":1},{""price"":58736.97,""size"":0.02032762,""num_orders"":1},{""price"":58737.56,""size"":0.01702488,""num_orders"":1},{""price"":58738.08,""size"":0.01702473,""num_orders"":1},{""price"":58738.2,""size"":0.0170247,""num_orders"":1},{""price"":58738.31,""size"":0.01702466,""num_orders"":1}]"
btc_usd_d10_20260630T121541Z,21,2026-06-30T12:36:41.466268Z,2026-06-30T12:36:41.466405Z,BTC-USD,10,ok,,131719193687,2026-06-30T12:36:39.545812285Z,1.35850136,0.18061876,0.765296083583,58740.110000000001,58740.120000000003,58740.115000000005,0.010000000002,0.0017024141,"[{""price"":58740.11,""size"":0.90810872,""num_orders"":14},{""price"":58740.1,""size"":1.9e-07,""num_orders"":1},{""price"":58740.09,""size"":1.8e-07,""num_orders"":1},{""price"":58740.0,""size"":0.0119,""num_orders"":1},{""price"":58739.73,""size"":0.08385808,""num_orders"":1},{""price"":58739.72,""size"":0.13619403,""num_orders"":1},{""price"":58738.48,""size"":0.00427176,""num_orders"":1},{""price"":58738.0,""size"":0.0119,""num_orders"":1},{""price"":58737.6,""size"":0.13417145,""num_orders"":1},{""price"":58737.59,""size"":0.06809695,""num_orders"":1}]","[{""price"":58740.12,""size"":0.03917464,""num_orders"":5},{""price"":58740.14,""size"":3.9e-07,""num_orders"":2},{""price"":58741.63,""size"":0.00039586,""num_orders"":1},{""price"":58744.53,""size"":0.00255362,""num_orders"":1},{""price"":58746.0,""size"":0.0119,""num_orders"":1},{""price"":58747.9,""size"":0.04613098,""num_orders"":1},{""price"":58747.91,""size"":0.05114546,""num_orders"":1},{""price"":58749.99,""size"":0.01612586,""num_orders"":1},{""price"":58750.0,""size"":0.01,""num_orders"":1},{""price"":58751.98,""size"":0.00319195,""num_orders"":1}]"
btc_usd_d10_20260630T121541Z,22,2026-06-30T12:37:41.466268Z,2026-06-30T12:37:41.466398Z,BTC-USD,10,ok,,131719264538,2026-06-30T12:37:40.630433486Z,0.59021808,1.87371003,-0.520912905206,58725.709999999999,58725.720000000001,58725.714999999997,0.010000000002,0.001702831545,"[{""price"":58725.71,""size"":0.25171815,""num_orders"":6},{""price"":58725.7,""size"":1.7e-07,""num_orders"":1},{""price"":58725.69,""size"":2e-07,""num_orders"":1},{""price"":58725.5,""size"":0.0016996,""num_orders"":1},{""price"":58724.01,""size"":0.00084122,""num_orders"":1},{""price"":58724.0,""size"":9.723e-05,""num_orders"":1},{""price"":58723.35,""size"":0.14467362,""num_orders"":1},{""price"":58723.31,""size"":0.17029012,""num_orders"":1},{""price"":58722.0,""size"":0.0124,""num_orders"":1},{""price"":58721.42,""size"":0.00849777,""num_orders"":1}]","[{""price"":58725.72,""size"":0.0933992,""num_orders"":6},{""price"":58729.56,""size"":0.01610878,""num_orders"":1},{""price"":58729.57,""size"":0.00100525,""num_orders"":1},{""price"":58729.68,""size"":1.8e-07,""num_orders"":1},{""price"":58730.12,""size"":0.00255428,""num_orders"":1},{""price"":58732.16,""size"":0.30487128,""num_orders"":1},{""price"":58732.17,""size"":0.51067216,""num_orders"":1},{""price"":58733.97,""size"":0.38328128,""num_orders"":2},{""price"":58733.98,""size"":0.51067216,""num_orders"":1},{""price"":58733.99,""size"":0.05114546,""num_orders"":1}]"
btc_usd_d10_20260630T121541Z,23,2026-06-30T12:38:41.466268Z,2026-06-30T12:38:41.466409Z,BTC-USD,10,ok,,131719330318,2026-06-30T12:38:40.623847532Z,1.51765728,0.14850723,0.821737614613,58708.120000000003,58708.129999999997,58708.125,0.009999999995,0.001703341743,"[{""price"":58708.12,""size"":0.26609746,""num_orders"":6},{""price"":58707.94,""size"":0.46724834,""num_orders"":1},{""price"":58707.93,""size"":0.54200799,""num_orders"":2},{""price"":58706.52,""size"":0.0340862,""num_orders"":2},{""price"":58706.51,""size"":0.13627107,""num_orders"":1},{""price"":58706.5,""size"":1.5e-07,""num_orders"":1},{""price"":58706.49,""size"":1.7e-07,""num_orders"":1},{""price"":58706.0,""size"":0.0123,""num_orders"":1},{""price"":58705.37,""size"":0.00850044,""num_orders"":1},{""price"":58705.24,""size"":0.05114546,""num_orders"":1}]","[{""price"":58708.13,""size"":0.00144599,""num_orders"":1},{""price"":58709.98,""size"":0.002555,""num_orders"":1},{""price"":58709.99,""size"":0.01610878,""num_orders"":1},{""price"":58712.0,""size"":0.0123,""num_orders"":1},{""price"":58713.0,""size"":0.04,""num_orders"":1},{""price"":58713.02,""size"":0.05114546,""num_orders"":1},{""price"":58713.96,""size"":9.7e-05,""num_orders"":1},{""price"":58714.0,""size"":0.0123,""num_orders"":1},{""price"":58714.39,""size"":0.002555,""num_orders"":1},{""price"":58715.0,""size"":0.01,""num_orders"":1}]"
btc_usd_d10_20260630T121541Z,24,2026-06-30T12:39:41.466268Z,2026-06-30T12:39:41.466413Z,BTC-USD,10,ok,,131719393475,2026-06-30T12:39:41.096830831Z,0.80480828,0.39757498,0.338688431175,58723.809999999998,58723.82,58723.815000000002,0.010000000002,0.00170288664,"[{""price"":58723.81,""size"":0.18573521,""num_orders"":9},{""price"":58723.8,""size"":1.4e-07,""num_orders"":1},{""price"":58723.79,""size"":1.5e-07,""num_orders"":1},{""price"":58723.61,""size"":0.20213286,""num_orders"":1},{""price"":58723.6,""size"":0.13623142,""num_orders"":1},{""price"":58722.44,""size"":0.00169974,""num_orders"":1},{""price"":58722.0,""size"":0.015,""num_orders"":1},{""price"":58721.14,""size"":0.07665917,""num_orders"":1},{""price"":58721.13,""size"":0.05111241,""num_orders"":1},{""price"":58721.12,""size"":0.13623718,""num_orders"":1}]","[{""price"":58723.82,""size"":0.04320275,""num_orders"":4},{""price"":58723.83,""size"":0.11019735,""num_orders"":3},{""price"":58723.84,""size"":0.03080766,""num_orders"":2},{""price"":58723.85,""size"":0.03043832,""num_orders"":2},{""price"":58723.86,""size"":0.03043815,""num_orders"":1},{""price"":58723.87,""size"":0.03043815,""num_orders"":1},{""price"":58723.88,""size"":0.03043815,""num_orders"":1},{""price"":58723.89,""size"":0.03053815,""num_orders"":1},{""price"":58723.9,""size"":0.03053815,""num_orders"":1},{""price"":58723.91,""size"":0.03053815,""num_orders"":1}]"
btc_usd_d10_20260630T121541Z,25,2026-06-30T12:40:41.466268Z,2026-06-30T12:40:41.466427Z,BTC-USD,10,ok,,131719465103,2026-06-30T12:40:39.047434711Z,1.54680247,1.60786411,-0.019355972637,58765.720000000001,58765.730000000003,58765.725000000006,0.010000000002,0.001701672191,"[{""price"":58765.72,""size"":0.15329612,""num_orders"":2},{""price"":58765.61,""size"":0.36815779,""num_orders"":2},{""price"":58765.6,""size"":1.6e-07,""num_orders"":1},{""price"":58764.95,""size"":0.12777158,""num_orders"":2},{""price"":58764.22,""size"":0.00169835,""num_orders"":1},{""price"":58764.0,""size"":0.0157,""num_orders"":1},{""price"":58762.24,""size"":0.00087715,""num_orders"":1},{""price"":58762.0,""size"":0.0157,""num_orders"":1},{""price"":58761.84,""size"":0.51067216,""num_orders"":1},{""price"":58761.71,""size"":0.35292916,""num_orders"":2}]","[{""price"":58765.73,""size"":0.03153815,""num_orders"":1},{""price"":58767.78,""size"":0.00946133,""num_orders"":3},{""price"":58768.0,""size"":0.0157,""num_orders"":1},{""price"":58769.99,""size"":0.01610878,""num_orders"":1},{""price"":58770.0,""size"":0.0157,""num_orders"":1},{""price"":58771.16,""size"":0.51067216,""num_orders"":1},{""price"":58771.3,""size"":0.05111241,""num_orders"":1},{""price"":58772.0,""size"":0.0157,""num_orders"":1},{""price"":58772.91,""size"":0.04,""num_orders"":1},{""price"":58772.92,""size"":0.90187128,""num_orders"":1}]"
btc_usd_d10_20260630T121541Z,26,2026-06-30T12:41:41.466268Z,2026-06-30T12:41:41.466420Z,BTC-USD,10,ok,,131719533115,2026-06-30T12:41:38.840684706Z,0.26311216,1.8735253,-0.753713800375,58708.529999999999,58708.540000000001,58708.535000000003,0.010000000002,0.001703329848,"[{""price"":58708.53,""size"":0.11226013,""num_orders"":4},{""price"":58708.52,""size"":1.6e-07,""num_orders"":1},{""price"":58708.5,""size"":1.7e-07,""num_orders"":1},{""price"":58708.0,""size"":0.0141,""num_orders"":1},{""price"":58706.0,""size"":0.0141,""num_orders"":1},{""price"":58705.07,""size"":0.04981923,""num_orders"":1},{""price"":58705.06,""size"":0.05111241,""num_orders"":1},{""price"":58704.6,""size"":0.00170006,""num_orders"":1},{""price"":58704.0,""size"":0.0141,""num_orders"":1},{""price"":58702.39,""size"":0.00592,""num_orders"":1}]","[{""price"":58708.54,""size"":0.01242919,""num_orders"":2},{""price"":58710.0,""size"":0.0141,""num_orders"":1},{""price"":58710.75,""size"":0.01610878,""num_orders"":1},{""price"":58710.76,""size"":0.00581879,""num_orders"":1},{""price"":58711.42,""size"":0.68129643,""num_orders"":1},{""price"":58712.0,""size"":0.0141,""num_orders"":1},{""price"":58712.95,""size"":0.00255499,""num_orders"":1},{""price"":58713.19,""size"":0.44572369,""num_orders"":1},{""price"":58713.2,""size"":0.68129643,""num_orders"":1},{""price"":58713.74,""size"":9.7e-05,""num_orders"":1}]"
btc_usd_d10_20260630T121541Z,27,2026-06-30T12:42:41.466268Z,2026-06-30T12:42:41.466389Z,BTC-USD,10,ok,,131719589652,2026-06-30T12:42:38.675374686Z,0.41128576,0.79705386,-0.319254697616,58711.940000000002,58711.949999999997,58711.945,0.009999999995,0.001703230917,"[{""price"":58711.94,""size"":0.17062242,""num_orders"":5},{""price"":58711.92,""size"":1.3e-07,""num_orders"":1},{""price"":58711.36,""size"":1e-07,""num_orders"":1},{""price"":58710.01,""size"":0.00592,""num_orders"":1},{""price"":58710.0,""size"":0.014,""num_orders"":1},{""price"":58709.62,""size"":0.17032981,""num_orders"":1},{""price"":58708.01,""size"":0.02028552,""num_orders"":1},{""price"":58708.0,""size"":0.014,""num_orders"":1},{""price"":58707.91,""size"":0.01610878,""num_orders"":1},{""price"":58707.9,""size"":1.9e-05,""num_orders"":1}]","[{""price"":58711.95,""size"":0.08176175,""num_orders"":3},{""price"":58711.96,""size"":4.8e-07,""num_orders"":2},{""price"":58715.37,""size"":0.60920211,""num_orders"":1},{""price"":58716.0,""size"":0.02013795,""num_orders"":2},{""price"":58716.36,""size"":0.00255484,""num_orders"":1},{""price"":58717.09,""size"":0.01610878,""num_orders"":1},{""price"":58717.1,""size"":0.05111241,""num_orders"":1},{""price"":58718.0,""size"":0.014,""num_orders"":1},{""price"":58719.0,""size"":1.9e-05,""num_orders"":1},{""price"":58719.04,""size"":0.00215654,""num_orders"":1}]"
btc_usd_d10_20260630T121541Z,28,2026-06-30T12:43:41.466268Z,2026-06-30T12:43:41.466422Z,BTC-USD,10,ok,,131719640676,2026-06-30T12:43:40.546143312Z,1.1203048,1.66881555,-0.19666083968,58726.389999999999,58726.400000000001,58726.395000000004,0.010000000002,0.001702811828,"[{""price"":58726.39,""size"":0.2095766,""num_orders"":5},{""price"":58726.0,""size"":0.0154,""num_orders"":1},{""price"":58724.95,""size"":0.13622829,""num_orders"":1},{""price"":58724.33,""size"":0.00849761,""num_orders"":1},{""price"":58724.17,""size"":0.0425719,""num_orders"":1},{""price"":58724.16,""size"":0.07665917,""num_orders"":1},{""price"":58724.0,""size"":0.0154,""num_orders"":1},{""price"":58723.18,""size"":0.00255428,""num_orders"":1},{""price"":58723.15,""size"":0.61322233,""num_orders"":2},{""price"":58723.14,""size"":0.00019462,""num_orders"":2}]","[{""price"":58726.4,""size"":0.03045715,""num_orders"":2},{""price"":58728.84,""size"":0.01611237,""num_orders"":1},{""price"":58729.93,""size"":9.7e-05,""num_orders"":1},{""price"":58730.0,""size"":0.0254,""num_orders"":2},{""price"":58730.1,""size"":1.9e-05,""num_orders"":1},{""price"":58730.61,""size"":0.05111241,""num_orders"":1},{""price"":58731.56,""size"":0.0097,""num_orders"":1},{""price"":58732.0,""size"":0.0154,""num_orders"":1},{""price"":58732.4,""size"":0.90731887,""num_orders"":1},{""price"":58732.41,""size"":0.61319875,""num_orders"":1}]"
btc_usd_d10_20260630T121541Z,29,2026-06-30T12:44:41.466268Z,2026-06-30T12:44:41.466434Z,BTC-USD,10,ok,,131719687353,2026-06-30T12:44:38.839254094Z,1.65288986,0.88333373,0.303425980672,58726.190000000002,58726.199999999997,58726.195,0.009999999995,0.001702817626,"[{""price"":58726.19,""size"":0.21765149,""num_orders"":7},{""price"":58726.18,""size"":1e-07,""num_orders"":1},{""price"":58726.05,""size"":0.05111241,""num_orders"":1},{""price"":58726.03,""size"":0.13622579,""num_orders"":1},{""price"":58726.0,""size"":0.0171,""num_orders"":1},{""price"":58725.02,""size"":0.04266886,""num_orders"":2},{""price"":58724.14,""size"":0.01610962,""num_orders"":1},{""price"":58724.13,""size"":0.50781243,""num_orders"":1},{""price"":58724.12,""size"":0.64710916,""num_orders"":1},{""price"":58724.0,""size"":0.0171,""num_orders"":1}]","[{""price"":58726.2,""size"":0.03575688,""num_orders"":3},{""price"":58726.21,""size"":0.03223864,""num_orders"":3},{""price"":58726.22,""size"":0.03223815,""num_orders"":1},{""price"":58726.23,""size"":0.05371837,""num_orders"":2},{""price"":58730.61,""size"":0.00255422,""num_orders"":1},{""price"":58731.73,""size"":0.01610962,""num_orders"":1},{""price"":58731.74,""size"":0.69822157,""num_orders"":2},{""price"":58731.76,""size"":0.01085886,""num_orders"":2},{""price"":58733.27,""size"":0.00161842,""num_orders"":1},{""price"":58733.8,""size"":1.9e-05,""num_orders"":1}]"
btc_usd_d10_20260630T121541Z,30,2026-06-30T12:45:41.466268Z,2026-06-30T12:45:41.466425Z,BTC-USD,10,ok,,131719728835,2026-06-30T12:45:39.546684821Z,0.53716874,0.99538714,-0.298989685127,58730.760000000002,58730.769999999997,58730.764999999999,0.009999999995,0.001702685125,"[{""price"":58730.76,""size"":0.16815115,""num_orders"":5},{""price"":58730.75,""size"":1.5e-07,""num_orders"":1},{""price"":58730.74,""size"":1.7e-07,""num_orders"":1},{""price"":58730.15,""size"":0.00202572,""num_orders"":1},{""price"":58730.0,""size"":0.0133,""num_orders"":1},{""price"":58729.61,""size"":0.17027184,""num_orders"":1},{""price"":58728.65,""size"":0.00849694,""num_orders"":1},{""price"":58728.0,""size"":0.0133,""num_orders"":1},{""price"":58727.62,""size"":0.03385119,""num_orders"":1},{""price"":58726.9,""size"":0.12777158,""num_orders"":2}]","[{""price"":58730.77,""size"":0.0595794,""num_orders"":6},{""price"":58730.78,""size"":3.8e-07,""num_orders"":2},{""price"":58733.99,""size"":0.08512958,""num_orders"":1},{""price"":58734.0,""size"":0.0133,""num_orders"":1},{""price"":58734.46,""size"":0.64710916,""num_orders"":1},{""price"":58735.26,""size"":0.04,""num_orders"":1},{""price"":58735.36,""size"":0.05111241,""num_orders"":1},{""price"":58735.87,""size"":0.08512771,""num_orders"":1},{""price"":58736.0,""size"":0.0133,""num_orders"":1},{""price"":58736.17,""size"":0.0007285,""num_orders"":1}]"
btc_usd_d10_20260630T121541Z,31,2026-06-30T12:46:41.466268Z,2026-06-30T12:46:41.466406Z,BTC-USD,10,ok,,131719790405,2026-06-30T12:46:40.619816214Z,0.3803048,2.94693065,-0.771398925195,58659.800000000003,58659.809999999998,58659.805,0.009999999995,0.001704744841,"[{""price"":58659.8,""size"":1.9e-05,""num_orders"":1},{""price"":58659.64,""size"":0.13637996,""num_orders"":1},{""price"":58658.24,""size"":0.17047902,""num_orders"":1},{""price"":58657.5,""size"":0.00021386,""num_orders"":1},{""price"":58656.32,""size"":0.01704846,""num_orders"":1},{""price"":58656.3,""size"":0.01704847,""num_orders"":1},{""price"":58656.19,""size"":0.0170485,""num_orders"":1},{""price"":58656.1,""size"":1.9e-05,""num_orders"":1},{""price"":58656.09,""size"":0.01704853,""num_orders"":1},{""price"":58656.06,""size"":0.005,""num_orders"":1}]","[{""price"":58659.81,""size"":0.46715616,""num_orders"":7},{""price"":58661.27,""size"":0.0037942,""num_orders"":2},{""price"":58662.0,""size"":0.0171,""num_orders"":1},{""price"":58662.61,""size"":0.87201217,""num_orders"":1},{""price"":58662.62,""size"":0.68119236,""num_orders"":1},{""price"":58663.94,""size"":0.07665917,""num_orders"":1},{""price"":58664.0,""size"":0.0171,""num_orders"":1},{""price"":58664.39,""size"":0.68119236,""num_orders"":1},{""price"":58664.4,""size"":0.00451301,""num_orders"":2},{""price"":58665.0,""size"":0.12621122,""num_orders"":2}]"
btc_usd_d10_20260630T121541Z,32,2026-06-30T12:47:41.466268Z,2026-06-30T12:47:41.466420Z,BTC-USD,10,ok,,131719883593,2026-06-30T12:47:39.837201260Z,1.02379666,0.68278133,0.199824052577,58583.82,58583.830000000002,58583.824999999997,0.010000000002,0.001706955803,"[{""price"":58583.82,""size"":0.0512059,""num_orders"":1},{""price"":58582.1,""size"":1.9e-05,""num_orders"":1},{""price"":58581.42,""size"":0.17070257,""num_orders"":1},{""price"":58580.0,""size"":0.0171,""num_orders"":1},{""price"":58579.93,""size"":0.01395896,""num_orders"":1},{""price"":58579.36,""size"":0.68250075,""num_orders"":1},{""price"":58579.09,""size"":0.0512059,""num_orders"":1},{""price"":58578.4,""size"":1.913e-05,""num_orders"":2},{""price"":58578.0,""size"":0.03706738,""num_orders"":3},{""price"":58577.8,""size"":1.707e-05,""num_orders"":1}]","[{""price"":58583.83,""size"":0.07315865,""num_orders"":2},{""price"":58583.99,""size"":0.01613462,""num_orders"":1},{""price"":58584.0,""size"":0.0171,""num_orders"":1},{""price"":58585.81,""size"":0.06140838,""num_orders"":1},{""price"":58586.0,""size"":0.0171,""num_orders"":1},{""price"":58586.23,""size"":0.00085347,""num_orders"":1},{""price"":58586.42,""size"":0.00021167,""num_orders"":1},{""price"":58587.01,""size"":0.07665917,""num_orders"":1},{""price"":58588.23,""size"":0.00256043,""num_orders"":1},{""price"":58589.76,""size"":0.41759494,""num_orders"":1}]"
btc_usd_d10_20260630T121541Z,33,2026-06-30T12:48:41.466268Z,2026-06-30T12:48:41.466406Z,BTC-USD,10,ok,,131719948171,2026-06-30T12:48:38.103924501Z,0.44368506,5.28669672,-0.845146422338,58623.739999999998,58623.75,58623.744999999995,0.010000000002,0.001705793446,"[{""price"":58623.74,""size"":0.19029011,""num_orders"":6},{""price"":58623.73,""size"":1.7e-07,""num_orders"":1},{""price"":58623.72,""size"":1.7e-07,""num_orders"":1},{""price"":58623.46,""size"":0.00170563,""num_orders"":1},{""price"":58622.58,""size"":0.04435131,""num_orders"":2},{""price"":58622.38,""size"":0.13646665,""num_orders"":1},{""price"":58622.03,""size"":0.00520643,""num_orders"":1},{""price"":58621.85,""size"":0.04478651,""num_orders"":1},{""price"":58621.55,""size"":5.235e-05,""num_orders"":1},{""price"":58621.17,""size"":0.02082573,""num_orders"":1}]","[{""price"":58623.75,""size"":0.04718448,""num_orders"":3},{""price"":58623.76,""size"":2.6e-07,""num_orders"":1},{""price"":58623.78,""size"":2.7e-07,""num_orders"":1},{""price"":58625.36,""size"":0.00872193,""num_orders"":1},{""price"":58626.0,""size"":0.0162,""num_orders"":1},{""price"":58626.96,""size"":0.04,""num_orders"":1},{""price"":58626.97,""size"":1.94087192,""num_orders"":1},{""price"":58626.98,""size"":0.68250075,""num_orders"":1},{""price"":58627.0,""size"":2.5,""num_orders"":1},{""price"":58627.15,""size"":0.05121711,""num_orders"":1}]"
btc_usd_d10_20260630T121541Z,34,2026-06-30T12:49:41.466268Z,2026-06-30T12:49:41.466398Z,BTC-USD,10,ok,,131720024762,2026-06-30T12:49:40.546950705Z,0.9791697,0.22502438,0.626265593334,58578.459999999999,58578.470000000001,58578.464999999997,0.010000000002,0.001707111991,"[{""price"":58578.46,""size"":0.1602851,""num_orders"":5},{""price"":58578.45,""size"":2e-07,""num_orders"":1},{""price"":58578.44,""size"":2.1e-07,""num_orders"":1},{""price"":58578.41,""size"":0.05122418,""num_orders"":1},{""price"":58578.39,""size"":0.00170381,""num_orders"":1},{""price"":58578.0,""size"":0.0171,""num_orders"":1},{""price"":58577.88,""size"":0.00170739,""num_orders"":1},{""price"":58576.0,""size"":0.0171,""num_orders"":1},{""price"":58575.83,""size"":0.55932992,""num_orders"":2},{""price"":58575.82,""size"":0.17071889,""num_orders"":1}]","[{""price"":58578.47,""size"":0.04893934,""num_orders"":4},{""price"":58578.48,""size"":1.8e-07,""num_orders"":1},{""price"":58578.49,""size"":1.8e-07,""num_orders"":1},{""price"":58578.83,""size"":0.01002703,""num_orders"":2},{""price"":58581.98,""size"":0.055407,""num_orders"":1},{""price"":58581.99,""size"":0.07569004,""num_orders"":1},{""price"":58582.0,""size"":0.0171,""num_orders"":1},{""price"":58582.1,""size"":1.9e-05,""num_orders"":1},{""price"":58582.91,""size"":0.00170699,""num_orders"":1},{""price"":58583.27,""size"":0.01613462,""num_orders"":1}]"
btc_usd_d10_20260630T121541Z,35,2026-06-30T12:50:41.466268Z,2026-06-30T12:50:41.466393Z,BTC-USD,10,ok,,131720085412,2026-06-30T12:50:40.125884512Z,0.7161591,1.27301366,-0.279942783854,58526.089999999997,58526.099999999999,58526.095000000001,0.010000000002,0.00170863954,"[{""price"":58526.09,""size"":0.20185536,""num_orders"":6},{""price"":58526.08,""size"":0.13669119,""num_orders"":1},{""price"":58526.0,""size"":0.0163,""num_orders"":1},{""price"":58524.63,""size"":0.12906744,""num_orders"":1},{""price"":58524.62,""size"":0.0512582,""num_orders"":1},{""price"":58524.57,""size"":0.13669472,""num_orders"":1},{""price"":58524.01,""size"":0.01613462,""num_orders"":1},{""price"":58524.0,""size"":0.0163,""num_orders"":1},{""price"":58523.99,""size"":0.00502796,""num_orders"":2},{""price"":58523.95,""size"":0.00682961,""num_orders"":1}]","[{""price"":58526.1,""size"":0.00139234,""num_orders"":2},{""price"":58529.92,""size"":0.01613462,""num_orders"":1},{""price"":58529.93,""size"":0.06162094,""num_orders"":1},{""price"":58529.94,""size"":0.0512582,""num_orders"":1},{""price"":58529.99,""size"":0.00322483,""num_orders"":1},{""price"":58530.0,""size"":0.0163,""num_orders"":1},{""price"":58532.0,""size"":0.0163,""num_orders"":1},{""price"":58534.0,""size"":0.016319,""num_orders"":2},{""price"":58534.18,""size"":0.40796298,""num_orders"":1},{""price"":58534.19,""size"":0.68250075,""num_orders"":1}]"
btc_usd_d10_20260630T121541Z,36,2026-06-30T12:51:41.466268Z,2026-06-30T12:51:41.466406Z,BTC-USD,10,ok,,131720179747,2026-06-30T12:51:39.334857046Z,1.18664195,0.29768169,0.598899213112,58520,58520.010000000002,58520.005000000005,0.010000000002,0.001708817353,"[{""price"":58520.0,""size"":0.28779993,""num_orders"":7},{""price"":58519.99,""size"":2.2e-07,""num_orders"":1},{""price"":58519.17,""size"":2.6e-07,""num_orders"":1},{""price"":58518.0,""size"":0.05982189,""num_orders"":2},{""price"":58517.82,""size"":0.13671049,""num_orders"":1},{""price"":58517.22,""size"":0.0512895,""num_orders"":1},{""price"":58516.92,""size"":0.61518266,""num_orders"":1},{""price"":58516.01,""size"":0.01617382,""num_orders"":1},{""price"":58516.0,""size"":0.0171,""num_orders"":1},{""price"":58515.62,""size"":0.00256318,""num_orders"":1}]","[{""price"":58520.01,""size"":0.06863815,""num_orders"":1},{""price"":58522.01,""size"":0.00299678,""num_orders"":1},{""price"":58523.98,""size"":0.03791809,""num_orders"":1},{""price"":58523.99,""size"":0.01617382,""num_orders"":1},{""price"":58524.0,""size"":0.0171,""num_orders"":1},{""price"":58526.0,""size"":0.0171,""num_orders"":1},{""price"":58526.35,""size"":0.13669056,""num_orders"":1},{""price"":58526.59,""size"":0.001045,""num_orders"":3},{""price"":58526.6,""size"":1.914e-05,""num_orders"":2},{""price"":58527.64,""size"":1.5e-07,""num_orders"":1}]"
btc_usd_d10_20260630T121541Z,37,2026-06-30T12:52:41.466268Z,2026-06-30T12:52:41.466382Z,BTC-USD,10,ok,,131720262769,2026-06-30T12:52:39.690330575Z,0.87399461,0.13211084,0.737381722761,58538.419999999998,58538.43,58538.425000000003,0.010000000002,0.001708279647,"[{""price"":58538.42,""size"":0.08923368,""num_orders"":5},{""price"":58538.41,""size"":1.3e-07,""num_orders"":1},{""price"":58538.4,""size"":1.5e-07,""num_orders"":1},{""price"":58538.39,""size"":0.13666245,""num_orders"":1},{""price"":58538.33,""size"":0.07665917,""num_orders"":1},{""price"":58537.7,""size"":1.9e-05,""num_orders"":1},{""price"":58537.69,""size"":2.562e-05,""num_orders"":1},{""price"":58536.05,""size"":0.54647063,""num_orders"":1},{""price"":58536.0,""size"":0.0163,""num_orders"":1},{""price"":58535.46,""size"":0.00862378,""num_orders"":1}]","[{""price"":58538.43,""size"":0.05217316,""num_orders"":4},{""price"":58538.44,""size"":2.2e-07,""num_orders"":1},{""price"":58538.46,""size"":2.3e-07,""num_orders"":1},{""price"":58539.99,""size"":0.00034345,""num_orders"":1},{""price"":58541.99,""size"":0.02643893,""num_orders"":1},{""price"":58542.0,""size"":0.0163,""num_orders"":1},{""price"":58542.82,""size"":0.00256241,""num_orders"":1},{""price"":58543.38,""size"":0.00181862,""num_orders"":1},{""price"":58544.0,""size"":0.0163,""num_orders"":1},{""price"":58545.65,""size"":0.01617382,""num_orders"":1}]"
btc_usd_d10_20260630T121541Z,38,2026-06-30T12:53:41.466268Z,2026-06-30T12:53:41.466399Z,BTC-USD,10,ok,,131720339355,2026-06-30T12:53:39.047606459Z,2.02594928,0.37951013,0.684459335774,58543.980000000003,58543.989999999998,58543.985000000001,0.009999999995,0.001708117409,"[{""price"":58543.98,""size"":0.0464,""num_orders"":1},{""price"":58542.0,""size"":0.0154,""num_orders"":1},{""price"":58541.99,""size"":0.26513399,""num_orders"":1},{""price"":58541.98,""size"":0.44411053,""num_orders"":1},{""price"":58540.13,""size"":0.0512895,""num_orders"":1},{""price"":58540.12,""size"":0.27247561,""num_orders"":1},{""price"":58540.11,""size"":0.41000806,""num_orders"":1},{""price"":58538.31,""size"":0.42903555,""num_orders"":3},{""price"":58538.3,""size"":0.07669604,""num_orders"":2},{""price"":58538.0,""size"":0.0154,""num_orders"":1}]","[{""price"":58543.99,""size"":0.17130215,""num_orders"":2},{""price"":58545.1,""size"":1.9e-05,""num_orders"":1},{""price"":58546.0,""size"":0.0154,""num_orders"":1},{""price"":58547.48,""size"":0.0161558,""num_orders"":1},{""price"":58547.49,""size"":0.00838141,""num_orders"":2},{""price"":58548.0,""size"":0.0154,""num_orders"":1},{""price"":58548.64,""size"":0.04,""num_orders"":1},{""price"":58548.8,""size"":1.9e-05,""num_orders"":1},{""price"":58548.91,""size"":0.06154327,""num_orders"":1},{""price"":58549.51,""size"":0.0512895,""num_orders"":1}]"
btc_usd_d10_20260630T121541Z,39,2026-06-30T12:54:41.466268Z,2026-06-30T12:54:41.466401Z,BTC-USD,10,ok,,131720390674,2026-06-30T12:54:39.603300695Z,0.70797513,0.68311753,0.017869118798,58552.379999999997,58552.389999999999,58552.384999999995,0.010000000002,0.001707872361,"[{""price"":58552.38,""size"":0.00423225,""num_orders"":4},{""price"":58552.37,""size"":1.3e-07,""num_orders"":1},{""price"":58552.36,""size"":0.03000013,""num_orders"":2},{""price"":58552.27,""size"":0.13663003,""num_orders"":1},{""price"":58550.98,""size"":0.13663305,""num_orders"":1},{""price"":58550.89,""size"":0.00432828,""num_orders"":1},{""price"":58550.01,""size"":0.36032746,""num_orders"":2},{""price"":58550.0,""size"":0.0171,""num_orders"":1},{""price"":58548.87,""size"":0.00256177,""num_orders"":1},{""price"":58548.41,""size"":0.01616203,""num_orders"":1}]","[{""price"":58552.39,""size"":0.11891845,""num_orders"":5},{""price"":58552.4,""size"":2e-07,""num_orders"":1},{""price"":58552.41,""size"":2e-07,""num_orders"":1},{""price"":58553.89,""size"":0.01616203,""num_orders"":1},{""price"":58554.01,""size"":0.01005582,""num_orders"":2},{""price"":58555.42,""size"":0.44411053,""num_orders"":1},{""price"":58555.49,""size"":0.0512895,""num_orders"":1},{""price"":58556.2,""size"":1.9e-05,""num_orders"":1},{""price"":58556.45,""size"":0.04,""num_orders"":1},{""price"":58556.78,""size"":0.0025618,""num_orders"":1}]"
btc_usd_d10_20260630T121541Z,40,2026-06-30T12:55:41.466268Z,2026-06-30T12:55:41.466393Z,BTC-USD,10,ok,,131720455864,2026-06-30T12:55:39.845731246Z,2.04383912,0.21521279,0.809466272955,58547.970000000001,58547.980000000003,58547.975000000006,0.010000000002,0.001708001003,"[{""price"":58547.97,""size"":0.37249691,""num_orders"":8},{""price"":58547.96,""size"":1.5e-07,""num_orders"":1},{""price"":58547.95,""size"":1.5e-07,""num_orders"":1},{""price"":58547.46,""size"":0.00170482,""num_orders"":1},{""price"":58547.03,""size"":0.62415363,""num_orders"":1},{""price"":58547.02,""size"":0.44411053,""num_orders"":1},{""price"":58546.98,""size"":0.1366424,""num_orders"":1},{""price"":58546.0,""size"":0.0147,""num_orders"":1},{""price"":58545.97,""size"":0.00592,""num_orders"":1},{""price"":58545.03,""size"":0.44411053,""num_orders"":1}]","[{""price"":58547.98,""size"":0.04623646,""num_orders"":4},{""price"":58547.99,""size"":0.00028134,""num_orders"":2},{""price"":58548.0,""size"":2.5e-07,""num_orders"":1},{""price"":58549.25,""size"":0.01616203,""num_orders"":1},{""price"":58549.26,""size"":0.0512895,""num_orders"":1},{""price"":58552.0,""size"":0.0147,""num_orders"":1},{""price"":58552.01,""size"":0.00036639,""num_orders"":1},{""price"":58552.32,""size"":0.04,""num_orders"":1},{""price"":58552.33,""size"":0.00617682,""num_orders"":1},{""price"":58552.36,""size"":0.04,""num_orders"":1}]"
btc_usd_d10_20260630T121541Z,41,2026-06-30T12:56:41.466268Z,2026-06-30T12:56:41.466356Z,BTC-USD,10,ok,,131720539615,2026-06-30T12:56:39.842473226Z,0.82758873,2.19990216,-0.453284082384,58449.769999999997,58449.779999999999,58449.774999999994,0.010000000002,0.001710870573,"[{""price"":58449.77,""size"":0.01710871,""num_orders"":1},{""price"":58449.19,""size"":0.01710888,""num_orders"":1},{""price"":58449.12,""size"":0.0171089,""num_orders"":1},{""price"":58448.85,""size"":0.01710898,""num_orders"":1},{""price"":58448.37,""size"":0.00171054,""num_orders"":1},{""price"":58447.79,""size"":0.13687428,""num_orders"":1},{""price"":58447.49,""size"":0.00171054,""num_orders"":1},{""price"":58446.0,""size"":0.0097,""num_orders"":1},{""price"":58445.2,""size"":1.9e-05,""num_orders"":1},{""price"":58444.25,""size"":0.6091389,""num_orders"":2}]","[{""price"":58449.78,""size"":0.49227709,""num_orders"":5},{""price"":58451.36,""size"":0.27633407,""num_orders"":2},{""price"":58451.37,""size"":0.05134422,""num_orders"":1},{""price"":58451.49,""size"":0.37648976,""num_orders"":1},{""price"":58452.19,""size"":1.9e-07,""num_orders"":1},{""price"":58452.21,""size"":2.1e-07,""num_orders"":1},{""price"":58452.58,""size"":0.03,""num_orders"":1},{""price"":58452.6,""size"":0.03,""num_orders"":1},{""price"":58454.04,""size"":0.56696686,""num_orders"":1},{""price"":58454.05,""size"":0.37648976,""num_orders"":1}]"
btc_usd_d10_20260630T121541Z,42,2026-06-30T12:57:41.466268Z,2026-06-30T12:57:41.466408Z,BTC-USD,10,ok,,131720645039,2026-06-30T12:57:39.044457127Z,2.01141802,0.03200442,0.968675669432,58413.989999999998,58414,58413.994999999995,0.010000000002,0.001711918523,"[{""price"":58413.99,""size"":0.26966114,""num_orders"":7},{""price"":58413.98,""size"":1.3e-07,""num_orders"":1},{""price"":58413.97,""size"":1.3e-07,""num_orders"":1},{""price"":58413.95,""size"":0.0171192,""num_orders"":1},{""price"":58413.93,""size"":0.01711921,""num_orders"":1},{""price"":58412.64,""size"":0.24528691,""num_orders"":1},{""price"":58412.63,""size"":0.13695667,""num_orders"":1},{""price"":58412.23,""size"":0.27390917,""num_orders"":1},{""price"":58411.5,""size"":1.0,""num_orders"":1},{""price"":58411.45,""size"":0.05136546,""num_orders"":1}]","[{""price"":58414.0,""size"":0.0052447,""num_orders"":1},{""price"":58415.6,""size"":1.9e-05,""num_orders"":1},{""price"":58417.08,""size"":0.000194,""num_orders"":1},{""price"":58418.0,""size"":0.0106,""num_orders"":1},{""price"":58418.01,""size"":2.3e-07,""num_orders"":1},{""price"":58419.3,""size"":1.9e-05,""num_orders"":1},{""price"":58419.99,""size"":2.4e-07,""num_orders"":1},{""price"":58420.0,""size"":0.01000025,""num_orders"":2},{""price"":58421.05,""size"":9.7e-05,""num_orders"":1},{""price"":58421.21,""size"":0.00583,""num_orders"":1}]"
btc_usd_d10_20260630T121541Z,43,2026-06-30T12:58:41.466268Z,2026-06-30T12:58:41.466441Z,BTC-USD,10,ok,,131720760298,2026-06-30T12:58:39.597954881Z,0.50150119,0.93457699,-0.301568400684,58341.589999999997,58341.599999999999,58341.595000000001,0.010000000002,0.001714042957,"[{""price"":58341.59,""size"":0.00341264,""num_orders"":3},{""price"":58341.57,""size"":1.6e-07,""num_orders"":1},{""price"":58340.76,""size"":8.501e-05,""num_orders"":1},{""price"":58337.21,""size"":0.00257106,""num_orders"":1},{""price"":58336.98,""size"":0.06857388,""num_orders"":2},{""price"":58336.48,""size"":0.13713543,""num_orders"":1},{""price"":58336.3,""size"":0.01714198,""num_orders"":1},{""price"":58335.86,""size"":0.01714212,""num_orders"":1},{""price"":58335.01,""size"":0.13713891,""num_orders"":1},{""price"":58334.33,""size"":0.1183,""num_orders"":1}]","[{""price"":58341.6,""size"":0.46589598,""num_orders"":12},{""price"":58341.61,""size"":1.8e-07,""num_orders"":1},{""price"":58341.62,""size"":1.9e-07,""num_orders"":1},{""price"":58341.99,""size"":0.17132909,""num_orders"":2},{""price"":58342.0,""size"":0.0116,""num_orders"":1},{""price"":58342.5,""size"":0.13712131,""num_orders"":1},{""price"":58343.3,""size"":0.13711943,""num_orders"":1},{""price"":58343.36,""size"":0.00171381,""num_orders"":1},{""price"":58343.45,""size"":9.7e-05,""num_orders"":1},{""price"":58343.85,""size"":0.0097,""num_orders"":1}]"
btc_usd_d10_20260630T121541Z,44,2026-06-30T12:59:41.466268Z,2026-06-30T12:59:41.466429Z,BTC-USD,10,ok,,131720864420,2026-06-30T12:59:38.599734883Z,1.99317976,0.51835952,0.587217668362,58325.959999999999,58325.970000000001,58325.964999999997,0.010000000002,0.001714502281,"[{""price"":58325.96,""size"":0.70387881,""num_orders"":9},{""price"":58324.45,""size"":0.04286367,""num_orders"":1},{""price"":58324.44,""size"":0.16304755,""num_orders"":1},{""price"":58324.43,""size"":0.04257178,""num_orders"":2},{""price"":58324.42,""size"":0.21429522,""num_orders"":2},{""price"":58323.94,""size"":0.02850718,""num_orders"":1},{""price"":58321.42,""size"":0.04,""num_orders"":1},{""price"":58321.41,""size"":0.22518868,""num_orders"":1},{""price"":58321.4,""size"":0.37720047,""num_orders"":1},{""price"":58320.19,""size"":0.1556264,""num_orders"":1}]","[{""price"":58325.97,""size"":0.0291,""num_orders"":2},{""price"":58329.94,""size"":0.00249081,""num_orders"":1},{""price"":58330.0,""size"":0.0089,""num_orders"":1},{""price"":58333.99,""size"":0.04285224,""num_orders"":1},{""price"":58334.0,""size"":0.0089,""num_orders"":1},{""price"":58334.2,""size"":1.9e-05,""num_orders"":1},{""price"":58334.99,""size"":0.37720047,""num_orders"":1},{""price"":58335.0,""size"":0.01,""num_orders"":1},{""price"":58335.32,""size"":0.0388,""num_orders"":1},{""price"":58335.94,""size"":9.7e-05,""num_orders"":1}]"
btc_usd_d10_20260630T121541Z,45,2026-06-30T13:00:41.466268Z,2026-06-30T13:00:41.466415Z,BTC-USD,10,ok,,131720985625,2026-06-30T13:00:38.452324134Z,0.18877232,1.8604592,-0.815762818249,58404.489999999998,58405.120000000003,58404.805,0.630000000005,0.107867837245,"[{""price"":58404.49,""size"":0.05033,""num_orders"":1},{""price"":58404.0,""size"":0.012,""num_orders"":1},{""price"":58403.05,""size"":0.0464,""num_orders"":1},{""price"":58402.07,""size"":0.02000006,""num_orders"":2},{""price"":58402.06,""size"":0.01240006,""num_orders"":2},{""price"":58402.0,""size"":0.012,""num_orders"":1},{""price"":58398.83,""size"":0.00592,""num_orders"":1},{""price"":58398.09,""size"":0.01061683,""num_orders"":1},{""price"":58397.1,""size"":0.01653683,""num_orders"":2},{""price"":58395.99,""size"":0.00256854,""num_orders"":1}]","[{""price"":58405.12,""size"":0.03423815,""num_orders"":1},{""price"":58410.14,""size"":0.0464,""num_orders"":1},{""price"":58411.13,""size"":0.08543885,""num_orders"":6},{""price"":58411.14,""size"":0.03413815,""num_orders"":1},{""price"":58411.9,""size"":1.9e-05,""num_orders"":1},{""price"":58412.18,""size"":1.61666745,""num_orders"":2},{""price"":58414.78,""size"":0.00583,""num_orders"":1},{""price"":58415.6,""size"":1.9e-05,""num_orders"":1},{""price"":58416.0,""size"":0.012,""num_orders"":1},{""price"":58417.29,""size"":0.0257086,""num_orders"":1}]"
btc_usd_d10_20260630T121541Z,46,2026-06-30T13:01:41.466268Z,2026-06-30T13:01:41.466406Z,BTC-USD,10,ok,,131721111643,2026-06-30T13:01:40.684242742Z,1.73484946,2.25052524,-0.129392044367,58404.489999999998,58404.5,58404.494999999995,0.010000000002,0.001712196981,"[{""price"":58404.49,""size"":0.23957051,""num_orders"":4},{""price"":58403.31,""size"":0.00085609,""num_orders"":1},{""price"":58401.3,""size"":0.13698325,""num_orders"":1},{""price"":58400.11,""size"":0.00256829,""num_orders"":1},{""price"":58400.0,""size"":0.0118,""num_orders"":1},{""price"":58398.01,""size"":0.01621138,""num_orders"":1},{""price"":58398.0,""size"":0.0118,""num_orders"":1},{""price"":58397.68,""size"":0.65162997,""num_orders"":1},{""price"":58396.0,""size"":0.0118,""num_orders"":1},{""price"":58395.76,""size"":0.65162997,""num_orders"":1}]","[{""price"":58404.5,""size"":0.03130968,""num_orders"":4},{""price"":58408.0,""size"":0.0112,""num_orders"":1},{""price"":58408.2,""size"":1.9e-05,""num_orders"":1},{""price"":58408.91,""size"":0.82177314,""num_orders"":1},{""price"":58408.92,""size"":0.65162997,""num_orders"":1},{""price"":58409.99,""size"":0.05144448,""num_orders"":1},{""price"":58410.0,""size"":0.0218,""num_orders"":2},{""price"":58410.82,""size"":0.65162997,""num_orders"":1},{""price"":58411.9,""size"":1.9e-05,""num_orders"":1},{""price"":58412.14,""size"":0.0097,""num_orders"":1}]"
btc_usd_d10_20260630T121541Z,47,2026-06-30T13:02:41.466268Z,2026-06-30T13:02:41.466417Z,BTC-USD,10,ok,,131721201589,2026-06-30T13:02:39.047292216Z,1.58453102,0.14088676,0.83669258352,58345.110000000001,58345.120000000003,58345.115000000005,0.010000000002,0.001713939548,"[{""price"":58345.11,""size"":0.05063069,""num_orders"":2},{""price"":58345.07,""size"":0.27414923,""num_orders"":1},{""price"":58345.06,""size"":0.23113368,""num_orders"":1},{""price"":58345.05,""size"":0.05144448,""num_orders"":1},{""price"":58342.12,""size"":0.27414923,""num_orders"":1},{""price"":58342.11,""size"":0.07716671,""num_orders"":1},{""price"":58341.48,""size"":0.17140461,""num_orders"":1},{""price"":58341.45,""size"":0.42954101,""num_orders"":2},{""price"":58341.44,""size"":0.01621138,""num_orders"":1},{""price"":58340.0,""size"":0.0087,""num_orders"":1}]","[{""price"":58345.12,""size"":0.02493815,""num_orders"":1},{""price"":58345.13,""size"":0.02493815,""num_orders"":1},{""price"":58348.82,""size"":0.00085699,""num_orders"":1},{""price"":58349.0,""size"":1.9e-05,""num_orders"":1},{""price"":58349.43,""size"":0.00257099,""num_orders"":1},{""price"":58350.0,""size"":0.0187,""num_orders"":2},{""price"":58352.0,""size"":0.0087,""num_orders"":1},{""price"":58352.7,""size"":1.9e-05,""num_orders"":1},{""price"":58353.35,""size"":0.05144448,""num_orders"":1},{""price"":58354.0,""size"":0.0087,""num_orders"":1}]"
btc_usd_d10_20260630T121541Z,48,2026-06-30T13:03:41.466268Z,2026-06-30T13:03:41.466399Z,BTC-USD,10,ok,,131721301908,2026-06-30T13:03:41.129437860Z,1.01757701,12.66319113,-0.85123978426,58248,58248.010000000002,58248.005000000005,0.010000000002,0.001716796996,"[{""price"":58248.0,""size"":0.16352277,""num_orders"":5},{""price"":58246.48,""size"":0.00171358,""num_orders"":1},{""price"":58246.0,""size"":0.0171,""num_orders"":1},{""price"":58245.84,""size"":0.17168607,""num_orders"":1},{""price"":58245.82,""size"":1.9e-07,""num_orders"":1},{""price"":58244.81,""size"":0.07727808,""num_orders"":1},{""price"":58244.0,""size"":0.0171,""num_orders"":1},{""price"":58243.7,""size"":0.51507111,""num_orders"":1},{""price"":58243.63,""size"":0.00257519,""num_orders"":1},{""price"":58242.7,""size"":0.05153002,""num_orders"":1}]","[{""price"":58248.01,""size"":0.11396475,""num_orders"":5},{""price"":58248.03,""size"":1.6e-07,""num_orders"":1},{""price"":58249.1,""size"":1.9e-05,""num_orders"":1},{""price"":58249.99,""size"":4.58507624,""num_orders"":1},{""price"":58250.0,""size"":7.5792117,""num_orders"":2},{""price"":58250.77,""size"":0.100983,""num_orders"":1},{""price"":58252.65,""size"":0.1446052,""num_orders"":1},{""price"":58252.66,""size"":0.1373328,""num_orders"":1},{""price"":58252.8,""size"":1.9e-05,""num_orders"":1},{""price"":58252.81,""size"":0.00197928,""num_orders"":1}]"
btc_usd_d10_20260630T121541Z,49,2026-06-30T13:04:41.466268Z,2026-06-30T13:04:41.466436Z,BTC-USD,10,ok,,131721385293,2026-06-30T13:04:39.184530009Z,2.6504739,0.10599707,0.923092192043,58339.419999999998,58339.43,58339.425000000003,0.010000000002,0.001714106713,"[{""price"":58339.42,""size"":0.7019328,""num_orders"":3},{""price"":58338.4,""size"":0.16454797,""num_orders"":1},{""price"":58338.39,""size"":0.12270268,""num_orders"":3},{""price"":58338.38,""size"":0.13713099,""num_orders"":1},{""price"":58338.0,""size"":0.0184,""num_orders"":1},{""price"":58335.0,""size"":0.35454626,""num_orders"":1},{""price"":58334.99,""size"":0.548556,""num_orders"":1},{""price"":58334.78,""size"":0.05153002,""num_orders"":1},{""price"":58334.01,""size"":0.00257118,""num_orders"":1},{""price"":58333.12,""size"":0.548556,""num_orders"":1}]","[{""price"":58339.43,""size"":0.00398353,""num_orders"":2},{""price"":58341.6,""size"":1.9e-05,""num_orders"":1},{""price"":58342.33,""size"":0.01714021,""num_orders"":1},{""price"":58342.35,""size"":0.01714021,""num_orders"":1},{""price"":58342.52,""size"":0.01714016,""num_orders"":1},{""price"":58344.0,""size"":0.0193,""num_orders"":1},{""price"":58345.0,""size"":0.01,""num_orders"":1},{""price"":58345.3,""size"":1.9e-05,""num_orders"":1},{""price"":58345.64,""size"":0.0050067,""num_orders"":1},{""price"":58348.62,""size"":0.01624826,""num_orders"":1}]"
btc_usd_d10_20260630T121541Z,50,2026-06-30T13:05:41.466268Z,2026-06-30T13:05:41.466416Z,BTC-USD,10,ok,,131721459077,2026-06-30T13:05:39.122203303Z,1.04952173,1.21199176,-0.071841282715,58389.080000000002,58389.089999999997,58389.084999999999,0.009999999995,0.001712648861,"[{""price"":58389.08,""size"":0.03397871,""num_orders"":3},{""price"":58389.07,""size"":5.4e-07,""num_orders"":2},{""price"":58389.06,""size"":0.16701226,""num_orders"":3},{""price"":58388.42,""size"":0.05153002,""num_orders"":1},{""price"":58388.02,""size"":0.01624826,""num_orders"":1},{""price"":58388.01,""size"":0.00059224,""num_orders"":1},{""price"":58387.24,""size"":0.68557223,""num_orders"":2},{""price"":58386.0,""size"":0.0156,""num_orders"":1},{""price"":58385.56,""size"":0.00170939,""num_orders"":1},{""price"":58385.32,""size"":0.07727808,""num_orders"":1}]","[{""price"":58389.09,""size"":0.13082274,""num_orders"":8},{""price"":58389.1,""size"":2.5e-07,""num_orders"":2},{""price"":58389.7,""size"":1.9e-05,""num_orders"":1},{""price"":58391.09,""size"":0.00428148,""num_orders"":1},{""price"":58392.06,""size"":0.01624826,""num_orders"":1},{""price"":58392.07,""size"":0.00171257,""num_orders"":1},{""price"":58393.07,""size"":0.41029246,""num_orders"":1},{""price"":58393.08,""size"":0.548556,""num_orders"":1},{""price"":58393.1,""size"":0.10004,""num_orders"":1},{""price"":58393.4,""size"":1.9e-05,""num_orders"":1}]"
btc_usd_d10_20260630T121541Z,51,2026-06-30T13:06:41.466268Z,2026-06-30T13:06:41.466390Z,BTC-USD,10,ok,,131721533588,2026-06-30T13:06:39.046335737Z,0.30916335,1.13482701,-0.571793055461,58413.370000000003,58413.510000000002,58413.440000000002,0.139999999999,0.023967087026,"[{""price"":58413.37,""size"":0.13695494,""num_orders"":1},{""price"":58411.63,""size"":0.13695859,""num_orders"":1},{""price"":58411.0,""size"":0.00170867,""num_orders"":1},{""price"":58408.93,""size"":1.5e-07,""num_orders"":1},{""price"":58408.92,""size"":4.397e-05,""num_orders"":1},{""price"":58408.91,""size"":1.7e-07,""num_orders"":1},{""price"":58408.2,""size"":1.9e-05,""num_orders"":1},{""price"":58407.84,""size"":8.794e-05,""num_orders"":1},{""price"":58406.92,""size"":2.568e-05,""num_orders"":1},{""price"":58406.63,""size"":0.03336424,""num_orders"":1}]","[{""price"":58413.51,""size"":2e-08,""num_orders"":1},{""price"":58414.0,""size"":0.0214,""num_orders"":1},{""price"":58415.99,""size"":0.01624826,""num_orders"":1},{""price"":58416.0,""size"":0.0214,""num_orders"":1},{""price"":58416.47,""size"":0.54781431,""num_orders"":1},{""price"":58417.89,""size"":0.00256789,""num_orders"":1},{""price"":58417.99,""size"":0.07727808,""num_orders"":1},{""price"":58418.0,""size"":0.0214,""num_orders"":1},{""price"":58418.26,""size"":0.05153002,""num_orders"":1},{""price"":58419.12,""size"":0.37518843,""num_orders"":1}]"
btc_usd_d10_20260630T121541Z,52,2026-06-30T13:07:41.466268Z,2026-06-30T13:07:41.466407Z,BTC-USD,10,ok,,131721606141,2026-06-30T13:07:39.046768491Z,0.94042497,1.82612993,-0.320147256069,58438.260000000002,58438.269999999997,58438.264999999999,0.009999999995,0.001711207544,"[{""price"":58438.26,""size"":0.09264826,""num_orders"":3},{""price"":58438.04,""size"":0.13689713,""num_orders"":1},{""price"":58438.03,""size"":0.04278036,""num_orders"":1},{""price"":58438.02,""size"":0.00256699,""num_orders"":2},{""price"":58438.0,""size"":0.02140017,""num_orders"":2},{""price"":58437.79,""size"":0.00527352,""num_orders"":1},{""price"":58437.39,""size"":0.47926335,""num_orders"":1},{""price"":58437.23,""size"":0.00117368,""num_orders"":1},{""price"":58436.0,""size"":0.0214,""num_orders"":1},{""price"":58435.78,""size"":0.13702151,""num_orders"":3}]","[{""price"":58438.27,""size"":0.08623684,""num_orders"":2},{""price"":58438.28,""size"":0.05153002,""num_orders"":1},{""price"":58439.04,""size"":1.03e-06,""num_orders"":1},{""price"":58441.5,""size"":0.06237811,""num_orders"":2},{""price"":58442.0,""size"":0.0214,""num_orders"":1},{""price"":58443.42,""size"":0.06379056,""num_orders"":1},{""price"":58443.99,""size"":0.47926335,""num_orders"":1},{""price"":58444.0,""size"":1.0,""num_orders"":1},{""price"":58445.0,""size"":0.01,""num_orders"":1},{""price"":58445.1,""size"":0.05153002,""num_orders"":1}]"
btc_usd_d10_20260630T121541Z,53,2026-06-30T13:08:41.466268Z,2026-06-30T13:08:41.466430Z,BTC-USD,10,ok,,131721706154,2026-06-30T13:08:40.683984793Z,0.75164455,1.02321396,-0.153009047465,58400,58402.010000000002,58401.005000000005,2.010000000002,0.344172159366,"[{""price"":58400.0,""size"":0.0142,""num_orders"":1},{""price"":58398.65,""size"":0.05136693,""num_orders"":1},{""price"":58398.63,""size"":0.17121498,""num_orders"":1},{""price"":58398.0,""size"":0.0142,""num_orders"":1},{""price"":58397.1,""size"":1.9e-05,""num_orders"":1},{""price"":58396.07,""size"":0.17121498,""num_orders"":1},{""price"":58396.0,""size"":0.0149,""num_orders"":1},{""price"":58394.17,""size"":0.17121498,""num_orders"":1},{""price"":58394.0,""size"":0.0149,""num_orders"":1},{""price"":58393.41,""size"":0.12841368,""num_orders"":2}]","[{""price"":58402.01,""size"":0.01624826,""num_orders"":1},{""price"":58402.02,""size"":0.05136693,""num_orders"":1},{""price"":58402.96,""size"":0.16254511,""num_orders"":1},{""price"":58402.97,""size"":0.17121498,""num_orders"":1},{""price"":58402.98,""size"":0.05136693,""num_orders"":1},{""price"":58403.34,""size"":0.03385549,""num_orders"":1},{""price"":58404.0,""size"":0.0149,""num_orders"":1},{""price"":58405.53,""size"":0.00093247,""num_orders"":1},{""price"":58405.9,""size"":0.34956881,""num_orders"":2},{""price"":58405.91,""size"":0.17121498,""num_orders"":1}]"
btc_usd_d10_20260630T121541Z,54,2026-06-30T13:09:41.466268Z,2026-06-30T13:09:41.466406Z,BTC-USD,10,ok,,131721793685,2026-06-30T13:09:40.190057980Z,0.58272005,0.24644169,0.405564250951,58522.980000000003,58522.989999999998,58522.985000000001,0.009999999995,0.001708730338,"[{""price"":58522.98,""size"":0.07665,""num_orders"":2},{""price"":58522.0,""size"":0.0099,""num_orders"":1},{""price"":58521.23,""size"":0.07691901,""num_orders"":1},{""price"":58521.22,""size"":0.17085552,""num_orders"":1},{""price"":58519.21,""size"":0.05137241,""num_orders"":1},{""price"":58519.2,""size"":1.916e-05,""num_orders"":2},{""price"":58519.18,""size"":1.7e-07,""num_orders"":1},{""price"":58518.86,""size"":0.17085552,""num_orders"":1},{""price"":58518.0,""size"":0.0099,""num_orders"":1},{""price"":58516.28,""size"":0.01624826,""num_orders"":1}]","[{""price"":58522.99,""size"":9e-08,""num_orders"":1},{""price"":58526.23,""size"":0.00427159,""num_orders"":1},{""price"":58526.61,""size"":0.04352445,""num_orders"":2},{""price"":58527.02,""size"":0.00085436,""num_orders"":1},{""price"":58527.39,""size"":0.00256316,""num_orders"":1},{""price"":58529.36,""size"":0.00583,""num_orders"":1},{""price"":58530.0,""size"":0.01,""num_orders"":1},{""price"":58530.7,""size"":0.00427126,""num_orders"":1},{""price"":58530.79,""size"":0.00427126,""num_orders"":1},{""price"":58532.0,""size"":0.17085552,""num_orders"":1}]"
btc_usd_d10_20260630T121541Z,55,2026-06-30T13:10:41.466268Z,2026-06-30T13:10:41.466392Z,BTC-USD,10,ok,,131721864336,2026-06-30T13:10:39.542577224Z,0.7154427,0.59877002,0.088777621936,58480.82,58480.830000000002,58480.824999999997,0.010000000002,0.001709962197,"[{""price"":58480.82,""size"":0.00010328,""num_orders"":1},{""price"":58478.0,""size"":0.0119,""num_orders"":1},{""price"":58476.03,""size"":0.01617087,""num_orders"":1},{""price"":58476.02,""size"":0.04275256,""num_orders"":1},{""price"":58476.0,""size"":0.0119,""num_orders"":1},{""price"":58475.26,""size"":0.34197346,""num_orders"":1},{""price"":58474.81,""size"":1.4e-07,""num_orders"":1},{""price"":58474.8,""size"":1.915e-05,""num_orders"":2},{""price"":58474.58,""size"":0.05137241,""num_orders"":1},{""price"":58474.57,""size"":0.23925083,""num_orders"":1}]","[{""price"":58480.83,""size"":0.07324052,""num_orders"":4},{""price"":58480.98,""size"":0.00085501,""num_orders"":1},{""price"":58481.26,""size"":0.0006984,""num_orders"":1},{""price"":58482.0,""size"":0.0119,""num_orders"":1},{""price"":58482.41,""size"":0.18538223,""num_orders"":1},{""price"":58482.42,""size"":0.05137241,""num_orders"":1},{""price"":58484.0,""size"":0.0114,""num_orders"":1},{""price"":58484.39,""size"":0.00849975,""num_orders"":1},{""price"":58484.5,""size"":0.23925083,""num_orders"":1},{""price"":58485.21,""size"":0.01617087,""num_orders"":1}]"
btc_usd_d10_20260630T121541Z,56,2026-06-30T13:11:41.466268Z,2026-06-30T13:11:41.466408Z,BTC-USD,10,ok,,131721923537,2026-06-30T13:11:41.336375386Z,1.01855778,1.02813318,-0.00467847867,58497.419999999998,58497.43,58497.425000000003,0.010000000002,0.001709476956,"[{""price"":58497.42,""size"":2.8e-07,""num_orders"":2},{""price"":58497.41,""size"":1.9e-07,""num_orders"":1},{""price"":58497.4,""size"":2e-07,""num_orders"":1},{""price"":58494.92,""size"":0.04273875,""num_orders"":1},{""price"":58494.91,""size"":0.13676402,""num_orders"":1},{""price"":58494.56,""size"":0.05137241,""num_orders"":1},{""price"":58494.55,""size"":0.34190477,""num_orders"":1},{""price"":58494.48,""size"":0.34190477,""num_orders"":1},{""price"":58494.18,""size"":0.00170632,""num_orders"":1},{""price"":58493.0,""size"":0.10216607,""num_orders"":1}]","[{""price"":58497.43,""size"":0.20787697,""num_orders"":12},{""price"":58497.44,""size"":1.5e-07,""num_orders"":1},{""price"":58497.46,""size"":1.6e-07,""num_orders"":1},{""price"":58498.0,""size"":0.0124,""num_orders"":1},{""price"":58498.76,""size"":0.08164274,""num_orders"":1},{""price"":58498.77,""size"":0.13675501,""num_orders"":1},{""price"":58500.0,""size"":0.00924118,""num_orders"":1},{""price"":58500.17,""size"":0.13675175,""num_orders"":1},{""price"":58500.26,""size"":0.34376222,""num_orders"":2},{""price"":58500.27,""size"":0.099703,""num_orders"":1}]"
btc_usd_d10_20260630T121541Z,57,2026-06-30T13:12:41.466268Z,2026-06-30T13:12:41.466400Z,BTC-USD,10,ok,,131721998167,2026-06-30T13:12:39.626235311Z,3.49882521,3.40854342,0.013070359327,58398.690000000002,58398.699999999997,58398.695,0.009999999995,0.001712367031,"[{""price"":58398.69,""size"":0.13290607,""num_orders"":1},{""price"":58398.43,""size"":0.10260387,""num_orders"":1},{""price"":58396.84,""size"":0.82083134,""num_orders"":1},{""price"":58394.34,""size"":0.82083134,""num_orders"":1},{""price"":58394.3,""size"":0.45,""num_orders"":2},{""price"":58394.0,""size"":0.0137,""num_orders"":1},{""price"":58393.88,""size"":0.13700064,""num_orders"":1},{""price"":58393.4,""size"":1.9e-05,""num_orders"":1},{""price"":58392.56,""size"":0.76442328,""num_orders"":1},{""price"":58392.55,""size"":0.25650967,""num_orders"":2}]","[{""price"":58398.7,""size"":0.0464,""num_orders"":1},{""price"":58399.44,""size"":0.5588087,""num_orders"":1},{""price"":58399.45,""size"":0.83414134,""num_orders"":2},{""price"":58399.49,""size"":0.01331,""num_orders"":1},{""price"":58399.5,""size"":0.00775974,""num_orders"":2},{""price"":58400.0,""size"":0.0144,""num_orders"":1},{""price"":58401.99,""size"":0.01617874,""num_orders"":1},{""price"":58402.0,""size"":0.0144,""num_orders"":1},{""price"":58403.0,""size"":1.08231356,""num_orders"":1},{""price"":58403.01,""size"":0.82083134,""num_orders"":1}]"
btc_usd_d10_20260630T121541Z,58,2026-06-30T13:13:41.466268Z,2026-06-30T13:13:41.466415Z,BTC-USD,10,ok,,131722063914,2026-06-30T13:13:40.531364132Z,0.37712383,0.82225793,-0.371136292751,58375.010000000002,58375.019999999997,58375.014999999999,0.009999999995,0.001713061657,"[{""price"":58375.01,""size"":0.00256944,""num_orders"":1},{""price"":58375.0,""size"":2.1e-07,""num_orders"":1},{""price"":58374.99,""size"":2.2e-07,""num_orders"":1},{""price"":58372.0,""size"":0.01294491,""num_orders"":2},{""price"":58371.64,""size"":0.0030493,""num_orders"":2},{""price"":58371.63,""size"":2e-05,""num_orders"":1},{""price"":58370.63,""size"":0.00256957,""num_orders"":1},{""price"":58370.0,""size"":0.0129,""num_orders"":1},{""price"":58369.79,""size"":0.00043111,""num_orders"":1},{""price"":58369.19,""size"":0.34263907,""num_orders"":1}]","[{""price"":58375.02,""size"":0.21320365,""num_orders"":7},{""price"":58375.03,""size"":4.1e-07,""num_orders"":2},{""price"":58375.57,""size"":0.04283021,""num_orders"":1},{""price"":58375.58,""size"":0.05390207,""num_orders"":1},{""price"":58375.89,""size"":0.00028193,""num_orders"":1},{""price"":58376.0,""size"":0.0129,""num_orders"":1},{""price"":58376.52,""size"":0.07710629,""num_orders"":1},{""price"":58377.4,""size"":0.13703934,""num_orders"":1},{""price"":58377.97,""size"":0.27209403,""num_orders"":2},{""price"":58378.0,""size"":0.0129,""num_orders"":1}]"
btc_usd_d10_20260630T121541Z,59,2026-06-30T13:14:41.466268Z,2026-06-30T13:14:41.466401Z,BTC-USD,10,ok,,131722121946,2026-06-30T13:14:40.102006948Z,1.07666302,0.6889617,0.219583083318,58322.540000000001,58322.550000000003,58322.544999999998,0.010000000002,0.001714602818,"[{""price"":58322.54,""size"":0.02342449,""num_orders"":1},{""price"":58320.0,""size"":0.0128,""num_orders"":1},{""price"":58318.54,""size"":1.1e-07,""num_orders"":1},{""price"":58318.0,""size"":0.0128,""num_orders"":1},{""price"":58316.61,""size"":0.41156509,""num_orders"":1},{""price"":58316.23,""size"":0.00247612,""num_orders"":1},{""price"":58316.0,""size"":0.0134,""num_orders"":1},{""price"":58314.78,""size"":0.13718648,""num_orders"":1},{""price"":58314.64,""size"":0.41156509,""num_orders"":1},{""price"":58314.63,""size"":0.05144564,""num_orders"":1}]","[{""price"":58322.55,""size"":0.04944812,""num_orders"":2},{""price"":58322.56,""size"":0.17040634,""num_orders"":2},{""price"":58322.57,""size"":0.07863439,""num_orders"":3},{""price"":58322.58,""size"":0.18990755,""num_orders"":2},{""price"":58322.59,""size"":0.03437455,""num_orders"":2},{""price"":58322.6,""size"":0.03323815,""num_orders"":1},{""price"":58322.61,""size"":0.03323815,""num_orders"":1},{""price"":58322.62,""size"":0.03323815,""num_orders"":1},{""price"":58322.63,""size"":0.03323815,""num_orders"":1},{""price"":58322.64,""size"":0.03323815,""num_orders"":1}]"
