window_id,sample_index,planned_at_utc,collected_at_utc,product_id,depth,status,error,sequence,snapshot_time_utc,bid_volume,ask_volume,imbalance,best_bid,best_ask,mid_price,spread,spread_bps,bids_json,asks_json
btc_usd_d10_20260920T005352Z,0,2026-09-20T00:53:52.783973Z,2026-09-20T00:53:52.784005Z,BTC-USD,10,ok,,136391682426,2026-09-20T00:53:50.812900474Z,0.3119653,0.53057249,-0.259462771397,81267.320000000007,81267.330000000002,81267.325000000012,0.009999999995,0.001230506848,"[{""price"":81267.32,""size"":0.05335935,""num_orders"":3},{""price"":81267.31,""size"":0.00022456,""num_orders"":1},{""price"":81266.15,""size"":0.03864116,""num_orders"":1},{""price"":81265.69,""size"":0.02461064,""num_orders"":2},{""price"":81265.22,""size"":0.00738295,""num_orders"":1},{""price"":81263.71,""size"":0.09844492,""num_orders"":1},{""price"":81262.7,""size"":0.07381947,""num_orders"":1},{""price"":81262.51,""size"":0.00123011,""num_orders"":1},{""price"":81261.37,""size"":0.00922886,""num_orders"":1},{""price"":81260.11,""size"":0.00502328,""num_orders"":1}]","[{""price"":81267.33,""size"":0.00818286,""num_orders"":2},{""price"":81268.96,""size"":0.02460964,""num_orders"":2},{""price"":81269.26,""size"":0.20604088,""num_orders"":1},{""price"":81269.36,""size"":0.00738304,""num_orders"":1},{""price"":81269.88,""size"":0.07381947,""num_orders"":1},{""price"":81269.89,""size"":0.10029305,""num_orders"":1},{""price"":81270.78,""size"":0.09843636,""num_orders"":1},{""price"":81271.95,""size"":0.00246113,""num_orders"":1},{""price"":81272.07,""size"":0.00011726,""num_orders"":1},{""price"":81272.11,""size"":0.0092288,""num_orders"":1}]"
btc_usd_d10_20260920T005352Z,1,2026-09-20T00:54:52.783973Z,2026-09-20T00:54:52.784112Z,BTC-USD,10,ok,,136391701611,2026-09-20T00:54:51.477866859Z,0.62267043,0.8358805,-0.146179379557,81267.320000000007,81267.330000000002,81267.325000000012,0.009999999995,0.001230506848,"[{""price"":81267.32,""size"":0.12321928,""num_orders"":6},{""price"":81267.31,""size"":0.00022456,""num_orders"":1},{""price"":81267.25,""size"":0.00012195,""num_orders"":1},{""price"":81266.15,""size"":0.03864116,""num_orders"":1},{""price"":81265.74,""size"":0.010103,""num_orders"":1},{""price"":81265.69,""size"":0.02461064,""num_orders"":2},{""price"":81265.29,""size"":0.00738304,""num_orders"":1},{""price"":81264.74,""size"":0.07381947,""num_orders"":1},{""price"":81264.73,""size"":0.09844367,""num_orders"":1},{""price"":81264.53,""size"":0.24610366,""num_orders"":1}]","[{""price"":81267.33,""size"":0.00837818,""num_orders"":3},{""price"":81268.96,""size"":0.02460964,""num_orders"":2},{""price"":81269.36,""size"":0.00738304,""num_orders"":1},{""price"":81272.01,""size"":0.22979881,""num_orders"":1},{""price"":81272.02,""size"":0.20343953,""num_orders"":1},{""price"":81272.04,""size"":0.07381947,""num_orders"":1},{""price"":81272.05,""size"":0.09843483,""num_orders"":1},{""price"":81272.11,""size"":0.0092288,""num_orders"":1},{""price"":81275.1,""size"":0.10450785,""num_orders"":2},{""price"":81275.11,""size"":0.07628035,""num_orders"":2}]"
btc_usd_d10_20260920T005352Z,2,2026-09-20T00:55:52.783973Z,2026-09-20T00:55:52.784103Z,BTC-USD,10,ok,,136391721969,2026-09-20T00:55:51.810114714Z,0.68354668,0.39303433,0.269847180381,81260.199999999997,81260.210000000006,81260.205000000002,0.010000000009,0.001230614667,"[{""price"":81260.2,""size"":0.13842426,""num_orders"":5},{""price"":81258.57,""size"":0.02461278,""num_orders"":2},{""price"":81258.17,""size"":0.00738368,""num_orders"":1},{""price"":81257.74,""size"":0.00038247,""num_orders"":3},{""price"":81255.61,""size"":0.09845473,""num_orders"":1},{""price"":81255.42,""size"":0.0092296,""num_orders"":1},{""price"":81255.17,""size"":0.0012302,""num_orders"":1},{""price"":81254.73,""size"":0.25001148,""num_orders"":1},{""price"":81254.72,""size"":0.07381947,""num_orders"":1},{""price"":81254.71,""size"":0.07999801,""num_orders"":1}]","[{""price"":81260.21,""size"":0.0081836,""num_orders"":2},{""price"":81261.84,""size"":0.0246118,""num_orders"":2},{""price"":81262.24,""size"":0.00738368,""num_orders"":1},{""price"":81262.53,""size"":0.07897634,""num_orders"":1},{""price"":81262.54,""size"":0.09844634,""num_orders"":1},{""price"":81264.15,""size"":0.00922979,""num_orders"":1},{""price"":81265.85,""size"":0.08972658,""num_orders"":1},{""price"":81265.86,""size"":0.07381947,""num_orders"":1},{""price"":81267.33,""size"":0.00019532,""num_orders"":1},{""price"":81267.42,""size"":0.00246141,""num_orders"":1}]"
btc_usd_d10_20260920T005352Z,3,2026-09-20T00:56:52.783973Z,2026-09-20T00:56:52.784103Z,BTC-USD,10,ok,,136391741181,2026-09-20T00:56:51.545221270Z,0.23173064,0.60807716,-0.448134108781,81261.809999999998,81261.820000000007,81261.815000000002,0.010000000009,0.001230590285,"[{""price"":81261.81,""size"":0.01482186,""num_orders"":4},{""price"":81260.49,""size"":0.01109138,""num_orders"":1},{""price"":81260.2,""size"":8.604e-05,""num_orders"":1},{""price"":81260.18,""size"":0.0246123,""num_orders"":2},{""price"":81259.78,""size"":0.00738354,""num_orders"":1},{""price"":81259.41,""size"":0.00246112,""num_orders"":1},{""price"":81258.81,""size"":0.07381947,""num_orders"":1},{""price"":81258.8,""size"":0.088,""num_orders"":1},{""price"":81257.81,""size"":0.00922924,""num_orders"":1},{""price"":81257.74,""size"":0.00022569,""num_orders"":2}]","[{""price"":81261.82,""size"":0.05015811,""num_orders"":2},{""price"":81262.78,""size"":0.12194344,""num_orders"":1},{""price"":81262.79,""size"":0.07381947,""num_orders"":1},{""price"":81262.8,""size"":0.09844604,""num_orders"":1},{""price"":81263.36,""size"":0.00079988,""num_orders"":1},{""price"":81263.45,""size"":0.02461132,""num_orders"":2},{""price"":81263.85,""size"":0.00738354,""num_orders"":1},{""price"":81265.81,""size"":0.14786647,""num_orders"":1},{""price"":81265.82,""size"":0.07381947,""num_orders"":1},{""price"":81266.6,""size"":0.00922942,""num_orders"":1}]"
btc_usd_d10_20260920T005352Z,4,2026-09-20T00:57:52.783973Z,2026-09-20T00:57:52.784099Z,BTC-USD,10,ok,,136391758584,2026-09-20T00:57:51.014090666Z,0.36589671,0.60883899,-0.249239132208,81257.990000000005,81258,81257.994999999995,0.009999999995,0.001230648134,"[{""price"":81257.99,""size"":0.01311562,""num_orders"":4},{""price"":81257.74,""size"":0.00022569,""num_orders"":2},{""price"":81256.51,""size"":0.0024612,""num_orders"":1},{""price"":81256.36,""size"":0.02461346,""num_orders"":2},{""price"":81255.96,""size"":0.00738388,""num_orders"":1},{""price"":81254.48,""size"":0.07381947,""num_orders"":1},{""price"":81254.47,""size"":0.03638563,""num_orders"":1},{""price"":81254.37,""size"":0.08700102,""num_orders"":1},{""price"":81253.49,""size"":0.07999801,""num_orders"":1},{""price"":81253.38,""size"":0.04089273,""num_orders"":1}]","[{""price"":81258.0,""size"":0.33948458,""num_orders"":5},{""price"":81258.01,""size"":0.09285608,""num_orders"":2},{""price"":81258.02,""size"":0.03,""num_orders"":1},{""price"":81258.03,""size"":0.00029616,""num_orders"":1},{""price"":81258.04,""size"":0.00034058,""num_orders"":1},{""price"":81258.62,""size"":0.09845109,""num_orders"":1},{""price"":81259.63,""size"":0.02461246,""num_orders"":2},{""price"":81260.32,""size"":0.00738387,""num_orders"":1},{""price"":81260.88,""size"":0.00079992,""num_orders"":1},{""price"":81262.77,""size"":0.01461425,""num_orders"":1}]"
btc_usd_d10_20260920T005352Z,5,2026-09-20T00:58:52.783973Z,2026-09-20T00:58:52.784100Z,BTC-USD,10,ok,,136391781691,2026-09-20T00:58:50.960080697Z,0.42359336,0.28882344,0.189172854992,81240.580000000002,81240.589999999997,81240.584999999992,0.009999999995,0.001230911864,"[{""price"":81240.58,""size"":0.11810802,""num_orders"":5},{""price"":81240.57,""size"":0.00019679,""num_orders"":2},{""price"":81240.48,""size"":0.04734667,""num_orders"":1},{""price"":81238.66,""size"":0.00123045,""num_orders"":1},{""price"":81238.55,""size"":0.00738547,""num_orders"":1},{""price"":81238.5,""size"":0.0428709,""num_orders"":2},{""price"":81237.49,""size"":0.07381947,""num_orders"":1},{""price"":81237.48,""size"":0.04499784,""num_orders"":1},{""price"":81236.72,""size"":0.04263991,""num_orders"":1},{""price"":81236.26,""size"":0.04499784,""num_orders"":1}]","[{""price"":81240.59,""size"":0.01387965,""num_orders"":2},{""price"":81240.61,""size"":0.00093678,""num_orders"":1},{""price"":81240.63,""size"":0.0010773,""num_orders"":1},{""price"":81242.07,""size"":0.00021263,""num_orders"":1},{""price"":81242.22,""size"":0.02461774,""num_orders"":2},{""price"":81242.61,""size"":0.00738547,""num_orders"":1},{""price"":81243.83,""size"":0.00125474,""num_orders"":1},{""price"":81245.36,""size"":0.00923184,""num_orders"":1},{""price"":81246.37,""size"":0.15640782,""num_orders"":2},{""price"":81246.38,""size"":0.07381947,""num_orders"":1}]"
btc_usd_d10_20260920T005352Z,6,2026-09-20T00:59:52.783973Z,2026-09-20T00:59:52.784100Z,BTC-USD,10,ok,,136391805566,2026-09-20T00:59:50.818661126Z,0.32136637,0.71757444,-0.381357692552,81277.479999999996,81277.490000000005,81277.485000000001,0.010000000009,0.001230353032,"[{""price"":81277.48,""size"":0.03801705,""num_orders"":4},{""price"":81277.47,""size"":0.00093989,""num_orders"":1},{""price"":81277.46,""size"":0.02999974,""num_orders"":1},{""price"":81275.59,""size"":0.02460764,""num_orders"":2},{""price"":81275.42,""size"":0.00738211,""num_orders"":1},{""price"":81275.13,""size"":0.045,""num_orders"":1},{""price"":81274.55,""size"":0.03075681,""num_orders"":1},{""price"":81273.91,""size"":0.045,""num_orders"":1},{""price"":81273.67,""size"":0.00122992,""num_orders"":1},{""price"":81273.37,""size"":0.09843321,""num_orders"":1}]","[{""price"":81277.49,""size"":0.00738211,""num_orders"":1},{""price"":81278.94,""size"":0.17259996,""num_orders"":4},{""price"":81278.95,""size"":0.07381947,""num_orders"":1},{""price"":81279.12,""size"":0.02460656,""num_orders"":2},{""price"":81279.96,""size"":0.00738212,""num_orders"":1},{""price"":81280.5,""size"":1.4e-05,""num_orders"":1},{""price"":81280.68,""size"":0.09842437,""num_orders"":1},{""price"":81281.05,""size"":0.10746457,""num_orders"":1},{""price"":81281.66,""size"":0.00246094,""num_orders"":1},{""price"":81281.8,""size"":0.22342034,""num_orders"":1}]"
btc_usd_d10_20260920T005352Z,7,2026-09-20T01:00:52.783973Z,2026-09-20T01:00:52.784105Z,BTC-USD,10,ok,,136391828241,2026-09-20T01:00:50.500124221Z,0.29334921,0.55587823,-0.309138644884,81261.740000000005,81261.75,81261.744999999995,0.009999999995,0.001230591343,"[{""price"":81261.74,""size"":0.01669032,""num_orders"":5},{""price"":81260.86,""size"":0.00079988,""num_orders"":1},{""price"":81260.11,""size"":0.02461232,""num_orders"":2},{""price"":81259.71,""size"":0.00738354,""num_orders"":1},{""price"":81258.61,""size"":0.09845109,""num_orders"":1},{""price"":81257.63,""size"":0.00123016,""num_orders"":1},{""price"":81257.39,""size"":0.01400032,""num_orders"":1},{""price"":81256.96,""size"":0.00922943,""num_orders"":1},{""price"":81256.21,""size"":0.07381947,""num_orders"":1},{""price"":81254.65,""size"":0.04713268,""num_orders"":1}]","[{""price"":81261.75,""size"":0.00588533,""num_orders"":4},{""price"":81262.14,""size"":0.01910099,""num_orders"":1},{""price"":81263.38,""size"":0.02461134,""num_orders"":2},{""price"":81263.79,""size"":0.00738362,""num_orders"":1},{""price"":81264.97,""size"":0.16768867,""num_orders"":1},{""price"":81265.26,""size"":0.07381947,""num_orders"":1},{""price"":81265.27,""size"":0.10971689,""num_orders"":1},{""price"":81265.79,""size"":0.0984424,""num_orders"":1},{""price"":81265.92,""size"":0.04,""num_orders"":1},{""price"":81266.54,""size"":0.00922952,""num_orders"":1}]"
btc_usd_d10_20260920T005352Z,8,2026-09-20T01:01:52.783973Z,2026-09-20T01:01:52.784102Z,BTC-USD,10,ok,,136391849194,2026-09-20T01:01:50.500133321Z,0.16966098,0.66772753,-0.594785507625,81278.240000000005,81278.25,81278.244999999995,0.009999999995,0.001230341526,"[{""price"":81278.24,""size"":0.01045213,""num_orders"":4},{""price"":81277.17,""size"":0.0006698,""num_orders"":1},{""price"":81276.88,""size"":0.03,""num_orders"":1},{""price"":81276.86,""size"":0.03,""num_orders"":1},{""price"":81276.59,""size"":0.02460734,""num_orders"":2},{""price"":81276.17,""size"":0.00738194,""num_orders"":1},{""price"":81276.13,""size"":0.04250815,""num_orders"":1},{""price"":81275.42,""size"":0.01800208,""num_orders"":1},{""price"":81274.49,""size"":0.00105696,""num_orders"":1},{""price"":81274.04,""size"":0.00498258,""num_orders"":1}]","[{""price"":81278.25,""size"":0.0003,""num_orders"":1},{""price"":81278.53,""size"":0.07358903,""num_orders"":1},{""price"":81278.54,""size"":0.09842697,""num_orders"":1},{""price"":81279.86,""size"":0.00023149,""num_orders"":1},{""price"":81280.17,""size"":0.02460624,""num_orders"":2},{""price"":81282.66,""size"":0.13405822,""num_orders"":1},{""price"":81282.79,""size"":0.22332265,""num_orders"":2},{""price"":81282.8,""size"":0.00123048,""num_orders"":1},{""price"":81284.38,""size"":0.00246103,""num_orders"":1},{""price"":81286.45,""size"":0.10950142,""num_orders"":1}]"
btc_usd_d10_20260920T005352Z,9,2026-09-20T01:02:52.783973Z,2026-09-20T01:02:52.784133Z,BTC-USD,10,ok,,136391871369,2026-09-20T01:02:50.820376492Z,0.48354315,0.46974037,0.014479197123,81254.970000000001,81254.979999999996,81254.975000000006,0.009999999995,0.001230693874,"[{""price"":81254.97,""size"":0.18542163,""num_orders"":9},{""price"":81254.96,""size"":0.04749248,""num_orders"":3},{""price"":81254.28,""size"":0.09845634,""num_orders"":1},{""price"":81253.33,""size"":0.02461438,""num_orders"":2},{""price"":81252.94,""size"":0.00738416,""num_orders"":1},{""price"":81252.21,""size"":0.07381947,""num_orders"":1},{""price"":81252.2,""size"":0.03343348,""num_orders"":1},{""price"":81250.34,""size"":0.00123026,""num_orders"":1},{""price"":81250.19,""size"":0.0092302,""num_orders"":1},{""price"":81250.17,""size"":0.00246075,""num_orders"":1}]","[{""price"":81254.98,""size"":0.04882171,""num_orders"":6},{""price"":81255.0,""size"":0.03,""num_orders"":1},{""price"":81255.01,""size"":0.0004051,""num_orders"":1},{""price"":81256.64,""size"":0.02461338,""num_orders"":2},{""price"":81257.04,""size"":0.00738416,""num_orders"":1},{""price"":81258.75,""size"":0.00313711,""num_orders"":1},{""price"":81259.7,""size"":0.009978,""num_orders"":1},{""price"":81259.79,""size"":0.0092302,""num_orders"":1},{""price"":81261.65,""size"":0.2377233,""num_orders"":1},{""price"":81261.66,""size"":0.09844741,""num_orders"":1}]"
btc_usd_d10_20260920T005352Z,10,2026-09-20T01:03:52.783973Z,2026-09-20T01:03:52.784106Z,BTC-USD,10,ok,,136391894519,2026-09-20T01:03:51.530393123Z,0.51860357,0.53506894,-0.015626648549,81240.330000000002,81240.339999999997,81240.334999999992,0.009999999995,0.001230915652,"[{""price"":81240.33,""size"":0.23003932,""num_orders"":11},{""price"":81240.29,""size"":0.00080009,""num_orders"":1},{""price"":81239.99,""size"":0.0123723,""num_orders"":4},{""price"":81239.77,""size"":0.09847393,""num_orders"":1},{""price"":81239.53,""size"":0.00123045,""num_orders"":1},{""price"":81238.51,""size"":0.07381947,""num_orders"":1},{""price"":81238.5,""size"":0.01480021,""num_orders"":2},{""price"":81238.36,""size"":0.02461892,""num_orders"":2},{""price"":81238.03,""size"":0.00738551,""num_orders"":1},{""price"":81237.83,""size"":0.05506337,""num_orders"":1}]","[{""price"":81240.34,""size"":0.01309403,""num_orders"":2},{""price"":81240.36,""size"":0.03,""num_orders"":1},{""price"":81241.63,""size"":0.01230896,""num_orders"":1},{""price"":81242.02,""size"":0.00738554,""num_orders"":1},{""price"":81244.77,""size"":0.00923193,""num_orders"":1},{""price"":81244.8,""size"":0.00325726,""num_orders"":1},{""price"":81244.83,""size"":0.07381947,""num_orders"":1},{""price"":81245.64,""size"":0.009474,""num_orders"":1},{""price"":81247.29,""size"":0.27803294,""num_orders"":2},{""price"":81247.3,""size"":0.09846481,""num_orders"":1}]"
btc_usd_d10_20260920T005352Z,11,2026-09-20T01:04:52.783973Z,2026-09-20T01:04:52.784099Z,BTC-USD,10,ok,,136391913363,2026-09-20T01:04:51.001371029Z,0.44807231,0.39702831,0.060399908356,81235.199999999997,81235.210000000006,81235.205000000002,0.010000000009,0.001230993386,"[{""price"":81235.2,""size"":0.0384332,""num_orders"":10},{""price"":81233.57,""size"":0.02462036,""num_orders"":2},{""price"":81233.17,""size"":0.00738596,""num_orders"":1},{""price"":81232.74,""size"":0.04003094,""num_orders"":4},{""price"":81231.63,""size"":0.09848379,""num_orders"":1},{""price"":81230.56,""size"":0.07381947,""num_orders"":1},{""price"":81230.42,""size"":0.00923245,""num_orders"":1},{""price"":81230.0,""size"":0.01,""num_orders"":1},{""price"":81229.63,""size"":0.0012306,""num_orders"":1},{""price"":81228.0,""size"":0.14483554,""num_orders"":2}]","[{""price"":81235.21,""size"":0.0644618,""num_orders"":3},{""price"":81235.24,""size"":0.00050403,""num_orders"":1},{""price"":81235.25,""size"":0.00057963,""num_orders"":1},{""price"":81235.27,""size"":0.00374332,""num_orders"":1},{""price"":81236.84,""size"":0.01230969,""num_orders"":1},{""price"":81237.14,""size"":0.07381947,""num_orders"":1},{""price"":81237.15,""size"":0.12651699,""num_orders"":2},{""price"":81237.24,""size"":0.00738596,""num_orders"":1},{""price"":81238.92,""size"":0.09847497,""num_orders"":1},{""price"":81239.99,""size"":0.00923245,""num_orders"":1}]"
btc_usd_d10_20260920T005352Z,12,2026-09-20T01:05:52.783973Z,2026-09-20T01:05:52.784098Z,BTC-USD,10,ok,,136391934505,2026-09-20T01:05:50.500205353Z,0.27319279,0.49612772,-0.289781602209,81247.929999999993,81247.940000000002,81247.934999999998,0.010000000009,0.001230800513,"[{""price"":81247.93,""size"":0.03091665,""num_orders"":6},{""price"":81246.3,""size"":0.0246165,""num_orders"":2},{""price"":81245.9,""size"":0.0073848,""num_orders"":1},{""price"":81244.95,""size"":0.01300121,""num_orders"":1},{""price"":81243.73,""size"":0.01300121,""num_orders"":1},{""price"":81242.15,""size"":0.00080002,""num_orders"":1},{""price"":81242.14,""size"":0.0092309,""num_orders"":1},{""price"":81240.53,""size"":0.00123041,""num_orders"":1},{""price"":81240.45,""size"":0.02,""num_orders"":1},{""price"":81240.44,""size"":0.15301109,""num_orders"":1}]","[{""price"":81247.94,""size"":0.04940132,""num_orders"":4},{""price"":81248.56,""size"":0.15992673,""num_orders"":1},{""price"":81248.57,""size"":0.09846327,""num_orders"":1},{""price"":81249.57,""size"":0.01230776,""num_orders"":1},{""price"":81249.91,""size"":0.07381947,""num_orders"":1},{""price"":81249.97,""size"":0.0073848,""num_orders"":1},{""price"":81252.46,""size"":0.07381947,""num_orders"":1},{""price"":81252.72,""size"":0.009231,""num_orders"":1},{""price"":81252.75,""size"":0.0024619,""num_orders"":1},{""price"":81253.16,""size"":0.009312,""num_orders"":1}]"
btc_usd_d10_20260920T005352Z,13,2026-09-20T01:06:52.783973Z,2026-09-20T01:06:52.784104Z,BTC-USD,10,ok,,136391957631,2026-09-20T01:06:52.520143461Z,0.3189263,1.83284742,-0.703568923595,81228.899999999994,81228.910000000003,81228.904999999999,0.010000000009,0.00123108886,"[{""price"":81228.9,""size"":0.04081719,""num_orders"":4},{""price"":81228.0,""size"":0.00070359,""num_orders"":2},{""price"":81227.27,""size"":0.02462228,""num_orders"":2},{""price"":81226.87,""size"":0.00738653,""num_orders"":1},{""price"":81226.62,""size"":0.02971994,""num_orders"":1},{""price"":81225.9,""size"":0.01599875,""num_orders"":1},{""price"":81225.39,""size"":0.07518721,""num_orders"":1},{""price"":81225.0,""size"":0.01,""num_orders"":1},{""price"":81224.81,""size"":0.09849206,""num_orders"":1},{""price"":81224.68,""size"":0.01599875,""num_orders"":1}]","[{""price"":81228.91,""size"":0.02549589,""num_orders"":5},{""price"":81228.92,""size"":0.00113937,""num_orders"":1},{""price"":81228.94,""size"":0.00119635,""num_orders"":1},{""price"":81229.48,""size"":0.07381947,""num_orders"":1},{""price"":81229.49,""size"":0.61136669,""num_orders"":1},{""price"":81229.5,""size"":1.0,""num_orders"":1},{""price"":81230.13,""size"":0.00164934,""num_orders"":1},{""price"":81230.54,""size"":0.01231064,""num_orders"":1},{""price"":81230.96,""size"":0.00738657,""num_orders"":1},{""price"":81232.22,""size"":0.0984831,""num_orders"":1}]"
btc_usd_d10_20260920T005352Z,14,2026-09-20T01:07:52.783973Z,2026-09-20T01:07:52.784107Z,BTC-USD,10,ok,,136391978833,2026-09-20T01:07:51.523940250Z,0.3477091,0.62610165,-0.285879520225,81233.919999999998,81233.929999999993,81233.924999999988,0.009999999995,0.001231012781,"[{""price"":81233.92,""size"":0.06948084,""num_orders"":7},{""price"":81232.28,""size"":0.02462076,""num_orders"":2},{""price"":81231.42,""size"":0.00738609,""num_orders"":1},{""price"":81230.89,""size"":0.00147558,""num_orders"":1},{""price"":81230.29,""size"":0.09494373,""num_orders"":1},{""price"":81230.27,""size"":0.09848544,""num_orders"":1},{""price"":81230.12,""size"":8.604e-05,""num_orders"":1},{""price"":81229.78,""size"":0.02500001,""num_orders"":1},{""price"":81229.64,""size"":0.0012306,""num_orders"":1},{""price"":81229.25,""size"":0.02500001,""num_orders"":1}]","[{""price"":81233.93,""size"":0.0083929,""num_orders"":6},{""price"":81235.21,""size"":0.07381947,""num_orders"":1},{""price"":81235.22,""size"":0.26199149,""num_orders"":1},{""price"":81235.56,""size"":0.01230988,""num_orders"":1},{""price"":81235.96,""size"":0.00738607,""num_orders"":1},{""price"":81236.2,""size"":0.07070074,""num_orders"":1},{""price"":81237.21,""size"":0.09847704,""num_orders"":1},{""price"":81237.95,""size"":0.07381947,""num_orders"":1},{""price"":81238.53,""size"":0.009972,""num_orders"":1},{""price"":81238.71,""size"":0.00923259,""num_orders"":1}]"
btc_usd_d10_20260920T005352Z,15,2026-09-20T01:08:52.783973Z,2026-09-20T01:08:52.784100Z,BTC-USD,10,ok,,136391995198,2026-09-20T01:08:51.520880997Z,0.26344556,0.81129283,-0.509749419112,81234.339999999997,81234.350000000006,81234.345000000001,0.010000000009,0.001231006418,"[{""price"":81234.34,""size"":0.05708119,""num_orders"":5},{""price"":81233.92,""size"":0.00046512,""num_orders"":1},{""price"":81232.71,""size"":0.02462062,""num_orders"":2},{""price"":81232.31,""size"":0.00738603,""num_orders"":1},{""price"":81230.13,""size"":0.07381947,""num_orders"":1},{""price"":81230.12,""size"":0.03919534,""num_orders"":2},{""price"":81229.78,""size"":0.02500001,""num_orders"":1},{""price"":81229.33,""size"":0.00164515,""num_orders"":1},{""price"":81229.25,""size"":0.02500001,""num_orders"":1},{""price"":81228.67,""size"":0.00923262,""num_orders"":1}]","[{""price"":81234.35,""size"":0.05135336,""num_orders"":4},{""price"":81234.39,""size"":0.00080015,""num_orders"":1},{""price"":81235.09,""size"":0.26189103,""num_orders"":1},{""price"":81235.1,""size"":0.0984796,""num_orders"":1},{""price"":81235.22,""size"":0.26199149,""num_orders"":1},{""price"":81235.3,""size"":0.03,""num_orders"":1},{""price"":81235.32,""size"":0.03,""num_orders"":1},{""price"":81235.98,""size"":0.01230982,""num_orders"":1},{""price"":81236.04,""size"":0.05708135,""num_orders"":1},{""price"":81236.38,""size"":0.00738603,""num_orders"":1}]"
btc_usd_d10_20260920T005352Z,16,2026-09-20T01:09:52.783973Z,2026-09-20T01:09:52.784105Z,BTC-USD,10,ok,,136392020659,2026-09-20T01:09:51.001560418Z,0.38427752,0.20889756,0.295663061233,81201.539999999994,81201.550000000003,81201.544999999998,0.010000000009,0.001231503663,"[{""price"":81201.54,""size"":0.11727237,""num_orders"":5},{""price"":81199.91,""size"":0.02463056,""num_orders"":2},{""price"":81199.51,""size"":0.00738902,""num_orders"":1},{""price"":81199.44,""size"":0.00123104,""num_orders"":1},{""price"":81198.35,""size"":0.0873835,""num_orders"":1},{""price"":81198.34,""size"":0.014,""num_orders"":1},{""price"":81197.24,""size"":0.01061683,""num_orders"":1},{""price"":81197.12,""size"":0.014,""num_orders"":1},{""price"":81196.77,""size"":0.00923627,""num_orders"":1},{""price"":81196.61,""size"":0.09851793,""num_orders"":1}]","[{""price"":81201.55,""size"":0.03220074,""num_orders"":4},{""price"":81201.56,""size"":0.03,""num_orders"":1},{""price"":81201.58,""size"":0.03,""num_orders"":1},{""price"":81203.18,""size"":0.02462958,""num_orders"":2},{""price"":81203.58,""size"":0.00738902,""num_orders"":1},{""price"":81203.64,""size"":0.0003582,""num_orders"":1},{""price"":81204.4,""size"":0.00119049,""num_orders"":1},{""price"":81204.45,""size"":0.009564,""num_orders"":1},{""price"":81205.44,""size"":0.06432926,""num_orders"":1},{""price"":81206.32,""size"":0.00923627,""num_orders"":1}]"
btc_usd_d10_20260920T005352Z,17,2026-09-20T01:10:52.783973Z,2026-09-20T01:10:52.784122Z,BTC-USD,10,ok,,136392048479,2026-09-20T01:10:51.021459286Z,0.41517138,0.30721926,0.149437318291,81161.860000000001,81161.869999999995,81161.864999999991,0.009999999995,0.001232105743,"[{""price"":81161.86,""size"":0.10619245,""num_orders"":6},{""price"":81160.23,""size"":0.02464262,""num_orders"":2},{""price"":81157.57,""size"":0.0024636,""num_orders"":1},{""price"":81157.45,""size"":0.10327074,""num_orders"":1},{""price"":81157.44,""size"":0.09851793,""num_orders"":1},{""price"":81157.42,""size"":0.06023392,""num_orders"":1},{""price"":81157.02,""size"":0.00123169,""num_orders"":1},{""price"":81155.0,""size"":0.01,""num_orders"":1},{""price"":81154.51,""size"":0.00860443,""num_orders"":1},{""price"":81154.5,""size"":1.4e-05,""num_orders"":1}]","[{""price"":81161.87,""size"":0.01213146,""num_orders"":4},{""price"":81161.88,""size"":0.03,""num_orders"":2},{""price"":81161.9,""size"":0.03,""num_orders"":1},{""price"":81163.43,""size"":0.00084572,""num_orders"":1},{""price"":81163.49,""size"":0.08462111,""num_orders"":1},{""price"":81163.5,""size"":0.02464162,""num_orders"":2},{""price"":81163.9,""size"":0.00739263,""num_orders"":1},{""price"":81165.56,""size"":0.09851793,""num_orders"":1},{""price"":81166.64,""size"":0.00924079,""num_orders"":1},{""price"":81167.88,""size"":0.009828,""num_orders"":1}]"
btc_usd_d10_20260920T005352Z,18,2026-09-20T01:11:52.783973Z,2026-09-20T01:11:52.784101Z,BTC-USD,10,ok,,136392078747,2026-09-20T01:11:51.302304714Z,0.379337,2.17762572,-0.703290941997,81168.300000000003,81168.309999999998,81168.304999999993,0.009999999995,0.001232007986,"[{""price"":81168.3,""size"":0.0429848,""num_orders"":5},{""price"":81166.69,""size"":0.12435571,""num_orders"":1},{""price"":81166.68,""size"":0.09856261,""num_orders"":1},{""price"":81166.27,""size"":0.00739204,""num_orders"":1},{""price"":81165.26,""size"":0.0200025,""num_orders"":1},{""price"":81164.86,""size"":0.00234138,""num_orders"":1},{""price"":81164.3,""size"":0.00246388,""num_orders"":1},{""price"":81164.04,""size"":0.0200025,""num_orders"":1},{""price"":81164.0,""size"":0.00123158,""num_orders"":1},{""price"":81163.53,""size"":0.06,""num_orders"":2}]","[{""price"":81168.31,""size"":0.13374528,""num_orders"":6},{""price"":81170.34,""size"":0.00739204,""num_orders"":1},{""price"":81171.99,""size"":0.09990061,""num_orders"":1},{""price"":81172.09,""size"":0.09822106,""num_orders"":1},{""price"":81172.21,""size"":0.009312,""num_orders"":1},{""price"":81172.84,""size"":0.00123203,""num_orders"":1},{""price"":81173.08,""size"":0.00924005,""num_orders"":1},{""price"":81173.68,""size"":0.09855411,""num_orders"":1},{""price"":81173.99,""size"":0.72002854,""num_orders"":2},{""price"":81174.0,""size"":1.0,""num_orders"":1}]"
btc_usd_d10_20260920T005352Z,19,2026-09-20T01:12:52.783973Z,2026-09-20T01:12:52.784117Z,BTC-USD,10,ok,,136392104596,2026-09-20T01:12:50.444510001Z,0.39104735,0.99672309,-0.43643798898,81139.990000000005,81140,81139.994999999995,0.009999999995,0.001232437837,"[{""price"":81139.99,""size"":0.02380609,""num_orders"":5},{""price"":81139.97,""size"":0.00036396,""num_orders"":1},{""price"":81139.52,""size"":0.00377722,""num_orders"":1},{""price"":81138.54,""size"":0.09859678,""num_orders"":1},{""price"":81137.72,""size"":0.20203835,""num_orders"":1},{""price"":81135.62,""size"":0.02499332,""num_orders"":1},{""price"":81135.61,""size"":0.02499332,""num_orders"":1},{""price"":81135.0,""size"":0.01,""num_orders"":1},{""price"":81133.89,""size"":0.00246431,""num_orders"":1},{""price"":81133.5,""size"":1.4e-05,""num_orders"":1}]","[{""price"":81140.0,""size"":0.05094723,""num_orders"":4},{""price"":81140.01,""size"":0.02232459,""num_orders"":1},{""price"":81140.02,""size"":0.03,""num_orders"":1},{""price"":81142.03,""size"":0.00739462,""num_orders"":1},{""price"":81143.1,""size"":0.00080108,""num_orders"":1},{""price"":81143.31,""size"":0.76766113,""num_orders"":2},{""price"":81143.33,""size"":0.09851793,""num_orders"":1},{""price"":81143.51,""size"":0.00034723,""num_orders"":1},{""price"":81144.77,""size"":0.00924328,""num_orders"":1},{""price"":81145.34,""size"":0.009486,""num_orders"":1}]"
btc_usd_d10_20260920T005352Z,20,2026-09-20T01:13:52.783973Z,2026-09-20T01:13:52.784106Z,BTC-USD,10,ok,,136392138108,2026-09-20T01:13:52.048036251Z,0.63648959,0.64938732,-0.01003029909,81131.809999999998,81133.330000000002,81132.570000000007,1.520000000004,0.18734769526,"[{""price"":81131.81,""size"":0.0174728,""num_orders"":3},{""price"":81130.67,""size"":0.00597861,""num_orders"":1},{""price"":81129.78,""size"":0.00739529,""num_orders"":1},{""price"":81127.49,""size"":0.00213728,""num_orders"":1},{""price"":81127.15,""size"":0.09861062,""num_orders"":1},{""price"":81126.0,""size"":0.00924423,""num_orders"":1},{""price"":81125.66,""size"":0.09851793,""num_orders"":1},{""price"":81122.65,""size"":0.1096,""num_orders"":1},{""price"":81122.45,""size"":0.1890149,""num_orders"":1},{""price"":81122.44,""size"":0.09851793,""num_orders"":1}]","[{""price"":81133.33,""size"":0.0128,""num_orders"":1},{""price"":81133.5,""size"":0.00014421,""num_orders"":2},{""price"":81134.24,""size"":0.09860202,""num_orders"":1},{""price"":81134.87,""size"":0.13823722,""num_orders"":1},{""price"":81134.88,""size"":0.09851793,""num_orders"":1},{""price"":81134.96,""size"":0.13303521,""num_orders"":1},{""price"":81136.05,""size"":0.0602983,""num_orders"":1},{""price"":81137.05,""size"":0.009216,""num_orders"":1},{""price"":81137.3,""size"":1.85e-05,""num_orders"":1},{""price"":81137.55,""size"":0.09851793,""num_orders"":1}]"
btc_usd_d10_20260920T005352Z,21,2026-09-20T01:14:52.783973Z,2026-09-20T01:14:52.784101Z,BTC-USD,10,ok,,136392167240,2026-09-20T01:14:51.532816698Z,0.61408508,0.43236988,0.173648371832,81101.75,81101.759999999995,81101.755000000005,0.009999999995,0.00123301894,"[{""price"":81101.75,""size"":0.35779887,""num_orders"":5},{""price"":81101.74,""size"":0.00054414,""num_orders"":2},{""price"":81101.24,""size"":0.00123253,""num_orders"":1},{""price"":81100.11,""size"":0.01233044,""num_orders"":1},{""price"":81099.72,""size"":0.00739811,""num_orders"":1},{""price"":81099.08,""size"":0.07349384,""num_orders"":1},{""price"":81099.07,""size"":0.09864477,""num_orders"":1},{""price"":81098.5,""size"":0.0219952,""num_orders"":1},{""price"":81097.29,""size"":0.01865198,""num_orders"":1},{""price"":81097.28,""size"":0.0219952,""num_orders"":1}]","[{""price"":81101.76,""size"":0.04205412,""num_orders"":7},{""price"":81101.78,""size"":0.03,""num_orders"":1},{""price"":81103.18,""size"":0.00080146,""num_orders"":1},{""price"":81103.38,""size"":0.01232994,""num_orders"":1},{""price"":81103.79,""size"":0.00739811,""num_orders"":1},{""price"":81104.82,""size"":0.009882,""num_orders"":1},{""price"":81106.08,""size"":0.00132303,""num_orders"":1},{""price"":81106.53,""size"":0.00924764,""num_orders"":1},{""price"":81106.61,""size"":0.07398124,""num_orders"":1},{""price"":81108.12,""size"":0.24535234,""num_orders"":1}]"
btc_usd_d10_20260920T005352Z,22,2026-09-20T01:15:52.783973Z,2026-09-20T01:15:52.784111Z,BTC-USD,10,ok,,136392194151,2026-09-20T01:15:51.473462354Z,0.32596596,1.02070078,-0.515892164976,81089.720000000001,81089.729999999996,81089.725000000006,0.009999999995,0.001233201863,"[{""price"":81089.72,""size"":0.01755576,""num_orders"":4},{""price"":81088.2,""size"":0.09865799,""num_orders"":1},{""price"":81088.09,""size"":0.01233227,""num_orders"":1},{""price"":81087.71,""size"":0.06019977,""num_orders"":1},{""price"":81086.95,""size"":0.0260238,""num_orders"":4},{""price"":81086.75,""size"":0.0493887,""num_orders"":1},{""price"":81086.14,""size"":0.0231053,""num_orders"":1},{""price"":81086.13,""size"":0.018,""num_orders"":1},{""price"":81084.92,""size"":0.01946959,""num_orders"":1},{""price"":81083.14,""size"":0.00123278,""num_orders"":1}]","[{""price"":81089.73,""size"":0.01980244,""num_orders"":2},{""price"":81091.35,""size"":0.06542766,""num_orders"":2},{""price"":81091.36,""size"":0.01233177,""num_orders"":1},{""price"":81091.57,""size"":0.00080158,""num_orders"":1},{""price"":81091.76,""size"":0.00739921,""num_orders"":1},{""price"":81092.17,""size"":0.07398124,""num_orders"":1},{""price"":81093.14,""size"":0.009228,""num_orders"":1},{""price"":81094.5,""size"":0.00924901,""num_orders"":1},{""price"":81094.62,""size"":0.36277651,""num_orders"":1},{""price"":81094.63,""size"":0.45970336,""num_orders"":3}]"
btc_usd_d10_20260920T005352Z,23,2026-09-20T01:16:52.783973Z,2026-09-20T01:16:52.784103Z,BTC-USD,10,ok,,136392233046,2026-09-20T01:16:50.887273929Z,0.90439434,0.26827413,0.542455285764,81070.5,81070.509999999995,81070.505000000005,0.009999999995,0.001233494228,"[{""price"":81070.5,""size"":0.1176305,""num_orders"":6},{""price"":81069.51,""size"":0.08120152,""num_orders"":1},{""price"":81069.5,""size"":0.09868075,""num_orders"":1},{""price"":81068.4,""size"":0.025,""num_orders"":1},{""price"":81065.95,""size"":0.2568802,""num_orders"":2},{""price"":81065.41,""size"":0.07398124,""num_orders"":1},{""price"":81065.32,""size"":0.06490666,""num_orders"":1},{""price"":81063.51,""size"":0.00253223,""num_orders"":1},{""price"":81062.75,""size"":0.07398124,""num_orders"":1},{""price"":81062.4,""size"":0.1096,""num_orders"":1}]","[{""price"":81070.51,""size"":0.10462148,""num_orders"":2},{""price"":81070.52,""size"":0.03,""num_orders"":2},{""price"":81070.54,""size"":0.02999947,""num_orders"":2},{""price"":81070.91,""size"":0.00016809,""num_orders"":1},{""price"":81071.29,""size"":0.00246701,""num_orders"":1},{""price"":81071.49,""size"":0.0061665,""num_orders"":1},{""price"":81072.39,""size"":0.00927,""num_orders"":1},{""price"":81072.93,""size"":0.00740092,""num_orders"":1},{""price"":81073.51,""size"":0.07398124,""num_orders"":1},{""price"":81074.44,""size"":0.00419942,""num_orders"":1}]"
btc_usd_d10_20260920T005352Z,24,2026-09-20T01:17:52.783973Z,2026-09-20T01:17:52.784103Z,BTC-USD,10,ok,,136392256124,2026-09-20T01:17:51.015780812Z,0.66686902,1.08556805,-0.238923860473,81094.610000000001,81094.619999999995,81094.614999999991,0.009999999995,0.001233127501,"[{""price"":81094.61,""size"":0.26405108,""num_orders"":10},{""price"":81093.89,""size"":0.06383437,""num_orders"":1},{""price"":81093.88,""size"":0.09865109,""num_orders"":1},{""price"":81092.58,""size"":0.00739876,""num_orders"":1},{""price"":81090.1,""size"":0.00080153,""num_orders"":1},{""price"":81089.84,""size"":0.00924845,""num_orders"":1},{""price"":81089.33,""size"":0.00246617,""num_orders"":1},{""price"":81086.06,""size"":0.13643633,""num_orders"":1},{""price"":81086.05,""size"":0.07398124,""num_orders"":1},{""price"":81085.0,""size"":0.01,""num_orders"":1}]","[{""price"":81094.62,""size"":0.00083987,""num_orders"":3},{""price"":81095.52,""size"":0.00616718,""num_orders"":1},{""price"":81097.08,""size"":0.07398124,""num_orders"":1},{""price"":81099.64,""size"":0.009318,""num_orders"":1},{""price"":81099.83,""size"":0.10903458,""num_orders"":1},{""price"":81099.84,""size"":0.07398124,""num_orders"":1},{""price"":81100.0,""size"":0.01,""num_orders"":1},{""price"":81101.16,""size"":0.09864224,""num_orders"":1},{""price"":81102.0,""size"":1.4e-05,""num_orders"":1},{""price"":81102.56,""size"":0.7035897,""num_orders"":2}]"
btc_usd_d10_20260920T005352Z,25,2026-09-20T01:18:52.783973Z,2026-09-20T01:18:52.784104Z,BTC-USD,10,ok,,136392286867,2026-09-20T01:18:50.899009871Z,0.4098749,0.43244979,-0.026800698434,81118.339999999997,81118.350000000006,81118.345000000001,0.010000000009,0.001232766769,"[{""price"":81118.34,""size"":0.08484783,""num_orders"":5},{""price"":81118.32,""size"":0.03,""num_orders"":1},{""price"":81118.01,""size"":0.05894791,""num_orders"":1},{""price"":81118.0,""size"":0.09862175,""num_orders"":1},{""price"":81116.55,""size"":0.00011847,""num_orders"":1},{""price"":81116.31,""size"":0.00747952,""num_orders"":2},{""price"":81114.06,""size"":0.00246563,""num_orders"":1},{""price"":81113.57,""size"":0.00924575,""num_orders"":1},{""price"":81112.51,""size"":0.0441668,""num_orders"":1},{""price"":81111.8,""size"":0.07398124,""num_orders"":1}]","[{""price"":81118.35,""size"":0.13181373,""num_orders"":1},{""price"":81120.0,""size"":0.01,""num_orders"":1},{""price"":81120.7,""size"":0.009912,""num_orders"":1},{""price"":81121.39,""size"":0.00123289,""num_orders"":1},{""price"":81122.23,""size"":0.07398124,""num_orders"":1},{""price"":81123.0,""size"":1.4e-05,""num_orders"":1},{""price"":81124.78,""size"":0.07398124,""num_orders"":1},{""price"":81125.0,""size"":0.01,""num_orders"":1},{""price"":81126.85,""size"":0.04753345,""num_orders"":1},{""price"":81127.22,""size"":0.07398124,""num_orders"":1}]"
btc_usd_d10_20260920T005352Z,26,2026-09-20T01:19:52.783973Z,2026-09-20T01:19:52.784097Z,BTC-USD,10,ok,,136392315592,2026-09-20T01:19:50.505818719Z,0.27430765,0.99958273,-0.56933868988,81166.320000000007,81166.330000000002,81166.325000000012,0.009999999995,0.00123203804,"[{""price"":81166.32,""size"":0.01706337,""num_orders"":4},{""price"":81164.99,""size"":0.00041434,""num_orders"":1},{""price"":81164.69,""size"":0.01232063,""num_orders"":1},{""price"":81164.29,""size"":0.00739222,""num_orders"":1},{""price"":81163.06,""size"":0.00616191,""num_orders"":1},{""price"":81162.03,""size"":0.00080082,""num_orders"":1},{""price"":81161.56,""size"":0.08375159,""num_orders"":2},{""price"":81161.55,""size"":0.00924028,""num_orders"":1},{""price"":81160.79,""size"":0.09856975,""num_orders"":1},{""price"":81160.6,""size"":0.03859274,""num_orders"":1}]","[{""price"":81166.33,""size"":0.07832597,""num_orders"":5},{""price"":81167.96,""size"":0.01232013,""num_orders"":1},{""price"":81168.36,""size"":0.00739222,""num_orders"":1},{""price"":81168.97,""size"":0.09855984,""num_orders"":1},{""price"":81169.19,""size"":0.07398124,""num_orders"":1},{""price"":81169.71,""size"":0.31297762,""num_orders"":1},{""price"":81169.72,""size"":0.27358877,""num_orders"":2},{""price"":81170.0,""size"":0.01,""num_orders"":1},{""price"":81171.03,""size"":0.12319666,""num_orders"":1},{""price"":81171.1,""size"":0.00924028,""num_orders"":1}]"
btc_usd_d10_20260920T005352Z,27,2026-09-20T01:20:52.783973Z,2026-09-20T01:20:52.784107Z,BTC-USD,10,ok,,136392339758,2026-09-20T01:20:50.529229217Z,0.29769513,0.79510454,-0.455169802531,81164.729999999996,81164.740000000005,81164.735000000001,0.010000000009,0.001232062177,"[{""price"":81164.73,""size"":0.00111491,""num_orders"":3},{""price"":81163.1,""size"":0.01232087,""num_orders"":1},{""price"":81161.29,""size"":0.00379074,""num_orders"":1},{""price"":81157.9,""size"":0.07435367,""num_orders"":2},{""price"":81157.89,""size"":0.02897642,""num_orders"":1},{""price"":81156.7,""size"":0.00080084,""num_orders"":1},{""price"":81156.3,""size"":0.09857521,""num_orders"":1},{""price"":81155.16,""size"":0.06529833,""num_orders"":1},{""price"":81155.0,""size"":0.01,""num_orders"":1},{""price"":81151.91,""size"":0.00246414,""num_orders"":1}]","[{""price"":81164.74,""size"":0.19598209,""num_orders"":8},{""price"":81165.14,""size"":0.21694481,""num_orders"":1},{""price"":81165.15,""size"":0.09856448,""num_orders"":1},{""price"":81165.64,""size"":0.07398124,""num_orders"":1},{""price"":81166.14,""size"":0.009312,""num_orders"":1},{""price"":81166.33,""size"":0.00023149,""num_orders"":2},{""price"":81166.37,""size"":0.01232037,""num_orders"":1},{""price"":81166.77,""size"":0.00739237,""num_orders"":1},{""price"":81167.46,""size"":0.17090169,""num_orders"":1},{""price"":81167.58,""size"":0.009474,""num_orders"":1}]"
btc_usd_d10_20260920T005352Z,28,2026-09-20T01:21:52.783973Z,2026-09-20T01:21:52.784088Z,BTC-USD,10,ok,,136392364179,2026-09-20T01:21:50.401675359Z,0.51681521,0.44455721,0.075161299094,81182.419999999998,81182.429999999993,81182.424999999988,0.009999999995,0.001231793703,"[{""price"":81182.42,""size"":0.18808427,""num_orders"":7},{""price"":81182.29,""size"":0.06155926,""num_orders"":1},{""price"":81182.27,""size"":0.09854367,""num_orders"":1},{""price"":81180.79,""size"":0.01231819,""num_orders"":1},{""price"":81180.67,""size"":0.00246365,""num_orders"":1},{""price"":81180.58,""size"":0.00615983,""num_orders"":1},{""price"":81180.39,""size"":0.00739076,""num_orders"":1},{""price"":81180.33,""size"":0.00123127,""num_orders"":1},{""price"":81179.5,""size"":0.06508307,""num_orders"":1},{""price"":81177.66,""size"":0.07398124,""num_orders"":1}]","[{""price"":81182.43,""size"":0.00034649,""num_orders"":3},{""price"":81184.06,""size"":0.01231769,""num_orders"":1},{""price"":81185.0,""size"":0.01,""num_orders"":1},{""price"":81186.0,""size"":1.4e-05,""num_orders"":1},{""price"":81189.23,""size"":0.07398124,""num_orders"":1},{""price"":81189.74,""size"":0.00957,""num_orders"":1},{""price"":81190.0,""size"":0.01,""num_orders"":1},{""price"":81191.68,""size"":0.15581693,""num_orders"":1},{""price"":81191.69,""size"":0.07398124,""num_orders"":1},{""price"":81193.86,""size"":0.09852962,""num_orders"":1}]"
btc_usd_d10_20260920T005352Z,29,2026-09-20T01:22:52.783973Z,2026-09-20T01:22:52.784114Z,BTC-USD,10,ok,,136392389885,2026-09-20T01:22:50.465154099Z,0.77779473,0.72764407,0.033312984892,81153.449999999997,81153.460000000006,81153.455000000002,0.010000000009,0.001232233429,"[{""price"":81153.45,""size"":0.12837854,""num_orders"":6},{""price"":81152.47,""size"":0.05885219,""num_orders"":1},{""price"":81152.46,""size"":0.09857988,""num_orders"":1},{""price"":81151.1,""size"":0.0129995,""num_orders"":1},{""price"":81150.32,""size"":0.06744445,""num_orders"":1},{""price"":81149.88,""size"":0.0129995,""num_orders"":1},{""price"":81149.7,""size"":0.07398124,""num_orders"":1},{""price"":81149.19,""size"":0.03899104,""num_orders"":1},{""price"":81147.17,""size"":0.21158715,""num_orders"":1},{""price"":81147.16,""size"":0.07398124,""num_orders"":1}]","[{""price"":81153.46,""size"":0.07423048,""num_orders"":4},{""price"":81153.48,""size"":0.03,""num_orders"":1},{""price"":81154.47,""size"":0.16600555,""num_orders"":1},{""price"":81154.49,""size"":0.17473852,""num_orders"":1},{""price"":81155.49,""size"":0.00739352,""num_orders"":1},{""price"":81156.75,""size"":0.07398124,""num_orders"":1},{""price"":81159.25,""size"":0.00924169,""num_orders"":1},{""price"":81159.42,""size"":0.009372,""num_orders"":1},{""price"":81159.84,""size"":0.10869983,""num_orders"":1},{""price"":81159.85,""size"":0.07398124,""num_orders"":1}]"
btc_usd_d10_20260920T005352Z,30,2026-09-20T01:23:52.783973Z,2026-09-20T01:23:52.784115Z,BTC-USD,10,ok,,136392408880,2026-09-20T01:23:50.020212514Z,0.33107826,1.14545718,-0.551547154195,81144,81144.009999999995,81144.005000000005,0.009999999995,0.001232376932,"[{""price"":81144.0,""size"":0.00358369,""num_orders"":4},{""price"":81142.37,""size"":0.01232402,""num_orders"":1},{""price"":81140.28,""size"":0.02299793,""num_orders"":1},{""price"":81139.99,""size"":0.00499993,""num_orders"":1},{""price"":81139.06,""size"":0.02299793,""num_orders"":1},{""price"":81138.09,""size"":0.09859734,""num_orders"":1},{""price"":81135.01,""size"":0.08892684,""num_orders"":2},{""price"":81135.0,""size"":0.01,""num_orders"":1},{""price"":81134.85,""size"":0.06663658,""num_orders"":1},{""price"":81133.5,""size"":1.4e-05,""num_orders"":1}]","[{""price"":81144.01,""size"":0.73543906,""num_orders"":9},{""price"":81144.02,""size"":0.0299996,""num_orders"":3},{""price"":81144.04,""size"":0.03,""num_orders"":1},{""price"":81144.6,""size"":0.12361216,""num_orders"":2},{""price"":81144.72,""size"":0.07398124,""num_orders"":1},{""price"":81145.19,""size"":0.09858872,""num_orders"":1},{""price"":81145.64,""size"":0.01232352,""num_orders"":1},{""price"":81146.04,""size"":0.00739426,""num_orders"":1},{""price"":81146.36,""size"":0.02464462,""num_orders"":1},{""price"":81147.12,""size"":0.009474,""num_orders"":1}]"
btc_usd_d10_20260920T005352Z,31,2026-09-20T01:24:52.783973Z,2026-09-20T01:24:52.784105Z,BTC-USD,10,ok,,136392431401,2026-09-20T01:24:51.901427988Z,0.66769405,0.43996255,0.205597565166,81132.410000000003,81132.419999999998,81132.415000000008,0.009999999995,0.001232552981,"[{""price"":81132.41,""size"":0.01644711,""num_orders"":5},{""price"":81130.78,""size"":0.01232578,""num_orders"":1},{""price"":81130.44,""size"":0.018,""num_orders"":1},{""price"":81130.38,""size"":0.00739531,""num_orders"":1},{""price"":81129.27,""size"":0.09860805,""num_orders"":1},{""price"":81128.05,""size"":0.00123211,""num_orders"":1},{""price"":81127.8,""size"":0.07398124,""num_orders"":1},{""price"":81127.64,""size"":0.00924414,""num_orders"":1},{""price"":81124.4,""size"":0.16697247,""num_orders"":2},{""price"":81124.38,""size"":0.26348784,""num_orders"":3}]","[{""price"":81132.42,""size"":0.03946541,""num_orders"":4},{""price"":81132.44,""size"":0.03,""num_orders"":1},{""price"":81133.18,""size"":0.02465351,""num_orders"":1},{""price"":81134.05,""size"":0.01232528,""num_orders"":1},{""price"":81134.45,""size"":0.00739531,""num_orders"":1},{""price"":81135.06,""size"":0.00246486,""num_orders"":1},{""price"":81135.62,""size"":0.14124272,""num_orders"":1},{""price"":81135.65,""size"":0.07398124,""num_orders"":1},{""price"":81135.72,""size"":0.09860022,""num_orders"":1},{""price"":81137.17,""size"":0.009834,""num_orders"":1}]"
btc_usd_d10_20260920T005352Z,32,2026-09-20T01:25:52.783973Z,2026-09-20T01:25:52.784109Z,BTC-USD,10,ok,,136392454728,2026-09-20T01:25:51.930795358Z,0.34760155,0.54136195,-0.217962154802,81123.690000000002,81123.699999999997,81123.695000000007,0.009999999995,0.001232685468,"[{""price"":81123.69,""size"":0.02599326,""num_orders"":4},{""price"":81122.06,""size"":0.0123271,""num_orders"":1},{""price"":81121.66,""size"":0.00739611,""num_orders"":1},{""price"":81120.03,""size"":0.05901313,""num_orders"":1},{""price"":81120.0,""size"":0.09861932,""num_orders"":1},{""price"":81119.66,""size"":0.00023015,""num_orders"":1},{""price"":81118.66,""size"":0.11428749,""num_orders"":1},{""price"":81118.56,""size"":0.00148939,""num_orders"":1},{""price"":81118.31,""size"":0.00924517,""num_orders"":1},{""price"":81118.24,""size"":0.01900043,""num_orders"":1}]","[{""price"":81123.7,""size"":0.00813862,""num_orders"":2},{""price"":81124.38,""size"":0.07398124,""num_orders"":1},{""price"":81124.39,""size"":0.00049915,""num_orders"":1},{""price"":81124.41,""size"":0.02465429,""num_orders"":1},{""price"":81125.33,""size"":0.01232661,""num_orders"":1},{""price"":81125.92,""size"":0.00739613,""num_orders"":1},{""price"":81125.93,""size"":0.09861212,""num_orders"":1},{""price"":81126.11,""size"":0.00246562,""num_orders"":1},{""price"":81127.04,""size"":0.20598179,""num_orders"":1},{""price"":81127.05,""size"":0.10730638,""num_orders"":1}]"
btc_usd_d10_20260920T005352Z,33,2026-09-20T01:26:52.783973Z,2026-09-20T01:26:52.784109Z,BTC-USD,10,ok,,136392476979,2026-09-20T01:26:51.511681769Z,0.40905943,0.41702814,-0.009646325994,81115.880000000005,81115.889999999999,81115.885000000009,0.009999999995,0.001232804154,"[{""price"":81115.88,""size"":0.02,""num_orders"":2},{""price"":81115.86,""size"":0.02394385,""num_orders"":1},{""price"":81114.25,""size"":0.01232829,""num_orders"":1},{""price"":81113.46,""size"":0.02799833,""num_orders"":1},{""price"":81113.23,""size"":0.02799833,""num_orders"":1},{""price"":81113.03,""size"":0.09972273,""num_orders"":2},{""price"":81113.02,""size"":0.00445689,""num_orders"":1},{""price"":81111.67,""size"":0.07398124,""num_orders"":1},{""price"":81111.41,""size"":0.09862977,""num_orders"":1},{""price"":81108.03,""size"":0.02,""num_orders"":1}]","[{""price"":81115.89,""size"":0.0217,""num_orders"":1},{""price"":81117.52,""size"":0.01232779,""num_orders"":1},{""price"":81118.19,""size"":0.03582,""num_orders"":1},{""price"":81118.2,""size"":0.03,""num_orders"":1},{""price"":81118.22,""size"":0.03,""num_orders"":1},{""price"":81119.39,""size"":0.00080128,""num_orders"":1},{""price"":81119.41,""size"":0.10638192,""num_orders"":2},{""price"":81119.66,""size"":0.00739649,""num_orders"":1},{""price"":81119.82,""size"":0.07398124,""num_orders"":1},{""price"":81119.93,""size"":0.09861942,""num_orders"":1}]"
btc_usd_d10_20260920T005352Z,34,2026-09-20T01:27:52.783973Z,2026-09-20T01:27:52.784106Z,BTC-USD,10,ok,,136392497358,2026-09-20T01:27:52.039664149Z,0.86922532,0.31161745,0.472211783115,81131.490000000005,81131.5,81131.494999999995,0.009999999995,0.001232566957,"[{""price"":81131.49,""size"":0.58270049,""num_orders"":10},{""price"":81131.48,""size"":0.03,""num_orders"":1},{""price"":81131.46,""size"":0.03,""num_orders"":1},{""price"":81131.17,""size"":0.0308122,""num_orders"":1},{""price"":81131.06,""size"":0.00790551,""num_orders"":1},{""price"":81129.98,""size"":0.13252533,""num_orders"":2},{""price"":81129.86,""size"":0.02465184,""num_orders"":2},{""price"":81129.46,""size"":0.0073954,""num_orders"":1},{""price"":81128.76,""size"":0.02200247,""num_orders"":1},{""price"":81128.37,""size"":0.00123208,""num_orders"":1}]","[{""price"":81131.5,""size"":0.00646984,""num_orders"":2},{""price"":81132.61,""size"":0.02465139,""num_orders"":1},{""price"":81133.13,""size"":0.02465084,""num_orders"":2},{""price"":81133.53,""size"":0.0073954,""num_orders"":1},{""price"":81134.05,""size"":0.00044229,""num_orders"":1},{""price"":81136.27,""size"":0.00924425,""num_orders"":1},{""price"":81137.38,""size"":0.00123256,""num_orders"":1},{""price"":81137.57,""size"":0.09859798,""num_orders"":1},{""price"":81138.56,""size"":0.1389144,""num_orders"":1},{""price"":81139.37,""size"":1.85e-05,""num_orders"":1}]"
btc_usd_d10_20260920T005352Z,35,2026-09-20T01:28:52.783973Z,2026-09-20T01:28:52.784109Z,BTC-USD,10,ok,,136392523355,2026-09-20T01:28:51.548665400Z,0.43674094,0.400012,0.043894605258,81106.910000000003,81106.919999999998,81106.915000000008,0.009999999995,0.001232940495,"[{""price"":81106.91,""size"":0.0550412,""num_orders"":10},{""price"":81105.29,""size"":0.08963705,""num_orders"":2},{""price"":81105.28,""size"":0.0246593,""num_orders"":2},{""price"":81104.88,""size"":0.00739764,""num_orders"":1},{""price"":81104.42,""size"":0.09863826,""num_orders"":1},{""price"":81103.8,""size"":0.02700107,""num_orders"":1},{""price"":81102.6,""size"":0.009504,""num_orders"":1},{""price"":81102.26,""size"":0.08435274,""num_orders"":2},{""price"":81102.14,""size"":0.00924705,""num_orders"":1},{""price"":81102.0,""size"":0.03126263,""num_orders"":5}]","[{""price"":81106.92,""size"":0.01834846,""num_orders"":4},{""price"":81108.16,""size"":0.02465881,""num_orders"":1},{""price"":81108.55,""size"":0.02465832,""num_orders"":2},{""price"":81108.95,""size"":0.00739764,""num_orders"":1},{""price"":81109.51,""size"":0.00081021,""num_orders"":1},{""price"":81111.05,""size"":0.13981421,""num_orders"":1},{""price"":81111.06,""size"":0.0986302,""num_orders"":1},{""price"":81111.1,""size"":0.00246586,""num_orders"":1},{""price"":81111.69,""size"":0.00924705,""num_orders"":1},{""price"":81112.44,""size"":0.07398124,""num_orders"":1}]"
btc_usd_d10_20260920T005352Z,36,2026-09-20T01:29:52.783973Z,2026-09-20T01:29:52.784120Z,BTC-USD,10,ok,,136392550445,2026-09-20T01:29:51.805641762Z,0.67081622,0.30754372,0.371307619157,81082.270000000004,81082.279999999999,81082.274999999994,0.009999999995,0.001233315172,"[{""price"":81082.27,""size"":0.1434529,""num_orders"":7},{""price"":81081.58,""size"":0.17231228,""num_orders"":1},{""price"":81081.57,""size"":0.09866606,""num_orders"":1},{""price"":81081.0,""size"":1.4e-05,""num_orders"":1},{""price"":81080.64,""size"":0.0246668,""num_orders"":2},{""price"":81080.02,""size"":0.07398124,""num_orders"":1},{""price"":81080.0,""size"":0.0313022,""num_orders"":1},{""price"":81079.96,""size"":0.02999999,""num_orders"":1},{""price"":81078.98,""size"":0.06642076,""num_orders"":1},{""price"":81078.74,""size"":0.02999999,""num_orders"":1}]","[{""price"":81082.28,""size"":0.03760515,""num_orders"":7},{""price"":81082.3,""size"":0.03,""num_orders"":1},{""price"":81083.91,""size"":0.0246658,""num_orders"":2},{""price"":81084.31,""size"":0.00739989,""num_orders"":1},{""price"":81084.69,""size"":0.02466428,""num_orders"":1},{""price"":81085.94,""size"":0.00080165,""num_orders"":1},{""price"":81087.05,""size"":0.00924986,""num_orders"":1},{""price"":81088.8,""size"":0.00052085,""num_orders"":1},{""price"":81090.67,""size"":0.098655,""num_orders"":1},{""price"":81091.47,""size"":0.07398124,""num_orders"":1}]"
btc_usd_d10_20260920T005352Z,37,2026-09-20T01:30:52.783973Z,2026-09-20T01:30:52.784109Z,BTC-USD,10,ok,,136392576285,2026-09-20T01:30:51.400363765Z,0.21077805,1.09991572,-0.678371783212,81088.789999999994,81088.800000000003,81088.794999999998,0.010000000009,0.001233216008,"[{""price"":81088.79,""size"":0.0003113,""num_orders"":3},{""price"":81088.78,""size"":0.00050787,""num_orders"":3},{""price"":81087.24,""size"":0.00042932,""num_orders"":2},{""price"":81087.16,""size"":0.02466482,""num_orders"":2},{""price"":81082.27,""size"":0.00039248,""num_orders"":2},{""price"":81082.26,""size"":0.00035061,""num_orders"":1},{""price"":81081.0,""size"":1.4e-05,""num_orders"":1},{""price"":81080.01,""size"":0.06882421,""num_orders"":1},{""price"":81080.0,""size"":0.0413022,""num_orders"":2},{""price"":81079.3,""size"":0.07398124,""num_orders"":1}]","[{""price"":81088.8,""size"":0.23545727,""num_orders"":6},{""price"":81090.41,""size"":0.00246629,""num_orders"":1},{""price"":81090.43,""size"":0.02466382,""num_orders"":2},{""price"":81092.6,""size"":0.31024906,""num_orders"":1},{""price"":81092.61,""size"":0.15077458,""num_orders"":1},{""price"":81092.68,""size"":0.15817369,""num_orders"":2},{""price"":81092.69,""size"":0.1120891,""num_orders"":1},{""price"":81092.98,""size"":0.07398124,""num_orders"":1},{""price"":81093.38,""size"":0.02466156,""num_orders"":1},{""price"":81094.71,""size"":0.00739911,""num_orders"":1}]"
btc_usd_d10_20260920T005352Z,38,2026-09-20T01:31:52.783973Z,2026-09-20T01:31:52.784102Z,BTC-USD,10,ok,,136392605296,2026-09-20T01:31:51.310295377Z,0.49439058,0.15773513,0.516243179555,81060.160000000003,81060.169999999998,81060.165000000008,0.009999999995,0.001233651572,"[{""price"":81060.16,""size"":0.09856203,""num_orders"":4},{""price"":81060.15,""size"":0.00614534,""num_orders"":1},{""price"":81060.0,""size"":1.4e-05,""num_orders"":1},{""price"":81059.98,""size"":0.12224113,""num_orders"":1},{""price"":81059.97,""size"":0.09869235,""num_orders"":1},{""price"":81058.82,""size"":0.07398124,""num_orders"":1},{""price"":81058.57,""size"":0.02467352,""num_orders"":2},{""price"":81058.17,""size"":0.0074019,""num_orders"":1},{""price"":81056.87,""size"":1e-05,""num_orders"":1},{""price"":81056.44,""size"":0.06266907,""num_orders"":1}]","[{""price"":81060.17,""size"":0.02892742,""num_orders"":2},{""price"":81060.18,""size"":0.03,""num_orders"":1},{""price"":81060.2,""size"":0.03,""num_orders"":1},{""price"":81060.21,""size"":0.00032291,""num_orders"":1},{""price"":81060.32,""size"":0.00205114,""num_orders"":1},{""price"":81061.46,""size"":0.02467282,""num_orders"":1},{""price"":81061.84,""size"":0.02467252,""num_orders"":2},{""price"":81062.24,""size"":0.0074019,""num_orders"":1},{""price"":81063.52,""size"":0.00043404,""num_orders"":1},{""price"":81064.98,""size"":0.00925238,""num_orders"":1}]"
btc_usd_d10_20260920T005352Z,39,2026-09-20T01:32:52.783973Z,2026-09-20T01:32:52.784139Z,BTC-USD,10,ok,,136392633084,2026-09-20T01:32:50.968738272Z,0.45545073,2.08265675,-0.641109973798,81035.869999999995,81035.880000000005,81035.875,0.010000000009,0.001234021353,"[{""price"":81035.87,""size"":0.01002706,""num_orders"":2},{""price"":81035.62,""size"":0.0001582,""num_orders"":1},{""price"":81034.58,""size"":0.0682404,""num_orders"":1},{""price"":81033.57,""size"":0.07398124,""num_orders"":1},{""price"":81033.51,""size"":0.0001,""num_orders"":1},{""price"":81032.53,""size"":0.01299903,""num_orders"":1},{""price"":81031.7,""size"":0.10423641,""num_orders"":2},{""price"":81031.31,""size"":0.01299903,""num_orders"":1},{""price"":81030.6,""size"":0.09872812,""num_orders"":1},{""price"":81029.63,""size"":0.07398124,""num_orders"":1}]","[{""price"":81035.88,""size"":0.03734586,""num_orders"":2},{""price"":81035.9,""size"":0.03,""num_orders"":1},{""price"":81037.91,""size"":0.00740412,""num_orders"":1},{""price"":81038.54,""size"":0.05811572,""num_orders"":1},{""price"":81039.63,""size"":0.07398124,""num_orders"":1},{""price"":81040.6,""size"":0.69385863,""num_orders"":2},{""price"":81040.64,""size"":0.00925516,""num_orders"":1},{""price"":81041.57,""size"":0.09871478,""num_orders"":1},{""price"":81042.0,""size"":1.0,""num_orders"":1},{""price"":81042.21,""size"":0.07398124,""num_orders"":1}]"
btc_usd_d10_20260920T005352Z,40,2026-09-20T01:33:52.783973Z,2026-09-20T01:33:52.784103Z,BTC-USD,10,ok,,136392662949,2026-09-20T01:33:50.976375685Z,0.22202694,0.80957842,-0.569550627383,81061.720000000001,81061.729999999996,81061.725000000006,0.009999999995,0.00123362783,"[{""price"":81061.72,""size"":0.03741067,""num_orders"":3},{""price"":81061.7,""size"":0.03,""num_orders"":1},{""price"":81060.09,""size"":0.02467306,""num_orders"":2},{""price"":81059.99,""size"":0.00299253,""num_orders"":1},{""price"":81059.69,""size"":0.00740176,""num_orders"":1},{""price"":81058.98,""size"":0.01063427,""num_orders"":1},{""price"":81058.42,""size"":0.00011843,""num_orders"":1},{""price"":81056.95,""size"":0.0092522,""num_orders"":1},{""price"":81055.23,""size"":0.00084233,""num_orders"":1},{""price"":81052.3,""size"":0.09870169,""num_orders"":1}]","[{""price"":81061.73,""size"":0.14465061,""num_orders"":6},{""price"":81062.44,""size"":0.02467505,""num_orders"":1},{""price"":81062.51,""size"":0.10750313,""num_orders"":1},{""price"":81062.52,""size"":0.07398124,""num_orders"":1},{""price"":81062.53,""size"":0.09868925,""num_orders"":1},{""price"":81063.36,""size"":0.02467206,""num_orders"":2},{""price"":81063.76,""size"":0.00740176,""num_orders"":1},{""price"":81064.99,""size"":0.07398124,""num_orders"":1},{""price"":81065.7,""size"":0.00246717,""num_orders"":1},{""price"":81066.27,""size"":0.25155691,""num_orders"":1}]"
btc_usd_d10_20260920T005352Z,41,2026-09-20T01:34:52.783973Z,2026-09-20T01:34:52.784103Z,BTC-USD,10,ok,,136392690600,2026-09-20T01:34:50.402874027Z,0.55623429,1.34025157,-0.413405286344,81043.399999999994,81043.410000000003,81043.404999999999,0.010000000009,0.001233906696,"[{""price"":81043.4,""size"":0.00235318,""num_orders"":4},{""price"":81041.77,""size"":0.02467864,""num_orders"":2},{""price"":81040.56,""size"":0.00068568,""num_orders"":1},{""price"":81040.18,""size"":0.07398124,""num_orders"":1},{""price"":81040.17,""size"":0.02756748,""num_orders"":1},{""price"":81039.0,""size"":1.4e-05,""num_orders"":1},{""price"":81037.13,""size"":0.07398124,""num_orders"":1},{""price"":81035.31,""size"":0.24213933,""num_orders"":2},{""price"":81035.29,""size"":0.1096,""num_orders"":1},{""price"":81034.8,""size"":0.0012335,""num_orders"":1}]","[{""price"":81043.41,""size"":0.00973739,""num_orders"":2},{""price"":81043.65,""size"":0.08360842,""num_orders"":1},{""price"":81043.66,""size"":0.09871223,""num_orders"":1},{""price"":81043.89,""size"":0.00158782,""num_orders"":1},{""price"":81045.04,""size"":0.02467764,""num_orders"":2},{""price"":81045.44,""size"":0.00740344,""num_orders"":1},{""price"":81047.45,""size"":0.00246787,""num_orders"":1},{""price"":81048.17,""size"":0.0092543,""num_orders"":1},{""price"":81049.08,""size"":0.009864,""num_orders"":1},{""price"":81049.49,""size"":1.09293846,""num_orders"":3}]"
btc_usd_d10_20260920T005352Z,42,2026-09-20T01:35:52.783973Z,2026-09-20T01:35:52.784105Z,BTC-USD,10,ok,,136392713731,2026-09-20T01:35:50.010183348Z,0.51690843,0.34280348,0.202515456602,81041.770000000004,81041.779999999999,81041.774999999994,0.009999999995,0.001233931512,"[{""price"":81041.77,""size"":0.14598178,""num_orders"":12},{""price"":81040.38,""size"":0.00158813,""num_orders"":1},{""price"":81040.16,""size"":0.06916995,""num_orders"":1},{""price"":81040.14,""size"":0.02467912,""num_orders"":2},{""price"":81039.74,""size"":0.00740358,""num_orders"":1},{""price"":81038.48,""size"":0.00046506,""num_orders"":1},{""price"":81037.59,""size"":0.0987196,""num_orders"":1},{""price"":81037.53,""size"":7.909e-05,""num_orders"":1},{""price"":81037.01,""size"":0.00925448,""num_orders"":1},{""price"":81036.36,""size"":0.15956764,""num_orders"":1}]","[{""price"":81041.78,""size"":0.02295627,""num_orders"":3},{""price"":81043.41,""size"":0.02467814,""num_orders"":2},{""price"":81043.65,""size"":0.09951429,""num_orders"":2},{""price"":81043.81,""size"":0.00740358,""num_orders"":1},{""price"":81045.0,""size"":0.01,""num_orders"":1},{""price"":81045.48,""size"":0.06663492,""num_orders"":1},{""price"":81045.49,""size"":0.07644911,""num_orders"":2},{""price"":81046.29,""size"":0.02467875,""num_orders"":1},{""price"":81046.54,""size"":0.00925448,""num_orders"":1},{""price"":81048.32,""size"":0.00123394,""num_orders"":1}]"
btc_usd_d10_20260920T005352Z,43,2026-09-20T01:36:52.783973Z,2026-09-20T01:36:52.784098Z,BTC-USD,10,ok,,136392747424,2026-09-20T01:36:52.518985003Z,1.38094082,0.51646622,0.455608407567,81004,81004.009999999995,81004.005000000005,0.009999999995,0.001234506861,"[{""price"":81004.0,""size"":0.03456901,""num_orders"":6},{""price"":81002.0,""size"":0.00667007,""num_orders"":1},{""price"":81000.01,""size"":0.31501386,""num_orders"":1},{""price"":81000.0,""size"":0.5276614,""num_orders"":12},{""price"":80999.01,""size"":0.04268049,""num_orders"":1},{""price"":80999.0,""size"":0.0619436,""num_orders"":1},{""price"":80997.08,""size"":0.009534,""num_orders"":1},{""price"":80997.0,""size"":1.4e-05,""num_orders"":1},{""price"":80995.89,""size"":0.1096,""num_orders"":1},{""price"":80994.93,""size"":0.27325439,""num_orders"":1}]","[{""price"":81004.01,""size"":0.00977898,""num_orders"":3},{""price"":81005.27,""size"":0.0024688,""num_orders"":1},{""price"":81005.98,""size"":0.10754739,""num_orders"":1},{""price"":81005.99,""size"":0.07398124,""num_orders"":1},{""price"":81006.01,""size"":0.0987581,""num_orders"":1},{""price"":81006.04,""size"":0.00740704,""num_orders"":1},{""price"":81008.75,""size"":0.10859864,""num_orders"":1},{""price"":81008.77,""size"":0.0092588,""num_orders"":1},{""price"":81009.23,""size"":0.07398124,""num_orders"":1},{""price"":81009.93,""size"":0.02468599,""num_orders"":1}]"
btc_usd_d10_20260920T005352Z,44,2026-09-20T01:37:52.783973Z,2026-09-20T01:37:52.784099Z,BTC-USD,10,ok,,136392776303,2026-09-20T01:37:50.035236973Z,1.06807058,0.954587,0.056106174927,81026.470000000001,81026.479999999996,81026.475000000006,0.009999999995,0.001234164512,"[{""price"":81026.47,""size"":0.70477092,""num_orders"":7},{""price"":81026.46,""size"":0.03,""num_orders"":1},{""price"":81026.45,""size"":0.03773467,""num_orders"":1},{""price"":81026.44,""size"":0.03,""num_orders"":1},{""price"":81026.0,""size"":0.001,""num_orders"":1},{""price"":81024.99,""size"":0.00011848,""num_orders"":1},{""price"":81024.84,""size"":0.02468378,""num_orders"":2},{""price"":81024.44,""size"":0.00740489,""num_orders"":1},{""price"":81024.34,""size"":0.00424129,""num_orders"":2},{""price"":81024.19,""size"":0.22811655,""num_orders"":1}]","[{""price"":81026.48,""size"":0.0001457,""num_orders"":1},{""price"":81028.5,""size"":0.00208935,""num_orders"":3},{""price"":81028.93,""size"":0.02468254,""num_orders"":2},{""price"":81029.05,""size"":0.02468277,""num_orders"":1},{""price"":81030.0,""size"":0.01,""num_orders"":1},{""price"":81031.86,""size"":0.09872661,""num_orders"":1},{""price"":81031.96,""size"":0.00123451,""num_orders"":1},{""price"":81034.36,""size"":0.00246851,""num_orders"":1},{""price"":81035.0,""size"":0.01,""num_orders"":1},{""price"":81037.47,""size"":0.78055701,""num_orders"":2}]"
btc_usd_d10_20260920T005352Z,45,2026-09-20T01:38:52.783973Z,2026-09-20T01:38:52.784108Z,BTC-USD,10,ok,,136392803859,2026-09-20T01:38:52.311429312Z,1.34129827,1.27191524,0.026550846203,81055.350000000006,81055.360000000001,81055.35500000001,0.009999999995,0.001233724779,"[{""price"":81055.35,""size"":0.77697312,""num_orders"":6},{""price"":81055.0,""size"":0.13188826,""num_orders"":2},{""price"":81054.99,""size"":0.07620808,""num_orders"":2},{""price"":81054.55,""size"":0.0636,""num_orders"":1},{""price"":81053.88,""size"":0.09869977,""num_orders"":1},{""price"":81051.22,""size"":0.0724957,""num_orders"":1},{""price"":81050.0,""size"":0.02,""num_orders"":1},{""price"":81049.5,""size"":0.02740263,""num_orders"":2},{""price"":81049.49,""size"":4.947e-05,""num_orders"":1},{""price"":81048.9,""size"":0.07398124,""num_orders"":1}]","[{""price"":81055.36,""size"":0.00017233,""num_orders"":2},{""price"":81060.0,""size"":0.010014,""num_orders"":2},{""price"":81061.07,""size"":0.07398124,""num_orders"":1},{""price"":81062.99,""size"":0.44633492,""num_orders"":1},{""price"":81064.09,""size"":0.07398124,""num_orders"":1},{""price"":81064.78,""size"":0.09868651,""num_orders"":1},{""price"":81065.0,""size"":0.01,""num_orders"":1},{""price"":81065.1,""size"":0.29596451,""num_orders"":1},{""price"":81065.11,""size"":0.10807119,""num_orders"":1},{""price"":81065.12,""size"":0.1547093,""num_orders"":1}]"
btc_usd_d10_20260920T005352Z,46,2026-09-20T01:39:52.783973Z,2026-09-20T01:39:52.784118Z,BTC-USD,10,ok,,136392831660,2026-09-20T01:39:52.020394562Z,0.56588896,3.03834164,-0.685986262921,81076.210000000006,81076.220000000001,81076.214999999997,0.009999999995,0.001233407356,"[{""price"":81076.21,""size"":0.00016525,""num_orders"":2},{""price"":81070.0,""size"":0.06772371,""num_orders"":1},{""price"":81068.88,""size"":0.03082814,""num_orders"":1},{""price"":81065.54,""size"":0.13293262,""num_orders"":1},{""price"":81065.53,""size"":0.07398124,""num_orders"":1},{""price"":81065.0,""size"":0.01,""num_orders"":1},{""price"":81064.81,""size"":0.09868646,""num_orders"":1},{""price"":81063.62,""size"":0.0575903,""num_orders"":1},{""price"":81063.61,""size"":0.02,""num_orders"":1},{""price"":81063.09,""size"":0.07398124,""num_orders"":1}]","[{""price"":81076.22,""size"":0.88362638,""num_orders"":15},{""price"":81076.24,""size"":0.03,""num_orders"":1},{""price"":81077.85,""size"":0.02466764,""num_orders"":2},{""price"":81077.92,""size"":0.00942,""num_orders"":1},{""price"":81077.99,""size"":0.81781058,""num_orders"":1},{""price"":81078.0,""size"":1.0,""num_orders"":1},{""price"":81078.25,""size"":0.00740044,""num_orders"":1},{""price"":81078.29,""size"":0.14656605,""num_orders"":1},{""price"":81078.31,""size"":0.1096,""num_orders"":1},{""price"":81080.99,""size"":0.00925055,""num_orders"":1}]"
btc_usd_d10_20260920T005352Z,47,2026-09-20T01:40:52.783973Z,2026-09-20T01:40:52.784100Z,BTC-USD,10,ok,,136392856610,2026-09-20T01:40:51.465771126Z,0.92079782,0.30138712,0.506806032154,81085.970000000001,81085.979999999996,81085.975000000006,0.009999999995,0.001233258895,"[{""price"":81085.97,""size"":0.57041912,""num_orders"":7},{""price"":81085.96,""size"":0.03,""num_orders"":1},{""price"":81085.94,""size"":0.03,""num_orders"":1},{""price"":81085.14,""size"":0.09866172,""num_orders"":1},{""price"":81084.35,""size"":0.07362803,""num_orders"":1},{""price"":81084.34,""size"":0.02466568,""num_orders"":2},{""price"":81083.94,""size"":0.00739955,""num_orders"":1},{""price"":81082.75,""size"":0.07398124,""num_orders"":1},{""price"":81081.73,""size"":0.009576,""num_orders"":1},{""price"":81081.56,""size"":0.00246648,""num_orders"":1}]","[{""price"":81085.98,""size"":0.00019859,""num_orders"":2},{""price"":81087.89,""size"":0.0246646,""num_orders"":2},{""price"":81090.0,""size"":0.01,""num_orders"":1},{""price"":81091.5,""size"":1.4e-05,""num_orders"":1},{""price"":81091.59,""size"":0.00032007,""num_orders"":1},{""price"":81093.65,""size"":0.09865138,""num_orders"":1},{""price"":81093.84,""size"":0.07398124,""num_orders"":1},{""price"":81095.0,""size"":0.01,""num_orders"":1},{""price"":81097.01,""size"":0.07398124,""num_orders"":1},{""price"":81097.31,""size"":0.009576,""num_orders"":1}]"
btc_usd_d10_20260920T005352Z,48,2026-09-20T01:41:52.783973Z,2026-09-20T01:41:52.784110Z,BTC-USD,10,ok,,136392877113,2026-09-20T01:41:51.025903932Z,0.36920146,0.32642757,0.061489512593,81094.979999999996,81094.990000000005,81094.985000000001,0.010000000009,0.001233121877,"[{""price"":81094.98,""size"":0.15034342,""num_orders"":10},{""price"":81094.97,""size"":0.00034781,""num_orders"":1},{""price"":81094.96,""size"":0.03,""num_orders"":1},{""price"":81094.95,""size"":0.00036068,""num_orders"":1},{""price"":81093.51,""size"":0.12745526,""num_orders"":2},{""price"":81093.5,""size"":0.0026288,""num_orders"":1},{""price"":81093.35,""size"":0.02466294,""num_orders"":2},{""price"":81092.95,""size"":0.00739873,""num_orders"":1},{""price"":81092.69,""size"":0.01300191,""num_orders"":1},{""price"":81091.47,""size"":0.01300191,""num_orders"":1}]","[{""price"":81094.99,""size"":0.00780383,""num_orders"":2},{""price"":81095.79,""size"":0.09864878,""num_orders"":1},{""price"":81095.94,""size"":0.02466667,""num_orders"":1},{""price"":81096.62,""size"":0.02466194,""num_orders"":2},{""price"":81097.02,""size"":0.00739873,""num_orders"":1},{""price"":81097.55,""size"":0.07398124,""num_orders"":1},{""price"":81099.75,""size"":0.00599673,""num_orders"":1},{""price"":81099.76,""size"":0.00924841,""num_orders"":1},{""price"":81100.0,""size"":4e-05,""num_orders"":1},{""price"":81100.04,""size"":0.07398124,""num_orders"":1}]"
btc_usd_d10_20260920T005352Z,49,2026-09-20T01:42:52.783973Z,2026-09-20T01:42:52.784118Z,BTC-USD,10,ok,,136392899258,2026-09-20T01:42:52.034698106Z,0.49825365,0.65093742,-0.132861953061,81079.690000000002,81079.699999999997,81079.695000000007,0.009999999995,0.001233354417,"[{""price"":81079.69,""size"":0.0308202,""num_orders"":3},{""price"":81079.68,""size"":0.00021785,""num_orders"":1},{""price"":81079.67,""size"":0.00022531,""num_orders"":1},{""price"":81078.21,""size"":0.05801092,""num_orders"":1},{""price"":81076.21,""size"":0.00015799,""num_orders"":1},{""price"":81074.95,""size"":0.05890846,""num_orders"":1},{""price"":81074.94,""size"":0.09867413,""num_orders"":1},{""price"":81072.43,""size"":0.00123291,""num_orders"":1},{""price"":81071.59,""size"":0.14040588,""num_orders"":2},{""price"":81071.58,""size"":0.1096,""num_orders"":1}]","[{""price"":81079.7,""size"":0.03756683,""num_orders"":7},{""price"":81079.71,""size"":0.07398124,""num_orders"":1},{""price"":81079.72,""size"":0.03018343,""num_orders"":2},{""price"":81080.76,""size"":0.0017631,""num_orders"":1},{""price"":81081.21,""size"":0.09866651,""num_orders"":1},{""price"":81081.29,""size"":0.00246632,""num_orders"":1},{""price"":81081.73,""size"":0.00740012,""num_orders"":1},{""price"":81082.3,""size"":0.30992862,""num_orders"":2},{""price"":81082.31,""size"":0.01500001,""num_orders"":1},{""price"":81082.5,""size"":0.07398124,""num_orders"":1}]"
btc_usd_d10_20260920T005352Z,50,2026-09-20T01:43:52.783973Z,2026-09-20T01:43:52.784105Z,BTC-USD,10,ok,,136392916180,2026-09-20T01:43:51.400337126Z,0.51774588,0.83608127,-0.235137395494,81076.550000000003,81076.559999999998,81076.554999999993,0.009999999995,0.001233402183,"[{""price"":81076.55,""size"":0.17207598,""num_orders"":9},{""price"":81076.54,""size"":0.00026368,""num_orders"":1},{""price"":81075.52,""size"":0.00123287,""num_orders"":1},{""price"":81074.93,""size"":0.1005138,""num_orders"":2},{""price"":81074.92,""size"":0.07250586,""num_orders"":3},{""price"":81074.71,""size"":0.09867441,""num_orders"":1},{""price"":81074.52,""size"":0.00740041,""num_orders"":1},{""price"":81071.78,""size"":0.00925051,""num_orders"":1},{""price"":81070.92,""size"":0.03582836,""num_orders"":1},{""price"":81070.91,""size"":0.02,""num_orders"":1}]","[{""price"":81076.56,""size"":0.06569713,""num_orders"":6},{""price"":81076.58,""size"":0.03020444,""num_orders"":2},{""price"":81078.19,""size"":0.02466754,""num_orders"":2},{""price"":81078.59,""size"":0.00740041,""num_orders"":1},{""price"":81079.69,""size"":0.07398124,""num_orders"":1},{""price"":81079.7,""size"":0.49958509,""num_orders"":1},{""price"":81080.69,""size"":0.02466704,""num_orders"":1},{""price"":81080.87,""size"":0.00196136,""num_orders"":1},{""price"":81081.21,""size"":0.09866651,""num_orders"":1},{""price"":81081.33,""size"":0.00925051,""num_orders"":1}]"
btc_usd_d10_20260920T005352Z,51,2026-09-20T01:44:52.783973Z,2026-09-20T01:44:52.784101Z,BTC-USD,10,ok,,136392943519,2026-09-20T01:44:51.030789186Z,0.6900544,0.37780988,0.292400940689,81039,81039.009999999995,81039.005000000005,0.009999999995,0.001233973689,"[{""price"":81039.0,""size"":0.00258681,""num_orders"":4},{""price"":81036.21,""size"":6.1e-07,""num_orders"":1},{""price"":81036.17,""size"":0.17168005,""num_orders"":1},{""price"":81036.16,""size"":0.09872134,""num_orders"":1},{""price"":81034.8,""size"":0.09870138,""num_orders"":1},{""price"":81033.41,""size"":0.06546813,""num_orders"":1},{""price"":81031.59,""size"":0.13296117,""num_orders"":1},{""price"":81031.58,""size"":0.09870138,""num_orders"":1},{""price"":81031.2,""size"":0.00123353,""num_orders"":1},{""price"":81029.71,""size"":0.02,""num_orders"":1}]","[{""price"":81039.01,""size"":0.03258994,""num_orders"":3},{""price"":81039.02,""size"":0.02999951,""num_orders"":2},{""price"":81039.04,""size"":0.03,""num_orders"":1},{""price"":81039.84,""size"":0.00350434,""num_orders"":1},{""price"":81040.64,""size"":0.02467898,""num_orders"":2},{""price"":81041.04,""size"":0.00740384,""num_orders"":1},{""price"":81041.98,""size"":0.09870138,""num_orders"":1},{""price"":81042.46,""size"":0.00246674,""num_orders"":1},{""price"":81043.41,""size"":0.02508451,""num_orders"":2},{""price"":81043.49,""size"":0.12338064,""num_orders"":1}]"
btc_usd_d10_20260920T005352Z,52,2026-09-20T01:45:52.783973Z,2026-09-20T01:45:52.784103Z,BTC-USD,10,ok,,136392968851,2026-09-20T01:45:52.035870731Z,1.61817766,0.51483227,0.517271567507,81059.990000000005,81060,81059.994999999995,0.009999999995,0.001233654159,"[{""price"":81059.99,""size"":1.10747985,""num_orders"":13},{""price"":81059.98,""size"":0.03,""num_orders"":1},{""price"":81059.96,""size"":0.03,""num_orders"":1},{""price"":81058.51,""size"":0.0029722,""num_orders"":1},{""price"":81058.38,""size"":0.15825366,""num_orders"":2},{""price"":81058.37,""size"":0.09870138,""num_orders"":1},{""price"":81058.36,""size"":0.02467358,""num_orders"":2},{""price"":81057.96,""size"":0.00740192,""num_orders"":1},{""price"":81057.91,""size"":0.06,""num_orders"":2},{""price"":81057.74,""size"":0.09869507,""num_orders"":1}]","[{""price"":81060.0,""size"":0.00059947,""num_orders"":4},{""price"":81060.92,""size"":0.02467441,""num_orders"":1},{""price"":81061.63,""size"":0.02467258,""num_orders"":2},{""price"":81064.03,""size"":0.09868742,""num_orders"":1},{""price"":81065.0,""size"":0.01,""num_orders"":1},{""price"":81066.42,""size"":0.09870138,""num_orders"":1},{""price"":81068.86,""size"":0.14632774,""num_orders"":1},{""price"":81068.88,""size"":0.00246789,""num_orders"":1},{""price"":81068.9,""size"":0.09870138,""num_orders"":1},{""price"":81070.0,""size"":0.01,""num_orders"":1}]"
btc_usd_d10_20260920T005352Z,53,2026-09-20T01:46:52.783973Z,2026-09-20T01:46:52.784106Z,BTC-USD,10,ok,,136392993263,2026-09-20T01:46:51.527640016Z,0.37148571,0.54009937,-0.184967551246,81039.009999999995,81039.020000000004,81039.014999999999,0.010000000009,0.001233973538,"[{""price"":81039.01,""size"":0.04975217,""num_orders"":5},{""price"":81039.0,""size"":0.0002231,""num_orders"":2},{""price"":81037.38,""size"":0.02467996,""num_orders"":2},{""price"":81036.21,""size"":6.1e-07,""num_orders"":1},{""price"":81033.38,""size"":0.009474,""num_orders"":1},{""price"":81032.4,""size"":0.009474,""num_orders"":1},{""price"":81031.84,""size"":0.10388468,""num_orders"":1},{""price"":81031.83,""size"":0.09870138,""num_orders"":1},{""price"":81031.81,""size"":0.06529581,""num_orders"":1},{""price"":81030.0,""size"":0.01,""num_orders"":1}]","[{""price"":81039.02,""size"":0.26075746,""num_orders"":8},{""price"":81039.04,""size"":0.03,""num_orders"":1},{""price"":81040.65,""size"":0.02467898,""num_orders"":2},{""price"":81040.69,""size"":0.00080208,""num_orders"":1},{""price"":81040.96,""size"":0.08360356,""num_orders"":1},{""price"":81040.97,""size"":0.02467944,""num_orders"":1},{""price"":81041.05,""size"":0.00740384,""num_orders"":1},{""price"":81043.78,""size"":0.0092548,""num_orders"":1},{""price"":81044.12,""size"":0.09870138,""num_orders"":1},{""price"":81045.58,""size"":0.00021783,""num_orders"":1}]"
btc_usd_d10_20260920T005352Z,54,2026-09-20T01:47:52.783973Z,2026-09-20T01:47:52.784105Z,BTC-USD,10,ok,,136393025686,2026-09-20T01:47:51.400369486Z,0.7647745,0.60996944,0.112606468373,81039.009999999995,81039.020000000004,81039.014999999999,0.010000000009,0.001233973538,"[{""price"":81039.01,""size"":0.35260597,""num_orders"":7},{""price"":81039.0,""size"":0.03,""num_orders"":1},{""price"":81038.99,""size"":0.11537466,""num_orders"":1},{""price"":81038.98,""size"":0.03044976,""num_orders"":3},{""price"":81037.51,""size"":0.09871971,""num_orders"":1},{""price"":81037.48,""size"":0.00361224,""num_orders"":1},{""price"":81037.36,""size"":0.09870138,""num_orders"":1},{""price"":81037.35,""size"":0.02467998,""num_orders"":2},{""price"":81036.95,""size"":0.00740384,""num_orders"":1},{""price"":81036.56,""size"":0.00322696,""num_orders"":1}]","[{""price"":81039.02,""size"":4e-07,""num_orders"":1},{""price"":81041.71,""size"":0.00246821,""num_orders"":1},{""price"":81041.84,""size"":0.02469132,""num_orders"":1},{""price"":81043.08,""size"":0.09870138,""num_orders"":1},{""price"":81043.33,""size"":0.02467816,""num_orders"":2},{""price"":81045.0,""size"":0.01,""num_orders"":1},{""price"":81045.64,""size"":0.15332159,""num_orders"":1},{""price"":81045.66,""size"":0.09870138,""num_orders"":1},{""price"":81048.21,""size"":0.09870138,""num_orders"":1},{""price"":81049.09,""size"":0.09870562,""num_orders"":1}]"
btc_usd_d10_20260920T005352Z,55,2026-09-20T01:48:52.783973Z,2026-09-20T01:48:52.784111Z,BTC-USD,10,ok,,136393055473,2026-09-20T01:48:50.514282019Z,0.50124795,0.40184734,0.110066580017,81073.440000000002,81073.449999999997,81073.445000000007,0.009999999995,0.001233449497,"[{""price"":81073.44,""size"":0.06265008,""num_orders"":7},{""price"":81073.42,""size"":0.03,""num_orders"":1},{""price"":81072.16,""size"":0.00097621,""num_orders"":1},{""price"":81071.81,""size"":0.02466948,""num_orders"":2},{""price"":81071.41,""size"":0.00740069,""num_orders"":1},{""price"":81070.49,""size"":0.00020227,""num_orders"":1},{""price"":81068.78,""size"":0.09868163,""num_orders"":1},{""price"":81068.67,""size"":0.00925087,""num_orders"":1},{""price"":81068.39,""size"":0.16871534,""num_orders"":1},{""price"":81068.38,""size"":0.09870138,""num_orders"":1}]","[{""price"":81073.45,""size"":0.00741039,""num_orders"":2},{""price"":81075.08,""size"":0.0246685,""num_orders"":2},{""price"":81075.3,""size"":0.12839268,""num_orders"":2},{""price"":81075.31,""size"":0.00740076,""num_orders"":1},{""price"":81075.47,""size"":0.0246698,""num_orders"":1},{""price"":81075.82,""size"":0.00246794,""num_orders"":1},{""price"":81076.1,""size"":0.09867272,""num_orders"":1},{""price"":81076.94,""size"":0.00021208,""num_orders"":1},{""price"":81076.95,""size"":0.09870138,""num_orders"":1},{""price"":81077.29,""size"":0.00925109,""num_orders"":1}]"
btc_usd_d10_20260920T005352Z,56,2026-09-20T01:49:52.783973Z,2026-09-20T01:49:52.784112Z,BTC-USD,10,ok,,136393080787,2026-09-20T01:49:52.501578955Z,0.53951814,0.38402224,0.16836935706,81039,81039.009999999995,81039.005000000005,0.009999999995,0.001233973689,"[{""price"":81039.0,""size"":0.01082218,""num_orders"":5},{""price"":81037.37,""size"":0.02467998,""num_orders"":2},{""price"":81036.06,""size"":0.01899193,""num_orders"":1},{""price"":81035.16,""size"":0.15273369,""num_orders"":1},{""price"":81035.15,""size"":0.09872258,""num_orders"":1},{""price"":81035.0,""size"":0.02994544,""num_orders"":1},{""price"":81034.84,""size"":0.01899193,""num_orders"":1},{""price"":81034.05,""size"":0.09870138,""num_orders"":1},{""price"":81032.55,""size"":0.009474,""num_orders"":1},{""price"":81032.07,""size"":0.07645503,""num_orders"":1}]","[{""price"":81039.01,""size"":0.02984896,""num_orders"":3},{""price"":81039.02,""size"":0.03,""num_orders"":1},{""price"":81039.04,""size"":0.03,""num_orders"":1},{""price"":81040.63,""size"":0.13313114,""num_orders"":2},{""price"":81040.64,""size"":0.02467898,""num_orders"":2},{""price"":81041.04,""size"":0.00740384,""num_orders"":1},{""price"":81041.94,""size"":0.09870138,""num_orders"":1},{""price"":81042.29,""size"":0.0246794,""num_orders"":1},{""price"":81042.58,""size"":0.00311092,""num_orders"":1},{""price"":81042.79,""size"":0.00246762,""num_orders"":1}]"
btc_usd_d10_20260920T005352Z,57,2026-09-20T01:50:52.783973Z,2026-09-20T01:50:52.784116Z,BTC-USD,10,ok,,136393103456,2026-09-20T01:50:50.273076978Z,0.30290462,0.56614331,-0.302904685591,81039,81039.009999999995,81039.005000000005,0.009999999995,0.001233973689,"[{""price"":81039.0,""size"":0.00852596,""num_orders"":7},{""price"":81037.88,""size"":0.02598762,""num_orders"":1},{""price"":81037.38,""size"":0.08644841,""num_orders"":1},{""price"":81037.37,""size"":0.02467998,""num_orders"":2},{""price"":81036.97,""size"":0.00740384,""num_orders"":1},{""price"":81036.78,""size"":0.014,""num_orders"":1},{""price"":81036.54,""size"":0.09872089,""num_orders"":1},{""price"":81035.95,""size"":0.01388312,""num_orders"":1},{""price"":81035.56,""size"":0.014,""num_orders"":1},{""price"":81034.24,""size"":0.0092548,""num_orders"":1}]","[{""price"":81039.01,""size"":0.0284061,""num_orders"":5},{""price"":81040.04,""size"":0.02467941,""num_orders"":1},{""price"":81040.64,""size"":0.02467898,""num_orders"":2},{""price"":81040.89,""size"":0.00370982,""num_orders"":1},{""price"":81041.04,""size"":0.00740384,""num_orders"":1},{""price"":81041.69,""size"":0.27038679,""num_orders"":1},{""price"":81041.7,""size"":0.09870138,""num_orders"":1},{""price"":81042.58,""size"":0.00020969,""num_orders"":1},{""price"":81043.43,""size"":0.0987125,""num_orders"":1},{""price"":81043.77,""size"":0.0092548,""num_orders"":1}]"
btc_usd_d10_20260920T005352Z,58,2026-09-20T01:51:52.783973Z,2026-09-20T01:51:52.784108Z,BTC-USD,10,ok,,136393125047,2026-09-20T01:51:50.527101668Z,0.60643476,1.13451579,-0.303329138211,81046.160000000003,81046.169999999998,81046.165000000008,0.009999999995,0.001233864674,"[{""price"":81046.16,""size"":0.00742699,""num_orders"":5},{""price"":81044.13,""size"":0.00740318,""num_orders"":1},{""price"":81043.84,""size"":0.01699999,""num_orders"":1},{""price"":81043.11,""size"":0.00933744,""num_orders"":1},{""price"":81042.06,""size"":0.00080201,""num_orders"":1},{""price"":81041.71,""size"":0.38155471,""num_orders"":5},{""price"":81041.4,""size"":0.00925398,""num_orders"":1},{""price"":81038.2,""size"":0.016,""num_orders"":1},{""price"":81036.96,""size"":0.05893607,""num_orders"":1},{""price"":81036.95,""size"":0.09872039,""num_orders"":1}]","[{""price"":81046.17,""size"":0.13961552,""num_orders"":5},{""price"":81046.96,""size"":0.07382308,""num_orders"":1},{""price"":81046.97,""size"":0.0987082,""num_orders"":1},{""price"":81046.99,""size"":0.00026995,""num_orders"":1},{""price"":81047.25,""size"":0.00246788,""num_orders"":1},{""price"":81047.8,""size"":0.0246768,""num_orders"":2},{""price"":81047.99,""size"":0.0246786,""num_orders"":1},{""price"":81048.2,""size"":0.00740318,""num_orders"":1},{""price"":81048.74,""size"":0.6641712,""num_orders"":2},{""price"":81048.75,""size"":0.09870138,""num_orders"":1}]"
btc_usd_d10_20260920T005352Z,59,2026-09-20T01:52:52.783973Z,2026-09-20T01:52:52.784118Z,BTC-USD,10,ok,,136393150274,2026-09-20T01:52:50.429444919Z,0.54953219,0.44802285,0.101758134569,81032.479999999996,81032.490000000005,81032.485000000001,0.010000000009,0.001234072978,"[{""price"":81032.48,""size"":0.03256571,""num_orders"":5},{""price"":81030.85,""size"":0.02468196,""num_orders"":2},{""price"":81030.0,""size"":0.01799848,""num_orders"":1},{""price"":81028.83,""size"":0.01799715,""num_orders"":1},{""price"":81028.5,""size"":0.00015796,""num_orders"":1},{""price"":81027.85,""size"":0.21017659,""num_orders"":1},{""price"":81027.49,""size"":0.09870138,""num_orders"":1},{""price"":81026.79,""size"":0.09873277,""num_orders"":1},{""price"":81026.78,""size"":0.00080214,""num_orders"":1},{""price"":81026.6,""size"":0.04771805,""num_orders"":1}]","[{""price"":81032.49,""size"":0.06723389,""num_orders"":6},{""price"":81032.5,""size"":0.03,""num_orders"":1},{""price"":81032.52,""size"":0.03,""num_orders"":1},{""price"":81032.8,""size"":0.09872546,""num_orders"":1},{""price"":81033.74,""size"":0.07955313,""num_orders"":1},{""price"":81034.12,""size"":0.02468096,""num_orders"":2},{""price"":81034.13,""size"":0.09870138,""num_orders"":1},{""price"":81034.52,""size"":0.00740443,""num_orders"":1},{""price"":81035.69,""size"":0.00246806,""num_orders"":1},{""price"":81037.25,""size"":0.00925554,""num_orders"":1}]"
btc_usd_d10_20260920T055716Z,0,2026-09-20T05:57:16.172106Z,2026-09-20T05:57:16.172138Z,BTC-USD,10,ok,,136401291546,2026-09-20T05:57:14.009460062Z,0.31029499,0.33665568,-0.040746058737,80461.479999999996,80461.490000000005,80461.485000000001,0.010000000009,0.001242830655,"[{""price"":80461.48,""size"":0.07503636,""num_orders"":6},{""price"":80461.46,""size"":0.03,""num_orders"":1},{""price"":80461.1,""size"":0.02485722,""num_orders"":1},{""price"":80459.87,""size"":0.02485712,""num_orders"":2},{""price"":80459.14,""size"":0.00745699,""num_orders"":1},{""price"":80459.13,""size"":0.09942935,""num_orders"":1},{""price"":80458.56,""size"":8.6e-05,""num_orders"":1},{""price"":80458.55,""size"":0.00035732,""num_orders"":1},{""price"":80457.9,""size"":0.00621464,""num_orders"":1},{""price"":80457.41,""size"":0.04199999,""num_orders"":1}]","[{""price"":80461.49,""size"":0.00721499,""num_orders"":1},{""price"":80461.5,""size"":1.4e-05,""num_orders"":1},{""price"":80463.1,""size"":0.02485612,""num_orders"":2},{""price"":80463.14,""size"":0.0074571,""num_orders"":1},{""price"":80465.0,""size"":0.01,""num_orders"":1},{""price"":80465.86,""size"":0.00932138,""num_orders"":1},{""price"":80465.92,""size"":0.0981873,""num_orders"":2},{""price"":80465.93,""size"":0.07458361,""num_orders"":1},{""price"":80467.03,""size"":0.0994196,""num_orders"":1},{""price"":80468.48,""size"":0.00560158,""num_orders"":1}]"
btc_usd_d10_20260920T055716Z,1,2026-09-20T05:58:16.172106Z,2026-09-20T05:58:16.172254Z,BTC-USD,10,ok,,136401319974,2026-09-20T05:58:15.532783879Z,0.73714047,0.45492997,0.236739785276,80479.490000000005,80479.5,80479.494999999995,0.009999999995,0.001242552528,"[{""price"":80479.49,""size"":0.0363163,""num_orders"":2},{""price"":80477.78,""size"":0.04452642,""num_orders"":1},{""price"":80477.77,""size"":0.07458361,""num_orders"":1},{""price"":80477.61,""size"":0.00248492,""num_orders"":1},{""price"":80477.59,""size"":0.0349971,""num_orders"":1},{""price"":80476.31,""size"":0.09818063,""num_orders"":2},{""price"":80476.07,""size"":0.09940843,""num_orders"":1},{""price"":80475.1,""size"":0.07458361,""num_orders"":1},{""price"":80473.79,""size"":0.00124204,""num_orders"":1},{""price"":80471.6,""size"":0.27081741,""num_orders"":1}]","[{""price"":80479.5,""size"":0.03038622,""num_orders"":3},{""price"":80481.5,""size"":0.009978,""num_orders"":1},{""price"":80481.51,""size"":0.00745568,""num_orders"":1},{""price"":80484.23,""size"":0.0093196,""num_orders"":1},{""price"":80485.0,""size"":0.01,""num_orders"":1},{""price"":80485.2,""size"":0.13776722,""num_orders"":2},{""price"":80485.21,""size"":0.07458361,""num_orders"":1},{""price"":80486.11,""size"":0.09939603,""num_orders"":1},{""price"":80486.86,""size"":0.00146,""num_orders"":1},{""price"":80487.96,""size"":0.07458361,""num_orders"":1}]"
btc_usd_d10_20260920T055716Z,2,2026-09-20T05:59:16.172106Z,2026-09-20T05:59:16.172241Z,BTC-USD,10,ok,,136401343320,2026-09-20T05:59:14.528155242Z,0.28903646,0.23518582,0.102724821234,80472.300000000003,80473.600000000006,80472.950000000012,1.300000000003,0.161544966352,"[{""price"":80472.3,""size"":0.13048841,""num_orders"":3},{""price"":80472.28,""size"":0.00124209,""num_orders"":1},{""price"":80472.27,""size"":0.02484969,""num_orders"":1},{""price"":80471.97,""size"":0.00621243,""num_orders"":1},{""price"":80471.57,""size"":0.00061773,""num_orders"":1},{""price"":80471.17,""size"":0.03013693,""num_orders"":1},{""price"":80471.16,""size"":0.02399788,""num_orders"":1},{""price"":80470.18,""size"":0.00248486,""num_orders"":1},{""price"":80469.95,""size"":0.02399788,""num_orders"":1},{""price"":80467.99,""size"":0.04500856,""num_orders"":1}]","[{""price"":80473.6,""size"":0.0463,""num_orders"":2},{""price"":80473.73,""size"":0.01786476,""num_orders"":1},{""price"":80473.74,""size"":0.009552,""num_orders"":1},{""price"":80473.75,""size"":0.009882,""num_orders"":1},{""price"":80475.36,""size"":0.02485232,""num_orders"":2},{""price"":80475.75,""size"":0.00745591,""num_orders"":1},{""price"":80477.71,""size"":0.10995806,""num_orders"":2},{""price"":80477.72,""size"":4.4e-07,""num_orders"":1},{""price"":80477.73,""size"":4.4e-07,""num_orders"":1},{""price"":80478.47,""size"":0.00931989,""num_orders"":1}]"
btc_usd_d10_20260920T055716Z,3,2026-09-20T06:00:16.172106Z,2026-09-20T06:00:16.172246Z,BTC-USD,10,ok,,136401368309,2026-09-20T06:00:14.514435894Z,0.57304158,0.45585903,0.113891029766,80461.600000000006,80461.610000000001,80461.60500000001,0.009999999995,0.001242828799,"[{""price"":80461.6,""size"":0.10636242,""num_orders"":9},{""price"":80460.71,""size"":0.19215139,""num_orders"":1},{""price"":80460.7,""size"":0.09942741,""num_orders"":1},{""price"":80459.66,""size"":0.04000527,""num_orders"":1},{""price"":80459.59,""size"":0.00745697,""num_orders"":1},{""price"":80459.32,""size"":0.00248581,""num_orders"":1},{""price"":80458.8,""size"":0.07458361,""num_orders"":1},{""price"":80458.45,""size"":0.04000527,""num_orders"":1},{""price"":80458.25,""size"":0.00124222,""num_orders"":1},{""price"":80456.87,""size"":0.00932121,""num_orders"":1}]","[{""price"":80461.61,""size"":0.00312461,""num_orders"":3},{""price"":80461.62,""size"":0.03,""num_orders"":1},{""price"":80461.64,""size"":0.03,""num_orders"":1},{""price"":80463.02,""size"":4.4e-07,""num_orders"":1},{""price"":80464.66,""size"":4.4e-07,""num_orders"":1},{""price"":80465.0,""size"":0.01,""num_orders"":1},{""price"":80466.81,""size"":0.009294,""num_orders"":1},{""price"":80469.63,""size"":0.18925593,""num_orders"":1},{""price"":80469.64,""size"":0.07458361,""num_orders"":1},{""price"":80469.66,""size"":0.1096,""num_orders"":1}]"
btc_usd_d10_20260920T055716Z,4,2026-09-20T06:01:16.172106Z,2026-09-20T06:01:16.172246Z,BTC-USD,10,ok,,136401393728,2026-09-20T06:01:13.960089007Z,0.43754206,0.32066643,0.154147086905,80445.869999999995,80448.690000000002,80447.279999999999,2.820000000007,0.350540130133,"[{""price"":80445.87,""size"":0.01778287,""num_orders"":3},{""price"":80445.85,""size"":0.00728898,""num_orders"":1},{""price"":80445.83,""size"":0.00621375,""num_orders"":1},{""price"":80445.82,""size"":0.07489436,""num_orders"":2},{""price"":80444.14,""size"":0.11587703,""num_orders"":1},{""price"":80444.13,""size"":0.09944789,""num_orders"":1},{""price"":80444.01,""size"":0.01500089,""num_orders"":1},{""price"":80443.83,""size"":0.0074583,""num_orders"":1},{""price"":80443.08,""size"":0.01899438,""num_orders"":1},{""price"":80442.09,""size"":0.07458361,""num_orders"":1}]","[{""price"":80448.69,""size"":0.0363,""num_orders"":1},{""price"":80449.69,""size"":0.00060128,""num_orders"":1},{""price"":80450.13,""size"":0.00221894,""num_orders"":1},{""price"":80450.29,""size"":0.009324,""num_orders"":1},{""price"":80450.96,""size"":0.09819909,""num_orders"":2},{""price"":80450.97,""size"":0.07458361,""num_orders"":1},{""price"":80451.21,""size"":4.4e-07,""num_orders"":1},{""price"":80451.22,""size"":4.4e-07,""num_orders"":1},{""price"":80451.45,""size"":4.4e-07,""num_orders"":1},{""price"":80451.99,""size"":0.09943819,""num_orders"":1}]"
btc_usd_d10_20260920T055716Z,5,2026-09-20T06:02:16.172106Z,2026-09-20T06:02:16.172233Z,BTC-USD,10,ok,,136401425952,2026-09-20T06:02:15.032701637Z,0.4874608,1.09202291,-0.382759319499,80481.679999999993,80481.690000000002,80481.684999999998,0.010000000009,0.001242518718,"[{""price"":80481.68,""size"":0.0041855,""num_orders"":5},{""price"":80480.85,""size"":0.19285113,""num_orders"":1},{""price"":80480.84,""size"":0.10429243,""num_orders"":2},{""price"":80480.62,""size"":0.07458361,""num_orders"":1},{""price"":80480.45,""size"":0.00934578,""num_orders"":2},{""price"":80480.07,""size"":0.02485088,""num_orders"":2},{""price"":80479.6,""size"":0.00012425,""num_orders"":1},{""price"":80477.64,""size"":0.07458361,""num_orders"":1},{""price"":80477.16,""size"":0.00248444,""num_orders"":1},{""price"":80476.98,""size"":0.00015917,""num_orders"":1}]","[{""price"":80481.69,""size"":0.09797651,""num_orders"":5},{""price"":80481.7,""size"":0.03,""num_orders"":1},{""price"":80481.71,""size"":0.03719608,""num_orders"":1},{""price"":80481.72,""size"":0.03,""num_orders"":1},{""price"":80483.3,""size"":0.02484988,""num_orders"":2},{""price"":80483.71,""size"":0.00745511,""num_orders"":1},{""price"":80486.42,""size"":0.00931889,""num_orders"":1},{""price"":80487.51,""size"":0.05933839,""num_orders"":1},{""price"":80487.52,""size"":0.09939429,""num_orders"":1},{""price"":80489.19,""size"":0.69649376,""num_orders"":2}]"
btc_usd_d10_20260920T055716Z,6,2026-09-20T06:03:16.172106Z,2026-09-20T06:03:16.172233Z,BTC-USD,10,ok,,136401456855,2026-09-20T06:03:14.031785234Z,0.43824944,2.04960681,-0.647689097793,80432.339999999997,80435.350000000006,80433.845000000001,3.010000000009,0.374220578416,"[{""price"":80432.34,""size"":0.0363,""num_orders"":1},{""price"":80431.34,""size"":0.01999299,""num_orders"":1},{""price"":80431.13,""size"":0.07458361,""num_orders"":1},{""price"":80431.12,""size"":0.09946397,""num_orders"":1},{""price"":80429.05,""size"":0.00551189,""num_orders"":3},{""price"":80428.84,""size"":0.00621687,""num_orders"":1},{""price"":80428.38,""size"":0.04452642,""num_orders"":1},{""price"":80428.37,""size"":0.07458361,""num_orders"":1},{""price"":80426.02,""size"":0.00248647,""num_orders"":1},{""price"":80424.04,""size"":0.07458361,""num_orders"":1}]","[{""price"":80435.35,""size"":0.00745968,""num_orders"":1},{""price"":80435.95,""size"":0.04452642,""num_orders"":1},{""price"":80435.96,""size"":0.07458361,""num_orders"":1},{""price"":80438.07,""size"":0.0093246,""num_orders"":1},{""price"":80438.53,""size"":0.12080312,""num_orders"":1},{""price"":80438.68,""size"":0.70687035,""num_orders"":1},{""price"":80438.69,""size"":0.07458361,""num_orders"":1},{""price"":80439.0,""size"":1.0,""num_orders"":1},{""price"":80440.0,""size"":0.01,""num_orders"":1},{""price"":80440.71,""size"":0.00145542,""num_orders"":1}]"
btc_usd_d10_20260920T055716Z,7,2026-09-20T06:04:16.172106Z,2026-09-20T06:04:16.172235Z,BTC-USD,10,ok,,136401487067,2026-09-20T06:04:15.901851346Z,0.3457329,0.99005489,-0.482353555575,80423.070000000007,80423.080000000002,80423.075000000012,0.009999999995,0.001243424228,"[{""price"":80423.07,""size"":0.03234562,""num_orders"":4},{""price"":80422.96,""size"":0.02253119,""num_orders"":2},{""price"":80421.54,""size"":0.00621611,""num_orders"":1},{""price"":80421.46,""size"":0.02486898,""num_orders"":2},{""price"":80420.01,""size"":0.07458361,""num_orders"":1},{""price"":80420.0,""size"":0.09947773,""num_orders"":1},{""price"":80419.43,""size"":9.114e-05,""num_orders"":1},{""price"":80418.39,""size"":0.00124291,""num_orders"":1},{""price"":80416.78,""size"":0.009792,""num_orders"":1},{""price"":80416.47,""size"":0.07458361,""num_orders"":1}]","[{""price"":80423.08,""size"":0.31502933,""num_orders"":3},{""price"":80424.08,""size"":0.00080822,""num_orders"":1},{""price"":80424.69,""size"":0.02486798,""num_orders"":2},{""price"":80425.08,""size"":0.10547829,""num_orders"":2},{""price"":80425.09,""size"":0.00746054,""num_orders"":1},{""price"":80425.88,""size"":0.07458361,""num_orders"":1},{""price"":80427.23,""size"":0.0994688,""num_orders"":1},{""price"":80427.81,""size"":0.00932568,""num_orders"":1},{""price"":80428.29,""size"":0.22963612,""num_orders"":1},{""price"":80428.3,""size"":0.12339632,""num_orders"":1}]"
btc_usd_d10_20260920T055716Z,8,2026-09-20T06:05:16.172106Z,2026-09-20T06:05:16.172239Z,BTC-USD,10,ok,,136401514336,2026-09-20T06:05:15.400186220Z,0.44518592,1.01720888,-0.391154946667,80415.789999999994,80415.800000000003,80415.794999999998,0.010000000009,0.001243536796,"[{""price"":80415.79,""size"":0.01974995,""num_orders"":4},{""price"":80414.18,""size"":0.02487124,""num_orders"":2},{""price"":80413.63,""size"":0.0048746,""num_orders"":1},{""price"":80410.31,""size"":0.00080829,""num_orders"":1},{""price"":80410.08,""size"":0.09949,""num_orders"":1},{""price"":80409.78,""size"":0.00124304,""num_orders"":1},{""price"":80408.61,""size"":0.009654,""num_orders"":1},{""price"":80408.38,""size"":0.07458361,""num_orders"":1},{""price"":80405.0,""size"":0.01,""num_orders"":1},{""price"":80403.38,""size"":0.19991119,""num_orders"":1}]","[{""price"":80415.8,""size"":0.45602076,""num_orders"":9},{""price"":80416.05,""size"":0.11745502,""num_orders"":2},{""price"":80416.85,""size"":0.09948164,""num_orders"":1},{""price"":80417.41,""size"":0.02487024,""num_orders"":2},{""price"":80417.81,""size"":0.00746122,""num_orders"":1},{""price"":80418.96,""size"":0.00248708,""num_orders"":1},{""price"":80419.49,""size"":0.07470795,""num_orders"":2},{""price"":80419.5,""size"":0.00103129,""num_orders"":3},{""price"":80420.53,""size"":0.00932652,""num_orders"":1},{""price"":80420.99,""size"":0.22436716,""num_orders"":2}]"
btc_usd_d10_20260920T055716Z,9,2026-09-20T06:06:16.172106Z,2026-09-20T06:06:16.172241Z,BTC-USD,10,ok,,136401538821,2026-09-20T06:06:14.855846141Z,0.30104664,0.15881587,0.30928977011,80459.690000000002,80459.699999999997,80459.695000000007,0.009999999995,0.001242858303,"[{""price"":80459.69,""size"":0.02611267,""num_orders"":4},{""price"":80459.68,""size"":0.03,""num_orders"":1},{""price"":80459.66,""size"":0.03,""num_orders"":1},{""price"":80457.96,""size"":0.00969552,""num_orders"":2},{""price"":80457.68,""size"":0.00745714,""num_orders"":1},{""price"":80456.3,""size"":0.07458361,""num_orders"":1},{""price"":80456.23,""size"":0.00475785,""num_orders"":1},{""price"":80455.03,""size"":0.09943442,""num_orders"":1},{""price"":80454.96,""size"":0.00932143,""num_orders"":1},{""price"":80452.11,""size"":0.009684,""num_orders"":1}]","[{""price"":80459.7,""size"":0.03572763,""num_orders"":1},{""price"":80460.0,""size"":0.00103361,""num_orders"":1},{""price"":80460.01,""size"":0.00043404,""num_orders"":1},{""price"":80460.76,""size"":0.04453582,""num_orders"":1},{""price"":80461.3,""size"":4.4e-07,""num_orders"":1},{""price"":80461.31,""size"":4.4e-07,""num_orders"":1},{""price"":80461.36,""size"":0.00248584,""num_orders"":1},{""price"":80461.5,""size"":1.4e-05,""num_orders"":1},{""price"":80463.7,""size"":0.07458361,""num_orders"":1},{""price"":80464.04,""size"":4.4e-07,""num_orders"":1}]"
btc_usd_d10_20260920T055716Z,10,2026-09-20T06:07:16.172106Z,2026-09-20T06:07:16.172264Z,BTC-USD,10,ok,,136401569412,2026-09-20T06:07:14.045432749Z,0.17201481,0.3321188,-0.317582455968,80444.199999999997,80444.210000000006,80444.205000000002,0.010000000009,0.001243097624,"[{""price"":80444.2,""size"":0.00794523,""num_orders"":4},{""price"":80444.19,""size"":0.00035739,""num_orders"":1},{""price"":80442.59,""size"":0.02486246,""num_orders"":2},{""price"":80442.44,""size"":0.00621418,""num_orders"":1},{""price"":80442.43,""size"":0.00058215,""num_orders"":2},{""price"":80442.25,""size"":0.09945022,""num_orders"":1},{""price"":80441.67,""size"":0.01400001,""num_orders"":1},{""price"":80440.66,""size"":0.00458916,""num_orders"":1},{""price"":80440.5,""size"":1.4e-05,""num_orders"":1},{""price"":80440.46,""size"":0.01400001,""num_orders"":1}]","[{""price"":80444.21,""size"":0.03309382,""num_orders"":4},{""price"":80444.57,""size"":0.00221097,""num_orders"":1},{""price"":80445.73,""size"":0.07866095,""num_orders"":1},{""price"":80445.74,""size"":0.07458361,""num_orders"":1},{""price"":80445.76,""size"":0.02485673,""num_orders"":1},{""price"":80445.82,""size"":0.02486146,""num_orders"":2},{""price"":80446.22,""size"":0.00745858,""num_orders"":1},{""price"":80448.94,""size"":0.00932323,""num_orders"":1},{""price"":80449.47,""size"":0.07458361,""num_orders"":1},{""price"":80450.41,""size"":0.00248584,""num_orders"":1}]"
btc_usd_d10_20260920T055716Z,11,2026-09-20T06:08:16.172106Z,2026-09-20T06:08:16.172243Z,BTC-USD,10,ok,,136401597054,2026-09-20T06:08:15.547995772Z,0.43702576,0.50427388,-0.071441778093,80409,80409.009999999995,80409.005000000005,0.009999999995,0.001243641803,"[{""price"":80409.0,""size"":0.03698389,""num_orders"":4},{""price"":80408.69,""size"":0.09949172,""num_orders"":1},{""price"":80407.39,""size"":0.02487334,""num_orders"":2},{""price"":80407.09,""size"":0.00124308,""num_orders"":1},{""price"":80406.49,""size"":0.01499812,""num_orders"":1},{""price"":80405.4,""size"":0.00621744,""num_orders"":1},{""price"":80405.28,""size"":0.01499812,""num_orders"":1},{""price"":80402.82,""size"":0.08905283,""num_orders"":1},{""price"":80402.81,""size"":0.07458361,""num_orders"":1},{""price"":80400.07,""size"":0.07458361,""num_orders"":1}]","[{""price"":80409.01,""size"":0.21482005,""num_orders"":4},{""price"":80409.02,""size"":0.03,""num_orders"":1},{""price"":80409.03,""size"":0.08756068,""num_orders"":1},{""price"":80409.04,""size"":0.03,""num_orders"":1},{""price"":80409.88,""size"":0.07458361,""num_orders"":1},{""price"":80410.62,""size"":0.02487234,""num_orders"":2},{""price"":80411.02,""size"":0.00746185,""num_orders"":1},{""price"":80411.37,""size"":0.00084761,""num_orders"":1},{""price"":80411.99,""size"":0.02486974,""num_orders"":1},{""price"":80412.74,""size"":0.009258,""num_orders"":1}]"
btc_usd_d10_20260920T055716Z,12,2026-09-20T06:09:16.172106Z,2026-09-20T06:09:16.172251Z,BTC-USD,10,ok,,136401624225,2026-09-20T06:09:15.509616422Z,1.00210253,0.11078697,0.800902120112,80426.990000000005,80427,80426.994999999995,0.009999999995,0.001243363624,"[{""price"":80426.99,""size"":0.76436556,""num_orders"":13},{""price"":80426.98,""size"":0.03024867,""num_orders"":2},{""price"":80426.97,""size"":0.05679595,""num_orders"":2},{""price"":80426.96,""size"":0.03,""num_orders"":1},{""price"":80426.41,""size"":0.00621825,""num_orders"":1},{""price"":80425.89,""size"":0.00400175,""num_orders"":1},{""price"":80425.38,""size"":0.02486778,""num_orders"":2},{""price"":80424.98,""size"":0.00746018,""num_orders"":1},{""price"":80424.02,""size"":0.06882039,""num_orders"":1},{""price"":80423.15,""size"":0.009324,""num_orders"":1}]","[{""price"":80427.0,""size"":7.743e-05,""num_orders"":1},{""price"":80427.15,""size"":4.4e-07,""num_orders"":1},{""price"":80427.16,""size"":4.4e-07,""num_orders"":1},{""price"":80427.58,""size"":4.4e-07,""num_orders"":1},{""price"":80430.0,""size"":0.010014,""num_orders"":2},{""price"":80430.35,""size"":0.02486624,""num_orders"":2},{""price"":80432.86,""size"":0.07458361,""num_orders"":1},{""price"":80433.2,""size"":0.00124349,""num_orders"":1},{""price"":80434.43,""size"":4.4e-07,""num_orders"":1},{""price"":80434.44,""size"":4.4e-07,""num_orders"":1}]"
btc_usd_d10_20260920T055716Z,13,2026-09-20T06:10:16.172106Z,2026-09-20T06:10:16.172241Z,BTC-USD,10,ok,,136401652429,2026-09-20T06:10:15.013303381Z,0.36080788,0.46054031,-0.121425275193,80456.729999999996,80456.740000000005,80456.735000000001,0.010000000009,0.001242904029,"[{""price"":80456.73,""size"":0.17942976,""num_orders"":9},{""price"":80456.72,""size"":0.00025078,""num_orders"":2},{""price"":80456.71,""size"":2.2e-06,""num_orders"":1},{""price"":80456.7,""size"":0.00028759,""num_orders"":2},{""price"":80456.69,""size"":2.2e-06,""num_orders"":1},{""price"":80456.68,""size"":2.2e-06,""num_orders"":1},{""price"":80456.67,""size"":2.2e-06,""num_orders"":1},{""price"":80456.57,""size"":0.0802038,""num_orders"":1},{""price"":80456.56,""size"":0.09943252,""num_orders"":1},{""price"":80455.72,""size"":0.00119463,""num_orders"":1}]","[{""price"":80456.74,""size"":0.06092947,""num_orders"":6},{""price"":80456.76,""size"":0.03,""num_orders"":1},{""price"":80458.31,""size"":0.12468042,""num_orders"":1},{""price"":80458.33,""size"":0.07458361,""num_orders"":1},{""price"":80458.35,""size"":0.02485758,""num_orders"":2},{""price"":80458.75,""size"":0.00745742,""num_orders"":1},{""price"":80461.47,""size"":0.00932178,""num_orders"":1},{""price"":80461.94,""size"":0.04452642,""num_orders"":1},{""price"":80462.46,""size"":0.0096,""num_orders"":1},{""price"":80462.94,""size"":0.07458361,""num_orders"":1}]"
btc_usd_d10_20260920T055716Z,14,2026-09-20T06:11:16.172106Z,2026-09-20T06:11:16.172240Z,BTC-USD,10,ok,,136401684368,2026-09-20T06:11:14.819982766Z,0.37757606,0.36828337,0.012459036685,80412.889999999999,80412.899999999994,80412.89499999999,0.009999999995,0.001243581641,"[{""price"":80412.89,""size"":0.0563,""num_orders"":3},{""price"":80411.95,""size"":0.13313755,""num_orders"":1},{""price"":80411.94,""size"":0.09948771,""num_orders"":1},{""price"":80411.92,""size"":4.427e-05,""num_orders"":1},{""price"":80411.91,""size"":0.00608451,""num_orders"":1},{""price"":80411.22,""size"":0.00124303,""num_orders"":1},{""price"":80410.45,""size"":0.07458361,""num_orders"":1},{""price"":80410.24,""size"":0.00621695,""num_orders"":1},{""price"":80409.0,""size"":1.4e-05,""num_orders"":1},{""price"":80408.67,""size"":0.00046443,""num_orders"":1}]","[{""price"":80412.9,""size"":0.02110339,""num_orders"":1},{""price"":80413.37,""size"":0.00019187,""num_orders"":1},{""price"":80414.5,""size"":0.02487114,""num_orders"":2},{""price"":80414.91,""size"":0.00746148,""num_orders"":1},{""price"":80417.63,""size"":0.00932686,""num_orders"":1},{""price"":80419.5,""size"":0.07458361,""num_orders"":1},{""price"":80419.51,""size"":0.11931717,""num_orders"":1},{""price"":80420.11,""size"":0.03501773,""num_orders"":1},{""price"":80420.95,""size"":0.00182651,""num_orders"":1},{""price"":80422.49,""size"":0.07458361,""num_orders"":1}]"
btc_usd_d10_20260920T055716Z,15,2026-09-20T06:12:16.172106Z,2026-09-20T06:12:16.172247Z,BTC-USD,10,ok,,136401710110,2026-09-20T06:12:13.808840366Z,0.18814771,0.25304984,-0.147104466015,80423.740000000005,80423.75,80423.744999999995,0.009999999995,0.001243413869,"[{""price"":80423.74,""size"":0.02919557,""num_orders"":3},{""price"":80423.71,""size"":0.00016164,""num_orders"":1},{""price"":80423.7,""size"":0.00018589,""num_orders"":1},{""price"":80422.67,""size"":0.00605914,""num_orders"":2},{""price"":80422.59,""size"":0.00621787,""num_orders"":1},{""price"":80422.22,""size"":0.00248715,""num_orders"":1},{""price"":80422.14,""size"":0.09650923,""num_orders"":2},{""price"":80422.13,""size"":0.02486878,""num_orders"":2},{""price"":80421.78,""size"":0.01500203,""num_orders"":1},{""price"":80421.68,""size"":0.00746041,""num_orders"":1}]","[{""price"":80423.75,""size"":0.02755371,""num_orders"":4},{""price"":80425.3,""size"":0.00023148,""num_orders"":1},{""price"":80425.36,""size"":0.02486778,""num_orders"":2},{""price"":80425.57,""size"":0.009432,""num_orders"":1},{""price"":80425.76,""size"":0.00746048,""num_orders"":1},{""price"":80426.25,""size"":0.07458361,""num_orders"":1},{""price"":80426.26,""size"":0.09947,""num_orders"":1},{""price"":80428.29,""size"":0.00012474,""num_orders"":2},{""price"":80428.3,""size"":4.4e-07,""num_orders"":1},{""price"":80428.48,""size"":0.0093256,""num_orders"":1}]"
btc_usd_d10_20260920T055716Z,16,2026-09-20T06:13:16.172106Z,2026-09-20T06:13:16.172249Z,BTC-USD,10,ok,,136401737436,2026-09-20T06:13:14.971362212Z,0.27275801,0.2399749,0.063937986739,80463.360000000001,80463.369999999995,80463.364999999991,0.009999999995,0.001242801615,"[{""price"":80463.36,""size"":0.10493908,""num_orders"":7},{""price"":80463.34,""size"":0.03,""num_orders"":1},{""price"":80463.33,""size"":0.00016156,""num_orders"":1},{""price"":80463.32,""size"":0.00018579,""num_orders"":1},{""price"":80462.64,""size"":0.00621644,""num_orders"":1},{""price"":80462.61,""size"":0.00492254,""num_orders"":1},{""price"":80462.22,""size"":0.00124226,""num_orders"":1},{""price"":80461.99,""size"":0.00080782,""num_orders"":1},{""price"":80461.85,""size"":0.09942598,""num_orders"":1},{""price"":80461.75,""size"":0.02485654,""num_orders"":2}]","[{""price"":80463.37,""size"":0.00011619,""num_orders"":2},{""price"":80463.38,""size"":4.4e-07,""num_orders"":1},{""price"":80465.0,""size"":0.01,""num_orders"":1},{""price"":80465.83,""size"":0.02485528,""num_orders"":2},{""price"":80466.3,""size"":4.4e-07,""num_orders"":1},{""price"":80466.31,""size"":4.4e-07,""num_orders"":1},{""price"":80466.32,""size"":4.4e-07,""num_orders"":1},{""price"":80466.98,""size"":0.13041762,""num_orders"":1},{""price"":80466.99,""size"":0.07458361,""num_orders"":1},{""price"":80467.95,""size"":4.4e-07,""num_orders"":1}]"
btc_usd_d10_20260920T055716Z,17,2026-09-20T06:14:16.172106Z,2026-09-20T06:14:16.172239Z,BTC-USD,10,ok,,136401764732,2026-09-20T06:14:14.800234157Z,0.00747607,0.38873306,-0.962262000373,80473.970000000001,80473.979999999996,80473.975000000006,0.009999999995,0.001242637759,"[{""price"":80473.97,""size"":0.00692195,""num_orders"":4},{""price"":80473.96,""size"":0.00025072,""num_orders"":2},{""price"":80473.95,""size"":0.000288,""num_orders"":2},{""price"":80473.94,""size"":2.2e-06,""num_orders"":1},{""price"":80473.93,""size"":2.2e-06,""num_orders"":1},{""price"":80473.92,""size"":2.2e-06,""num_orders"":1},{""price"":80473.91,""size"":2.2e-06,""num_orders"":1},{""price"":80473.9,""size"":2.2e-06,""num_orders"":1},{""price"":80473.89,""size"":2.2e-06,""num_orders"":1},{""price"":80473.88,""size"":2.2e-06,""num_orders"":1}]","[{""price"":80473.98,""size"":0.01386419,""num_orders"":1},{""price"":80475.58,""size"":0.01928792,""num_orders"":1},{""price"":80475.59,""size"":0.02485226,""num_orders"":2},{""price"":80475.99,""size"":0.00745582,""num_orders"":1},{""price"":80476.39,""size"":0.15043285,""num_orders"":2},{""price"":80476.4,""size"":0.07458361,""num_orders"":1},{""price"":80476.5,""size"":0.00743085,""num_orders"":1},{""price"":80478.83,""size"":0.07458361,""num_orders"":1},{""price"":80479.04,""size"":0.00931987,""num_orders"":1},{""price"":80480.12,""size"":0.00692208,""num_orders"":1}]"
btc_usd_d10_20260920T055716Z,18,2026-09-20T06:15:16.172106Z,2026-09-20T06:15:16.172258Z,BTC-USD,10,ok,,136401790430,2026-09-20T06:15:14.026451059Z,0.919877,0.07927719,0.841311399595,80485.229999999996,80485.240000000005,80485.235000000001,0.010000000009,0.001242463914,"[{""price"":80485.23,""size"":0.71721499,""num_orders"":11},{""price"":80485.22,""size"":0.02140066,""num_orders"":8},{""price"":80485.19,""size"":0.00016152,""num_orders"":1},{""price"":80485.18,""size"":0.00018574,""num_orders"":1},{""price"":80485.06,""size"":0.00285535,""num_orders"":1},{""price"":80484.04,""size"":0.00982396,""num_orders"":2},{""price"":80483.62,""size"":0.06134659,""num_orders"":2},{""price"":80483.61,""size"":0.02484978,""num_orders"":2},{""price"":80483.01,""size"":0.0074548,""num_orders"":1},{""price"":80481.51,""size"":0.07458361,""num_orders"":1}]","[{""price"":80485.24,""size"":0.04442533,""num_orders"":3},{""price"":80486.85,""size"":0.02484878,""num_orders"":2},{""price"":80489.18,""size"":4.4e-07,""num_orders"":1},{""price"":80489.19,""size"":4.4e-07,""num_orders"":1},{""price"":80489.2,""size"":4.4e-07,""num_orders"":1},{""price"":80489.95,""size"":4.4e-07,""num_orders"":1},{""price"":80490.0,""size"":0.01,""num_orders"":1},{""price"":80490.01,""size"":4.4e-07,""num_orders"":1},{""price"":80490.19,""size"":4.4e-07,""num_orders"":1},{""price"":80490.2,""size"":4.4e-07,""num_orders"":1}]"
btc_usd_d10_20260920T055716Z,19,2026-09-20T06:16:16.172106Z,2026-09-20T06:16:16.172248Z,BTC-USD,10,ok,,136401817194,2026-09-20T06:16:14.010912294Z,0.55343115,0.01129393,0.960002024348,80509.979999999996,80509.990000000005,80509.985000000001,0.010000000009,0.001242081962,"[{""price"":80509.98,""size"":0.32867143,""num_orders"":18},{""price"":80509.97,""size"":0.00035709,""num_orders"":1},{""price"":80509.96,""size"":0.03,""num_orders"":1},{""price"":80509.23,""size"":0.00621144,""num_orders"":1},{""price"":80508.8,""size"":0.00248458,""num_orders"":1},{""price"":80508.37,""size"":0.13960416,""num_orders"":2},{""price"":80508.36,""size"":0.02484214,""num_orders"":2},{""price"":80507.98,""size"":0.01300047,""num_orders"":1},{""price"":80507.96,""size"":0.00745249,""num_orders"":1},{""price"":80507.76,""size"":0.00080735,""num_orders"":1}]","[{""price"":80509.99,""size"":0.0112903,""num_orders"":5},{""price"":80510.4,""size"":4.4e-07,""num_orders"":1},{""price"":80510.41,""size"":4.4e-07,""num_orders"":1},{""price"":80511.0,""size"":1.1e-07,""num_orders"":1},{""price"":80511.06,""size"":4.4e-07,""num_orders"":1},{""price"":80511.07,""size"":4.4e-07,""num_orders"":1},{""price"":80511.08,""size"":4.4e-07,""num_orders"":1},{""price"":80511.48,""size"":4.4e-07,""num_orders"":1},{""price"":80511.51,""size"":4.4e-07,""num_orders"":1},{""price"":80511.52,""size"":4.4e-07,""num_orders"":1}]"
btc_usd_d10_20260920T055716Z,20,2026-09-20T06:17:16.172106Z,2026-09-20T06:17:16.172235Z,BTC-USD,10,ok,,136401854823,2026-09-20T06:17:15.977211797Z,0.33869539,0.33828562,0.000605290243,80573.610000000001,80573.619999999995,80573.614999999991,0.009999999995,0.001241101072,"[{""price"":80573.61,""size"":0.01435285,""num_orders"":3},{""price"":80573.54,""size"":0.00124053,""num_orders"":1},{""price"":80573.02,""size"":0.12078391,""num_orders"":1},{""price"":80573.01,""size"":0.09928882,""num_orders"":1},{""price"":80572.47,""size"":0.01241204,""num_orders"":2},{""price"":80571.99,""size"":0.02482252,""num_orders"":2},{""price"":80571.67,""size"":0.019,""num_orders"":1},{""price"":80571.59,""size"":0.0074466,""num_orders"":1},{""price"":80571.29,""size"":0.03003987,""num_orders"":1},{""price"":80568.87,""size"":0.00930825,""num_orders"":1}]","[{""price"":80573.62,""size"":0.00011648,""num_orders"":2},{""price"":80574.68,""size"":0.03,""num_orders"":1},{""price"":80574.7,""size"":0.03,""num_orders"":1},{""price"":80575.0,""size"":0.01,""num_orders"":1},{""price"":80577.0,""size"":1.4e-05,""num_orders"":1},{""price"":80579.99,""size"":0.07458361,""num_orders"":1},{""price"":80580.0,""size"":0.01,""num_orders"":1},{""price"":80580.24,""size"":0.09927992,""num_orders"":1},{""price"":80582.42,""size"":0.07458361,""num_orders"":1},{""price"":80584.65,""size"":0.009708,""num_orders"":1}]"
btc_usd_d10_20260920T055716Z,21,2026-09-20T06:18:16.172106Z,2026-09-20T06:18:16.172248Z,BTC-USD,10,ok,,136401898375,2026-09-20T06:18:15.022322528Z,0.54205853,0.34084415,0.227900973185,80458.350000000006,80458.360000000001,80458.35500000001,0.009999999995,0.001242879002,"[{""price"":80458.35,""size"":0.15180967,""num_orders"":8},{""price"":80456.58,""size"":0.01484031,""num_orders"":1},{""price"":80456.57,""size"":0.02485814,""num_orders"":2},{""price"":80452.85,""size"":0.04452642,""num_orders"":1},{""price"":80452.84,""size"":0.07458361,""num_orders"":1},{""price"":80451.92,""size"":0.12509655,""num_orders"":1},{""price"":80451.46,""size"":0.00572602,""num_orders"":1},{""price"":80451.45,""size"":0.00621144,""num_orders"":1},{""price"":80451.0,""size"":1.4e-05,""num_orders"":1},{""price"":80450.33,""size"":0.09439237,""num_orders"":1}]","[{""price"":80458.36,""size"":0.01805167,""num_orders"":1},{""price"":80459.97,""size"":0.02485708,""num_orders"":2},{""price"":80460.37,""size"":0.00745727,""num_orders"":1},{""price"":80460.78,""size"":0.07458361,""num_orders"":1},{""price"":80460.87,""size"":0.00492716,""num_orders"":1},{""price"":80460.94,""size"":0.009474,""num_orders"":1},{""price"":80461.79,""size"":0.009792,""num_orders"":1},{""price"":80463.09,""size"":0.00932159,""num_orders"":1},{""price"":80463.47,""size"":0.07458361,""num_orders"":1},{""price"":80464.72,""size"":0.10779616,""num_orders"":2}]"
btc_usd_d10_20260920T055716Z,22,2026-09-20T06:19:16.172106Z,2026-09-20T06:19:16.172238Z,BTC-USD,10,ok,,136401931943,2026-09-20T06:19:16.029758019Z,0.67899294,0.65872016,0.015154804121,80489.149999999994,80489.160000000003,80489.154999999999,0.010000000009,0.001242403403,"[{""price"":80489.15,""size"":0.41397998,""num_orders"":8},{""price"":80489.14,""size"":0.03,""num_orders"":1},{""price"":80489.13,""size"":0.06837035,""num_orders"":1},{""price"":80489.12,""size"":0.03,""num_orders"":1},{""price"":80488.28,""size"":0.00080756,""num_orders"":1},{""price"":80487.51,""size"":0.00248517,""num_orders"":1},{""price"":80487.13,""size"":0.00745442,""num_orders"":1},{""price"":80485.0,""size"":0.07458361,""num_orders"":1},{""price"":80484.42,""size"":0.00931802,""num_orders"":1},{""price"":80483.5,""size"":0.04199383,""num_orders"":2}]","[{""price"":80489.16,""size"":0.0001242,""num_orders"":1},{""price"":80493.0,""size"":1.4e-05,""num_orders"":1},{""price"":80495.0,""size"":0.05452642,""num_orders"":2},{""price"":80495.01,""size"":0.07458361,""num_orders"":1},{""price"":80497.2,""size"":0.16132565,""num_orders"":1},{""price"":80497.21,""size"":0.1096,""num_orders"":1},{""price"":80497.43,""size"":0.07458361,""num_orders"":1},{""price"":80499.85,""size"":0.09937906,""num_orders"":1},{""price"":80500.0,""size"":0.01,""num_orders"":1},{""price"":80500.24,""size"":0.07458361,""num_orders"":1}]"
btc_usd_d10_20260920T055716Z,23,2026-09-20T06:20:16.172106Z,2026-09-20T06:20:16.172240Z,BTC-USD,10,ok,,136401958797,2026-09-20T06:20:13.533700302Z,0.54198977,1.20927798,-0.381031518453,80482.240000000005,80482.25,80482.244999999995,0.009999999995,0.001242510071,"[{""price"":80482.24,""size"":0.07498731,""num_orders"":9},{""price"":80480.31,""size"":0.07084105,""num_orders"":1},{""price"":80480.3,""size"":0.09940319,""num_orders"":1},{""price"":80480.22,""size"":0.00745506,""num_orders"":1},{""price"":80477.51,""size"":0.00931882,""num_orders"":1},{""price"":80476.52,""size"":0.00248466,""num_orders"":1},{""price"":80476.27,""size"":0.13830833,""num_orders"":2},{""price"":80476.26,""size"":0.07458361,""num_orders"":1},{""price"":80475.8,""size"":0.02112048,""num_orders"":1},{""price"":80472.75,""size"":0.04348726,""num_orders"":1}]","[{""price"":80482.25,""size"":0.00023149,""num_orders"":1},{""price"":80484.68,""size"":0.14694095,""num_orders"":2},{""price"":80484.69,""size"":0.07458361,""num_orders"":1},{""price"":80486.86,""size"":0.0993951,""num_orders"":1},{""price"":80487.1,""size"":0.009474,""num_orders"":1},{""price"":80487.31,""size"":0.07458361,""num_orders"":1},{""price"":80487.92,""size"":0.009606,""num_orders"":1},{""price"":80488.75,""size"":0.69419698,""num_orders"":2},{""price"":80488.86,""size"":0.00190434,""num_orders"":1},{""price"":80489.97,""size"":0.0983619,""num_orders"":1}]"
btc_usd_d10_20260920T055716Z,24,2026-09-20T06:21:16.172106Z,2026-09-20T06:21:16.172229Z,BTC-USD,10,ok,,136401989171,2026-09-20T06:21:13.801606087Z,1.42481437,0.36355648,0.593421599329,80449.5,80449.509999999995,80449.505000000005,0.009999999995,0.001243015727,"[{""price"":80449.5,""size"":0.65983256,""num_orders"":7},{""price"":80448.9,""size"":0.15963236,""num_orders"":1},{""price"":80448.89,""size"":0.09944201,""num_orders"":1},{""price"":80448.88,""size"":0.00031075,""num_orders"":1},{""price"":80448.39,""size"":0.07458361,""num_orders"":1},{""price"":80445.43,""size"":0.00124238,""num_orders"":1},{""price"":80444.67,""size"":0.07458361,""num_orders"":1},{""price"":80443.25,""size"":0.00963,""num_orders"":1},{""price"":80442.15,""size"":0.21132019,""num_orders"":1},{""price"":80442.14,""size"":0.1342369,""num_orders"":1}]","[{""price"":80449.51,""size"":0.00023149,""num_orders"":1},{""price"":80454.45,""size"":0.0004051,""num_orders"":1},{""price"":80455.0,""size"":0.01,""num_orders"":1},{""price"":80455.71,""size"":0.00284689,""num_orders"":1},{""price"":80457.53,""size"":0.13460462,""num_orders"":1},{""price"":80457.54,""size"":0.07458361,""num_orders"":1},{""price"":80457.94,""size"":0.009336,""num_orders"":1},{""price"":80459.0,""size"":0.04743716,""num_orders"":1},{""price"":80459.38,""size"":0.009528,""num_orders"":1},{""price"":80459.99,""size"":0.07458361,""num_orders"":1}]"
btc_usd_d10_20260920T055716Z,25,2026-09-20T06:22:16.172106Z,2026-09-20T06:22:16.172235Z,BTC-USD,10,ok,,136402013932,2026-09-20T06:22:15.402196677Z,0.4390311,0.60349709,-0.15775687562,80440.5,80440.509999999995,80440.505000000005,0.009999999995,0.001243154801,"[{""price"":80440.5,""size"":0.00670329,""num_orders"":5},{""price"":80440.47,""size"":0.00016161,""num_orders"":1},{""price"":80440.46,""size"":0.00018585,""num_orders"":1},{""price"":80438.89,""size"":0.0248636,""num_orders"":2},{""price"":80432.43,""size"":0.05937903,""num_orders"":1},{""price"":80432.42,""size"":0.09946237,""num_orders"":1},{""price"":80431.21,""size"":0.09311383,""num_orders"":1},{""price"":80430.19,""size"":0.04514752,""num_orders"":1},{""price"":80430.0,""size"":0.010014,""num_orders"":2},{""price"":80428.8,""size"":0.1,""num_orders"":1}]","[{""price"":80440.51,""size"":0.1330001,""num_orders"":6},{""price"":80440.84,""size"":0.13177172,""num_orders"":1},{""price"":80440.85,""size"":0.09945195,""num_orders"":1},{""price"":80442.11,""size"":0.07458361,""num_orders"":1},{""price"":80442.12,""size"":0.0248626,""num_orders"":2},{""price"":80442.52,""size"":0.00745892,""num_orders"":1},{""price"":80443.08,""size"":0.0129992,""num_orders"":1},{""price"":80444.29,""size"":0.0129992,""num_orders"":1},{""price"":80445.24,""size"":0.00932366,""num_orders"":1},{""price"":80445.4,""size"":0.09704613,""num_orders"":1}]"
btc_usd_d10_20260920T055716Z,26,2026-09-20T06:23:16.172106Z,2026-09-20T06:23:16.172246Z,BTC-USD,10,ok,,136402053347,2026-09-20T06:23:14.477379128Z,0.32847142,0.44924311,-0.155290515146,80450.160000000003,80451.970000000001,80451.065000000002,1.809999999998,0.224981484086,"[{""price"":80450.16,""size"":0.01999962,""num_orders"":2},{""price"":80450.15,""size"":0.00016159,""num_orders"":1},{""price"":80448.16,""size"":0.00080794,""num_orders"":1},{""price"":80448.1,""size"":0.09944299,""num_orders"":1},{""price"":80447.4,""size"":0.00621567,""num_orders"":1},{""price"":80445.37,""size"":0.02208642,""num_orders"":1},{""price"":80442.1,""size"":0.10490806,""num_orders"":2},{""price"":80442.09,""size"":0.07458361,""num_orders"":1},{""price"":80441.81,""size"":7.968e-05,""num_orders"":1},{""price"":80441.77,""size"":0.00018584,""num_orders"":1}]","[{""price"":80451.97,""size"":0.0363,""num_orders"":1},{""price"":80452.39,""size"":0.14313545,""num_orders"":2},{""price"":80452.4,""size"":0.07458361,""num_orders"":1},{""price"":80453.81,""size"":0.00026478,""num_orders"":2},{""price"":80454.04,""size"":4.4e-07,""num_orders"":1},{""price"":80454.39,""size"":0.09943522,""num_orders"":1},{""price"":80455.0,""size"":0.01,""num_orders"":1},{""price"":80455.23,""size"":0.00146,""num_orders"":1},{""price"":80455.92,""size"":0.00948,""num_orders"":1},{""price"":80456.23,""size"":0.07458361,""num_orders"":1}]"
btc_usd_d10_20260920T055716Z,27,2026-09-20T06:24:16.172106Z,2026-09-20T06:24:16.172235Z,BTC-USD,10,ok,,136402079541,2026-09-20T06:24:13.399661900Z,0.13425995,0.9875976,-0.760647062544,80470.009999999995,80470.020000000004,80470.014999999999,0.010000000009,0.001242698912,"[{""price"":80470.01,""size"":0.01040801,""num_orders"":6},{""price"":80469.97,""size"":0.00018578,""num_orders"":1},{""price"":80469.96,""size"":0.00016133,""num_orders"":1},{""price"":80468.48,""size"":0.0062145,""num_orders"":1},{""price"":80468.4,""size"":0.02485448,""num_orders"":2},{""price"":80468.0,""size"":0.00745619,""num_orders"":1},{""price"":80465.28,""size"":0.00932024,""num_orders"":1},{""price"":80464.34,""size"":0.00026806,""num_orders"":1},{""price"":80463.14,""size"":0.00080775,""num_orders"":1},{""price"":80462.89,""size"":0.07458361,""num_orders"":1}]","[{""price"":80470.02,""size"":0.93451494,""num_orders"":8},{""price"":80470.03,""size"":4.4e-07,""num_orders"":1},{""price"":80470.9,""size"":4.4e-07,""num_orders"":1},{""price"":80470.91,""size"":4.4e-07,""num_orders"":1},{""price"":80470.92,""size"":4.4e-07,""num_orders"":1},{""price"":80471.4,""size"":0.00146,""num_orders"":1},{""price"":80471.62,""size"":0.01929723,""num_orders"":1},{""price"":80471.63,""size"":0.02485348,""num_orders"":2},{""price"":80472.0,""size"":1.4e-05,""num_orders"":1},{""price"":80472.03,""size"":0.00745619,""num_orders"":1}]"
btc_usd_d10_20260920T055716Z,28,2026-09-20T06:25:16.172106Z,2026-09-20T06:25:16.172238Z,BTC-USD,10,ok,,136402102549,2026-09-20T06:25:14.819852019Z,0.44522779,0.31611315,0.169588463219,80467.539999999994,80467.679999999993,80467.609999999986,0.139999999999,0.017398304734,"[{""price"":80467.54,""size"":0.00011416,""num_orders"":1},{""price"":80466.9,""size"":0.09945954,""num_orders"":2},{""price"":80465.42,""size"":0.12847741,""num_orders"":2},{""price"":80464.88,""size"":0.00080779,""num_orders"":1},{""price"":80464.34,""size"":0.00026806,""num_orders"":1},{""price"":80462.94,""size"":0.00621349,""num_orders"":1},{""price"":80462.59,""size"":0.04452642,""num_orders"":1},{""price"":80462.58,""size"":0.07458361,""num_orders"":1},{""price"":80461.41,""size"":0.00124225,""num_orders"":1},{""price"":80460.1,""size"":0.08953506,""num_orders"":1}]","[{""price"":80467.68,""size"":0.0363,""num_orders"":1},{""price"":80468.36,""size"":0.00717477,""num_orders"":1},{""price"":80468.41,""size"":0.09548893,""num_orders"":1},{""price"":80468.42,""size"":0.07458361,""num_orders"":1},{""price"":80469.68,""size"":0.00745641,""num_orders"":1},{""price"":80471.63,""size"":0.07458361,""num_orders"":1},{""price"":80471.81,""size"":0.00146,""num_orders"":1},{""price"":80472.47,""size"":0.0093205,""num_orders"":1},{""price"":80472.62,""size"":0.009498,""num_orders"":1},{""price"":80472.79,""size"":0.00024732,""num_orders"":2}]"
btc_usd_d10_20260920T055716Z,29,2026-09-20T06:26:16.172106Z,2026-09-20T06:26:16.172243Z,BTC-USD,10,ok,,136402127885,2026-09-20T06:26:15.902286095Z,0.91020385,0.35466517,0.439206487957,80430,80430.009999999995,80430.005000000005,0.009999999995,0.001243317092,"[{""price"":80430.0,""size"":0.17110808,""num_orders"":10},{""price"":80429.03,""size"":0.07458361,""num_orders"":1},{""price"":80429.02,""size"":0.12237529,""num_orders"":1},{""price"":80429.01,""size"":0.09946659,""num_orders"":1},{""price"":80428.39,""size"":0.02486684,""num_orders"":2},{""price"":80428.21,""size"":0.00606307,""num_orders"":1},{""price"":80426.41,""size"":0.07458361,""num_orders"":1},{""price"":80423.97,""size"":0.25635955,""num_orders"":1},{""price"":80423.96,""size"":0.07458361,""num_orders"":1},{""price"":80423.45,""size"":0.0062136,""num_orders"":1}]","[{""price"":80430.01,""size"":0.00274832,""num_orders"":3},{""price"":80430.75,""size"":0.00884027,""num_orders"":1},{""price"":80431.62,""size"":0.02486584,""num_orders"":2},{""price"":80432.02,""size"":0.0074599,""num_orders"":1},{""price"":80434.74,""size"":0.00932487,""num_orders"":1},{""price"":80436.37,""size"":0.00146,""num_orders"":1},{""price"":80436.45,""size"":0.11592762,""num_orders"":1},{""price"":80436.46,""size"":0.07458361,""num_orders"":1},{""price"":80438.6,""size"":0.09945474,""num_orders"":1},{""price"":80440.0,""size"":0.01,""num_orders"":1}]"
btc_usd_d10_20260920T055716Z,30,2026-09-20T06:27:16.172106Z,2026-09-20T06:27:16.172232Z,BTC-USD,10,ok,,136402153284,2026-09-20T06:27:15.033932696Z,1.11119363,0.0000044,0.99999208062,80464.100000000006,80464.110000000001,80464.10500000001,0.009999999995,0.001242790185,"[{""price"":80464.1,""size"":0.67159976,""num_orders"":10},{""price"":80464.09,""size"":4.596e-05,""num_orders"":1},{""price"":80464.08,""size"":0.03,""num_orders"":1},{""price"":80463.76,""size"":0.16908814,""num_orders"":1},{""price"":80463.75,""size"":0.07458361,""num_orders"":1},{""price"":80463.39,""size"":0.00406249,""num_orders"":1},{""price"":80462.91,""size"":0.1,""num_orders"":1},{""price"":80462.65,""size"":0.03447152,""num_orders"":1},{""price"":80462.49,""size"":0.0248563,""num_orders"":2},{""price"":80462.41,""size"":0.00248585,""num_orders"":1}]","[{""price"":80464.11,""size"":4.4e-07,""num_orders"":1},{""price"":80464.12,""size"":4.4e-07,""num_orders"":1},{""price"":80464.68,""size"":4.4e-07,""num_orders"":1},{""price"":80464.69,""size"":4.4e-07,""num_orders"":1},{""price"":80465.26,""size"":4.4e-07,""num_orders"":1},{""price"":80465.27,""size"":4.4e-07,""num_orders"":1},{""price"":80468.41,""size"":4.4e-07,""num_orders"":1},{""price"":80468.42,""size"":4.4e-07,""num_orders"":1},{""price"":80468.49,""size"":4.4e-07,""num_orders"":1},{""price"":80468.5,""size"":4.4e-07,""num_orders"":1}]"
btc_usd_d10_20260920T055716Z,31,2026-09-20T06:28:16.172106Z,2026-09-20T06:28:16.172246Z,BTC-USD,10,ok,,136402174846,2026-09-20T06:28:13.801844001Z,0.26117251,1.01366888,-0.590266660545,80471.580000000002,80471.589999999997,80471.584999999992,0.009999999995,0.001242674665,"[{""price"":80471.58,""size"":0.11126464,""num_orders"":4},{""price"":80471.57,""size"":0.00024853,""num_orders"":1},{""price"":80471.56,""size"":0.00028581,""num_orders"":1},{""price"":80469.97,""size"":0.024854,""num_orders"":2},{""price"":80469.84,""size"":0.0041711,""num_orders"":1},{""price"":80469.57,""size"":0.00745604,""num_orders"":1},{""price"":80469.22,""size"":0.00406225,""num_orders"":1},{""price"":80466.85,""size"":0.00932005,""num_orders"":1},{""price"":80464.1,""size"":8.599e-05,""num_orders"":1},{""price"":80463.38,""size"":0.0994241,""num_orders"":1}]","[{""price"":80471.59,""size"":0.11549251,""num_orders"":5},{""price"":80471.99,""size"":0.71524824,""num_orders"":2},{""price"":80472.0,""size"":1.4e-05,""num_orders"":1},{""price"":80472.23,""size"":0.00146,""num_orders"":1},{""price"":80472.44,""size"":0.09941292,""num_orders"":1},{""price"":80472.8,""size"":4.4e-07,""num_orders"":1},{""price"":80472.81,""size"":4.4e-07,""num_orders"":1},{""price"":80472.98,""size"":4.4e-07,""num_orders"":1},{""price"":80473.36,""size"":0.00745628,""num_orders"":1},{""price"":80473.49,""size"":0.07458361,""num_orders"":1}]"
btc_usd_d10_20260920T055716Z,32,2026-09-20T06:29:16.172106Z,2026-09-20T06:29:16.172230Z,BTC-USD,10,ok,,136402199682,2026-09-20T06:29:15.309772835Z,0.45691375,0.47480446,-0.019201846447,80446.130000000005,80448.169999999998,80447.149999999994,2.039999999994,0.253582631578,"[{""price"":80446.13,""size"":0.00272171,""num_orders"":1},{""price"":80444.52,""size"":0.02486186,""num_orders"":2},{""price"":80442.8,""size"":0.07458361,""num_orders"":1},{""price"":80442.79,""size"":0.03836661,""num_orders"":1},{""price"":80441.22,""size"":0.09945149,""num_orders"":1},{""price"":80440.5,""size"":1.4e-05,""num_orders"":1},{""price"":80440.08,""size"":0.08108825,""num_orders"":1},{""price"":80440.07,""size"":0.07458361,""num_orders"":1},{""price"":80437.06,""size"":0.00124261,""num_orders"":1},{""price"":80436.8,""size"":0.06,""num_orders"":2}]","[{""price"":80448.17,""size"":0.1296,""num_orders"":3},{""price"":80448.18,""size"":0.09944289,""num_orders"":1},{""price"":80449.84,""size"":0.02486022,""num_orders"":2},{""price"":80450.11,""size"":0.07458361,""num_orders"":1},{""price"":80452.53,""size"":0.00146,""num_orders"":1},{""price"":80453.46,""size"":0.05299397,""num_orders"":3},{""price"":80453.65,""size"":0.009822,""num_orders"":1},{""price"":80453.97,""size"":0.07458361,""num_orders"":1},{""price"":80455.47,""size"":0.00745772,""num_orders"":1},{""price"":80455.59,""size"":4.4e-07,""num_orders"":1}]"
btc_usd_d10_20260920T055716Z,33,2026-09-20T06:30:16.172106Z,2026-09-20T06:30:16.172233Z,BTC-USD,10,ok,,136402224246,2026-09-20T06:30:14.505127488Z,0.45121795,2.14767803,-0.652761823888,80426.600000000006,80426.610000000001,80426.60500000001,0.009999999995,0.001243369653,"[{""price"":80426.6,""size"":0.01019364,""num_orders"":5},{""price"":80424.99,""size"":0.0248679,""num_orders"":2},{""price"":80424.59,""size"":0.00746021,""num_orders"":1},{""price"":80423.16,""size"":0.01399978,""num_orders"":1},{""price"":80421.87,""size"":0.00932527,""num_orders"":1},{""price"":80419.84,""size"":0.07458361,""num_orders"":1},{""price"":80419.5,""size"":1.4e-05,""num_orders"":1},{""price"":80419.01,""size"":0.17617354,""num_orders"":1},{""price"":80419.0,""size"":0.025,""num_orders"":1},{""price"":80418.55,""size"":0.1096,""num_orders"":1}]","[{""price"":80426.61,""size"":0.32447397,""num_orders"":7},{""price"":80426.62,""size"":0.00087304,""num_orders"":1},{""price"":80426.71,""size"":0.00146,""num_orders"":1},{""price"":80428.19,""size"":0.69919002,""num_orders"":2},{""price"":80428.2,""size"":0.07458361,""num_orders"":1},{""price"":80428.22,""size"":0.0248669,""num_orders"":2},{""price"":80428.63,""size"":0.00746021,""num_orders"":1},{""price"":80431.35,""size"":0.00932527,""num_orders"":1},{""price"":80431.5,""size"":1.0,""num_orders"":1},{""price"":80431.89,""size"":0.00544501,""num_orders"":1}]"
btc_usd_d10_20260920T055716Z,34,2026-09-20T06:31:16.172106Z,2026-09-20T06:31:16.172223Z,BTC-USD,10,ok,,136402257252,2026-09-20T06:31:14.000000628Z,0.28042898,1.04231382,-0.57598865025,80407.580000000002,80407.589999999997,80407.584999999992,0.009999999995,0.001243663766,"[{""price"":80407.58,""size"":0.00754049,""num_orders"":2},{""price"":80406.17,""size"":0.00689772,""num_orders"":1},{""price"":80405.97,""size"":0.02487378,""num_orders"":2},{""price"":80405.57,""size"":0.00746191,""num_orders"":1},{""price"":80403.28,""size"":0.08499696,""num_orders"":2},{""price"":80403.27,""size"":0.02000258,""num_orders"":1},{""price"":80402.85,""size"":0.00932739,""num_orders"":1},{""price"":80402.53,""size"":0.00080838,""num_orders"":1},{""price"":80401.53,""size"":0.01901877,""num_orders"":2},{""price"":80401.19,""size"":0.099501,""num_orders"":1}]","[{""price"":80407.59,""size"":0.12572918,""num_orders"":2},{""price"":80408.2,""size"":0.05073543,""num_orders"":1},{""price"":80408.56,""size"":0.00038636,""num_orders"":1},{""price"":80408.94,""size"":0.00083602,""num_orders"":1},{""price"":80408.97,""size"":0.07458361,""num_orders"":1},{""price"":80409.0,""size"":1.4e-05,""num_orders"":1},{""price"":80409.2,""size"":0.02487278,""num_orders"":2},{""price"":80410.0,""size"":0.01,""num_orders"":1},{""price"":80412.08,""size"":0.68057283,""num_orders"":2},{""price"":80412.97,""size"":0.07458361,""num_orders"":1}]"
btc_usd_d10_20260920T055716Z,35,2026-09-20T06:32:16.172106Z,2026-09-20T06:32:16.172245Z,BTC-USD,10,ok,,136402292917,2026-09-20T06:32:13.401113164Z,0.22266511,0.69982045,-0.517249657545,80454.740000000005,80454.75,80454.744999999995,0.009999999995,0.00124293477,"[{""price"":80454.74,""size"":0.03778291,""num_orders"":4},{""price"":80454.73,""size"":0.00035734,""num_orders"":1},{""price"":80454.72,""size"":0.02999908,""num_orders"":2},{""price"":80453.16,""size"":0.02485918,""num_orders"":2},{""price"":80452.76,""size"":0.0074576,""num_orders"":1},{""price"":80452.14,""size"":0.0008079,""num_orders"":1},{""price"":80450.8,""size"":0.09943964,""num_orders"":1},{""price"":80450.04,""size"":0.009322,""num_orders"":1},{""price"":80449.69,""size"":0.00942,""num_orders"":1},{""price"":80448.78,""size"":0.00321946,""num_orders"":1}]","[{""price"":80454.75,""size"":0.34455559,""num_orders"":6},{""price"":80454.77,""size"":0.13033909,""num_orders"":2},{""price"":80454.78,""size"":0.00115742,""num_orders"":2},{""price"":80455.59,""size"":4.4e-07,""num_orders"":1},{""price"":80456.39,""size"":0.02485818,""num_orders"":2},{""price"":80458.41,""size"":0.09947837,""num_orders"":1},{""price"":80458.58,""size"":0.09943004,""num_orders"":1},{""price"":80459.29,""size"":4.4e-07,""num_orders"":1},{""price"":80459.3,""size"":4.4e-07,""num_orders"":1},{""price"":80459.31,""size"":4.4e-07,""num_orders"":1}]"
btc_usd_d10_20260920T055716Z,36,2026-09-20T06:33:16.172106Z,2026-09-20T06:33:16.172241Z,BTC-USD,10,ok,,136402321641,2026-09-20T06:33:15.020570500Z,0.14624887,0.855209,-0.707928062915,80434.119999999995,80434.130000000005,80434.125,0.010000000009,0.001243253409,"[{""price"":80434.12,""size"":0.01198287,""num_orders"":7},{""price"":80432.51,""size"":0.02486556,""num_orders"":2},{""price"":80432.11,""size"":0.00745952,""num_orders"":1},{""price"":80431.82,""size"":0.05044442,""num_orders"":1},{""price"":80431.32,""size"":0.01399972,""num_orders"":1},{""price"":80430.2,""size"":0.01699759,""num_orders"":1},{""price"":80430.0,""size"":1.4e-05,""num_orders"":1},{""price"":80429.39,""size"":0.0093244,""num_orders"":1},{""price"":80427.75,""size"":0.009918,""num_orders"":1},{""price"":80426.59,""size"":0.00124279,""num_orders"":1}]","[{""price"":80434.13,""size"":0.15269026,""num_orders"":4},{""price"":80435.73,""size"":0.01929748,""num_orders"":1},{""price"":80435.74,""size"":0.02486456,""num_orders"":2},{""price"":80436.14,""size"":0.00745952,""num_orders"":1},{""price"":80436.56,""size"":0.13915455,""num_orders"":1},{""price"":80436.57,""size"":0.09945724,""num_orders"":1},{""price"":80438.07,""size"":0.12430806,""num_orders"":1},{""price"":80438.86,""size"":0.0093244,""num_orders"":1},{""price"":80440.37,""size"":0.15434487,""num_orders"":1},{""price"":80440.52,""size"":0.12430806,""num_orders"":1}]"
btc_usd_d10_20260920T055716Z,37,2026-09-20T06:34:16.172106Z,2026-09-20T06:34:16.172230Z,BTC-USD,10,ok,,136402342301,2026-09-20T06:34:13.813924047Z,0.23721518,1.45944994,-0.720374778495,80427.949999999997,80427.960000000006,80427.955000000002,0.010000000009,0.001243348785,"[{""price"":80427.95,""size"":0.01099998,""num_orders"":5},{""price"":80427.94,""size"":0.00035746,""num_orders"":1},{""price"":80426.34,""size"":0.02486748,""num_orders"":2},{""price"":80425.94,""size"":0.00746009,""num_orders"":1},{""price"":80425.86,""size"":7.982e-05,""num_orders"":1},{""price"":80424.35,""size"":0.016,""num_orders"":1},{""price"":80423.22,""size"":0.00932511,""num_orders"":1},{""price"":80423.14,""size"":0.016,""num_orders"":1},{""price"":80423.04,""size"":0.05264998,""num_orders"":1},{""price"":80422.0,""size"":0.09947526,""num_orders"":1}]","[{""price"":80427.96,""size"":1.03534644,""num_orders"":7},{""price"":80428.89,""size"":0.16782723,""num_orders"":1},{""price"":80428.9,""size"":0.12430806,""num_orders"":1},{""price"":80428.93,""size"":0.0994667,""num_orders"":1},{""price"":80429.57,""size"":0.02486648,""num_orders"":2},{""price"":80429.97,""size"":0.00746009,""num_orders"":1},{""price"":80430.01,""size"":0.00017362,""num_orders"":1},{""price"":80430.71,""size"":4.4e-07,""num_orders"":1},{""price"":80430.72,""size"":4.4e-07,""num_orders"":1},{""price"":80430.73,""size"":4.4e-07,""num_orders"":1}]"
btc_usd_d10_20260920T055716Z,38,2026-09-20T06:35:16.172106Z,2026-09-20T06:35:16.172245Z,BTC-USD,10,ok,,136402363584,2026-09-20T06:35:15.030201493Z,0.24906949,1.8827805,-0.766334881752,80419.5,80419.509999999995,80419.505000000005,0.009999999995,0.001243479426,"[{""price"":80419.5,""size"":0.01296001,""num_orders"":4},{""price"":80415.84,""size"":0.05001127,""num_orders"":1},{""price"":80413.39,""size"":0.014,""num_orders"":1},{""price"":80412.18,""size"":0.014,""num_orders"":1},{""price"":80410.51,""size"":0.09948947,""num_orders"":1},{""price"":80410.0,""size"":0.01,""num_orders"":1},{""price"":80409.0,""size"":1.4e-05,""num_orders"":1},{""price"":80407.97,""size"":0.00978,""num_orders"":1},{""price"":80407.69,""size"":0.03757164,""num_orders"":1},{""price"":80405.36,""size"":0.0012431,""num_orders"":1}]","[{""price"":80419.51,""size"":1.12241071,""num_orders"":9},{""price"":80420.61,""size"":0.29590558,""num_orders"":1},{""price"":80420.62,""size"":0.12430806,""num_orders"":1},{""price"":80421.12,""size"":0.02486908,""num_orders"":2},{""price"":80421.52,""size"":0.00746087,""num_orders"":1},{""price"":80422.06,""size"":0.11063332,""num_orders"":1},{""price"":80422.08,""size"":0.00141236,""num_orders"":1},{""price"":80423.05,""size"":0.00121531,""num_orders"":1},{""price"":80423.93,""size"":0.07025715,""num_orders"":1},{""price"":80423.94,""size"":0.12430806,""num_orders"":1}]"
btc_usd_d10_20260920T055716Z,39,2026-09-20T06:36:16.172106Z,2026-09-20T06:36:16.172234Z,BTC-USD,10,ok,,136402386984,2026-09-20T06:36:13.300133320Z,0.37833198,0.73697124,-0.321562112947,80415.509999999995,80415.520000000004,80415.514999999999,0.010000000009,0.001243541126,"[{""price"":80415.51,""size"":0.00790744,""num_orders"":4},{""price"":80415.5,""size"":0.00035751,""num_orders"":1},{""price"":80414.41,""size"":0.00698592,""num_orders"":1},{""price"":80413.9,""size"":0.02487132,""num_orders"":2},{""price"":80413.5,""size"":0.00746124,""num_orders"":1},{""price"":80410.78,""size"":0.00932655,""num_orders"":1},{""price"":80409.73,""size"":0.00183659,""num_orders"":1},{""price"":80407.64,""size"":0.009942,""num_orders"":1},{""price"":80407.42,""size"":0.18533535,""num_orders"":1},{""price"":80407.41,""size"":0.12430806,""num_orders"":1}]","[{""price"":80415.52,""size"":0.25172382,""num_orders"":6},{""price"":80416.15,""size"":0.17238658,""num_orders"":2},{""price"":80416.16,""size"":0.09948249,""num_orders"":1},{""price"":80417.13,""size"":0.02487032,""num_orders"":2},{""price"":80417.53,""size"":0.00746124,""num_orders"":1},{""price"":80418.07,""size"":0.12430806,""num_orders"":1},{""price"":80419.17,""size"":0.04608815,""num_orders"":1},{""price"":80419.5,""size"":1.4e-05,""num_orders"":1},{""price"":80419.51,""size"":0.00063658,""num_orders"":1},{""price"":80420.0,""size"":0.01,""num_orders"":1}]"
btc_usd_d10_20260920T055716Z,40,2026-09-20T06:37:16.172106Z,2026-09-20T06:37:16.172237Z,BTC-USD,10,ok,,136402417213,2026-09-20T06:37:14.800132059Z,0.41679371,0.61728549,-0.193884356247,80411.229999999996,80411.240000000005,80411.235000000001,0.010000000009,0.001243607315,"[{""price"":80411.23,""size"":0.02988242,""num_orders"":3},{""price"":80411.22,""size"":0.0435767,""num_orders"":2},{""price"":80409.62,""size"":0.02487264,""num_orders"":2},{""price"":80409.38,""size"":0.09949087,""num_orders"":1},{""price"":80409.0,""size"":1.4e-05,""num_orders"":1},{""price"":80405.36,""size"":0.009852,""num_orders"":1},{""price"":80405.25,""size"":0.07421191,""num_orders"":1},{""price"":80405.24,""size"":0.12430806,""num_orders"":1},{""price"":80404.15,""size"":0.009342,""num_orders"":1},{""price"":80403.08,""size"":0.00124311,""num_orders"":1}]","[{""price"":80411.24,""size"":0.09254414,""num_orders"":3},{""price"":80411.26,""size"":0.03,""num_orders"":1},{""price"":80412.85,""size"":0.02487164,""num_orders"":2},{""price"":80413.24,""size"":0.08423476,""num_orders"":1},{""price"":80413.25,""size"":0.00746164,""num_orders"":1},{""price"":80414.89,""size"":0.12430806,""num_orders"":1},{""price"":80415.67,""size"":0.00115902,""num_orders"":1},{""price"":80415.97,""size"":0.00932705,""num_orders"":1},{""price"":80416.84,""size"":0.09948165,""num_orders"":1},{""price"":80417.1,""size"":0.14389753,""num_orders"":1}]"
btc_usd_d10_20260920T055716Z,41,2026-09-20T06:38:16.172106Z,2026-09-20T06:38:16.172238Z,BTC-USD,10,ok,,136402442136,2026-09-20T06:38:13.338403618Z,0.44952662,1.48850887,-0.536100734667,80398.5,80398.509999999995,80398.505000000005,0.009999999995,0.001243804222,"[{""price"":80398.5,""size"":0.21450126,""num_orders"":8},{""price"":80398.49,""size"":0.00024875,""num_orders"":1},{""price"":80398.48,""size"":0.00028605,""num_orders"":1},{""price"":80398.44,""size"":0.07892113,""num_orders"":1},{""price"":80398.43,""size"":0.09950442,""num_orders"":1},{""price"":80396.96,""size"":0.00035237,""num_orders"":1},{""price"":80396.89,""size"":0.02487658,""num_orders"":2},{""price"":80396.49,""size"":0.00746282,""num_orders"":1},{""price"":80396.15,""size"":0.00287911,""num_orders"":1},{""price"":80395.15,""size"":0.02049413,""num_orders"":1}]","[{""price"":80398.51,""size"":0.00016871,""num_orders"":1},{""price"":80402.83,""size"":0.08716296,""num_orders"":2},{""price"":80402.84,""size"":0.02487358,""num_orders"":1},{""price"":80402.94,""size"":0.12430806,""num_orders"":1},{""price"":80404.06,""size"":0.00121389,""num_orders"":1},{""price"":80405.62,""size"":0.09949554,""num_orders"":1},{""price"":80406.51,""size"":0.13433385,""num_orders"":1},{""price"":80406.52,""size"":0.12430806,""num_orders"":1},{""price"":80406.55,""size"":0.1096,""num_orders"":1},{""price"":80408.84,""size"":0.78304422,""num_orders"":2}]"
btc_usd_d10_20260920T055716Z,42,2026-09-20T06:39:16.172106Z,2026-09-20T06:39:16.172236Z,BTC-USD,10,ok,,136402471214,2026-09-20T06:39:16.012673330Z,0.3153476,0.69277438,-0.374386024199,80366.610000000001,80366.619999999995,80366.614999999991,0.009999999995,0.001244297772,"[{""price"":80366.61,""size"":0.04247268,""num_orders"":7},{""price"":80366.57,""size"":0.0001074,""num_orders"":1},{""price"":80366.01,""size"":0.0787424,""num_orders"":1},{""price"":80366.0,""size"":0.09954457,""num_orders"":1},{""price"":80365.82,""size"":0.00124375,""num_orders"":1},{""price"":80365.0,""size"":0.02488646,""num_orders"":2},{""price"":80364.6,""size"":0.00746578,""num_orders"":1},{""price"":80363.78,""size"":0.00017607,""num_orders"":1},{""price"":80363.35,""size"":0.03814494,""num_orders"":1},{""price"":80363.16,""size"":0.02256355,""num_orders"":1}]","[{""price"":80366.62,""size"":0.02400363,""num_orders"":2},{""price"":80367.38,""size"":0.00149881,""num_orders"":1},{""price"":80368.24,""size"":0.02488546,""num_orders"":2},{""price"":80368.63,""size"":0.00746586,""num_orders"":1},{""price"":80371.86,""size"":0.00933236,""num_orders"":1},{""price"":80372.37,""size"":0.26725867,""num_orders"":2},{""price"":80372.38,""size"":0.12430806,""num_orders"":1},{""price"":80372.51,""size"":0.02488546,""num_orders"":1},{""price"":80372.88,""size"":0.09953607,""num_orders"":1},{""price"":80374.66,""size"":0.1096,""num_orders"":1}]"
btc_usd_d10_20260920T055716Z,43,2026-09-20T06:40:16.172106Z,2026-09-20T06:40:16.172244Z,BTC-USD,10,ok,,136402493798,2026-09-20T06:40:14.500340316Z,0.35418803,0.67533005,-0.311934317851,80353.320000000007,80353.330000000002,80353.325000000012,0.009999999995,0.001244503572,"[{""price"":80353.32,""size"":0.02770834,""num_orders"":7},{""price"":80353.12,""size"":0.00124394,""num_orders"":1},{""price"":80353.02,""size"":0.13732675,""num_orders"":2},{""price"":80351.71,""size"":0.01244529,""num_orders"":1},{""price"":80351.65,""size"":0.09956235,""num_orders"":1},{""price"":80351.31,""size"":0.00746702,""num_orders"":1},{""price"":80350.13,""size"":0.028,""num_orders"":1},{""price"":80350.0,""size"":0.00310057,""num_orders"":1},{""price"":80348.92,""size"":0.028,""num_orders"":1},{""price"":80348.6,""size"":0.00933377,""num_orders"":1}]","[{""price"":80353.33,""size"":0.48461454,""num_orders"":9},{""price"":80353.34,""size"":4.4e-07,""num_orders"":1},{""price"":80353.35,""size"":0.00149135,""num_orders"":1},{""price"":80354.29,""size"":0.0248888,""num_orders"":1},{""price"":80354.94,""size"":0.01244479,""num_orders"":1},{""price"":80355.0,""size"":0.01,""num_orders"":1},{""price"":80355.34,""size"":0.00746702,""num_orders"":1},{""price"":80355.63,""size"":0.00078128,""num_orders"":1},{""price"":80356.61,""size"":0.12430806,""num_orders"":1},{""price"":80358.05,""size"":0.00933377,""num_orders"":1}]"
btc_usd_d10_20260920T055716Z,44,2026-09-20T06:41:16.172106Z,2026-09-20T06:41:16.172244Z,BTC-USD,10,ok,,136402515465,2026-09-20T06:41:14.311834539Z,0.4535165,0.6061673,-0.144053160009,80350.660000000003,80350.669999999998,80350.665000000008,0.009999999995,0.001244544771,"[{""price"":80350.66,""size"":0.23885422,""num_orders"":9},{""price"":80350.65,""size"":0.0002489,""num_orders"":1},{""price"":80350.64,""size"":0.00028624,""num_orders"":1},{""price"":80350.33,""size"":0.0015811,""num_orders"":1},{""price"":80350.0,""size"":0.00202405,""num_orders"":1},{""price"":80349.06,""size"":0.02381517,""num_orders"":1},{""price"":80349.05,""size"":0.0248914,""num_orders"":2},{""price"":80348.33,""size"":0.01500001,""num_orders"":1},{""price"":80346.31,""size"":0.01599954,""num_orders"":1},{""price"":80346.02,""size"":0.13081587,""num_orders"":1}]","[{""price"":80350.67,""size"":0.02093614,""num_orders"":2},{""price"":80350.75,""size"":0.02488959,""num_orders"":1},{""price"":80352.28,""size"":0.0124452,""num_orders"":1},{""price"":80352.6,""size"":0.00080895,""num_orders"":1},{""price"":80352.68,""size"":0.00746726,""num_orders"":1},{""price"":80355.63,""size"":0.00066841,""num_orders"":1},{""price"":80356.41,""size"":0.00933406,""num_orders"":1},{""price"":80356.95,""size"":0.30575483,""num_orders"":1},{""price"":80356.96,""size"":0.12430806,""num_orders"":1},{""price"":80357.75,""size"":0.0995548,""num_orders"":1}]"
btc_usd_d10_20260920T055716Z,45,2026-09-20T06:42:16.172106Z,2026-09-20T06:42:16.172245Z,BTC-USD,10,ok,,136402543284,2026-09-20T06:42:14.018930692Z,0.91278358,0.53852502,0.257876622518,80304,80304.029999999999,80304.014999999999,0.029999999999,0.003735803247,"[{""price"":80304.0,""size"":1.384e-05,""num_orders"":1},{""price"":80299.29,""size"":0.09962727,""num_orders"":1},{""price"":80295.98,""size"":0.11003669,""num_orders"":1},{""price"":80295.97,""size"":0.14014726,""num_orders"":2},{""price"":80295.96,""size"":0.1096,""num_orders"":1},{""price"":80294.12,""size"":0.08914527,""num_orders"":1},{""price"":80294.1,""size"":0.025,""num_orders"":1},{""price"":80293.5,""size"":1.4e-05,""num_orders"":1},{""price"":80291.27,""size"":0.26815312,""num_orders"":3},{""price"":80291.26,""size"":0.07104613,""num_orders"":1}]","[{""price"":80304.03,""size"":0.01,""num_orders"":1},{""price"":80304.05,""size"":0.00094833,""num_orders"":1},{""price"":80308.96,""size"":0.009474,""num_orders"":1},{""price"":80310.38,""size"":0.14864791,""num_orders"":1},{""price"":80310.4,""size"":0.07471606,""num_orders"":1},{""price"":80310.61,""size"":0.09961324,""num_orders"":1},{""price"":80312.1,""size"":0.1096,""num_orders"":1},{""price"":80313.85,""size"":0.07471606,""num_orders"":1},{""price"":80314.48,""size"":0.00080942,""num_orders"":1},{""price"":80315.0,""size"":0.01,""num_orders"":1}]"
btc_usd_d10_20260920T055716Z,46,2026-09-20T06:43:16.172106Z,2026-09-20T06:43:16.172243Z,BTC-USD,10,ok,,136402594288,2026-09-20T06:43:16.025447766Z,0.47219102,0.38014892,0.107987547785,80240.460000000006,80240.470000000001,80240.464999999997,0.009999999995,0.001246253994,"[{""price"":80240.46,""size"":0.14267139,""num_orders"":7},{""price"":80240.45,""size"":0.00015964,""num_orders"":1},{""price"":80239.31,""size"":0.0744423,""num_orders"":1},{""price"":80239.3,""size"":0.09970175,""num_orders"":1},{""price"":80238.85,""size"":0.02492558,""num_orders"":2},{""price"":80237.62,""size"":6.664e-05,""num_orders"":1},{""price"":80233.55,""size"":0.04463778,""num_orders"":1},{""price"":80233.54,""size"":0.07477015,""num_orders"":1},{""price"":80231.49,""size"":0.00957,""num_orders"":1},{""price"":80231.14,""size"":0.00124579,""num_orders"":1}]","[{""price"":80240.47,""size"":0.00940541,""num_orders"":3},{""price"":80242.08,""size"":0.01246229,""num_orders"":1},{""price"":80242.48,""size"":0.00747752,""num_orders"":1},{""price"":80245.19,""size"":0.0093469,""num_orders"":1},{""price"":80246.78,""size"":0.10574804,""num_orders"":1},{""price"":80246.91,""size"":0.00957,""num_orders"":1},{""price"":80247.24,""size"":0.07477015,""num_orders"":1},{""price"":80248.04,""size"":0.09969091,""num_orders"":1},{""price"":80249.06,""size"":0.00146,""num_orders"":1},{""price"":80249.7,""size"":0.0502177,""num_orders"":1}]"
btc_usd_d10_20260920T055716Z,47,2026-09-20T06:44:16.172106Z,2026-09-20T06:44:16.172232Z,BTC-USD,10,ok,,136402639556,2026-09-20T06:44:14.978229905Z,1.23846473,0.63027072,0.325457522626,80335.490000000005,80335.5,80335.494999999995,0.009999999995,0.001244779782,"[{""price"":80335.49,""size"":0.81690539,""num_orders"":12},{""price"":80335.48,""size"":0.03,""num_orders"":1},{""price"":80335.46,""size"":0.03,""num_orders"":1},{""price"":80335.01,""size"":0.09033848,""num_orders"":2},{""price"":80334.99,""size"":0.10082722,""num_orders"":2},{""price"":80333.88,""size"":0.0248961,""num_orders"":2},{""price"":80333.48,""size"":0.00746867,""num_orders"":1},{""price"":80330.77,""size"":0.00933584,""num_orders"":1},{""price"":80330.39,""size"":0.05397597,""num_orders"":1},{""price"":80330.38,""size"":0.07471706,""num_orders"":1}]","[{""price"":80335.5,""size"":0.00024549,""num_orders"":2},{""price"":80340.0,""size"":0.01,""num_orders"":1},{""price"":80345.0,""size"":0.01,""num_orders"":1},{""price"":80346.0,""size"":1.4e-05,""num_orders"":1},{""price"":80346.06,""size"":0.07471706,""num_orders"":1},{""price"":80348.7,""size"":0.16733119,""num_orders"":1},{""price"":80348.71,""size"":0.10600449,""num_orders"":1},{""price"":80348.72,""size"":0.07471706,""num_orders"":1},{""price"":80349.97,""size"":0.07481,""num_orders"":1},{""price"":80352.21,""size"":0.11243143,""num_orders"":1}]"
btc_usd_d10_20260920T055716Z,48,2026-09-20T06:45:16.172106Z,2026-09-20T06:45:16.172234Z,BTC-USD,10,ok,,136402671997,2026-09-20T06:45:15.545217005Z,0.43077502,0.77676564,-0.286525026826,80332.589999999997,80332.600000000006,80332.595000000001,0.010000000009,0.00124482472,"[{""price"":80332.59,""size"":0.02283365,""num_orders"":4},{""price"":80330.28,""size"":0.01599524,""num_orders"":1},{""price"":80330.01,""size"":0.10791513,""num_orders"":1},{""price"":80330.0,""size"":0.02392372,""num_orders"":1},{""price"":80329.81,""size"":0.009888,""num_orders"":1},{""price"":80329.07,""size"":0.01599524,""num_orders"":1},{""price"":80328.05,""size"":0.009462,""num_orders"":1},{""price"":80327.83,""size"":0.07471706,""num_orders"":1},{""price"":80327.82,""size"":0.09959188,""num_orders"":1},{""price"":80326.17,""size"":0.0504531,""num_orders"":1}]","[{""price"":80332.6,""size"":0.10480915,""num_orders"":3},{""price"":80334.61,""size"":0.00746894,""num_orders"":1},{""price"":80335.01,""size"":0.04460608,""num_orders"":1},{""price"":80335.02,""size"":0.07471706,""num_orders"":1},{""price"":80337.32,""size"":0.00933618,""num_orders"":1},{""price"":80339.38,""size"":0.00080913,""num_orders"":1},{""price"":80340.0,""size"":0.20773847,""num_orders"":1},{""price"":80340.01,""size"":0.07471706,""num_orders"":1},{""price"":80341.87,""size"":0.07372,""num_orders"":1},{""price"":80343.67,""size"":0.17884357,""num_orders"":2}]"
btc_usd_d10_20260920T055716Z,49,2026-09-20T06:46:16.172106Z,2026-09-20T06:46:16.172230Z,BTC-USD,10,ok,,136402710916,2026-09-20T06:46:15.477723776Z,0.31074696,0.66358254,-0.362131681325,80324.990000000005,80325,80324.994999999995,0.009999999995,0.001244942498,"[{""price"":80324.99,""size"":0.03487568,""num_orders"":6},{""price"":80324.98,""size"":0.03024898,""num_orders"":2},{""price"":80324.97,""size"":0.00028633,""num_orders"":1},{""price"":80324.96,""size"":0.03,""num_orders"":1},{""price"":80324.16,""size"":0.07692514,""num_orders"":1},{""price"":80324.15,""size"":0.09959644,""num_orders"":1},{""price"":80323.38,""size"":0.01244968,""num_orders"":1},{""price"":80322.98,""size"":0.00746965,""num_orders"":1},{""price"":80320.27,""size"":0.00933706,""num_orders"":1},{""price"":80318.78,""size"":0.009558,""num_orders"":1}]","[{""price"":80325.0,""size"":0.00012915,""num_orders"":2},{""price"":80325.01,""size"":0.00114515,""num_orders"":1},{""price"":80327.47,""size"":0.07471706,""num_orders"":1},{""price"":80329.95,""size"":0.07471706,""num_orders"":1},{""price"":80330.0,""size"":0.01,""num_orders"":1},{""price"":80332.62,""size"":0.24624329,""num_orders"":2},{""price"":80332.63,""size"":0.07471706,""num_orders"":1},{""price"":80332.77,""size"":0.09958577,""num_orders"":1},{""price"":80333.77,""size"":0.07277,""num_orders"":1},{""price"":80334.21,""size"":0.009558,""num_orders"":1}]"
btc_usd_d10_20260920T055716Z,50,2026-09-20T06:47:16.172106Z,2026-09-20T06:47:16.172231Z,BTC-USD,10,ok,,136402754604,2026-09-20T06:47:13.938740533Z,1.14078757,0.01001752,0.98259041416,80387.990000000005,80388,80387.994999999995,0.009999999995,0.001243966838,"[{""price"":80387.99,""size"":0.79345956,""num_orders"":11},{""price"":80387.98,""size"":0.03,""num_orders"":1},{""price"":80387.97,""size"":0.02284863,""num_orders"":1},{""price"":80387.96,""size"":0.03,""num_orders"":1},{""price"":80385.98,""size"":0.0074638,""num_orders"":1},{""price"":80383.44,""size"":0.09817197,""num_orders"":1},{""price"":80383.43,""size"":0.07471706,""num_orders"":1},{""price"":80383.26,""size"":0.00932975,""num_orders"":1},{""price"":80380.89,""size"":0.07471706,""num_orders"":1},{""price"":80380.87,""size"":7.974e-05,""num_orders"":1}]","[{""price"":80388.0,""size"":1.4e-05,""num_orders"":1},{""price"":80388.05,""size"":4.4e-07,""num_orders"":1},{""price"":80388.06,""size"":4.4e-07,""num_orders"":1},{""price"":80388.81,""size"":4.4e-07,""num_orders"":1},{""price"":80388.82,""size"":4.4e-07,""num_orders"":1},{""price"":80388.83,""size"":4.4e-07,""num_orders"":1},{""price"":80389.23,""size"":4.4e-07,""num_orders"":1},{""price"":80389.24,""size"":4.4e-07,""num_orders"":1},{""price"":80389.25,""size"":4.4e-07,""num_orders"":1},{""price"":80390.0,""size"":0.01,""num_orders"":1}]"
btc_usd_d10_20260920T055716Z,51,2026-09-20T06:48:16.172106Z,2026-09-20T06:48:16.172231Z,BTC-USD,10,ok,,136402787511,2026-09-20T06:48:15.902216920Z,0.4679057,0.0001197,0.9994884893,80394.800000000003,80394.809999999998,80394.804999999993,0.009999999995,0.001243861465,"[{""price"":80394.8,""size"":0.1717429,""num_orders"":9},{""price"":80394.79,""size"":0.09216344,""num_orders"":3},{""price"":80394.78,""size"":0.03,""num_orders"":1},{""price"":80393.19,""size"":0.02487772,""num_orders"":2},{""price"":80392.91,""size"":0.09951125,""num_orders"":1},{""price"":80392.79,""size"":0.00746316,""num_orders"":1},{""price"":80390.07,""size"":0.00932896,""num_orders"":1},{""price"":80389.58,""size"":0.00124334,""num_orders"":1},{""price"":80387.82,""size"":2.2e-06,""num_orders"":1},{""price"":80387.12,""size"":0.03157273,""num_orders"":1}]","[{""price"":80394.81,""size"":0.00011574,""num_orders"":1},{""price"":80394.82,""size"":4.4e-07,""num_orders"":1},{""price"":80394.83,""size"":4.4e-07,""num_orders"":1},{""price"":80396.07,""size"":4.4e-07,""num_orders"":1},{""price"":80396.08,""size"":4.4e-07,""num_orders"":1},{""price"":80396.09,""size"":4.4e-07,""num_orders"":1},{""price"":80397.15,""size"":4.4e-07,""num_orders"":1},{""price"":80397.16,""size"":4.4e-07,""num_orders"":1},{""price"":80397.27,""size"":4.4e-07,""num_orders"":1},{""price"":80397.29,""size"":4.4e-07,""num_orders"":1}]"
btc_usd_d10_20260920T055716Z,52,2026-09-20T06:49:16.172106Z,2026-09-20T06:49:16.172218Z,BTC-USD,10,ok,,136402818169,2026-09-20T06:49:14.303671343Z,0.69258047,0.6760024,0.012113311049,80384.75,80386.619999999995,80385.684999999998,1.869999999995,0.232628483541,"[{""price"":80384.75,""size"":0.02002905,""num_orders"":3},{""price"":80384.59,""size"":0.0074668,""num_orders"":1},{""price"":80383.26,""size"":0.10402144,""num_orders"":1},{""price"":80383.25,""size"":0.09952321,""num_orders"":1},{""price"":80383.14,""size"":0.02488084,""num_orders"":2},{""price"":80381.81,""size"":0.07471706,""num_orders"":1},{""price"":80379.14,""size"":0.19818525,""num_orders"":1},{""price"":80379.13,""size"":0.07471706,""num_orders"":1},{""price"":80377.5,""size"":0.0143227,""num_orders"":4},{""price"":80376.44,""size"":0.07471706,""num_orders"":1}]","[{""price"":80386.62,""size"":0.03,""num_orders"":1},{""price"":80386.64,""size"":0.03,""num_orders"":1},{""price"":80387.62,""size"":0.07471706,""num_orders"":1},{""price"":80389.6,""size"":0.1096,""num_orders"":1},{""price"":80390.6,""size"":0.07471706,""num_orders"":1},{""price"":80391.43,""size"":0.09951309,""num_orders"":1},{""price"":80392.0,""size"":0.10351825,""num_orders"":2},{""price"":80392.48,""size"":0.00717988,""num_orders"":1},{""price"":80393.78,""size"":0.07471706,""num_orders"":1},{""price"":80394.52,""size"":0.07204,""num_orders"":1}]"
btc_usd_d10_20260920T055716Z,53,2026-09-20T06:50:16.172106Z,2026-09-20T06:50:16.172243Z,BTC-USD,10,ok,,136402844791,2026-09-20T06:50:15.538218698Z,0.42448959,0.28828626,0.191088586966,80365.199999999997,80365.210000000006,80365.205000000002,0.010000000009,0.001244319604,"[{""price"":80365.2,""size"":0.0311263,""num_orders"":7},{""price"":80365.19,""size"":0.00024885,""num_orders"":1},{""price"":80365.18,""size"":0.00028619,""num_orders"":1},{""price"":80364.5,""size"":0.07471706,""num_orders"":1},{""price"":80364.48,""size"":0.09954645,""num_orders"":1},{""price"":80363.22,""size"":0.024887,""num_orders"":2},{""price"":80363.19,""size"":0.00746591,""num_orders"":1},{""price"":80361.44,""size"":0.07471706,""num_orders"":1},{""price"":80360.48,""size"":0.00933239,""num_orders"":1},{""price"":80358.99,""size"":0.10216238,""num_orders"":1}]","[{""price"":80365.21,""size"":0.0146666,""num_orders"":2},{""price"":80366.81,""size"":0.02435715,""num_orders"":1},{""price"":80366.82,""size"":0.0248859,""num_orders"":2},{""price"":80367.22,""size"":0.00746591,""num_orders"":1},{""price"":80368.43,""size"":0.07975916,""num_orders"":2},{""price"":80368.44,""size"":0.00844743,""num_orders"":1},{""price"":80369.56,""size"":0.00933243,""num_orders"":1},{""price"":80370.0,""size"":0.01,""num_orders"":1},{""price"":80371.07,""size"":0.009834,""num_orders"":1},{""price"":80371.58,""size"":0.09953768,""num_orders"":1}]"
btc_usd_d10_20260920T055716Z,54,2026-09-20T06:51:16.172106Z,2026-09-20T06:51:16.172239Z,BTC-USD,10,ok,,136402867862,2026-09-20T06:51:14.800351692Z,0.5856627,0.56303794,0.019695958383,80371.570000000007,80371.580000000002,80371.575000000012,0.009999999995,0.001244220982,"[{""price"":80371.57,""size"":0.15984891,""num_orders"":10},{""price"":80371.54,""size"":0.00016174,""num_orders"":1},{""price"":80371.53,""size"":0.00018601,""num_orders"":1},{""price"":80371.16,""size"":0.11936951,""num_orders"":1},{""price"":80371.15,""size"":0.0995382,""num_orders"":1},{""price"":80369.98,""size"":0.07471706,""num_orders"":1},{""price"":80369.96,""size"":0.02488492,""num_orders"":2},{""price"":80369.56,""size"":0.00746532,""num_orders"":1},{""price"":80367.66,""size"":0.0062181,""num_orders"":1},{""price"":80367.53,""size"":0.09327293,""num_orders"":1}]","[{""price"":80371.58,""size"":0.01123244,""num_orders"":2},{""price"":80373.19,""size"":0.02488392,""num_orders"":2},{""price"":80373.59,""size"":0.00746532,""num_orders"":1},{""price"":80376.3,""size"":0.00933165,""num_orders"":1},{""price"":80376.74,""size"":0.07471706,""num_orders"":1},{""price"":80378.5,""size"":0.00521504,""num_orders"":1},{""price"":80379.15,""size"":0.15418973,""num_orders"":2},{""price"":80379.16,""size"":0.07471706,""num_orders"":1},{""price"":80379.69,""size"":0.10175811,""num_orders"":1},{""price"":80379.7,""size"":0.09952761,""num_orders"":1}]"
btc_usd_d10_20260920T055716Z,55,2026-09-20T06:52:16.172106Z,2026-09-20T06:52:16.172245Z,BTC-USD,10,ok,,136402889026,2026-09-20T06:52:16.018484247Z,0.1796095,0.39570696,-0.375614944165,80356.5,80356.509999999995,80356.505000000005,0.009999999995,0.001244454322,"[{""price"":80356.5,""size"":0.01211765,""num_orders"":3},{""price"":80356.47,""size"":0.00011138,""num_orders"":1},{""price"":80356.46,""size"":0.00012809,""num_orders"":1},{""price"":80355.47,""size"":0.00124393,""num_orders"":1},{""price"":80355.46,""size"":0.00025909,""num_orders"":1},{""price"":80355.04,""size"":0.09955816,""num_orders"":1},{""price"":80354.89,""size"":0.02488958,""num_orders"":2},{""price"":80354.49,""size"":0.00746672,""num_orders"":1},{""price"":80354.0,""size"":0.02450138,""num_orders"":2},{""price"":80350.75,""size"":0.00933352,""num_orders"":1}]","[{""price"":80356.51,""size"":0.02115112,""num_orders"":1},{""price"":80357.07,""size"":0.04022825,""num_orders"":1},{""price"":80358.12,""size"":0.02488858,""num_orders"":2},{""price"":80358.18,""size"":0.03,""num_orders"":1},{""price"":80358.2,""size"":0.03,""num_orders"":1},{""price"":80358.42,""size"":0.00686166,""num_orders"":1},{""price"":80358.52,""size"":0.00746672,""num_orders"":1},{""price"":80359.16,""size"":0.00052233,""num_orders"":1},{""price"":80360.31,""size"":0.15987124,""num_orders"":1},{""price"":80360.32,""size"":0.07471706,""num_orders"":1}]"
btc_usd_d10_20260920T055716Z,56,2026-09-20T06:53:16.172106Z,2026-09-20T06:53:16.172245Z,BTC-USD,10,ok,,136402913082,2026-09-20T06:53:14.500208587Z,0.42076896,0.49190699,-0.077944455532,80340.149999999994,80340.160000000003,80340.154999999999,0.010000000009,0.001244707582,"[{""price"":80340.15,""size"":0.04771841,""num_orders"":3},{""price"":80338.7,""size"":0.00124417,""num_orders"":1},{""price"":80338.54,""size"":0.02489466,""num_orders"":2},{""price"":80337.76,""size"":0.11125052,""num_orders"":1},{""price"":80337.75,""size"":0.09957958,""num_orders"":1},{""price"":80337.66,""size"":0.01124365,""num_orders"":1},{""price"":80336.62,""size"":0.07471706,""num_orders"":1},{""price"":80335.5,""size"":1.4e-05,""num_orders"":1},{""price"":80334.89,""size"":0.04460608,""num_orders"":1},{""price"":80332.13,""size"":0.00550083,""num_orders"":1}]","[{""price"":80340.16,""size"":0.08383294,""num_orders"":2},{""price"":80341.08,""size"":0.0248919,""num_orders"":1},{""price"":80341.77,""size"":0.02489366,""num_orders"":2},{""price"":80342.17,""size"":0.00746824,""num_orders"":1},{""price"":80342.38,""size"":0.04460608,""num_orders"":1},{""price"":80343.37,""size"":0.07471706,""num_orders"":1},{""price"":80344.33,""size"":0.11328634,""num_orders"":2},{""price"":80344.86,""size"":0.009306,""num_orders"":1},{""price"":80344.88,""size"":0.0093353,""num_orders"":1},{""price"":80345.91,""size"":0.09956947,""num_orders"":1}]"
btc_usd_d10_20260920T055716Z,57,2026-09-20T06:54:16.172106Z,2026-09-20T06:54:16.172234Z,BTC-USD,10,ok,,136402943293,2026-09-20T06:54:13.534154051Z,0.66486262,0.94233964,-0.172645986697,80290.080000000002,80290.089999999997,80290.084999999992,0.009999999995,0.001245483797,"[{""price"":80290.08,""size"":0.04529989,""num_orders"":1},{""price"":80288.47,""size"":0.02491018,""num_orders"":2},{""price"":80288.06,""size"":0.09964121,""num_orders"":1},{""price"":80286.61,""size"":0.01061683,""num_orders"":1},{""price"":80286.28,""size"":0.07176945,""num_orders"":1},{""price"":80285.07,""size"":0.1096,""num_orders"":1},{""price"":80283.0,""size"":2.641e-05,""num_orders"":2},{""price"":80281.13,""size"":0.08689159,""num_orders"":1},{""price"":80281.12,""size"":0.14139,""num_orders"":2},{""price"":80280.97,""size"":0.07471706,""num_orders"":1}]","[{""price"":80290.09,""size"":0.07471706,""num_orders"":1},{""price"":80291.53,""size"":0.04460608,""num_orders"":1},{""price"":80291.7,""size"":0.02490918,""num_orders"":2},{""price"":80292.54,""size"":0.07471706,""num_orders"":1},{""price"":80295.68,""size"":0.14506608,""num_orders"":2},{""price"":80295.71,""size"":0.07471706,""num_orders"":1},{""price"":80298.16,""size"":0.09962869,""num_orders"":1},{""price"":80299.1,""size"":0.07471706,""num_orders"":1},{""price"":80299.56,""size"":0.21966137,""num_orders"":1},{""price"":80299.57,""size"":0.1096,""num_orders"":1}]"
btc_usd_d10_20260920T055716Z,58,2026-09-20T06:55:16.172106Z,2026-09-20T06:55:16.172237Z,BTC-USD,10,ok,,136402981749,2026-09-20T06:55:16.024826453Z,0.61378731,0.63337879,-0.01570879773,80262.050000000003,80262.059999999998,80262.054999999993,0.009999999995,0.001245918759,"[{""price"":80262.05,""size"":0.01679855,""num_orders"":3},{""price"":80260.44,""size"":0.02491888,""num_orders"":2},{""price"":80260.4,""size"":0.01660944,""num_orders"":2},{""price"":80258.72,""size"":0.04460608,""num_orders"":1},{""price"":80258.62,""size"":0.09967775,""num_orders"":1},{""price"":80253.58,""size"":0.1946798,""num_orders"":1},{""price"":80253.57,""size"":0.07471706,""num_orders"":1},{""price"":80252.77,""size"":0.14111,""num_orders"":2},{""price"":80251.98,""size"":0.00031151,""num_orders"":1},{""price"":80251.97,""size"":0.00035824,""num_orders"":1}]","[{""price"":80262.06,""size"":0.12787093,""num_orders"":5},{""price"":80262.57,""size"":0.00060785,""num_orders"":1},{""price"":80263.0,""size"":0.18874471,""num_orders"":1},{""price"":80263.01,""size"":0.07471706,""num_orders"":1},{""price"":80263.02,""size"":0.02491861,""num_orders"":1},{""price"":80263.67,""size"":0.02491788,""num_orders"":2},{""price"":80264.39,""size"":0.00721533,""num_orders"":1},{""price"":80265.0,""size"":0.01,""num_orders"":1},{""price"":80265.39,""size"":0.09966936,""num_orders"":1},{""price"":80265.42,""size"":0.07471706,""num_orders"":1}]"
btc_usd_d10_20260920T055716Z,59,2026-09-20T06:56:16.172106Z,2026-09-20T06:56:16.172234Z,BTC-USD,10,ok,,136403026895,2026-09-20T06:56:14.536473420Z,0.44376319,0.27110356,0.241527011852,80203.360000000001,80203.369999999995,80203.364999999991,0.009999999995,0.001246830478,"[{""price"":80203.36,""size"":0.03030618,""num_orders"":5},{""price"":80203.35,""size"":0.00035846,""num_orders"":1},{""price"":80201.35,""size"":0.00748098,""num_orders"":1},{""price"":80200.7,""size"":0.09974974,""num_orders"":1},{""price"":80200.69,""size"":0.00124632,""num_orders"":1},{""price"":80200.28,""size"":0.01500092,""num_orders"":1},{""price"":80198.65,""size"":0.00935122,""num_orders"":1},{""price"":80198.45,""size"":0.00012057,""num_orders"":1},{""price"":80194.36,""size"":0.04236113,""num_orders"":1},{""price"":80194.23,""size"":0.23778767,""num_orders"":2}]","[{""price"":80203.37,""size"":0.11916344,""num_orders"":3},{""price"":80203.59,""size"":4.4e-07,""num_orders"":1},{""price"":80203.6,""size"":4.4e-07,""num_orders"":1},{""price"":80203.61,""size"":4.4e-07,""num_orders"":1},{""price"":80204.26,""size"":0.10752557,""num_orders"":2},{""price"":80204.27,""size"":0.02493835,""num_orders"":1},{""price"":80205.0,""size"":0.01,""num_orders"":1},{""price"":80205.55,""size"":0.009474,""num_orders"":1},{""price"":80206.01,""size"":4.4e-07,""num_orders"":1},{""price"":80206.02,""size"":4.4e-07,""num_orders"":1}]"
